Applicability,Service,Reporting period,Category of illegal content,"Description of the sub-category ""Other""",Scope,Number of orders to act against illegal content received,Number of specific items of information included in the total number of orders to act against illegal content,Median time to inform the authority of the receipt of the order to act against illegal content,Median time to give effect to the order to act against illegal content,Number of orders to provide information,Median time to inform the authority of the receipt of the order to provide information,Median time to give effect to the order to provide information,Contextual information on number of orders to act against illegal content received,Contextual information on number of specific items of information included in the total number of orders to act against illegal content,Contextual information on Median time to inform the authority of the receipt of the order to act against illegal content,Contextual information on Median time to give effect to the order to act against illegal content,Contextual information on Number of orders to provide information,Contextual information on Median time to inform the authority of the receipt of the order to provide information,Contextual information on Median time to give effect to the order to provide information
All,Manufacturer Center,2025-07-01/2025-12-31,TOTAL,,TOTAL,0,,,,0,,,,,,,,,
All,Manufacturer Center,2025-07-01/2025-12-31,STATEMENT_CATEGORY_ANIMAL_WELFARE,,TOTAL,,,,,,,,,,,,,,
All,Manufacturer Center,2025-07-01/2025-12-31,KEYWORD_ANIMAL_HARM,,TOTAL,,,,,,,,,,,,,,
All,Manufacturer Center,2025-07-01/2025-12-31,KEYWORD_UNLAWFUL_SALE_ANIMALS,,TOTAL,,,,,,,,,,,,,,
All,Manufacturer Center,2025-07-01/2025-12-31,KEYWORD_OTHER,ANIMAL_CRUELTY,TOTAL,,,,,,,,,,,,,,
All,Manufacturer Center,2025-07-01/2025-12-31,KEYWORD_OTHER,ANIMAL_HARM_AND_UNLAWFUL_SALE,TOTAL,,,,,,,,,,,,,,
All,Manufacturer Center,2025-07-01/2025-12-31,STATEMENT_CATEGORY_CONSUMER_INFORMATION,,TOTAL,,,,,,,,,,,,,,
All,Manufacturer Center,2025-07-01/2025-12-31,KEYWORD_HIDDEN_ADVERTISEMENT,,TOTAL,,,,,,,,,,,,,,
All,Manufacturer Center,2025-07-01/2025-12-31,KEYWORD_INSUFFICIENT_INFORMATION_ON_TRADERS,,TOTAL,,,,,,,,,,,,,,
All,Manufacturer Center,2025-07-01/2025-12-31,KEYWORD_MISLEADING_INFO_GOODS_SERVICES,,TOTAL,,,,,,,,,,,,,,
All,Manufacturer Center,2025-07-01/2025-12-31,KEYWORD_MISLEADING_INFO_CONSUMER_RIGHTS,,TOTAL,,,,,,,,,,,,,,
All,Manufacturer Center,2025-07-01/2025-12-31,KEYWORD_NONCOMPLIANCE_PRICING,,TOTAL,,,,,,,,,,,,,,
All,Manufacturer Center,2025-07-01/2025-12-31,KEYWORD_OTHER,CONSUMER_PROTECTION,TOTAL,,,,,,,,,,,,,,
All,Manufacturer Center,2025-07-01/2025-12-31,KEYWORD_OTHER,MISREPRESENTATION,TOTAL,,,,,,,,,,,,,,
All,Manufacturer Center,2025-07-01/2025-12-31,STATEMENT_CATEGORY_CYBER_VIOLENCE,,TOTAL,,,,,,,,,,,,,,
All,Manufacturer Center,2025-07-01/2025-12-31,KEYWORD_CYBER_BULLYING_INTIMIDATION,,TOTAL,,,,,,,,,,,,,,
All,Manufacturer Center,2025-07-01/2025-12-31,KEYWORD_CYBER_HARASSMENT,,TOTAL,,,,,,,,,,,,,,
All,Manufacturer Center,2025-07-01/2025-12-31,KEYWORD_CYBER_INCITEMENT,,TOTAL,,,,,,,,,,,,,,
All,Manufacturer Center,2025-07-01/2025-12-31,KEYWORD_CYBER_STALKING,,TOTAL,,,,,,,,,,,,,,
All,Manufacturer Center,2025-07-01/2025-12-31,KEYWORD_NON_CONSENSUAL_IMAGE_SHARING,,TOTAL,,,,,,,,,,,,,,
All,Manufacturer Center,2025-07-01/2025-12-31,KEYWORD_NON_CONSENSUAL_MATERIAL_DEEPFAKE,,TOTAL,,,,,,,,,,,,,,
All,Manufacturer Center,2025-07-01/2025-12-31,KEYWORD_OTHER,DOXING,TOTAL,,,,,,,,,,,,,,
All,Manufacturer Center,2025-07-01/2025-12-31,KEYWORD_OTHER,HARASSMENT,TOTAL,,,,,,,,,,,,,,
All,Manufacturer Center,2025-07-01/2025-12-31,KEYWORD_OTHER,HARASSMENT_AND_CYBERBULLYING,TOTAL,,,,,,,,,,,,,,
All,Manufacturer Center,2025-07-01/2025-12-31,KEYWORD_OTHER,HARMFUL_ACTIVITIES,TOTAL,,,,,,,,,,,,,,
All,Manufacturer Center,2025-07-01/2025-12-31,KEYWORD_OTHER,SEXUAL_HARASSMENT,TOTAL,,,,,,,,,,,,,,
All,Manufacturer Center,2025-07-01/2025-12-31,KEYWORD_OTHER,OBSCENITY_OR_PORNOGRAPHY,TOTAL,,,,,,,,,,,,,,
All,Manufacturer Center,2025-07-01/2025-12-31,KEYWORD_OTHER,UNSAFE_CONTENT,TOTAL,,,,,,,,,,,,,,
All,Manufacturer Center,2025-07-01/2025-12-31,STATEMENT_CATEGORY_CYBER_VIOLENCE_AGAINST_WOMEN,,TOTAL,,,,,,,,,,,,,,
All,Manufacturer Center,2025-07-01/2025-12-31,KEYWORD_BULLYING_AGAINST_GIRLS,,TOTAL,,,,,,,,,,,,,,
All,Manufacturer Center,2025-07-01/2025-12-31,KEYWORD_CYBER_HARASSMENT_AGAINST_WOMEN,,TOTAL,,,,,,,,,,,,,,
All,Manufacturer Center,2025-07-01/2025-12-31,KEYWORD_CYBER_STALKING_AGAINST_WOMEN,,TOTAL,,,,,,,,,,,,,,
All,Manufacturer Center,2025-07-01/2025-12-31,KEYWORD_FEMALE_GENDERED_DISINFORMATION,,TOTAL,,,,,,,,,,,,,,
All,Manufacturer Center,2025-07-01/2025-12-31,KEYWORD_INCITEMENT_AGAINST_WOMEN,,TOTAL,,,,,,,,,,,,,,
All,Manufacturer Center,2025-07-01/2025-12-31,KEYWORD_NON_CONSENSUAL_IMAGE_SHARING_AGAINST_WOMEN,,TOTAL,,,,,,,,,,,,,,
All,Manufacturer Center,2025-07-01/2025-12-31,KEYWORD_NON_CONSENSUAL_MATERIAL_DEEPFAKE_AGAINST_WOMEN,,TOTAL,,,,,,,,,,,,,,
All,Manufacturer Center,2025-07-01/2025-12-31,KEYWORD_OTHER,"Text to detail the ""Other"" keyword.",TOTAL,,,,,,,,,,,,,,
All,Manufacturer Center,2025-07-01/2025-12-31,STATEMENT_CATEGORY_DATA_PROTECTION_AND_PRIVACY_VIOLATIONS,,TOTAL,,,,,,,,,,,,,,
All,Manufacturer Center,2025-07-01/2025-12-31,KEYWORD_BIOMETRIC_DATA_BREACH,,TOTAL,,,,,,,,,,,,,,
All,Manufacturer Center,2025-07-01/2025-12-31,KEYWORD_DATA_FALSIFICATION,,TOTAL,,,,,,,,,,,,,,
All,Manufacturer Center,2025-07-01/2025-12-31,KEYWORD_MISSING_PROCESSING_GROUND,,TOTAL,,,,,,,,,,,,,,
All,Manufacturer Center,2025-07-01/2025-12-31,KEYWORD_RIGHT_TO_BE_FORGOTTEN,,TOTAL,,,,,,,,,,,,,,
All,Manufacturer Center,2025-07-01/2025-12-31,KEYWORD_OTHER,DATA_COLLECTION_AND_USE,TOTAL,,,,,,,,,,,,,,
All,Manufacturer Center,2025-07-01/2025-12-31,KEYWORD_OTHER,DISCLOSURE_AND_CONSENT_PRACTICES,TOTAL,,,,,,,,,,,,,,
All,Manufacturer Center,2025-07-01/2025-12-31,KEYWORD_OTHER,GDPR,TOTAL,,,,,,,,,,,,,,
All,Manufacturer Center,2025-07-01/2025-12-31,KEYWORD_OTHER,PERSONAL_INFORMATION,TOTAL,,,,,,,,,,,,,,
All,Manufacturer Center,2025-07-01/2025-12-31,KEYWORD_OTHER,PERSONAL_RIGHTS,TOTAL,,,,,,,,,,,,,,
All,Manufacturer Center,2025-07-01/2025-12-31,KEYWORD_OTHER,PERSONALIZED_ADVERTISING,TOTAL,,,,,,,,,,,,,,
All,Manufacturer Center,2025-07-01/2025-12-31,KEYWORD_OTHER,PRIVACY,TOTAL,,,,,,,,,,,,,,
All,Manufacturer Center,2025-07-01/2025-12-31,KEYWORD_OTHER,PRIVACY_POLICY,TOTAL,,,,,,,,,,,,,,
All,Manufacturer Center,2025-07-01/2025-12-31,KEYWORD_OTHER,UNSECURE_DATA_HANDLING,TOTAL,,,,,,,,,,,,,,
All,Manufacturer Center,2025-07-01/2025-12-31,STATEMENT_CATEGORY_ILLEGAL_OR_HARMFUL_SPEECH,,TOTAL,,,,,,,,,,,,,,
All,Manufacturer Center,2025-07-01/2025-12-31,KEYWORD_DEFAMATION,,TOTAL,,,,,,,,,,,,,,
All,Manufacturer Center,2025-07-01/2025-12-31,KEYWORD_DISCRIMINATION,,TOTAL,,,,,,,,,,,,,,
All,Manufacturer Center,2025-07-01/2025-12-31,KEYWORD_HATE_SPEECH,,TOTAL,,,,,,,,,,,,,,
All,Manufacturer Center,2025-07-01/2025-12-31,KEYWORD_OTHER,HATEFUL_OR_ABUSIVE,TOTAL,,,,,,,,,,,,,,
All,Manufacturer Center,2025-07-01/2025-12-31,KEYWORD_OTHER,ILLEGAL_OR_HARMFUL_SPEECH,TOTAL,,,,,,,,,,,,,,
All,Manufacturer Center,2025-07-01/2025-12-31,KEYWORD_OTHER,OBSCENITY_AND_PROFANITY,TOTAL,,,,,,,,,,,,,,
All,Manufacturer Center,2025-07-01/2025-12-31,KEYWORD_OTHER,OFFENSIVE_CONTENT,TOTAL,,,,,,,,,,,,,,
All,Manufacturer Center,2025-07-01/2025-12-31,KEYWORD_OTHER,UNSAFE_CONTENT,TOTAL,,,,,,,,,,,,,,
All,Manufacturer Center,2025-07-01/2025-12-31,STATEMENT_CATEGORY_INTELLECTUAL_PROPERTY_INFRINGEMENTS,,TOTAL,,,,,,,,,,,,,,
All,Manufacturer Center,2025-07-01/2025-12-31,KEYWORD_COPYRIGHT_INFRINGEMENT,,TOTAL,,,,,,,,,,,,,,
All,Manufacturer Center,2025-07-01/2025-12-31,KEYWORD_DESIGN_INFRINGEMENT,,TOTAL,,,,,,,,,,,,,,
All,Manufacturer Center,2025-07-01/2025-12-31,KEYWORD_GEOGRAPHIC_INDICATIONS_INFRINGEMENT,,TOTAL,,,,,,,,,,,,,,
All,Manufacturer Center,2025-07-01/2025-12-31,KEYWORD_PATENT_INFRINGEMENT,,TOTAL,,,,,,,,,,,,,,
All,Manufacturer Center,2025-07-01/2025-12-31,KEYWORD_TRADE_SECRET_INFRINGEMENT,,TOTAL,,,,,,,,,,,,,,
All,Manufacturer Center,2025-07-01/2025-12-31,KEYWORD_TRADEMARK_INFRINGEMENT,,TOTAL,,,,,,,,,,,,,,
All,Manufacturer Center,2025-07-01/2025-12-31,KEYWORD_OTHER,CIRCUMVENTION,TOTAL,,,,,,,,,,,,,,
All,Manufacturer Center,2025-07-01/2025-12-31,KEYWORD_OTHER,INTELLECTUAL PROPERTY,TOTAL,,,,,,,,,,,,,,
All,Manufacturer Center,2025-07-01/2025-12-31,STATEMENT_CATEGORY_NEGATIVE_EFFECTS_ON_CIVIC_DISCOURSE_OR_ELECTIONS,,TOTAL,,,,,,,,,,,,,,
All,Manufacturer Center,2025-07-01/2025-12-31,KEYWORD_MISINFORMATION_DISINFORMATION,,TOTAL,,,,,,,,,,,,,,
All,Manufacturer Center,2025-07-01/2025-12-31,KEYWORD_VIOLATION_EU_LAW,,TOTAL,,,,,,,,,,,,,,
All,Manufacturer Center,2025-07-01/2025-12-31,KEYWORD_VIOLATION_NATIONAL_LAW,,TOTAL,,,,,,,,,,,,,,
All,Manufacturer Center,2025-07-01/2025-12-31,KEYWORD_OTHER,ELECTORAL,TOTAL,,,,,,,,,,,,,,
All,Manufacturer Center,2025-07-01/2025-12-31,KEYWORD_OTHER,HACKED_POLITICAL_MATERIALS,TOTAL,,,,,,,,,,,,,,
All,Manufacturer Center,2025-07-01/2025-12-31,KEYWORD_OTHER,POLITICAL_CONTENT,TOTAL,,,,,,,,,,,,,,
All,Manufacturer Center,2025-07-01/2025-12-31,KEYWORD_OTHER,SOCIAL_STABILITY,TOTAL,,,,,,,,,,,,,,
All,Manufacturer Center,2025-07-01/2025-12-31,KEYWORD_OTHER,SOCIETAL_VALUES,TOTAL,,,,,,,,,,,,,,
All,Manufacturer Center,2025-07-01/2025-12-31,STATEMENT_CATEGORY_PROTECTION_OF_MINORS,,TOTAL,,,,,,,,,,,,,,
All,Manufacturer Center,2025-07-01/2025-12-31,KEYWORD_AGE_SPECIFIC_RESTRICTIONS_MINORS,,TOTAL,,,,,,,,,,,,,,
All,Manufacturer Center,2025-07-01/2025-12-31,KEYWORD_CHILD_SEXUAL_ABUSE_MATERIAL,,TOTAL,,,,,,,,,,,,,,
All,Manufacturer Center,2025-07-01/2025-12-31,KEYWORD_CHILD_SEXUAL_ABUSE_MATERIAL_DEEPFAKE,,TOTAL,,,,,,,,,,,,,,
All,Manufacturer Center,2025-07-01/2025-12-31,KEYWORD_GROOMING_SEXUAL_ENTICEMENT_MINORS,,TOTAL,,,,,,,,,,,,,,
All,Manufacturer Center,2025-07-01/2025-12-31,KEYWORD_UNSAFE_CHALLENGES,,TOTAL,,,,,,,,,,,,,,
All,Manufacturer Center,2025-07-01/2025-12-31,KEYWORD_OTHER,CHILD_ENDANGERMENT,TOTAL,,,,,,,,,,,,,,
All,Manufacturer Center,2025-07-01/2025-12-31,KEYWORD_OTHER,CHILD_SAFETY,TOTAL,,,,,,,,,,,,,,
All,Manufacturer Center,2025-07-01/2025-12-31,KEYWORD_OTHER,HARMFUL_OR_DANGEROUS_ACTS_CHALLENGES_AND_PRANKS,TOTAL,,,,,,,,,,,,,,
All,Manufacturer Center,2025-07-01/2025-12-31,KEYWORD_OTHER,KNOWN_SERIES,TOTAL,,,,,,,,,,,,,,
All,Manufacturer Center,2025-07-01/2025-12-31,KEYWORD_OTHER,PROTECTION_OF_MINORS,TOTAL,,,,,,,,,,,,,,
All,Manufacturer Center,2025-07-01/2025-12-31,KEYWORD_OTHER,UNAUTHORIZED_IMAGE_OF_MINORS,TOTAL,,,,,,,,,,,,,,
All,Manufacturer Center,2025-07-01/2025-12-31,STATEMENT_CATEGORY_RISK_FOR_PUBLIC_SECURITY,,TOTAL,,,,,,,,,,,,,,
All,Manufacturer Center,2025-07-01/2025-12-31,KEYWORD_ILLEGAL_ORGANIZATIONS,,TOTAL,,,,,,,,,,,,,,
All,Manufacturer Center,2025-07-01/2025-12-31,KEYWORD_RISK_ENVIRONMENTAL_DAMAGE,,TOTAL,,,,,,,,,,,,,,
All,Manufacturer Center,2025-07-01/2025-12-31,KEYWORD_RISK_PUBLIC_HEALTH,,TOTAL,,,,,,,,,,,,,,
All,Manufacturer Center,2025-07-01/2025-12-31,KEYWORD_TERRORIST_CONTENT,,TOTAL,,,,,,,,,,,,,,
All,Manufacturer Center,2025-07-01/2025-12-31,KEYWORD_OTHER,COURT_ORDER,TOTAL,,,,,,,,,,,,,,
All,Manufacturer Center,2025-07-01/2025-12-31,KEYWORD_OTHER,RISK_FOR_PUBLIC_SECURITY,TOTAL,,,,,,,,,,,,,,
All,Manufacturer Center,2025-07-01/2025-12-31,KEYWORD_OTHER,SENSITIVE_EVENTS,TOTAL,,,,,,,,,,,,,,
All,Manufacturer Center,2025-07-01/2025-12-31,KEYWORD_OTHER,VIOLENT_EXTREMISM,TOTAL,,,,,,,,,,,,,,
All,Manufacturer Center,2025-07-01/2025-12-31,KEYWORD_OTHER,WRONGFUL_OR_UNAUTHORIZED_USE_OF_SYMBOLS,TOTAL,,,,,,,,,,,,,,
All,Manufacturer Center,2025-07-01/2025-12-31,STATEMENT_CATEGORY_SCAMS_AND_FRAUD,,TOTAL,,,,,,,,,,,,,,
All,Manufacturer Center,2025-07-01/2025-12-31,KEYWORD_IMPERSONATION_ACCOUNT_HIJACKING,,TOTAL,,,,,,,,,,,,,,
All,Manufacturer Center,2025-07-01/2025-12-31,KEYWORD_INAUTHENTIC_ACCOUNTS,,TOTAL,,,,,,,,,,,,,,
All,Manufacturer Center,2025-07-01/2025-12-31,KEYWORD_INAUTHENTIC_LISTINGS,,TOTAL,,,,,,,,,,,,,,
All,Manufacturer Center,2025-07-01/2025-12-31,KEYWORD_INAUTHENTIC_USER_REVIEWS,,TOTAL,,,,,,,,,,,,,,
All,Manufacturer Center,2025-07-01/2025-12-31,KEYWORD_PHISHING,,TOTAL,,,,,,,,,,,,,,
All,Manufacturer Center,2025-07-01/2025-12-31,KEYWORD_PYRAMID_SCHEMES,,TOTAL,,,,,,,,,,,,,,
All,Manufacturer Center,2025-07-01/2025-12-31,KEYWORD_OTHER,AD_FRAUD_POLICY,TOTAL,,,,,,,,,,,,,,
All,Manufacturer Center,2025-07-01/2025-12-31,KEYWORD_OTHER,ENCOURAGEMENT_OF_DIGITAL_SECURITY_OR_TERMS_OF_SERVICE_VIOLATIONS,TOTAL,,,,,,,,,,,,,,
All,Manufacturer Center,2025-07-01/2025-12-31,KEYWORD_OTHER,FRAUD,TOTAL,,,,,,,,,,,,,,
All,Manufacturer Center,2025-07-01/2025-12-31,KEYWORD_OTHER,MALWARE,TOTAL,,,,,,,,,,,,,,
All,Manufacturer Center,2025-07-01/2025-12-31,KEYWORD_OTHER,MALWARE_AND_PHISHING,TOTAL,,,,,,,,,,,,,,
All,Manufacturer Center,2025-07-01/2025-12-31,KEYWORD_OTHER,MALWARE_AND_SYSTEM_CIRCUMVENTION,TOTAL,,,,,,,,,,,,,,
All,Manufacturer Center,2025-07-01/2025-12-31,KEYWORD_OTHER,MISREPRESENTATION,TOTAL,,,,,,,,,,,,,,
All,Manufacturer Center,2025-07-01/2025-12-31,KEYWORD_OTHER,SCAMS,TOTAL,,,,,,,,,,,,,,
All,Manufacturer Center,2025-07-01/2025-12-31,KEYWORD_OTHER,SOCIAL_ENGINEERING_TACTICS,TOTAL,,,,,,,,,,,,,,
All,Manufacturer Center,2025-07-01/2025-12-31,STATEMENT_CATEGORY_SELF_HARM,,TOTAL,,,,,,,,,,,,,,
All,Manufacturer Center,2025-07-01/2025-12-31,KEYWORD_CONTENT_PROMOTING_EATING_DISORDERS,,TOTAL,,,,,,,,,,,,,,
All,Manufacturer Center,2025-07-01/2025-12-31,KEYWORD_SELF_MUTILATION,,TOTAL,,,,,,,,,,,,,,
All,Manufacturer Center,2025-07-01/2025-12-31,KEYWORD_SUICIDE,,TOTAL,,,,,,,,,,,,,,
All,Manufacturer Center,2025-07-01/2025-12-31,KEYWORD_OTHER,SELF_HARM,TOTAL,,,,,,,,,,,,,,
All,Manufacturer Center,2025-07-01/2025-12-31,KEYWORD_OTHER,SUICIDE_AND_SELF_HARM,TOTAL,,,,,,,,,,,,,,
All,Manufacturer Center,2025-07-01/2025-12-31,STATEMENT_CATEGORY_UNSAFE_AND_PROHIBITED_PRODUCTS,,TOTAL,,,,,,,,,,,,,,
All,Manufacturer Center,2025-07-01/2025-12-31,KEYWORD_PROHIBITED_PRODUCTS,,TOTAL,,,,,,,,,,,,,,
All,Manufacturer Center,2025-07-01/2025-12-31,KEYWORD_UNSAFE_PRODUCTS,,TOTAL,,,,,,,,,,,,,,
All,Manufacturer Center,2025-07-01/2025-12-31,KEYWORD_OTHER,COURT_ORDER,TOTAL,,,,,,,,,,,,,,
All,Manufacturer Center,2025-07-01/2025-12-31,KEYWORD_OTHER,ENABLING_DISHONEST_BEHAVIOR,TOTAL,,,,,,,,,,,,,,
All,Manufacturer Center,2025-07-01/2025-12-31,KEYWORD_OTHER,FIREARMS_AND_ILLEGAL_REGULATED_GOODS_OR_SERVICES,TOTAL,,,,,,,,,,,,,,
All,Manufacturer Center,2025-07-01/2025-12-31,KEYWORD_OTHER,OTHER_LEGAL_NOTICES_OR_ORDERS,TOTAL,,,,,,,,,,,,,,
All,Manufacturer Center,2025-07-01/2025-12-31,KEYWORD_OTHER,UNAUTHORIZED_PHARMACIES,TOTAL,,,,,,,,,,,,,,
All,Manufacturer Center,2025-07-01/2025-12-31,STATEMENT_CATEGORY_VIOLENCE,,TOTAL,,,,,,,,,,,,,,
All,Manufacturer Center,2025-07-01/2025-12-31,KEYWORD_COORDINATED_HARM,,TOTAL,,,,,,,,,,,,,,
All,Manufacturer Center,2025-07-01/2025-12-31,KEYWORD_INCITEMENT_VIOLENCE_HATRED,,TOTAL,,,,,,,,,,,,,,
All,Manufacturer Center,2025-07-01/2025-12-31,KEYWORD_HUMAN_EXPLOITATION,,TOTAL,,,,,,,,,,,,,,
All,Manufacturer Center,2025-07-01/2025-12-31,KEYWORD_HUMAN_TRAFFICKING,,TOTAL,,,,,,,,,,,,,,
All,Manufacturer Center,2025-07-01/2025-12-31,KEYWORD_TRAFFICKING_WOMEN_GIRLS,,TOTAL,,,,,,,,,,,,,,
All,Manufacturer Center,2025-07-01/2025-12-31,KEYWORD_OTHER,DEPICTION_OF VIOLENCE,TOTAL,,,,,,,,,,,,,,
All,Manufacturer Center,2025-07-01/2025-12-31,KEYWORD_OTHER,SHOCKING_CONTENT,TOTAL,,,,,,,,,,,,,,
All,Manufacturer Center,2025-07-01/2025-12-31,KEYWORD_OTHER,VIOLENT_OR_GRAPHIC_CONTENT,TOTAL,,,,,,,,,,,,,,
All,Manufacturer Center,2025-07-01/2025-12-31,STATEMENT_CATEGORY_NOT_SPECIFIED_ORDER,,TOTAL,,,,,,,,,,,,,,
All,Manufacturer Center,2025-07-01/2025-12-31,TOTAL,,AT,,,,,,,,,,,,,,
All,Manufacturer Center,2025-07-01/2025-12-31,STATEMENT_CATEGORY_ANIMAL_WELFARE,,AT,,,,,,,,,,,,,,
All,Manufacturer Center,2025-07-01/2025-12-31,KEYWORD_ANIMAL_HARM,,AT,,,,,,,,,,,,,,
All,Manufacturer Center,2025-07-01/2025-12-31,KEYWORD_UNLAWFUL_SALE_ANIMALS,,AT,,,,,,,,,,,,,,
All,Manufacturer Center,2025-07-01/2025-12-31,KEYWORD_OTHER,ANIMAL_CRUELTY,AT,,,,,,,,,,,,,,
All,Manufacturer Center,2025-07-01/2025-12-31,KEYWORD_OTHER,ANIMAL_HARM_AND_UNLAWFUL_SALE,AT,,,,,,,,,,,,,,
All,Manufacturer Center,2025-07-01/2025-12-31,STATEMENT_CATEGORY_CONSUMER_INFORMATION,,AT,,,,,,,,,,,,,,
All,Manufacturer Center,2025-07-01/2025-12-31,KEYWORD_HIDDEN_ADVERTISEMENT,,AT,,,,,,,,,,,,,,
All,Manufacturer Center,2025-07-01/2025-12-31,KEYWORD_INSUFFICIENT_INFORMATION_ON_TRADERS,,AT,,,,,,,,,,,,,,
All,Manufacturer Center,2025-07-01/2025-12-31,KEYWORD_MISLEADING_INFO_GOODS_SERVICES,,AT,,,,,,,,,,,,,,
All,Manufacturer Center,2025-07-01/2025-12-31,KEYWORD_MISLEADING_INFO_CONSUMER_RIGHTS,,AT,,,,,,,,,,,,,,
All,Manufacturer Center,2025-07-01/2025-12-31,KEYWORD_NONCOMPLIANCE_PRICING,,AT,,,,,,,,,,,,,,
All,Manufacturer Center,2025-07-01/2025-12-31,KEYWORD_OTHER,CONSUMER_PROTECTION,AT,,,,,,,,,,,,,,
All,Manufacturer Center,2025-07-01/2025-12-31,KEYWORD_OTHER,MISREPRESENTATION,AT,,,,,,,,,,,,,,
All,Manufacturer Center,2025-07-01/2025-12-31,STATEMENT_CATEGORY_CYBER_VIOLENCE,,AT,,,,,,,,,,,,,,
All,Manufacturer Center,2025-07-01/2025-12-31,KEYWORD_CYBER_BULLYING_INTIMIDATION,,AT,,,,,,,,,,,,,,
All,Manufacturer Center,2025-07-01/2025-12-31,KEYWORD_CYBER_HARASSMENT,,AT,,,,,,,,,,,,,,
All,Manufacturer Center,2025-07-01/2025-12-31,KEYWORD_CYBER_INCITEMENT,,AT,,,,,,,,,,,,,,
All,Manufacturer Center,2025-07-01/2025-12-31,KEYWORD_CYBER_STALKING,,AT,,,,,,,,,,,,,,
All,Manufacturer Center,2025-07-01/2025-12-31,KEYWORD_NON_CONSENSUAL_IMAGE_SHARING,,AT,,,,,,,,,,,,,,
All,Manufacturer Center,2025-07-01/2025-12-31,KEYWORD_NON_CONSENSUAL_MATERIAL_DEEPFAKE,,AT,,,,,,,,,,,,,,
All,Manufacturer Center,2025-07-01/2025-12-31,KEYWORD_OTHER,DOXING,AT,,,,,,,,,,,,,,
All,Manufacturer Center,2025-07-01/2025-12-31,KEYWORD_OTHER,HARASSMENT,AT,,,,,,,,,,,,,,
All,Manufacturer Center,2025-07-01/2025-12-31,KEYWORD_OTHER,HARASSMENT_AND_CYBERBULLYING,AT,,,,,,,,,,,,,,
All,Manufacturer Center,2025-07-01/2025-12-31,KEYWORD_OTHER,HARMFUL_ACTIVITIES,AT,,,,,,,,,,,,,,
All,Manufacturer Center,2025-07-01/2025-12-31,KEYWORD_OTHER,SEXUAL_HARASSMENT,AT,,,,,,,,,,,,,,
All,Manufacturer Center,2025-07-01/2025-12-31,KEYWORD_OTHER,OBSCENITY_OR_PORNOGRAPHY,AT,,,,,,,,,,,,,,
All,Manufacturer Center,2025-07-01/2025-12-31,KEYWORD_OTHER,UNSAFE_CONTENT,AT,,,,,,,,,,,,,,
All,Manufacturer Center,2025-07-01/2025-12-31,STATEMENT_CATEGORY_CYBER_VIOLENCE_AGAINST_WOMEN,,AT,,,,,,,,,,,,,,
All,Manufacturer Center,2025-07-01/2025-12-31,KEYWORD_BULLYING_AGAINST_GIRLS,,AT,,,,,,,,,,,,,,
All,Manufacturer Center,2025-07-01/2025-12-31,KEYWORD_CYBER_HARASSMENT_AGAINST_WOMEN,,AT,,,,,,,,,,,,,,
All,Manufacturer Center,2025-07-01/2025-12-31,KEYWORD_CYBER_STALKING_AGAINST_WOMEN,,AT,,,,,,,,,,,,,,
All,Manufacturer Center,2025-07-01/2025-12-31,KEYWORD_FEMALE_GENDERED_DISINFORMATION,,AT,,,,,,,,,,,,,,
All,Manufacturer Center,2025-07-01/2025-12-31,KEYWORD_INCITEMENT_AGAINST_WOMEN,,AT,,,,,,,,,,,,,,
All,Manufacturer Center,2025-07-01/2025-12-31,KEYWORD_NON_CONSENSUAL_IMAGE_SHARING_AGAINST_WOMEN,,AT,,,,,,,,,,,,,,
All,Manufacturer Center,2025-07-01/2025-12-31,KEYWORD_NON_CONSENSUAL_MATERIAL_DEEPFAKE_AGAINST_WOMEN,,AT,,,,,,,,,,,,,,
All,Manufacturer Center,2025-07-01/2025-12-31,KEYWORD_OTHER,"Text to detail the ""Other"" keyword.",AT,,,,,,,,,,,,,,
All,Manufacturer Center,2025-07-01/2025-12-31,STATEMENT_CATEGORY_DATA_PROTECTION_AND_PRIVACY_VIOLATIONS,,AT,,,,,,,,,,,,,,
All,Manufacturer Center,2025-07-01/2025-12-31,KEYWORD_BIOMETRIC_DATA_BREACH,,AT,,,,,,,,,,,,,,
All,Manufacturer Center,2025-07-01/2025-12-31,KEYWORD_DATA_FALSIFICATION,,AT,,,,,,,,,,,,,,
All,Manufacturer Center,2025-07-01/2025-12-31,KEYWORD_MISSING_PROCESSING_GROUND,,AT,,,,,,,,,,,,,,
All,Manufacturer Center,2025-07-01/2025-12-31,KEYWORD_RIGHT_TO_BE_FORGOTTEN,,AT,,,,,,,,,,,,,,
All,Manufacturer Center,2025-07-01/2025-12-31,KEYWORD_OTHER,DATA_COLLECTION_AND_USE,AT,,,,,,,,,,,,,,
All,Manufacturer Center,2025-07-01/2025-12-31,KEYWORD_OTHER,DISCLOSURE_AND_CONSENT_PRACTICES,AT,,,,,,,,,,,,,,
All,Manufacturer Center,2025-07-01/2025-12-31,KEYWORD_OTHER,GDPR,AT,,,,,,,,,,,,,,
All,Manufacturer Center,2025-07-01/2025-12-31,KEYWORD_OTHER,PERSONAL_INFORMATION,AT,,,,,,,,,,,,,,
All,Manufacturer Center,2025-07-01/2025-12-31,KEYWORD_OTHER,PERSONAL_RIGHTS,AT,,,,,,,,,,,,,,
All,Manufacturer Center,2025-07-01/2025-12-31,KEYWORD_OTHER,PERSONALIZED_ADVERTISING,AT,,,,,,,,,,,,,,
All,Manufacturer Center,2025-07-01/2025-12-31,KEYWORD_OTHER,PRIVACY,AT,,,,,,,,,,,,,,
All,Manufacturer Center,2025-07-01/2025-12-31,KEYWORD_OTHER,PRIVACY_POLICY,AT,,,,,,,,,,,,,,
All,Manufacturer Center,2025-07-01/2025-12-31,KEYWORD_OTHER,UNSECURE_DATA_HANDLING,AT,,,,,,,,,,,,,,
All,Manufacturer Center,2025-07-01/2025-12-31,STATEMENT_CATEGORY_ILLEGAL_OR_HARMFUL_SPEECH,,AT,,,,,,,,,,,,,,
All,Manufacturer Center,2025-07-01/2025-12-31,KEYWORD_DEFAMATION,,AT,,,,,,,,,,,,,,
All,Manufacturer Center,2025-07-01/2025-12-31,KEYWORD_DISCRIMINATION,,AT,,,,,,,,,,,,,,
All,Manufacturer Center,2025-07-01/2025-12-31,KEYWORD_HATE_SPEECH,,AT,,,,,,,,,,,,,,
All,Manufacturer Center,2025-07-01/2025-12-31,KEYWORD_OTHER,HATEFUL_OR_ABUSIVE,AT,,,,,,,,,,,,,,
All,Manufacturer Center,2025-07-01/2025-12-31,KEYWORD_OTHER,ILLEGAL_OR_HARMFUL_SPEECH,AT,,,,,,,,,,,,,,
All,Manufacturer Center,2025-07-01/2025-12-31,KEYWORD_OTHER,OBSCENITY_AND_PROFANITY,AT,,,,,,,,,,,,,,
All,Manufacturer Center,2025-07-01/2025-12-31,KEYWORD_OTHER,OFFENSIVE_CONTENT,AT,,,,,,,,,,,,,,
All,Manufacturer Center,2025-07-01/2025-12-31,KEYWORD_OTHER,UNSAFE_CONTENT,AT,,,,,,,,,,,,,,
All,Manufacturer Center,2025-07-01/2025-12-31,STATEMENT_CATEGORY_INTELLECTUAL_PROPERTY_INFRINGEMENTS,,AT,,,,,,,,,,,,,,
All,Manufacturer Center,2025-07-01/2025-12-31,KEYWORD_COPYRIGHT_INFRINGEMENT,,AT,,,,,,,,,,,,,,
All,Manufacturer Center,2025-07-01/2025-12-31,KEYWORD_DESIGN_INFRINGEMENT,,AT,,,,,,,,,,,,,,
All,Manufacturer Center,2025-07-01/2025-12-31,KEYWORD_GEOGRAPHIC_INDICATIONS_INFRINGEMENT,,AT,,,,,,,,,,,,,,
All,Manufacturer Center,2025-07-01/2025-12-31,KEYWORD_PATENT_INFRINGEMENT,,AT,,,,,,,,,,,,,,
All,Manufacturer Center,2025-07-01/2025-12-31,KEYWORD_TRADE_SECRET_INFRINGEMENT,,AT,,,,,,,,,,,,,,
All,Manufacturer Center,2025-07-01/2025-12-31,KEYWORD_TRADEMARK_INFRINGEMENT,,AT,,,,,,,,,,,,,,
All,Manufacturer Center,2025-07-01/2025-12-31,KEYWORD_OTHER,CIRCUMVENTION,AT,,,,,,,,,,,,,,
All,Manufacturer Center,2025-07-01/2025-12-31,KEYWORD_OTHER,INTELLECTUAL PROPERTY,AT,,,,,,,,,,,,,,
All,Manufacturer Center,2025-07-01/2025-12-31,STATEMENT_CATEGORY_NEGATIVE_EFFECTS_ON_CIVIC_DISCOURSE_OR_ELECTIONS,,AT,,,,,,,,,,,,,,
All,Manufacturer Center,2025-07-01/2025-12-31,KEYWORD_MISINFORMATION_DISINFORMATION,,AT,,,,,,,,,,,,,,
All,Manufacturer Center,2025-07-01/2025-12-31,KEYWORD_VIOLATION_EU_LAW,,AT,,,,,,,,,,,,,,
All,Manufacturer Center,2025-07-01/2025-12-31,KEYWORD_VIOLATION_NATIONAL_LAW,,AT,,,,,,,,,,,,,,
All,Manufacturer Center,2025-07-01/2025-12-31,KEYWORD_OTHER,ELECTORAL,AT,,,,,,,,,,,,,,
All,Manufacturer Center,2025-07-01/2025-12-31,KEYWORD_OTHER,HACKED_POLITICAL_MATERIALS,AT,,,,,,,,,,,,,,
All,Manufacturer Center,2025-07-01/2025-12-31,KEYWORD_OTHER,POLITICAL_CONTENT,AT,,,,,,,,,,,,,,
All,Manufacturer Center,2025-07-01/2025-12-31,KEYWORD_OTHER,SOCIAL_STABILITY,AT,,,,,,,,,,,,,,
All,Manufacturer Center,2025-07-01/2025-12-31,KEYWORD_OTHER,SOCIETAL_VALUES,AT,,,,,,,,,,,,,,
All,Manufacturer Center,2025-07-01/2025-12-31,STATEMENT_CATEGORY_PROTECTION_OF_MINORS,,AT,,,,,,,,,,,,,,
All,Manufacturer Center,2025-07-01/2025-12-31,KEYWORD_AGE_SPECIFIC_RESTRICTIONS_MINORS,,AT,,,,,,,,,,,,,,
All,Manufacturer Center,2025-07-01/2025-12-31,KEYWORD_CHILD_SEXUAL_ABUSE_MATERIAL,,AT,,,,,,,,,,,,,,
All,Manufacturer Center,2025-07-01/2025-12-31,KEYWORD_CHILD_SEXUAL_ABUSE_MATERIAL_DEEPFAKE,,AT,,,,,,,,,,,,,,
All,Manufacturer Center,2025-07-01/2025-12-31,KEYWORD_GROOMING_SEXUAL_ENTICEMENT_MINORS,,AT,,,,,,,,,,,,,,
All,Manufacturer Center,2025-07-01/2025-12-31,KEYWORD_UNSAFE_CHALLENGES,,AT,,,,,,,,,,,,,,
All,Manufacturer Center,2025-07-01/2025-12-31,KEYWORD_OTHER,CHILD_ENDANGERMENT,AT,,,,,,,,,,,,,,
All,Manufacturer Center,2025-07-01/2025-12-31,KEYWORD_OTHER,CHILD_SAFETY,AT,,,,,,,,,,,,,,
All,Manufacturer Center,2025-07-01/2025-12-31,KEYWORD_OTHER,HARMFUL_OR_DANGEROUS_ACTS_CHALLENGES_AND_PRANKS,AT,,,,,,,,,,,,,,
All,Manufacturer Center,2025-07-01/2025-12-31,KEYWORD_OTHER,KNOWN_SERIES,AT,,,,,,,,,,,,,,
All,Manufacturer Center,2025-07-01/2025-12-31,KEYWORD_OTHER,PROTECTION_OF_MINORS,AT,,,,,,,,,,,,,,
All,Manufacturer Center,2025-07-01/2025-12-31,KEYWORD_OTHER,UNAUTHORIZED_IMAGE_OF_MINORS,AT,,,,,,,,,,,,,,
All,Manufacturer Center,2025-07-01/2025-12-31,STATEMENT_CATEGORY_RISK_FOR_PUBLIC_SECURITY,,AT,,,,,,,,,,,,,,
All,Manufacturer Center,2025-07-01/2025-12-31,KEYWORD_ILLEGAL_ORGANIZATIONS,,AT,,,,,,,,,,,,,,
All,Manufacturer Center,2025-07-01/2025-12-31,KEYWORD_RISK_ENVIRONMENTAL_DAMAGE,,AT,,,,,,,,,,,,,,
All,Manufacturer Center,2025-07-01/2025-12-31,KEYWORD_RISK_PUBLIC_HEALTH,,AT,,,,,,,,,,,,,,
All,Manufacturer Center,2025-07-01/2025-12-31,KEYWORD_TERRORIST_CONTENT,,AT,,,,,,,,,,,,,,
All,Manufacturer Center,2025-07-01/2025-12-31,KEYWORD_OTHER,COURT_ORDER,AT,,,,,,,,,,,,,,
All,Manufacturer Center,2025-07-01/2025-12-31,KEYWORD_OTHER,RISK_FOR_PUBLIC_SECURITY,AT,,,,,,,,,,,,,,
All,Manufacturer Center,2025-07-01/2025-12-31,KEYWORD_OTHER,SENSITIVE_EVENTS,AT,,,,,,,,,,,,,,
All,Manufacturer Center,2025-07-01/2025-12-31,KEYWORD_OTHER,VIOLENT_EXTREMISM,AT,,,,,,,,,,,,,,
All,Manufacturer Center,2025-07-01/2025-12-31,KEYWORD_OTHER,WRONGFUL_OR_UNAUTHORIZED_USE_OF_SYMBOLS,AT,,,,,,,,,,,,,,
All,Manufacturer Center,2025-07-01/2025-12-31,STATEMENT_CATEGORY_SCAMS_AND_FRAUD,,AT,,,,,,,,,,,,,,
All,Manufacturer Center,2025-07-01/2025-12-31,KEYWORD_IMPERSONATION_ACCOUNT_HIJACKING,,AT,,,,,,,,,,,,,,
All,Manufacturer Center,2025-07-01/2025-12-31,KEYWORD_INAUTHENTIC_ACCOUNTS,,AT,,,,,,,,,,,,,,
All,Manufacturer Center,2025-07-01/2025-12-31,KEYWORD_INAUTHENTIC_LISTINGS,,AT,,,,,,,,,,,,,,
All,Manufacturer Center,2025-07-01/2025-12-31,KEYWORD_INAUTHENTIC_USER_REVIEWS,,AT,,,,,,,,,,,,,,
All,Manufacturer Center,2025-07-01/2025-12-31,KEYWORD_PHISHING,,AT,,,,,,,,,,,,,,
All,Manufacturer Center,2025-07-01/2025-12-31,KEYWORD_PYRAMID_SCHEMES,,AT,,,,,,,,,,,,,,
All,Manufacturer Center,2025-07-01/2025-12-31,KEYWORD_OTHER,AD_FRAUD_POLICY,AT,,,,,,,,,,,,,,
All,Manufacturer Center,2025-07-01/2025-12-31,KEYWORD_OTHER,ENCOURAGEMENT_OF_DIGITAL_SECURITY_OR_TERMS_OF_SERVICE_VIOLATIONS,AT,,,,,,,,,,,,,,
All,Manufacturer Center,2025-07-01/2025-12-31,KEYWORD_OTHER,FRAUD,AT,,,,,,,,,,,,,,
All,Manufacturer Center,2025-07-01/2025-12-31,KEYWORD_OTHER,MALWARE,AT,,,,,,,,,,,,,,
All,Manufacturer Center,2025-07-01/2025-12-31,KEYWORD_OTHER,MALWARE_AND_PHISHING,AT,,,,,,,,,,,,,,
All,Manufacturer Center,2025-07-01/2025-12-31,KEYWORD_OTHER,MALWARE_AND_SYSTEM_CIRCUMVENTION,AT,,,,,,,,,,,,,,
All,Manufacturer Center,2025-07-01/2025-12-31,KEYWORD_OTHER,MISREPRESENTATION,AT,,,,,,,,,,,,,,
All,Manufacturer Center,2025-07-01/2025-12-31,KEYWORD_OTHER,SCAMS,AT,,,,,,,,,,,,,,
All,Manufacturer Center,2025-07-01/2025-12-31,KEYWORD_OTHER,SOCIAL_ENGINEERING_TACTICS,AT,,,,,,,,,,,,,,
All,Manufacturer Center,2025-07-01/2025-12-31,STATEMENT_CATEGORY_SELF_HARM,,AT,,,,,,,,,,,,,,
All,Manufacturer Center,2025-07-01/2025-12-31,KEYWORD_CONTENT_PROMOTING_EATING_DISORDERS,,AT,,,,,,,,,,,,,,
All,Manufacturer Center,2025-07-01/2025-12-31,KEYWORD_SELF_MUTILATION,,AT,,,,,,,,,,,,,,
All,Manufacturer Center,2025-07-01/2025-12-31,KEYWORD_SUICIDE,,AT,,,,,,,,,,,,,,
All,Manufacturer Center,2025-07-01/2025-12-31,KEYWORD_OTHER,SELF_HARM,AT,,,,,,,,,,,,,,
All,Manufacturer Center,2025-07-01/2025-12-31,KEYWORD_OTHER,SUICIDE_AND_SELF_HARM,AT,,,,,,,,,,,,,,
All,Manufacturer Center,2025-07-01/2025-12-31,STATEMENT_CATEGORY_UNSAFE_AND_PROHIBITED_PRODUCTS,,AT,,,,,,,,,,,,,,
All,Manufacturer Center,2025-07-01/2025-12-31,KEYWORD_PROHIBITED_PRODUCTS,,AT,,,,,,,,,,,,,,
All,Manufacturer Center,2025-07-01/2025-12-31,KEYWORD_UNSAFE_PRODUCTS,,AT,,,,,,,,,,,,,,
All,Manufacturer Center,2025-07-01/2025-12-31,KEYWORD_OTHER,COURT_ORDER,AT,,,,,,,,,,,,,,
All,Manufacturer Center,2025-07-01/2025-12-31,KEYWORD_OTHER,ENABLING_DISHONEST_BEHAVIOR,AT,,,,,,,,,,,,,,
All,Manufacturer Center,2025-07-01/2025-12-31,KEYWORD_OTHER,FIREARMS_AND_ILLEGAL_REGULATED_GOODS_OR_SERVICES,AT,,,,,,,,,,,,,,
All,Manufacturer Center,2025-07-01/2025-12-31,KEYWORD_OTHER,OTHER_LEGAL_NOTICES_OR_ORDERS,AT,,,,,,,,,,,,,,
All,Manufacturer Center,2025-07-01/2025-12-31,KEYWORD_OTHER,UNAUTHORIZED_PHARMACIES,AT,,,,,,,,,,,,,,
All,Manufacturer Center,2025-07-01/2025-12-31,STATEMENT_CATEGORY_VIOLENCE,,AT,,,,,,,,,,,,,,
All,Manufacturer Center,2025-07-01/2025-12-31,KEYWORD_COORDINATED_HARM,,AT,,,,,,,,,,,,,,
All,Manufacturer Center,2025-07-01/2025-12-31,KEYWORD_INCITEMENT_VIOLENCE_HATRED,,AT,,,,,,,,,,,,,,
All,Manufacturer Center,2025-07-01/2025-12-31,KEYWORD_HUMAN_EXPLOITATION,,AT,,,,,,,,,,,,,,
All,Manufacturer Center,2025-07-01/2025-12-31,KEYWORD_HUMAN_TRAFFICKING,,AT,,,,,,,,,,,,,,
All,Manufacturer Center,2025-07-01/2025-12-31,KEYWORD_TRAFFICKING_WOMEN_GIRLS,,AT,,,,,,,,,,,,,,
All,Manufacturer Center,2025-07-01/2025-12-31,KEYWORD_OTHER,DEPICTION_OF VIOLENCE,AT,,,,,,,,,,,,,,
All,Manufacturer Center,2025-07-01/2025-12-31,KEYWORD_OTHER,SHOCKING_CONTENT,AT,,,,,,,,,,,,,,
All,Manufacturer Center,2025-07-01/2025-12-31,KEYWORD_OTHER,VIOLENT_OR_GRAPHIC_CONTENT,AT,,,,,,,,,,,,,,
All,Manufacturer Center,2025-07-01/2025-12-31,STATEMENT_CATEGORY_NOT_SPECIFIED_ORDER,,AT,,,,,,,,,,,,,,
All,Manufacturer Center,2025-07-01/2025-12-31,TOTAL,,BE,,,,,,,,,,,,,,
All,Manufacturer Center,2025-07-01/2025-12-31,STATEMENT_CATEGORY_ANIMAL_WELFARE,,BE,,,,,,,,,,,,,,
All,Manufacturer Center,2025-07-01/2025-12-31,KEYWORD_ANIMAL_HARM,,BE,,,,,,,,,,,,,,
All,Manufacturer Center,2025-07-01/2025-12-31,KEYWORD_UNLAWFUL_SALE_ANIMALS,,BE,,,,,,,,,,,,,,
All,Manufacturer Center,2025-07-01/2025-12-31,KEYWORD_OTHER,ANIMAL_CRUELTY,BE,,,,,,,,,,,,,,
All,Manufacturer Center,2025-07-01/2025-12-31,KEYWORD_OTHER,ANIMAL_HARM_AND_UNLAWFUL_SALE,BE,,,,,,,,,,,,,,
All,Manufacturer Center,2025-07-01/2025-12-31,STATEMENT_CATEGORY_CONSUMER_INFORMATION,,BE,,,,,,,,,,,,,,
All,Manufacturer Center,2025-07-01/2025-12-31,KEYWORD_HIDDEN_ADVERTISEMENT,,BE,,,,,,,,,,,,,,
All,Manufacturer Center,2025-07-01/2025-12-31,KEYWORD_INSUFFICIENT_INFORMATION_ON_TRADERS,,BE,,,,,,,,,,,,,,
All,Manufacturer Center,2025-07-01/2025-12-31,KEYWORD_MISLEADING_INFO_GOODS_SERVICES,,BE,,,,,,,,,,,,,,
All,Manufacturer Center,2025-07-01/2025-12-31,KEYWORD_MISLEADING_INFO_CONSUMER_RIGHTS,,BE,,,,,,,,,,,,,,
All,Manufacturer Center,2025-07-01/2025-12-31,KEYWORD_NONCOMPLIANCE_PRICING,,BE,,,,,,,,,,,,,,
All,Manufacturer Center,2025-07-01/2025-12-31,KEYWORD_OTHER,CONSUMER_PROTECTION,BE,,,,,,,,,,,,,,
All,Manufacturer Center,2025-07-01/2025-12-31,KEYWORD_OTHER,MISREPRESENTATION,BE,,,,,,,,,,,,,,
All,Manufacturer Center,2025-07-01/2025-12-31,STATEMENT_CATEGORY_CYBER_VIOLENCE,,BE,,,,,,,,,,,,,,
All,Manufacturer Center,2025-07-01/2025-12-31,KEYWORD_CYBER_BULLYING_INTIMIDATION,,BE,,,,,,,,,,,,,,
All,Manufacturer Center,2025-07-01/2025-12-31,KEYWORD_CYBER_HARASSMENT,,BE,,,,,,,,,,,,,,
All,Manufacturer Center,2025-07-01/2025-12-31,KEYWORD_CYBER_INCITEMENT,,BE,,,,,,,,,,,,,,
All,Manufacturer Center,2025-07-01/2025-12-31,KEYWORD_CYBER_STALKING,,BE,,,,,,,,,,,,,,
All,Manufacturer Center,2025-07-01/2025-12-31,KEYWORD_NON_CONSENSUAL_IMAGE_SHARING,,BE,,,,,,,,,,,,,,
All,Manufacturer Center,2025-07-01/2025-12-31,KEYWORD_NON_CONSENSUAL_MATERIAL_DEEPFAKE,,BE,,,,,,,,,,,,,,
All,Manufacturer Center,2025-07-01/2025-12-31,KEYWORD_OTHER,DOXING,BE,,,,,,,,,,,,,,
All,Manufacturer Center,2025-07-01/2025-12-31,KEYWORD_OTHER,HARASSMENT,BE,,,,,,,,,,,,,,
All,Manufacturer Center,2025-07-01/2025-12-31,KEYWORD_OTHER,HARASSMENT_AND_CYBERBULLYING,BE,,,,,,,,,,,,,,
All,Manufacturer Center,2025-07-01/2025-12-31,KEYWORD_OTHER,HARMFUL_ACTIVITIES,BE,,,,,,,,,,,,,,
All,Manufacturer Center,2025-07-01/2025-12-31,KEYWORD_OTHER,SEXUAL_HARASSMENT,BE,,,,,,,,,,,,,,
All,Manufacturer Center,2025-07-01/2025-12-31,KEYWORD_OTHER,OBSCENITY_OR_PORNOGRAPHY,BE,,,,,,,,,,,,,,
All,Manufacturer Center,2025-07-01/2025-12-31,KEYWORD_OTHER,UNSAFE_CONTENT,BE,,,,,,,,,,,,,,
All,Manufacturer Center,2025-07-01/2025-12-31,STATEMENT_CATEGORY_CYBER_VIOLENCE_AGAINST_WOMEN,,BE,,,,,,,,,,,,,,
All,Manufacturer Center,2025-07-01/2025-12-31,KEYWORD_BULLYING_AGAINST_GIRLS,,BE,,,,,,,,,,,,,,
All,Manufacturer Center,2025-07-01/2025-12-31,KEYWORD_CYBER_HARASSMENT_AGAINST_WOMEN,,BE,,,,,,,,,,,,,,
All,Manufacturer Center,2025-07-01/2025-12-31,KEYWORD_CYBER_STALKING_AGAINST_WOMEN,,BE,,,,,,,,,,,,,,
All,Manufacturer Center,2025-07-01/2025-12-31,KEYWORD_FEMALE_GENDERED_DISINFORMATION,,BE,,,,,,,,,,,,,,
All,Manufacturer Center,2025-07-01/2025-12-31,KEYWORD_INCITEMENT_AGAINST_WOMEN,,BE,,,,,,,,,,,,,,
All,Manufacturer Center,2025-07-01/2025-12-31,KEYWORD_NON_CONSENSUAL_IMAGE_SHARING_AGAINST_WOMEN,,BE,,,,,,,,,,,,,,
All,Manufacturer Center,2025-07-01/2025-12-31,KEYWORD_NON_CONSENSUAL_MATERIAL_DEEPFAKE_AGAINST_WOMEN,,BE,,,,,,,,,,,,,,
All,Manufacturer Center,2025-07-01/2025-12-31,KEYWORD_OTHER,"Text to detail the ""Other"" keyword.",BE,,,,,,,,,,,,,,
All,Manufacturer Center,2025-07-01/2025-12-31,STATEMENT_CATEGORY_DATA_PROTECTION_AND_PRIVACY_VIOLATIONS,,BE,,,,,,,,,,,,,,
All,Manufacturer Center,2025-07-01/2025-12-31,KEYWORD_BIOMETRIC_DATA_BREACH,,BE,,,,,,,,,,,,,,
All,Manufacturer Center,2025-07-01/2025-12-31,KEYWORD_DATA_FALSIFICATION,,BE,,,,,,,,,,,,,,
All,Manufacturer Center,2025-07-01/2025-12-31,KEYWORD_MISSING_PROCESSING_GROUND,,BE,,,,,,,,,,,,,,
All,Manufacturer Center,2025-07-01/2025-12-31,KEYWORD_RIGHT_TO_BE_FORGOTTEN,,BE,,,,,,,,,,,,,,
All,Manufacturer Center,2025-07-01/2025-12-31,KEYWORD_OTHER,DATA_COLLECTION_AND_USE,BE,,,,,,,,,,,,,,
All,Manufacturer Center,2025-07-01/2025-12-31,KEYWORD_OTHER,DISCLOSURE_AND_CONSENT_PRACTICES,BE,,,,,,,,,,,,,,
All,Manufacturer Center,2025-07-01/2025-12-31,KEYWORD_OTHER,GDPR,BE,,,,,,,,,,,,,,
All,Manufacturer Center,2025-07-01/2025-12-31,KEYWORD_OTHER,PERSONAL_INFORMATION,BE,,,,,,,,,,,,,,
All,Manufacturer Center,2025-07-01/2025-12-31,KEYWORD_OTHER,PERSONAL_RIGHTS,BE,,,,,,,,,,,,,,
All,Manufacturer Center,2025-07-01/2025-12-31,KEYWORD_OTHER,PERSONALIZED_ADVERTISING,BE,,,,,,,,,,,,,,
All,Manufacturer Center,2025-07-01/2025-12-31,KEYWORD_OTHER,PRIVACY,BE,,,,,,,,,,,,,,
All,Manufacturer Center,2025-07-01/2025-12-31,KEYWORD_OTHER,PRIVACY_POLICY,BE,,,,,,,,,,,,,,
All,Manufacturer Center,2025-07-01/2025-12-31,KEYWORD_OTHER,UNSECURE_DATA_HANDLING,BE,,,,,,,,,,,,,,
All,Manufacturer Center,2025-07-01/2025-12-31,STATEMENT_CATEGORY_ILLEGAL_OR_HARMFUL_SPEECH,,BE,,,,,,,,,,,,,,
All,Manufacturer Center,2025-07-01/2025-12-31,KEYWORD_DEFAMATION,,BE,,,,,,,,,,,,,,
All,Manufacturer Center,2025-07-01/2025-12-31,KEYWORD_DISCRIMINATION,,BE,,,,,,,,,,,,,,
All,Manufacturer Center,2025-07-01/2025-12-31,KEYWORD_HATE_SPEECH,,BE,,,,,,,,,,,,,,
All,Manufacturer Center,2025-07-01/2025-12-31,KEYWORD_OTHER,HATEFUL_OR_ABUSIVE,BE,,,,,,,,,,,,,,
All,Manufacturer Center,2025-07-01/2025-12-31,KEYWORD_OTHER,ILLEGAL_OR_HARMFUL_SPEECH,BE,,,,,,,,,,,,,,
All,Manufacturer Center,2025-07-01/2025-12-31,KEYWORD_OTHER,OBSCENITY_AND_PROFANITY,BE,,,,,,,,,,,,,,
All,Manufacturer Center,2025-07-01/2025-12-31,KEYWORD_OTHER,OFFENSIVE_CONTENT,BE,,,,,,,,,,,,,,
All,Manufacturer Center,2025-07-01/2025-12-31,KEYWORD_OTHER,UNSAFE_CONTENT,BE,,,,,,,,,,,,,,
All,Manufacturer Center,2025-07-01/2025-12-31,STATEMENT_CATEGORY_INTELLECTUAL_PROPERTY_INFRINGEMENTS,,BE,,,,,,,,,,,,,,
All,Manufacturer Center,2025-07-01/2025-12-31,KEYWORD_COPYRIGHT_INFRINGEMENT,,BE,,,,,,,,,,,,,,
All,Manufacturer Center,2025-07-01/2025-12-31,KEYWORD_DESIGN_INFRINGEMENT,,BE,,,,,,,,,,,,,,
All,Manufacturer Center,2025-07-01/2025-12-31,KEYWORD_GEOGRAPHIC_INDICATIONS_INFRINGEMENT,,BE,,,,,,,,,,,,,,
All,Manufacturer Center,2025-07-01/2025-12-31,KEYWORD_PATENT_INFRINGEMENT,,BE,,,,,,,,,,,,,,
All,Manufacturer Center,2025-07-01/2025-12-31,KEYWORD_TRADE_SECRET_INFRINGEMENT,,BE,,,,,,,,,,,,,,
All,Manufacturer Center,2025-07-01/2025-12-31,KEYWORD_TRADEMARK_INFRINGEMENT,,BE,,,,,,,,,,,,,,
All,Manufacturer Center,2025-07-01/2025-12-31,KEYWORD_OTHER,CIRCUMVENTION,BE,,,,,,,,,,,,,,
All,Manufacturer Center,2025-07-01/2025-12-31,KEYWORD_OTHER,INTELLECTUAL PROPERTY,BE,,,,,,,,,,,,,,
All,Manufacturer Center,2025-07-01/2025-12-31,STATEMENT_CATEGORY_NEGATIVE_EFFECTS_ON_CIVIC_DISCOURSE_OR_ELECTIONS,,BE,,,,,,,,,,,,,,
All,Manufacturer Center,2025-07-01/2025-12-31,KEYWORD_MISINFORMATION_DISINFORMATION,,BE,,,,,,,,,,,,,,
All,Manufacturer Center,2025-07-01/2025-12-31,KEYWORD_VIOLATION_EU_LAW,,BE,,,,,,,,,,,,,,
All,Manufacturer Center,2025-07-01/2025-12-31,KEYWORD_VIOLATION_NATIONAL_LAW,,BE,,,,,,,,,,,,,,
All,Manufacturer Center,2025-07-01/2025-12-31,KEYWORD_OTHER,ELECTORAL,BE,,,,,,,,,,,,,,
All,Manufacturer Center,2025-07-01/2025-12-31,KEYWORD_OTHER,HACKED_POLITICAL_MATERIALS,BE,,,,,,,,,,,,,,
All,Manufacturer Center,2025-07-01/2025-12-31,KEYWORD_OTHER,POLITICAL_CONTENT,BE,,,,,,,,,,,,,,
All,Manufacturer Center,2025-07-01/2025-12-31,KEYWORD_OTHER,SOCIAL_STABILITY,BE,,,,,,,,,,,,,,
All,Manufacturer Center,2025-07-01/2025-12-31,KEYWORD_OTHER,SOCIETAL_VALUES,BE,,,,,,,,,,,,,,
All,Manufacturer Center,2025-07-01/2025-12-31,STATEMENT_CATEGORY_PROTECTION_OF_MINORS,,BE,,,,,,,,,,,,,,
All,Manufacturer Center,2025-07-01/2025-12-31,KEYWORD_AGE_SPECIFIC_RESTRICTIONS_MINORS,,BE,,,,,,,,,,,,,,
All,Manufacturer Center,2025-07-01/2025-12-31,KEYWORD_CHILD_SEXUAL_ABUSE_MATERIAL,,BE,,,,,,,,,,,,,,
All,Manufacturer Center,2025-07-01/2025-12-31,KEYWORD_CHILD_SEXUAL_ABUSE_MATERIAL_DEEPFAKE,,BE,,,,,,,,,,,,,,
All,Manufacturer Center,2025-07-01/2025-12-31,KEYWORD_GROOMING_SEXUAL_ENTICEMENT_MINORS,,BE,,,,,,,,,,,,,,
All,Manufacturer Center,2025-07-01/2025-12-31,KEYWORD_UNSAFE_CHALLENGES,,BE,,,,,,,,,,,,,,
All,Manufacturer Center,2025-07-01/2025-12-31,KEYWORD_OTHER,CHILD_ENDANGERMENT,BE,,,,,,,,,,,,,,
All,Manufacturer Center,2025-07-01/2025-12-31,KEYWORD_OTHER,CHILD_SAFETY,BE,,,,,,,,,,,,,,
All,Manufacturer Center,2025-07-01/2025-12-31,KEYWORD_OTHER,HARMFUL_OR_DANGEROUS_ACTS_CHALLENGES_AND_PRANKS,BE,,,,,,,,,,,,,,
All,Manufacturer Center,2025-07-01/2025-12-31,KEYWORD_OTHER,KNOWN_SERIES,BE,,,,,,,,,,,,,,
All,Manufacturer Center,2025-07-01/2025-12-31,KEYWORD_OTHER,PROTECTION_OF_MINORS,BE,,,,,,,,,,,,,,
All,Manufacturer Center,2025-07-01/2025-12-31,KEYWORD_OTHER,UNAUTHORIZED_IMAGE_OF_MINORS,BE,,,,,,,,,,,,,,
All,Manufacturer Center,2025-07-01/2025-12-31,STATEMENT_CATEGORY_RISK_FOR_PUBLIC_SECURITY,,BE,,,,,,,,,,,,,,
All,Manufacturer Center,2025-07-01/2025-12-31,KEYWORD_ILLEGAL_ORGANIZATIONS,,BE,,,,,,,,,,,,,,
All,Manufacturer Center,2025-07-01/2025-12-31,KEYWORD_RISK_ENVIRONMENTAL_DAMAGE,,BE,,,,,,,,,,,,,,
All,Manufacturer Center,2025-07-01/2025-12-31,KEYWORD_RISK_PUBLIC_HEALTH,,BE,,,,,,,,,,,,,,
All,Manufacturer Center,2025-07-01/2025-12-31,KEYWORD_TERRORIST_CONTENT,,BE,,,,,,,,,,,,,,
All,Manufacturer Center,2025-07-01/2025-12-31,KEYWORD_OTHER,COURT_ORDER,BE,,,,,,,,,,,,,,
All,Manufacturer Center,2025-07-01/2025-12-31,KEYWORD_OTHER,RISK_FOR_PUBLIC_SECURITY,BE,,,,,,,,,,,,,,
All,Manufacturer Center,2025-07-01/2025-12-31,KEYWORD_OTHER,SENSITIVE_EVENTS,BE,,,,,,,,,,,,,,
All,Manufacturer Center,2025-07-01/2025-12-31,KEYWORD_OTHER,VIOLENT_EXTREMISM,BE,,,,,,,,,,,,,,
All,Manufacturer Center,2025-07-01/2025-12-31,KEYWORD_OTHER,WRONGFUL_OR_UNAUTHORIZED_USE_OF_SYMBOLS,BE,,,,,,,,,,,,,,
All,Manufacturer Center,2025-07-01/2025-12-31,STATEMENT_CATEGORY_SCAMS_AND_FRAUD,,BE,,,,,,,,,,,,,,
All,Manufacturer Center,2025-07-01/2025-12-31,KEYWORD_IMPERSONATION_ACCOUNT_HIJACKING,,BE,,,,,,,,,,,,,,
All,Manufacturer Center,2025-07-01/2025-12-31,KEYWORD_INAUTHENTIC_ACCOUNTS,,BE,,,,,,,,,,,,,,
All,Manufacturer Center,2025-07-01/2025-12-31,KEYWORD_INAUTHENTIC_LISTINGS,,BE,,,,,,,,,,,,,,
All,Manufacturer Center,2025-07-01/2025-12-31,KEYWORD_INAUTHENTIC_USER_REVIEWS,,BE,,,,,,,,,,,,,,
All,Manufacturer Center,2025-07-01/2025-12-31,KEYWORD_PHISHING,,BE,,,,,,,,,,,,,,
All,Manufacturer Center,2025-07-01/2025-12-31,KEYWORD_PYRAMID_SCHEMES,,BE,,,,,,,,,,,,,,
All,Manufacturer Center,2025-07-01/2025-12-31,KEYWORD_OTHER,AD_FRAUD_POLICY,BE,,,,,,,,,,,,,,
All,Manufacturer Center,2025-07-01/2025-12-31,KEYWORD_OTHER,ENCOURAGEMENT_OF_DIGITAL_SECURITY_OR_TERMS_OF_SERVICE_VIOLATIONS,BE,,,,,,,,,,,,,,
All,Manufacturer Center,2025-07-01/2025-12-31,KEYWORD_OTHER,FRAUD,BE,,,,,,,,,,,,,,
All,Manufacturer Center,2025-07-01/2025-12-31,KEYWORD_OTHER,MALWARE,BE,,,,,,,,,,,,,,
All,Manufacturer Center,2025-07-01/2025-12-31,KEYWORD_OTHER,MALWARE_AND_PHISHING,BE,,,,,,,,,,,,,,
All,Manufacturer Center,2025-07-01/2025-12-31,KEYWORD_OTHER,MALWARE_AND_SYSTEM_CIRCUMVENTION,BE,,,,,,,,,,,,,,
All,Manufacturer Center,2025-07-01/2025-12-31,KEYWORD_OTHER,MISREPRESENTATION,BE,,,,,,,,,,,,,,
All,Manufacturer Center,2025-07-01/2025-12-31,KEYWORD_OTHER,SCAMS,BE,,,,,,,,,,,,,,
All,Manufacturer Center,2025-07-01/2025-12-31,KEYWORD_OTHER,SOCIAL_ENGINEERING_TACTICS,BE,,,,,,,,,,,,,,
All,Manufacturer Center,2025-07-01/2025-12-31,STATEMENT_CATEGORY_SELF_HARM,,BE,,,,,,,,,,,,,,
All,Manufacturer Center,2025-07-01/2025-12-31,KEYWORD_CONTENT_PROMOTING_EATING_DISORDERS,,BE,,,,,,,,,,,,,,
All,Manufacturer Center,2025-07-01/2025-12-31,KEYWORD_SELF_MUTILATION,,BE,,,,,,,,,,,,,,
All,Manufacturer Center,2025-07-01/2025-12-31,KEYWORD_SUICIDE,,BE,,,,,,,,,,,,,,
All,Manufacturer Center,2025-07-01/2025-12-31,KEYWORD_OTHER,SELF_HARM,BE,,,,,,,,,,,,,,
All,Manufacturer Center,2025-07-01/2025-12-31,KEYWORD_OTHER,SUICIDE_AND_SELF_HARM,BE,,,,,,,,,,,,,,
All,Manufacturer Center,2025-07-01/2025-12-31,STATEMENT_CATEGORY_UNSAFE_AND_PROHIBITED_PRODUCTS,,BE,,,,,,,,,,,,,,
All,Manufacturer Center,2025-07-01/2025-12-31,KEYWORD_PROHIBITED_PRODUCTS,,BE,,,,,,,,,,,,,,
All,Manufacturer Center,2025-07-01/2025-12-31,KEYWORD_UNSAFE_PRODUCTS,,BE,,,,,,,,,,,,,,
All,Manufacturer Center,2025-07-01/2025-12-31,KEYWORD_OTHER,COURT_ORDER,BE,,,,,,,,,,,,,,
All,Manufacturer Center,2025-07-01/2025-12-31,KEYWORD_OTHER,ENABLING_DISHONEST_BEHAVIOR,BE,,,,,,,,,,,,,,
All,Manufacturer Center,2025-07-01/2025-12-31,KEYWORD_OTHER,FIREARMS_AND_ILLEGAL_REGULATED_GOODS_OR_SERVICES,BE,,,,,,,,,,,,,,
All,Manufacturer Center,2025-07-01/2025-12-31,KEYWORD_OTHER,OTHER_LEGAL_NOTICES_OR_ORDERS,BE,,,,,,,,,,,,,,
All,Manufacturer Center,2025-07-01/2025-12-31,KEYWORD_OTHER,UNAUTHORIZED_PHARMACIES,BE,,,,,,,,,,,,,,
All,Manufacturer Center,2025-07-01/2025-12-31,STATEMENT_CATEGORY_VIOLENCE,,BE,,,,,,,,,,,,,,
All,Manufacturer Center,2025-07-01/2025-12-31,KEYWORD_COORDINATED_HARM,,BE,,,,,,,,,,,,,,
All,Manufacturer Center,2025-07-01/2025-12-31,KEYWORD_INCITEMENT_VIOLENCE_HATRED,,BE,,,,,,,,,,,,,,
All,Manufacturer Center,2025-07-01/2025-12-31,KEYWORD_HUMAN_EXPLOITATION,,BE,,,,,,,,,,,,,,
All,Manufacturer Center,2025-07-01/2025-12-31,KEYWORD_HUMAN_TRAFFICKING,,BE,,,,,,,,,,,,,,
All,Manufacturer Center,2025-07-01/2025-12-31,KEYWORD_TRAFFICKING_WOMEN_GIRLS,,BE,,,,,,,,,,,,,,
All,Manufacturer Center,2025-07-01/2025-12-31,KEYWORD_OTHER,DEPICTION_OF VIOLENCE,BE,,,,,,,,,,,,,,
All,Manufacturer Center,2025-07-01/2025-12-31,KEYWORD_OTHER,SHOCKING_CONTENT,BE,,,,,,,,,,,,,,
All,Manufacturer Center,2025-07-01/2025-12-31,KEYWORD_OTHER,VIOLENT_OR_GRAPHIC_CONTENT,BE,,,,,,,,,,,,,,
All,Manufacturer Center,2025-07-01/2025-12-31,STATEMENT_CATEGORY_NOT_SPECIFIED_ORDER,,BE,,,,,,,,,,,,,,
All,Manufacturer Center,2025-07-01/2025-12-31,TOTAL,,BG,,,,,,,,,,,,,,
All,Manufacturer Center,2025-07-01/2025-12-31,STATEMENT_CATEGORY_ANIMAL_WELFARE,,BG,,,,,,,,,,,,,,
All,Manufacturer Center,2025-07-01/2025-12-31,KEYWORD_ANIMAL_HARM,,BG,,,,,,,,,,,,,,
All,Manufacturer Center,2025-07-01/2025-12-31,KEYWORD_UNLAWFUL_SALE_ANIMALS,,BG,,,,,,,,,,,,,,
All,Manufacturer Center,2025-07-01/2025-12-31,KEYWORD_OTHER,ANIMAL_CRUELTY,BG,,,,,,,,,,,,,,
All,Manufacturer Center,2025-07-01/2025-12-31,KEYWORD_OTHER,ANIMAL_HARM_AND_UNLAWFUL_SALE,BG,,,,,,,,,,,,,,
All,Manufacturer Center,2025-07-01/2025-12-31,STATEMENT_CATEGORY_CONSUMER_INFORMATION,,BG,,,,,,,,,,,,,,
All,Manufacturer Center,2025-07-01/2025-12-31,KEYWORD_HIDDEN_ADVERTISEMENT,,BG,,,,,,,,,,,,,,
All,Manufacturer Center,2025-07-01/2025-12-31,KEYWORD_INSUFFICIENT_INFORMATION_ON_TRADERS,,BG,,,,,,,,,,,,,,
All,Manufacturer Center,2025-07-01/2025-12-31,KEYWORD_MISLEADING_INFO_GOODS_SERVICES,,BG,,,,,,,,,,,,,,
All,Manufacturer Center,2025-07-01/2025-12-31,KEYWORD_MISLEADING_INFO_CONSUMER_RIGHTS,,BG,,,,,,,,,,,,,,
All,Manufacturer Center,2025-07-01/2025-12-31,KEYWORD_NONCOMPLIANCE_PRICING,,BG,,,,,,,,,,,,,,
All,Manufacturer Center,2025-07-01/2025-12-31,KEYWORD_OTHER,CONSUMER_PROTECTION,BG,,,,,,,,,,,,,,
All,Manufacturer Center,2025-07-01/2025-12-31,KEYWORD_OTHER,MISREPRESENTATION,BG,,,,,,,,,,,,,,
All,Manufacturer Center,2025-07-01/2025-12-31,STATEMENT_CATEGORY_CYBER_VIOLENCE,,BG,,,,,,,,,,,,,,
All,Manufacturer Center,2025-07-01/2025-12-31,KEYWORD_CYBER_BULLYING_INTIMIDATION,,BG,,,,,,,,,,,,,,
All,Manufacturer Center,2025-07-01/2025-12-31,KEYWORD_CYBER_HARASSMENT,,BG,,,,,,,,,,,,,,
All,Manufacturer Center,2025-07-01/2025-12-31,KEYWORD_CYBER_INCITEMENT,,BG,,,,,,,,,,,,,,
All,Manufacturer Center,2025-07-01/2025-12-31,KEYWORD_CYBER_STALKING,,BG,,,,,,,,,,,,,,
All,Manufacturer Center,2025-07-01/2025-12-31,KEYWORD_NON_CONSENSUAL_IMAGE_SHARING,,BG,,,,,,,,,,,,,,
All,Manufacturer Center,2025-07-01/2025-12-31,KEYWORD_NON_CONSENSUAL_MATERIAL_DEEPFAKE,,BG,,,,,,,,,,,,,,
All,Manufacturer Center,2025-07-01/2025-12-31,KEYWORD_OTHER,DOXING,BG,,,,,,,,,,,,,,
All,Manufacturer Center,2025-07-01/2025-12-31,KEYWORD_OTHER,HARASSMENT,BG,,,,,,,,,,,,,,
All,Manufacturer Center,2025-07-01/2025-12-31,KEYWORD_OTHER,HARASSMENT_AND_CYBERBULLYING,BG,,,,,,,,,,,,,,
All,Manufacturer Center,2025-07-01/2025-12-31,KEYWORD_OTHER,HARMFUL_ACTIVITIES,BG,,,,,,,,,,,,,,
All,Manufacturer Center,2025-07-01/2025-12-31,KEYWORD_OTHER,SEXUAL_HARASSMENT,BG,,,,,,,,,,,,,,
All,Manufacturer Center,2025-07-01/2025-12-31,KEYWORD_OTHER,OBSCENITY_OR_PORNOGRAPHY,BG,,,,,,,,,,,,,,
All,Manufacturer Center,2025-07-01/2025-12-31,KEYWORD_OTHER,UNSAFE_CONTENT,BG,,,,,,,,,,,,,,
All,Manufacturer Center,2025-07-01/2025-12-31,STATEMENT_CATEGORY_CYBER_VIOLENCE_AGAINST_WOMEN,,BG,,,,,,,,,,,,,,
All,Manufacturer Center,2025-07-01/2025-12-31,KEYWORD_BULLYING_AGAINST_GIRLS,,BG,,,,,,,,,,,,,,
All,Manufacturer Center,2025-07-01/2025-12-31,KEYWORD_CYBER_HARASSMENT_AGAINST_WOMEN,,BG,,,,,,,,,,,,,,
All,Manufacturer Center,2025-07-01/2025-12-31,KEYWORD_CYBER_STALKING_AGAINST_WOMEN,,BG,,,,,,,,,,,,,,
All,Manufacturer Center,2025-07-01/2025-12-31,KEYWORD_FEMALE_GENDERED_DISINFORMATION,,BG,,,,,,,,,,,,,,
All,Manufacturer Center,2025-07-01/2025-12-31,KEYWORD_INCITEMENT_AGAINST_WOMEN,,BG,,,,,,,,,,,,,,
All,Manufacturer Center,2025-07-01/2025-12-31,KEYWORD_NON_CONSENSUAL_IMAGE_SHARING_AGAINST_WOMEN,,BG,,,,,,,,,,,,,,
All,Manufacturer Center,2025-07-01/2025-12-31,KEYWORD_NON_CONSENSUAL_MATERIAL_DEEPFAKE_AGAINST_WOMEN,,BG,,,,,,,,,,,,,,
All,Manufacturer Center,2025-07-01/2025-12-31,KEYWORD_OTHER,"Text to detail the ""Other"" keyword.",BG,,,,,,,,,,,,,,
All,Manufacturer Center,2025-07-01/2025-12-31,STATEMENT_CATEGORY_DATA_PROTECTION_AND_PRIVACY_VIOLATIONS,,BG,,,,,,,,,,,,,,
All,Manufacturer Center,2025-07-01/2025-12-31,KEYWORD_BIOMETRIC_DATA_BREACH,,BG,,,,,,,,,,,,,,
All,Manufacturer Center,2025-07-01/2025-12-31,KEYWORD_DATA_FALSIFICATION,,BG,,,,,,,,,,,,,,
All,Manufacturer Center,2025-07-01/2025-12-31,KEYWORD_MISSING_PROCESSING_GROUND,,BG,,,,,,,,,,,,,,
All,Manufacturer Center,2025-07-01/2025-12-31,KEYWORD_RIGHT_TO_BE_FORGOTTEN,,BG,,,,,,,,,,,,,,
All,Manufacturer Center,2025-07-01/2025-12-31,KEYWORD_OTHER,DATA_COLLECTION_AND_USE,BG,,,,,,,,,,,,,,
All,Manufacturer Center,2025-07-01/2025-12-31,KEYWORD_OTHER,DISCLOSURE_AND_CONSENT_PRACTICES,BG,,,,,,,,,,,,,,
All,Manufacturer Center,2025-07-01/2025-12-31,KEYWORD_OTHER,GDPR,BG,,,,,,,,,,,,,,
All,Manufacturer Center,2025-07-01/2025-12-31,KEYWORD_OTHER,PERSONAL_INFORMATION,BG,,,,,,,,,,,,,,
All,Manufacturer Center,2025-07-01/2025-12-31,KEYWORD_OTHER,PERSONAL_RIGHTS,BG,,,,,,,,,,,,,,
All,Manufacturer Center,2025-07-01/2025-12-31,KEYWORD_OTHER,PERSONALIZED_ADVERTISING,BG,,,,,,,,,,,,,,
All,Manufacturer Center,2025-07-01/2025-12-31,KEYWORD_OTHER,PRIVACY,BG,,,,,,,,,,,,,,
All,Manufacturer Center,2025-07-01/2025-12-31,KEYWORD_OTHER,PRIVACY_POLICY,BG,,,,,,,,,,,,,,
All,Manufacturer Center,2025-07-01/2025-12-31,KEYWORD_OTHER,UNSECURE_DATA_HANDLING,BG,,,,,,,,,,,,,,
All,Manufacturer Center,2025-07-01/2025-12-31,STATEMENT_CATEGORY_ILLEGAL_OR_HARMFUL_SPEECH,,BG,,,,,,,,,,,,,,
All,Manufacturer Center,2025-07-01/2025-12-31,KEYWORD_DEFAMATION,,BG,,,,,,,,,,,,,,
All,Manufacturer Center,2025-07-01/2025-12-31,KEYWORD_DISCRIMINATION,,BG,,,,,,,,,,,,,,
All,Manufacturer Center,2025-07-01/2025-12-31,KEYWORD_HATE_SPEECH,,BG,,,,,,,,,,,,,,
All,Manufacturer Center,2025-07-01/2025-12-31,KEYWORD_OTHER,HATEFUL_OR_ABUSIVE,BG,,,,,,,,,,,,,,
All,Manufacturer Center,2025-07-01/2025-12-31,KEYWORD_OTHER,ILLEGAL_OR_HARMFUL_SPEECH,BG,,,,,,,,,,,,,,
All,Manufacturer Center,2025-07-01/2025-12-31,KEYWORD_OTHER,OBSCENITY_AND_PROFANITY,BG,,,,,,,,,,,,,,
All,Manufacturer Center,2025-07-01/2025-12-31,KEYWORD_OTHER,OFFENSIVE_CONTENT,BG,,,,,,,,,,,,,,
All,Manufacturer Center,2025-07-01/2025-12-31,KEYWORD_OTHER,UNSAFE_CONTENT,BG,,,,,,,,,,,,,,
All,Manufacturer Center,2025-07-01/2025-12-31,STATEMENT_CATEGORY_INTELLECTUAL_PROPERTY_INFRINGEMENTS,,BG,,,,,,,,,,,,,,
All,Manufacturer Center,2025-07-01/2025-12-31,KEYWORD_COPYRIGHT_INFRINGEMENT,,BG,,,,,,,,,,,,,,
All,Manufacturer Center,2025-07-01/2025-12-31,KEYWORD_DESIGN_INFRINGEMENT,,BG,,,,,,,,,,,,,,
All,Manufacturer Center,2025-07-01/2025-12-31,KEYWORD_GEOGRAPHIC_INDICATIONS_INFRINGEMENT,,BG,,,,,,,,,,,,,,
All,Manufacturer Center,2025-07-01/2025-12-31,KEYWORD_PATENT_INFRINGEMENT,,BG,,,,,,,,,,,,,,
All,Manufacturer Center,2025-07-01/2025-12-31,KEYWORD_TRADE_SECRET_INFRINGEMENT,,BG,,,,,,,,,,,,,,
All,Manufacturer Center,2025-07-01/2025-12-31,KEYWORD_TRADEMARK_INFRINGEMENT,,BG,,,,,,,,,,,,,,
All,Manufacturer Center,2025-07-01/2025-12-31,KEYWORD_OTHER,CIRCUMVENTION,BG,,,,,,,,,,,,,,
All,Manufacturer Center,2025-07-01/2025-12-31,KEYWORD_OTHER,INTELLECTUAL PROPERTY,BG,,,,,,,,,,,,,,
All,Manufacturer Center,2025-07-01/2025-12-31,STATEMENT_CATEGORY_NEGATIVE_EFFECTS_ON_CIVIC_DISCOURSE_OR_ELECTIONS,,BG,,,,,,,,,,,,,,
All,Manufacturer Center,2025-07-01/2025-12-31,KEYWORD_MISINFORMATION_DISINFORMATION,,BG,,,,,,,,,,,,,,
All,Manufacturer Center,2025-07-01/2025-12-31,KEYWORD_VIOLATION_EU_LAW,,BG,,,,,,,,,,,,,,
All,Manufacturer Center,2025-07-01/2025-12-31,KEYWORD_VIOLATION_NATIONAL_LAW,,BG,,,,,,,,,,,,,,
All,Manufacturer Center,2025-07-01/2025-12-31,KEYWORD_OTHER,ELECTORAL,BG,,,,,,,,,,,,,,
All,Manufacturer Center,2025-07-01/2025-12-31,KEYWORD_OTHER,HACKED_POLITICAL_MATERIALS,BG,,,,,,,,,,,,,,
All,Manufacturer Center,2025-07-01/2025-12-31,KEYWORD_OTHER,POLITICAL_CONTENT,BG,,,,,,,,,,,,,,
All,Manufacturer Center,2025-07-01/2025-12-31,KEYWORD_OTHER,SOCIAL_STABILITY,BG,,,,,,,,,,,,,,
All,Manufacturer Center,2025-07-01/2025-12-31,KEYWORD_OTHER,SOCIETAL_VALUES,BG,,,,,,,,,,,,,,
All,Manufacturer Center,2025-07-01/2025-12-31,STATEMENT_CATEGORY_PROTECTION_OF_MINORS,,BG,,,,,,,,,,,,,,
All,Manufacturer Center,2025-07-01/2025-12-31,KEYWORD_AGE_SPECIFIC_RESTRICTIONS_MINORS,,BG,,,,,,,,,,,,,,
All,Manufacturer Center,2025-07-01/2025-12-31,KEYWORD_CHILD_SEXUAL_ABUSE_MATERIAL,,BG,,,,,,,,,,,,,,
All,Manufacturer Center,2025-07-01/2025-12-31,KEYWORD_CHILD_SEXUAL_ABUSE_MATERIAL_DEEPFAKE,,BG,,,,,,,,,,,,,,
All,Manufacturer Center,2025-07-01/2025-12-31,KEYWORD_GROOMING_SEXUAL_ENTICEMENT_MINORS,,BG,,,,,,,,,,,,,,
All,Manufacturer Center,2025-07-01/2025-12-31,KEYWORD_UNSAFE_CHALLENGES,,BG,,,,,,,,,,,,,,
All,Manufacturer Center,2025-07-01/2025-12-31,KEYWORD_OTHER,CHILD_ENDANGERMENT,BG,,,,,,,,,,,,,,
All,Manufacturer Center,2025-07-01/2025-12-31,KEYWORD_OTHER,CHILD_SAFETY,BG,,,,,,,,,,,,,,
All,Manufacturer Center,2025-07-01/2025-12-31,KEYWORD_OTHER,HARMFUL_OR_DANGEROUS_ACTS_CHALLENGES_AND_PRANKS,BG,,,,,,,,,,,,,,
All,Manufacturer Center,2025-07-01/2025-12-31,KEYWORD_OTHER,KNOWN_SERIES,BG,,,,,,,,,,,,,,
All,Manufacturer Center,2025-07-01/2025-12-31,KEYWORD_OTHER,PROTECTION_OF_MINORS,BG,,,,,,,,,,,,,,
All,Manufacturer Center,2025-07-01/2025-12-31,KEYWORD_OTHER,UNAUTHORIZED_IMAGE_OF_MINORS,BG,,,,,,,,,,,,,,
All,Manufacturer Center,2025-07-01/2025-12-31,STATEMENT_CATEGORY_RISK_FOR_PUBLIC_SECURITY,,BG,,,,,,,,,,,,,,
All,Manufacturer Center,2025-07-01/2025-12-31,KEYWORD_ILLEGAL_ORGANIZATIONS,,BG,,,,,,,,,,,,,,
All,Manufacturer Center,2025-07-01/2025-12-31,KEYWORD_RISK_ENVIRONMENTAL_DAMAGE,,BG,,,,,,,,,,,,,,
All,Manufacturer Center,2025-07-01/2025-12-31,KEYWORD_RISK_PUBLIC_HEALTH,,BG,,,,,,,,,,,,,,
All,Manufacturer Center,2025-07-01/2025-12-31,KEYWORD_TERRORIST_CONTENT,,BG,,,,,,,,,,,,,,
All,Manufacturer Center,2025-07-01/2025-12-31,KEYWORD_OTHER,COURT_ORDER,BG,,,,,,,,,,,,,,
All,Manufacturer Center,2025-07-01/2025-12-31,KEYWORD_OTHER,RISK_FOR_PUBLIC_SECURITY,BG,,,,,,,,,,,,,,
All,Manufacturer Center,2025-07-01/2025-12-31,KEYWORD_OTHER,SENSITIVE_EVENTS,BG,,,,,,,,,,,,,,
All,Manufacturer Center,2025-07-01/2025-12-31,KEYWORD_OTHER,VIOLENT_EXTREMISM,BG,,,,,,,,,,,,,,
All,Manufacturer Center,2025-07-01/2025-12-31,KEYWORD_OTHER,WRONGFUL_OR_UNAUTHORIZED_USE_OF_SYMBOLS,BG,,,,,,,,,,,,,,
All,Manufacturer Center,2025-07-01/2025-12-31,STATEMENT_CATEGORY_SCAMS_AND_FRAUD,,BG,,,,,,,,,,,,,,
All,Manufacturer Center,2025-07-01/2025-12-31,KEYWORD_IMPERSONATION_ACCOUNT_HIJACKING,,BG,,,,,,,,,,,,,,
All,Manufacturer Center,2025-07-01/2025-12-31,KEYWORD_INAUTHENTIC_ACCOUNTS,,BG,,,,,,,,,,,,,,
All,Manufacturer Center,2025-07-01/2025-12-31,KEYWORD_INAUTHENTIC_LISTINGS,,BG,,,,,,,,,,,,,,
All,Manufacturer Center,2025-07-01/2025-12-31,KEYWORD_INAUTHENTIC_USER_REVIEWS,,BG,,,,,,,,,,,,,,
All,Manufacturer Center,2025-07-01/2025-12-31,KEYWORD_PHISHING,,BG,,,,,,,,,,,,,,
All,Manufacturer Center,2025-07-01/2025-12-31,KEYWORD_PYRAMID_SCHEMES,,BG,,,,,,,,,,,,,,
All,Manufacturer Center,2025-07-01/2025-12-31,KEYWORD_OTHER,AD_FRAUD_POLICY,BG,,,,,,,,,,,,,,
All,Manufacturer Center,2025-07-01/2025-12-31,KEYWORD_OTHER,ENCOURAGEMENT_OF_DIGITAL_SECURITY_OR_TERMS_OF_SERVICE_VIOLATIONS,BG,,,,,,,,,,,,,,
All,Manufacturer Center,2025-07-01/2025-12-31,KEYWORD_OTHER,FRAUD,BG,,,,,,,,,,,,,,
All,Manufacturer Center,2025-07-01/2025-12-31,KEYWORD_OTHER,MALWARE,BG,,,,,,,,,,,,,,
All,Manufacturer Center,2025-07-01/2025-12-31,KEYWORD_OTHER,MALWARE_AND_PHISHING,BG,,,,,,,,,,,,,,
All,Manufacturer Center,2025-07-01/2025-12-31,KEYWORD_OTHER,MALWARE_AND_SYSTEM_CIRCUMVENTION,BG,,,,,,,,,,,,,,
All,Manufacturer Center,2025-07-01/2025-12-31,KEYWORD_OTHER,MISREPRESENTATION,BG,,,,,,,,,,,,,,
All,Manufacturer Center,2025-07-01/2025-12-31,KEYWORD_OTHER,SCAMS,BG,,,,,,,,,,,,,,
All,Manufacturer Center,2025-07-01/2025-12-31,KEYWORD_OTHER,SOCIAL_ENGINEERING_TACTICS,BG,,,,,,,,,,,,,,
All,Manufacturer Center,2025-07-01/2025-12-31,STATEMENT_CATEGORY_SELF_HARM,,BG,,,,,,,,,,,,,,
All,Manufacturer Center,2025-07-01/2025-12-31,KEYWORD_CONTENT_PROMOTING_EATING_DISORDERS,,BG,,,,,,,,,,,,,,
All,Manufacturer Center,2025-07-01/2025-12-31,KEYWORD_SELF_MUTILATION,,BG,,,,,,,,,,,,,,
All,Manufacturer Center,2025-07-01/2025-12-31,KEYWORD_SUICIDE,,BG,,,,,,,,,,,,,,
All,Manufacturer Center,2025-07-01/2025-12-31,KEYWORD_OTHER,SELF_HARM,BG,,,,,,,,,,,,,,
All,Manufacturer Center,2025-07-01/2025-12-31,KEYWORD_OTHER,SUICIDE_AND_SELF_HARM,BG,,,,,,,,,,,,,,
All,Manufacturer Center,2025-07-01/2025-12-31,STATEMENT_CATEGORY_UNSAFE_AND_PROHIBITED_PRODUCTS,,BG,,,,,,,,,,,,,,
All,Manufacturer Center,2025-07-01/2025-12-31,KEYWORD_PROHIBITED_PRODUCTS,,BG,,,,,,,,,,,,,,
All,Manufacturer Center,2025-07-01/2025-12-31,KEYWORD_UNSAFE_PRODUCTS,,BG,,,,,,,,,,,,,,
All,Manufacturer Center,2025-07-01/2025-12-31,KEYWORD_OTHER,COURT_ORDER,BG,,,,,,,,,,,,,,
All,Manufacturer Center,2025-07-01/2025-12-31,KEYWORD_OTHER,ENABLING_DISHONEST_BEHAVIOR,BG,,,,,,,,,,,,,,
All,Manufacturer Center,2025-07-01/2025-12-31,KEYWORD_OTHER,FIREARMS_AND_ILLEGAL_REGULATED_GOODS_OR_SERVICES,BG,,,,,,,,,,,,,,
All,Manufacturer Center,2025-07-01/2025-12-31,KEYWORD_OTHER,OTHER_LEGAL_NOTICES_OR_ORDERS,BG,,,,,,,,,,,,,,
All,Manufacturer Center,2025-07-01/2025-12-31,KEYWORD_OTHER,UNAUTHORIZED_PHARMACIES,BG,,,,,,,,,,,,,,
All,Manufacturer Center,2025-07-01/2025-12-31,STATEMENT_CATEGORY_VIOLENCE,,BG,,,,,,,,,,,,,,
All,Manufacturer Center,2025-07-01/2025-12-31,KEYWORD_COORDINATED_HARM,,BG,,,,,,,,,,,,,,
All,Manufacturer Center,2025-07-01/2025-12-31,KEYWORD_INCITEMENT_VIOLENCE_HATRED,,BG,,,,,,,,,,,,,,
All,Manufacturer Center,2025-07-01/2025-12-31,KEYWORD_HUMAN_EXPLOITATION,,BG,,,,,,,,,,,,,,
All,Manufacturer Center,2025-07-01/2025-12-31,KEYWORD_HUMAN_TRAFFICKING,,BG,,,,,,,,,,,,,,
All,Manufacturer Center,2025-07-01/2025-12-31,KEYWORD_TRAFFICKING_WOMEN_GIRLS,,BG,,,,,,,,,,,,,,
All,Manufacturer Center,2025-07-01/2025-12-31,KEYWORD_OTHER,DEPICTION_OF VIOLENCE,BG,,,,,,,,,,,,,,
All,Manufacturer Center,2025-07-01/2025-12-31,KEYWORD_OTHER,SHOCKING_CONTENT,BG,,,,,,,,,,,,,,
All,Manufacturer Center,2025-07-01/2025-12-31,KEYWORD_OTHER,VIOLENT_OR_GRAPHIC_CONTENT,BG,,,,,,,,,,,,,,
All,Manufacturer Center,2025-07-01/2025-12-31,STATEMENT_CATEGORY_NOT_SPECIFIED_ORDER,,BG,,,,,,,,,,,,,,
All,Manufacturer Center,2025-07-01/2025-12-31,TOTAL,,HR,,,,,,,,,,,,,,
All,Manufacturer Center,2025-07-01/2025-12-31,STATEMENT_CATEGORY_ANIMAL_WELFARE,,HR,,,,,,,,,,,,,,
All,Manufacturer Center,2025-07-01/2025-12-31,KEYWORD_ANIMAL_HARM,,HR,,,,,,,,,,,,,,
All,Manufacturer Center,2025-07-01/2025-12-31,KEYWORD_UNLAWFUL_SALE_ANIMALS,,HR,,,,,,,,,,,,,,
All,Manufacturer Center,2025-07-01/2025-12-31,KEYWORD_OTHER,ANIMAL_CRUELTY,HR,,,,,,,,,,,,,,
All,Manufacturer Center,2025-07-01/2025-12-31,KEYWORD_OTHER,ANIMAL_HARM_AND_UNLAWFUL_SALE,HR,,,,,,,,,,,,,,
All,Manufacturer Center,2025-07-01/2025-12-31,STATEMENT_CATEGORY_CONSUMER_INFORMATION,,HR,,,,,,,,,,,,,,
All,Manufacturer Center,2025-07-01/2025-12-31,KEYWORD_HIDDEN_ADVERTISEMENT,,HR,,,,,,,,,,,,,,
All,Manufacturer Center,2025-07-01/2025-12-31,KEYWORD_INSUFFICIENT_INFORMATION_ON_TRADERS,,HR,,,,,,,,,,,,,,
All,Manufacturer Center,2025-07-01/2025-12-31,KEYWORD_MISLEADING_INFO_GOODS_SERVICES,,HR,,,,,,,,,,,,,,
All,Manufacturer Center,2025-07-01/2025-12-31,KEYWORD_MISLEADING_INFO_CONSUMER_RIGHTS,,HR,,,,,,,,,,,,,,
All,Manufacturer Center,2025-07-01/2025-12-31,KEYWORD_NONCOMPLIANCE_PRICING,,HR,,,,,,,,,,,,,,
All,Manufacturer Center,2025-07-01/2025-12-31,KEYWORD_OTHER,CONSUMER_PROTECTION,HR,,,,,,,,,,,,,,
All,Manufacturer Center,2025-07-01/2025-12-31,KEYWORD_OTHER,MISREPRESENTATION,HR,,,,,,,,,,,,,,
All,Manufacturer Center,2025-07-01/2025-12-31,STATEMENT_CATEGORY_CYBER_VIOLENCE,,HR,,,,,,,,,,,,,,
All,Manufacturer Center,2025-07-01/2025-12-31,KEYWORD_CYBER_BULLYING_INTIMIDATION,,HR,,,,,,,,,,,,,,
All,Manufacturer Center,2025-07-01/2025-12-31,KEYWORD_CYBER_HARASSMENT,,HR,,,,,,,,,,,,,,
All,Manufacturer Center,2025-07-01/2025-12-31,KEYWORD_CYBER_INCITEMENT,,HR,,,,,,,,,,,,,,
All,Manufacturer Center,2025-07-01/2025-12-31,KEYWORD_CYBER_STALKING,,HR,,,,,,,,,,,,,,
All,Manufacturer Center,2025-07-01/2025-12-31,KEYWORD_NON_CONSENSUAL_IMAGE_SHARING,,HR,,,,,,,,,,,,,,
All,Manufacturer Center,2025-07-01/2025-12-31,KEYWORD_NON_CONSENSUAL_MATERIAL_DEEPFAKE,,HR,,,,,,,,,,,,,,
All,Manufacturer Center,2025-07-01/2025-12-31,KEYWORD_OTHER,DOXING,HR,,,,,,,,,,,,,,
All,Manufacturer Center,2025-07-01/2025-12-31,KEYWORD_OTHER,HARASSMENT,HR,,,,,,,,,,,,,,
All,Manufacturer Center,2025-07-01/2025-12-31,KEYWORD_OTHER,HARASSMENT_AND_CYBERBULLYING,HR,,,,,,,,,,,,,,
All,Manufacturer Center,2025-07-01/2025-12-31,KEYWORD_OTHER,HARMFUL_ACTIVITIES,HR,,,,,,,,,,,,,,
All,Manufacturer Center,2025-07-01/2025-12-31,KEYWORD_OTHER,SEXUAL_HARASSMENT,HR,,,,,,,,,,,,,,
All,Manufacturer Center,2025-07-01/2025-12-31,KEYWORD_OTHER,OBSCENITY_OR_PORNOGRAPHY,HR,,,,,,,,,,,,,,
All,Manufacturer Center,2025-07-01/2025-12-31,KEYWORD_OTHER,UNSAFE_CONTENT,HR,,,,,,,,,,,,,,
All,Manufacturer Center,2025-07-01/2025-12-31,STATEMENT_CATEGORY_CYBER_VIOLENCE_AGAINST_WOMEN,,HR,,,,,,,,,,,,,,
All,Manufacturer Center,2025-07-01/2025-12-31,KEYWORD_BULLYING_AGAINST_GIRLS,,HR,,,,,,,,,,,,,,
All,Manufacturer Center,2025-07-01/2025-12-31,KEYWORD_CYBER_HARASSMENT_AGAINST_WOMEN,,HR,,,,,,,,,,,,,,
All,Manufacturer Center,2025-07-01/2025-12-31,KEYWORD_CYBER_STALKING_AGAINST_WOMEN,,HR,,,,,,,,,,,,,,
All,Manufacturer Center,2025-07-01/2025-12-31,KEYWORD_FEMALE_GENDERED_DISINFORMATION,,HR,,,,,,,,,,,,,,
All,Manufacturer Center,2025-07-01/2025-12-31,KEYWORD_INCITEMENT_AGAINST_WOMEN,,HR,,,,,,,,,,,,,,
All,Manufacturer Center,2025-07-01/2025-12-31,KEYWORD_NON_CONSENSUAL_IMAGE_SHARING_AGAINST_WOMEN,,HR,,,,,,,,,,,,,,
All,Manufacturer Center,2025-07-01/2025-12-31,KEYWORD_NON_CONSENSUAL_MATERIAL_DEEPFAKE_AGAINST_WOMEN,,HR,,,,,,,,,,,,,,
All,Manufacturer Center,2025-07-01/2025-12-31,KEYWORD_OTHER,"Text to detail the ""Other"" keyword.",HR,,,,,,,,,,,,,,
All,Manufacturer Center,2025-07-01/2025-12-31,STATEMENT_CATEGORY_DATA_PROTECTION_AND_PRIVACY_VIOLATIONS,,HR,,,,,,,,,,,,,,
All,Manufacturer Center,2025-07-01/2025-12-31,KEYWORD_BIOMETRIC_DATA_BREACH,,HR,,,,,,,,,,,,,,
All,Manufacturer Center,2025-07-01/2025-12-31,KEYWORD_DATA_FALSIFICATION,,HR,,,,,,,,,,,,,,
All,Manufacturer Center,2025-07-01/2025-12-31,KEYWORD_MISSING_PROCESSING_GROUND,,HR,,,,,,,,,,,,,,
All,Manufacturer Center,2025-07-01/2025-12-31,KEYWORD_RIGHT_TO_BE_FORGOTTEN,,HR,,,,,,,,,,,,,,
All,Manufacturer Center,2025-07-01/2025-12-31,KEYWORD_OTHER,DATA_COLLECTION_AND_USE,HR,,,,,,,,,,,,,,
All,Manufacturer Center,2025-07-01/2025-12-31,KEYWORD_OTHER,DISCLOSURE_AND_CONSENT_PRACTICES,HR,,,,,,,,,,,,,,
All,Manufacturer Center,2025-07-01/2025-12-31,KEYWORD_OTHER,GDPR,HR,,,,,,,,,,,,,,
All,Manufacturer Center,2025-07-01/2025-12-31,KEYWORD_OTHER,PERSONAL_INFORMATION,HR,,,,,,,,,,,,,,
All,Manufacturer Center,2025-07-01/2025-12-31,KEYWORD_OTHER,PERSONAL_RIGHTS,HR,,,,,,,,,,,,,,
All,Manufacturer Center,2025-07-01/2025-12-31,KEYWORD_OTHER,PERSONALIZED_ADVERTISING,HR,,,,,,,,,,,,,,
All,Manufacturer Center,2025-07-01/2025-12-31,KEYWORD_OTHER,PRIVACY,HR,,,,,,,,,,,,,,
All,Manufacturer Center,2025-07-01/2025-12-31,KEYWORD_OTHER,PRIVACY_POLICY,HR,,,,,,,,,,,,,,
All,Manufacturer Center,2025-07-01/2025-12-31,KEYWORD_OTHER,UNSECURE_DATA_HANDLING,HR,,,,,,,,,,,,,,
All,Manufacturer Center,2025-07-01/2025-12-31,STATEMENT_CATEGORY_ILLEGAL_OR_HARMFUL_SPEECH,,HR,,,,,,,,,,,,,,
All,Manufacturer Center,2025-07-01/2025-12-31,KEYWORD_DEFAMATION,,HR,,,,,,,,,,,,,,
All,Manufacturer Center,2025-07-01/2025-12-31,KEYWORD_DISCRIMINATION,,HR,,,,,,,,,,,,,,
All,Manufacturer Center,2025-07-01/2025-12-31,KEYWORD_HATE_SPEECH,,HR,,,,,,,,,,,,,,
All,Manufacturer Center,2025-07-01/2025-12-31,KEYWORD_OTHER,HATEFUL_OR_ABUSIVE,HR,,,,,,,,,,,,,,
All,Manufacturer Center,2025-07-01/2025-12-31,KEYWORD_OTHER,ILLEGAL_OR_HARMFUL_SPEECH,HR,,,,,,,,,,,,,,
All,Manufacturer Center,2025-07-01/2025-12-31,KEYWORD_OTHER,OBSCENITY_AND_PROFANITY,HR,,,,,,,,,,,,,,
All,Manufacturer Center,2025-07-01/2025-12-31,KEYWORD_OTHER,OFFENSIVE_CONTENT,HR,,,,,,,,,,,,,,
All,Manufacturer Center,2025-07-01/2025-12-31,KEYWORD_OTHER,UNSAFE_CONTENT,HR,,,,,,,,,,,,,,
All,Manufacturer Center,2025-07-01/2025-12-31,STATEMENT_CATEGORY_INTELLECTUAL_PROPERTY_INFRINGEMENTS,,HR,,,,,,,,,,,,,,
All,Manufacturer Center,2025-07-01/2025-12-31,KEYWORD_COPYRIGHT_INFRINGEMENT,,HR,,,,,,,,,,,,,,
All,Manufacturer Center,2025-07-01/2025-12-31,KEYWORD_DESIGN_INFRINGEMENT,,HR,,,,,,,,,,,,,,
All,Manufacturer Center,2025-07-01/2025-12-31,KEYWORD_GEOGRAPHIC_INDICATIONS_INFRINGEMENT,,HR,,,,,,,,,,,,,,
All,Manufacturer Center,2025-07-01/2025-12-31,KEYWORD_PATENT_INFRINGEMENT,,HR,,,,,,,,,,,,,,
All,Manufacturer Center,2025-07-01/2025-12-31,KEYWORD_TRADE_SECRET_INFRINGEMENT,,HR,,,,,,,,,,,,,,
All,Manufacturer Center,2025-07-01/2025-12-31,KEYWORD_TRADEMARK_INFRINGEMENT,,HR,,,,,,,,,,,,,,
All,Manufacturer Center,2025-07-01/2025-12-31,KEYWORD_OTHER,CIRCUMVENTION,HR,,,,,,,,,,,,,,
All,Manufacturer Center,2025-07-01/2025-12-31,KEYWORD_OTHER,INTELLECTUAL PROPERTY,HR,,,,,,,,,,,,,,
All,Manufacturer Center,2025-07-01/2025-12-31,STATEMENT_CATEGORY_NEGATIVE_EFFECTS_ON_CIVIC_DISCOURSE_OR_ELECTIONS,,HR,,,,,,,,,,,,,,
All,Manufacturer Center,2025-07-01/2025-12-31,KEYWORD_MISINFORMATION_DISINFORMATION,,HR,,,,,,,,,,,,,,
All,Manufacturer Center,2025-07-01/2025-12-31,KEYWORD_VIOLATION_EU_LAW,,HR,,,,,,,,,,,,,,
All,Manufacturer Center,2025-07-01/2025-12-31,KEYWORD_VIOLATION_NATIONAL_LAW,,HR,,,,,,,,,,,,,,
All,Manufacturer Center,2025-07-01/2025-12-31,KEYWORD_OTHER,ELECTORAL,HR,,,,,,,,,,,,,,
All,Manufacturer Center,2025-07-01/2025-12-31,KEYWORD_OTHER,HACKED_POLITICAL_MATERIALS,HR,,,,,,,,,,,,,,
All,Manufacturer Center,2025-07-01/2025-12-31,KEYWORD_OTHER,POLITICAL_CONTENT,HR,,,,,,,,,,,,,,
All,Manufacturer Center,2025-07-01/2025-12-31,KEYWORD_OTHER,SOCIAL_STABILITY,HR,,,,,,,,,,,,,,
All,Manufacturer Center,2025-07-01/2025-12-31,KEYWORD_OTHER,SOCIETAL_VALUES,HR,,,,,,,,,,,,,,
All,Manufacturer Center,2025-07-01/2025-12-31,STATEMENT_CATEGORY_PROTECTION_OF_MINORS,,HR,,,,,,,,,,,,,,
All,Manufacturer Center,2025-07-01/2025-12-31,KEYWORD_AGE_SPECIFIC_RESTRICTIONS_MINORS,,HR,,,,,,,,,,,,,,
All,Manufacturer Center,2025-07-01/2025-12-31,KEYWORD_CHILD_SEXUAL_ABUSE_MATERIAL,,HR,,,,,,,,,,,,,,
All,Manufacturer Center,2025-07-01/2025-12-31,KEYWORD_CHILD_SEXUAL_ABUSE_MATERIAL_DEEPFAKE,,HR,,,,,,,,,,,,,,
All,Manufacturer Center,2025-07-01/2025-12-31,KEYWORD_GROOMING_SEXUAL_ENTICEMENT_MINORS,,HR,,,,,,,,,,,,,,
All,Manufacturer Center,2025-07-01/2025-12-31,KEYWORD_UNSAFE_CHALLENGES,,HR,,,,,,,,,,,,,,
All,Manufacturer Center,2025-07-01/2025-12-31,KEYWORD_OTHER,CHILD_ENDANGERMENT,HR,,,,,,,,,,,,,,
All,Manufacturer Center,2025-07-01/2025-12-31,KEYWORD_OTHER,CHILD_SAFETY,HR,,,,,,,,,,,,,,
All,Manufacturer Center,2025-07-01/2025-12-31,KEYWORD_OTHER,HARMFUL_OR_DANGEROUS_ACTS_CHALLENGES_AND_PRANKS,HR,,,,,,,,,,,,,,
All,Manufacturer Center,2025-07-01/2025-12-31,KEYWORD_OTHER,KNOWN_SERIES,HR,,,,,,,,,,,,,,
All,Manufacturer Center,2025-07-01/2025-12-31,KEYWORD_OTHER,PROTECTION_OF_MINORS,HR,,,,,,,,,,,,,,
All,Manufacturer Center,2025-07-01/2025-12-31,KEYWORD_OTHER,UNAUTHORIZED_IMAGE_OF_MINORS,HR,,,,,,,,,,,,,,
All,Manufacturer Center,2025-07-01/2025-12-31,STATEMENT_CATEGORY_RISK_FOR_PUBLIC_SECURITY,,HR,,,,,,,,,,,,,,
All,Manufacturer Center,2025-07-01/2025-12-31,KEYWORD_ILLEGAL_ORGANIZATIONS,,HR,,,,,,,,,,,,,,
All,Manufacturer Center,2025-07-01/2025-12-31,KEYWORD_RISK_ENVIRONMENTAL_DAMAGE,,HR,,,,,,,,,,,,,,
All,Manufacturer Center,2025-07-01/2025-12-31,KEYWORD_RISK_PUBLIC_HEALTH,,HR,,,,,,,,,,,,,,
All,Manufacturer Center,2025-07-01/2025-12-31,KEYWORD_TERRORIST_CONTENT,,HR,,,,,,,,,,,,,,
All,Manufacturer Center,2025-07-01/2025-12-31,KEYWORD_OTHER,COURT_ORDER,HR,,,,,,,,,,,,,,
All,Manufacturer Center,2025-07-01/2025-12-31,KEYWORD_OTHER,RISK_FOR_PUBLIC_SECURITY,HR,,,,,,,,,,,,,,
All,Manufacturer Center,2025-07-01/2025-12-31,KEYWORD_OTHER,SENSITIVE_EVENTS,HR,,,,,,,,,,,,,,
All,Manufacturer Center,2025-07-01/2025-12-31,KEYWORD_OTHER,VIOLENT_EXTREMISM,HR,,,,,,,,,,,,,,
All,Manufacturer Center,2025-07-01/2025-12-31,KEYWORD_OTHER,WRONGFUL_OR_UNAUTHORIZED_USE_OF_SYMBOLS,HR,,,,,,,,,,,,,,
All,Manufacturer Center,2025-07-01/2025-12-31,STATEMENT_CATEGORY_SCAMS_AND_FRAUD,,HR,,,,,,,,,,,,,,
All,Manufacturer Center,2025-07-01/2025-12-31,KEYWORD_IMPERSONATION_ACCOUNT_HIJACKING,,HR,,,,,,,,,,,,,,
All,Manufacturer Center,2025-07-01/2025-12-31,KEYWORD_INAUTHENTIC_ACCOUNTS,,HR,,,,,,,,,,,,,,
All,Manufacturer Center,2025-07-01/2025-12-31,KEYWORD_INAUTHENTIC_LISTINGS,,HR,,,,,,,,,,,,,,
All,Manufacturer Center,2025-07-01/2025-12-31,KEYWORD_INAUTHENTIC_USER_REVIEWS,,HR,,,,,,,,,,,,,,
All,Manufacturer Center,2025-07-01/2025-12-31,KEYWORD_PHISHING,,HR,,,,,,,,,,,,,,
All,Manufacturer Center,2025-07-01/2025-12-31,KEYWORD_PYRAMID_SCHEMES,,HR,,,,,,,,,,,,,,
All,Manufacturer Center,2025-07-01/2025-12-31,KEYWORD_OTHER,AD_FRAUD_POLICY,HR,,,,,,,,,,,,,,
All,Manufacturer Center,2025-07-01/2025-12-31,KEYWORD_OTHER,ENCOURAGEMENT_OF_DIGITAL_SECURITY_OR_TERMS_OF_SERVICE_VIOLATIONS,HR,,,,,,,,,,,,,,
All,Manufacturer Center,2025-07-01/2025-12-31,KEYWORD_OTHER,FRAUD,HR,,,,,,,,,,,,,,
All,Manufacturer Center,2025-07-01/2025-12-31,KEYWORD_OTHER,MALWARE,HR,,,,,,,,,,,,,,
All,Manufacturer Center,2025-07-01/2025-12-31,KEYWORD_OTHER,MALWARE_AND_PHISHING,HR,,,,,,,,,,,,,,
All,Manufacturer Center,2025-07-01/2025-12-31,KEYWORD_OTHER,MALWARE_AND_SYSTEM_CIRCUMVENTION,HR,,,,,,,,,,,,,,
All,Manufacturer Center,2025-07-01/2025-12-31,KEYWORD_OTHER,MISREPRESENTATION,HR,,,,,,,,,,,,,,
All,Manufacturer Center,2025-07-01/2025-12-31,KEYWORD_OTHER,SCAMS,HR,,,,,,,,,,,,,,
All,Manufacturer Center,2025-07-01/2025-12-31,KEYWORD_OTHER,SOCIAL_ENGINEERING_TACTICS,HR,,,,,,,,,,,,,,
All,Manufacturer Center,2025-07-01/2025-12-31,STATEMENT_CATEGORY_SELF_HARM,,HR,,,,,,,,,,,,,,
All,Manufacturer Center,2025-07-01/2025-12-31,KEYWORD_CONTENT_PROMOTING_EATING_DISORDERS,,HR,,,,,,,,,,,,,,
All,Manufacturer Center,2025-07-01/2025-12-31,KEYWORD_SELF_MUTILATION,,HR,,,,,,,,,,,,,,
All,Manufacturer Center,2025-07-01/2025-12-31,KEYWORD_SUICIDE,,HR,,,,,,,,,,,,,,
All,Manufacturer Center,2025-07-01/2025-12-31,KEYWORD_OTHER,SELF_HARM,HR,,,,,,,,,,,,,,
All,Manufacturer Center,2025-07-01/2025-12-31,KEYWORD_OTHER,SUICIDE_AND_SELF_HARM,HR,,,,,,,,,,,,,,
All,Manufacturer Center,2025-07-01/2025-12-31,STATEMENT_CATEGORY_UNSAFE_AND_PROHIBITED_PRODUCTS,,HR,,,,,,,,,,,,,,
All,Manufacturer Center,2025-07-01/2025-12-31,KEYWORD_PROHIBITED_PRODUCTS,,HR,,,,,,,,,,,,,,
All,Manufacturer Center,2025-07-01/2025-12-31,KEYWORD_UNSAFE_PRODUCTS,,HR,,,,,,,,,,,,,,
All,Manufacturer Center,2025-07-01/2025-12-31,KEYWORD_OTHER,COURT_ORDER,HR,,,,,,,,,,,,,,
All,Manufacturer Center,2025-07-01/2025-12-31,KEYWORD_OTHER,ENABLING_DISHONEST_BEHAVIOR,HR,,,,,,,,,,,,,,
All,Manufacturer Center,2025-07-01/2025-12-31,KEYWORD_OTHER,FIREARMS_AND_ILLEGAL_REGULATED_GOODS_OR_SERVICES,HR,,,,,,,,,,,,,,
All,Manufacturer Center,2025-07-01/2025-12-31,KEYWORD_OTHER,OTHER_LEGAL_NOTICES_OR_ORDERS,HR,,,,,,,,,,,,,,
All,Manufacturer Center,2025-07-01/2025-12-31,KEYWORD_OTHER,UNAUTHORIZED_PHARMACIES,HR,,,,,,,,,,,,,,
All,Manufacturer Center,2025-07-01/2025-12-31,STATEMENT_CATEGORY_VIOLENCE,,HR,,,,,,,,,,,,,,
All,Manufacturer Center,2025-07-01/2025-12-31,KEYWORD_COORDINATED_HARM,,HR,,,,,,,,,,,,,,
All,Manufacturer Center,2025-07-01/2025-12-31,KEYWORD_INCITEMENT_VIOLENCE_HATRED,,HR,,,,,,,,,,,,,,
All,Manufacturer Center,2025-07-01/2025-12-31,KEYWORD_HUMAN_EXPLOITATION,,HR,,,,,,,,,,,,,,
All,Manufacturer Center,2025-07-01/2025-12-31,KEYWORD_HUMAN_TRAFFICKING,,HR,,,,,,,,,,,,,,
All,Manufacturer Center,2025-07-01/2025-12-31,KEYWORD_TRAFFICKING_WOMEN_GIRLS,,HR,,,,,,,,,,,,,,
All,Manufacturer Center,2025-07-01/2025-12-31,KEYWORD_OTHER,DEPICTION_OF VIOLENCE,HR,,,,,,,,,,,,,,
All,Manufacturer Center,2025-07-01/2025-12-31,KEYWORD_OTHER,SHOCKING_CONTENT,HR,,,,,,,,,,,,,,
All,Manufacturer Center,2025-07-01/2025-12-31,KEYWORD_OTHER,VIOLENT_OR_GRAPHIC_CONTENT,HR,,,,,,,,,,,,,,
All,Manufacturer Center,2025-07-01/2025-12-31,STATEMENT_CATEGORY_NOT_SPECIFIED_ORDER,,HR,,,,,,,,,,,,,,
All,Manufacturer Center,2025-07-01/2025-12-31,TOTAL,,CY,,,,,,,,,,,,,,
All,Manufacturer Center,2025-07-01/2025-12-31,STATEMENT_CATEGORY_ANIMAL_WELFARE,,CY,,,,,,,,,,,,,,
All,Manufacturer Center,2025-07-01/2025-12-31,KEYWORD_ANIMAL_HARM,,CY,,,,,,,,,,,,,,
All,Manufacturer Center,2025-07-01/2025-12-31,KEYWORD_UNLAWFUL_SALE_ANIMALS,,CY,,,,,,,,,,,,,,
All,Manufacturer Center,2025-07-01/2025-12-31,KEYWORD_OTHER,ANIMAL_CRUELTY,CY,,,,,,,,,,,,,,
All,Manufacturer Center,2025-07-01/2025-12-31,KEYWORD_OTHER,ANIMAL_HARM_AND_UNLAWFUL_SALE,CY,,,,,,,,,,,,,,
All,Manufacturer Center,2025-07-01/2025-12-31,STATEMENT_CATEGORY_CONSUMER_INFORMATION,,CY,,,,,,,,,,,,,,
All,Manufacturer Center,2025-07-01/2025-12-31,KEYWORD_HIDDEN_ADVERTISEMENT,,CY,,,,,,,,,,,,,,
All,Manufacturer Center,2025-07-01/2025-12-31,KEYWORD_INSUFFICIENT_INFORMATION_ON_TRADERS,,CY,,,,,,,,,,,,,,
All,Manufacturer Center,2025-07-01/2025-12-31,KEYWORD_MISLEADING_INFO_GOODS_SERVICES,,CY,,,,,,,,,,,,,,
All,Manufacturer Center,2025-07-01/2025-12-31,KEYWORD_MISLEADING_INFO_CONSUMER_RIGHTS,,CY,,,,,,,,,,,,,,
All,Manufacturer Center,2025-07-01/2025-12-31,KEYWORD_NONCOMPLIANCE_PRICING,,CY,,,,,,,,,,,,,,
All,Manufacturer Center,2025-07-01/2025-12-31,KEYWORD_OTHER,CONSUMER_PROTECTION,CY,,,,,,,,,,,,,,
All,Manufacturer Center,2025-07-01/2025-12-31,KEYWORD_OTHER,MISREPRESENTATION,CY,,,,,,,,,,,,,,
All,Manufacturer Center,2025-07-01/2025-12-31,STATEMENT_CATEGORY_CYBER_VIOLENCE,,CY,,,,,,,,,,,,,,
All,Manufacturer Center,2025-07-01/2025-12-31,KEYWORD_CYBER_BULLYING_INTIMIDATION,,CY,,,,,,,,,,,,,,
All,Manufacturer Center,2025-07-01/2025-12-31,KEYWORD_CYBER_HARASSMENT,,CY,,,,,,,,,,,,,,
All,Manufacturer Center,2025-07-01/2025-12-31,KEYWORD_CYBER_INCITEMENT,,CY,,,,,,,,,,,,,,
All,Manufacturer Center,2025-07-01/2025-12-31,KEYWORD_CYBER_STALKING,,CY,,,,,,,,,,,,,,
All,Manufacturer Center,2025-07-01/2025-12-31,KEYWORD_NON_CONSENSUAL_IMAGE_SHARING,,CY,,,,,,,,,,,,,,
All,Manufacturer Center,2025-07-01/2025-12-31,KEYWORD_NON_CONSENSUAL_MATERIAL_DEEPFAKE,,CY,,,,,,,,,,,,,,
All,Manufacturer Center,2025-07-01/2025-12-31,KEYWORD_OTHER,DOXING,CY,,,,,,,,,,,,,,
All,Manufacturer Center,2025-07-01/2025-12-31,KEYWORD_OTHER,HARASSMENT,CY,,,,,,,,,,,,,,
All,Manufacturer Center,2025-07-01/2025-12-31,KEYWORD_OTHER,HARASSMENT_AND_CYBERBULLYING,CY,,,,,,,,,,,,,,
All,Manufacturer Center,2025-07-01/2025-12-31,KEYWORD_OTHER,HARMFUL_ACTIVITIES,CY,,,,,,,,,,,,,,
All,Manufacturer Center,2025-07-01/2025-12-31,KEYWORD_OTHER,SEXUAL_HARASSMENT,CY,,,,,,,,,,,,,,
All,Manufacturer Center,2025-07-01/2025-12-31,KEYWORD_OTHER,OBSCENITY_OR_PORNOGRAPHY,CY,,,,,,,,,,,,,,
All,Manufacturer Center,2025-07-01/2025-12-31,KEYWORD_OTHER,UNSAFE_CONTENT,CY,,,,,,,,,,,,,,
All,Manufacturer Center,2025-07-01/2025-12-31,STATEMENT_CATEGORY_CYBER_VIOLENCE_AGAINST_WOMEN,,CY,,,,,,,,,,,,,,
All,Manufacturer Center,2025-07-01/2025-12-31,KEYWORD_BULLYING_AGAINST_GIRLS,,CY,,,,,,,,,,,,,,
All,Manufacturer Center,2025-07-01/2025-12-31,KEYWORD_CYBER_HARASSMENT_AGAINST_WOMEN,,CY,,,,,,,,,,,,,,
All,Manufacturer Center,2025-07-01/2025-12-31,KEYWORD_CYBER_STALKING_AGAINST_WOMEN,,CY,,,,,,,,,,,,,,
All,Manufacturer Center,2025-07-01/2025-12-31,KEYWORD_FEMALE_GENDERED_DISINFORMATION,,CY,,,,,,,,,,,,,,
All,Manufacturer Center,2025-07-01/2025-12-31,KEYWORD_INCITEMENT_AGAINST_WOMEN,,CY,,,,,,,,,,,,,,
All,Manufacturer Center,2025-07-01/2025-12-31,KEYWORD_NON_CONSENSUAL_IMAGE_SHARING_AGAINST_WOMEN,,CY,,,,,,,,,,,,,,
All,Manufacturer Center,2025-07-01/2025-12-31,KEYWORD_NON_CONSENSUAL_MATERIAL_DEEPFAKE_AGAINST_WOMEN,,CY,,,,,,,,,,,,,,
All,Manufacturer Center,2025-07-01/2025-12-31,KEYWORD_OTHER,"Text to detail the ""Other"" keyword.",CY,,,,,,,,,,,,,,
All,Manufacturer Center,2025-07-01/2025-12-31,STATEMENT_CATEGORY_DATA_PROTECTION_AND_PRIVACY_VIOLATIONS,,CY,,,,,,,,,,,,,,
All,Manufacturer Center,2025-07-01/2025-12-31,KEYWORD_BIOMETRIC_DATA_BREACH,,CY,,,,,,,,,,,,,,
All,Manufacturer Center,2025-07-01/2025-12-31,KEYWORD_DATA_FALSIFICATION,,CY,,,,,,,,,,,,,,
All,Manufacturer Center,2025-07-01/2025-12-31,KEYWORD_MISSING_PROCESSING_GROUND,,CY,,,,,,,,,,,,,,
All,Manufacturer Center,2025-07-01/2025-12-31,KEYWORD_RIGHT_TO_BE_FORGOTTEN,,CY,,,,,,,,,,,,,,
All,Manufacturer Center,2025-07-01/2025-12-31,KEYWORD_OTHER,DATA_COLLECTION_AND_USE,CY,,,,,,,,,,,,,,
All,Manufacturer Center,2025-07-01/2025-12-31,KEYWORD_OTHER,DISCLOSURE_AND_CONSENT_PRACTICES,CY,,,,,,,,,,,,,,
All,Manufacturer Center,2025-07-01/2025-12-31,KEYWORD_OTHER,GDPR,CY,,,,,,,,,,,,,,
All,Manufacturer Center,2025-07-01/2025-12-31,KEYWORD_OTHER,PERSONAL_INFORMATION,CY,,,,,,,,,,,,,,
All,Manufacturer Center,2025-07-01/2025-12-31,KEYWORD_OTHER,PERSONAL_RIGHTS,CY,,,,,,,,,,,,,,
All,Manufacturer Center,2025-07-01/2025-12-31,KEYWORD_OTHER,PERSONALIZED_ADVERTISING,CY,,,,,,,,,,,,,,
All,Manufacturer Center,2025-07-01/2025-12-31,KEYWORD_OTHER,PRIVACY,CY,,,,,,,,,,,,,,
All,Manufacturer Center,2025-07-01/2025-12-31,KEYWORD_OTHER,PRIVACY_POLICY,CY,,,,,,,,,,,,,,
All,Manufacturer Center,2025-07-01/2025-12-31,KEYWORD_OTHER,UNSECURE_DATA_HANDLING,CY,,,,,,,,,,,,,,
All,Manufacturer Center,2025-07-01/2025-12-31,STATEMENT_CATEGORY_ILLEGAL_OR_HARMFUL_SPEECH,,CY,,,,,,,,,,,,,,
All,Manufacturer Center,2025-07-01/2025-12-31,KEYWORD_DEFAMATION,,CY,,,,,,,,,,,,,,
All,Manufacturer Center,2025-07-01/2025-12-31,KEYWORD_DISCRIMINATION,,CY,,,,,,,,,,,,,,
All,Manufacturer Center,2025-07-01/2025-12-31,KEYWORD_HATE_SPEECH,,CY,,,,,,,,,,,,,,
All,Manufacturer Center,2025-07-01/2025-12-31,KEYWORD_OTHER,HATEFUL_OR_ABUSIVE,CY,,,,,,,,,,,,,,
All,Manufacturer Center,2025-07-01/2025-12-31,KEYWORD_OTHER,ILLEGAL_OR_HARMFUL_SPEECH,CY,,,,,,,,,,,,,,
All,Manufacturer Center,2025-07-01/2025-12-31,KEYWORD_OTHER,OBSCENITY_AND_PROFANITY,CY,,,,,,,,,,,,,,
All,Manufacturer Center,2025-07-01/2025-12-31,KEYWORD_OTHER,OFFENSIVE_CONTENT,CY,,,,,,,,,,,,,,
All,Manufacturer Center,2025-07-01/2025-12-31,KEYWORD_OTHER,UNSAFE_CONTENT,CY,,,,,,,,,,,,,,
All,Manufacturer Center,2025-07-01/2025-12-31,STATEMENT_CATEGORY_INTELLECTUAL_PROPERTY_INFRINGEMENTS,,CY,,,,,,,,,,,,,,
All,Manufacturer Center,2025-07-01/2025-12-31,KEYWORD_COPYRIGHT_INFRINGEMENT,,CY,,,,,,,,,,,,,,
All,Manufacturer Center,2025-07-01/2025-12-31,KEYWORD_DESIGN_INFRINGEMENT,,CY,,,,,,,,,,,,,,
All,Manufacturer Center,2025-07-01/2025-12-31,KEYWORD_GEOGRAPHIC_INDICATIONS_INFRINGEMENT,,CY,,,,,,,,,,,,,,
All,Manufacturer Center,2025-07-01/2025-12-31,KEYWORD_PATENT_INFRINGEMENT,,CY,,,,,,,,,,,,,,
All,Manufacturer Center,2025-07-01/2025-12-31,KEYWORD_TRADE_SECRET_INFRINGEMENT,,CY,,,,,,,,,,,,,,
All,Manufacturer Center,2025-07-01/2025-12-31,KEYWORD_TRADEMARK_INFRINGEMENT,,CY,,,,,,,,,,,,,,
All,Manufacturer Center,2025-07-01/2025-12-31,KEYWORD_OTHER,CIRCUMVENTION,CY,,,,,,,,,,,,,,
All,Manufacturer Center,2025-07-01/2025-12-31,KEYWORD_OTHER,INTELLECTUAL PROPERTY,CY,,,,,,,,,,,,,,
All,Manufacturer Center,2025-07-01/2025-12-31,STATEMENT_CATEGORY_NEGATIVE_EFFECTS_ON_CIVIC_DISCOURSE_OR_ELECTIONS,,CY,,,,,,,,,,,,,,
All,Manufacturer Center,2025-07-01/2025-12-31,KEYWORD_MISINFORMATION_DISINFORMATION,,CY,,,,,,,,,,,,,,
All,Manufacturer Center,2025-07-01/2025-12-31,KEYWORD_VIOLATION_EU_LAW,,CY,,,,,,,,,,,,,,
All,Manufacturer Center,2025-07-01/2025-12-31,KEYWORD_VIOLATION_NATIONAL_LAW,,CY,,,,,,,,,,,,,,
All,Manufacturer Center,2025-07-01/2025-12-31,KEYWORD_OTHER,ELECTORAL,CY,,,,,,,,,,,,,,
All,Manufacturer Center,2025-07-01/2025-12-31,KEYWORD_OTHER,HACKED_POLITICAL_MATERIALS,CY,,,,,,,,,,,,,,
All,Manufacturer Center,2025-07-01/2025-12-31,KEYWORD_OTHER,POLITICAL_CONTENT,CY,,,,,,,,,,,,,,
All,Manufacturer Center,2025-07-01/2025-12-31,KEYWORD_OTHER,SOCIAL_STABILITY,CY,,,,,,,,,,,,,,
All,Manufacturer Center,2025-07-01/2025-12-31,KEYWORD_OTHER,SOCIETAL_VALUES,CY,,,,,,,,,,,,,,
All,Manufacturer Center,2025-07-01/2025-12-31,STATEMENT_CATEGORY_PROTECTION_OF_MINORS,,CY,,,,,,,,,,,,,,
All,Manufacturer Center,2025-07-01/2025-12-31,KEYWORD_AGE_SPECIFIC_RESTRICTIONS_MINORS,,CY,,,,,,,,,,,,,,
All,Manufacturer Center,2025-07-01/2025-12-31,KEYWORD_CHILD_SEXUAL_ABUSE_MATERIAL,,CY,,,,,,,,,,,,,,
All,Manufacturer Center,2025-07-01/2025-12-31,KEYWORD_CHILD_SEXUAL_ABUSE_MATERIAL_DEEPFAKE,,CY,,,,,,,,,,,,,,
All,Manufacturer Center,2025-07-01/2025-12-31,KEYWORD_GROOMING_SEXUAL_ENTICEMENT_MINORS,,CY,,,,,,,,,,,,,,
All,Manufacturer Center,2025-07-01/2025-12-31,KEYWORD_UNSAFE_CHALLENGES,,CY,,,,,,,,,,,,,,
All,Manufacturer Center,2025-07-01/2025-12-31,KEYWORD_OTHER,CHILD_ENDANGERMENT,CY,,,,,,,,,,,,,,
All,Manufacturer Center,2025-07-01/2025-12-31,KEYWORD_OTHER,CHILD_SAFETY,CY,,,,,,,,,,,,,,
All,Manufacturer Center,2025-07-01/2025-12-31,KEYWORD_OTHER,HARMFUL_OR_DANGEROUS_ACTS_CHALLENGES_AND_PRANKS,CY,,,,,,,,,,,,,,
All,Manufacturer Center,2025-07-01/2025-12-31,KEYWORD_OTHER,KNOWN_SERIES,CY,,,,,,,,,,,,,,
All,Manufacturer Center,2025-07-01/2025-12-31,KEYWORD_OTHER,PROTECTION_OF_MINORS,CY,,,,,,,,,,,,,,
All,Manufacturer Center,2025-07-01/2025-12-31,KEYWORD_OTHER,UNAUTHORIZED_IMAGE_OF_MINORS,CY,,,,,,,,,,,,,,
All,Manufacturer Center,2025-07-01/2025-12-31,STATEMENT_CATEGORY_RISK_FOR_PUBLIC_SECURITY,,CY,,,,,,,,,,,,,,
All,Manufacturer Center,2025-07-01/2025-12-31,KEYWORD_ILLEGAL_ORGANIZATIONS,,CY,,,,,,,,,,,,,,
All,Manufacturer Center,2025-07-01/2025-12-31,KEYWORD_RISK_ENVIRONMENTAL_DAMAGE,,CY,,,,,,,,,,,,,,
All,Manufacturer Center,2025-07-01/2025-12-31,KEYWORD_RISK_PUBLIC_HEALTH,,CY,,,,,,,,,,,,,,
All,Manufacturer Center,2025-07-01/2025-12-31,KEYWORD_TERRORIST_CONTENT,,CY,,,,,,,,,,,,,,
All,Manufacturer Center,2025-07-01/2025-12-31,KEYWORD_OTHER,COURT_ORDER,CY,,,,,,,,,,,,,,
All,Manufacturer Center,2025-07-01/2025-12-31,KEYWORD_OTHER,RISK_FOR_PUBLIC_SECURITY,CY,,,,,,,,,,,,,,
All,Manufacturer Center,2025-07-01/2025-12-31,KEYWORD_OTHER,SENSITIVE_EVENTS,CY,,,,,,,,,,,,,,
All,Manufacturer Center,2025-07-01/2025-12-31,KEYWORD_OTHER,VIOLENT_EXTREMISM,CY,,,,,,,,,,,,,,
All,Manufacturer Center,2025-07-01/2025-12-31,KEYWORD_OTHER,WRONGFUL_OR_UNAUTHORIZED_USE_OF_SYMBOLS,CY,,,,,,,,,,,,,,
All,Manufacturer Center,2025-07-01/2025-12-31,STATEMENT_CATEGORY_SCAMS_AND_FRAUD,,CY,,,,,,,,,,,,,,
All,Manufacturer Center,2025-07-01/2025-12-31,KEYWORD_IMPERSONATION_ACCOUNT_HIJACKING,,CY,,,,,,,,,,,,,,
All,Manufacturer Center,2025-07-01/2025-12-31,KEYWORD_INAUTHENTIC_ACCOUNTS,,CY,,,,,,,,,,,,,,
All,Manufacturer Center,2025-07-01/2025-12-31,KEYWORD_INAUTHENTIC_LISTINGS,,CY,,,,,,,,,,,,,,
All,Manufacturer Center,2025-07-01/2025-12-31,KEYWORD_INAUTHENTIC_USER_REVIEWS,,CY,,,,,,,,,,,,,,
All,Manufacturer Center,2025-07-01/2025-12-31,KEYWORD_PHISHING,,CY,,,,,,,,,,,,,,
All,Manufacturer Center,2025-07-01/2025-12-31,KEYWORD_PYRAMID_SCHEMES,,CY,,,,,,,,,,,,,,
All,Manufacturer Center,2025-07-01/2025-12-31,KEYWORD_OTHER,AD_FRAUD_POLICY,CY,,,,,,,,,,,,,,
All,Manufacturer Center,2025-07-01/2025-12-31,KEYWORD_OTHER,ENCOURAGEMENT_OF_DIGITAL_SECURITY_OR_TERMS_OF_SERVICE_VIOLATIONS,CY,,,,,,,,,,,,,,
All,Manufacturer Center,2025-07-01/2025-12-31,KEYWORD_OTHER,FRAUD,CY,,,,,,,,,,,,,,
All,Manufacturer Center,2025-07-01/2025-12-31,KEYWORD_OTHER,MALWARE,CY,,,,,,,,,,,,,,
All,Manufacturer Center,2025-07-01/2025-12-31,KEYWORD_OTHER,MALWARE_AND_PHISHING,CY,,,,,,,,,,,,,,
All,Manufacturer Center,2025-07-01/2025-12-31,KEYWORD_OTHER,MALWARE_AND_SYSTEM_CIRCUMVENTION,CY,,,,,,,,,,,,,,
All,Manufacturer Center,2025-07-01/2025-12-31,KEYWORD_OTHER,MISREPRESENTATION,CY,,,,,,,,,,,,,,
All,Manufacturer Center,2025-07-01/2025-12-31,KEYWORD_OTHER,SCAMS,CY,,,,,,,,,,,,,,
All,Manufacturer Center,2025-07-01/2025-12-31,KEYWORD_OTHER,SOCIAL_ENGINEERING_TACTICS,CY,,,,,,,,,,,,,,
All,Manufacturer Center,2025-07-01/2025-12-31,STATEMENT_CATEGORY_SELF_HARM,,CY,,,,,,,,,,,,,,
All,Manufacturer Center,2025-07-01/2025-12-31,KEYWORD_CONTENT_PROMOTING_EATING_DISORDERS,,CY,,,,,,,,,,,,,,
All,Manufacturer Center,2025-07-01/2025-12-31,KEYWORD_SELF_MUTILATION,,CY,,,,,,,,,,,,,,
All,Manufacturer Center,2025-07-01/2025-12-31,KEYWORD_SUICIDE,,CY,,,,,,,,,,,,,,
All,Manufacturer Center,2025-07-01/2025-12-31,KEYWORD_OTHER,SELF_HARM,CY,,,,,,,,,,,,,,
All,Manufacturer Center,2025-07-01/2025-12-31,KEYWORD_OTHER,SUICIDE_AND_SELF_HARM,CY,,,,,,,,,,,,,,
All,Manufacturer Center,2025-07-01/2025-12-31,STATEMENT_CATEGORY_UNSAFE_AND_PROHIBITED_PRODUCTS,,CY,,,,,,,,,,,,,,
All,Manufacturer Center,2025-07-01/2025-12-31,KEYWORD_PROHIBITED_PRODUCTS,,CY,,,,,,,,,,,,,,
All,Manufacturer Center,2025-07-01/2025-12-31,KEYWORD_UNSAFE_PRODUCTS,,CY,,,,,,,,,,,,,,
All,Manufacturer Center,2025-07-01/2025-12-31,KEYWORD_OTHER,COURT_ORDER,CY,,,,,,,,,,,,,,
All,Manufacturer Center,2025-07-01/2025-12-31,KEYWORD_OTHER,ENABLING_DISHONEST_BEHAVIOR,CY,,,,,,,,,,,,,,
All,Manufacturer Center,2025-07-01/2025-12-31,KEYWORD_OTHER,FIREARMS_AND_ILLEGAL_REGULATED_GOODS_OR_SERVICES,CY,,,,,,,,,,,,,,
All,Manufacturer Center,2025-07-01/2025-12-31,KEYWORD_OTHER,OTHER_LEGAL_NOTICES_OR_ORDERS,CY,,,,,,,,,,,,,,
All,Manufacturer Center,2025-07-01/2025-12-31,KEYWORD_OTHER,UNAUTHORIZED_PHARMACIES,CY,,,,,,,,,,,,,,
All,Manufacturer Center,2025-07-01/2025-12-31,STATEMENT_CATEGORY_VIOLENCE,,CY,,,,,,,,,,,,,,
All,Manufacturer Center,2025-07-01/2025-12-31,KEYWORD_COORDINATED_HARM,,CY,,,,,,,,,,,,,,
All,Manufacturer Center,2025-07-01/2025-12-31,KEYWORD_INCITEMENT_VIOLENCE_HATRED,,CY,,,,,,,,,,,,,,
All,Manufacturer Center,2025-07-01/2025-12-31,KEYWORD_HUMAN_EXPLOITATION,,CY,,,,,,,,,,,,,,
All,Manufacturer Center,2025-07-01/2025-12-31,KEYWORD_HUMAN_TRAFFICKING,,CY,,,,,,,,,,,,,,
All,Manufacturer Center,2025-07-01/2025-12-31,KEYWORD_TRAFFICKING_WOMEN_GIRLS,,CY,,,,,,,,,,,,,,
All,Manufacturer Center,2025-07-01/2025-12-31,KEYWORD_OTHER,DEPICTION_OF VIOLENCE,CY,,,,,,,,,,,,,,
All,Manufacturer Center,2025-07-01/2025-12-31,KEYWORD_OTHER,SHOCKING_CONTENT,CY,,,,,,,,,,,,,,
All,Manufacturer Center,2025-07-01/2025-12-31,KEYWORD_OTHER,VIOLENT_OR_GRAPHIC_CONTENT,CY,,,,,,,,,,,,,,
All,Manufacturer Center,2025-07-01/2025-12-31,STATEMENT_CATEGORY_NOT_SPECIFIED_ORDER,,CY,,,,,,,,,,,,,,
All,Manufacturer Center,2025-07-01/2025-12-31,TOTAL,,CZ,,,,,,,,,,,,,,
All,Manufacturer Center,2025-07-01/2025-12-31,STATEMENT_CATEGORY_ANIMAL_WELFARE,,CZ,,,,,,,,,,,,,,
All,Manufacturer Center,2025-07-01/2025-12-31,KEYWORD_ANIMAL_HARM,,CZ,,,,,,,,,,,,,,
All,Manufacturer Center,2025-07-01/2025-12-31,KEYWORD_UNLAWFUL_SALE_ANIMALS,,CZ,,,,,,,,,,,,,,
All,Manufacturer Center,2025-07-01/2025-12-31,KEYWORD_OTHER,ANIMAL_CRUELTY,CZ,,,,,,,,,,,,,,
All,Manufacturer Center,2025-07-01/2025-12-31,KEYWORD_OTHER,ANIMAL_HARM_AND_UNLAWFUL_SALE,CZ,,,,,,,,,,,,,,
All,Manufacturer Center,2025-07-01/2025-12-31,STATEMENT_CATEGORY_CONSUMER_INFORMATION,,CZ,,,,,,,,,,,,,,
All,Manufacturer Center,2025-07-01/2025-12-31,KEYWORD_HIDDEN_ADVERTISEMENT,,CZ,,,,,,,,,,,,,,
All,Manufacturer Center,2025-07-01/2025-12-31,KEYWORD_INSUFFICIENT_INFORMATION_ON_TRADERS,,CZ,,,,,,,,,,,,,,
All,Manufacturer Center,2025-07-01/2025-12-31,KEYWORD_MISLEADING_INFO_GOODS_SERVICES,,CZ,,,,,,,,,,,,,,
All,Manufacturer Center,2025-07-01/2025-12-31,KEYWORD_MISLEADING_INFO_CONSUMER_RIGHTS,,CZ,,,,,,,,,,,,,,
All,Manufacturer Center,2025-07-01/2025-12-31,KEYWORD_NONCOMPLIANCE_PRICING,,CZ,,,,,,,,,,,,,,
All,Manufacturer Center,2025-07-01/2025-12-31,KEYWORD_OTHER,CONSUMER_PROTECTION,CZ,,,,,,,,,,,,,,
All,Manufacturer Center,2025-07-01/2025-12-31,KEYWORD_OTHER,MISREPRESENTATION,CZ,,,,,,,,,,,,,,
All,Manufacturer Center,2025-07-01/2025-12-31,STATEMENT_CATEGORY_CYBER_VIOLENCE,,CZ,,,,,,,,,,,,,,
All,Manufacturer Center,2025-07-01/2025-12-31,KEYWORD_CYBER_BULLYING_INTIMIDATION,,CZ,,,,,,,,,,,,,,
All,Manufacturer Center,2025-07-01/2025-12-31,KEYWORD_CYBER_HARASSMENT,,CZ,,,,,,,,,,,,,,
All,Manufacturer Center,2025-07-01/2025-12-31,KEYWORD_CYBER_INCITEMENT,,CZ,,,,,,,,,,,,,,
All,Manufacturer Center,2025-07-01/2025-12-31,KEYWORD_CYBER_STALKING,,CZ,,,,,,,,,,,,,,
All,Manufacturer Center,2025-07-01/2025-12-31,KEYWORD_NON_CONSENSUAL_IMAGE_SHARING,,CZ,,,,,,,,,,,,,,
All,Manufacturer Center,2025-07-01/2025-12-31,KEYWORD_NON_CONSENSUAL_MATERIAL_DEEPFAKE,,CZ,,,,,,,,,,,,,,
All,Manufacturer Center,2025-07-01/2025-12-31,KEYWORD_OTHER,DOXING,CZ,,,,,,,,,,,,,,
All,Manufacturer Center,2025-07-01/2025-12-31,KEYWORD_OTHER,HARASSMENT,CZ,,,,,,,,,,,,,,
All,Manufacturer Center,2025-07-01/2025-12-31,KEYWORD_OTHER,HARASSMENT_AND_CYBERBULLYING,CZ,,,,,,,,,,,,,,
All,Manufacturer Center,2025-07-01/2025-12-31,KEYWORD_OTHER,HARMFUL_ACTIVITIES,CZ,,,,,,,,,,,,,,
All,Manufacturer Center,2025-07-01/2025-12-31,KEYWORD_OTHER,SEXUAL_HARASSMENT,CZ,,,,,,,,,,,,,,
All,Manufacturer Center,2025-07-01/2025-12-31,KEYWORD_OTHER,OBSCENITY_OR_PORNOGRAPHY,CZ,,,,,,,,,,,,,,
All,Manufacturer Center,2025-07-01/2025-12-31,KEYWORD_OTHER,UNSAFE_CONTENT,CZ,,,,,,,,,,,,,,
All,Manufacturer Center,2025-07-01/2025-12-31,STATEMENT_CATEGORY_CYBER_VIOLENCE_AGAINST_WOMEN,,CZ,,,,,,,,,,,,,,
All,Manufacturer Center,2025-07-01/2025-12-31,KEYWORD_BULLYING_AGAINST_GIRLS,,CZ,,,,,,,,,,,,,,
All,Manufacturer Center,2025-07-01/2025-12-31,KEYWORD_CYBER_HARASSMENT_AGAINST_WOMEN,,CZ,,,,,,,,,,,,,,
All,Manufacturer Center,2025-07-01/2025-12-31,KEYWORD_CYBER_STALKING_AGAINST_WOMEN,,CZ,,,,,,,,,,,,,,
All,Manufacturer Center,2025-07-01/2025-12-31,KEYWORD_FEMALE_GENDERED_DISINFORMATION,,CZ,,,,,,,,,,,,,,
All,Manufacturer Center,2025-07-01/2025-12-31,KEYWORD_INCITEMENT_AGAINST_WOMEN,,CZ,,,,,,,,,,,,,,
All,Manufacturer Center,2025-07-01/2025-12-31,KEYWORD_NON_CONSENSUAL_IMAGE_SHARING_AGAINST_WOMEN,,CZ,,,,,,,,,,,,,,
All,Manufacturer Center,2025-07-01/2025-12-31,KEYWORD_NON_CONSENSUAL_MATERIAL_DEEPFAKE_AGAINST_WOMEN,,CZ,,,,,,,,,,,,,,
All,Manufacturer Center,2025-07-01/2025-12-31,KEYWORD_OTHER,"Text to detail the ""Other"" keyword.",CZ,,,,,,,,,,,,,,
All,Manufacturer Center,2025-07-01/2025-12-31,STATEMENT_CATEGORY_DATA_PROTECTION_AND_PRIVACY_VIOLATIONS,,CZ,,,,,,,,,,,,,,
All,Manufacturer Center,2025-07-01/2025-12-31,KEYWORD_BIOMETRIC_DATA_BREACH,,CZ,,,,,,,,,,,,,,
All,Manufacturer Center,2025-07-01/2025-12-31,KEYWORD_DATA_FALSIFICATION,,CZ,,,,,,,,,,,,,,
All,Manufacturer Center,2025-07-01/2025-12-31,KEYWORD_MISSING_PROCESSING_GROUND,,CZ,,,,,,,,,,,,,,
All,Manufacturer Center,2025-07-01/2025-12-31,KEYWORD_RIGHT_TO_BE_FORGOTTEN,,CZ,,,,,,,,,,,,,,
All,Manufacturer Center,2025-07-01/2025-12-31,KEYWORD_OTHER,DATA_COLLECTION_AND_USE,CZ,,,,,,,,,,,,,,
All,Manufacturer Center,2025-07-01/2025-12-31,KEYWORD_OTHER,DISCLOSURE_AND_CONSENT_PRACTICES,CZ,,,,,,,,,,,,,,
All,Manufacturer Center,2025-07-01/2025-12-31,KEYWORD_OTHER,GDPR,CZ,,,,,,,,,,,,,,
All,Manufacturer Center,2025-07-01/2025-12-31,KEYWORD_OTHER,PERSONAL_INFORMATION,CZ,,,,,,,,,,,,,,
All,Manufacturer Center,2025-07-01/2025-12-31,KEYWORD_OTHER,PERSONAL_RIGHTS,CZ,,,,,,,,,,,,,,
All,Manufacturer Center,2025-07-01/2025-12-31,KEYWORD_OTHER,PERSONALIZED_ADVERTISING,CZ,,,,,,,,,,,,,,
All,Manufacturer Center,2025-07-01/2025-12-31,KEYWORD_OTHER,PRIVACY,CZ,,,,,,,,,,,,,,
All,Manufacturer Center,2025-07-01/2025-12-31,KEYWORD_OTHER,PRIVACY_POLICY,CZ,,,,,,,,,,,,,,
All,Manufacturer Center,2025-07-01/2025-12-31,KEYWORD_OTHER,UNSECURE_DATA_HANDLING,CZ,,,,,,,,,,,,,,
All,Manufacturer Center,2025-07-01/2025-12-31,STATEMENT_CATEGORY_ILLEGAL_OR_HARMFUL_SPEECH,,CZ,,,,,,,,,,,,,,
All,Manufacturer Center,2025-07-01/2025-12-31,KEYWORD_DEFAMATION,,CZ,,,,,,,,,,,,,,
All,Manufacturer Center,2025-07-01/2025-12-31,KEYWORD_DISCRIMINATION,,CZ,,,,,,,,,,,,,,
All,Manufacturer Center,2025-07-01/2025-12-31,KEYWORD_HATE_SPEECH,,CZ,,,,,,,,,,,,,,
All,Manufacturer Center,2025-07-01/2025-12-31,KEYWORD_OTHER,HATEFUL_OR_ABUSIVE,CZ,,,,,,,,,,,,,,
All,Manufacturer Center,2025-07-01/2025-12-31,KEYWORD_OTHER,ILLEGAL_OR_HARMFUL_SPEECH,CZ,,,,,,,,,,,,,,
All,Manufacturer Center,2025-07-01/2025-12-31,KEYWORD_OTHER,OBSCENITY_AND_PROFANITY,CZ,,,,,,,,,,,,,,
All,Manufacturer Center,2025-07-01/2025-12-31,KEYWORD_OTHER,OFFENSIVE_CONTENT,CZ,,,,,,,,,,,,,,
All,Manufacturer Center,2025-07-01/2025-12-31,KEYWORD_OTHER,UNSAFE_CONTENT,CZ,,,,,,,,,,,,,,
All,Manufacturer Center,2025-07-01/2025-12-31,STATEMENT_CATEGORY_INTELLECTUAL_PROPERTY_INFRINGEMENTS,,CZ,,,,,,,,,,,,,,
All,Manufacturer Center,2025-07-01/2025-12-31,KEYWORD_COPYRIGHT_INFRINGEMENT,,CZ,,,,,,,,,,,,,,
All,Manufacturer Center,2025-07-01/2025-12-31,KEYWORD_DESIGN_INFRINGEMENT,,CZ,,,,,,,,,,,,,,
All,Manufacturer Center,2025-07-01/2025-12-31,KEYWORD_GEOGRAPHIC_INDICATIONS_INFRINGEMENT,,CZ,,,,,,,,,,,,,,
All,Manufacturer Center,2025-07-01/2025-12-31,KEYWORD_PATENT_INFRINGEMENT,,CZ,,,,,,,,,,,,,,
All,Manufacturer Center,2025-07-01/2025-12-31,KEYWORD_TRADE_SECRET_INFRINGEMENT,,CZ,,,,,,,,,,,,,,
All,Manufacturer Center,2025-07-01/2025-12-31,KEYWORD_TRADEMARK_INFRINGEMENT,,CZ,,,,,,,,,,,,,,
All,Manufacturer Center,2025-07-01/2025-12-31,KEYWORD_OTHER,CIRCUMVENTION,CZ,,,,,,,,,,,,,,
All,Manufacturer Center,2025-07-01/2025-12-31,KEYWORD_OTHER,INTELLECTUAL PROPERTY,CZ,,,,,,,,,,,,,,
All,Manufacturer Center,2025-07-01/2025-12-31,STATEMENT_CATEGORY_NEGATIVE_EFFECTS_ON_CIVIC_DISCOURSE_OR_ELECTIONS,,CZ,,,,,,,,,,,,,,
All,Manufacturer Center,2025-07-01/2025-12-31,KEYWORD_MISINFORMATION_DISINFORMATION,,CZ,,,,,,,,,,,,,,
All,Manufacturer Center,2025-07-01/2025-12-31,KEYWORD_VIOLATION_EU_LAW,,CZ,,,,,,,,,,,,,,
All,Manufacturer Center,2025-07-01/2025-12-31,KEYWORD_VIOLATION_NATIONAL_LAW,,CZ,,,,,,,,,,,,,,
All,Manufacturer Center,2025-07-01/2025-12-31,KEYWORD_OTHER,ELECTORAL,CZ,,,,,,,,,,,,,,
All,Manufacturer Center,2025-07-01/2025-12-31,KEYWORD_OTHER,HACKED_POLITICAL_MATERIALS,CZ,,,,,,,,,,,,,,
All,Manufacturer Center,2025-07-01/2025-12-31,KEYWORD_OTHER,POLITICAL_CONTENT,CZ,,,,,,,,,,,,,,
All,Manufacturer Center,2025-07-01/2025-12-31,KEYWORD_OTHER,SOCIAL_STABILITY,CZ,,,,,,,,,,,,,,
All,Manufacturer Center,2025-07-01/2025-12-31,KEYWORD_OTHER,SOCIETAL_VALUES,CZ,,,,,,,,,,,,,,
All,Manufacturer Center,2025-07-01/2025-12-31,STATEMENT_CATEGORY_PROTECTION_OF_MINORS,,CZ,,,,,,,,,,,,,,
All,Manufacturer Center,2025-07-01/2025-12-31,KEYWORD_AGE_SPECIFIC_RESTRICTIONS_MINORS,,CZ,,,,,,,,,,,,,,
All,Manufacturer Center,2025-07-01/2025-12-31,KEYWORD_CHILD_SEXUAL_ABUSE_MATERIAL,,CZ,,,,,,,,,,,,,,
All,Manufacturer Center,2025-07-01/2025-12-31,KEYWORD_CHILD_SEXUAL_ABUSE_MATERIAL_DEEPFAKE,,CZ,,,,,,,,,,,,,,
All,Manufacturer Center,2025-07-01/2025-12-31,KEYWORD_GROOMING_SEXUAL_ENTICEMENT_MINORS,,CZ,,,,,,,,,,,,,,
All,Manufacturer Center,2025-07-01/2025-12-31,KEYWORD_UNSAFE_CHALLENGES,,CZ,,,,,,,,,,,,,,
All,Manufacturer Center,2025-07-01/2025-12-31,KEYWORD_OTHER,CHILD_ENDANGERMENT,CZ,,,,,,,,,,,,,,
All,Manufacturer Center,2025-07-01/2025-12-31,KEYWORD_OTHER,CHILD_SAFETY,CZ,,,,,,,,,,,,,,
All,Manufacturer Center,2025-07-01/2025-12-31,KEYWORD_OTHER,HARMFUL_OR_DANGEROUS_ACTS_CHALLENGES_AND_PRANKS,CZ,,,,,,,,,,,,,,
All,Manufacturer Center,2025-07-01/2025-12-31,KEYWORD_OTHER,KNOWN_SERIES,CZ,,,,,,,,,,,,,,
All,Manufacturer Center,2025-07-01/2025-12-31,KEYWORD_OTHER,PROTECTION_OF_MINORS,CZ,,,,,,,,,,,,,,
All,Manufacturer Center,2025-07-01/2025-12-31,KEYWORD_OTHER,UNAUTHORIZED_IMAGE_OF_MINORS,CZ,,,,,,,,,,,,,,
All,Manufacturer Center,2025-07-01/2025-12-31,STATEMENT_CATEGORY_RISK_FOR_PUBLIC_SECURITY,,CZ,,,,,,,,,,,,,,
All,Manufacturer Center,2025-07-01/2025-12-31,KEYWORD_ILLEGAL_ORGANIZATIONS,,CZ,,,,,,,,,,,,,,
All,Manufacturer Center,2025-07-01/2025-12-31,KEYWORD_RISK_ENVIRONMENTAL_DAMAGE,,CZ,,,,,,,,,,,,,,
All,Manufacturer Center,2025-07-01/2025-12-31,KEYWORD_RISK_PUBLIC_HEALTH,,CZ,,,,,,,,,,,,,,
All,Manufacturer Center,2025-07-01/2025-12-31,KEYWORD_TERRORIST_CONTENT,,CZ,,,,,,,,,,,,,,
All,Manufacturer Center,2025-07-01/2025-12-31,KEYWORD_OTHER,COURT_ORDER,CZ,,,,,,,,,,,,,,
All,Manufacturer Center,2025-07-01/2025-12-31,KEYWORD_OTHER,RISK_FOR_PUBLIC_SECURITY,CZ,,,,,,,,,,,,,,
All,Manufacturer Center,2025-07-01/2025-12-31,KEYWORD_OTHER,SENSITIVE_EVENTS,CZ,,,,,,,,,,,,,,
All,Manufacturer Center,2025-07-01/2025-12-31,KEYWORD_OTHER,VIOLENT_EXTREMISM,CZ,,,,,,,,,,,,,,
All,Manufacturer Center,2025-07-01/2025-12-31,KEYWORD_OTHER,WRONGFUL_OR_UNAUTHORIZED_USE_OF_SYMBOLS,CZ,,,,,,,,,,,,,,
All,Manufacturer Center,2025-07-01/2025-12-31,STATEMENT_CATEGORY_SCAMS_AND_FRAUD,,CZ,,,,,,,,,,,,,,
All,Manufacturer Center,2025-07-01/2025-12-31,KEYWORD_IMPERSONATION_ACCOUNT_HIJACKING,,CZ,,,,,,,,,,,,,,
All,Manufacturer Center,2025-07-01/2025-12-31,KEYWORD_INAUTHENTIC_ACCOUNTS,,CZ,,,,,,,,,,,,,,
All,Manufacturer Center,2025-07-01/2025-12-31,KEYWORD_INAUTHENTIC_LISTINGS,,CZ,,,,,,,,,,,,,,
All,Manufacturer Center,2025-07-01/2025-12-31,KEYWORD_INAUTHENTIC_USER_REVIEWS,,CZ,,,,,,,,,,,,,,
All,Manufacturer Center,2025-07-01/2025-12-31,KEYWORD_PHISHING,,CZ,,,,,,,,,,,,,,
All,Manufacturer Center,2025-07-01/2025-12-31,KEYWORD_PYRAMID_SCHEMES,,CZ,,,,,,,,,,,,,,
All,Manufacturer Center,2025-07-01/2025-12-31,KEYWORD_OTHER,AD_FRAUD_POLICY,CZ,,,,,,,,,,,,,,
All,Manufacturer Center,2025-07-01/2025-12-31,KEYWORD_OTHER,ENCOURAGEMENT_OF_DIGITAL_SECURITY_OR_TERMS_OF_SERVICE_VIOLATIONS,CZ,,,,,,,,,,,,,,
All,Manufacturer Center,2025-07-01/2025-12-31,KEYWORD_OTHER,FRAUD,CZ,,,,,,,,,,,,,,
All,Manufacturer Center,2025-07-01/2025-12-31,KEYWORD_OTHER,MALWARE,CZ,,,,,,,,,,,,,,
All,Manufacturer Center,2025-07-01/2025-12-31,KEYWORD_OTHER,MALWARE_AND_PHISHING,CZ,,,,,,,,,,,,,,
All,Manufacturer Center,2025-07-01/2025-12-31,KEYWORD_OTHER,MALWARE_AND_SYSTEM_CIRCUMVENTION,CZ,,,,,,,,,,,,,,
All,Manufacturer Center,2025-07-01/2025-12-31,KEYWORD_OTHER,MISREPRESENTATION,CZ,,,,,,,,,,,,,,
All,Manufacturer Center,2025-07-01/2025-12-31,KEYWORD_OTHER,SCAMS,CZ,,,,,,,,,,,,,,
All,Manufacturer Center,2025-07-01/2025-12-31,KEYWORD_OTHER,SOCIAL_ENGINEERING_TACTICS,CZ,,,,,,,,,,,,,,
All,Manufacturer Center,2025-07-01/2025-12-31,STATEMENT_CATEGORY_SELF_HARM,,CZ,,,,,,,,,,,,,,
All,Manufacturer Center,2025-07-01/2025-12-31,KEYWORD_CONTENT_PROMOTING_EATING_DISORDERS,,CZ,,,,,,,,,,,,,,
All,Manufacturer Center,2025-07-01/2025-12-31,KEYWORD_SELF_MUTILATION,,CZ,,,,,,,,,,,,,,
All,Manufacturer Center,2025-07-01/2025-12-31,KEYWORD_SUICIDE,,CZ,,,,,,,,,,,,,,
All,Manufacturer Center,2025-07-01/2025-12-31,KEYWORD_OTHER,SELF_HARM,CZ,,,,,,,,,,,,,,
All,Manufacturer Center,2025-07-01/2025-12-31,KEYWORD_OTHER,SUICIDE_AND_SELF_HARM,CZ,,,,,,,,,,,,,,
All,Manufacturer Center,2025-07-01/2025-12-31,STATEMENT_CATEGORY_UNSAFE_AND_PROHIBITED_PRODUCTS,,CZ,,,,,,,,,,,,,,
All,Manufacturer Center,2025-07-01/2025-12-31,KEYWORD_PROHIBITED_PRODUCTS,,CZ,,,,,,,,,,,,,,
All,Manufacturer Center,2025-07-01/2025-12-31,KEYWORD_UNSAFE_PRODUCTS,,CZ,,,,,,,,,,,,,,
All,Manufacturer Center,2025-07-01/2025-12-31,KEYWORD_OTHER,COURT_ORDER,CZ,,,,,,,,,,,,,,
All,Manufacturer Center,2025-07-01/2025-12-31,KEYWORD_OTHER,ENABLING_DISHONEST_BEHAVIOR,CZ,,,,,,,,,,,,,,
All,Manufacturer Center,2025-07-01/2025-12-31,KEYWORD_OTHER,FIREARMS_AND_ILLEGAL_REGULATED_GOODS_OR_SERVICES,CZ,,,,,,,,,,,,,,
All,Manufacturer Center,2025-07-01/2025-12-31,KEYWORD_OTHER,OTHER_LEGAL_NOTICES_OR_ORDERS,CZ,,,,,,,,,,,,,,
All,Manufacturer Center,2025-07-01/2025-12-31,KEYWORD_OTHER,UNAUTHORIZED_PHARMACIES,CZ,,,,,,,,,,,,,,
All,Manufacturer Center,2025-07-01/2025-12-31,STATEMENT_CATEGORY_VIOLENCE,,CZ,,,,,,,,,,,,,,
All,Manufacturer Center,2025-07-01/2025-12-31,KEYWORD_COORDINATED_HARM,,CZ,,,,,,,,,,,,,,
All,Manufacturer Center,2025-07-01/2025-12-31,KEYWORD_INCITEMENT_VIOLENCE_HATRED,,CZ,,,,,,,,,,,,,,
All,Manufacturer Center,2025-07-01/2025-12-31,KEYWORD_HUMAN_EXPLOITATION,,CZ,,,,,,,,,,,,,,
All,Manufacturer Center,2025-07-01/2025-12-31,KEYWORD_HUMAN_TRAFFICKING,,CZ,,,,,,,,,,,,,,
All,Manufacturer Center,2025-07-01/2025-12-31,KEYWORD_TRAFFICKING_WOMEN_GIRLS,,CZ,,,,,,,,,,,,,,
All,Manufacturer Center,2025-07-01/2025-12-31,KEYWORD_OTHER,DEPICTION_OF VIOLENCE,CZ,,,,,,,,,,,,,,
All,Manufacturer Center,2025-07-01/2025-12-31,KEYWORD_OTHER,SHOCKING_CONTENT,CZ,,,,,,,,,,,,,,
All,Manufacturer Center,2025-07-01/2025-12-31,KEYWORD_OTHER,VIOLENT_OR_GRAPHIC_CONTENT,CZ,,,,,,,,,,,,,,
All,Manufacturer Center,2025-07-01/2025-12-31,STATEMENT_CATEGORY_NOT_SPECIFIED_ORDER,,CZ,,,,,,,,,,,,,,
All,Manufacturer Center,2025-07-01/2025-12-31,TOTAL,,DK,,,,,,,,,,,,,,
All,Manufacturer Center,2025-07-01/2025-12-31,STATEMENT_CATEGORY_ANIMAL_WELFARE,,DK,,,,,,,,,,,,,,
All,Manufacturer Center,2025-07-01/2025-12-31,KEYWORD_ANIMAL_HARM,,DK,,,,,,,,,,,,,,
All,Manufacturer Center,2025-07-01/2025-12-31,KEYWORD_UNLAWFUL_SALE_ANIMALS,,DK,,,,,,,,,,,,,,
All,Manufacturer Center,2025-07-01/2025-12-31,KEYWORD_OTHER,ANIMAL_CRUELTY,DK,,,,,,,,,,,,,,
All,Manufacturer Center,2025-07-01/2025-12-31,KEYWORD_OTHER,ANIMAL_HARM_AND_UNLAWFUL_SALE,DK,,,,,,,,,,,,,,
All,Manufacturer Center,2025-07-01/2025-12-31,STATEMENT_CATEGORY_CONSUMER_INFORMATION,,DK,,,,,,,,,,,,,,
All,Manufacturer Center,2025-07-01/2025-12-31,KEYWORD_HIDDEN_ADVERTISEMENT,,DK,,,,,,,,,,,,,,
All,Manufacturer Center,2025-07-01/2025-12-31,KEYWORD_INSUFFICIENT_INFORMATION_ON_TRADERS,,DK,,,,,,,,,,,,,,
All,Manufacturer Center,2025-07-01/2025-12-31,KEYWORD_MISLEADING_INFO_GOODS_SERVICES,,DK,,,,,,,,,,,,,,
All,Manufacturer Center,2025-07-01/2025-12-31,KEYWORD_MISLEADING_INFO_CONSUMER_RIGHTS,,DK,,,,,,,,,,,,,,
All,Manufacturer Center,2025-07-01/2025-12-31,KEYWORD_NONCOMPLIANCE_PRICING,,DK,,,,,,,,,,,,,,
All,Manufacturer Center,2025-07-01/2025-12-31,KEYWORD_OTHER,CONSUMER_PROTECTION,DK,,,,,,,,,,,,,,
All,Manufacturer Center,2025-07-01/2025-12-31,KEYWORD_OTHER,MISREPRESENTATION,DK,,,,,,,,,,,,,,
All,Manufacturer Center,2025-07-01/2025-12-31,STATEMENT_CATEGORY_CYBER_VIOLENCE,,DK,,,,,,,,,,,,,,
All,Manufacturer Center,2025-07-01/2025-12-31,KEYWORD_CYBER_BULLYING_INTIMIDATION,,DK,,,,,,,,,,,,,,
All,Manufacturer Center,2025-07-01/2025-12-31,KEYWORD_CYBER_HARASSMENT,,DK,,,,,,,,,,,,,,
All,Manufacturer Center,2025-07-01/2025-12-31,KEYWORD_CYBER_INCITEMENT,,DK,,,,,,,,,,,,,,
All,Manufacturer Center,2025-07-01/2025-12-31,KEYWORD_CYBER_STALKING,,DK,,,,,,,,,,,,,,
All,Manufacturer Center,2025-07-01/2025-12-31,KEYWORD_NON_CONSENSUAL_IMAGE_SHARING,,DK,,,,,,,,,,,,,,
All,Manufacturer Center,2025-07-01/2025-12-31,KEYWORD_NON_CONSENSUAL_MATERIAL_DEEPFAKE,,DK,,,,,,,,,,,,,,
All,Manufacturer Center,2025-07-01/2025-12-31,KEYWORD_OTHER,DOXING,DK,,,,,,,,,,,,,,
All,Manufacturer Center,2025-07-01/2025-12-31,KEYWORD_OTHER,HARASSMENT,DK,,,,,,,,,,,,,,
All,Manufacturer Center,2025-07-01/2025-12-31,KEYWORD_OTHER,HARASSMENT_AND_CYBERBULLYING,DK,,,,,,,,,,,,,,
All,Manufacturer Center,2025-07-01/2025-12-31,KEYWORD_OTHER,HARMFUL_ACTIVITIES,DK,,,,,,,,,,,,,,
All,Manufacturer Center,2025-07-01/2025-12-31,KEYWORD_OTHER,SEXUAL_HARASSMENT,DK,,,,,,,,,,,,,,
All,Manufacturer Center,2025-07-01/2025-12-31,KEYWORD_OTHER,OBSCENITY_OR_PORNOGRAPHY,DK,,,,,,,,,,,,,,
All,Manufacturer Center,2025-07-01/2025-12-31,KEYWORD_OTHER,UNSAFE_CONTENT,DK,,,,,,,,,,,,,,
All,Manufacturer Center,2025-07-01/2025-12-31,STATEMENT_CATEGORY_CYBER_VIOLENCE_AGAINST_WOMEN,,DK,,,,,,,,,,,,,,
All,Manufacturer Center,2025-07-01/2025-12-31,KEYWORD_BULLYING_AGAINST_GIRLS,,DK,,,,,,,,,,,,,,
All,Manufacturer Center,2025-07-01/2025-12-31,KEYWORD_CYBER_HARASSMENT_AGAINST_WOMEN,,DK,,,,,,,,,,,,,,
All,Manufacturer Center,2025-07-01/2025-12-31,KEYWORD_CYBER_STALKING_AGAINST_WOMEN,,DK,,,,,,,,,,,,,,
All,Manufacturer Center,2025-07-01/2025-12-31,KEYWORD_FEMALE_GENDERED_DISINFORMATION,,DK,,,,,,,,,,,,,,
All,Manufacturer Center,2025-07-01/2025-12-31,KEYWORD_INCITEMENT_AGAINST_WOMEN,,DK,,,,,,,,,,,,,,
All,Manufacturer Center,2025-07-01/2025-12-31,KEYWORD_NON_CONSENSUAL_IMAGE_SHARING_AGAINST_WOMEN,,DK,,,,,,,,,,,,,,
All,Manufacturer Center,2025-07-01/2025-12-31,KEYWORD_NON_CONSENSUAL_MATERIAL_DEEPFAKE_AGAINST_WOMEN,,DK,,,,,,,,,,,,,,
All,Manufacturer Center,2025-07-01/2025-12-31,KEYWORD_OTHER,"Text to detail the ""Other"" keyword.",DK,,,,,,,,,,,,,,
All,Manufacturer Center,2025-07-01/2025-12-31,STATEMENT_CATEGORY_DATA_PROTECTION_AND_PRIVACY_VIOLATIONS,,DK,,,,,,,,,,,,,,
All,Manufacturer Center,2025-07-01/2025-12-31,KEYWORD_BIOMETRIC_DATA_BREACH,,DK,,,,,,,,,,,,,,
All,Manufacturer Center,2025-07-01/2025-12-31,KEYWORD_DATA_FALSIFICATION,,DK,,,,,,,,,,,,,,
All,Manufacturer Center,2025-07-01/2025-12-31,KEYWORD_MISSING_PROCESSING_GROUND,,DK,,,,,,,,,,,,,,
All,Manufacturer Center,2025-07-01/2025-12-31,KEYWORD_RIGHT_TO_BE_FORGOTTEN,,DK,,,,,,,,,,,,,,
All,Manufacturer Center,2025-07-01/2025-12-31,KEYWORD_OTHER,DATA_COLLECTION_AND_USE,DK,,,,,,,,,,,,,,
All,Manufacturer Center,2025-07-01/2025-12-31,KEYWORD_OTHER,DISCLOSURE_AND_CONSENT_PRACTICES,DK,,,,,,,,,,,,,,
All,Manufacturer Center,2025-07-01/2025-12-31,KEYWORD_OTHER,GDPR,DK,,,,,,,,,,,,,,
All,Manufacturer Center,2025-07-01/2025-12-31,KEYWORD_OTHER,PERSONAL_INFORMATION,DK,,,,,,,,,,,,,,
All,Manufacturer Center,2025-07-01/2025-12-31,KEYWORD_OTHER,PERSONAL_RIGHTS,DK,,,,,,,,,,,,,,
All,Manufacturer Center,2025-07-01/2025-12-31,KEYWORD_OTHER,PERSONALIZED_ADVERTISING,DK,,,,,,,,,,,,,,
All,Manufacturer Center,2025-07-01/2025-12-31,KEYWORD_OTHER,PRIVACY,DK,,,,,,,,,,,,,,
All,Manufacturer Center,2025-07-01/2025-12-31,KEYWORD_OTHER,PRIVACY_POLICY,DK,,,,,,,,,,,,,,
All,Manufacturer Center,2025-07-01/2025-12-31,KEYWORD_OTHER,UNSECURE_DATA_HANDLING,DK,,,,,,,,,,,,,,
All,Manufacturer Center,2025-07-01/2025-12-31,STATEMENT_CATEGORY_ILLEGAL_OR_HARMFUL_SPEECH,,DK,,,,,,,,,,,,,,
All,Manufacturer Center,2025-07-01/2025-12-31,KEYWORD_DEFAMATION,,DK,,,,,,,,,,,,,,
All,Manufacturer Center,2025-07-01/2025-12-31,KEYWORD_DISCRIMINATION,,DK,,,,,,,,,,,,,,
All,Manufacturer Center,2025-07-01/2025-12-31,KEYWORD_HATE_SPEECH,,DK,,,,,,,,,,,,,,
All,Manufacturer Center,2025-07-01/2025-12-31,KEYWORD_OTHER,HATEFUL_OR_ABUSIVE,DK,,,,,,,,,,,,,,
All,Manufacturer Center,2025-07-01/2025-12-31,KEYWORD_OTHER,ILLEGAL_OR_HARMFUL_SPEECH,DK,,,,,,,,,,,,,,
All,Manufacturer Center,2025-07-01/2025-12-31,KEYWORD_OTHER,OBSCENITY_AND_PROFANITY,DK,,,,,,,,,,,,,,
All,Manufacturer Center,2025-07-01/2025-12-31,KEYWORD_OTHER,OFFENSIVE_CONTENT,DK,,,,,,,,,,,,,,
All,Manufacturer Center,2025-07-01/2025-12-31,KEYWORD_OTHER,UNSAFE_CONTENT,DK,,,,,,,,,,,,,,
All,Manufacturer Center,2025-07-01/2025-12-31,STATEMENT_CATEGORY_INTELLECTUAL_PROPERTY_INFRINGEMENTS,,DK,,,,,,,,,,,,,,
All,Manufacturer Center,2025-07-01/2025-12-31,KEYWORD_COPYRIGHT_INFRINGEMENT,,DK,,,,,,,,,,,,,,
All,Manufacturer Center,2025-07-01/2025-12-31,KEYWORD_DESIGN_INFRINGEMENT,,DK,,,,,,,,,,,,,,
All,Manufacturer Center,2025-07-01/2025-12-31,KEYWORD_GEOGRAPHIC_INDICATIONS_INFRINGEMENT,,DK,,,,,,,,,,,,,,
All,Manufacturer Center,2025-07-01/2025-12-31,KEYWORD_PATENT_INFRINGEMENT,,DK,,,,,,,,,,,,,,
All,Manufacturer Center,2025-07-01/2025-12-31,KEYWORD_TRADE_SECRET_INFRINGEMENT,,DK,,,,,,,,,,,,,,
All,Manufacturer Center,2025-07-01/2025-12-31,KEYWORD_TRADEMARK_INFRINGEMENT,,DK,,,,,,,,,,,,,,
All,Manufacturer Center,2025-07-01/2025-12-31,KEYWORD_OTHER,CIRCUMVENTION,DK,,,,,,,,,,,,,,
All,Manufacturer Center,2025-07-01/2025-12-31,KEYWORD_OTHER,INTELLECTUAL PROPERTY,DK,,,,,,,,,,,,,,
All,Manufacturer Center,2025-07-01/2025-12-31,STATEMENT_CATEGORY_NEGATIVE_EFFECTS_ON_CIVIC_DISCOURSE_OR_ELECTIONS,,DK,,,,,,,,,,,,,,
All,Manufacturer Center,2025-07-01/2025-12-31,KEYWORD_MISINFORMATION_DISINFORMATION,,DK,,,,,,,,,,,,,,
All,Manufacturer Center,2025-07-01/2025-12-31,KEYWORD_VIOLATION_EU_LAW,,DK,,,,,,,,,,,,,,
All,Manufacturer Center,2025-07-01/2025-12-31,KEYWORD_VIOLATION_NATIONAL_LAW,,DK,,,,,,,,,,,,,,
All,Manufacturer Center,2025-07-01/2025-12-31,KEYWORD_OTHER,ELECTORAL,DK,,,,,,,,,,,,,,
All,Manufacturer Center,2025-07-01/2025-12-31,KEYWORD_OTHER,HACKED_POLITICAL_MATERIALS,DK,,,,,,,,,,,,,,
All,Manufacturer Center,2025-07-01/2025-12-31,KEYWORD_OTHER,POLITICAL_CONTENT,DK,,,,,,,,,,,,,,
All,Manufacturer Center,2025-07-01/2025-12-31,KEYWORD_OTHER,SOCIAL_STABILITY,DK,,,,,,,,,,,,,,
All,Manufacturer Center,2025-07-01/2025-12-31,KEYWORD_OTHER,SOCIETAL_VALUES,DK,,,,,,,,,,,,,,
All,Manufacturer Center,2025-07-01/2025-12-31,STATEMENT_CATEGORY_PROTECTION_OF_MINORS,,DK,,,,,,,,,,,,,,
All,Manufacturer Center,2025-07-01/2025-12-31,KEYWORD_AGE_SPECIFIC_RESTRICTIONS_MINORS,,DK,,,,,,,,,,,,,,
All,Manufacturer Center,2025-07-01/2025-12-31,KEYWORD_CHILD_SEXUAL_ABUSE_MATERIAL,,DK,,,,,,,,,,,,,,
All,Manufacturer Center,2025-07-01/2025-12-31,KEYWORD_CHILD_SEXUAL_ABUSE_MATERIAL_DEEPFAKE,,DK,,,,,,,,,,,,,,
All,Manufacturer Center,2025-07-01/2025-12-31,KEYWORD_GROOMING_SEXUAL_ENTICEMENT_MINORS,,DK,,,,,,,,,,,,,,
All,Manufacturer Center,2025-07-01/2025-12-31,KEYWORD_UNSAFE_CHALLENGES,,DK,,,,,,,,,,,,,,
All,Manufacturer Center,2025-07-01/2025-12-31,KEYWORD_OTHER,CHILD_ENDANGERMENT,DK,,,,,,,,,,,,,,
All,Manufacturer Center,2025-07-01/2025-12-31,KEYWORD_OTHER,CHILD_SAFETY,DK,,,,,,,,,,,,,,
All,Manufacturer Center,2025-07-01/2025-12-31,KEYWORD_OTHER,HARMFUL_OR_DANGEROUS_ACTS_CHALLENGES_AND_PRANKS,DK,,,,,,,,,,,,,,
All,Manufacturer Center,2025-07-01/2025-12-31,KEYWORD_OTHER,KNOWN_SERIES,DK,,,,,,,,,,,,,,
All,Manufacturer Center,2025-07-01/2025-12-31,KEYWORD_OTHER,PROTECTION_OF_MINORS,DK,,,,,,,,,,,,,,
All,Manufacturer Center,2025-07-01/2025-12-31,KEYWORD_OTHER,UNAUTHORIZED_IMAGE_OF_MINORS,DK,,,,,,,,,,,,,,
All,Manufacturer Center,2025-07-01/2025-12-31,STATEMENT_CATEGORY_RISK_FOR_PUBLIC_SECURITY,,DK,,,,,,,,,,,,,,
All,Manufacturer Center,2025-07-01/2025-12-31,KEYWORD_ILLEGAL_ORGANIZATIONS,,DK,,,,,,,,,,,,,,
All,Manufacturer Center,2025-07-01/2025-12-31,KEYWORD_RISK_ENVIRONMENTAL_DAMAGE,,DK,,,,,,,,,,,,,,
All,Manufacturer Center,2025-07-01/2025-12-31,KEYWORD_RISK_PUBLIC_HEALTH,,DK,,,,,,,,,,,,,,
All,Manufacturer Center,2025-07-01/2025-12-31,KEYWORD_TERRORIST_CONTENT,,DK,,,,,,,,,,,,,,
All,Manufacturer Center,2025-07-01/2025-12-31,KEYWORD_OTHER,COURT_ORDER,DK,,,,,,,,,,,,,,
All,Manufacturer Center,2025-07-01/2025-12-31,KEYWORD_OTHER,RISK_FOR_PUBLIC_SECURITY,DK,,,,,,,,,,,,,,
All,Manufacturer Center,2025-07-01/2025-12-31,KEYWORD_OTHER,SENSITIVE_EVENTS,DK,,,,,,,,,,,,,,
All,Manufacturer Center,2025-07-01/2025-12-31,KEYWORD_OTHER,VIOLENT_EXTREMISM,DK,,,,,,,,,,,,,,
All,Manufacturer Center,2025-07-01/2025-12-31,KEYWORD_OTHER,WRONGFUL_OR_UNAUTHORIZED_USE_OF_SYMBOLS,DK,,,,,,,,,,,,,,
All,Manufacturer Center,2025-07-01/2025-12-31,STATEMENT_CATEGORY_SCAMS_AND_FRAUD,,DK,,,,,,,,,,,,,,
All,Manufacturer Center,2025-07-01/2025-12-31,KEYWORD_IMPERSONATION_ACCOUNT_HIJACKING,,DK,,,,,,,,,,,,,,
All,Manufacturer Center,2025-07-01/2025-12-31,KEYWORD_INAUTHENTIC_ACCOUNTS,,DK,,,,,,,,,,,,,,
All,Manufacturer Center,2025-07-01/2025-12-31,KEYWORD_INAUTHENTIC_LISTINGS,,DK,,,,,,,,,,,,,,
All,Manufacturer Center,2025-07-01/2025-12-31,KEYWORD_INAUTHENTIC_USER_REVIEWS,,DK,,,,,,,,,,,,,,
All,Manufacturer Center,2025-07-01/2025-12-31,KEYWORD_PHISHING,,DK,,,,,,,,,,,,,,
All,Manufacturer Center,2025-07-01/2025-12-31,KEYWORD_PYRAMID_SCHEMES,,DK,,,,,,,,,,,,,,
All,Manufacturer Center,2025-07-01/2025-12-31,KEYWORD_OTHER,AD_FRAUD_POLICY,DK,,,,,,,,,,,,,,
All,Manufacturer Center,2025-07-01/2025-12-31,KEYWORD_OTHER,ENCOURAGEMENT_OF_DIGITAL_SECURITY_OR_TERMS_OF_SERVICE_VIOLATIONS,DK,,,,,,,,,,,,,,
All,Manufacturer Center,2025-07-01/2025-12-31,KEYWORD_OTHER,FRAUD,DK,,,,,,,,,,,,,,
All,Manufacturer Center,2025-07-01/2025-12-31,KEYWORD_OTHER,MALWARE,DK,,,,,,,,,,,,,,
All,Manufacturer Center,2025-07-01/2025-12-31,KEYWORD_OTHER,MALWARE_AND_PHISHING,DK,,,,,,,,,,,,,,
All,Manufacturer Center,2025-07-01/2025-12-31,KEYWORD_OTHER,MALWARE_AND_SYSTEM_CIRCUMVENTION,DK,,,,,,,,,,,,,,
All,Manufacturer Center,2025-07-01/2025-12-31,KEYWORD_OTHER,MISREPRESENTATION,DK,,,,,,,,,,,,,,
All,Manufacturer Center,2025-07-01/2025-12-31,KEYWORD_OTHER,SCAMS,DK,,,,,,,,,,,,,,
All,Manufacturer Center,2025-07-01/2025-12-31,KEYWORD_OTHER,SOCIAL_ENGINEERING_TACTICS,DK,,,,,,,,,,,,,,
All,Manufacturer Center,2025-07-01/2025-12-31,STATEMENT_CATEGORY_SELF_HARM,,DK,,,,,,,,,,,,,,
All,Manufacturer Center,2025-07-01/2025-12-31,KEYWORD_CONTENT_PROMOTING_EATING_DISORDERS,,DK,,,,,,,,,,,,,,
All,Manufacturer Center,2025-07-01/2025-12-31,KEYWORD_SELF_MUTILATION,,DK,,,,,,,,,,,,,,
All,Manufacturer Center,2025-07-01/2025-12-31,KEYWORD_SUICIDE,,DK,,,,,,,,,,,,,,
All,Manufacturer Center,2025-07-01/2025-12-31,KEYWORD_OTHER,SELF_HARM,DK,,,,,,,,,,,,,,
All,Manufacturer Center,2025-07-01/2025-12-31,KEYWORD_OTHER,SUICIDE_AND_SELF_HARM,DK,,,,,,,,,,,,,,
All,Manufacturer Center,2025-07-01/2025-12-31,STATEMENT_CATEGORY_UNSAFE_AND_PROHIBITED_PRODUCTS,,DK,,,,,,,,,,,,,,
All,Manufacturer Center,2025-07-01/2025-12-31,KEYWORD_PROHIBITED_PRODUCTS,,DK,,,,,,,,,,,,,,
All,Manufacturer Center,2025-07-01/2025-12-31,KEYWORD_UNSAFE_PRODUCTS,,DK,,,,,,,,,,,,,,
All,Manufacturer Center,2025-07-01/2025-12-31,KEYWORD_OTHER,COURT_ORDER,DK,,,,,,,,,,,,,,
All,Manufacturer Center,2025-07-01/2025-12-31,KEYWORD_OTHER,ENABLING_DISHONEST_BEHAVIOR,DK,,,,,,,,,,,,,,
All,Manufacturer Center,2025-07-01/2025-12-31,KEYWORD_OTHER,FIREARMS_AND_ILLEGAL_REGULATED_GOODS_OR_SERVICES,DK,,,,,,,,,,,,,,
All,Manufacturer Center,2025-07-01/2025-12-31,KEYWORD_OTHER,OTHER_LEGAL_NOTICES_OR_ORDERS,DK,,,,,,,,,,,,,,
All,Manufacturer Center,2025-07-01/2025-12-31,KEYWORD_OTHER,UNAUTHORIZED_PHARMACIES,DK,,,,,,,,,,,,,,
All,Manufacturer Center,2025-07-01/2025-12-31,STATEMENT_CATEGORY_VIOLENCE,,DK,,,,,,,,,,,,,,
All,Manufacturer Center,2025-07-01/2025-12-31,KEYWORD_COORDINATED_HARM,,DK,,,,,,,,,,,,,,
All,Manufacturer Center,2025-07-01/2025-12-31,KEYWORD_INCITEMENT_VIOLENCE_HATRED,,DK,,,,,,,,,,,,,,
All,Manufacturer Center,2025-07-01/2025-12-31,KEYWORD_HUMAN_EXPLOITATION,,DK,,,,,,,,,,,,,,
All,Manufacturer Center,2025-07-01/2025-12-31,KEYWORD_HUMAN_TRAFFICKING,,DK,,,,,,,,,,,,,,
All,Manufacturer Center,2025-07-01/2025-12-31,KEYWORD_TRAFFICKING_WOMEN_GIRLS,,DK,,,,,,,,,,,,,,
All,Manufacturer Center,2025-07-01/2025-12-31,KEYWORD_OTHER,DEPICTION_OF VIOLENCE,DK,,,,,,,,,,,,,,
All,Manufacturer Center,2025-07-01/2025-12-31,KEYWORD_OTHER,SHOCKING_CONTENT,DK,,,,,,,,,,,,,,
All,Manufacturer Center,2025-07-01/2025-12-31,KEYWORD_OTHER,VIOLENT_OR_GRAPHIC_CONTENT,DK,,,,,,,,,,,,,,
All,Manufacturer Center,2025-07-01/2025-12-31,STATEMENT_CATEGORY_NOT_SPECIFIED_ORDER,,DK,,,,,,,,,,,,,,
All,Manufacturer Center,2025-07-01/2025-12-31,TOTAL,,EE,,,,,,,,,,,,,,
All,Manufacturer Center,2025-07-01/2025-12-31,STATEMENT_CATEGORY_ANIMAL_WELFARE,,EE,,,,,,,,,,,,,,
All,Manufacturer Center,2025-07-01/2025-12-31,KEYWORD_ANIMAL_HARM,,EE,,,,,,,,,,,,,,
All,Manufacturer Center,2025-07-01/2025-12-31,KEYWORD_UNLAWFUL_SALE_ANIMALS,,EE,,,,,,,,,,,,,,
All,Manufacturer Center,2025-07-01/2025-12-31,KEYWORD_OTHER,ANIMAL_CRUELTY,EE,,,,,,,,,,,,,,
All,Manufacturer Center,2025-07-01/2025-12-31,KEYWORD_OTHER,ANIMAL_HARM_AND_UNLAWFUL_SALE,EE,,,,,,,,,,,,,,
All,Manufacturer Center,2025-07-01/2025-12-31,STATEMENT_CATEGORY_CONSUMER_INFORMATION,,EE,,,,,,,,,,,,,,
All,Manufacturer Center,2025-07-01/2025-12-31,KEYWORD_HIDDEN_ADVERTISEMENT,,EE,,,,,,,,,,,,,,
All,Manufacturer Center,2025-07-01/2025-12-31,KEYWORD_INSUFFICIENT_INFORMATION_ON_TRADERS,,EE,,,,,,,,,,,,,,
All,Manufacturer Center,2025-07-01/2025-12-31,KEYWORD_MISLEADING_INFO_GOODS_SERVICES,,EE,,,,,,,,,,,,,,
All,Manufacturer Center,2025-07-01/2025-12-31,KEYWORD_MISLEADING_INFO_CONSUMER_RIGHTS,,EE,,,,,,,,,,,,,,
All,Manufacturer Center,2025-07-01/2025-12-31,KEYWORD_NONCOMPLIANCE_PRICING,,EE,,,,,,,,,,,,,,
All,Manufacturer Center,2025-07-01/2025-12-31,KEYWORD_OTHER,CONSUMER_PROTECTION,EE,,,,,,,,,,,,,,
All,Manufacturer Center,2025-07-01/2025-12-31,KEYWORD_OTHER,MISREPRESENTATION,EE,,,,,,,,,,,,,,
All,Manufacturer Center,2025-07-01/2025-12-31,STATEMENT_CATEGORY_CYBER_VIOLENCE,,EE,,,,,,,,,,,,,,
All,Manufacturer Center,2025-07-01/2025-12-31,KEYWORD_CYBER_BULLYING_INTIMIDATION,,EE,,,,,,,,,,,,,,
All,Manufacturer Center,2025-07-01/2025-12-31,KEYWORD_CYBER_HARASSMENT,,EE,,,,,,,,,,,,,,
All,Manufacturer Center,2025-07-01/2025-12-31,KEYWORD_CYBER_INCITEMENT,,EE,,,,,,,,,,,,,,
All,Manufacturer Center,2025-07-01/2025-12-31,KEYWORD_CYBER_STALKING,,EE,,,,,,,,,,,,,,
All,Manufacturer Center,2025-07-01/2025-12-31,KEYWORD_NON_CONSENSUAL_IMAGE_SHARING,,EE,,,,,,,,,,,,,,
All,Manufacturer Center,2025-07-01/2025-12-31,KEYWORD_NON_CONSENSUAL_MATERIAL_DEEPFAKE,,EE,,,,,,,,,,,,,,
All,Manufacturer Center,2025-07-01/2025-12-31,KEYWORD_OTHER,DOXING,EE,,,,,,,,,,,,,,
All,Manufacturer Center,2025-07-01/2025-12-31,KEYWORD_OTHER,HARASSMENT,EE,,,,,,,,,,,,,,
All,Manufacturer Center,2025-07-01/2025-12-31,KEYWORD_OTHER,HARASSMENT_AND_CYBERBULLYING,EE,,,,,,,,,,,,,,
All,Manufacturer Center,2025-07-01/2025-12-31,KEYWORD_OTHER,HARMFUL_ACTIVITIES,EE,,,,,,,,,,,,,,
All,Manufacturer Center,2025-07-01/2025-12-31,KEYWORD_OTHER,SEXUAL_HARASSMENT,EE,,,,,,,,,,,,,,
All,Manufacturer Center,2025-07-01/2025-12-31,KEYWORD_OTHER,OBSCENITY_OR_PORNOGRAPHY,EE,,,,,,,,,,,,,,
All,Manufacturer Center,2025-07-01/2025-12-31,KEYWORD_OTHER,UNSAFE_CONTENT,EE,,,,,,,,,,,,,,
All,Manufacturer Center,2025-07-01/2025-12-31,STATEMENT_CATEGORY_CYBER_VIOLENCE_AGAINST_WOMEN,,EE,,,,,,,,,,,,,,
All,Manufacturer Center,2025-07-01/2025-12-31,KEYWORD_BULLYING_AGAINST_GIRLS,,EE,,,,,,,,,,,,,,
All,Manufacturer Center,2025-07-01/2025-12-31,KEYWORD_CYBER_HARASSMENT_AGAINST_WOMEN,,EE,,,,,,,,,,,,,,
All,Manufacturer Center,2025-07-01/2025-12-31,KEYWORD_CYBER_STALKING_AGAINST_WOMEN,,EE,,,,,,,,,,,,,,
All,Manufacturer Center,2025-07-01/2025-12-31,KEYWORD_FEMALE_GENDERED_DISINFORMATION,,EE,,,,,,,,,,,,,,
All,Manufacturer Center,2025-07-01/2025-12-31,KEYWORD_INCITEMENT_AGAINST_WOMEN,,EE,,,,,,,,,,,,,,
All,Manufacturer Center,2025-07-01/2025-12-31,KEYWORD_NON_CONSENSUAL_IMAGE_SHARING_AGAINST_WOMEN,,EE,,,,,,,,,,,,,,
All,Manufacturer Center,2025-07-01/2025-12-31,KEYWORD_NON_CONSENSUAL_MATERIAL_DEEPFAKE_AGAINST_WOMEN,,EE,,,,,,,,,,,,,,
All,Manufacturer Center,2025-07-01/2025-12-31,KEYWORD_OTHER,"Text to detail the ""Other"" keyword.",EE,,,,,,,,,,,,,,
All,Manufacturer Center,2025-07-01/2025-12-31,STATEMENT_CATEGORY_DATA_PROTECTION_AND_PRIVACY_VIOLATIONS,,EE,,,,,,,,,,,,,,
All,Manufacturer Center,2025-07-01/2025-12-31,KEYWORD_BIOMETRIC_DATA_BREACH,,EE,,,,,,,,,,,,,,
All,Manufacturer Center,2025-07-01/2025-12-31,KEYWORD_DATA_FALSIFICATION,,EE,,,,,,,,,,,,,,
All,Manufacturer Center,2025-07-01/2025-12-31,KEYWORD_MISSING_PROCESSING_GROUND,,EE,,,,,,,,,,,,,,
All,Manufacturer Center,2025-07-01/2025-12-31,KEYWORD_RIGHT_TO_BE_FORGOTTEN,,EE,,,,,,,,,,,,,,
All,Manufacturer Center,2025-07-01/2025-12-31,KEYWORD_OTHER,DATA_COLLECTION_AND_USE,EE,,,,,,,,,,,,,,
All,Manufacturer Center,2025-07-01/2025-12-31,KEYWORD_OTHER,DISCLOSURE_AND_CONSENT_PRACTICES,EE,,,,,,,,,,,,,,
All,Manufacturer Center,2025-07-01/2025-12-31,KEYWORD_OTHER,GDPR,EE,,,,,,,,,,,,,,
All,Manufacturer Center,2025-07-01/2025-12-31,KEYWORD_OTHER,PERSONAL_INFORMATION,EE,,,,,,,,,,,,,,
All,Manufacturer Center,2025-07-01/2025-12-31,KEYWORD_OTHER,PERSONAL_RIGHTS,EE,,,,,,,,,,,,,,
All,Manufacturer Center,2025-07-01/2025-12-31,KEYWORD_OTHER,PERSONALIZED_ADVERTISING,EE,,,,,,,,,,,,,,
All,Manufacturer Center,2025-07-01/2025-12-31,KEYWORD_OTHER,PRIVACY,EE,,,,,,,,,,,,,,
All,Manufacturer Center,2025-07-01/2025-12-31,KEYWORD_OTHER,PRIVACY_POLICY,EE,,,,,,,,,,,,,,
All,Manufacturer Center,2025-07-01/2025-12-31,KEYWORD_OTHER,UNSECURE_DATA_HANDLING,EE,,,,,,,,,,,,,,
All,Manufacturer Center,2025-07-01/2025-12-31,STATEMENT_CATEGORY_ILLEGAL_OR_HARMFUL_SPEECH,,EE,,,,,,,,,,,,,,
All,Manufacturer Center,2025-07-01/2025-12-31,KEYWORD_DEFAMATION,,EE,,,,,,,,,,,,,,
All,Manufacturer Center,2025-07-01/2025-12-31,KEYWORD_DISCRIMINATION,,EE,,,,,,,,,,,,,,
All,Manufacturer Center,2025-07-01/2025-12-31,KEYWORD_HATE_SPEECH,,EE,,,,,,,,,,,,,,
All,Manufacturer Center,2025-07-01/2025-12-31,KEYWORD_OTHER,HATEFUL_OR_ABUSIVE,EE,,,,,,,,,,,,,,
All,Manufacturer Center,2025-07-01/2025-12-31,KEYWORD_OTHER,ILLEGAL_OR_HARMFUL_SPEECH,EE,,,,,,,,,,,,,,
All,Manufacturer Center,2025-07-01/2025-12-31,KEYWORD_OTHER,OBSCENITY_AND_PROFANITY,EE,,,,,,,,,,,,,,
All,Manufacturer Center,2025-07-01/2025-12-31,KEYWORD_OTHER,OFFENSIVE_CONTENT,EE,,,,,,,,,,,,,,
All,Manufacturer Center,2025-07-01/2025-12-31,KEYWORD_OTHER,UNSAFE_CONTENT,EE,,,,,,,,,,,,,,
All,Manufacturer Center,2025-07-01/2025-12-31,STATEMENT_CATEGORY_INTELLECTUAL_PROPERTY_INFRINGEMENTS,,EE,,,,,,,,,,,,,,
All,Manufacturer Center,2025-07-01/2025-12-31,KEYWORD_COPYRIGHT_INFRINGEMENT,,EE,,,,,,,,,,,,,,
All,Manufacturer Center,2025-07-01/2025-12-31,KEYWORD_DESIGN_INFRINGEMENT,,EE,,,,,,,,,,,,,,
All,Manufacturer Center,2025-07-01/2025-12-31,KEYWORD_GEOGRAPHIC_INDICATIONS_INFRINGEMENT,,EE,,,,,,,,,,,,,,
All,Manufacturer Center,2025-07-01/2025-12-31,KEYWORD_PATENT_INFRINGEMENT,,EE,,,,,,,,,,,,,,
All,Manufacturer Center,2025-07-01/2025-12-31,KEYWORD_TRADE_SECRET_INFRINGEMENT,,EE,,,,,,,,,,,,,,
All,Manufacturer Center,2025-07-01/2025-12-31,KEYWORD_TRADEMARK_INFRINGEMENT,,EE,,,,,,,,,,,,,,
All,Manufacturer Center,2025-07-01/2025-12-31,KEYWORD_OTHER,CIRCUMVENTION,EE,,,,,,,,,,,,,,
All,Manufacturer Center,2025-07-01/2025-12-31,KEYWORD_OTHER,INTELLECTUAL PROPERTY,EE,,,,,,,,,,,,,,
All,Manufacturer Center,2025-07-01/2025-12-31,STATEMENT_CATEGORY_NEGATIVE_EFFECTS_ON_CIVIC_DISCOURSE_OR_ELECTIONS,,EE,,,,,,,,,,,,,,
All,Manufacturer Center,2025-07-01/2025-12-31,KEYWORD_MISINFORMATION_DISINFORMATION,,EE,,,,,,,,,,,,,,
All,Manufacturer Center,2025-07-01/2025-12-31,KEYWORD_VIOLATION_EU_LAW,,EE,,,,,,,,,,,,,,
All,Manufacturer Center,2025-07-01/2025-12-31,KEYWORD_VIOLATION_NATIONAL_LAW,,EE,,,,,,,,,,,,,,
All,Manufacturer Center,2025-07-01/2025-12-31,KEYWORD_OTHER,ELECTORAL,EE,,,,,,,,,,,,,,
All,Manufacturer Center,2025-07-01/2025-12-31,KEYWORD_OTHER,HACKED_POLITICAL_MATERIALS,EE,,,,,,,,,,,,,,
All,Manufacturer Center,2025-07-01/2025-12-31,KEYWORD_OTHER,POLITICAL_CONTENT,EE,,,,,,,,,,,,,,
All,Manufacturer Center,2025-07-01/2025-12-31,KEYWORD_OTHER,SOCIAL_STABILITY,EE,,,,,,,,,,,,,,
All,Manufacturer Center,2025-07-01/2025-12-31,KEYWORD_OTHER,SOCIETAL_VALUES,EE,,,,,,,,,,,,,,
All,Manufacturer Center,2025-07-01/2025-12-31,STATEMENT_CATEGORY_PROTECTION_OF_MINORS,,EE,,,,,,,,,,,,,,
All,Manufacturer Center,2025-07-01/2025-12-31,KEYWORD_AGE_SPECIFIC_RESTRICTIONS_MINORS,,EE,,,,,,,,,,,,,,
All,Manufacturer Center,2025-07-01/2025-12-31,KEYWORD_CHILD_SEXUAL_ABUSE_MATERIAL,,EE,,,,,,,,,,,,,,
All,Manufacturer Center,2025-07-01/2025-12-31,KEYWORD_CHILD_SEXUAL_ABUSE_MATERIAL_DEEPFAKE,,EE,,,,,,,,,,,,,,
All,Manufacturer Center,2025-07-01/2025-12-31,KEYWORD_GROOMING_SEXUAL_ENTICEMENT_MINORS,,EE,,,,,,,,,,,,,,
All,Manufacturer Center,2025-07-01/2025-12-31,KEYWORD_UNSAFE_CHALLENGES,,EE,,,,,,,,,,,,,,
All,Manufacturer Center,2025-07-01/2025-12-31,KEYWORD_OTHER,CHILD_ENDANGERMENT,EE,,,,,,,,,,,,,,
All,Manufacturer Center,2025-07-01/2025-12-31,KEYWORD_OTHER,CHILD_SAFETY,EE,,,,,,,,,,,,,,
All,Manufacturer Center,2025-07-01/2025-12-31,KEYWORD_OTHER,HARMFUL_OR_DANGEROUS_ACTS_CHALLENGES_AND_PRANKS,EE,,,,,,,,,,,,,,
All,Manufacturer Center,2025-07-01/2025-12-31,KEYWORD_OTHER,KNOWN_SERIES,EE,,,,,,,,,,,,,,
All,Manufacturer Center,2025-07-01/2025-12-31,KEYWORD_OTHER,PROTECTION_OF_MINORS,EE,,,,,,,,,,,,,,
All,Manufacturer Center,2025-07-01/2025-12-31,KEYWORD_OTHER,UNAUTHORIZED_IMAGE_OF_MINORS,EE,,,,,,,,,,,,,,
All,Manufacturer Center,2025-07-01/2025-12-31,STATEMENT_CATEGORY_RISK_FOR_PUBLIC_SECURITY,,EE,,,,,,,,,,,,,,
All,Manufacturer Center,2025-07-01/2025-12-31,KEYWORD_ILLEGAL_ORGANIZATIONS,,EE,,,,,,,,,,,,,,
All,Manufacturer Center,2025-07-01/2025-12-31,KEYWORD_RISK_ENVIRONMENTAL_DAMAGE,,EE,,,,,,,,,,,,,,
All,Manufacturer Center,2025-07-01/2025-12-31,KEYWORD_RISK_PUBLIC_HEALTH,,EE,,,,,,,,,,,,,,
All,Manufacturer Center,2025-07-01/2025-12-31,KEYWORD_TERRORIST_CONTENT,,EE,,,,,,,,,,,,,,
All,Manufacturer Center,2025-07-01/2025-12-31,KEYWORD_OTHER,COURT_ORDER,EE,,,,,,,,,,,,,,
All,Manufacturer Center,2025-07-01/2025-12-31,KEYWORD_OTHER,RISK_FOR_PUBLIC_SECURITY,EE,,,,,,,,,,,,,,
All,Manufacturer Center,2025-07-01/2025-12-31,KEYWORD_OTHER,SENSITIVE_EVENTS,EE,,,,,,,,,,,,,,
All,Manufacturer Center,2025-07-01/2025-12-31,KEYWORD_OTHER,VIOLENT_EXTREMISM,EE,,,,,,,,,,,,,,
All,Manufacturer Center,2025-07-01/2025-12-31,KEYWORD_OTHER,WRONGFUL_OR_UNAUTHORIZED_USE_OF_SYMBOLS,EE,,,,,,,,,,,,,,
All,Manufacturer Center,2025-07-01/2025-12-31,STATEMENT_CATEGORY_SCAMS_AND_FRAUD,,EE,,,,,,,,,,,,,,
All,Manufacturer Center,2025-07-01/2025-12-31,KEYWORD_IMPERSONATION_ACCOUNT_HIJACKING,,EE,,,,,,,,,,,,,,
All,Manufacturer Center,2025-07-01/2025-12-31,KEYWORD_INAUTHENTIC_ACCOUNTS,,EE,,,,,,,,,,,,,,
All,Manufacturer Center,2025-07-01/2025-12-31,KEYWORD_INAUTHENTIC_LISTINGS,,EE,,,,,,,,,,,,,,
All,Manufacturer Center,2025-07-01/2025-12-31,KEYWORD_INAUTHENTIC_USER_REVIEWS,,EE,,,,,,,,,,,,,,
All,Manufacturer Center,2025-07-01/2025-12-31,KEYWORD_PHISHING,,EE,,,,,,,,,,,,,,
All,Manufacturer Center,2025-07-01/2025-12-31,KEYWORD_PYRAMID_SCHEMES,,EE,,,,,,,,,,,,,,
All,Manufacturer Center,2025-07-01/2025-12-31,KEYWORD_OTHER,AD_FRAUD_POLICY,EE,,,,,,,,,,,,,,
All,Manufacturer Center,2025-07-01/2025-12-31,KEYWORD_OTHER,ENCOURAGEMENT_OF_DIGITAL_SECURITY_OR_TERMS_OF_SERVICE_VIOLATIONS,EE,,,,,,,,,,,,,,
All,Manufacturer Center,2025-07-01/2025-12-31,KEYWORD_OTHER,FRAUD,EE,,,,,,,,,,,,,,
All,Manufacturer Center,2025-07-01/2025-12-31,KEYWORD_OTHER,MALWARE,EE,,,,,,,,,,,,,,
All,Manufacturer Center,2025-07-01/2025-12-31,KEYWORD_OTHER,MALWARE_AND_PHISHING,EE,,,,,,,,,,,,,,
All,Manufacturer Center,2025-07-01/2025-12-31,KEYWORD_OTHER,MALWARE_AND_SYSTEM_CIRCUMVENTION,EE,,,,,,,,,,,,,,
All,Manufacturer Center,2025-07-01/2025-12-31,KEYWORD_OTHER,MISREPRESENTATION,EE,,,,,,,,,,,,,,
All,Manufacturer Center,2025-07-01/2025-12-31,KEYWORD_OTHER,SCAMS,EE,,,,,,,,,,,,,,
All,Manufacturer Center,2025-07-01/2025-12-31,KEYWORD_OTHER,SOCIAL_ENGINEERING_TACTICS,EE,,,,,,,,,,,,,,
All,Manufacturer Center,2025-07-01/2025-12-31,STATEMENT_CATEGORY_SELF_HARM,,EE,,,,,,,,,,,,,,
All,Manufacturer Center,2025-07-01/2025-12-31,KEYWORD_CONTENT_PROMOTING_EATING_DISORDERS,,EE,,,,,,,,,,,,,,
All,Manufacturer Center,2025-07-01/2025-12-31,KEYWORD_SELF_MUTILATION,,EE,,,,,,,,,,,,,,
All,Manufacturer Center,2025-07-01/2025-12-31,KEYWORD_SUICIDE,,EE,,,,,,,,,,,,,,
All,Manufacturer Center,2025-07-01/2025-12-31,KEYWORD_OTHER,SELF_HARM,EE,,,,,,,,,,,,,,
All,Manufacturer Center,2025-07-01/2025-12-31,KEYWORD_OTHER,SUICIDE_AND_SELF_HARM,EE,,,,,,,,,,,,,,
All,Manufacturer Center,2025-07-01/2025-12-31,STATEMENT_CATEGORY_UNSAFE_AND_PROHIBITED_PRODUCTS,,EE,,,,,,,,,,,,,,
All,Manufacturer Center,2025-07-01/2025-12-31,KEYWORD_PROHIBITED_PRODUCTS,,EE,,,,,,,,,,,,,,
All,Manufacturer Center,2025-07-01/2025-12-31,KEYWORD_UNSAFE_PRODUCTS,,EE,,,,,,,,,,,,,,
All,Manufacturer Center,2025-07-01/2025-12-31,KEYWORD_OTHER,COURT_ORDER,EE,,,,,,,,,,,,,,
All,Manufacturer Center,2025-07-01/2025-12-31,KEYWORD_OTHER,ENABLING_DISHONEST_BEHAVIOR,EE,,,,,,,,,,,,,,
All,Manufacturer Center,2025-07-01/2025-12-31,KEYWORD_OTHER,FIREARMS_AND_ILLEGAL_REGULATED_GOODS_OR_SERVICES,EE,,,,,,,,,,,,,,
All,Manufacturer Center,2025-07-01/2025-12-31,KEYWORD_OTHER,OTHER_LEGAL_NOTICES_OR_ORDERS,EE,,,,,,,,,,,,,,
All,Manufacturer Center,2025-07-01/2025-12-31,KEYWORD_OTHER,UNAUTHORIZED_PHARMACIES,EE,,,,,,,,,,,,,,
All,Manufacturer Center,2025-07-01/2025-12-31,STATEMENT_CATEGORY_VIOLENCE,,EE,,,,,,,,,,,,,,
All,Manufacturer Center,2025-07-01/2025-12-31,KEYWORD_COORDINATED_HARM,,EE,,,,,,,,,,,,,,
All,Manufacturer Center,2025-07-01/2025-12-31,KEYWORD_INCITEMENT_VIOLENCE_HATRED,,EE,,,,,,,,,,,,,,
All,Manufacturer Center,2025-07-01/2025-12-31,KEYWORD_HUMAN_EXPLOITATION,,EE,,,,,,,,,,,,,,
All,Manufacturer Center,2025-07-01/2025-12-31,KEYWORD_HUMAN_TRAFFICKING,,EE,,,,,,,,,,,,,,
All,Manufacturer Center,2025-07-01/2025-12-31,KEYWORD_TRAFFICKING_WOMEN_GIRLS,,EE,,,,,,,,,,,,,,
All,Manufacturer Center,2025-07-01/2025-12-31,KEYWORD_OTHER,DEPICTION_OF VIOLENCE,EE,,,,,,,,,,,,,,
All,Manufacturer Center,2025-07-01/2025-12-31,KEYWORD_OTHER,SHOCKING_CONTENT,EE,,,,,,,,,,,,,,
All,Manufacturer Center,2025-07-01/2025-12-31,KEYWORD_OTHER,VIOLENT_OR_GRAPHIC_CONTENT,EE,,,,,,,,,,,,,,
All,Manufacturer Center,2025-07-01/2025-12-31,STATEMENT_CATEGORY_NOT_SPECIFIED_ORDER,,EE,,,,,,,,,,,,,,
All,Manufacturer Center,2025-07-01/2025-12-31,TOTAL,,FI,,,,,,,,,,,,,,
All,Manufacturer Center,2025-07-01/2025-12-31,STATEMENT_CATEGORY_ANIMAL_WELFARE,,FI,,,,,,,,,,,,,,
All,Manufacturer Center,2025-07-01/2025-12-31,KEYWORD_ANIMAL_HARM,,FI,,,,,,,,,,,,,,
All,Manufacturer Center,2025-07-01/2025-12-31,KEYWORD_UNLAWFUL_SALE_ANIMALS,,FI,,,,,,,,,,,,,,
All,Manufacturer Center,2025-07-01/2025-12-31,KEYWORD_OTHER,ANIMAL_CRUELTY,FI,,,,,,,,,,,,,,
All,Manufacturer Center,2025-07-01/2025-12-31,KEYWORD_OTHER,ANIMAL_HARM_AND_UNLAWFUL_SALE,FI,,,,,,,,,,,,,,
All,Manufacturer Center,2025-07-01/2025-12-31,STATEMENT_CATEGORY_CONSUMER_INFORMATION,,FI,,,,,,,,,,,,,,
All,Manufacturer Center,2025-07-01/2025-12-31,KEYWORD_HIDDEN_ADVERTISEMENT,,FI,,,,,,,,,,,,,,
All,Manufacturer Center,2025-07-01/2025-12-31,KEYWORD_INSUFFICIENT_INFORMATION_ON_TRADERS,,FI,,,,,,,,,,,,,,
All,Manufacturer Center,2025-07-01/2025-12-31,KEYWORD_MISLEADING_INFO_GOODS_SERVICES,,FI,,,,,,,,,,,,,,
All,Manufacturer Center,2025-07-01/2025-12-31,KEYWORD_MISLEADING_INFO_CONSUMER_RIGHTS,,FI,,,,,,,,,,,,,,
All,Manufacturer Center,2025-07-01/2025-12-31,KEYWORD_NONCOMPLIANCE_PRICING,,FI,,,,,,,,,,,,,,
All,Manufacturer Center,2025-07-01/2025-12-31,KEYWORD_OTHER,CONSUMER_PROTECTION,FI,,,,,,,,,,,,,,
All,Manufacturer Center,2025-07-01/2025-12-31,KEYWORD_OTHER,MISREPRESENTATION,FI,,,,,,,,,,,,,,
All,Manufacturer Center,2025-07-01/2025-12-31,STATEMENT_CATEGORY_CYBER_VIOLENCE,,FI,,,,,,,,,,,,,,
All,Manufacturer Center,2025-07-01/2025-12-31,KEYWORD_CYBER_BULLYING_INTIMIDATION,,FI,,,,,,,,,,,,,,
All,Manufacturer Center,2025-07-01/2025-12-31,KEYWORD_CYBER_HARASSMENT,,FI,,,,,,,,,,,,,,
All,Manufacturer Center,2025-07-01/2025-12-31,KEYWORD_CYBER_INCITEMENT,,FI,,,,,,,,,,,,,,
All,Manufacturer Center,2025-07-01/2025-12-31,KEYWORD_CYBER_STALKING,,FI,,,,,,,,,,,,,,
All,Manufacturer Center,2025-07-01/2025-12-31,KEYWORD_NON_CONSENSUAL_IMAGE_SHARING,,FI,,,,,,,,,,,,,,
All,Manufacturer Center,2025-07-01/2025-12-31,KEYWORD_NON_CONSENSUAL_MATERIAL_DEEPFAKE,,FI,,,,,,,,,,,,,,
All,Manufacturer Center,2025-07-01/2025-12-31,KEYWORD_OTHER,DOXING,FI,,,,,,,,,,,,,,
All,Manufacturer Center,2025-07-01/2025-12-31,KEYWORD_OTHER,HARASSMENT,FI,,,,,,,,,,,,,,
All,Manufacturer Center,2025-07-01/2025-12-31,KEYWORD_OTHER,HARASSMENT_AND_CYBERBULLYING,FI,,,,,,,,,,,,,,
All,Manufacturer Center,2025-07-01/2025-12-31,KEYWORD_OTHER,HARMFUL_ACTIVITIES,FI,,,,,,,,,,,,,,
All,Manufacturer Center,2025-07-01/2025-12-31,KEYWORD_OTHER,SEXUAL_HARASSMENT,FI,,,,,,,,,,,,,,
All,Manufacturer Center,2025-07-01/2025-12-31,KEYWORD_OTHER,OBSCENITY_OR_PORNOGRAPHY,FI,,,,,,,,,,,,,,
All,Manufacturer Center,2025-07-01/2025-12-31,KEYWORD_OTHER,UNSAFE_CONTENT,FI,,,,,,,,,,,,,,
All,Manufacturer Center,2025-07-01/2025-12-31,STATEMENT_CATEGORY_CYBER_VIOLENCE_AGAINST_WOMEN,,FI,,,,,,,,,,,,,,
All,Manufacturer Center,2025-07-01/2025-12-31,KEYWORD_BULLYING_AGAINST_GIRLS,,FI,,,,,,,,,,,,,,
All,Manufacturer Center,2025-07-01/2025-12-31,KEYWORD_CYBER_HARASSMENT_AGAINST_WOMEN,,FI,,,,,,,,,,,,,,
All,Manufacturer Center,2025-07-01/2025-12-31,KEYWORD_CYBER_STALKING_AGAINST_WOMEN,,FI,,,,,,,,,,,,,,
All,Manufacturer Center,2025-07-01/2025-12-31,KEYWORD_FEMALE_GENDERED_DISINFORMATION,,FI,,,,,,,,,,,,,,
All,Manufacturer Center,2025-07-01/2025-12-31,KEYWORD_INCITEMENT_AGAINST_WOMEN,,FI,,,,,,,,,,,,,,
All,Manufacturer Center,2025-07-01/2025-12-31,KEYWORD_NON_CONSENSUAL_IMAGE_SHARING_AGAINST_WOMEN,,FI,,,,,,,,,,,,,,
All,Manufacturer Center,2025-07-01/2025-12-31,KEYWORD_NON_CONSENSUAL_MATERIAL_DEEPFAKE_AGAINST_WOMEN,,FI,,,,,,,,,,,,,,
All,Manufacturer Center,2025-07-01/2025-12-31,KEYWORD_OTHER,"Text to detail the ""Other"" keyword.",FI,,,,,,,,,,,,,,
All,Manufacturer Center,2025-07-01/2025-12-31,STATEMENT_CATEGORY_DATA_PROTECTION_AND_PRIVACY_VIOLATIONS,,FI,,,,,,,,,,,,,,
All,Manufacturer Center,2025-07-01/2025-12-31,KEYWORD_BIOMETRIC_DATA_BREACH,,FI,,,,,,,,,,,,,,
All,Manufacturer Center,2025-07-01/2025-12-31,KEYWORD_DATA_FALSIFICATION,,FI,,,,,,,,,,,,,,
All,Manufacturer Center,2025-07-01/2025-12-31,KEYWORD_MISSING_PROCESSING_GROUND,,FI,,,,,,,,,,,,,,
All,Manufacturer Center,2025-07-01/2025-12-31,KEYWORD_RIGHT_TO_BE_FORGOTTEN,,FI,,,,,,,,,,,,,,
All,Manufacturer Center,2025-07-01/2025-12-31,KEYWORD_OTHER,DATA_COLLECTION_AND_USE,FI,,,,,,,,,,,,,,
All,Manufacturer Center,2025-07-01/2025-12-31,KEYWORD_OTHER,DISCLOSURE_AND_CONSENT_PRACTICES,FI,,,,,,,,,,,,,,
All,Manufacturer Center,2025-07-01/2025-12-31,KEYWORD_OTHER,GDPR,FI,,,,,,,,,,,,,,
All,Manufacturer Center,2025-07-01/2025-12-31,KEYWORD_OTHER,PERSONAL_INFORMATION,FI,,,,,,,,,,,,,,
All,Manufacturer Center,2025-07-01/2025-12-31,KEYWORD_OTHER,PERSONAL_RIGHTS,FI,,,,,,,,,,,,,,
All,Manufacturer Center,2025-07-01/2025-12-31,KEYWORD_OTHER,PERSONALIZED_ADVERTISING,FI,,,,,,,,,,,,,,
All,Manufacturer Center,2025-07-01/2025-12-31,KEYWORD_OTHER,PRIVACY,FI,,,,,,,,,,,,,,
All,Manufacturer Center,2025-07-01/2025-12-31,KEYWORD_OTHER,PRIVACY_POLICY,FI,,,,,,,,,,,,,,
All,Manufacturer Center,2025-07-01/2025-12-31,KEYWORD_OTHER,UNSECURE_DATA_HANDLING,FI,,,,,,,,,,,,,,
All,Manufacturer Center,2025-07-01/2025-12-31,STATEMENT_CATEGORY_ILLEGAL_OR_HARMFUL_SPEECH,,FI,,,,,,,,,,,,,,
All,Manufacturer Center,2025-07-01/2025-12-31,KEYWORD_DEFAMATION,,FI,,,,,,,,,,,,,,
All,Manufacturer Center,2025-07-01/2025-12-31,KEYWORD_DISCRIMINATION,,FI,,,,,,,,,,,,,,
All,Manufacturer Center,2025-07-01/2025-12-31,KEYWORD_HATE_SPEECH,,FI,,,,,,,,,,,,,,
All,Manufacturer Center,2025-07-01/2025-12-31,KEYWORD_OTHER,HATEFUL_OR_ABUSIVE,FI,,,,,,,,,,,,,,
All,Manufacturer Center,2025-07-01/2025-12-31,KEYWORD_OTHER,ILLEGAL_OR_HARMFUL_SPEECH,FI,,,,,,,,,,,,,,
All,Manufacturer Center,2025-07-01/2025-12-31,KEYWORD_OTHER,OBSCENITY_AND_PROFANITY,FI,,,,,,,,,,,,,,
All,Manufacturer Center,2025-07-01/2025-12-31,KEYWORD_OTHER,OFFENSIVE_CONTENT,FI,,,,,,,,,,,,,,
All,Manufacturer Center,2025-07-01/2025-12-31,KEYWORD_OTHER,UNSAFE_CONTENT,FI,,,,,,,,,,,,,,
All,Manufacturer Center,2025-07-01/2025-12-31,STATEMENT_CATEGORY_INTELLECTUAL_PROPERTY_INFRINGEMENTS,,FI,,,,,,,,,,,,,,
All,Manufacturer Center,2025-07-01/2025-12-31,KEYWORD_COPYRIGHT_INFRINGEMENT,,FI,,,,,,,,,,,,,,
All,Manufacturer Center,2025-07-01/2025-12-31,KEYWORD_DESIGN_INFRINGEMENT,,FI,,,,,,,,,,,,,,
All,Manufacturer Center,2025-07-01/2025-12-31,KEYWORD_GEOGRAPHIC_INDICATIONS_INFRINGEMENT,,FI,,,,,,,,,,,,,,
All,Manufacturer Center,2025-07-01/2025-12-31,KEYWORD_PATENT_INFRINGEMENT,,FI,,,,,,,,,,,,,,
All,Manufacturer Center,2025-07-01/2025-12-31,KEYWORD_TRADE_SECRET_INFRINGEMENT,,FI,,,,,,,,,,,,,,
All,Manufacturer Center,2025-07-01/2025-12-31,KEYWORD_TRADEMARK_INFRINGEMENT,,FI,,,,,,,,,,,,,,
All,Manufacturer Center,2025-07-01/2025-12-31,KEYWORD_OTHER,CIRCUMVENTION,FI,,,,,,,,,,,,,,
All,Manufacturer Center,2025-07-01/2025-12-31,KEYWORD_OTHER,INTELLECTUAL PROPERTY,FI,,,,,,,,,,,,,,
All,Manufacturer Center,2025-07-01/2025-12-31,STATEMENT_CATEGORY_NEGATIVE_EFFECTS_ON_CIVIC_DISCOURSE_OR_ELECTIONS,,FI,,,,,,,,,,,,,,
All,Manufacturer Center,2025-07-01/2025-12-31,KEYWORD_MISINFORMATION_DISINFORMATION,,FI,,,,,,,,,,,,,,
All,Manufacturer Center,2025-07-01/2025-12-31,KEYWORD_VIOLATION_EU_LAW,,FI,,,,,,,,,,,,,,
All,Manufacturer Center,2025-07-01/2025-12-31,KEYWORD_VIOLATION_NATIONAL_LAW,,FI,,,,,,,,,,,,,,
All,Manufacturer Center,2025-07-01/2025-12-31,KEYWORD_OTHER,ELECTORAL,FI,,,,,,,,,,,,,,
All,Manufacturer Center,2025-07-01/2025-12-31,KEYWORD_OTHER,HACKED_POLITICAL_MATERIALS,FI,,,,,,,,,,,,,,
All,Manufacturer Center,2025-07-01/2025-12-31,KEYWORD_OTHER,POLITICAL_CONTENT,FI,,,,,,,,,,,,,,
All,Manufacturer Center,2025-07-01/2025-12-31,KEYWORD_OTHER,SOCIAL_STABILITY,FI,,,,,,,,,,,,,,
All,Manufacturer Center,2025-07-01/2025-12-31,KEYWORD_OTHER,SOCIETAL_VALUES,FI,,,,,,,,,,,,,,
All,Manufacturer Center,2025-07-01/2025-12-31,STATEMENT_CATEGORY_PROTECTION_OF_MINORS,,FI,,,,,,,,,,,,,,
All,Manufacturer Center,2025-07-01/2025-12-31,KEYWORD_AGE_SPECIFIC_RESTRICTIONS_MINORS,,FI,,,,,,,,,,,,,,
All,Manufacturer Center,2025-07-01/2025-12-31,KEYWORD_CHILD_SEXUAL_ABUSE_MATERIAL,,FI,,,,,,,,,,,,,,
All,Manufacturer Center,2025-07-01/2025-12-31,KEYWORD_CHILD_SEXUAL_ABUSE_MATERIAL_DEEPFAKE,,FI,,,,,,,,,,,,,,
All,Manufacturer Center,2025-07-01/2025-12-31,KEYWORD_GROOMING_SEXUAL_ENTICEMENT_MINORS,,FI,,,,,,,,,,,,,,
All,Manufacturer Center,2025-07-01/2025-12-31,KEYWORD_UNSAFE_CHALLENGES,,FI,,,,,,,,,,,,,,
All,Manufacturer Center,2025-07-01/2025-12-31,KEYWORD_OTHER,CHILD_ENDANGERMENT,FI,,,,,,,,,,,,,,
All,Manufacturer Center,2025-07-01/2025-12-31,KEYWORD_OTHER,CHILD_SAFETY,FI,,,,,,,,,,,,,,
All,Manufacturer Center,2025-07-01/2025-12-31,KEYWORD_OTHER,HARMFUL_OR_DANGEROUS_ACTS_CHALLENGES_AND_PRANKS,FI,,,,,,,,,,,,,,
All,Manufacturer Center,2025-07-01/2025-12-31,KEYWORD_OTHER,KNOWN_SERIES,FI,,,,,,,,,,,,,,
All,Manufacturer Center,2025-07-01/2025-12-31,KEYWORD_OTHER,PROTECTION_OF_MINORS,FI,,,,,,,,,,,,,,
All,Manufacturer Center,2025-07-01/2025-12-31,KEYWORD_OTHER,UNAUTHORIZED_IMAGE_OF_MINORS,FI,,,,,,,,,,,,,,
All,Manufacturer Center,2025-07-01/2025-12-31,STATEMENT_CATEGORY_RISK_FOR_PUBLIC_SECURITY,,FI,,,,,,,,,,,,,,
All,Manufacturer Center,2025-07-01/2025-12-31,KEYWORD_ILLEGAL_ORGANIZATIONS,,FI,,,,,,,,,,,,,,
All,Manufacturer Center,2025-07-01/2025-12-31,KEYWORD_RISK_ENVIRONMENTAL_DAMAGE,,FI,,,,,,,,,,,,,,
All,Manufacturer Center,2025-07-01/2025-12-31,KEYWORD_RISK_PUBLIC_HEALTH,,FI,,,,,,,,,,,,,,
All,Manufacturer Center,2025-07-01/2025-12-31,KEYWORD_TERRORIST_CONTENT,,FI,,,,,,,,,,,,,,
All,Manufacturer Center,2025-07-01/2025-12-31,KEYWORD_OTHER,COURT_ORDER,FI,,,,,,,,,,,,,,
All,Manufacturer Center,2025-07-01/2025-12-31,KEYWORD_OTHER,RISK_FOR_PUBLIC_SECURITY,FI,,,,,,,,,,,,,,
All,Manufacturer Center,2025-07-01/2025-12-31,KEYWORD_OTHER,SENSITIVE_EVENTS,FI,,,,,,,,,,,,,,
All,Manufacturer Center,2025-07-01/2025-12-31,KEYWORD_OTHER,VIOLENT_EXTREMISM,FI,,,,,,,,,,,,,,
All,Manufacturer Center,2025-07-01/2025-12-31,KEYWORD_OTHER,WRONGFUL_OR_UNAUTHORIZED_USE_OF_SYMBOLS,FI,,,,,,,,,,,,,,
All,Manufacturer Center,2025-07-01/2025-12-31,STATEMENT_CATEGORY_SCAMS_AND_FRAUD,,FI,,,,,,,,,,,,,,
All,Manufacturer Center,2025-07-01/2025-12-31,KEYWORD_IMPERSONATION_ACCOUNT_HIJACKING,,FI,,,,,,,,,,,,,,
All,Manufacturer Center,2025-07-01/2025-12-31,KEYWORD_INAUTHENTIC_ACCOUNTS,,FI,,,,,,,,,,,,,,
All,Manufacturer Center,2025-07-01/2025-12-31,KEYWORD_INAUTHENTIC_LISTINGS,,FI,,,,,,,,,,,,,,
All,Manufacturer Center,2025-07-01/2025-12-31,KEYWORD_INAUTHENTIC_USER_REVIEWS,,FI,,,,,,,,,,,,,,
All,Manufacturer Center,2025-07-01/2025-12-31,KEYWORD_PHISHING,,FI,,,,,,,,,,,,,,
All,Manufacturer Center,2025-07-01/2025-12-31,KEYWORD_PYRAMID_SCHEMES,,FI,,,,,,,,,,,,,,
All,Manufacturer Center,2025-07-01/2025-12-31,KEYWORD_OTHER,AD_FRAUD_POLICY,FI,,,,,,,,,,,,,,
All,Manufacturer Center,2025-07-01/2025-12-31,KEYWORD_OTHER,ENCOURAGEMENT_OF_DIGITAL_SECURITY_OR_TERMS_OF_SERVICE_VIOLATIONS,FI,,,,,,,,,,,,,,
All,Manufacturer Center,2025-07-01/2025-12-31,KEYWORD_OTHER,FRAUD,FI,,,,,,,,,,,,,,
All,Manufacturer Center,2025-07-01/2025-12-31,KEYWORD_OTHER,MALWARE,FI,,,,,,,,,,,,,,
All,Manufacturer Center,2025-07-01/2025-12-31,KEYWORD_OTHER,MALWARE_AND_PHISHING,FI,,,,,,,,,,,,,,
All,Manufacturer Center,2025-07-01/2025-12-31,KEYWORD_OTHER,MALWARE_AND_SYSTEM_CIRCUMVENTION,FI,,,,,,,,,,,,,,
All,Manufacturer Center,2025-07-01/2025-12-31,KEYWORD_OTHER,MISREPRESENTATION,FI,,,,,,,,,,,,,,
All,Manufacturer Center,2025-07-01/2025-12-31,KEYWORD_OTHER,SCAMS,FI,,,,,,,,,,,,,,
All,Manufacturer Center,2025-07-01/2025-12-31,KEYWORD_OTHER,SOCIAL_ENGINEERING_TACTICS,FI,,,,,,,,,,,,,,
All,Manufacturer Center,2025-07-01/2025-12-31,STATEMENT_CATEGORY_SELF_HARM,,FI,,,,,,,,,,,,,,
All,Manufacturer Center,2025-07-01/2025-12-31,KEYWORD_CONTENT_PROMOTING_EATING_DISORDERS,,FI,,,,,,,,,,,,,,
All,Manufacturer Center,2025-07-01/2025-12-31,KEYWORD_SELF_MUTILATION,,FI,,,,,,,,,,,,,,
All,Manufacturer Center,2025-07-01/2025-12-31,KEYWORD_SUICIDE,,FI,,,,,,,,,,,,,,
All,Manufacturer Center,2025-07-01/2025-12-31,KEYWORD_OTHER,SELF_HARM,FI,,,,,,,,,,,,,,
All,Manufacturer Center,2025-07-01/2025-12-31,KEYWORD_OTHER,SUICIDE_AND_SELF_HARM,FI,,,,,,,,,,,,,,
All,Manufacturer Center,2025-07-01/2025-12-31,STATEMENT_CATEGORY_UNSAFE_AND_PROHIBITED_PRODUCTS,,FI,,,,,,,,,,,,,,
All,Manufacturer Center,2025-07-01/2025-12-31,KEYWORD_PROHIBITED_PRODUCTS,,FI,,,,,,,,,,,,,,
All,Manufacturer Center,2025-07-01/2025-12-31,KEYWORD_UNSAFE_PRODUCTS,,FI,,,,,,,,,,,,,,
All,Manufacturer Center,2025-07-01/2025-12-31,KEYWORD_OTHER,COURT_ORDER,FI,,,,,,,,,,,,,,
All,Manufacturer Center,2025-07-01/2025-12-31,KEYWORD_OTHER,ENABLING_DISHONEST_BEHAVIOR,FI,,,,,,,,,,,,,,
All,Manufacturer Center,2025-07-01/2025-12-31,KEYWORD_OTHER,FIREARMS_AND_ILLEGAL_REGULATED_GOODS_OR_SERVICES,FI,,,,,,,,,,,,,,
All,Manufacturer Center,2025-07-01/2025-12-31,KEYWORD_OTHER,OTHER_LEGAL_NOTICES_OR_ORDERS,FI,,,,,,,,,,,,,,
All,Manufacturer Center,2025-07-01/2025-12-31,KEYWORD_OTHER,UNAUTHORIZED_PHARMACIES,FI,,,,,,,,,,,,,,
All,Manufacturer Center,2025-07-01/2025-12-31,STATEMENT_CATEGORY_VIOLENCE,,FI,,,,,,,,,,,,,,
All,Manufacturer Center,2025-07-01/2025-12-31,KEYWORD_COORDINATED_HARM,,FI,,,,,,,,,,,,,,
All,Manufacturer Center,2025-07-01/2025-12-31,KEYWORD_INCITEMENT_VIOLENCE_HATRED,,FI,,,,,,,,,,,,,,
All,Manufacturer Center,2025-07-01/2025-12-31,KEYWORD_HUMAN_EXPLOITATION,,FI,,,,,,,,,,,,,,
All,Manufacturer Center,2025-07-01/2025-12-31,KEYWORD_HUMAN_TRAFFICKING,,FI,,,,,,,,,,,,,,
All,Manufacturer Center,2025-07-01/2025-12-31,KEYWORD_TRAFFICKING_WOMEN_GIRLS,,FI,,,,,,,,,,,,,,
All,Manufacturer Center,2025-07-01/2025-12-31,KEYWORD_OTHER,DEPICTION_OF VIOLENCE,FI,,,,,,,,,,,,,,
All,Manufacturer Center,2025-07-01/2025-12-31,KEYWORD_OTHER,SHOCKING_CONTENT,FI,,,,,,,,,,,,,,
All,Manufacturer Center,2025-07-01/2025-12-31,KEYWORD_OTHER,VIOLENT_OR_GRAPHIC_CONTENT,FI,,,,,,,,,,,,,,
All,Manufacturer Center,2025-07-01/2025-12-31,STATEMENT_CATEGORY_NOT_SPECIFIED_ORDER,,FI,,,,,,,,,,,,,,
All,Manufacturer Center,2025-07-01/2025-12-31,TOTAL,,FR,,,,,,,,,,,,,,
All,Manufacturer Center,2025-07-01/2025-12-31,STATEMENT_CATEGORY_ANIMAL_WELFARE,,FR,,,,,,,,,,,,,,
All,Manufacturer Center,2025-07-01/2025-12-31,KEYWORD_ANIMAL_HARM,,FR,,,,,,,,,,,,,,
All,Manufacturer Center,2025-07-01/2025-12-31,KEYWORD_UNLAWFUL_SALE_ANIMALS,,FR,,,,,,,,,,,,,,
All,Manufacturer Center,2025-07-01/2025-12-31,KEYWORD_OTHER,ANIMAL_CRUELTY,FR,,,,,,,,,,,,,,
All,Manufacturer Center,2025-07-01/2025-12-31,KEYWORD_OTHER,ANIMAL_HARM_AND_UNLAWFUL_SALE,FR,,,,,,,,,,,,,,
All,Manufacturer Center,2025-07-01/2025-12-31,STATEMENT_CATEGORY_CONSUMER_INFORMATION,,FR,,,,,,,,,,,,,,
All,Manufacturer Center,2025-07-01/2025-12-31,KEYWORD_HIDDEN_ADVERTISEMENT,,FR,,,,,,,,,,,,,,
All,Manufacturer Center,2025-07-01/2025-12-31,KEYWORD_INSUFFICIENT_INFORMATION_ON_TRADERS,,FR,,,,,,,,,,,,,,
All,Manufacturer Center,2025-07-01/2025-12-31,KEYWORD_MISLEADING_INFO_GOODS_SERVICES,,FR,,,,,,,,,,,,,,
All,Manufacturer Center,2025-07-01/2025-12-31,KEYWORD_MISLEADING_INFO_CONSUMER_RIGHTS,,FR,,,,,,,,,,,,,,
All,Manufacturer Center,2025-07-01/2025-12-31,KEYWORD_NONCOMPLIANCE_PRICING,,FR,,,,,,,,,,,,,,
All,Manufacturer Center,2025-07-01/2025-12-31,KEYWORD_OTHER,CONSUMER_PROTECTION,FR,,,,,,,,,,,,,,
All,Manufacturer Center,2025-07-01/2025-12-31,KEYWORD_OTHER,MISREPRESENTATION,FR,,,,,,,,,,,,,,
All,Manufacturer Center,2025-07-01/2025-12-31,STATEMENT_CATEGORY_CYBER_VIOLENCE,,FR,,,,,,,,,,,,,,
All,Manufacturer Center,2025-07-01/2025-12-31,KEYWORD_CYBER_BULLYING_INTIMIDATION,,FR,,,,,,,,,,,,,,
All,Manufacturer Center,2025-07-01/2025-12-31,KEYWORD_CYBER_HARASSMENT,,FR,,,,,,,,,,,,,,
All,Manufacturer Center,2025-07-01/2025-12-31,KEYWORD_CYBER_INCITEMENT,,FR,,,,,,,,,,,,,,
All,Manufacturer Center,2025-07-01/2025-12-31,KEYWORD_CYBER_STALKING,,FR,,,,,,,,,,,,,,
All,Manufacturer Center,2025-07-01/2025-12-31,KEYWORD_NON_CONSENSUAL_IMAGE_SHARING,,FR,,,,,,,,,,,,,,
All,Manufacturer Center,2025-07-01/2025-12-31,KEYWORD_NON_CONSENSUAL_MATERIAL_DEEPFAKE,,FR,,,,,,,,,,,,,,
All,Manufacturer Center,2025-07-01/2025-12-31,KEYWORD_OTHER,DOXING,FR,,,,,,,,,,,,,,
All,Manufacturer Center,2025-07-01/2025-12-31,KEYWORD_OTHER,HARASSMENT,FR,,,,,,,,,,,,,,
All,Manufacturer Center,2025-07-01/2025-12-31,KEYWORD_OTHER,HARASSMENT_AND_CYBERBULLYING,FR,,,,,,,,,,,,,,
All,Manufacturer Center,2025-07-01/2025-12-31,KEYWORD_OTHER,HARMFUL_ACTIVITIES,FR,,,,,,,,,,,,,,
All,Manufacturer Center,2025-07-01/2025-12-31,KEYWORD_OTHER,SEXUAL_HARASSMENT,FR,,,,,,,,,,,,,,
All,Manufacturer Center,2025-07-01/2025-12-31,KEYWORD_OTHER,OBSCENITY_OR_PORNOGRAPHY,FR,,,,,,,,,,,,,,
All,Manufacturer Center,2025-07-01/2025-12-31,KEYWORD_OTHER,UNSAFE_CONTENT,FR,,,,,,,,,,,,,,
All,Manufacturer Center,2025-07-01/2025-12-31,STATEMENT_CATEGORY_CYBER_VIOLENCE_AGAINST_WOMEN,,FR,,,,,,,,,,,,,,
All,Manufacturer Center,2025-07-01/2025-12-31,KEYWORD_BULLYING_AGAINST_GIRLS,,FR,,,,,,,,,,,,,,
All,Manufacturer Center,2025-07-01/2025-12-31,KEYWORD_CYBER_HARASSMENT_AGAINST_WOMEN,,FR,,,,,,,,,,,,,,
All,Manufacturer Center,2025-07-01/2025-12-31,KEYWORD_CYBER_STALKING_AGAINST_WOMEN,,FR,,,,,,,,,,,,,,
All,Manufacturer Center,2025-07-01/2025-12-31,KEYWORD_FEMALE_GENDERED_DISINFORMATION,,FR,,,,,,,,,,,,,,
All,Manufacturer Center,2025-07-01/2025-12-31,KEYWORD_INCITEMENT_AGAINST_WOMEN,,FR,,,,,,,,,,,,,,
All,Manufacturer Center,2025-07-01/2025-12-31,KEYWORD_NON_CONSENSUAL_IMAGE_SHARING_AGAINST_WOMEN,,FR,,,,,,,,,,,,,,
All,Manufacturer Center,2025-07-01/2025-12-31,KEYWORD_NON_CONSENSUAL_MATERIAL_DEEPFAKE_AGAINST_WOMEN,,FR,,,,,,,,,,,,,,
All,Manufacturer Center,2025-07-01/2025-12-31,KEYWORD_OTHER,"Text to detail the ""Other"" keyword.",FR,,,,,,,,,,,,,,
All,Manufacturer Center,2025-07-01/2025-12-31,STATEMENT_CATEGORY_DATA_PROTECTION_AND_PRIVACY_VIOLATIONS,,FR,,,,,,,,,,,,,,
All,Manufacturer Center,2025-07-01/2025-12-31,KEYWORD_BIOMETRIC_DATA_BREACH,,FR,,,,,,,,,,,,,,
All,Manufacturer Center,2025-07-01/2025-12-31,KEYWORD_DATA_FALSIFICATION,,FR,,,,,,,,,,,,,,
All,Manufacturer Center,2025-07-01/2025-12-31,KEYWORD_MISSING_PROCESSING_GROUND,,FR,,,,,,,,,,,,,,
All,Manufacturer Center,2025-07-01/2025-12-31,KEYWORD_RIGHT_TO_BE_FORGOTTEN,,FR,,,,,,,,,,,,,,
All,Manufacturer Center,2025-07-01/2025-12-31,KEYWORD_OTHER,DATA_COLLECTION_AND_USE,FR,,,,,,,,,,,,,,
All,Manufacturer Center,2025-07-01/2025-12-31,KEYWORD_OTHER,DISCLOSURE_AND_CONSENT_PRACTICES,FR,,,,,,,,,,,,,,
All,Manufacturer Center,2025-07-01/2025-12-31,KEYWORD_OTHER,GDPR,FR,,,,,,,,,,,,,,
All,Manufacturer Center,2025-07-01/2025-12-31,KEYWORD_OTHER,PERSONAL_INFORMATION,FR,,,,,,,,,,,,,,
All,Manufacturer Center,2025-07-01/2025-12-31,KEYWORD_OTHER,PERSONAL_RIGHTS,FR,,,,,,,,,,,,,,
All,Manufacturer Center,2025-07-01/2025-12-31,KEYWORD_OTHER,PERSONALIZED_ADVERTISING,FR,,,,,,,,,,,,,,
All,Manufacturer Center,2025-07-01/2025-12-31,KEYWORD_OTHER,PRIVACY,FR,,,,,,,,,,,,,,
All,Manufacturer Center,2025-07-01/2025-12-31,KEYWORD_OTHER,PRIVACY_POLICY,FR,,,,,,,,,,,,,,
All,Manufacturer Center,2025-07-01/2025-12-31,KEYWORD_OTHER,UNSECURE_DATA_HANDLING,FR,,,,,,,,,,,,,,
All,Manufacturer Center,2025-07-01/2025-12-31,STATEMENT_CATEGORY_ILLEGAL_OR_HARMFUL_SPEECH,,FR,,,,,,,,,,,,,,
All,Manufacturer Center,2025-07-01/2025-12-31,KEYWORD_DEFAMATION,,FR,,,,,,,,,,,,,,
All,Manufacturer Center,2025-07-01/2025-12-31,KEYWORD_DISCRIMINATION,,FR,,,,,,,,,,,,,,
All,Manufacturer Center,2025-07-01/2025-12-31,KEYWORD_HATE_SPEECH,,FR,,,,,,,,,,,,,,
All,Manufacturer Center,2025-07-01/2025-12-31,KEYWORD_OTHER,HATEFUL_OR_ABUSIVE,FR,,,,,,,,,,,,,,
All,Manufacturer Center,2025-07-01/2025-12-31,KEYWORD_OTHER,ILLEGAL_OR_HARMFUL_SPEECH,FR,,,,,,,,,,,,,,
All,Manufacturer Center,2025-07-01/2025-12-31,KEYWORD_OTHER,OBSCENITY_AND_PROFANITY,FR,,,,,,,,,,,,,,
All,Manufacturer Center,2025-07-01/2025-12-31,KEYWORD_OTHER,OFFENSIVE_CONTENT,FR,,,,,,,,,,,,,,
All,Manufacturer Center,2025-07-01/2025-12-31,KEYWORD_OTHER,UNSAFE_CONTENT,FR,,,,,,,,,,,,,,
All,Manufacturer Center,2025-07-01/2025-12-31,STATEMENT_CATEGORY_INTELLECTUAL_PROPERTY_INFRINGEMENTS,,FR,,,,,,,,,,,,,,
All,Manufacturer Center,2025-07-01/2025-12-31,KEYWORD_COPYRIGHT_INFRINGEMENT,,FR,,,,,,,,,,,,,,
All,Manufacturer Center,2025-07-01/2025-12-31,KEYWORD_DESIGN_INFRINGEMENT,,FR,,,,,,,,,,,,,,
All,Manufacturer Center,2025-07-01/2025-12-31,KEYWORD_GEOGRAPHIC_INDICATIONS_INFRINGEMENT,,FR,,,,,,,,,,,,,,
All,Manufacturer Center,2025-07-01/2025-12-31,KEYWORD_PATENT_INFRINGEMENT,,FR,,,,,,,,,,,,,,
All,Manufacturer Center,2025-07-01/2025-12-31,KEYWORD_TRADE_SECRET_INFRINGEMENT,,FR,,,,,,,,,,,,,,
All,Manufacturer Center,2025-07-01/2025-12-31,KEYWORD_TRADEMARK_INFRINGEMENT,,FR,,,,,,,,,,,,,,
All,Manufacturer Center,2025-07-01/2025-12-31,KEYWORD_OTHER,CIRCUMVENTION,FR,,,,,,,,,,,,,,
All,Manufacturer Center,2025-07-01/2025-12-31,KEYWORD_OTHER,INTELLECTUAL PROPERTY,FR,,,,,,,,,,,,,,
All,Manufacturer Center,2025-07-01/2025-12-31,STATEMENT_CATEGORY_NEGATIVE_EFFECTS_ON_CIVIC_DISCOURSE_OR_ELECTIONS,,FR,,,,,,,,,,,,,,
All,Manufacturer Center,2025-07-01/2025-12-31,KEYWORD_MISINFORMATION_DISINFORMATION,,FR,,,,,,,,,,,,,,
All,Manufacturer Center,2025-07-01/2025-12-31,KEYWORD_VIOLATION_EU_LAW,,FR,,,,,,,,,,,,,,
All,Manufacturer Center,2025-07-01/2025-12-31,KEYWORD_VIOLATION_NATIONAL_LAW,,FR,,,,,,,,,,,,,,
All,Manufacturer Center,2025-07-01/2025-12-31,KEYWORD_OTHER,ELECTORAL,FR,,,,,,,,,,,,,,
All,Manufacturer Center,2025-07-01/2025-12-31,KEYWORD_OTHER,HACKED_POLITICAL_MATERIALS,FR,,,,,,,,,,,,,,
All,Manufacturer Center,2025-07-01/2025-12-31,KEYWORD_OTHER,POLITICAL_CONTENT,FR,,,,,,,,,,,,,,
All,Manufacturer Center,2025-07-01/2025-12-31,KEYWORD_OTHER,SOCIAL_STABILITY,FR,,,,,,,,,,,,,,
All,Manufacturer Center,2025-07-01/2025-12-31,KEYWORD_OTHER,SOCIETAL_VALUES,FR,,,,,,,,,,,,,,
All,Manufacturer Center,2025-07-01/2025-12-31,STATEMENT_CATEGORY_PROTECTION_OF_MINORS,,FR,,,,,,,,,,,,,,
All,Manufacturer Center,2025-07-01/2025-12-31,KEYWORD_AGE_SPECIFIC_RESTRICTIONS_MINORS,,FR,,,,,,,,,,,,,,
All,Manufacturer Center,2025-07-01/2025-12-31,KEYWORD_CHILD_SEXUAL_ABUSE_MATERIAL,,FR,,,,,,,,,,,,,,
All,Manufacturer Center,2025-07-01/2025-12-31,KEYWORD_CHILD_SEXUAL_ABUSE_MATERIAL_DEEPFAKE,,FR,,,,,,,,,,,,,,
All,Manufacturer Center,2025-07-01/2025-12-31,KEYWORD_GROOMING_SEXUAL_ENTICEMENT_MINORS,,FR,,,,,,,,,,,,,,
All,Manufacturer Center,2025-07-01/2025-12-31,KEYWORD_UNSAFE_CHALLENGES,,FR,,,,,,,,,,,,,,
All,Manufacturer Center,2025-07-01/2025-12-31,KEYWORD_OTHER,CHILD_ENDANGERMENT,FR,,,,,,,,,,,,,,
All,Manufacturer Center,2025-07-01/2025-12-31,KEYWORD_OTHER,CHILD_SAFETY,FR,,,,,,,,,,,,,,
All,Manufacturer Center,2025-07-01/2025-12-31,KEYWORD_OTHER,HARMFUL_OR_DANGEROUS_ACTS_CHALLENGES_AND_PRANKS,FR,,,,,,,,,,,,,,
All,Manufacturer Center,2025-07-01/2025-12-31,KEYWORD_OTHER,KNOWN_SERIES,FR,,,,,,,,,,,,,,
All,Manufacturer Center,2025-07-01/2025-12-31,KEYWORD_OTHER,PROTECTION_OF_MINORS,FR,,,,,,,,,,,,,,
All,Manufacturer Center,2025-07-01/2025-12-31,KEYWORD_OTHER,UNAUTHORIZED_IMAGE_OF_MINORS,FR,,,,,,,,,,,,,,
All,Manufacturer Center,2025-07-01/2025-12-31,STATEMENT_CATEGORY_RISK_FOR_PUBLIC_SECURITY,,FR,,,,,,,,,,,,,,
All,Manufacturer Center,2025-07-01/2025-12-31,KEYWORD_ILLEGAL_ORGANIZATIONS,,FR,,,,,,,,,,,,,,
All,Manufacturer Center,2025-07-01/2025-12-31,KEYWORD_RISK_ENVIRONMENTAL_DAMAGE,,FR,,,,,,,,,,,,,,
All,Manufacturer Center,2025-07-01/2025-12-31,KEYWORD_RISK_PUBLIC_HEALTH,,FR,,,,,,,,,,,,,,
All,Manufacturer Center,2025-07-01/2025-12-31,KEYWORD_TERRORIST_CONTENT,,FR,,,,,,,,,,,,,,
All,Manufacturer Center,2025-07-01/2025-12-31,KEYWORD_OTHER,COURT_ORDER,FR,,,,,,,,,,,,,,
All,Manufacturer Center,2025-07-01/2025-12-31,KEYWORD_OTHER,RISK_FOR_PUBLIC_SECURITY,FR,,,,,,,,,,,,,,
All,Manufacturer Center,2025-07-01/2025-12-31,KEYWORD_OTHER,SENSITIVE_EVENTS,FR,,,,,,,,,,,,,,
All,Manufacturer Center,2025-07-01/2025-12-31,KEYWORD_OTHER,VIOLENT_EXTREMISM,FR,,,,,,,,,,,,,,
All,Manufacturer Center,2025-07-01/2025-12-31,KEYWORD_OTHER,WRONGFUL_OR_UNAUTHORIZED_USE_OF_SYMBOLS,FR,,,,,,,,,,,,,,
All,Manufacturer Center,2025-07-01/2025-12-31,STATEMENT_CATEGORY_SCAMS_AND_FRAUD,,FR,,,,,,,,,,,,,,
All,Manufacturer Center,2025-07-01/2025-12-31,KEYWORD_IMPERSONATION_ACCOUNT_HIJACKING,,FR,,,,,,,,,,,,,,
All,Manufacturer Center,2025-07-01/2025-12-31,KEYWORD_INAUTHENTIC_ACCOUNTS,,FR,,,,,,,,,,,,,,
All,Manufacturer Center,2025-07-01/2025-12-31,KEYWORD_INAUTHENTIC_LISTINGS,,FR,,,,,,,,,,,,,,
All,Manufacturer Center,2025-07-01/2025-12-31,KEYWORD_INAUTHENTIC_USER_REVIEWS,,FR,,,,,,,,,,,,,,
All,Manufacturer Center,2025-07-01/2025-12-31,KEYWORD_PHISHING,,FR,,,,,,,,,,,,,,
All,Manufacturer Center,2025-07-01/2025-12-31,KEYWORD_PYRAMID_SCHEMES,,FR,,,,,,,,,,,,,,
All,Manufacturer Center,2025-07-01/2025-12-31,KEYWORD_OTHER,AD_FRAUD_POLICY,FR,,,,,,,,,,,,,,
All,Manufacturer Center,2025-07-01/2025-12-31,KEYWORD_OTHER,ENCOURAGEMENT_OF_DIGITAL_SECURITY_OR_TERMS_OF_SERVICE_VIOLATIONS,FR,,,,,,,,,,,,,,
All,Manufacturer Center,2025-07-01/2025-12-31,KEYWORD_OTHER,FRAUD,FR,,,,,,,,,,,,,,
All,Manufacturer Center,2025-07-01/2025-12-31,KEYWORD_OTHER,MALWARE,FR,,,,,,,,,,,,,,
All,Manufacturer Center,2025-07-01/2025-12-31,KEYWORD_OTHER,MALWARE_AND_PHISHING,FR,,,,,,,,,,,,,,
All,Manufacturer Center,2025-07-01/2025-12-31,KEYWORD_OTHER,MALWARE_AND_SYSTEM_CIRCUMVENTION,FR,,,,,,,,,,,,,,
All,Manufacturer Center,2025-07-01/2025-12-31,KEYWORD_OTHER,MISREPRESENTATION,FR,,,,,,,,,,,,,,
All,Manufacturer Center,2025-07-01/2025-12-31,KEYWORD_OTHER,SCAMS,FR,,,,,,,,,,,,,,
All,Manufacturer Center,2025-07-01/2025-12-31,KEYWORD_OTHER,SOCIAL_ENGINEERING_TACTICS,FR,,,,,,,,,,,,,,
All,Manufacturer Center,2025-07-01/2025-12-31,STATEMENT_CATEGORY_SELF_HARM,,FR,,,,,,,,,,,,,,
All,Manufacturer Center,2025-07-01/2025-12-31,KEYWORD_CONTENT_PROMOTING_EATING_DISORDERS,,FR,,,,,,,,,,,,,,
All,Manufacturer Center,2025-07-01/2025-12-31,KEYWORD_SELF_MUTILATION,,FR,,,,,,,,,,,,,,
All,Manufacturer Center,2025-07-01/2025-12-31,KEYWORD_SUICIDE,,FR,,,,,,,,,,,,,,
All,Manufacturer Center,2025-07-01/2025-12-31,KEYWORD_OTHER,SELF_HARM,FR,,,,,,,,,,,,,,
All,Manufacturer Center,2025-07-01/2025-12-31,KEYWORD_OTHER,SUICIDE_AND_SELF_HARM,FR,,,,,,,,,,,,,,
All,Manufacturer Center,2025-07-01/2025-12-31,STATEMENT_CATEGORY_UNSAFE_AND_PROHIBITED_PRODUCTS,,FR,,,,,,,,,,,,,,
All,Manufacturer Center,2025-07-01/2025-12-31,KEYWORD_PROHIBITED_PRODUCTS,,FR,,,,,,,,,,,,,,
All,Manufacturer Center,2025-07-01/2025-12-31,KEYWORD_UNSAFE_PRODUCTS,,FR,,,,,,,,,,,,,,
All,Manufacturer Center,2025-07-01/2025-12-31,KEYWORD_OTHER,COURT_ORDER,FR,,,,,,,,,,,,,,
All,Manufacturer Center,2025-07-01/2025-12-31,KEYWORD_OTHER,ENABLING_DISHONEST_BEHAVIOR,FR,,,,,,,,,,,,,,
All,Manufacturer Center,2025-07-01/2025-12-31,KEYWORD_OTHER,FIREARMS_AND_ILLEGAL_REGULATED_GOODS_OR_SERVICES,FR,,,,,,,,,,,,,,
All,Manufacturer Center,2025-07-01/2025-12-31,KEYWORD_OTHER,OTHER_LEGAL_NOTICES_OR_ORDERS,FR,,,,,,,,,,,,,,
All,Manufacturer Center,2025-07-01/2025-12-31,KEYWORD_OTHER,UNAUTHORIZED_PHARMACIES,FR,,,,,,,,,,,,,,
All,Manufacturer Center,2025-07-01/2025-12-31,STATEMENT_CATEGORY_VIOLENCE,,FR,,,,,,,,,,,,,,
All,Manufacturer Center,2025-07-01/2025-12-31,KEYWORD_COORDINATED_HARM,,FR,,,,,,,,,,,,,,
All,Manufacturer Center,2025-07-01/2025-12-31,KEYWORD_INCITEMENT_VIOLENCE_HATRED,,FR,,,,,,,,,,,,,,
All,Manufacturer Center,2025-07-01/2025-12-31,KEYWORD_HUMAN_EXPLOITATION,,FR,,,,,,,,,,,,,,
All,Manufacturer Center,2025-07-01/2025-12-31,KEYWORD_HUMAN_TRAFFICKING,,FR,,,,,,,,,,,,,,
All,Manufacturer Center,2025-07-01/2025-12-31,KEYWORD_TRAFFICKING_WOMEN_GIRLS,,FR,,,,,,,,,,,,,,
All,Manufacturer Center,2025-07-01/2025-12-31,KEYWORD_OTHER,DEPICTION_OF VIOLENCE,FR,,,,,,,,,,,,,,
All,Manufacturer Center,2025-07-01/2025-12-31,KEYWORD_OTHER,SHOCKING_CONTENT,FR,,,,,,,,,,,,,,
All,Manufacturer Center,2025-07-01/2025-12-31,KEYWORD_OTHER,VIOLENT_OR_GRAPHIC_CONTENT,FR,,,,,,,,,,,,,,
All,Manufacturer Center,2025-07-01/2025-12-31,STATEMENT_CATEGORY_NOT_SPECIFIED_ORDER,,FR,,,,,,,,,,,,,,
All,Manufacturer Center,2025-07-01/2025-12-31,TOTAL,,DE,,,,,,,,,,,,,,
All,Manufacturer Center,2025-07-01/2025-12-31,STATEMENT_CATEGORY_ANIMAL_WELFARE,,DE,,,,,,,,,,,,,,
All,Manufacturer Center,2025-07-01/2025-12-31,KEYWORD_ANIMAL_HARM,,DE,,,,,,,,,,,,,,
All,Manufacturer Center,2025-07-01/2025-12-31,KEYWORD_UNLAWFUL_SALE_ANIMALS,,DE,,,,,,,,,,,,,,
All,Manufacturer Center,2025-07-01/2025-12-31,KEYWORD_OTHER,ANIMAL_CRUELTY,DE,,,,,,,,,,,,,,
All,Manufacturer Center,2025-07-01/2025-12-31,KEYWORD_OTHER,ANIMAL_HARM_AND_UNLAWFUL_SALE,DE,,,,,,,,,,,,,,
All,Manufacturer Center,2025-07-01/2025-12-31,STATEMENT_CATEGORY_CONSUMER_INFORMATION,,DE,,,,,,,,,,,,,,
All,Manufacturer Center,2025-07-01/2025-12-31,KEYWORD_HIDDEN_ADVERTISEMENT,,DE,,,,,,,,,,,,,,
All,Manufacturer Center,2025-07-01/2025-12-31,KEYWORD_INSUFFICIENT_INFORMATION_ON_TRADERS,,DE,,,,,,,,,,,,,,
All,Manufacturer Center,2025-07-01/2025-12-31,KEYWORD_MISLEADING_INFO_GOODS_SERVICES,,DE,,,,,,,,,,,,,,
All,Manufacturer Center,2025-07-01/2025-12-31,KEYWORD_MISLEADING_INFO_CONSUMER_RIGHTS,,DE,,,,,,,,,,,,,,
All,Manufacturer Center,2025-07-01/2025-12-31,KEYWORD_NONCOMPLIANCE_PRICING,,DE,,,,,,,,,,,,,,
All,Manufacturer Center,2025-07-01/2025-12-31,KEYWORD_OTHER,CONSUMER_PROTECTION,DE,,,,,,,,,,,,,,
All,Manufacturer Center,2025-07-01/2025-12-31,KEYWORD_OTHER,MISREPRESENTATION,DE,,,,,,,,,,,,,,
All,Manufacturer Center,2025-07-01/2025-12-31,STATEMENT_CATEGORY_CYBER_VIOLENCE,,DE,,,,,,,,,,,,,,
All,Manufacturer Center,2025-07-01/2025-12-31,KEYWORD_CYBER_BULLYING_INTIMIDATION,,DE,,,,,,,,,,,,,,
All,Manufacturer Center,2025-07-01/2025-12-31,KEYWORD_CYBER_HARASSMENT,,DE,,,,,,,,,,,,,,
All,Manufacturer Center,2025-07-01/2025-12-31,KEYWORD_CYBER_INCITEMENT,,DE,,,,,,,,,,,,,,
All,Manufacturer Center,2025-07-01/2025-12-31,KEYWORD_CYBER_STALKING,,DE,,,,,,,,,,,,,,
All,Manufacturer Center,2025-07-01/2025-12-31,KEYWORD_NON_CONSENSUAL_IMAGE_SHARING,,DE,,,,,,,,,,,,,,
All,Manufacturer Center,2025-07-01/2025-12-31,KEYWORD_NON_CONSENSUAL_MATERIAL_DEEPFAKE,,DE,,,,,,,,,,,,,,
All,Manufacturer Center,2025-07-01/2025-12-31,KEYWORD_OTHER,DOXING,DE,,,,,,,,,,,,,,
All,Manufacturer Center,2025-07-01/2025-12-31,KEYWORD_OTHER,HARASSMENT,DE,,,,,,,,,,,,,,
All,Manufacturer Center,2025-07-01/2025-12-31,KEYWORD_OTHER,HARASSMENT_AND_CYBERBULLYING,DE,,,,,,,,,,,,,,
All,Manufacturer Center,2025-07-01/2025-12-31,KEYWORD_OTHER,HARMFUL_ACTIVITIES,DE,,,,,,,,,,,,,,
All,Manufacturer Center,2025-07-01/2025-12-31,KEYWORD_OTHER,SEXUAL_HARASSMENT,DE,,,,,,,,,,,,,,
All,Manufacturer Center,2025-07-01/2025-12-31,KEYWORD_OTHER,OBSCENITY_OR_PORNOGRAPHY,DE,,,,,,,,,,,,,,
All,Manufacturer Center,2025-07-01/2025-12-31,KEYWORD_OTHER,UNSAFE_CONTENT,DE,,,,,,,,,,,,,,
All,Manufacturer Center,2025-07-01/2025-12-31,STATEMENT_CATEGORY_CYBER_VIOLENCE_AGAINST_WOMEN,,DE,,,,,,,,,,,,,,
All,Manufacturer Center,2025-07-01/2025-12-31,KEYWORD_BULLYING_AGAINST_GIRLS,,DE,,,,,,,,,,,,,,
All,Manufacturer Center,2025-07-01/2025-12-31,KEYWORD_CYBER_HARASSMENT_AGAINST_WOMEN,,DE,,,,,,,,,,,,,,
All,Manufacturer Center,2025-07-01/2025-12-31,KEYWORD_CYBER_STALKING_AGAINST_WOMEN,,DE,,,,,,,,,,,,,,
All,Manufacturer Center,2025-07-01/2025-12-31,KEYWORD_FEMALE_GENDERED_DISINFORMATION,,DE,,,,,,,,,,,,,,
All,Manufacturer Center,2025-07-01/2025-12-31,KEYWORD_INCITEMENT_AGAINST_WOMEN,,DE,,,,,,,,,,,,,,
All,Manufacturer Center,2025-07-01/2025-12-31,KEYWORD_NON_CONSENSUAL_IMAGE_SHARING_AGAINST_WOMEN,,DE,,,,,,,,,,,,,,
All,Manufacturer Center,2025-07-01/2025-12-31,KEYWORD_NON_CONSENSUAL_MATERIAL_DEEPFAKE_AGAINST_WOMEN,,DE,,,,,,,,,,,,,,
All,Manufacturer Center,2025-07-01/2025-12-31,KEYWORD_OTHER,"Text to detail the ""Other"" keyword.",DE,,,,,,,,,,,,,,
All,Manufacturer Center,2025-07-01/2025-12-31,STATEMENT_CATEGORY_DATA_PROTECTION_AND_PRIVACY_VIOLATIONS,,DE,,,,,,,,,,,,,,
All,Manufacturer Center,2025-07-01/2025-12-31,KEYWORD_BIOMETRIC_DATA_BREACH,,DE,,,,,,,,,,,,,,
All,Manufacturer Center,2025-07-01/2025-12-31,KEYWORD_DATA_FALSIFICATION,,DE,,,,,,,,,,,,,,
All,Manufacturer Center,2025-07-01/2025-12-31,KEYWORD_MISSING_PROCESSING_GROUND,,DE,,,,,,,,,,,,,,
All,Manufacturer Center,2025-07-01/2025-12-31,KEYWORD_RIGHT_TO_BE_FORGOTTEN,,DE,,,,,,,,,,,,,,
All,Manufacturer Center,2025-07-01/2025-12-31,KEYWORD_OTHER,DATA_COLLECTION_AND_USE,DE,,,,,,,,,,,,,,
All,Manufacturer Center,2025-07-01/2025-12-31,KEYWORD_OTHER,DISCLOSURE_AND_CONSENT_PRACTICES,DE,,,,,,,,,,,,,,
All,Manufacturer Center,2025-07-01/2025-12-31,KEYWORD_OTHER,GDPR,DE,,,,,,,,,,,,,,
All,Manufacturer Center,2025-07-01/2025-12-31,KEYWORD_OTHER,PERSONAL_INFORMATION,DE,,,,,,,,,,,,,,
All,Manufacturer Center,2025-07-01/2025-12-31,KEYWORD_OTHER,PERSONAL_RIGHTS,DE,,,,,,,,,,,,,,
All,Manufacturer Center,2025-07-01/2025-12-31,KEYWORD_OTHER,PERSONALIZED_ADVERTISING,DE,,,,,,,,,,,,,,
All,Manufacturer Center,2025-07-01/2025-12-31,KEYWORD_OTHER,PRIVACY,DE,,,,,,,,,,,,,,
All,Manufacturer Center,2025-07-01/2025-12-31,KEYWORD_OTHER,PRIVACY_POLICY,DE,,,,,,,,,,,,,,
All,Manufacturer Center,2025-07-01/2025-12-31,KEYWORD_OTHER,UNSECURE_DATA_HANDLING,DE,,,,,,,,,,,,,,
All,Manufacturer Center,2025-07-01/2025-12-31,STATEMENT_CATEGORY_ILLEGAL_OR_HARMFUL_SPEECH,,DE,,,,,,,,,,,,,,
All,Manufacturer Center,2025-07-01/2025-12-31,KEYWORD_DEFAMATION,,DE,,,,,,,,,,,,,,
All,Manufacturer Center,2025-07-01/2025-12-31,KEYWORD_DISCRIMINATION,,DE,,,,,,,,,,,,,,
All,Manufacturer Center,2025-07-01/2025-12-31,KEYWORD_HATE_SPEECH,,DE,,,,,,,,,,,,,,
All,Manufacturer Center,2025-07-01/2025-12-31,KEYWORD_OTHER,HATEFUL_OR_ABUSIVE,DE,,,,,,,,,,,,,,
All,Manufacturer Center,2025-07-01/2025-12-31,KEYWORD_OTHER,ILLEGAL_OR_HARMFUL_SPEECH,DE,,,,,,,,,,,,,,
All,Manufacturer Center,2025-07-01/2025-12-31,KEYWORD_OTHER,OBSCENITY_AND_PROFANITY,DE,,,,,,,,,,,,,,
All,Manufacturer Center,2025-07-01/2025-12-31,KEYWORD_OTHER,OFFENSIVE_CONTENT,DE,,,,,,,,,,,,,,
All,Manufacturer Center,2025-07-01/2025-12-31,KEYWORD_OTHER,UNSAFE_CONTENT,DE,,,,,,,,,,,,,,
All,Manufacturer Center,2025-07-01/2025-12-31,STATEMENT_CATEGORY_INTELLECTUAL_PROPERTY_INFRINGEMENTS,,DE,,,,,,,,,,,,,,
All,Manufacturer Center,2025-07-01/2025-12-31,KEYWORD_COPYRIGHT_INFRINGEMENT,,DE,,,,,,,,,,,,,,
All,Manufacturer Center,2025-07-01/2025-12-31,KEYWORD_DESIGN_INFRINGEMENT,,DE,,,,,,,,,,,,,,
All,Manufacturer Center,2025-07-01/2025-12-31,KEYWORD_GEOGRAPHIC_INDICATIONS_INFRINGEMENT,,DE,,,,,,,,,,,,,,
All,Manufacturer Center,2025-07-01/2025-12-31,KEYWORD_PATENT_INFRINGEMENT,,DE,,,,,,,,,,,,,,
All,Manufacturer Center,2025-07-01/2025-12-31,KEYWORD_TRADE_SECRET_INFRINGEMENT,,DE,,,,,,,,,,,,,,
All,Manufacturer Center,2025-07-01/2025-12-31,KEYWORD_TRADEMARK_INFRINGEMENT,,DE,,,,,,,,,,,,,,
All,Manufacturer Center,2025-07-01/2025-12-31,KEYWORD_OTHER,CIRCUMVENTION,DE,,,,,,,,,,,,,,
All,Manufacturer Center,2025-07-01/2025-12-31,KEYWORD_OTHER,INTELLECTUAL PROPERTY,DE,,,,,,,,,,,,,,
All,Manufacturer Center,2025-07-01/2025-12-31,STATEMENT_CATEGORY_NEGATIVE_EFFECTS_ON_CIVIC_DISCOURSE_OR_ELECTIONS,,DE,,,,,,,,,,,,,,
All,Manufacturer Center,2025-07-01/2025-12-31,KEYWORD_MISINFORMATION_DISINFORMATION,,DE,,,,,,,,,,,,,,
All,Manufacturer Center,2025-07-01/2025-12-31,KEYWORD_VIOLATION_EU_LAW,,DE,,,,,,,,,,,,,,
All,Manufacturer Center,2025-07-01/2025-12-31,KEYWORD_VIOLATION_NATIONAL_LAW,,DE,,,,,,,,,,,,,,
All,Manufacturer Center,2025-07-01/2025-12-31,KEYWORD_OTHER,ELECTORAL,DE,,,,,,,,,,,,,,
All,Manufacturer Center,2025-07-01/2025-12-31,KEYWORD_OTHER,HACKED_POLITICAL_MATERIALS,DE,,,,,,,,,,,,,,
All,Manufacturer Center,2025-07-01/2025-12-31,KEYWORD_OTHER,POLITICAL_CONTENT,DE,,,,,,,,,,,,,,
All,Manufacturer Center,2025-07-01/2025-12-31,KEYWORD_OTHER,SOCIAL_STABILITY,DE,,,,,,,,,,,,,,
All,Manufacturer Center,2025-07-01/2025-12-31,KEYWORD_OTHER,SOCIETAL_VALUES,DE,,,,,,,,,,,,,,
All,Manufacturer Center,2025-07-01/2025-12-31,STATEMENT_CATEGORY_PROTECTION_OF_MINORS,,DE,,,,,,,,,,,,,,
All,Manufacturer Center,2025-07-01/2025-12-31,KEYWORD_AGE_SPECIFIC_RESTRICTIONS_MINORS,,DE,,,,,,,,,,,,,,
All,Manufacturer Center,2025-07-01/2025-12-31,KEYWORD_CHILD_SEXUAL_ABUSE_MATERIAL,,DE,,,,,,,,,,,,,,
All,Manufacturer Center,2025-07-01/2025-12-31,KEYWORD_CHILD_SEXUAL_ABUSE_MATERIAL_DEEPFAKE,,DE,,,,,,,,,,,,,,
All,Manufacturer Center,2025-07-01/2025-12-31,KEYWORD_GROOMING_SEXUAL_ENTICEMENT_MINORS,,DE,,,,,,,,,,,,,,
All,Manufacturer Center,2025-07-01/2025-12-31,KEYWORD_UNSAFE_CHALLENGES,,DE,,,,,,,,,,,,,,
All,Manufacturer Center,2025-07-01/2025-12-31,KEYWORD_OTHER,CHILD_ENDANGERMENT,DE,,,,,,,,,,,,,,
All,Manufacturer Center,2025-07-01/2025-12-31,KEYWORD_OTHER,CHILD_SAFETY,DE,,,,,,,,,,,,,,
All,Manufacturer Center,2025-07-01/2025-12-31,KEYWORD_OTHER,HARMFUL_OR_DANGEROUS_ACTS_CHALLENGES_AND_PRANKS,DE,,,,,,,,,,,,,,
All,Manufacturer Center,2025-07-01/2025-12-31,KEYWORD_OTHER,KNOWN_SERIES,DE,,,,,,,,,,,,,,
All,Manufacturer Center,2025-07-01/2025-12-31,KEYWORD_OTHER,PROTECTION_OF_MINORS,DE,,,,,,,,,,,,,,
All,Manufacturer Center,2025-07-01/2025-12-31,KEYWORD_OTHER,UNAUTHORIZED_IMAGE_OF_MINORS,DE,,,,,,,,,,,,,,
All,Manufacturer Center,2025-07-01/2025-12-31,STATEMENT_CATEGORY_RISK_FOR_PUBLIC_SECURITY,,DE,,,,,,,,,,,,,,
All,Manufacturer Center,2025-07-01/2025-12-31,KEYWORD_ILLEGAL_ORGANIZATIONS,,DE,,,,,,,,,,,,,,
All,Manufacturer Center,2025-07-01/2025-12-31,KEYWORD_RISK_ENVIRONMENTAL_DAMAGE,,DE,,,,,,,,,,,,,,
All,Manufacturer Center,2025-07-01/2025-12-31,KEYWORD_RISK_PUBLIC_HEALTH,,DE,,,,,,,,,,,,,,
All,Manufacturer Center,2025-07-01/2025-12-31,KEYWORD_TERRORIST_CONTENT,,DE,,,,,,,,,,,,,,
All,Manufacturer Center,2025-07-01/2025-12-31,KEYWORD_OTHER,COURT_ORDER,DE,,,,,,,,,,,,,,
All,Manufacturer Center,2025-07-01/2025-12-31,KEYWORD_OTHER,RISK_FOR_PUBLIC_SECURITY,DE,,,,,,,,,,,,,,
All,Manufacturer Center,2025-07-01/2025-12-31,KEYWORD_OTHER,SENSITIVE_EVENTS,DE,,,,,,,,,,,,,,
All,Manufacturer Center,2025-07-01/2025-12-31,KEYWORD_OTHER,VIOLENT_EXTREMISM,DE,,,,,,,,,,,,,,
All,Manufacturer Center,2025-07-01/2025-12-31,KEYWORD_OTHER,WRONGFUL_OR_UNAUTHORIZED_USE_OF_SYMBOLS,DE,,,,,,,,,,,,,,
All,Manufacturer Center,2025-07-01/2025-12-31,STATEMENT_CATEGORY_SCAMS_AND_FRAUD,,DE,,,,,,,,,,,,,,
All,Manufacturer Center,2025-07-01/2025-12-31,KEYWORD_IMPERSONATION_ACCOUNT_HIJACKING,,DE,,,,,,,,,,,,,,
All,Manufacturer Center,2025-07-01/2025-12-31,KEYWORD_INAUTHENTIC_ACCOUNTS,,DE,,,,,,,,,,,,,,
All,Manufacturer Center,2025-07-01/2025-12-31,KEYWORD_INAUTHENTIC_LISTINGS,,DE,,,,,,,,,,,,,,
All,Manufacturer Center,2025-07-01/2025-12-31,KEYWORD_INAUTHENTIC_USER_REVIEWS,,DE,,,,,,,,,,,,,,
All,Manufacturer Center,2025-07-01/2025-12-31,KEYWORD_PHISHING,,DE,,,,,,,,,,,,,,
All,Manufacturer Center,2025-07-01/2025-12-31,KEYWORD_PYRAMID_SCHEMES,,DE,,,,,,,,,,,,,,
All,Manufacturer Center,2025-07-01/2025-12-31,KEYWORD_OTHER,AD_FRAUD_POLICY,DE,,,,,,,,,,,,,,
All,Manufacturer Center,2025-07-01/2025-12-31,KEYWORD_OTHER,ENCOURAGEMENT_OF_DIGITAL_SECURITY_OR_TERMS_OF_SERVICE_VIOLATIONS,DE,,,,,,,,,,,,,,
All,Manufacturer Center,2025-07-01/2025-12-31,KEYWORD_OTHER,FRAUD,DE,,,,,,,,,,,,,,
All,Manufacturer Center,2025-07-01/2025-12-31,KEYWORD_OTHER,MALWARE,DE,,,,,,,,,,,,,,
All,Manufacturer Center,2025-07-01/2025-12-31,KEYWORD_OTHER,MALWARE_AND_PHISHING,DE,,,,,,,,,,,,,,
All,Manufacturer Center,2025-07-01/2025-12-31,KEYWORD_OTHER,MALWARE_AND_SYSTEM_CIRCUMVENTION,DE,,,,,,,,,,,,,,
All,Manufacturer Center,2025-07-01/2025-12-31,KEYWORD_OTHER,MISREPRESENTATION,DE,,,,,,,,,,,,,,
All,Manufacturer Center,2025-07-01/2025-12-31,KEYWORD_OTHER,SCAMS,DE,,,,,,,,,,,,,,
All,Manufacturer Center,2025-07-01/2025-12-31,KEYWORD_OTHER,SOCIAL_ENGINEERING_TACTICS,DE,,,,,,,,,,,,,,
All,Manufacturer Center,2025-07-01/2025-12-31,STATEMENT_CATEGORY_SELF_HARM,,DE,,,,,,,,,,,,,,
All,Manufacturer Center,2025-07-01/2025-12-31,KEYWORD_CONTENT_PROMOTING_EATING_DISORDERS,,DE,,,,,,,,,,,,,,
All,Manufacturer Center,2025-07-01/2025-12-31,KEYWORD_SELF_MUTILATION,,DE,,,,,,,,,,,,,,
All,Manufacturer Center,2025-07-01/2025-12-31,KEYWORD_SUICIDE,,DE,,,,,,,,,,,,,,
All,Manufacturer Center,2025-07-01/2025-12-31,KEYWORD_OTHER,SELF_HARM,DE,,,,,,,,,,,,,,
All,Manufacturer Center,2025-07-01/2025-12-31,KEYWORD_OTHER,SUICIDE_AND_SELF_HARM,DE,,,,,,,,,,,,,,
All,Manufacturer Center,2025-07-01/2025-12-31,STATEMENT_CATEGORY_UNSAFE_AND_PROHIBITED_PRODUCTS,,DE,,,,,,,,,,,,,,
All,Manufacturer Center,2025-07-01/2025-12-31,KEYWORD_PROHIBITED_PRODUCTS,,DE,,,,,,,,,,,,,,
All,Manufacturer Center,2025-07-01/2025-12-31,KEYWORD_UNSAFE_PRODUCTS,,DE,,,,,,,,,,,,,,
All,Manufacturer Center,2025-07-01/2025-12-31,KEYWORD_OTHER,COURT_ORDER,DE,,,,,,,,,,,,,,
All,Manufacturer Center,2025-07-01/2025-12-31,KEYWORD_OTHER,ENABLING_DISHONEST_BEHAVIOR,DE,,,,,,,,,,,,,,
All,Manufacturer Center,2025-07-01/2025-12-31,KEYWORD_OTHER,FIREARMS_AND_ILLEGAL_REGULATED_GOODS_OR_SERVICES,DE,,,,,,,,,,,,,,
All,Manufacturer Center,2025-07-01/2025-12-31,KEYWORD_OTHER,OTHER_LEGAL_NOTICES_OR_ORDERS,DE,,,,,,,,,,,,,,
All,Manufacturer Center,2025-07-01/2025-12-31,KEYWORD_OTHER,UNAUTHORIZED_PHARMACIES,DE,,,,,,,,,,,,,,
All,Manufacturer Center,2025-07-01/2025-12-31,STATEMENT_CATEGORY_VIOLENCE,,DE,,,,,,,,,,,,,,
All,Manufacturer Center,2025-07-01/2025-12-31,KEYWORD_COORDINATED_HARM,,DE,,,,,,,,,,,,,,
All,Manufacturer Center,2025-07-01/2025-12-31,KEYWORD_INCITEMENT_VIOLENCE_HATRED,,DE,,,,,,,,,,,,,,
All,Manufacturer Center,2025-07-01/2025-12-31,KEYWORD_HUMAN_EXPLOITATION,,DE,,,,,,,,,,,,,,
All,Manufacturer Center,2025-07-01/2025-12-31,KEYWORD_HUMAN_TRAFFICKING,,DE,,,,,,,,,,,,,,
All,Manufacturer Center,2025-07-01/2025-12-31,KEYWORD_TRAFFICKING_WOMEN_GIRLS,,DE,,,,,,,,,,,,,,
All,Manufacturer Center,2025-07-01/2025-12-31,KEYWORD_OTHER,DEPICTION_OF VIOLENCE,DE,,,,,,,,,,,,,,
All,Manufacturer Center,2025-07-01/2025-12-31,KEYWORD_OTHER,SHOCKING_CONTENT,DE,,,,,,,,,,,,,,
All,Manufacturer Center,2025-07-01/2025-12-31,KEYWORD_OTHER,VIOLENT_OR_GRAPHIC_CONTENT,DE,,,,,,,,,,,,,,
All,Manufacturer Center,2025-07-01/2025-12-31,STATEMENT_CATEGORY_NOT_SPECIFIED_ORDER,,DE,,,,,,,,,,,,,,
All,Manufacturer Center,2025-07-01/2025-12-31,TOTAL,,GR,,,,,,,,,,,,,,
All,Manufacturer Center,2025-07-01/2025-12-31,STATEMENT_CATEGORY_ANIMAL_WELFARE,,GR,,,,,,,,,,,,,,
All,Manufacturer Center,2025-07-01/2025-12-31,KEYWORD_ANIMAL_HARM,,GR,,,,,,,,,,,,,,
All,Manufacturer Center,2025-07-01/2025-12-31,KEYWORD_UNLAWFUL_SALE_ANIMALS,,GR,,,,,,,,,,,,,,
All,Manufacturer Center,2025-07-01/2025-12-31,KEYWORD_OTHER,ANIMAL_CRUELTY,GR,,,,,,,,,,,,,,
All,Manufacturer Center,2025-07-01/2025-12-31,KEYWORD_OTHER,ANIMAL_HARM_AND_UNLAWFUL_SALE,GR,,,,,,,,,,,,,,
All,Manufacturer Center,2025-07-01/2025-12-31,STATEMENT_CATEGORY_CONSUMER_INFORMATION,,GR,,,,,,,,,,,,,,
All,Manufacturer Center,2025-07-01/2025-12-31,KEYWORD_HIDDEN_ADVERTISEMENT,,GR,,,,,,,,,,,,,,
All,Manufacturer Center,2025-07-01/2025-12-31,KEYWORD_INSUFFICIENT_INFORMATION_ON_TRADERS,,GR,,,,,,,,,,,,,,
All,Manufacturer Center,2025-07-01/2025-12-31,KEYWORD_MISLEADING_INFO_GOODS_SERVICES,,GR,,,,,,,,,,,,,,
All,Manufacturer Center,2025-07-01/2025-12-31,KEYWORD_MISLEADING_INFO_CONSUMER_RIGHTS,,GR,,,,,,,,,,,,,,
All,Manufacturer Center,2025-07-01/2025-12-31,KEYWORD_NONCOMPLIANCE_PRICING,,GR,,,,,,,,,,,,,,
All,Manufacturer Center,2025-07-01/2025-12-31,KEYWORD_OTHER,CONSUMER_PROTECTION,GR,,,,,,,,,,,,,,
All,Manufacturer Center,2025-07-01/2025-12-31,KEYWORD_OTHER,MISREPRESENTATION,GR,,,,,,,,,,,,,,
All,Manufacturer Center,2025-07-01/2025-12-31,STATEMENT_CATEGORY_CYBER_VIOLENCE,,GR,,,,,,,,,,,,,,
All,Manufacturer Center,2025-07-01/2025-12-31,KEYWORD_CYBER_BULLYING_INTIMIDATION,,GR,,,,,,,,,,,,,,
All,Manufacturer Center,2025-07-01/2025-12-31,KEYWORD_CYBER_HARASSMENT,,GR,,,,,,,,,,,,,,
All,Manufacturer Center,2025-07-01/2025-12-31,KEYWORD_CYBER_INCITEMENT,,GR,,,,,,,,,,,,,,
All,Manufacturer Center,2025-07-01/2025-12-31,KEYWORD_CYBER_STALKING,,GR,,,,,,,,,,,,,,
All,Manufacturer Center,2025-07-01/2025-12-31,KEYWORD_NON_CONSENSUAL_IMAGE_SHARING,,GR,,,,,,,,,,,,,,
All,Manufacturer Center,2025-07-01/2025-12-31,KEYWORD_NON_CONSENSUAL_MATERIAL_DEEPFAKE,,GR,,,,,,,,,,,,,,
All,Manufacturer Center,2025-07-01/2025-12-31,KEYWORD_OTHER,DOXING,GR,,,,,,,,,,,,,,
All,Manufacturer Center,2025-07-01/2025-12-31,KEYWORD_OTHER,HARASSMENT,GR,,,,,,,,,,,,,,
All,Manufacturer Center,2025-07-01/2025-12-31,KEYWORD_OTHER,HARASSMENT_AND_CYBERBULLYING,GR,,,,,,,,,,,,,,
All,Manufacturer Center,2025-07-01/2025-12-31,KEYWORD_OTHER,HARMFUL_ACTIVITIES,GR,,,,,,,,,,,,,,
All,Manufacturer Center,2025-07-01/2025-12-31,KEYWORD_OTHER,SEXUAL_HARASSMENT,GR,,,,,,,,,,,,,,
All,Manufacturer Center,2025-07-01/2025-12-31,KEYWORD_OTHER,OBSCENITY_OR_PORNOGRAPHY,GR,,,,,,,,,,,,,,
All,Manufacturer Center,2025-07-01/2025-12-31,KEYWORD_OTHER,UNSAFE_CONTENT,GR,,,,,,,,,,,,,,
All,Manufacturer Center,2025-07-01/2025-12-31,STATEMENT_CATEGORY_CYBER_VIOLENCE_AGAINST_WOMEN,,GR,,,,,,,,,,,,,,
All,Manufacturer Center,2025-07-01/2025-12-31,KEYWORD_BULLYING_AGAINST_GIRLS,,GR,,,,,,,,,,,,,,
All,Manufacturer Center,2025-07-01/2025-12-31,KEYWORD_CYBER_HARASSMENT_AGAINST_WOMEN,,GR,,,,,,,,,,,,,,
All,Manufacturer Center,2025-07-01/2025-12-31,KEYWORD_CYBER_STALKING_AGAINST_WOMEN,,GR,,,,,,,,,,,,,,
All,Manufacturer Center,2025-07-01/2025-12-31,KEYWORD_FEMALE_GENDERED_DISINFORMATION,,GR,,,,,,,,,,,,,,
All,Manufacturer Center,2025-07-01/2025-12-31,KEYWORD_INCITEMENT_AGAINST_WOMEN,,GR,,,,,,,,,,,,,,
All,Manufacturer Center,2025-07-01/2025-12-31,KEYWORD_NON_CONSENSUAL_IMAGE_SHARING_AGAINST_WOMEN,,GR,,,,,,,,,,,,,,
All,Manufacturer Center,2025-07-01/2025-12-31,KEYWORD_NON_CONSENSUAL_MATERIAL_DEEPFAKE_AGAINST_WOMEN,,GR,,,,,,,,,,,,,,
All,Manufacturer Center,2025-07-01/2025-12-31,KEYWORD_OTHER,"Text to detail the ""Other"" keyword.",GR,,,,,,,,,,,,,,
All,Manufacturer Center,2025-07-01/2025-12-31,STATEMENT_CATEGORY_DATA_PROTECTION_AND_PRIVACY_VIOLATIONS,,GR,,,,,,,,,,,,,,
All,Manufacturer Center,2025-07-01/2025-12-31,KEYWORD_BIOMETRIC_DATA_BREACH,,GR,,,,,,,,,,,,,,
All,Manufacturer Center,2025-07-01/2025-12-31,KEYWORD_DATA_FALSIFICATION,,GR,,,,,,,,,,,,,,
All,Manufacturer Center,2025-07-01/2025-12-31,KEYWORD_MISSING_PROCESSING_GROUND,,GR,,,,,,,,,,,,,,
All,Manufacturer Center,2025-07-01/2025-12-31,KEYWORD_RIGHT_TO_BE_FORGOTTEN,,GR,,,,,,,,,,,,,,
All,Manufacturer Center,2025-07-01/2025-12-31,KEYWORD_OTHER,DATA_COLLECTION_AND_USE,GR,,,,,,,,,,,,,,
All,Manufacturer Center,2025-07-01/2025-12-31,KEYWORD_OTHER,DISCLOSURE_AND_CONSENT_PRACTICES,GR,,,,,,,,,,,,,,
All,Manufacturer Center,2025-07-01/2025-12-31,KEYWORD_OTHER,GDPR,GR,,,,,,,,,,,,,,
All,Manufacturer Center,2025-07-01/2025-12-31,KEYWORD_OTHER,PERSONAL_INFORMATION,GR,,,,,,,,,,,,,,
All,Manufacturer Center,2025-07-01/2025-12-31,KEYWORD_OTHER,PERSONAL_RIGHTS,GR,,,,,,,,,,,,,,
All,Manufacturer Center,2025-07-01/2025-12-31,KEYWORD_OTHER,PERSONALIZED_ADVERTISING,GR,,,,,,,,,,,,,,
All,Manufacturer Center,2025-07-01/2025-12-31,KEYWORD_OTHER,PRIVACY,GR,,,,,,,,,,,,,,
All,Manufacturer Center,2025-07-01/2025-12-31,KEYWORD_OTHER,PRIVACY_POLICY,GR,,,,,,,,,,,,,,
All,Manufacturer Center,2025-07-01/2025-12-31,KEYWORD_OTHER,UNSECURE_DATA_HANDLING,GR,,,,,,,,,,,,,,
All,Manufacturer Center,2025-07-01/2025-12-31,STATEMENT_CATEGORY_ILLEGAL_OR_HARMFUL_SPEECH,,GR,,,,,,,,,,,,,,
All,Manufacturer Center,2025-07-01/2025-12-31,KEYWORD_DEFAMATION,,GR,,,,,,,,,,,,,,
All,Manufacturer Center,2025-07-01/2025-12-31,KEYWORD_DISCRIMINATION,,GR,,,,,,,,,,,,,,
All,Manufacturer Center,2025-07-01/2025-12-31,KEYWORD_HATE_SPEECH,,GR,,,,,,,,,,,,,,
All,Manufacturer Center,2025-07-01/2025-12-31,KEYWORD_OTHER,HATEFUL_OR_ABUSIVE,GR,,,,,,,,,,,,,,
All,Manufacturer Center,2025-07-01/2025-12-31,KEYWORD_OTHER,ILLEGAL_OR_HARMFUL_SPEECH,GR,,,,,,,,,,,,,,
All,Manufacturer Center,2025-07-01/2025-12-31,KEYWORD_OTHER,OBSCENITY_AND_PROFANITY,GR,,,,,,,,,,,,,,
All,Manufacturer Center,2025-07-01/2025-12-31,KEYWORD_OTHER,OFFENSIVE_CONTENT,GR,,,,,,,,,,,,,,
All,Manufacturer Center,2025-07-01/2025-12-31,KEYWORD_OTHER,UNSAFE_CONTENT,GR,,,,,,,,,,,,,,
All,Manufacturer Center,2025-07-01/2025-12-31,STATEMENT_CATEGORY_INTELLECTUAL_PROPERTY_INFRINGEMENTS,,GR,,,,,,,,,,,,,,
All,Manufacturer Center,2025-07-01/2025-12-31,KEYWORD_COPYRIGHT_INFRINGEMENT,,GR,,,,,,,,,,,,,,
All,Manufacturer Center,2025-07-01/2025-12-31,KEYWORD_DESIGN_INFRINGEMENT,,GR,,,,,,,,,,,,,,
All,Manufacturer Center,2025-07-01/2025-12-31,KEYWORD_GEOGRAPHIC_INDICATIONS_INFRINGEMENT,,GR,,,,,,,,,,,,,,
All,Manufacturer Center,2025-07-01/2025-12-31,KEYWORD_PATENT_INFRINGEMENT,,GR,,,,,,,,,,,,,,
All,Manufacturer Center,2025-07-01/2025-12-31,KEYWORD_TRADE_SECRET_INFRINGEMENT,,GR,,,,,,,,,,,,,,
All,Manufacturer Center,2025-07-01/2025-12-31,KEYWORD_TRADEMARK_INFRINGEMENT,,GR,,,,,,,,,,,,,,
All,Manufacturer Center,2025-07-01/2025-12-31,KEYWORD_OTHER,CIRCUMVENTION,GR,,,,,,,,,,,,,,
All,Manufacturer Center,2025-07-01/2025-12-31,KEYWORD_OTHER,INTELLECTUAL PROPERTY,GR,,,,,,,,,,,,,,
All,Manufacturer Center,2025-07-01/2025-12-31,STATEMENT_CATEGORY_NEGATIVE_EFFECTS_ON_CIVIC_DISCOURSE_OR_ELECTIONS,,GR,,,,,,,,,,,,,,
All,Manufacturer Center,2025-07-01/2025-12-31,KEYWORD_MISINFORMATION_DISINFORMATION,,GR,,,,,,,,,,,,,,
All,Manufacturer Center,2025-07-01/2025-12-31,KEYWORD_VIOLATION_EU_LAW,,GR,,,,,,,,,,,,,,
All,Manufacturer Center,2025-07-01/2025-12-31,KEYWORD_VIOLATION_NATIONAL_LAW,,GR,,,,,,,,,,,,,,
All,Manufacturer Center,2025-07-01/2025-12-31,KEYWORD_OTHER,ELECTORAL,GR,,,,,,,,,,,,,,
All,Manufacturer Center,2025-07-01/2025-12-31,KEYWORD_OTHER,HACKED_POLITICAL_MATERIALS,GR,,,,,,,,,,,,,,
All,Manufacturer Center,2025-07-01/2025-12-31,KEYWORD_OTHER,POLITICAL_CONTENT,GR,,,,,,,,,,,,,,
All,Manufacturer Center,2025-07-01/2025-12-31,KEYWORD_OTHER,SOCIAL_STABILITY,GR,,,,,,,,,,,,,,
All,Manufacturer Center,2025-07-01/2025-12-31,KEYWORD_OTHER,SOCIETAL_VALUES,GR,,,,,,,,,,,,,,
All,Manufacturer Center,2025-07-01/2025-12-31,STATEMENT_CATEGORY_PROTECTION_OF_MINORS,,GR,,,,,,,,,,,,,,
All,Manufacturer Center,2025-07-01/2025-12-31,KEYWORD_AGE_SPECIFIC_RESTRICTIONS_MINORS,,GR,,,,,,,,,,,,,,
All,Manufacturer Center,2025-07-01/2025-12-31,KEYWORD_CHILD_SEXUAL_ABUSE_MATERIAL,,GR,,,,,,,,,,,,,,
All,Manufacturer Center,2025-07-01/2025-12-31,KEYWORD_CHILD_SEXUAL_ABUSE_MATERIAL_DEEPFAKE,,GR,,,,,,,,,,,,,,
All,Manufacturer Center,2025-07-01/2025-12-31,KEYWORD_GROOMING_SEXUAL_ENTICEMENT_MINORS,,GR,,,,,,,,,,,,,,
All,Manufacturer Center,2025-07-01/2025-12-31,KEYWORD_UNSAFE_CHALLENGES,,GR,,,,,,,,,,,,,,
All,Manufacturer Center,2025-07-01/2025-12-31,KEYWORD_OTHER,CHILD_ENDANGERMENT,GR,,,,,,,,,,,,,,
All,Manufacturer Center,2025-07-01/2025-12-31,KEYWORD_OTHER,CHILD_SAFETY,GR,,,,,,,,,,,,,,
All,Manufacturer Center,2025-07-01/2025-12-31,KEYWORD_OTHER,HARMFUL_OR_DANGEROUS_ACTS_CHALLENGES_AND_PRANKS,GR,,,,,,,,,,,,,,
All,Manufacturer Center,2025-07-01/2025-12-31,KEYWORD_OTHER,KNOWN_SERIES,GR,,,,,,,,,,,,,,
All,Manufacturer Center,2025-07-01/2025-12-31,KEYWORD_OTHER,PROTECTION_OF_MINORS,GR,,,,,,,,,,,,,,
All,Manufacturer Center,2025-07-01/2025-12-31,KEYWORD_OTHER,UNAUTHORIZED_IMAGE_OF_MINORS,GR,,,,,,,,,,,,,,
All,Manufacturer Center,2025-07-01/2025-12-31,STATEMENT_CATEGORY_RISK_FOR_PUBLIC_SECURITY,,GR,,,,,,,,,,,,,,
All,Manufacturer Center,2025-07-01/2025-12-31,KEYWORD_ILLEGAL_ORGANIZATIONS,,GR,,,,,,,,,,,,,,
All,Manufacturer Center,2025-07-01/2025-12-31,KEYWORD_RISK_ENVIRONMENTAL_DAMAGE,,GR,,,,,,,,,,,,,,
All,Manufacturer Center,2025-07-01/2025-12-31,KEYWORD_RISK_PUBLIC_HEALTH,,GR,,,,,,,,,,,,,,
All,Manufacturer Center,2025-07-01/2025-12-31,KEYWORD_TERRORIST_CONTENT,,GR,,,,,,,,,,,,,,
All,Manufacturer Center,2025-07-01/2025-12-31,KEYWORD_OTHER,COURT_ORDER,GR,,,,,,,,,,,,,,
All,Manufacturer Center,2025-07-01/2025-12-31,KEYWORD_OTHER,RISK_FOR_PUBLIC_SECURITY,GR,,,,,,,,,,,,,,
All,Manufacturer Center,2025-07-01/2025-12-31,KEYWORD_OTHER,SENSITIVE_EVENTS,GR,,,,,,,,,,,,,,
All,Manufacturer Center,2025-07-01/2025-12-31,KEYWORD_OTHER,VIOLENT_EXTREMISM,GR,,,,,,,,,,,,,,
All,Manufacturer Center,2025-07-01/2025-12-31,KEYWORD_OTHER,WRONGFUL_OR_UNAUTHORIZED_USE_OF_SYMBOLS,GR,,,,,,,,,,,,,,
All,Manufacturer Center,2025-07-01/2025-12-31,STATEMENT_CATEGORY_SCAMS_AND_FRAUD,,GR,,,,,,,,,,,,,,
All,Manufacturer Center,2025-07-01/2025-12-31,KEYWORD_IMPERSONATION_ACCOUNT_HIJACKING,,GR,,,,,,,,,,,,,,
All,Manufacturer Center,2025-07-01/2025-12-31,KEYWORD_INAUTHENTIC_ACCOUNTS,,GR,,,,,,,,,,,,,,
All,Manufacturer Center,2025-07-01/2025-12-31,KEYWORD_INAUTHENTIC_LISTINGS,,GR,,,,,,,,,,,,,,
All,Manufacturer Center,2025-07-01/2025-12-31,KEYWORD_INAUTHENTIC_USER_REVIEWS,,GR,,,,,,,,,,,,,,
All,Manufacturer Center,2025-07-01/2025-12-31,KEYWORD_PHISHING,,GR,,,,,,,,,,,,,,
All,Manufacturer Center,2025-07-01/2025-12-31,KEYWORD_PYRAMID_SCHEMES,,GR,,,,,,,,,,,,,,
All,Manufacturer Center,2025-07-01/2025-12-31,KEYWORD_OTHER,AD_FRAUD_POLICY,GR,,,,,,,,,,,,,,
All,Manufacturer Center,2025-07-01/2025-12-31,KEYWORD_OTHER,ENCOURAGEMENT_OF_DIGITAL_SECURITY_OR_TERMS_OF_SERVICE_VIOLATIONS,GR,,,,,,,,,,,,,,
All,Manufacturer Center,2025-07-01/2025-12-31,KEYWORD_OTHER,FRAUD,GR,,,,,,,,,,,,,,
All,Manufacturer Center,2025-07-01/2025-12-31,KEYWORD_OTHER,MALWARE,GR,,,,,,,,,,,,,,
All,Manufacturer Center,2025-07-01/2025-12-31,KEYWORD_OTHER,MALWARE_AND_PHISHING,GR,,,,,,,,,,,,,,
All,Manufacturer Center,2025-07-01/2025-12-31,KEYWORD_OTHER,MALWARE_AND_SYSTEM_CIRCUMVENTION,GR,,,,,,,,,,,,,,
All,Manufacturer Center,2025-07-01/2025-12-31,KEYWORD_OTHER,MISREPRESENTATION,GR,,,,,,,,,,,,,,
All,Manufacturer Center,2025-07-01/2025-12-31,KEYWORD_OTHER,SCAMS,GR,,,,,,,,,,,,,,
All,Manufacturer Center,2025-07-01/2025-12-31,KEYWORD_OTHER,SOCIAL_ENGINEERING_TACTICS,GR,,,,,,,,,,,,,,
All,Manufacturer Center,2025-07-01/2025-12-31,STATEMENT_CATEGORY_SELF_HARM,,GR,,,,,,,,,,,,,,
All,Manufacturer Center,2025-07-01/2025-12-31,KEYWORD_CONTENT_PROMOTING_EATING_DISORDERS,,GR,,,,,,,,,,,,,,
All,Manufacturer Center,2025-07-01/2025-12-31,KEYWORD_SELF_MUTILATION,,GR,,,,,,,,,,,,,,
All,Manufacturer Center,2025-07-01/2025-12-31,KEYWORD_SUICIDE,,GR,,,,,,,,,,,,,,
All,Manufacturer Center,2025-07-01/2025-12-31,KEYWORD_OTHER,SELF_HARM,GR,,,,,,,,,,,,,,
All,Manufacturer Center,2025-07-01/2025-12-31,KEYWORD_OTHER,SUICIDE_AND_SELF_HARM,GR,,,,,,,,,,,,,,
All,Manufacturer Center,2025-07-01/2025-12-31,STATEMENT_CATEGORY_UNSAFE_AND_PROHIBITED_PRODUCTS,,GR,,,,,,,,,,,,,,
All,Manufacturer Center,2025-07-01/2025-12-31,KEYWORD_PROHIBITED_PRODUCTS,,GR,,,,,,,,,,,,,,
All,Manufacturer Center,2025-07-01/2025-12-31,KEYWORD_UNSAFE_PRODUCTS,,GR,,,,,,,,,,,,,,
All,Manufacturer Center,2025-07-01/2025-12-31,KEYWORD_OTHER,COURT_ORDER,GR,,,,,,,,,,,,,,
All,Manufacturer Center,2025-07-01/2025-12-31,KEYWORD_OTHER,ENABLING_DISHONEST_BEHAVIOR,GR,,,,,,,,,,,,,,
All,Manufacturer Center,2025-07-01/2025-12-31,KEYWORD_OTHER,FIREARMS_AND_ILLEGAL_REGULATED_GOODS_OR_SERVICES,GR,,,,,,,,,,,,,,
All,Manufacturer Center,2025-07-01/2025-12-31,KEYWORD_OTHER,OTHER_LEGAL_NOTICES_OR_ORDERS,GR,,,,,,,,,,,,,,
All,Manufacturer Center,2025-07-01/2025-12-31,KEYWORD_OTHER,UNAUTHORIZED_PHARMACIES,GR,,,,,,,,,,,,,,
All,Manufacturer Center,2025-07-01/2025-12-31,STATEMENT_CATEGORY_VIOLENCE,,GR,,,,,,,,,,,,,,
All,Manufacturer Center,2025-07-01/2025-12-31,KEYWORD_COORDINATED_HARM,,GR,,,,,,,,,,,,,,
All,Manufacturer Center,2025-07-01/2025-12-31,KEYWORD_INCITEMENT_VIOLENCE_HATRED,,GR,,,,,,,,,,,,,,
All,Manufacturer Center,2025-07-01/2025-12-31,KEYWORD_HUMAN_EXPLOITATION,,GR,,,,,,,,,,,,,,
All,Manufacturer Center,2025-07-01/2025-12-31,KEYWORD_HUMAN_TRAFFICKING,,GR,,,,,,,,,,,,,,
All,Manufacturer Center,2025-07-01/2025-12-31,KEYWORD_TRAFFICKING_WOMEN_GIRLS,,GR,,,,,,,,,,,,,,
All,Manufacturer Center,2025-07-01/2025-12-31,KEYWORD_OTHER,DEPICTION_OF VIOLENCE,GR,,,,,,,,,,,,,,
All,Manufacturer Center,2025-07-01/2025-12-31,KEYWORD_OTHER,SHOCKING_CONTENT,GR,,,,,,,,,,,,,,
All,Manufacturer Center,2025-07-01/2025-12-31,KEYWORD_OTHER,VIOLENT_OR_GRAPHIC_CONTENT,GR,,,,,,,,,,,,,,
All,Manufacturer Center,2025-07-01/2025-12-31,STATEMENT_CATEGORY_NOT_SPECIFIED_ORDER,,GR,,,,,,,,,,,,,,
All,Manufacturer Center,2025-07-01/2025-12-31,TOTAL,,HU,,,,,,,,,,,,,,
All,Manufacturer Center,2025-07-01/2025-12-31,STATEMENT_CATEGORY_ANIMAL_WELFARE,,HU,,,,,,,,,,,,,,
All,Manufacturer Center,2025-07-01/2025-12-31,KEYWORD_ANIMAL_HARM,,HU,,,,,,,,,,,,,,
All,Manufacturer Center,2025-07-01/2025-12-31,KEYWORD_UNLAWFUL_SALE_ANIMALS,,HU,,,,,,,,,,,,,,
All,Manufacturer Center,2025-07-01/2025-12-31,KEYWORD_OTHER,ANIMAL_CRUELTY,HU,,,,,,,,,,,,,,
All,Manufacturer Center,2025-07-01/2025-12-31,KEYWORD_OTHER,ANIMAL_HARM_AND_UNLAWFUL_SALE,HU,,,,,,,,,,,,,,
All,Manufacturer Center,2025-07-01/2025-12-31,STATEMENT_CATEGORY_CONSUMER_INFORMATION,,HU,,,,,,,,,,,,,,
All,Manufacturer Center,2025-07-01/2025-12-31,KEYWORD_HIDDEN_ADVERTISEMENT,,HU,,,,,,,,,,,,,,
All,Manufacturer Center,2025-07-01/2025-12-31,KEYWORD_INSUFFICIENT_INFORMATION_ON_TRADERS,,HU,,,,,,,,,,,,,,
All,Manufacturer Center,2025-07-01/2025-12-31,KEYWORD_MISLEADING_INFO_GOODS_SERVICES,,HU,,,,,,,,,,,,,,
All,Manufacturer Center,2025-07-01/2025-12-31,KEYWORD_MISLEADING_INFO_CONSUMER_RIGHTS,,HU,,,,,,,,,,,,,,
All,Manufacturer Center,2025-07-01/2025-12-31,KEYWORD_NONCOMPLIANCE_PRICING,,HU,,,,,,,,,,,,,,
All,Manufacturer Center,2025-07-01/2025-12-31,KEYWORD_OTHER,CONSUMER_PROTECTION,HU,,,,,,,,,,,,,,
All,Manufacturer Center,2025-07-01/2025-12-31,KEYWORD_OTHER,MISREPRESENTATION,HU,,,,,,,,,,,,,,
All,Manufacturer Center,2025-07-01/2025-12-31,STATEMENT_CATEGORY_CYBER_VIOLENCE,,HU,,,,,,,,,,,,,,
All,Manufacturer Center,2025-07-01/2025-12-31,KEYWORD_CYBER_BULLYING_INTIMIDATION,,HU,,,,,,,,,,,,,,
All,Manufacturer Center,2025-07-01/2025-12-31,KEYWORD_CYBER_HARASSMENT,,HU,,,,,,,,,,,,,,
All,Manufacturer Center,2025-07-01/2025-12-31,KEYWORD_CYBER_INCITEMENT,,HU,,,,,,,,,,,,,,
All,Manufacturer Center,2025-07-01/2025-12-31,KEYWORD_CYBER_STALKING,,HU,,,,,,,,,,,,,,
All,Manufacturer Center,2025-07-01/2025-12-31,KEYWORD_NON_CONSENSUAL_IMAGE_SHARING,,HU,,,,,,,,,,,,,,
All,Manufacturer Center,2025-07-01/2025-12-31,KEYWORD_NON_CONSENSUAL_MATERIAL_DEEPFAKE,,HU,,,,,,,,,,,,,,
All,Manufacturer Center,2025-07-01/2025-12-31,KEYWORD_OTHER,DOXING,HU,,,,,,,,,,,,,,
All,Manufacturer Center,2025-07-01/2025-12-31,KEYWORD_OTHER,HARASSMENT,HU,,,,,,,,,,,,,,
All,Manufacturer Center,2025-07-01/2025-12-31,KEYWORD_OTHER,HARASSMENT_AND_CYBERBULLYING,HU,,,,,,,,,,,,,,
All,Manufacturer Center,2025-07-01/2025-12-31,KEYWORD_OTHER,HARMFUL_ACTIVITIES,HU,,,,,,,,,,,,,,
All,Manufacturer Center,2025-07-01/2025-12-31,KEYWORD_OTHER,SEXUAL_HARASSMENT,HU,,,,,,,,,,,,,,
All,Manufacturer Center,2025-07-01/2025-12-31,KEYWORD_OTHER,OBSCENITY_OR_PORNOGRAPHY,HU,,,,,,,,,,,,,,
All,Manufacturer Center,2025-07-01/2025-12-31,KEYWORD_OTHER,UNSAFE_CONTENT,HU,,,,,,,,,,,,,,
All,Manufacturer Center,2025-07-01/2025-12-31,STATEMENT_CATEGORY_CYBER_VIOLENCE_AGAINST_WOMEN,,HU,,,,,,,,,,,,,,
All,Manufacturer Center,2025-07-01/2025-12-31,KEYWORD_BULLYING_AGAINST_GIRLS,,HU,,,,,,,,,,,,,,
All,Manufacturer Center,2025-07-01/2025-12-31,KEYWORD_CYBER_HARASSMENT_AGAINST_WOMEN,,HU,,,,,,,,,,,,,,
All,Manufacturer Center,2025-07-01/2025-12-31,KEYWORD_CYBER_STALKING_AGAINST_WOMEN,,HU,,,,,,,,,,,,,,
All,Manufacturer Center,2025-07-01/2025-12-31,KEYWORD_FEMALE_GENDERED_DISINFORMATION,,HU,,,,,,,,,,,,,,
All,Manufacturer Center,2025-07-01/2025-12-31,KEYWORD_INCITEMENT_AGAINST_WOMEN,,HU,,,,,,,,,,,,,,
All,Manufacturer Center,2025-07-01/2025-12-31,KEYWORD_NON_CONSENSUAL_IMAGE_SHARING_AGAINST_WOMEN,,HU,,,,,,,,,,,,,,
All,Manufacturer Center,2025-07-01/2025-12-31,KEYWORD_NON_CONSENSUAL_MATERIAL_DEEPFAKE_AGAINST_WOMEN,,HU,,,,,,,,,,,,,,
All,Manufacturer Center,2025-07-01/2025-12-31,KEYWORD_OTHER,"Text to detail the ""Other"" keyword.",HU,,,,,,,,,,,,,,
All,Manufacturer Center,2025-07-01/2025-12-31,STATEMENT_CATEGORY_DATA_PROTECTION_AND_PRIVACY_VIOLATIONS,,HU,,,,,,,,,,,,,,
All,Manufacturer Center,2025-07-01/2025-12-31,KEYWORD_BIOMETRIC_DATA_BREACH,,HU,,,,,,,,,,,,,,
All,Manufacturer Center,2025-07-01/2025-12-31,KEYWORD_DATA_FALSIFICATION,,HU,,,,,,,,,,,,,,
All,Manufacturer Center,2025-07-01/2025-12-31,KEYWORD_MISSING_PROCESSING_GROUND,,HU,,,,,,,,,,,,,,
All,Manufacturer Center,2025-07-01/2025-12-31,KEYWORD_RIGHT_TO_BE_FORGOTTEN,,HU,,,,,,,,,,,,,,
All,Manufacturer Center,2025-07-01/2025-12-31,KEYWORD_OTHER,DATA_COLLECTION_AND_USE,HU,,,,,,,,,,,,,,
All,Manufacturer Center,2025-07-01/2025-12-31,KEYWORD_OTHER,DISCLOSURE_AND_CONSENT_PRACTICES,HU,,,,,,,,,,,,,,
All,Manufacturer Center,2025-07-01/2025-12-31,KEYWORD_OTHER,GDPR,HU,,,,,,,,,,,,,,
All,Manufacturer Center,2025-07-01/2025-12-31,KEYWORD_OTHER,PERSONAL_INFORMATION,HU,,,,,,,,,,,,,,
All,Manufacturer Center,2025-07-01/2025-12-31,KEYWORD_OTHER,PERSONAL_RIGHTS,HU,,,,,,,,,,,,,,
All,Manufacturer Center,2025-07-01/2025-12-31,KEYWORD_OTHER,PERSONALIZED_ADVERTISING,HU,,,,,,,,,,,,,,
All,Manufacturer Center,2025-07-01/2025-12-31,KEYWORD_OTHER,PRIVACY,HU,,,,,,,,,,,,,,
All,Manufacturer Center,2025-07-01/2025-12-31,KEYWORD_OTHER,PRIVACY_POLICY,HU,,,,,,,,,,,,,,
All,Manufacturer Center,2025-07-01/2025-12-31,KEYWORD_OTHER,UNSECURE_DATA_HANDLING,HU,,,,,,,,,,,,,,
All,Manufacturer Center,2025-07-01/2025-12-31,STATEMENT_CATEGORY_ILLEGAL_OR_HARMFUL_SPEECH,,HU,,,,,,,,,,,,,,
All,Manufacturer Center,2025-07-01/2025-12-31,KEYWORD_DEFAMATION,,HU,,,,,,,,,,,,,,
All,Manufacturer Center,2025-07-01/2025-12-31,KEYWORD_DISCRIMINATION,,HU,,,,,,,,,,,,,,
All,Manufacturer Center,2025-07-01/2025-12-31,KEYWORD_HATE_SPEECH,,HU,,,,,,,,,,,,,,
All,Manufacturer Center,2025-07-01/2025-12-31,KEYWORD_OTHER,HATEFUL_OR_ABUSIVE,HU,,,,,,,,,,,,,,
All,Manufacturer Center,2025-07-01/2025-12-31,KEYWORD_OTHER,ILLEGAL_OR_HARMFUL_SPEECH,HU,,,,,,,,,,,,,,
All,Manufacturer Center,2025-07-01/2025-12-31,KEYWORD_OTHER,OBSCENITY_AND_PROFANITY,HU,,,,,,,,,,,,,,
All,Manufacturer Center,2025-07-01/2025-12-31,KEYWORD_OTHER,OFFENSIVE_CONTENT,HU,,,,,,,,,,,,,,
All,Manufacturer Center,2025-07-01/2025-12-31,KEYWORD_OTHER,UNSAFE_CONTENT,HU,,,,,,,,,,,,,,
All,Manufacturer Center,2025-07-01/2025-12-31,STATEMENT_CATEGORY_INTELLECTUAL_PROPERTY_INFRINGEMENTS,,HU,,,,,,,,,,,,,,
All,Manufacturer Center,2025-07-01/2025-12-31,KEYWORD_COPYRIGHT_INFRINGEMENT,,HU,,,,,,,,,,,,,,
All,Manufacturer Center,2025-07-01/2025-12-31,KEYWORD_DESIGN_INFRINGEMENT,,HU,,,,,,,,,,,,,,
All,Manufacturer Center,2025-07-01/2025-12-31,KEYWORD_GEOGRAPHIC_INDICATIONS_INFRINGEMENT,,HU,,,,,,,,,,,,,,
All,Manufacturer Center,2025-07-01/2025-12-31,KEYWORD_PATENT_INFRINGEMENT,,HU,,,,,,,,,,,,,,
All,Manufacturer Center,2025-07-01/2025-12-31,KEYWORD_TRADE_SECRET_INFRINGEMENT,,HU,,,,,,,,,,,,,,
All,Manufacturer Center,2025-07-01/2025-12-31,KEYWORD_TRADEMARK_INFRINGEMENT,,HU,,,,,,,,,,,,,,
All,Manufacturer Center,2025-07-01/2025-12-31,KEYWORD_OTHER,CIRCUMVENTION,HU,,,,,,,,,,,,,,
All,Manufacturer Center,2025-07-01/2025-12-31,KEYWORD_OTHER,INTELLECTUAL PROPERTY,HU,,,,,,,,,,,,,,
All,Manufacturer Center,2025-07-01/2025-12-31,STATEMENT_CATEGORY_NEGATIVE_EFFECTS_ON_CIVIC_DISCOURSE_OR_ELECTIONS,,HU,,,,,,,,,,,,,,
All,Manufacturer Center,2025-07-01/2025-12-31,KEYWORD_MISINFORMATION_DISINFORMATION,,HU,,,,,,,,,,,,,,
All,Manufacturer Center,2025-07-01/2025-12-31,KEYWORD_VIOLATION_EU_LAW,,HU,,,,,,,,,,,,,,
All,Manufacturer Center,2025-07-01/2025-12-31,KEYWORD_VIOLATION_NATIONAL_LAW,,HU,,,,,,,,,,,,,,
All,Manufacturer Center,2025-07-01/2025-12-31,KEYWORD_OTHER,ELECTORAL,HU,,,,,,,,,,,,,,
All,Manufacturer Center,2025-07-01/2025-12-31,KEYWORD_OTHER,HACKED_POLITICAL_MATERIALS,HU,,,,,,,,,,,,,,
All,Manufacturer Center,2025-07-01/2025-12-31,KEYWORD_OTHER,POLITICAL_CONTENT,HU,,,,,,,,,,,,,,
All,Manufacturer Center,2025-07-01/2025-12-31,KEYWORD_OTHER,SOCIAL_STABILITY,HU,,,,,,,,,,,,,,
All,Manufacturer Center,2025-07-01/2025-12-31,KEYWORD_OTHER,SOCIETAL_VALUES,HU,,,,,,,,,,,,,,
All,Manufacturer Center,2025-07-01/2025-12-31,STATEMENT_CATEGORY_PROTECTION_OF_MINORS,,HU,,,,,,,,,,,,,,
All,Manufacturer Center,2025-07-01/2025-12-31,KEYWORD_AGE_SPECIFIC_RESTRICTIONS_MINORS,,HU,,,,,,,,,,,,,,
All,Manufacturer Center,2025-07-01/2025-12-31,KEYWORD_CHILD_SEXUAL_ABUSE_MATERIAL,,HU,,,,,,,,,,,,,,
All,Manufacturer Center,2025-07-01/2025-12-31,KEYWORD_CHILD_SEXUAL_ABUSE_MATERIAL_DEEPFAKE,,HU,,,,,,,,,,,,,,
All,Manufacturer Center,2025-07-01/2025-12-31,KEYWORD_GROOMING_SEXUAL_ENTICEMENT_MINORS,,HU,,,,,,,,,,,,,,
All,Manufacturer Center,2025-07-01/2025-12-31,KEYWORD_UNSAFE_CHALLENGES,,HU,,,,,,,,,,,,,,
All,Manufacturer Center,2025-07-01/2025-12-31,KEYWORD_OTHER,CHILD_ENDANGERMENT,HU,,,,,,,,,,,,,,
All,Manufacturer Center,2025-07-01/2025-12-31,KEYWORD_OTHER,CHILD_SAFETY,HU,,,,,,,,,,,,,,
All,Manufacturer Center,2025-07-01/2025-12-31,KEYWORD_OTHER,HARMFUL_OR_DANGEROUS_ACTS_CHALLENGES_AND_PRANKS,HU,,,,,,,,,,,,,,
All,Manufacturer Center,2025-07-01/2025-12-31,KEYWORD_OTHER,KNOWN_SERIES,HU,,,,,,,,,,,,,,
All,Manufacturer Center,2025-07-01/2025-12-31,KEYWORD_OTHER,PROTECTION_OF_MINORS,HU,,,,,,,,,,,,,,
All,Manufacturer Center,2025-07-01/2025-12-31,KEYWORD_OTHER,UNAUTHORIZED_IMAGE_OF_MINORS,HU,,,,,,,,,,,,,,
All,Manufacturer Center,2025-07-01/2025-12-31,STATEMENT_CATEGORY_RISK_FOR_PUBLIC_SECURITY,,HU,,,,,,,,,,,,,,
All,Manufacturer Center,2025-07-01/2025-12-31,KEYWORD_ILLEGAL_ORGANIZATIONS,,HU,,,,,,,,,,,,,,
All,Manufacturer Center,2025-07-01/2025-12-31,KEYWORD_RISK_ENVIRONMENTAL_DAMAGE,,HU,,,,,,,,,,,,,,
All,Manufacturer Center,2025-07-01/2025-12-31,KEYWORD_RISK_PUBLIC_HEALTH,,HU,,,,,,,,,,,,,,
All,Manufacturer Center,2025-07-01/2025-12-31,KEYWORD_TERRORIST_CONTENT,,HU,,,,,,,,,,,,,,
All,Manufacturer Center,2025-07-01/2025-12-31,KEYWORD_OTHER,COURT_ORDER,HU,,,,,,,,,,,,,,
All,Manufacturer Center,2025-07-01/2025-12-31,KEYWORD_OTHER,RISK_FOR_PUBLIC_SECURITY,HU,,,,,,,,,,,,,,
All,Manufacturer Center,2025-07-01/2025-12-31,KEYWORD_OTHER,SENSITIVE_EVENTS,HU,,,,,,,,,,,,,,
All,Manufacturer Center,2025-07-01/2025-12-31,KEYWORD_OTHER,VIOLENT_EXTREMISM,HU,,,,,,,,,,,,,,
All,Manufacturer Center,2025-07-01/2025-12-31,KEYWORD_OTHER,WRONGFUL_OR_UNAUTHORIZED_USE_OF_SYMBOLS,HU,,,,,,,,,,,,,,
All,Manufacturer Center,2025-07-01/2025-12-31,STATEMENT_CATEGORY_SCAMS_AND_FRAUD,,HU,,,,,,,,,,,,,,
All,Manufacturer Center,2025-07-01/2025-12-31,KEYWORD_IMPERSONATION_ACCOUNT_HIJACKING,,HU,,,,,,,,,,,,,,
All,Manufacturer Center,2025-07-01/2025-12-31,KEYWORD_INAUTHENTIC_ACCOUNTS,,HU,,,,,,,,,,,,,,
All,Manufacturer Center,2025-07-01/2025-12-31,KEYWORD_INAUTHENTIC_LISTINGS,,HU,,,,,,,,,,,,,,
All,Manufacturer Center,2025-07-01/2025-12-31,KEYWORD_INAUTHENTIC_USER_REVIEWS,,HU,,,,,,,,,,,,,,
All,Manufacturer Center,2025-07-01/2025-12-31,KEYWORD_PHISHING,,HU,,,,,,,,,,,,,,
All,Manufacturer Center,2025-07-01/2025-12-31,KEYWORD_PYRAMID_SCHEMES,,HU,,,,,,,,,,,,,,
All,Manufacturer Center,2025-07-01/2025-12-31,KEYWORD_OTHER,AD_FRAUD_POLICY,HU,,,,,,,,,,,,,,
All,Manufacturer Center,2025-07-01/2025-12-31,KEYWORD_OTHER,ENCOURAGEMENT_OF_DIGITAL_SECURITY_OR_TERMS_OF_SERVICE_VIOLATIONS,HU,,,,,,,,,,,,,,
All,Manufacturer Center,2025-07-01/2025-12-31,KEYWORD_OTHER,FRAUD,HU,,,,,,,,,,,,,,
All,Manufacturer Center,2025-07-01/2025-12-31,KEYWORD_OTHER,MALWARE,HU,,,,,,,,,,,,,,
All,Manufacturer Center,2025-07-01/2025-12-31,KEYWORD_OTHER,MALWARE_AND_PHISHING,HU,,,,,,,,,,,,,,
All,Manufacturer Center,2025-07-01/2025-12-31,KEYWORD_OTHER,MALWARE_AND_SYSTEM_CIRCUMVENTION,HU,,,,,,,,,,,,,,
All,Manufacturer Center,2025-07-01/2025-12-31,KEYWORD_OTHER,MISREPRESENTATION,HU,,,,,,,,,,,,,,
All,Manufacturer Center,2025-07-01/2025-12-31,KEYWORD_OTHER,SCAMS,HU,,,,,,,,,,,,,,
All,Manufacturer Center,2025-07-01/2025-12-31,KEYWORD_OTHER,SOCIAL_ENGINEERING_TACTICS,HU,,,,,,,,,,,,,,
All,Manufacturer Center,2025-07-01/2025-12-31,STATEMENT_CATEGORY_SELF_HARM,,HU,,,,,,,,,,,,,,
All,Manufacturer Center,2025-07-01/2025-12-31,KEYWORD_CONTENT_PROMOTING_EATING_DISORDERS,,HU,,,,,,,,,,,,,,
All,Manufacturer Center,2025-07-01/2025-12-31,KEYWORD_SELF_MUTILATION,,HU,,,,,,,,,,,,,,
All,Manufacturer Center,2025-07-01/2025-12-31,KEYWORD_SUICIDE,,HU,,,,,,,,,,,,,,
All,Manufacturer Center,2025-07-01/2025-12-31,KEYWORD_OTHER,SELF_HARM,HU,,,,,,,,,,,,,,
All,Manufacturer Center,2025-07-01/2025-12-31,KEYWORD_OTHER,SUICIDE_AND_SELF_HARM,HU,,,,,,,,,,,,,,
All,Manufacturer Center,2025-07-01/2025-12-31,STATEMENT_CATEGORY_UNSAFE_AND_PROHIBITED_PRODUCTS,,HU,,,,,,,,,,,,,,
All,Manufacturer Center,2025-07-01/2025-12-31,KEYWORD_PROHIBITED_PRODUCTS,,HU,,,,,,,,,,,,,,
All,Manufacturer Center,2025-07-01/2025-12-31,KEYWORD_UNSAFE_PRODUCTS,,HU,,,,,,,,,,,,,,
All,Manufacturer Center,2025-07-01/2025-12-31,KEYWORD_OTHER,COURT_ORDER,HU,,,,,,,,,,,,,,
All,Manufacturer Center,2025-07-01/2025-12-31,KEYWORD_OTHER,ENABLING_DISHONEST_BEHAVIOR,HU,,,,,,,,,,,,,,
All,Manufacturer Center,2025-07-01/2025-12-31,KEYWORD_OTHER,FIREARMS_AND_ILLEGAL_REGULATED_GOODS_OR_SERVICES,HU,,,,,,,,,,,,,,
All,Manufacturer Center,2025-07-01/2025-12-31,KEYWORD_OTHER,OTHER_LEGAL_NOTICES_OR_ORDERS,HU,,,,,,,,,,,,,,
All,Manufacturer Center,2025-07-01/2025-12-31,KEYWORD_OTHER,UNAUTHORIZED_PHARMACIES,HU,,,,,,,,,,,,,,
All,Manufacturer Center,2025-07-01/2025-12-31,STATEMENT_CATEGORY_VIOLENCE,,HU,,,,,,,,,,,,,,
All,Manufacturer Center,2025-07-01/2025-12-31,KEYWORD_COORDINATED_HARM,,HU,,,,,,,,,,,,,,
All,Manufacturer Center,2025-07-01/2025-12-31,KEYWORD_INCITEMENT_VIOLENCE_HATRED,,HU,,,,,,,,,,,,,,
All,Manufacturer Center,2025-07-01/2025-12-31,KEYWORD_HUMAN_EXPLOITATION,,HU,,,,,,,,,,,,,,
All,Manufacturer Center,2025-07-01/2025-12-31,KEYWORD_HUMAN_TRAFFICKING,,HU,,,,,,,,,,,,,,
All,Manufacturer Center,2025-07-01/2025-12-31,KEYWORD_TRAFFICKING_WOMEN_GIRLS,,HU,,,,,,,,,,,,,,
All,Manufacturer Center,2025-07-01/2025-12-31,KEYWORD_OTHER,DEPICTION_OF VIOLENCE,HU,,,,,,,,,,,,,,
All,Manufacturer Center,2025-07-01/2025-12-31,KEYWORD_OTHER,SHOCKING_CONTENT,HU,,,,,,,,,,,,,,
All,Manufacturer Center,2025-07-01/2025-12-31,KEYWORD_OTHER,VIOLENT_OR_GRAPHIC_CONTENT,HU,,,,,,,,,,,,,,
All,Manufacturer Center,2025-07-01/2025-12-31,STATEMENT_CATEGORY_NOT_SPECIFIED_ORDER,,HU,,,,,,,,,,,,,,
All,Manufacturer Center,2025-07-01/2025-12-31,TOTAL,,IE,,,,,,,,,,,,,,
All,Manufacturer Center,2025-07-01/2025-12-31,STATEMENT_CATEGORY_ANIMAL_WELFARE,,IE,,,,,,,,,,,,,,
All,Manufacturer Center,2025-07-01/2025-12-31,KEYWORD_ANIMAL_HARM,,IE,,,,,,,,,,,,,,
All,Manufacturer Center,2025-07-01/2025-12-31,KEYWORD_UNLAWFUL_SALE_ANIMALS,,IE,,,,,,,,,,,,,,
All,Manufacturer Center,2025-07-01/2025-12-31,KEYWORD_OTHER,ANIMAL_CRUELTY,IE,,,,,,,,,,,,,,
All,Manufacturer Center,2025-07-01/2025-12-31,KEYWORD_OTHER,ANIMAL_HARM_AND_UNLAWFUL_SALE,IE,,,,,,,,,,,,,,
All,Manufacturer Center,2025-07-01/2025-12-31,STATEMENT_CATEGORY_CONSUMER_INFORMATION,,IE,,,,,,,,,,,,,,
All,Manufacturer Center,2025-07-01/2025-12-31,KEYWORD_HIDDEN_ADVERTISEMENT,,IE,,,,,,,,,,,,,,
All,Manufacturer Center,2025-07-01/2025-12-31,KEYWORD_INSUFFICIENT_INFORMATION_ON_TRADERS,,IE,,,,,,,,,,,,,,
All,Manufacturer Center,2025-07-01/2025-12-31,KEYWORD_MISLEADING_INFO_GOODS_SERVICES,,IE,,,,,,,,,,,,,,
All,Manufacturer Center,2025-07-01/2025-12-31,KEYWORD_MISLEADING_INFO_CONSUMER_RIGHTS,,IE,,,,,,,,,,,,,,
All,Manufacturer Center,2025-07-01/2025-12-31,KEYWORD_NONCOMPLIANCE_PRICING,,IE,,,,,,,,,,,,,,
All,Manufacturer Center,2025-07-01/2025-12-31,KEYWORD_OTHER,CONSUMER_PROTECTION,IE,,,,,,,,,,,,,,
All,Manufacturer Center,2025-07-01/2025-12-31,KEYWORD_OTHER,MISREPRESENTATION,IE,,,,,,,,,,,,,,
All,Manufacturer Center,2025-07-01/2025-12-31,STATEMENT_CATEGORY_CYBER_VIOLENCE,,IE,,,,,,,,,,,,,,
All,Manufacturer Center,2025-07-01/2025-12-31,KEYWORD_CYBER_BULLYING_INTIMIDATION,,IE,,,,,,,,,,,,,,
All,Manufacturer Center,2025-07-01/2025-12-31,KEYWORD_CYBER_HARASSMENT,,IE,,,,,,,,,,,,,,
All,Manufacturer Center,2025-07-01/2025-12-31,KEYWORD_CYBER_INCITEMENT,,IE,,,,,,,,,,,,,,
All,Manufacturer Center,2025-07-01/2025-12-31,KEYWORD_CYBER_STALKING,,IE,,,,,,,,,,,,,,
All,Manufacturer Center,2025-07-01/2025-12-31,KEYWORD_NON_CONSENSUAL_IMAGE_SHARING,,IE,,,,,,,,,,,,,,
All,Manufacturer Center,2025-07-01/2025-12-31,KEYWORD_NON_CONSENSUAL_MATERIAL_DEEPFAKE,,IE,,,,,,,,,,,,,,
All,Manufacturer Center,2025-07-01/2025-12-31,KEYWORD_OTHER,DOXING,IE,,,,,,,,,,,,,,
All,Manufacturer Center,2025-07-01/2025-12-31,KEYWORD_OTHER,HARASSMENT,IE,,,,,,,,,,,,,,
All,Manufacturer Center,2025-07-01/2025-12-31,KEYWORD_OTHER,HARASSMENT_AND_CYBERBULLYING,IE,,,,,,,,,,,,,,
All,Manufacturer Center,2025-07-01/2025-12-31,KEYWORD_OTHER,HARMFUL_ACTIVITIES,IE,,,,,,,,,,,,,,
All,Manufacturer Center,2025-07-01/2025-12-31,KEYWORD_OTHER,SEXUAL_HARASSMENT,IE,,,,,,,,,,,,,,
All,Manufacturer Center,2025-07-01/2025-12-31,KEYWORD_OTHER,OBSCENITY_OR_PORNOGRAPHY,IE,,,,,,,,,,,,,,
All,Manufacturer Center,2025-07-01/2025-12-31,KEYWORD_OTHER,UNSAFE_CONTENT,IE,,,,,,,,,,,,,,
All,Manufacturer Center,2025-07-01/2025-12-31,STATEMENT_CATEGORY_CYBER_VIOLENCE_AGAINST_WOMEN,,IE,,,,,,,,,,,,,,
All,Manufacturer Center,2025-07-01/2025-12-31,KEYWORD_BULLYING_AGAINST_GIRLS,,IE,,,,,,,,,,,,,,
All,Manufacturer Center,2025-07-01/2025-12-31,KEYWORD_CYBER_HARASSMENT_AGAINST_WOMEN,,IE,,,,,,,,,,,,,,
All,Manufacturer Center,2025-07-01/2025-12-31,KEYWORD_CYBER_STALKING_AGAINST_WOMEN,,IE,,,,,,,,,,,,,,
All,Manufacturer Center,2025-07-01/2025-12-31,KEYWORD_FEMALE_GENDERED_DISINFORMATION,,IE,,,,,,,,,,,,,,
All,Manufacturer Center,2025-07-01/2025-12-31,KEYWORD_INCITEMENT_AGAINST_WOMEN,,IE,,,,,,,,,,,,,,
All,Manufacturer Center,2025-07-01/2025-12-31,KEYWORD_NON_CONSENSUAL_IMAGE_SHARING_AGAINST_WOMEN,,IE,,,,,,,,,,,,,,
All,Manufacturer Center,2025-07-01/2025-12-31,KEYWORD_NON_CONSENSUAL_MATERIAL_DEEPFAKE_AGAINST_WOMEN,,IE,,,,,,,,,,,,,,
All,Manufacturer Center,2025-07-01/2025-12-31,KEYWORD_OTHER,"Text to detail the ""Other"" keyword.",IE,,,,,,,,,,,,,,
All,Manufacturer Center,2025-07-01/2025-12-31,STATEMENT_CATEGORY_DATA_PROTECTION_AND_PRIVACY_VIOLATIONS,,IE,,,,,,,,,,,,,,
All,Manufacturer Center,2025-07-01/2025-12-31,KEYWORD_BIOMETRIC_DATA_BREACH,,IE,,,,,,,,,,,,,,
All,Manufacturer Center,2025-07-01/2025-12-31,KEYWORD_DATA_FALSIFICATION,,IE,,,,,,,,,,,,,,
All,Manufacturer Center,2025-07-01/2025-12-31,KEYWORD_MISSING_PROCESSING_GROUND,,IE,,,,,,,,,,,,,,
All,Manufacturer Center,2025-07-01/2025-12-31,KEYWORD_RIGHT_TO_BE_FORGOTTEN,,IE,,,,,,,,,,,,,,
All,Manufacturer Center,2025-07-01/2025-12-31,KEYWORD_OTHER,DATA_COLLECTION_AND_USE,IE,,,,,,,,,,,,,,
All,Manufacturer Center,2025-07-01/2025-12-31,KEYWORD_OTHER,DISCLOSURE_AND_CONSENT_PRACTICES,IE,,,,,,,,,,,,,,
All,Manufacturer Center,2025-07-01/2025-12-31,KEYWORD_OTHER,GDPR,IE,,,,,,,,,,,,,,
All,Manufacturer Center,2025-07-01/2025-12-31,KEYWORD_OTHER,PERSONAL_INFORMATION,IE,,,,,,,,,,,,,,
All,Manufacturer Center,2025-07-01/2025-12-31,KEYWORD_OTHER,PERSONAL_RIGHTS,IE,,,,,,,,,,,,,,
All,Manufacturer Center,2025-07-01/2025-12-31,KEYWORD_OTHER,PERSONALIZED_ADVERTISING,IE,,,,,,,,,,,,,,
All,Manufacturer Center,2025-07-01/2025-12-31,KEYWORD_OTHER,PRIVACY,IE,,,,,,,,,,,,,,
All,Manufacturer Center,2025-07-01/2025-12-31,KEYWORD_OTHER,PRIVACY_POLICY,IE,,,,,,,,,,,,,,
All,Manufacturer Center,2025-07-01/2025-12-31,KEYWORD_OTHER,UNSECURE_DATA_HANDLING,IE,,,,,,,,,,,,,,
All,Manufacturer Center,2025-07-01/2025-12-31,STATEMENT_CATEGORY_ILLEGAL_OR_HARMFUL_SPEECH,,IE,,,,,,,,,,,,,,
All,Manufacturer Center,2025-07-01/2025-12-31,KEYWORD_DEFAMATION,,IE,,,,,,,,,,,,,,
All,Manufacturer Center,2025-07-01/2025-12-31,KEYWORD_DISCRIMINATION,,IE,,,,,,,,,,,,,,
All,Manufacturer Center,2025-07-01/2025-12-31,KEYWORD_HATE_SPEECH,,IE,,,,,,,,,,,,,,
All,Manufacturer Center,2025-07-01/2025-12-31,KEYWORD_OTHER,HATEFUL_OR_ABUSIVE,IE,,,,,,,,,,,,,,
All,Manufacturer Center,2025-07-01/2025-12-31,KEYWORD_OTHER,ILLEGAL_OR_HARMFUL_SPEECH,IE,,,,,,,,,,,,,,
All,Manufacturer Center,2025-07-01/2025-12-31,KEYWORD_OTHER,OBSCENITY_AND_PROFANITY,IE,,,,,,,,,,,,,,
All,Manufacturer Center,2025-07-01/2025-12-31,KEYWORD_OTHER,OFFENSIVE_CONTENT,IE,,,,,,,,,,,,,,
All,Manufacturer Center,2025-07-01/2025-12-31,KEYWORD_OTHER,UNSAFE_CONTENT,IE,,,,,,,,,,,,,,
All,Manufacturer Center,2025-07-01/2025-12-31,STATEMENT_CATEGORY_INTELLECTUAL_PROPERTY_INFRINGEMENTS,,IE,,,,,,,,,,,,,,
All,Manufacturer Center,2025-07-01/2025-12-31,KEYWORD_COPYRIGHT_INFRINGEMENT,,IE,,,,,,,,,,,,,,
All,Manufacturer Center,2025-07-01/2025-12-31,KEYWORD_DESIGN_INFRINGEMENT,,IE,,,,,,,,,,,,,,
All,Manufacturer Center,2025-07-01/2025-12-31,KEYWORD_GEOGRAPHIC_INDICATIONS_INFRINGEMENT,,IE,,,,,,,,,,,,,,
All,Manufacturer Center,2025-07-01/2025-12-31,KEYWORD_PATENT_INFRINGEMENT,,IE,,,,,,,,,,,,,,
All,Manufacturer Center,2025-07-01/2025-12-31,KEYWORD_TRADE_SECRET_INFRINGEMENT,,IE,,,,,,,,,,,,,,
All,Manufacturer Center,2025-07-01/2025-12-31,KEYWORD_TRADEMARK_INFRINGEMENT,,IE,,,,,,,,,,,,,,
All,Manufacturer Center,2025-07-01/2025-12-31,KEYWORD_OTHER,CIRCUMVENTION,IE,,,,,,,,,,,,,,
All,Manufacturer Center,2025-07-01/2025-12-31,KEYWORD_OTHER,INTELLECTUAL PROPERTY,IE,,,,,,,,,,,,,,
All,Manufacturer Center,2025-07-01/2025-12-31,STATEMENT_CATEGORY_NEGATIVE_EFFECTS_ON_CIVIC_DISCOURSE_OR_ELECTIONS,,IE,,,,,,,,,,,,,,
All,Manufacturer Center,2025-07-01/2025-12-31,KEYWORD_MISINFORMATION_DISINFORMATION,,IE,,,,,,,,,,,,,,
All,Manufacturer Center,2025-07-01/2025-12-31,KEYWORD_VIOLATION_EU_LAW,,IE,,,,,,,,,,,,,,
All,Manufacturer Center,2025-07-01/2025-12-31,KEYWORD_VIOLATION_NATIONAL_LAW,,IE,,,,,,,,,,,,,,
All,Manufacturer Center,2025-07-01/2025-12-31,KEYWORD_OTHER,ELECTORAL,IE,,,,,,,,,,,,,,
All,Manufacturer Center,2025-07-01/2025-12-31,KEYWORD_OTHER,HACKED_POLITICAL_MATERIALS,IE,,,,,,,,,,,,,,
All,Manufacturer Center,2025-07-01/2025-12-31,KEYWORD_OTHER,POLITICAL_CONTENT,IE,,,,,,,,,,,,,,
All,Manufacturer Center,2025-07-01/2025-12-31,KEYWORD_OTHER,SOCIAL_STABILITY,IE,,,,,,,,,,,,,,
All,Manufacturer Center,2025-07-01/2025-12-31,KEYWORD_OTHER,SOCIETAL_VALUES,IE,,,,,,,,,,,,,,
All,Manufacturer Center,2025-07-01/2025-12-31,STATEMENT_CATEGORY_PROTECTION_OF_MINORS,,IE,,,,,,,,,,,,,,
All,Manufacturer Center,2025-07-01/2025-12-31,KEYWORD_AGE_SPECIFIC_RESTRICTIONS_MINORS,,IE,,,,,,,,,,,,,,
All,Manufacturer Center,2025-07-01/2025-12-31,KEYWORD_CHILD_SEXUAL_ABUSE_MATERIAL,,IE,,,,,,,,,,,,,,
All,Manufacturer Center,2025-07-01/2025-12-31,KEYWORD_CHILD_SEXUAL_ABUSE_MATERIAL_DEEPFAKE,,IE,,,,,,,,,,,,,,
All,Manufacturer Center,2025-07-01/2025-12-31,KEYWORD_GROOMING_SEXUAL_ENTICEMENT_MINORS,,IE,,,,,,,,,,,,,,
All,Manufacturer Center,2025-07-01/2025-12-31,KEYWORD_UNSAFE_CHALLENGES,,IE,,,,,,,,,,,,,,
All,Manufacturer Center,2025-07-01/2025-12-31,KEYWORD_OTHER,CHILD_ENDANGERMENT,IE,,,,,,,,,,,,,,
All,Manufacturer Center,2025-07-01/2025-12-31,KEYWORD_OTHER,CHILD_SAFETY,IE,,,,,,,,,,,,,,
All,Manufacturer Center,2025-07-01/2025-12-31,KEYWORD_OTHER,HARMFUL_OR_DANGEROUS_ACTS_CHALLENGES_AND_PRANKS,IE,,,,,,,,,,,,,,
All,Manufacturer Center,2025-07-01/2025-12-31,KEYWORD_OTHER,KNOWN_SERIES,IE,,,,,,,,,,,,,,
All,Manufacturer Center,2025-07-01/2025-12-31,KEYWORD_OTHER,PROTECTION_OF_MINORS,IE,,,,,,,,,,,,,,
All,Manufacturer Center,2025-07-01/2025-12-31,KEYWORD_OTHER,UNAUTHORIZED_IMAGE_OF_MINORS,IE,,,,,,,,,,,,,,
All,Manufacturer Center,2025-07-01/2025-12-31,STATEMENT_CATEGORY_RISK_FOR_PUBLIC_SECURITY,,IE,,,,,,,,,,,,,,
All,Manufacturer Center,2025-07-01/2025-12-31,KEYWORD_ILLEGAL_ORGANIZATIONS,,IE,,,,,,,,,,,,,,
All,Manufacturer Center,2025-07-01/2025-12-31,KEYWORD_RISK_ENVIRONMENTAL_DAMAGE,,IE,,,,,,,,,,,,,,
All,Manufacturer Center,2025-07-01/2025-12-31,KEYWORD_RISK_PUBLIC_HEALTH,,IE,,,,,,,,,,,,,,
All,Manufacturer Center,2025-07-01/2025-12-31,KEYWORD_TERRORIST_CONTENT,,IE,,,,,,,,,,,,,,
All,Manufacturer Center,2025-07-01/2025-12-31,KEYWORD_OTHER,COURT_ORDER,IE,,,,,,,,,,,,,,
All,Manufacturer Center,2025-07-01/2025-12-31,KEYWORD_OTHER,RISK_FOR_PUBLIC_SECURITY,IE,,,,,,,,,,,,,,
All,Manufacturer Center,2025-07-01/2025-12-31,KEYWORD_OTHER,SENSITIVE_EVENTS,IE,,,,,,,,,,,,,,
All,Manufacturer Center,2025-07-01/2025-12-31,KEYWORD_OTHER,VIOLENT_EXTREMISM,IE,,,,,,,,,,,,,,
All,Manufacturer Center,2025-07-01/2025-12-31,KEYWORD_OTHER,WRONGFUL_OR_UNAUTHORIZED_USE_OF_SYMBOLS,IE,,,,,,,,,,,,,,
All,Manufacturer Center,2025-07-01/2025-12-31,STATEMENT_CATEGORY_SCAMS_AND_FRAUD,,IE,,,,,,,,,,,,,,
All,Manufacturer Center,2025-07-01/2025-12-31,KEYWORD_IMPERSONATION_ACCOUNT_HIJACKING,,IE,,,,,,,,,,,,,,
All,Manufacturer Center,2025-07-01/2025-12-31,KEYWORD_INAUTHENTIC_ACCOUNTS,,IE,,,,,,,,,,,,,,
All,Manufacturer Center,2025-07-01/2025-12-31,KEYWORD_INAUTHENTIC_LISTINGS,,IE,,,,,,,,,,,,,,
All,Manufacturer Center,2025-07-01/2025-12-31,KEYWORD_INAUTHENTIC_USER_REVIEWS,,IE,,,,,,,,,,,,,,
All,Manufacturer Center,2025-07-01/2025-12-31,KEYWORD_PHISHING,,IE,,,,,,,,,,,,,,
All,Manufacturer Center,2025-07-01/2025-12-31,KEYWORD_PYRAMID_SCHEMES,,IE,,,,,,,,,,,,,,
All,Manufacturer Center,2025-07-01/2025-12-31,KEYWORD_OTHER,AD_FRAUD_POLICY,IE,,,,,,,,,,,,,,
All,Manufacturer Center,2025-07-01/2025-12-31,KEYWORD_OTHER,ENCOURAGEMENT_OF_DIGITAL_SECURITY_OR_TERMS_OF_SERVICE_VIOLATIONS,IE,,,,,,,,,,,,,,
All,Manufacturer Center,2025-07-01/2025-12-31,KEYWORD_OTHER,FRAUD,IE,,,,,,,,,,,,,,
All,Manufacturer Center,2025-07-01/2025-12-31,KEYWORD_OTHER,MALWARE,IE,,,,,,,,,,,,,,
All,Manufacturer Center,2025-07-01/2025-12-31,KEYWORD_OTHER,MALWARE_AND_PHISHING,IE,,,,,,,,,,,,,,
All,Manufacturer Center,2025-07-01/2025-12-31,KEYWORD_OTHER,MALWARE_AND_SYSTEM_CIRCUMVENTION,IE,,,,,,,,,,,,,,
All,Manufacturer Center,2025-07-01/2025-12-31,KEYWORD_OTHER,MISREPRESENTATION,IE,,,,,,,,,,,,,,
All,Manufacturer Center,2025-07-01/2025-12-31,KEYWORD_OTHER,SCAMS,IE,,,,,,,,,,,,,,
All,Manufacturer Center,2025-07-01/2025-12-31,KEYWORD_OTHER,SOCIAL_ENGINEERING_TACTICS,IE,,,,,,,,,,,,,,
All,Manufacturer Center,2025-07-01/2025-12-31,STATEMENT_CATEGORY_SELF_HARM,,IE,,,,,,,,,,,,,,
All,Manufacturer Center,2025-07-01/2025-12-31,KEYWORD_CONTENT_PROMOTING_EATING_DISORDERS,,IE,,,,,,,,,,,,,,
All,Manufacturer Center,2025-07-01/2025-12-31,KEYWORD_SELF_MUTILATION,,IE,,,,,,,,,,,,,,
All,Manufacturer Center,2025-07-01/2025-12-31,KEYWORD_SUICIDE,,IE,,,,,,,,,,,,,,
All,Manufacturer Center,2025-07-01/2025-12-31,KEYWORD_OTHER,SELF_HARM,IE,,,,,,,,,,,,,,
All,Manufacturer Center,2025-07-01/2025-12-31,KEYWORD_OTHER,SUICIDE_AND_SELF_HARM,IE,,,,,,,,,,,,,,
All,Manufacturer Center,2025-07-01/2025-12-31,STATEMENT_CATEGORY_UNSAFE_AND_PROHIBITED_PRODUCTS,,IE,,,,,,,,,,,,,,
All,Manufacturer Center,2025-07-01/2025-12-31,KEYWORD_PROHIBITED_PRODUCTS,,IE,,,,,,,,,,,,,,
All,Manufacturer Center,2025-07-01/2025-12-31,KEYWORD_UNSAFE_PRODUCTS,,IE,,,,,,,,,,,,,,
All,Manufacturer Center,2025-07-01/2025-12-31,KEYWORD_OTHER,COURT_ORDER,IE,,,,,,,,,,,,,,
All,Manufacturer Center,2025-07-01/2025-12-31,KEYWORD_OTHER,ENABLING_DISHONEST_BEHAVIOR,IE,,,,,,,,,,,,,,
All,Manufacturer Center,2025-07-01/2025-12-31,KEYWORD_OTHER,FIREARMS_AND_ILLEGAL_REGULATED_GOODS_OR_SERVICES,IE,,,,,,,,,,,,,,
All,Manufacturer Center,2025-07-01/2025-12-31,KEYWORD_OTHER,OTHER_LEGAL_NOTICES_OR_ORDERS,IE,,,,,,,,,,,,,,
All,Manufacturer Center,2025-07-01/2025-12-31,KEYWORD_OTHER,UNAUTHORIZED_PHARMACIES,IE,,,,,,,,,,,,,,
All,Manufacturer Center,2025-07-01/2025-12-31,STATEMENT_CATEGORY_VIOLENCE,,IE,,,,,,,,,,,,,,
All,Manufacturer Center,2025-07-01/2025-12-31,KEYWORD_COORDINATED_HARM,,IE,,,,,,,,,,,,,,
All,Manufacturer Center,2025-07-01/2025-12-31,KEYWORD_INCITEMENT_VIOLENCE_HATRED,,IE,,,,,,,,,,,,,,
All,Manufacturer Center,2025-07-01/2025-12-31,KEYWORD_HUMAN_EXPLOITATION,,IE,,,,,,,,,,,,,,
All,Manufacturer Center,2025-07-01/2025-12-31,KEYWORD_HUMAN_TRAFFICKING,,IE,,,,,,,,,,,,,,
All,Manufacturer Center,2025-07-01/2025-12-31,KEYWORD_TRAFFICKING_WOMEN_GIRLS,,IE,,,,,,,,,,,,,,
All,Manufacturer Center,2025-07-01/2025-12-31,KEYWORD_OTHER,DEPICTION_OF VIOLENCE,IE,,,,,,,,,,,,,,
All,Manufacturer Center,2025-07-01/2025-12-31,KEYWORD_OTHER,SHOCKING_CONTENT,IE,,,,,,,,,,,,,,
All,Manufacturer Center,2025-07-01/2025-12-31,KEYWORD_OTHER,VIOLENT_OR_GRAPHIC_CONTENT,IE,,,,,,,,,,,,,,
All,Manufacturer Center,2025-07-01/2025-12-31,STATEMENT_CATEGORY_NOT_SPECIFIED_ORDER,,IE,,,,,,,,,,,,,,
All,Manufacturer Center,2025-07-01/2025-12-31,TOTAL,,IT,,,,,,,,,,,,,,
All,Manufacturer Center,2025-07-01/2025-12-31,STATEMENT_CATEGORY_ANIMAL_WELFARE,,IT,,,,,,,,,,,,,,
All,Manufacturer Center,2025-07-01/2025-12-31,KEYWORD_ANIMAL_HARM,,IT,,,,,,,,,,,,,,
All,Manufacturer Center,2025-07-01/2025-12-31,KEYWORD_UNLAWFUL_SALE_ANIMALS,,IT,,,,,,,,,,,,,,
All,Manufacturer Center,2025-07-01/2025-12-31,KEYWORD_OTHER,ANIMAL_CRUELTY,IT,,,,,,,,,,,,,,
All,Manufacturer Center,2025-07-01/2025-12-31,KEYWORD_OTHER,ANIMAL_HARM_AND_UNLAWFUL_SALE,IT,,,,,,,,,,,,,,
All,Manufacturer Center,2025-07-01/2025-12-31,STATEMENT_CATEGORY_CONSUMER_INFORMATION,,IT,,,,,,,,,,,,,,
All,Manufacturer Center,2025-07-01/2025-12-31,KEYWORD_HIDDEN_ADVERTISEMENT,,IT,,,,,,,,,,,,,,
All,Manufacturer Center,2025-07-01/2025-12-31,KEYWORD_INSUFFICIENT_INFORMATION_ON_TRADERS,,IT,,,,,,,,,,,,,,
All,Manufacturer Center,2025-07-01/2025-12-31,KEYWORD_MISLEADING_INFO_GOODS_SERVICES,,IT,,,,,,,,,,,,,,
All,Manufacturer Center,2025-07-01/2025-12-31,KEYWORD_MISLEADING_INFO_CONSUMER_RIGHTS,,IT,,,,,,,,,,,,,,
All,Manufacturer Center,2025-07-01/2025-12-31,KEYWORD_NONCOMPLIANCE_PRICING,,IT,,,,,,,,,,,,,,
All,Manufacturer Center,2025-07-01/2025-12-31,KEYWORD_OTHER,CONSUMER_PROTECTION,IT,,,,,,,,,,,,,,
All,Manufacturer Center,2025-07-01/2025-12-31,KEYWORD_OTHER,MISREPRESENTATION,IT,,,,,,,,,,,,,,
All,Manufacturer Center,2025-07-01/2025-12-31,STATEMENT_CATEGORY_CYBER_VIOLENCE,,IT,,,,,,,,,,,,,,
All,Manufacturer Center,2025-07-01/2025-12-31,KEYWORD_CYBER_BULLYING_INTIMIDATION,,IT,,,,,,,,,,,,,,
All,Manufacturer Center,2025-07-01/2025-12-31,KEYWORD_CYBER_HARASSMENT,,IT,,,,,,,,,,,,,,
All,Manufacturer Center,2025-07-01/2025-12-31,KEYWORD_CYBER_INCITEMENT,,IT,,,,,,,,,,,,,,
All,Manufacturer Center,2025-07-01/2025-12-31,KEYWORD_CYBER_STALKING,,IT,,,,,,,,,,,,,,
All,Manufacturer Center,2025-07-01/2025-12-31,KEYWORD_NON_CONSENSUAL_IMAGE_SHARING,,IT,,,,,,,,,,,,,,
All,Manufacturer Center,2025-07-01/2025-12-31,KEYWORD_NON_CONSENSUAL_MATERIAL_DEEPFAKE,,IT,,,,,,,,,,,,,,
All,Manufacturer Center,2025-07-01/2025-12-31,KEYWORD_OTHER,DOXING,IT,,,,,,,,,,,,,,
All,Manufacturer Center,2025-07-01/2025-12-31,KEYWORD_OTHER,HARASSMENT,IT,,,,,,,,,,,,,,
All,Manufacturer Center,2025-07-01/2025-12-31,KEYWORD_OTHER,HARASSMENT_AND_CYBERBULLYING,IT,,,,,,,,,,,,,,
All,Manufacturer Center,2025-07-01/2025-12-31,KEYWORD_OTHER,HARMFUL_ACTIVITIES,IT,,,,,,,,,,,,,,
All,Manufacturer Center,2025-07-01/2025-12-31,KEYWORD_OTHER,SEXUAL_HARASSMENT,IT,,,,,,,,,,,,,,
All,Manufacturer Center,2025-07-01/2025-12-31,KEYWORD_OTHER,OBSCENITY_OR_PORNOGRAPHY,IT,,,,,,,,,,,,,,
All,Manufacturer Center,2025-07-01/2025-12-31,KEYWORD_OTHER,UNSAFE_CONTENT,IT,,,,,,,,,,,,,,
All,Manufacturer Center,2025-07-01/2025-12-31,STATEMENT_CATEGORY_CYBER_VIOLENCE_AGAINST_WOMEN,,IT,,,,,,,,,,,,,,
All,Manufacturer Center,2025-07-01/2025-12-31,KEYWORD_BULLYING_AGAINST_GIRLS,,IT,,,,,,,,,,,,,,
All,Manufacturer Center,2025-07-01/2025-12-31,KEYWORD_CYBER_HARASSMENT_AGAINST_WOMEN,,IT,,,,,,,,,,,,,,
All,Manufacturer Center,2025-07-01/2025-12-31,KEYWORD_CYBER_STALKING_AGAINST_WOMEN,,IT,,,,,,,,,,,,,,
All,Manufacturer Center,2025-07-01/2025-12-31,KEYWORD_FEMALE_GENDERED_DISINFORMATION,,IT,,,,,,,,,,,,,,
All,Manufacturer Center,2025-07-01/2025-12-31,KEYWORD_INCITEMENT_AGAINST_WOMEN,,IT,,,,,,,,,,,,,,
All,Manufacturer Center,2025-07-01/2025-12-31,KEYWORD_NON_CONSENSUAL_IMAGE_SHARING_AGAINST_WOMEN,,IT,,,,,,,,,,,,,,
All,Manufacturer Center,2025-07-01/2025-12-31,KEYWORD_NON_CONSENSUAL_MATERIAL_DEEPFAKE_AGAINST_WOMEN,,IT,,,,,,,,,,,,,,
All,Manufacturer Center,2025-07-01/2025-12-31,KEYWORD_OTHER,"Text to detail the ""Other"" keyword.",IT,,,,,,,,,,,,,,
All,Manufacturer Center,2025-07-01/2025-12-31,STATEMENT_CATEGORY_DATA_PROTECTION_AND_PRIVACY_VIOLATIONS,,IT,,,,,,,,,,,,,,
All,Manufacturer Center,2025-07-01/2025-12-31,KEYWORD_BIOMETRIC_DATA_BREACH,,IT,,,,,,,,,,,,,,
All,Manufacturer Center,2025-07-01/2025-12-31,KEYWORD_DATA_FALSIFICATION,,IT,,,,,,,,,,,,,,
All,Manufacturer Center,2025-07-01/2025-12-31,KEYWORD_MISSING_PROCESSING_GROUND,,IT,,,,,,,,,,,,,,
All,Manufacturer Center,2025-07-01/2025-12-31,KEYWORD_RIGHT_TO_BE_FORGOTTEN,,IT,,,,,,,,,,,,,,
All,Manufacturer Center,2025-07-01/2025-12-31,KEYWORD_OTHER,DATA_COLLECTION_AND_USE,IT,,,,,,,,,,,,,,
All,Manufacturer Center,2025-07-01/2025-12-31,KEYWORD_OTHER,DISCLOSURE_AND_CONSENT_PRACTICES,IT,,,,,,,,,,,,,,
All,Manufacturer Center,2025-07-01/2025-12-31,KEYWORD_OTHER,GDPR,IT,,,,,,,,,,,,,,
All,Manufacturer Center,2025-07-01/2025-12-31,KEYWORD_OTHER,PERSONAL_INFORMATION,IT,,,,,,,,,,,,,,
All,Manufacturer Center,2025-07-01/2025-12-31,KEYWORD_OTHER,PERSONAL_RIGHTS,IT,,,,,,,,,,,,,,
All,Manufacturer Center,2025-07-01/2025-12-31,KEYWORD_OTHER,PERSONALIZED_ADVERTISING,IT,,,,,,,,,,,,,,
All,Manufacturer Center,2025-07-01/2025-12-31,KEYWORD_OTHER,PRIVACY,IT,,,,,,,,,,,,,,
All,Manufacturer Center,2025-07-01/2025-12-31,KEYWORD_OTHER,PRIVACY_POLICY,IT,,,,,,,,,,,,,,
All,Manufacturer Center,2025-07-01/2025-12-31,KEYWORD_OTHER,UNSECURE_DATA_HANDLING,IT,,,,,,,,,,,,,,
All,Manufacturer Center,2025-07-01/2025-12-31,STATEMENT_CATEGORY_ILLEGAL_OR_HARMFUL_SPEECH,,IT,,,,,,,,,,,,,,
All,Manufacturer Center,2025-07-01/2025-12-31,KEYWORD_DEFAMATION,,IT,,,,,,,,,,,,,,
All,Manufacturer Center,2025-07-01/2025-12-31,KEYWORD_DISCRIMINATION,,IT,,,,,,,,,,,,,,
All,Manufacturer Center,2025-07-01/2025-12-31,KEYWORD_HATE_SPEECH,,IT,,,,,,,,,,,,,,
All,Manufacturer Center,2025-07-01/2025-12-31,KEYWORD_OTHER,HATEFUL_OR_ABUSIVE,IT,,,,,,,,,,,,,,
All,Manufacturer Center,2025-07-01/2025-12-31,KEYWORD_OTHER,ILLEGAL_OR_HARMFUL_SPEECH,IT,,,,,,,,,,,,,,
All,Manufacturer Center,2025-07-01/2025-12-31,KEYWORD_OTHER,OBSCENITY_AND_PROFANITY,IT,,,,,,,,,,,,,,
All,Manufacturer Center,2025-07-01/2025-12-31,KEYWORD_OTHER,OFFENSIVE_CONTENT,IT,,,,,,,,,,,,,,
All,Manufacturer Center,2025-07-01/2025-12-31,KEYWORD_OTHER,UNSAFE_CONTENT,IT,,,,,,,,,,,,,,
All,Manufacturer Center,2025-07-01/2025-12-31,STATEMENT_CATEGORY_INTELLECTUAL_PROPERTY_INFRINGEMENTS,,IT,,,,,,,,,,,,,,
All,Manufacturer Center,2025-07-01/2025-12-31,KEYWORD_COPYRIGHT_INFRINGEMENT,,IT,,,,,,,,,,,,,,
All,Manufacturer Center,2025-07-01/2025-12-31,KEYWORD_DESIGN_INFRINGEMENT,,IT,,,,,,,,,,,,,,
All,Manufacturer Center,2025-07-01/2025-12-31,KEYWORD_GEOGRAPHIC_INDICATIONS_INFRINGEMENT,,IT,,,,,,,,,,,,,,
All,Manufacturer Center,2025-07-01/2025-12-31,KEYWORD_PATENT_INFRINGEMENT,,IT,,,,,,,,,,,,,,
All,Manufacturer Center,2025-07-01/2025-12-31,KEYWORD_TRADE_SECRET_INFRINGEMENT,,IT,,,,,,,,,,,,,,
All,Manufacturer Center,2025-07-01/2025-12-31,KEYWORD_TRADEMARK_INFRINGEMENT,,IT,,,,,,,,,,,,,,
All,Manufacturer Center,2025-07-01/2025-12-31,KEYWORD_OTHER,CIRCUMVENTION,IT,,,,,,,,,,,,,,
All,Manufacturer Center,2025-07-01/2025-12-31,KEYWORD_OTHER,INTELLECTUAL PROPERTY,IT,,,,,,,,,,,,,,
All,Manufacturer Center,2025-07-01/2025-12-31,STATEMENT_CATEGORY_NEGATIVE_EFFECTS_ON_CIVIC_DISCOURSE_OR_ELECTIONS,,IT,,,,,,,,,,,,,,
All,Manufacturer Center,2025-07-01/2025-12-31,KEYWORD_MISINFORMATION_DISINFORMATION,,IT,,,,,,,,,,,,,,
All,Manufacturer Center,2025-07-01/2025-12-31,KEYWORD_VIOLATION_EU_LAW,,IT,,,,,,,,,,,,,,
All,Manufacturer Center,2025-07-01/2025-12-31,KEYWORD_VIOLATION_NATIONAL_LAW,,IT,,,,,,,,,,,,,,
All,Manufacturer Center,2025-07-01/2025-12-31,KEYWORD_OTHER,ELECTORAL,IT,,,,,,,,,,,,,,
All,Manufacturer Center,2025-07-01/2025-12-31,KEYWORD_OTHER,HACKED_POLITICAL_MATERIALS,IT,,,,,,,,,,,,,,
All,Manufacturer Center,2025-07-01/2025-12-31,KEYWORD_OTHER,POLITICAL_CONTENT,IT,,,,,,,,,,,,,,
All,Manufacturer Center,2025-07-01/2025-12-31,KEYWORD_OTHER,SOCIAL_STABILITY,IT,,,,,,,,,,,,,,
All,Manufacturer Center,2025-07-01/2025-12-31,KEYWORD_OTHER,SOCIETAL_VALUES,IT,,,,,,,,,,,,,,
All,Manufacturer Center,2025-07-01/2025-12-31,STATEMENT_CATEGORY_PROTECTION_OF_MINORS,,IT,,,,,,,,,,,,,,
All,Manufacturer Center,2025-07-01/2025-12-31,KEYWORD_AGE_SPECIFIC_RESTRICTIONS_MINORS,,IT,,,,,,,,,,,,,,
All,Manufacturer Center,2025-07-01/2025-12-31,KEYWORD_CHILD_SEXUAL_ABUSE_MATERIAL,,IT,,,,,,,,,,,,,,
All,Manufacturer Center,2025-07-01/2025-12-31,KEYWORD_CHILD_SEXUAL_ABUSE_MATERIAL_DEEPFAKE,,IT,,,,,,,,,,,,,,
All,Manufacturer Center,2025-07-01/2025-12-31,KEYWORD_GROOMING_SEXUAL_ENTICEMENT_MINORS,,IT,,,,,,,,,,,,,,
All,Manufacturer Center,2025-07-01/2025-12-31,KEYWORD_UNSAFE_CHALLENGES,,IT,,,,,,,,,,,,,,
All,Manufacturer Center,2025-07-01/2025-12-31,KEYWORD_OTHER,CHILD_ENDANGERMENT,IT,,,,,,,,,,,,,,
All,Manufacturer Center,2025-07-01/2025-12-31,KEYWORD_OTHER,CHILD_SAFETY,IT,,,,,,,,,,,,,,
All,Manufacturer Center,2025-07-01/2025-12-31,KEYWORD_OTHER,HARMFUL_OR_DANGEROUS_ACTS_CHALLENGES_AND_PRANKS,IT,,,,,,,,,,,,,,
All,Manufacturer Center,2025-07-01/2025-12-31,KEYWORD_OTHER,KNOWN_SERIES,IT,,,,,,,,,,,,,,
All,Manufacturer Center,2025-07-01/2025-12-31,KEYWORD_OTHER,PROTECTION_OF_MINORS,IT,,,,,,,,,,,,,,
All,Manufacturer Center,2025-07-01/2025-12-31,KEYWORD_OTHER,UNAUTHORIZED_IMAGE_OF_MINORS,IT,,,,,,,,,,,,,,
All,Manufacturer Center,2025-07-01/2025-12-31,STATEMENT_CATEGORY_RISK_FOR_PUBLIC_SECURITY,,IT,,,,,,,,,,,,,,
All,Manufacturer Center,2025-07-01/2025-12-31,KEYWORD_ILLEGAL_ORGANIZATIONS,,IT,,,,,,,,,,,,,,
All,Manufacturer Center,2025-07-01/2025-12-31,KEYWORD_RISK_ENVIRONMENTAL_DAMAGE,,IT,,,,,,,,,,,,,,
All,Manufacturer Center,2025-07-01/2025-12-31,KEYWORD_RISK_PUBLIC_HEALTH,,IT,,,,,,,,,,,,,,
All,Manufacturer Center,2025-07-01/2025-12-31,KEYWORD_TERRORIST_CONTENT,,IT,,,,,,,,,,,,,,
All,Manufacturer Center,2025-07-01/2025-12-31,KEYWORD_OTHER,COURT_ORDER,IT,,,,,,,,,,,,,,
All,Manufacturer Center,2025-07-01/2025-12-31,KEYWORD_OTHER,RISK_FOR_PUBLIC_SECURITY,IT,,,,,,,,,,,,,,
All,Manufacturer Center,2025-07-01/2025-12-31,KEYWORD_OTHER,SENSITIVE_EVENTS,IT,,,,,,,,,,,,,,
All,Manufacturer Center,2025-07-01/2025-12-31,KEYWORD_OTHER,VIOLENT_EXTREMISM,IT,,,,,,,,,,,,,,
All,Manufacturer Center,2025-07-01/2025-12-31,KEYWORD_OTHER,WRONGFUL_OR_UNAUTHORIZED_USE_OF_SYMBOLS,IT,,,,,,,,,,,,,,
All,Manufacturer Center,2025-07-01/2025-12-31,STATEMENT_CATEGORY_SCAMS_AND_FRAUD,,IT,,,,,,,,,,,,,,
All,Manufacturer Center,2025-07-01/2025-12-31,KEYWORD_IMPERSONATION_ACCOUNT_HIJACKING,,IT,,,,,,,,,,,,,,
All,Manufacturer Center,2025-07-01/2025-12-31,KEYWORD_INAUTHENTIC_ACCOUNTS,,IT,,,,,,,,,,,,,,
All,Manufacturer Center,2025-07-01/2025-12-31,KEYWORD_INAUTHENTIC_LISTINGS,,IT,,,,,,,,,,,,,,
All,Manufacturer Center,2025-07-01/2025-12-31,KEYWORD_INAUTHENTIC_USER_REVIEWS,,IT,,,,,,,,,,,,,,
All,Manufacturer Center,2025-07-01/2025-12-31,KEYWORD_PHISHING,,IT,,,,,,,,,,,,,,
All,Manufacturer Center,2025-07-01/2025-12-31,KEYWORD_PYRAMID_SCHEMES,,IT,,,,,,,,,,,,,,
All,Manufacturer Center,2025-07-01/2025-12-31,KEYWORD_OTHER,AD_FRAUD_POLICY,IT,,,,,,,,,,,,,,
All,Manufacturer Center,2025-07-01/2025-12-31,KEYWORD_OTHER,ENCOURAGEMENT_OF_DIGITAL_SECURITY_OR_TERMS_OF_SERVICE_VIOLATIONS,IT,,,,,,,,,,,,,,
All,Manufacturer Center,2025-07-01/2025-12-31,KEYWORD_OTHER,FRAUD,IT,,,,,,,,,,,,,,
All,Manufacturer Center,2025-07-01/2025-12-31,KEYWORD_OTHER,MALWARE,IT,,,,,,,,,,,,,,
All,Manufacturer Center,2025-07-01/2025-12-31,KEYWORD_OTHER,MALWARE_AND_PHISHING,IT,,,,,,,,,,,,,,
All,Manufacturer Center,2025-07-01/2025-12-31,KEYWORD_OTHER,MALWARE_AND_SYSTEM_CIRCUMVENTION,IT,,,,,,,,,,,,,,
All,Manufacturer Center,2025-07-01/2025-12-31,KEYWORD_OTHER,MISREPRESENTATION,IT,,,,,,,,,,,,,,
All,Manufacturer Center,2025-07-01/2025-12-31,KEYWORD_OTHER,SCAMS,IT,,,,,,,,,,,,,,
All,Manufacturer Center,2025-07-01/2025-12-31,KEYWORD_OTHER,SOCIAL_ENGINEERING_TACTICS,IT,,,,,,,,,,,,,,
All,Manufacturer Center,2025-07-01/2025-12-31,STATEMENT_CATEGORY_SELF_HARM,,IT,,,,,,,,,,,,,,
All,Manufacturer Center,2025-07-01/2025-12-31,KEYWORD_CONTENT_PROMOTING_EATING_DISORDERS,,IT,,,,,,,,,,,,,,
All,Manufacturer Center,2025-07-01/2025-12-31,KEYWORD_SELF_MUTILATION,,IT,,,,,,,,,,,,,,
All,Manufacturer Center,2025-07-01/2025-12-31,KEYWORD_SUICIDE,,IT,,,,,,,,,,,,,,
All,Manufacturer Center,2025-07-01/2025-12-31,KEYWORD_OTHER,SELF_HARM,IT,,,,,,,,,,,,,,
All,Manufacturer Center,2025-07-01/2025-12-31,KEYWORD_OTHER,SUICIDE_AND_SELF_HARM,IT,,,,,,,,,,,,,,
All,Manufacturer Center,2025-07-01/2025-12-31,STATEMENT_CATEGORY_UNSAFE_AND_PROHIBITED_PRODUCTS,,IT,,,,,,,,,,,,,,
All,Manufacturer Center,2025-07-01/2025-12-31,KEYWORD_PROHIBITED_PRODUCTS,,IT,,,,,,,,,,,,,,
All,Manufacturer Center,2025-07-01/2025-12-31,KEYWORD_UNSAFE_PRODUCTS,,IT,,,,,,,,,,,,,,
All,Manufacturer Center,2025-07-01/2025-12-31,KEYWORD_OTHER,COURT_ORDER,IT,,,,,,,,,,,,,,
All,Manufacturer Center,2025-07-01/2025-12-31,KEYWORD_OTHER,ENABLING_DISHONEST_BEHAVIOR,IT,,,,,,,,,,,,,,
All,Manufacturer Center,2025-07-01/2025-12-31,KEYWORD_OTHER,FIREARMS_AND_ILLEGAL_REGULATED_GOODS_OR_SERVICES,IT,,,,,,,,,,,,,,
All,Manufacturer Center,2025-07-01/2025-12-31,KEYWORD_OTHER,OTHER_LEGAL_NOTICES_OR_ORDERS,IT,,,,,,,,,,,,,,
All,Manufacturer Center,2025-07-01/2025-12-31,KEYWORD_OTHER,UNAUTHORIZED_PHARMACIES,IT,,,,,,,,,,,,,,
All,Manufacturer Center,2025-07-01/2025-12-31,STATEMENT_CATEGORY_VIOLENCE,,IT,,,,,,,,,,,,,,
All,Manufacturer Center,2025-07-01/2025-12-31,KEYWORD_COORDINATED_HARM,,IT,,,,,,,,,,,,,,
All,Manufacturer Center,2025-07-01/2025-12-31,KEYWORD_INCITEMENT_VIOLENCE_HATRED,,IT,,,,,,,,,,,,,,
All,Manufacturer Center,2025-07-01/2025-12-31,KEYWORD_HUMAN_EXPLOITATION,,IT,,,,,,,,,,,,,,
All,Manufacturer Center,2025-07-01/2025-12-31,KEYWORD_HUMAN_TRAFFICKING,,IT,,,,,,,,,,,,,,
All,Manufacturer Center,2025-07-01/2025-12-31,KEYWORD_TRAFFICKING_WOMEN_GIRLS,,IT,,,,,,,,,,,,,,
All,Manufacturer Center,2025-07-01/2025-12-31,KEYWORD_OTHER,DEPICTION_OF VIOLENCE,IT,,,,,,,,,,,,,,
All,Manufacturer Center,2025-07-01/2025-12-31,KEYWORD_OTHER,SHOCKING_CONTENT,IT,,,,,,,,,,,,,,
All,Manufacturer Center,2025-07-01/2025-12-31,KEYWORD_OTHER,VIOLENT_OR_GRAPHIC_CONTENT,IT,,,,,,,,,,,,,,
All,Manufacturer Center,2025-07-01/2025-12-31,STATEMENT_CATEGORY_NOT_SPECIFIED_ORDER,,IT,,,,,,,,,,,,,,
All,Manufacturer Center,2025-07-01/2025-12-31,TOTAL,,LV,,,,,,,,,,,,,,
All,Manufacturer Center,2025-07-01/2025-12-31,STATEMENT_CATEGORY_ANIMAL_WELFARE,,LV,,,,,,,,,,,,,,
All,Manufacturer Center,2025-07-01/2025-12-31,KEYWORD_ANIMAL_HARM,,LV,,,,,,,,,,,,,,
All,Manufacturer Center,2025-07-01/2025-12-31,KEYWORD_UNLAWFUL_SALE_ANIMALS,,LV,,,,,,,,,,,,,,
All,Manufacturer Center,2025-07-01/2025-12-31,KEYWORD_OTHER,ANIMAL_CRUELTY,LV,,,,,,,,,,,,,,
All,Manufacturer Center,2025-07-01/2025-12-31,KEYWORD_OTHER,ANIMAL_HARM_AND_UNLAWFUL_SALE,LV,,,,,,,,,,,,,,
All,Manufacturer Center,2025-07-01/2025-12-31,STATEMENT_CATEGORY_CONSUMER_INFORMATION,,LV,,,,,,,,,,,,,,
All,Manufacturer Center,2025-07-01/2025-12-31,KEYWORD_HIDDEN_ADVERTISEMENT,,LV,,,,,,,,,,,,,,
All,Manufacturer Center,2025-07-01/2025-12-31,KEYWORD_INSUFFICIENT_INFORMATION_ON_TRADERS,,LV,,,,,,,,,,,,,,
All,Manufacturer Center,2025-07-01/2025-12-31,KEYWORD_MISLEADING_INFO_GOODS_SERVICES,,LV,,,,,,,,,,,,,,
All,Manufacturer Center,2025-07-01/2025-12-31,KEYWORD_MISLEADING_INFO_CONSUMER_RIGHTS,,LV,,,,,,,,,,,,,,
All,Manufacturer Center,2025-07-01/2025-12-31,KEYWORD_NONCOMPLIANCE_PRICING,,LV,,,,,,,,,,,,,,
All,Manufacturer Center,2025-07-01/2025-12-31,KEYWORD_OTHER,CONSUMER_PROTECTION,LV,,,,,,,,,,,,,,
All,Manufacturer Center,2025-07-01/2025-12-31,KEYWORD_OTHER,MISREPRESENTATION,LV,,,,,,,,,,,,,,
All,Manufacturer Center,2025-07-01/2025-12-31,STATEMENT_CATEGORY_CYBER_VIOLENCE,,LV,,,,,,,,,,,,,,
All,Manufacturer Center,2025-07-01/2025-12-31,KEYWORD_CYBER_BULLYING_INTIMIDATION,,LV,,,,,,,,,,,,,,
All,Manufacturer Center,2025-07-01/2025-12-31,KEYWORD_CYBER_HARASSMENT,,LV,,,,,,,,,,,,,,
All,Manufacturer Center,2025-07-01/2025-12-31,KEYWORD_CYBER_INCITEMENT,,LV,,,,,,,,,,,,,,
All,Manufacturer Center,2025-07-01/2025-12-31,KEYWORD_CYBER_STALKING,,LV,,,,,,,,,,,,,,
All,Manufacturer Center,2025-07-01/2025-12-31,KEYWORD_NON_CONSENSUAL_IMAGE_SHARING,,LV,,,,,,,,,,,,,,
All,Manufacturer Center,2025-07-01/2025-12-31,KEYWORD_NON_CONSENSUAL_MATERIAL_DEEPFAKE,,LV,,,,,,,,,,,,,,
All,Manufacturer Center,2025-07-01/2025-12-31,KEYWORD_OTHER,DOXING,LV,,,,,,,,,,,,,,
All,Manufacturer Center,2025-07-01/2025-12-31,KEYWORD_OTHER,HARASSMENT,LV,,,,,,,,,,,,,,
All,Manufacturer Center,2025-07-01/2025-12-31,KEYWORD_OTHER,HARASSMENT_AND_CYBERBULLYING,LV,,,,,,,,,,,,,,
All,Manufacturer Center,2025-07-01/2025-12-31,KEYWORD_OTHER,HARMFUL_ACTIVITIES,LV,,,,,,,,,,,,,,
All,Manufacturer Center,2025-07-01/2025-12-31,KEYWORD_OTHER,SEXUAL_HARASSMENT,LV,,,,,,,,,,,,,,
All,Manufacturer Center,2025-07-01/2025-12-31,KEYWORD_OTHER,OBSCENITY_OR_PORNOGRAPHY,LV,,,,,,,,,,,,,,
All,Manufacturer Center,2025-07-01/2025-12-31,KEYWORD_OTHER,UNSAFE_CONTENT,LV,,,,,,,,,,,,,,
All,Manufacturer Center,2025-07-01/2025-12-31,STATEMENT_CATEGORY_CYBER_VIOLENCE_AGAINST_WOMEN,,LV,,,,,,,,,,,,,,
All,Manufacturer Center,2025-07-01/2025-12-31,KEYWORD_BULLYING_AGAINST_GIRLS,,LV,,,,,,,,,,,,,,
All,Manufacturer Center,2025-07-01/2025-12-31,KEYWORD_CYBER_HARASSMENT_AGAINST_WOMEN,,LV,,,,,,,,,,,,,,
All,Manufacturer Center,2025-07-01/2025-12-31,KEYWORD_CYBER_STALKING_AGAINST_WOMEN,,LV,,,,,,,,,,,,,,
All,Manufacturer Center,2025-07-01/2025-12-31,KEYWORD_FEMALE_GENDERED_DISINFORMATION,,LV,,,,,,,,,,,,,,
All,Manufacturer Center,2025-07-01/2025-12-31,KEYWORD_INCITEMENT_AGAINST_WOMEN,,LV,,,,,,,,,,,,,,
All,Manufacturer Center,2025-07-01/2025-12-31,KEYWORD_NON_CONSENSUAL_IMAGE_SHARING_AGAINST_WOMEN,,LV,,,,,,,,,,,,,,
All,Manufacturer Center,2025-07-01/2025-12-31,KEYWORD_NON_CONSENSUAL_MATERIAL_DEEPFAKE_AGAINST_WOMEN,,LV,,,,,,,,,,,,,,
All,Manufacturer Center,2025-07-01/2025-12-31,KEYWORD_OTHER,"Text to detail the ""Other"" keyword.",LV,,,,,,,,,,,,,,
All,Manufacturer Center,2025-07-01/2025-12-31,STATEMENT_CATEGORY_DATA_PROTECTION_AND_PRIVACY_VIOLATIONS,,LV,,,,,,,,,,,,,,
All,Manufacturer Center,2025-07-01/2025-12-31,KEYWORD_BIOMETRIC_DATA_BREACH,,LV,,,,,,,,,,,,,,
All,Manufacturer Center,2025-07-01/2025-12-31,KEYWORD_DATA_FALSIFICATION,,LV,,,,,,,,,,,,,,
All,Manufacturer Center,2025-07-01/2025-12-31,KEYWORD_MISSING_PROCESSING_GROUND,,LV,,,,,,,,,,,,,,
All,Manufacturer Center,2025-07-01/2025-12-31,KEYWORD_RIGHT_TO_BE_FORGOTTEN,,LV,,,,,,,,,,,,,,
All,Manufacturer Center,2025-07-01/2025-12-31,KEYWORD_OTHER,DATA_COLLECTION_AND_USE,LV,,,,,,,,,,,,,,
All,Manufacturer Center,2025-07-01/2025-12-31,KEYWORD_OTHER,DISCLOSURE_AND_CONSENT_PRACTICES,LV,,,,,,,,,,,,,,
All,Manufacturer Center,2025-07-01/2025-12-31,KEYWORD_OTHER,GDPR,LV,,,,,,,,,,,,,,
All,Manufacturer Center,2025-07-01/2025-12-31,KEYWORD_OTHER,PERSONAL_INFORMATION,LV,,,,,,,,,,,,,,
All,Manufacturer Center,2025-07-01/2025-12-31,KEYWORD_OTHER,PERSONAL_RIGHTS,LV,,,,,,,,,,,,,,
All,Manufacturer Center,2025-07-01/2025-12-31,KEYWORD_OTHER,PERSONALIZED_ADVERTISING,LV,,,,,,,,,,,,,,
All,Manufacturer Center,2025-07-01/2025-12-31,KEYWORD_OTHER,PRIVACY,LV,,,,,,,,,,,,,,
All,Manufacturer Center,2025-07-01/2025-12-31,KEYWORD_OTHER,PRIVACY_POLICY,LV,,,,,,,,,,,,,,
All,Manufacturer Center,2025-07-01/2025-12-31,KEYWORD_OTHER,UNSECURE_DATA_HANDLING,LV,,,,,,,,,,,,,,
All,Manufacturer Center,2025-07-01/2025-12-31,STATEMENT_CATEGORY_ILLEGAL_OR_HARMFUL_SPEECH,,LV,,,,,,,,,,,,,,
All,Manufacturer Center,2025-07-01/2025-12-31,KEYWORD_DEFAMATION,,LV,,,,,,,,,,,,,,
All,Manufacturer Center,2025-07-01/2025-12-31,KEYWORD_DISCRIMINATION,,LV,,,,,,,,,,,,,,
All,Manufacturer Center,2025-07-01/2025-12-31,KEYWORD_HATE_SPEECH,,LV,,,,,,,,,,,,,,
All,Manufacturer Center,2025-07-01/2025-12-31,KEYWORD_OTHER,HATEFUL_OR_ABUSIVE,LV,,,,,,,,,,,,,,
All,Manufacturer Center,2025-07-01/2025-12-31,KEYWORD_OTHER,ILLEGAL_OR_HARMFUL_SPEECH,LV,,,,,,,,,,,,,,
All,Manufacturer Center,2025-07-01/2025-12-31,KEYWORD_OTHER,OBSCENITY_AND_PROFANITY,LV,,,,,,,,,,,,,,
All,Manufacturer Center,2025-07-01/2025-12-31,KEYWORD_OTHER,OFFENSIVE_CONTENT,LV,,,,,,,,,,,,,,
All,Manufacturer Center,2025-07-01/2025-12-31,KEYWORD_OTHER,UNSAFE_CONTENT,LV,,,,,,,,,,,,,,
All,Manufacturer Center,2025-07-01/2025-12-31,STATEMENT_CATEGORY_INTELLECTUAL_PROPERTY_INFRINGEMENTS,,LV,,,,,,,,,,,,,,
All,Manufacturer Center,2025-07-01/2025-12-31,KEYWORD_COPYRIGHT_INFRINGEMENT,,LV,,,,,,,,,,,,,,
All,Manufacturer Center,2025-07-01/2025-12-31,KEYWORD_DESIGN_INFRINGEMENT,,LV,,,,,,,,,,,,,,
All,Manufacturer Center,2025-07-01/2025-12-31,KEYWORD_GEOGRAPHIC_INDICATIONS_INFRINGEMENT,,LV,,,,,,,,,,,,,,
All,Manufacturer Center,2025-07-01/2025-12-31,KEYWORD_PATENT_INFRINGEMENT,,LV,,,,,,,,,,,,,,
All,Manufacturer Center,2025-07-01/2025-12-31,KEYWORD_TRADE_SECRET_INFRINGEMENT,,LV,,,,,,,,,,,,,,
All,Manufacturer Center,2025-07-01/2025-12-31,KEYWORD_TRADEMARK_INFRINGEMENT,,LV,,,,,,,,,,,,,,
All,Manufacturer Center,2025-07-01/2025-12-31,KEYWORD_OTHER,CIRCUMVENTION,LV,,,,,,,,,,,,,,
All,Manufacturer Center,2025-07-01/2025-12-31,KEYWORD_OTHER,INTELLECTUAL PROPERTY,LV,,,,,,,,,,,,,,
All,Manufacturer Center,2025-07-01/2025-12-31,STATEMENT_CATEGORY_NEGATIVE_EFFECTS_ON_CIVIC_DISCOURSE_OR_ELECTIONS,,LV,,,,,,,,,,,,,,
All,Manufacturer Center,2025-07-01/2025-12-31,KEYWORD_MISINFORMATION_DISINFORMATION,,LV,,,,,,,,,,,,,,
All,Manufacturer Center,2025-07-01/2025-12-31,KEYWORD_VIOLATION_EU_LAW,,LV,,,,,,,,,,,,,,
All,Manufacturer Center,2025-07-01/2025-12-31,KEYWORD_VIOLATION_NATIONAL_LAW,,LV,,,,,,,,,,,,,,
All,Manufacturer Center,2025-07-01/2025-12-31,KEYWORD_OTHER,ELECTORAL,LV,,,,,,,,,,,,,,
All,Manufacturer Center,2025-07-01/2025-12-31,KEYWORD_OTHER,HACKED_POLITICAL_MATERIALS,LV,,,,,,,,,,,,,,
All,Manufacturer Center,2025-07-01/2025-12-31,KEYWORD_OTHER,POLITICAL_CONTENT,LV,,,,,,,,,,,,,,
All,Manufacturer Center,2025-07-01/2025-12-31,KEYWORD_OTHER,SOCIAL_STABILITY,LV,,,,,,,,,,,,,,
All,Manufacturer Center,2025-07-01/2025-12-31,KEYWORD_OTHER,SOCIETAL_VALUES,LV,,,,,,,,,,,,,,
All,Manufacturer Center,2025-07-01/2025-12-31,STATEMENT_CATEGORY_PROTECTION_OF_MINORS,,LV,,,,,,,,,,,,,,
All,Manufacturer Center,2025-07-01/2025-12-31,KEYWORD_AGE_SPECIFIC_RESTRICTIONS_MINORS,,LV,,,,,,,,,,,,,,
All,Manufacturer Center,2025-07-01/2025-12-31,KEYWORD_CHILD_SEXUAL_ABUSE_MATERIAL,,LV,,,,,,,,,,,,,,
All,Manufacturer Center,2025-07-01/2025-12-31,KEYWORD_CHILD_SEXUAL_ABUSE_MATERIAL_DEEPFAKE,,LV,,,,,,,,,,,,,,
All,Manufacturer Center,2025-07-01/2025-12-31,KEYWORD_GROOMING_SEXUAL_ENTICEMENT_MINORS,,LV,,,,,,,,,,,,,,
All,Manufacturer Center,2025-07-01/2025-12-31,KEYWORD_UNSAFE_CHALLENGES,,LV,,,,,,,,,,,,,,
All,Manufacturer Center,2025-07-01/2025-12-31,KEYWORD_OTHER,CHILD_ENDANGERMENT,LV,,,,,,,,,,,,,,
All,Manufacturer Center,2025-07-01/2025-12-31,KEYWORD_OTHER,CHILD_SAFETY,LV,,,,,,,,,,,,,,
All,Manufacturer Center,2025-07-01/2025-12-31,KEYWORD_OTHER,HARMFUL_OR_DANGEROUS_ACTS_CHALLENGES_AND_PRANKS,LV,,,,,,,,,,,,,,
All,Manufacturer Center,2025-07-01/2025-12-31,KEYWORD_OTHER,KNOWN_SERIES,LV,,,,,,,,,,,,,,
All,Manufacturer Center,2025-07-01/2025-12-31,KEYWORD_OTHER,PROTECTION_OF_MINORS,LV,,,,,,,,,,,,,,
All,Manufacturer Center,2025-07-01/2025-12-31,KEYWORD_OTHER,UNAUTHORIZED_IMAGE_OF_MINORS,LV,,,,,,,,,,,,,,
All,Manufacturer Center,2025-07-01/2025-12-31,STATEMENT_CATEGORY_RISK_FOR_PUBLIC_SECURITY,,LV,,,,,,,,,,,,,,
All,Manufacturer Center,2025-07-01/2025-12-31,KEYWORD_ILLEGAL_ORGANIZATIONS,,LV,,,,,,,,,,,,,,
All,Manufacturer Center,2025-07-01/2025-12-31,KEYWORD_RISK_ENVIRONMENTAL_DAMAGE,,LV,,,,,,,,,,,,,,
All,Manufacturer Center,2025-07-01/2025-12-31,KEYWORD_RISK_PUBLIC_HEALTH,,LV,,,,,,,,,,,,,,
All,Manufacturer Center,2025-07-01/2025-12-31,KEYWORD_TERRORIST_CONTENT,,LV,,,,,,,,,,,,,,
All,Manufacturer Center,2025-07-01/2025-12-31,KEYWORD_OTHER,COURT_ORDER,LV,,,,,,,,,,,,,,
All,Manufacturer Center,2025-07-01/2025-12-31,KEYWORD_OTHER,RISK_FOR_PUBLIC_SECURITY,LV,,,,,,,,,,,,,,
All,Manufacturer Center,2025-07-01/2025-12-31,KEYWORD_OTHER,SENSITIVE_EVENTS,LV,,,,,,,,,,,,,,
All,Manufacturer Center,2025-07-01/2025-12-31,KEYWORD_OTHER,VIOLENT_EXTREMISM,LV,,,,,,,,,,,,,,
All,Manufacturer Center,2025-07-01/2025-12-31,KEYWORD_OTHER,WRONGFUL_OR_UNAUTHORIZED_USE_OF_SYMBOLS,LV,,,,,,,,,,,,,,
All,Manufacturer Center,2025-07-01/2025-12-31,STATEMENT_CATEGORY_SCAMS_AND_FRAUD,,LV,,,,,,,,,,,,,,
All,Manufacturer Center,2025-07-01/2025-12-31,KEYWORD_IMPERSONATION_ACCOUNT_HIJACKING,,LV,,,,,,,,,,,,,,
All,Manufacturer Center,2025-07-01/2025-12-31,KEYWORD_INAUTHENTIC_ACCOUNTS,,LV,,,,,,,,,,,,,,
All,Manufacturer Center,2025-07-01/2025-12-31,KEYWORD_INAUTHENTIC_LISTINGS,,LV,,,,,,,,,,,,,,
All,Manufacturer Center,2025-07-01/2025-12-31,KEYWORD_INAUTHENTIC_USER_REVIEWS,,LV,,,,,,,,,,,,,,
All,Manufacturer Center,2025-07-01/2025-12-31,KEYWORD_PHISHING,,LV,,,,,,,,,,,,,,
All,Manufacturer Center,2025-07-01/2025-12-31,KEYWORD_PYRAMID_SCHEMES,,LV,,,,,,,,,,,,,,
All,Manufacturer Center,2025-07-01/2025-12-31,KEYWORD_OTHER,AD_FRAUD_POLICY,LV,,,,,,,,,,,,,,
All,Manufacturer Center,2025-07-01/2025-12-31,KEYWORD_OTHER,ENCOURAGEMENT_OF_DIGITAL_SECURITY_OR_TERMS_OF_SERVICE_VIOLATIONS,LV,,,,,,,,,,,,,,
All,Manufacturer Center,2025-07-01/2025-12-31,KEYWORD_OTHER,FRAUD,LV,,,,,,,,,,,,,,
All,Manufacturer Center,2025-07-01/2025-12-31,KEYWORD_OTHER,MALWARE,LV,,,,,,,,,,,,,,
All,Manufacturer Center,2025-07-01/2025-12-31,KEYWORD_OTHER,MALWARE_AND_PHISHING,LV,,,,,,,,,,,,,,
All,Manufacturer Center,2025-07-01/2025-12-31,KEYWORD_OTHER,MALWARE_AND_SYSTEM_CIRCUMVENTION,LV,,,,,,,,,,,,,,
All,Manufacturer Center,2025-07-01/2025-12-31,KEYWORD_OTHER,MISREPRESENTATION,LV,,,,,,,,,,,,,,
All,Manufacturer Center,2025-07-01/2025-12-31,KEYWORD_OTHER,SCAMS,LV,,,,,,,,,,,,,,
All,Manufacturer Center,2025-07-01/2025-12-31,KEYWORD_OTHER,SOCIAL_ENGINEERING_TACTICS,LV,,,,,,,,,,,,,,
All,Manufacturer Center,2025-07-01/2025-12-31,STATEMENT_CATEGORY_SELF_HARM,,LV,,,,,,,,,,,,,,
All,Manufacturer Center,2025-07-01/2025-12-31,KEYWORD_CONTENT_PROMOTING_EATING_DISORDERS,,LV,,,,,,,,,,,,,,
All,Manufacturer Center,2025-07-01/2025-12-31,KEYWORD_SELF_MUTILATION,,LV,,,,,,,,,,,,,,
All,Manufacturer Center,2025-07-01/2025-12-31,KEYWORD_SUICIDE,,LV,,,,,,,,,,,,,,
All,Manufacturer Center,2025-07-01/2025-12-31,KEYWORD_OTHER,SELF_HARM,LV,,,,,,,,,,,,,,
All,Manufacturer Center,2025-07-01/2025-12-31,KEYWORD_OTHER,SUICIDE_AND_SELF_HARM,LV,,,,,,,,,,,,,,
All,Manufacturer Center,2025-07-01/2025-12-31,STATEMENT_CATEGORY_UNSAFE_AND_PROHIBITED_PRODUCTS,,LV,,,,,,,,,,,,,,
All,Manufacturer Center,2025-07-01/2025-12-31,KEYWORD_PROHIBITED_PRODUCTS,,LV,,,,,,,,,,,,,,
All,Manufacturer Center,2025-07-01/2025-12-31,KEYWORD_UNSAFE_PRODUCTS,,LV,,,,,,,,,,,,,,
All,Manufacturer Center,2025-07-01/2025-12-31,KEYWORD_OTHER,COURT_ORDER,LV,,,,,,,,,,,,,,
All,Manufacturer Center,2025-07-01/2025-12-31,KEYWORD_OTHER,ENABLING_DISHONEST_BEHAVIOR,LV,,,,,,,,,,,,,,
All,Manufacturer Center,2025-07-01/2025-12-31,KEYWORD_OTHER,FIREARMS_AND_ILLEGAL_REGULATED_GOODS_OR_SERVICES,LV,,,,,,,,,,,,,,
All,Manufacturer Center,2025-07-01/2025-12-31,KEYWORD_OTHER,OTHER_LEGAL_NOTICES_OR_ORDERS,LV,,,,,,,,,,,,,,
All,Manufacturer Center,2025-07-01/2025-12-31,KEYWORD_OTHER,UNAUTHORIZED_PHARMACIES,LV,,,,,,,,,,,,,,
All,Manufacturer Center,2025-07-01/2025-12-31,STATEMENT_CATEGORY_VIOLENCE,,LV,,,,,,,,,,,,,,
All,Manufacturer Center,2025-07-01/2025-12-31,KEYWORD_COORDINATED_HARM,,LV,,,,,,,,,,,,,,
All,Manufacturer Center,2025-07-01/2025-12-31,KEYWORD_INCITEMENT_VIOLENCE_HATRED,,LV,,,,,,,,,,,,,,
All,Manufacturer Center,2025-07-01/2025-12-31,KEYWORD_HUMAN_EXPLOITATION,,LV,,,,,,,,,,,,,,
All,Manufacturer Center,2025-07-01/2025-12-31,KEYWORD_HUMAN_TRAFFICKING,,LV,,,,,,,,,,,,,,
All,Manufacturer Center,2025-07-01/2025-12-31,KEYWORD_TRAFFICKING_WOMEN_GIRLS,,LV,,,,,,,,,,,,,,
All,Manufacturer Center,2025-07-01/2025-12-31,KEYWORD_OTHER,DEPICTION_OF VIOLENCE,LV,,,,,,,,,,,,,,
All,Manufacturer Center,2025-07-01/2025-12-31,KEYWORD_OTHER,SHOCKING_CONTENT,LV,,,,,,,,,,,,,,
All,Manufacturer Center,2025-07-01/2025-12-31,KEYWORD_OTHER,VIOLENT_OR_GRAPHIC_CONTENT,LV,,,,,,,,,,,,,,
All,Manufacturer Center,2025-07-01/2025-12-31,STATEMENT_CATEGORY_NOT_SPECIFIED_ORDER,,LV,,,,,,,,,,,,,,
All,Manufacturer Center,2025-07-01/2025-12-31,TOTAL,,LT,,,,,,,,,,,,,,
All,Manufacturer Center,2025-07-01/2025-12-31,STATEMENT_CATEGORY_ANIMAL_WELFARE,,LT,,,,,,,,,,,,,,
All,Manufacturer Center,2025-07-01/2025-12-31,KEYWORD_ANIMAL_HARM,,LT,,,,,,,,,,,,,,
All,Manufacturer Center,2025-07-01/2025-12-31,KEYWORD_UNLAWFUL_SALE_ANIMALS,,LT,,,,,,,,,,,,,,
All,Manufacturer Center,2025-07-01/2025-12-31,KEYWORD_OTHER,ANIMAL_CRUELTY,LT,,,,,,,,,,,,,,
All,Manufacturer Center,2025-07-01/2025-12-31,KEYWORD_OTHER,ANIMAL_HARM_AND_UNLAWFUL_SALE,LT,,,,,,,,,,,,,,
All,Manufacturer Center,2025-07-01/2025-12-31,STATEMENT_CATEGORY_CONSUMER_INFORMATION,,LT,,,,,,,,,,,,,,
All,Manufacturer Center,2025-07-01/2025-12-31,KEYWORD_HIDDEN_ADVERTISEMENT,,LT,,,,,,,,,,,,,,
All,Manufacturer Center,2025-07-01/2025-12-31,KEYWORD_INSUFFICIENT_INFORMATION_ON_TRADERS,,LT,,,,,,,,,,,,,,
All,Manufacturer Center,2025-07-01/2025-12-31,KEYWORD_MISLEADING_INFO_GOODS_SERVICES,,LT,,,,,,,,,,,,,,
All,Manufacturer Center,2025-07-01/2025-12-31,KEYWORD_MISLEADING_INFO_CONSUMER_RIGHTS,,LT,,,,,,,,,,,,,,
All,Manufacturer Center,2025-07-01/2025-12-31,KEYWORD_NONCOMPLIANCE_PRICING,,LT,,,,,,,,,,,,,,
All,Manufacturer Center,2025-07-01/2025-12-31,KEYWORD_OTHER,CONSUMER_PROTECTION,LT,,,,,,,,,,,,,,
All,Manufacturer Center,2025-07-01/2025-12-31,KEYWORD_OTHER,MISREPRESENTATION,LT,,,,,,,,,,,,,,
All,Manufacturer Center,2025-07-01/2025-12-31,STATEMENT_CATEGORY_CYBER_VIOLENCE,,LT,,,,,,,,,,,,,,
All,Manufacturer Center,2025-07-01/2025-12-31,KEYWORD_CYBER_BULLYING_INTIMIDATION,,LT,,,,,,,,,,,,,,
All,Manufacturer Center,2025-07-01/2025-12-31,KEYWORD_CYBER_HARASSMENT,,LT,,,,,,,,,,,,,,
All,Manufacturer Center,2025-07-01/2025-12-31,KEYWORD_CYBER_INCITEMENT,,LT,,,,,,,,,,,,,,
All,Manufacturer Center,2025-07-01/2025-12-31,KEYWORD_CYBER_STALKING,,LT,,,,,,,,,,,,,,
All,Manufacturer Center,2025-07-01/2025-12-31,KEYWORD_NON_CONSENSUAL_IMAGE_SHARING,,LT,,,,,,,,,,,,,,
All,Manufacturer Center,2025-07-01/2025-12-31,KEYWORD_NON_CONSENSUAL_MATERIAL_DEEPFAKE,,LT,,,,,,,,,,,,,,
All,Manufacturer Center,2025-07-01/2025-12-31,KEYWORD_OTHER,DOXING,LT,,,,,,,,,,,,,,
All,Manufacturer Center,2025-07-01/2025-12-31,KEYWORD_OTHER,HARASSMENT,LT,,,,,,,,,,,,,,
All,Manufacturer Center,2025-07-01/2025-12-31,KEYWORD_OTHER,HARASSMENT_AND_CYBERBULLYING,LT,,,,,,,,,,,,,,
All,Manufacturer Center,2025-07-01/2025-12-31,KEYWORD_OTHER,HARMFUL_ACTIVITIES,LT,,,,,,,,,,,,,,
All,Manufacturer Center,2025-07-01/2025-12-31,KEYWORD_OTHER,SEXUAL_HARASSMENT,LT,,,,,,,,,,,,,,
All,Manufacturer Center,2025-07-01/2025-12-31,KEYWORD_OTHER,OBSCENITY_OR_PORNOGRAPHY,LT,,,,,,,,,,,,,,
All,Manufacturer Center,2025-07-01/2025-12-31,KEYWORD_OTHER,UNSAFE_CONTENT,LT,,,,,,,,,,,,,,
All,Manufacturer Center,2025-07-01/2025-12-31,STATEMENT_CATEGORY_CYBER_VIOLENCE_AGAINST_WOMEN,,LT,,,,,,,,,,,,,,
All,Manufacturer Center,2025-07-01/2025-12-31,KEYWORD_BULLYING_AGAINST_GIRLS,,LT,,,,,,,,,,,,,,
All,Manufacturer Center,2025-07-01/2025-12-31,KEYWORD_CYBER_HARASSMENT_AGAINST_WOMEN,,LT,,,,,,,,,,,,,,
All,Manufacturer Center,2025-07-01/2025-12-31,KEYWORD_CYBER_STALKING_AGAINST_WOMEN,,LT,,,,,,,,,,,,,,
All,Manufacturer Center,2025-07-01/2025-12-31,KEYWORD_FEMALE_GENDERED_DISINFORMATION,,LT,,,,,,,,,,,,,,
All,Manufacturer Center,2025-07-01/2025-12-31,KEYWORD_INCITEMENT_AGAINST_WOMEN,,LT,,,,,,,,,,,,,,
All,Manufacturer Center,2025-07-01/2025-12-31,KEYWORD_NON_CONSENSUAL_IMAGE_SHARING_AGAINST_WOMEN,,LT,,,,,,,,,,,,,,
All,Manufacturer Center,2025-07-01/2025-12-31,KEYWORD_NON_CONSENSUAL_MATERIAL_DEEPFAKE_AGAINST_WOMEN,,LT,,,,,,,,,,,,,,
All,Manufacturer Center,2025-07-01/2025-12-31,KEYWORD_OTHER,"Text to detail the ""Other"" keyword.",LT,,,,,,,,,,,,,,
All,Manufacturer Center,2025-07-01/2025-12-31,STATEMENT_CATEGORY_DATA_PROTECTION_AND_PRIVACY_VIOLATIONS,,LT,,,,,,,,,,,,,,
All,Manufacturer Center,2025-07-01/2025-12-31,KEYWORD_BIOMETRIC_DATA_BREACH,,LT,,,,,,,,,,,,,,
All,Manufacturer Center,2025-07-01/2025-12-31,KEYWORD_DATA_FALSIFICATION,,LT,,,,,,,,,,,,,,
All,Manufacturer Center,2025-07-01/2025-12-31,KEYWORD_MISSING_PROCESSING_GROUND,,LT,,,,,,,,,,,,,,
All,Manufacturer Center,2025-07-01/2025-12-31,KEYWORD_RIGHT_TO_BE_FORGOTTEN,,LT,,,,,,,,,,,,,,
All,Manufacturer Center,2025-07-01/2025-12-31,KEYWORD_OTHER,DATA_COLLECTION_AND_USE,LT,,,,,,,,,,,,,,
All,Manufacturer Center,2025-07-01/2025-12-31,KEYWORD_OTHER,DISCLOSURE_AND_CONSENT_PRACTICES,LT,,,,,,,,,,,,,,
All,Manufacturer Center,2025-07-01/2025-12-31,KEYWORD_OTHER,GDPR,LT,,,,,,,,,,,,,,
All,Manufacturer Center,2025-07-01/2025-12-31,KEYWORD_OTHER,PERSONAL_INFORMATION,LT,,,,,,,,,,,,,,
All,Manufacturer Center,2025-07-01/2025-12-31,KEYWORD_OTHER,PERSONAL_RIGHTS,LT,,,,,,,,,,,,,,
All,Manufacturer Center,2025-07-01/2025-12-31,KEYWORD_OTHER,PERSONALIZED_ADVERTISING,LT,,,,,,,,,,,,,,
All,Manufacturer Center,2025-07-01/2025-12-31,KEYWORD_OTHER,PRIVACY,LT,,,,,,,,,,,,,,
All,Manufacturer Center,2025-07-01/2025-12-31,KEYWORD_OTHER,PRIVACY_POLICY,LT,,,,,,,,,,,,,,
All,Manufacturer Center,2025-07-01/2025-12-31,KEYWORD_OTHER,UNSECURE_DATA_HANDLING,LT,,,,,,,,,,,,,,
All,Manufacturer Center,2025-07-01/2025-12-31,STATEMENT_CATEGORY_ILLEGAL_OR_HARMFUL_SPEECH,,LT,,,,,,,,,,,,,,
All,Manufacturer Center,2025-07-01/2025-12-31,KEYWORD_DEFAMATION,,LT,,,,,,,,,,,,,,
All,Manufacturer Center,2025-07-01/2025-12-31,KEYWORD_DISCRIMINATION,,LT,,,,,,,,,,,,,,
All,Manufacturer Center,2025-07-01/2025-12-31,KEYWORD_HATE_SPEECH,,LT,,,,,,,,,,,,,,
All,Manufacturer Center,2025-07-01/2025-12-31,KEYWORD_OTHER,HATEFUL_OR_ABUSIVE,LT,,,,,,,,,,,,,,
All,Manufacturer Center,2025-07-01/2025-12-31,KEYWORD_OTHER,ILLEGAL_OR_HARMFUL_SPEECH,LT,,,,,,,,,,,,,,
All,Manufacturer Center,2025-07-01/2025-12-31,KEYWORD_OTHER,OBSCENITY_AND_PROFANITY,LT,,,,,,,,,,,,,,
All,Manufacturer Center,2025-07-01/2025-12-31,KEYWORD_OTHER,OFFENSIVE_CONTENT,LT,,,,,,,,,,,,,,
All,Manufacturer Center,2025-07-01/2025-12-31,KEYWORD_OTHER,UNSAFE_CONTENT,LT,,,,,,,,,,,,,,
All,Manufacturer Center,2025-07-01/2025-12-31,STATEMENT_CATEGORY_INTELLECTUAL_PROPERTY_INFRINGEMENTS,,LT,,,,,,,,,,,,,,
All,Manufacturer Center,2025-07-01/2025-12-31,KEYWORD_COPYRIGHT_INFRINGEMENT,,LT,,,,,,,,,,,,,,
All,Manufacturer Center,2025-07-01/2025-12-31,KEYWORD_DESIGN_INFRINGEMENT,,LT,,,,,,,,,,,,,,
All,Manufacturer Center,2025-07-01/2025-12-31,KEYWORD_GEOGRAPHIC_INDICATIONS_INFRINGEMENT,,LT,,,,,,,,,,,,,,
All,Manufacturer Center,2025-07-01/2025-12-31,KEYWORD_PATENT_INFRINGEMENT,,LT,,,,,,,,,,,,,,
All,Manufacturer Center,2025-07-01/2025-12-31,KEYWORD_TRADE_SECRET_INFRINGEMENT,,LT,,,,,,,,,,,,,,
All,Manufacturer Center,2025-07-01/2025-12-31,KEYWORD_TRADEMARK_INFRINGEMENT,,LT,,,,,,,,,,,,,,
All,Manufacturer Center,2025-07-01/2025-12-31,KEYWORD_OTHER,CIRCUMVENTION,LT,,,,,,,,,,,,,,
All,Manufacturer Center,2025-07-01/2025-12-31,KEYWORD_OTHER,INTELLECTUAL PROPERTY,LT,,,,,,,,,,,,,,
All,Manufacturer Center,2025-07-01/2025-12-31,STATEMENT_CATEGORY_NEGATIVE_EFFECTS_ON_CIVIC_DISCOURSE_OR_ELECTIONS,,LT,,,,,,,,,,,,,,
All,Manufacturer Center,2025-07-01/2025-12-31,KEYWORD_MISINFORMATION_DISINFORMATION,,LT,,,,,,,,,,,,,,
All,Manufacturer Center,2025-07-01/2025-12-31,KEYWORD_VIOLATION_EU_LAW,,LT,,,,,,,,,,,,,,
All,Manufacturer Center,2025-07-01/2025-12-31,KEYWORD_VIOLATION_NATIONAL_LAW,,LT,,,,,,,,,,,,,,
All,Manufacturer Center,2025-07-01/2025-12-31,KEYWORD_OTHER,ELECTORAL,LT,,,,,,,,,,,,,,
All,Manufacturer Center,2025-07-01/2025-12-31,KEYWORD_OTHER,HACKED_POLITICAL_MATERIALS,LT,,,,,,,,,,,,,,
All,Manufacturer Center,2025-07-01/2025-12-31,KEYWORD_OTHER,POLITICAL_CONTENT,LT,,,,,,,,,,,,,,
All,Manufacturer Center,2025-07-01/2025-12-31,KEYWORD_OTHER,SOCIAL_STABILITY,LT,,,,,,,,,,,,,,
All,Manufacturer Center,2025-07-01/2025-12-31,KEYWORD_OTHER,SOCIETAL_VALUES,LT,,,,,,,,,,,,,,
All,Manufacturer Center,2025-07-01/2025-12-31,STATEMENT_CATEGORY_PROTECTION_OF_MINORS,,LT,,,,,,,,,,,,,,
All,Manufacturer Center,2025-07-01/2025-12-31,KEYWORD_AGE_SPECIFIC_RESTRICTIONS_MINORS,,LT,,,,,,,,,,,,,,
All,Manufacturer Center,2025-07-01/2025-12-31,KEYWORD_CHILD_SEXUAL_ABUSE_MATERIAL,,LT,,,,,,,,,,,,,,
All,Manufacturer Center,2025-07-01/2025-12-31,KEYWORD_CHILD_SEXUAL_ABUSE_MATERIAL_DEEPFAKE,,LT,,,,,,,,,,,,,,
All,Manufacturer Center,2025-07-01/2025-12-31,KEYWORD_GROOMING_SEXUAL_ENTICEMENT_MINORS,,LT,,,,,,,,,,,,,,
All,Manufacturer Center,2025-07-01/2025-12-31,KEYWORD_UNSAFE_CHALLENGES,,LT,,,,,,,,,,,,,,
All,Manufacturer Center,2025-07-01/2025-12-31,KEYWORD_OTHER,CHILD_ENDANGERMENT,LT,,,,,,,,,,,,,,
All,Manufacturer Center,2025-07-01/2025-12-31,KEYWORD_OTHER,CHILD_SAFETY,LT,,,,,,,,,,,,,,
All,Manufacturer Center,2025-07-01/2025-12-31,KEYWORD_OTHER,HARMFUL_OR_DANGEROUS_ACTS_CHALLENGES_AND_PRANKS,LT,,,,,,,,,,,,,,
All,Manufacturer Center,2025-07-01/2025-12-31,KEYWORD_OTHER,KNOWN_SERIES,LT,,,,,,,,,,,,,,
All,Manufacturer Center,2025-07-01/2025-12-31,KEYWORD_OTHER,PROTECTION_OF_MINORS,LT,,,,,,,,,,,,,,
All,Manufacturer Center,2025-07-01/2025-12-31,KEYWORD_OTHER,UNAUTHORIZED_IMAGE_OF_MINORS,LT,,,,,,,,,,,,,,
All,Manufacturer Center,2025-07-01/2025-12-31,STATEMENT_CATEGORY_RISK_FOR_PUBLIC_SECURITY,,LT,,,,,,,,,,,,,,
All,Manufacturer Center,2025-07-01/2025-12-31,KEYWORD_ILLEGAL_ORGANIZATIONS,,LT,,,,,,,,,,,,,,
All,Manufacturer Center,2025-07-01/2025-12-31,KEYWORD_RISK_ENVIRONMENTAL_DAMAGE,,LT,,,,,,,,,,,,,,
All,Manufacturer Center,2025-07-01/2025-12-31,KEYWORD_RISK_PUBLIC_HEALTH,,LT,,,,,,,,,,,,,,
All,Manufacturer Center,2025-07-01/2025-12-31,KEYWORD_TERRORIST_CONTENT,,LT,,,,,,,,,,,,,,
All,Manufacturer Center,2025-07-01/2025-12-31,KEYWORD_OTHER,COURT_ORDER,LT,,,,,,,,,,,,,,
All,Manufacturer Center,2025-07-01/2025-12-31,KEYWORD_OTHER,RISK_FOR_PUBLIC_SECURITY,LT,,,,,,,,,,,,,,
All,Manufacturer Center,2025-07-01/2025-12-31,KEYWORD_OTHER,SENSITIVE_EVENTS,LT,,,,,,,,,,,,,,
All,Manufacturer Center,2025-07-01/2025-12-31,KEYWORD_OTHER,VIOLENT_EXTREMISM,LT,,,,,,,,,,,,,,
All,Manufacturer Center,2025-07-01/2025-12-31,KEYWORD_OTHER,WRONGFUL_OR_UNAUTHORIZED_USE_OF_SYMBOLS,LT,,,,,,,,,,,,,,
All,Manufacturer Center,2025-07-01/2025-12-31,STATEMENT_CATEGORY_SCAMS_AND_FRAUD,,LT,,,,,,,,,,,,,,
All,Manufacturer Center,2025-07-01/2025-12-31,KEYWORD_IMPERSONATION_ACCOUNT_HIJACKING,,LT,,,,,,,,,,,,,,
All,Manufacturer Center,2025-07-01/2025-12-31,KEYWORD_INAUTHENTIC_ACCOUNTS,,LT,,,,,,,,,,,,,,
All,Manufacturer Center,2025-07-01/2025-12-31,KEYWORD_INAUTHENTIC_LISTINGS,,LT,,,,,,,,,,,,,,
All,Manufacturer Center,2025-07-01/2025-12-31,KEYWORD_INAUTHENTIC_USER_REVIEWS,,LT,,,,,,,,,,,,,,
All,Manufacturer Center,2025-07-01/2025-12-31,KEYWORD_PHISHING,,LT,,,,,,,,,,,,,,
All,Manufacturer Center,2025-07-01/2025-12-31,KEYWORD_PYRAMID_SCHEMES,,LT,,,,,,,,,,,,,,
All,Manufacturer Center,2025-07-01/2025-12-31,KEYWORD_OTHER,AD_FRAUD_POLICY,LT,,,,,,,,,,,,,,
All,Manufacturer Center,2025-07-01/2025-12-31,KEYWORD_OTHER,ENCOURAGEMENT_OF_DIGITAL_SECURITY_OR_TERMS_OF_SERVICE_VIOLATIONS,LT,,,,,,,,,,,,,,
All,Manufacturer Center,2025-07-01/2025-12-31,KEYWORD_OTHER,FRAUD,LT,,,,,,,,,,,,,,
All,Manufacturer Center,2025-07-01/2025-12-31,KEYWORD_OTHER,MALWARE,LT,,,,,,,,,,,,,,
All,Manufacturer Center,2025-07-01/2025-12-31,KEYWORD_OTHER,MALWARE_AND_PHISHING,LT,,,,,,,,,,,,,,
All,Manufacturer Center,2025-07-01/2025-12-31,KEYWORD_OTHER,MALWARE_AND_SYSTEM_CIRCUMVENTION,LT,,,,,,,,,,,,,,
All,Manufacturer Center,2025-07-01/2025-12-31,KEYWORD_OTHER,MISREPRESENTATION,LT,,,,,,,,,,,,,,
All,Manufacturer Center,2025-07-01/2025-12-31,KEYWORD_OTHER,SCAMS,LT,,,,,,,,,,,,,,
All,Manufacturer Center,2025-07-01/2025-12-31,KEYWORD_OTHER,SOCIAL_ENGINEERING_TACTICS,LT,,,,,,,,,,,,,,
All,Manufacturer Center,2025-07-01/2025-12-31,STATEMENT_CATEGORY_SELF_HARM,,LT,,,,,,,,,,,,,,
All,Manufacturer Center,2025-07-01/2025-12-31,KEYWORD_CONTENT_PROMOTING_EATING_DISORDERS,,LT,,,,,,,,,,,,,,
All,Manufacturer Center,2025-07-01/2025-12-31,KEYWORD_SELF_MUTILATION,,LT,,,,,,,,,,,,,,
All,Manufacturer Center,2025-07-01/2025-12-31,KEYWORD_SUICIDE,,LT,,,,,,,,,,,,,,
All,Manufacturer Center,2025-07-01/2025-12-31,KEYWORD_OTHER,SELF_HARM,LT,,,,,,,,,,,,,,
All,Manufacturer Center,2025-07-01/2025-12-31,KEYWORD_OTHER,SUICIDE_AND_SELF_HARM,LT,,,,,,,,,,,,,,
All,Manufacturer Center,2025-07-01/2025-12-31,STATEMENT_CATEGORY_UNSAFE_AND_PROHIBITED_PRODUCTS,,LT,,,,,,,,,,,,,,
All,Manufacturer Center,2025-07-01/2025-12-31,KEYWORD_PROHIBITED_PRODUCTS,,LT,,,,,,,,,,,,,,
All,Manufacturer Center,2025-07-01/2025-12-31,KEYWORD_UNSAFE_PRODUCTS,,LT,,,,,,,,,,,,,,
All,Manufacturer Center,2025-07-01/2025-12-31,KEYWORD_OTHER,COURT_ORDER,LT,,,,,,,,,,,,,,
All,Manufacturer Center,2025-07-01/2025-12-31,KEYWORD_OTHER,ENABLING_DISHONEST_BEHAVIOR,LT,,,,,,,,,,,,,,
All,Manufacturer Center,2025-07-01/2025-12-31,KEYWORD_OTHER,FIREARMS_AND_ILLEGAL_REGULATED_GOODS_OR_SERVICES,LT,,,,,,,,,,,,,,
All,Manufacturer Center,2025-07-01/2025-12-31,KEYWORD_OTHER,OTHER_LEGAL_NOTICES_OR_ORDERS,LT,,,,,,,,,,,,,,
All,Manufacturer Center,2025-07-01/2025-12-31,KEYWORD_OTHER,UNAUTHORIZED_PHARMACIES,LT,,,,,,,,,,,,,,
All,Manufacturer Center,2025-07-01/2025-12-31,STATEMENT_CATEGORY_VIOLENCE,,LT,,,,,,,,,,,,,,
All,Manufacturer Center,2025-07-01/2025-12-31,KEYWORD_COORDINATED_HARM,,LT,,,,,,,,,,,,,,
All,Manufacturer Center,2025-07-01/2025-12-31,KEYWORD_INCITEMENT_VIOLENCE_HATRED,,LT,,,,,,,,,,,,,,
All,Manufacturer Center,2025-07-01/2025-12-31,KEYWORD_HUMAN_EXPLOITATION,,LT,,,,,,,,,,,,,,
All,Manufacturer Center,2025-07-01/2025-12-31,KEYWORD_HUMAN_TRAFFICKING,,LT,,,,,,,,,,,,,,
All,Manufacturer Center,2025-07-01/2025-12-31,KEYWORD_TRAFFICKING_WOMEN_GIRLS,,LT,,,,,,,,,,,,,,
All,Manufacturer Center,2025-07-01/2025-12-31,KEYWORD_OTHER,DEPICTION_OF VIOLENCE,LT,,,,,,,,,,,,,,
All,Manufacturer Center,2025-07-01/2025-12-31,KEYWORD_OTHER,SHOCKING_CONTENT,LT,,,,,,,,,,,,,,
All,Manufacturer Center,2025-07-01/2025-12-31,KEYWORD_OTHER,VIOLENT_OR_GRAPHIC_CONTENT,LT,,,,,,,,,,,,,,
All,Manufacturer Center,2025-07-01/2025-12-31,STATEMENT_CATEGORY_NOT_SPECIFIED_ORDER,,LT,,,,,,,,,,,,,,
All,Manufacturer Center,2025-07-01/2025-12-31,TOTAL,,LU,,,,,,,,,,,,,,
All,Manufacturer Center,2025-07-01/2025-12-31,STATEMENT_CATEGORY_ANIMAL_WELFARE,,LU,,,,,,,,,,,,,,
All,Manufacturer Center,2025-07-01/2025-12-31,KEYWORD_ANIMAL_HARM,,LU,,,,,,,,,,,,,,
All,Manufacturer Center,2025-07-01/2025-12-31,KEYWORD_UNLAWFUL_SALE_ANIMALS,,LU,,,,,,,,,,,,,,
All,Manufacturer Center,2025-07-01/2025-12-31,KEYWORD_OTHER,ANIMAL_CRUELTY,LU,,,,,,,,,,,,,,
All,Manufacturer Center,2025-07-01/2025-12-31,KEYWORD_OTHER,ANIMAL_HARM_AND_UNLAWFUL_SALE,LU,,,,,,,,,,,,,,
All,Manufacturer Center,2025-07-01/2025-12-31,STATEMENT_CATEGORY_CONSUMER_INFORMATION,,LU,,,,,,,,,,,,,,
All,Manufacturer Center,2025-07-01/2025-12-31,KEYWORD_HIDDEN_ADVERTISEMENT,,LU,,,,,,,,,,,,,,
All,Manufacturer Center,2025-07-01/2025-12-31,KEYWORD_INSUFFICIENT_INFORMATION_ON_TRADERS,,LU,,,,,,,,,,,,,,
All,Manufacturer Center,2025-07-01/2025-12-31,KEYWORD_MISLEADING_INFO_GOODS_SERVICES,,LU,,,,,,,,,,,,,,
All,Manufacturer Center,2025-07-01/2025-12-31,KEYWORD_MISLEADING_INFO_CONSUMER_RIGHTS,,LU,,,,,,,,,,,,,,
All,Manufacturer Center,2025-07-01/2025-12-31,KEYWORD_NONCOMPLIANCE_PRICING,,LU,,,,,,,,,,,,,,
All,Manufacturer Center,2025-07-01/2025-12-31,KEYWORD_OTHER,CONSUMER_PROTECTION,LU,,,,,,,,,,,,,,
All,Manufacturer Center,2025-07-01/2025-12-31,KEYWORD_OTHER,MISREPRESENTATION,LU,,,,,,,,,,,,,,
All,Manufacturer Center,2025-07-01/2025-12-31,STATEMENT_CATEGORY_CYBER_VIOLENCE,,LU,,,,,,,,,,,,,,
All,Manufacturer Center,2025-07-01/2025-12-31,KEYWORD_CYBER_BULLYING_INTIMIDATION,,LU,,,,,,,,,,,,,,
All,Manufacturer Center,2025-07-01/2025-12-31,KEYWORD_CYBER_HARASSMENT,,LU,,,,,,,,,,,,,,
All,Manufacturer Center,2025-07-01/2025-12-31,KEYWORD_CYBER_INCITEMENT,,LU,,,,,,,,,,,,,,
All,Manufacturer Center,2025-07-01/2025-12-31,KEYWORD_CYBER_STALKING,,LU,,,,,,,,,,,,,,
All,Manufacturer Center,2025-07-01/2025-12-31,KEYWORD_NON_CONSENSUAL_IMAGE_SHARING,,LU,,,,,,,,,,,,,,
All,Manufacturer Center,2025-07-01/2025-12-31,KEYWORD_NON_CONSENSUAL_MATERIAL_DEEPFAKE,,LU,,,,,,,,,,,,,,
All,Manufacturer Center,2025-07-01/2025-12-31,KEYWORD_OTHER,DOXING,LU,,,,,,,,,,,,,,
All,Manufacturer Center,2025-07-01/2025-12-31,KEYWORD_OTHER,HARASSMENT,LU,,,,,,,,,,,,,,
All,Manufacturer Center,2025-07-01/2025-12-31,KEYWORD_OTHER,HARASSMENT_AND_CYBERBULLYING,LU,,,,,,,,,,,,,,
All,Manufacturer Center,2025-07-01/2025-12-31,KEYWORD_OTHER,HARMFUL_ACTIVITIES,LU,,,,,,,,,,,,,,
All,Manufacturer Center,2025-07-01/2025-12-31,KEYWORD_OTHER,SEXUAL_HARASSMENT,LU,,,,,,,,,,,,,,
All,Manufacturer Center,2025-07-01/2025-12-31,KEYWORD_OTHER,OBSCENITY_OR_PORNOGRAPHY,LU,,,,,,,,,,,,,,
All,Manufacturer Center,2025-07-01/2025-12-31,KEYWORD_OTHER,UNSAFE_CONTENT,LU,,,,,,,,,,,,,,
All,Manufacturer Center,2025-07-01/2025-12-31,STATEMENT_CATEGORY_CYBER_VIOLENCE_AGAINST_WOMEN,,LU,,,,,,,,,,,,,,
All,Manufacturer Center,2025-07-01/2025-12-31,KEYWORD_BULLYING_AGAINST_GIRLS,,LU,,,,,,,,,,,,,,
All,Manufacturer Center,2025-07-01/2025-12-31,KEYWORD_CYBER_HARASSMENT_AGAINST_WOMEN,,LU,,,,,,,,,,,,,,
All,Manufacturer Center,2025-07-01/2025-12-31,KEYWORD_CYBER_STALKING_AGAINST_WOMEN,,LU,,,,,,,,,,,,,,
All,Manufacturer Center,2025-07-01/2025-12-31,KEYWORD_FEMALE_GENDERED_DISINFORMATION,,LU,,,,,,,,,,,,,,
All,Manufacturer Center,2025-07-01/2025-12-31,KEYWORD_INCITEMENT_AGAINST_WOMEN,,LU,,,,,,,,,,,,,,
All,Manufacturer Center,2025-07-01/2025-12-31,KEYWORD_NON_CONSENSUAL_IMAGE_SHARING_AGAINST_WOMEN,,LU,,,,,,,,,,,,,,
All,Manufacturer Center,2025-07-01/2025-12-31,KEYWORD_NON_CONSENSUAL_MATERIAL_DEEPFAKE_AGAINST_WOMEN,,LU,,,,,,,,,,,,,,
All,Manufacturer Center,2025-07-01/2025-12-31,KEYWORD_OTHER,"Text to detail the ""Other"" keyword.",LU,,,,,,,,,,,,,,
All,Manufacturer Center,2025-07-01/2025-12-31,STATEMENT_CATEGORY_DATA_PROTECTION_AND_PRIVACY_VIOLATIONS,,LU,,,,,,,,,,,,,,
All,Manufacturer Center,2025-07-01/2025-12-31,KEYWORD_BIOMETRIC_DATA_BREACH,,LU,,,,,,,,,,,,,,
All,Manufacturer Center,2025-07-01/2025-12-31,KEYWORD_DATA_FALSIFICATION,,LU,,,,,,,,,,,,,,
All,Manufacturer Center,2025-07-01/2025-12-31,KEYWORD_MISSING_PROCESSING_GROUND,,LU,,,,,,,,,,,,,,
All,Manufacturer Center,2025-07-01/2025-12-31,KEYWORD_RIGHT_TO_BE_FORGOTTEN,,LU,,,,,,,,,,,,,,
All,Manufacturer Center,2025-07-01/2025-12-31,KEYWORD_OTHER,DATA_COLLECTION_AND_USE,LU,,,,,,,,,,,,,,
All,Manufacturer Center,2025-07-01/2025-12-31,KEYWORD_OTHER,DISCLOSURE_AND_CONSENT_PRACTICES,LU,,,,,,,,,,,,,,
All,Manufacturer Center,2025-07-01/2025-12-31,KEYWORD_OTHER,GDPR,LU,,,,,,,,,,,,,,
All,Manufacturer Center,2025-07-01/2025-12-31,KEYWORD_OTHER,PERSONAL_INFORMATION,LU,,,,,,,,,,,,,,
All,Manufacturer Center,2025-07-01/2025-12-31,KEYWORD_OTHER,PERSONAL_RIGHTS,LU,,,,,,,,,,,,,,
All,Manufacturer Center,2025-07-01/2025-12-31,KEYWORD_OTHER,PERSONALIZED_ADVERTISING,LU,,,,,,,,,,,,,,
All,Manufacturer Center,2025-07-01/2025-12-31,KEYWORD_OTHER,PRIVACY,LU,,,,,,,,,,,,,,
All,Manufacturer Center,2025-07-01/2025-12-31,KEYWORD_OTHER,PRIVACY_POLICY,LU,,,,,,,,,,,,,,
All,Manufacturer Center,2025-07-01/2025-12-31,KEYWORD_OTHER,UNSECURE_DATA_HANDLING,LU,,,,,,,,,,,,,,
All,Manufacturer Center,2025-07-01/2025-12-31,STATEMENT_CATEGORY_ILLEGAL_OR_HARMFUL_SPEECH,,LU,,,,,,,,,,,,,,
All,Manufacturer Center,2025-07-01/2025-12-31,KEYWORD_DEFAMATION,,LU,,,,,,,,,,,,,,
All,Manufacturer Center,2025-07-01/2025-12-31,KEYWORD_DISCRIMINATION,,LU,,,,,,,,,,,,,,
All,Manufacturer Center,2025-07-01/2025-12-31,KEYWORD_HATE_SPEECH,,LU,,,,,,,,,,,,,,
All,Manufacturer Center,2025-07-01/2025-12-31,KEYWORD_OTHER,HATEFUL_OR_ABUSIVE,LU,,,,,,,,,,,,,,
All,Manufacturer Center,2025-07-01/2025-12-31,KEYWORD_OTHER,ILLEGAL_OR_HARMFUL_SPEECH,LU,,,,,,,,,,,,,,
All,Manufacturer Center,2025-07-01/2025-12-31,KEYWORD_OTHER,OBSCENITY_AND_PROFANITY,LU,,,,,,,,,,,,,,
All,Manufacturer Center,2025-07-01/2025-12-31,KEYWORD_OTHER,OFFENSIVE_CONTENT,LU,,,,,,,,,,,,,,
All,Manufacturer Center,2025-07-01/2025-12-31,KEYWORD_OTHER,UNSAFE_CONTENT,LU,,,,,,,,,,,,,,
All,Manufacturer Center,2025-07-01/2025-12-31,STATEMENT_CATEGORY_INTELLECTUAL_PROPERTY_INFRINGEMENTS,,LU,,,,,,,,,,,,,,
All,Manufacturer Center,2025-07-01/2025-12-31,KEYWORD_COPYRIGHT_INFRINGEMENT,,LU,,,,,,,,,,,,,,
All,Manufacturer Center,2025-07-01/2025-12-31,KEYWORD_DESIGN_INFRINGEMENT,,LU,,,,,,,,,,,,,,
All,Manufacturer Center,2025-07-01/2025-12-31,KEYWORD_GEOGRAPHIC_INDICATIONS_INFRINGEMENT,,LU,,,,,,,,,,,,,,
All,Manufacturer Center,2025-07-01/2025-12-31,KEYWORD_PATENT_INFRINGEMENT,,LU,,,,,,,,,,,,,,
All,Manufacturer Center,2025-07-01/2025-12-31,KEYWORD_TRADE_SECRET_INFRINGEMENT,,LU,,,,,,,,,,,,,,
All,Manufacturer Center,2025-07-01/2025-12-31,KEYWORD_TRADEMARK_INFRINGEMENT,,LU,,,,,,,,,,,,,,
All,Manufacturer Center,2025-07-01/2025-12-31,KEYWORD_OTHER,CIRCUMVENTION,LU,,,,,,,,,,,,,,
All,Manufacturer Center,2025-07-01/2025-12-31,KEYWORD_OTHER,INTELLECTUAL PROPERTY,LU,,,,,,,,,,,,,,
All,Manufacturer Center,2025-07-01/2025-12-31,STATEMENT_CATEGORY_NEGATIVE_EFFECTS_ON_CIVIC_DISCOURSE_OR_ELECTIONS,,LU,,,,,,,,,,,,,,
All,Manufacturer Center,2025-07-01/2025-12-31,KEYWORD_MISINFORMATION_DISINFORMATION,,LU,,,,,,,,,,,,,,
All,Manufacturer Center,2025-07-01/2025-12-31,KEYWORD_VIOLATION_EU_LAW,,LU,,,,,,,,,,,,,,
All,Manufacturer Center,2025-07-01/2025-12-31,KEYWORD_VIOLATION_NATIONAL_LAW,,LU,,,,,,,,,,,,,,
All,Manufacturer Center,2025-07-01/2025-12-31,KEYWORD_OTHER,ELECTORAL,LU,,,,,,,,,,,,,,
All,Manufacturer Center,2025-07-01/2025-12-31,KEYWORD_OTHER,HACKED_POLITICAL_MATERIALS,LU,,,,,,,,,,,,,,
All,Manufacturer Center,2025-07-01/2025-12-31,KEYWORD_OTHER,POLITICAL_CONTENT,LU,,,,,,,,,,,,,,
All,Manufacturer Center,2025-07-01/2025-12-31,KEYWORD_OTHER,SOCIAL_STABILITY,LU,,,,,,,,,,,,,,
All,Manufacturer Center,2025-07-01/2025-12-31,KEYWORD_OTHER,SOCIETAL_VALUES,LU,,,,,,,,,,,,,,
All,Manufacturer Center,2025-07-01/2025-12-31,STATEMENT_CATEGORY_PROTECTION_OF_MINORS,,LU,,,,,,,,,,,,,,
All,Manufacturer Center,2025-07-01/2025-12-31,KEYWORD_AGE_SPECIFIC_RESTRICTIONS_MINORS,,LU,,,,,,,,,,,,,,
All,Manufacturer Center,2025-07-01/2025-12-31,KEYWORD_CHILD_SEXUAL_ABUSE_MATERIAL,,LU,,,,,,,,,,,,,,
All,Manufacturer Center,2025-07-01/2025-12-31,KEYWORD_CHILD_SEXUAL_ABUSE_MATERIAL_DEEPFAKE,,LU,,,,,,,,,,,,,,
All,Manufacturer Center,2025-07-01/2025-12-31,KEYWORD_GROOMING_SEXUAL_ENTICEMENT_MINORS,,LU,,,,,,,,,,,,,,
All,Manufacturer Center,2025-07-01/2025-12-31,KEYWORD_UNSAFE_CHALLENGES,,LU,,,,,,,,,,,,,,
All,Manufacturer Center,2025-07-01/2025-12-31,KEYWORD_OTHER,CHILD_ENDANGERMENT,LU,,,,,,,,,,,,,,
All,Manufacturer Center,2025-07-01/2025-12-31,KEYWORD_OTHER,CHILD_SAFETY,LU,,,,,,,,,,,,,,
All,Manufacturer Center,2025-07-01/2025-12-31,KEYWORD_OTHER,HARMFUL_OR_DANGEROUS_ACTS_CHALLENGES_AND_PRANKS,LU,,,,,,,,,,,,,,
All,Manufacturer Center,2025-07-01/2025-12-31,KEYWORD_OTHER,KNOWN_SERIES,LU,,,,,,,,,,,,,,
All,Manufacturer Center,2025-07-01/2025-12-31,KEYWORD_OTHER,PROTECTION_OF_MINORS,LU,,,,,,,,,,,,,,
All,Manufacturer Center,2025-07-01/2025-12-31,KEYWORD_OTHER,UNAUTHORIZED_IMAGE_OF_MINORS,LU,,,,,,,,,,,,,,
All,Manufacturer Center,2025-07-01/2025-12-31,STATEMENT_CATEGORY_RISK_FOR_PUBLIC_SECURITY,,LU,,,,,,,,,,,,,,
All,Manufacturer Center,2025-07-01/2025-12-31,KEYWORD_ILLEGAL_ORGANIZATIONS,,LU,,,,,,,,,,,,,,
All,Manufacturer Center,2025-07-01/2025-12-31,KEYWORD_RISK_ENVIRONMENTAL_DAMAGE,,LU,,,,,,,,,,,,,,
All,Manufacturer Center,2025-07-01/2025-12-31,KEYWORD_RISK_PUBLIC_HEALTH,,LU,,,,,,,,,,,,,,
All,Manufacturer Center,2025-07-01/2025-12-31,KEYWORD_TERRORIST_CONTENT,,LU,,,,,,,,,,,,,,
All,Manufacturer Center,2025-07-01/2025-12-31,KEYWORD_OTHER,COURT_ORDER,LU,,,,,,,,,,,,,,
All,Manufacturer Center,2025-07-01/2025-12-31,KEYWORD_OTHER,RISK_FOR_PUBLIC_SECURITY,LU,,,,,,,,,,,,,,
All,Manufacturer Center,2025-07-01/2025-12-31,KEYWORD_OTHER,SENSITIVE_EVENTS,LU,,,,,,,,,,,,,,
All,Manufacturer Center,2025-07-01/2025-12-31,KEYWORD_OTHER,VIOLENT_EXTREMISM,LU,,,,,,,,,,,,,,
All,Manufacturer Center,2025-07-01/2025-12-31,KEYWORD_OTHER,WRONGFUL_OR_UNAUTHORIZED_USE_OF_SYMBOLS,LU,,,,,,,,,,,,,,
All,Manufacturer Center,2025-07-01/2025-12-31,STATEMENT_CATEGORY_SCAMS_AND_FRAUD,,LU,,,,,,,,,,,,,,
All,Manufacturer Center,2025-07-01/2025-12-31,KEYWORD_IMPERSONATION_ACCOUNT_HIJACKING,,LU,,,,,,,,,,,,,,
All,Manufacturer Center,2025-07-01/2025-12-31,KEYWORD_INAUTHENTIC_ACCOUNTS,,LU,,,,,,,,,,,,,,
All,Manufacturer Center,2025-07-01/2025-12-31,KEYWORD_INAUTHENTIC_LISTINGS,,LU,,,,,,,,,,,,,,
All,Manufacturer Center,2025-07-01/2025-12-31,KEYWORD_INAUTHENTIC_USER_REVIEWS,,LU,,,,,,,,,,,,,,
All,Manufacturer Center,2025-07-01/2025-12-31,KEYWORD_PHISHING,,LU,,,,,,,,,,,,,,
All,Manufacturer Center,2025-07-01/2025-12-31,KEYWORD_PYRAMID_SCHEMES,,LU,,,,,,,,,,,,,,
All,Manufacturer Center,2025-07-01/2025-12-31,KEYWORD_OTHER,AD_FRAUD_POLICY,LU,,,,,,,,,,,,,,
All,Manufacturer Center,2025-07-01/2025-12-31,KEYWORD_OTHER,ENCOURAGEMENT_OF_DIGITAL_SECURITY_OR_TERMS_OF_SERVICE_VIOLATIONS,LU,,,,,,,,,,,,,,
All,Manufacturer Center,2025-07-01/2025-12-31,KEYWORD_OTHER,FRAUD,LU,,,,,,,,,,,,,,
All,Manufacturer Center,2025-07-01/2025-12-31,KEYWORD_OTHER,MALWARE,LU,,,,,,,,,,,,,,
All,Manufacturer Center,2025-07-01/2025-12-31,KEYWORD_OTHER,MALWARE_AND_PHISHING,LU,,,,,,,,,,,,,,
All,Manufacturer Center,2025-07-01/2025-12-31,KEYWORD_OTHER,MALWARE_AND_SYSTEM_CIRCUMVENTION,LU,,,,,,,,,,,,,,
All,Manufacturer Center,2025-07-01/2025-12-31,KEYWORD_OTHER,MISREPRESENTATION,LU,,,,,,,,,,,,,,
All,Manufacturer Center,2025-07-01/2025-12-31,KEYWORD_OTHER,SCAMS,LU,,,,,,,,,,,,,,
All,Manufacturer Center,2025-07-01/2025-12-31,KEYWORD_OTHER,SOCIAL_ENGINEERING_TACTICS,LU,,,,,,,,,,,,,,
All,Manufacturer Center,2025-07-01/2025-12-31,STATEMENT_CATEGORY_SELF_HARM,,LU,,,,,,,,,,,,,,
All,Manufacturer Center,2025-07-01/2025-12-31,KEYWORD_CONTENT_PROMOTING_EATING_DISORDERS,,LU,,,,,,,,,,,,,,
All,Manufacturer Center,2025-07-01/2025-12-31,KEYWORD_SELF_MUTILATION,,LU,,,,,,,,,,,,,,
All,Manufacturer Center,2025-07-01/2025-12-31,KEYWORD_SUICIDE,,LU,,,,,,,,,,,,,,
All,Manufacturer Center,2025-07-01/2025-12-31,KEYWORD_OTHER,SELF_HARM,LU,,,,,,,,,,,,,,
All,Manufacturer Center,2025-07-01/2025-12-31,KEYWORD_OTHER,SUICIDE_AND_SELF_HARM,LU,,,,,,,,,,,,,,
All,Manufacturer Center,2025-07-01/2025-12-31,STATEMENT_CATEGORY_UNSAFE_AND_PROHIBITED_PRODUCTS,,LU,,,,,,,,,,,,,,
All,Manufacturer Center,2025-07-01/2025-12-31,KEYWORD_PROHIBITED_PRODUCTS,,LU,,,,,,,,,,,,,,
All,Manufacturer Center,2025-07-01/2025-12-31,KEYWORD_UNSAFE_PRODUCTS,,LU,,,,,,,,,,,,,,
All,Manufacturer Center,2025-07-01/2025-12-31,KEYWORD_OTHER,COURT_ORDER,LU,,,,,,,,,,,,,,
All,Manufacturer Center,2025-07-01/2025-12-31,KEYWORD_OTHER,ENABLING_DISHONEST_BEHAVIOR,LU,,,,,,,,,,,,,,
All,Manufacturer Center,2025-07-01/2025-12-31,KEYWORD_OTHER,FIREARMS_AND_ILLEGAL_REGULATED_GOODS_OR_SERVICES,LU,,,,,,,,,,,,,,
All,Manufacturer Center,2025-07-01/2025-12-31,KEYWORD_OTHER,OTHER_LEGAL_NOTICES_OR_ORDERS,LU,,,,,,,,,,,,,,
All,Manufacturer Center,2025-07-01/2025-12-31,KEYWORD_OTHER,UNAUTHORIZED_PHARMACIES,LU,,,,,,,,,,,,,,
All,Manufacturer Center,2025-07-01/2025-12-31,STATEMENT_CATEGORY_VIOLENCE,,LU,,,,,,,,,,,,,,
All,Manufacturer Center,2025-07-01/2025-12-31,KEYWORD_COORDINATED_HARM,,LU,,,,,,,,,,,,,,
All,Manufacturer Center,2025-07-01/2025-12-31,KEYWORD_INCITEMENT_VIOLENCE_HATRED,,LU,,,,,,,,,,,,,,
All,Manufacturer Center,2025-07-01/2025-12-31,KEYWORD_HUMAN_EXPLOITATION,,LU,,,,,,,,,,,,,,
All,Manufacturer Center,2025-07-01/2025-12-31,KEYWORD_HUMAN_TRAFFICKING,,LU,,,,,,,,,,,,,,
All,Manufacturer Center,2025-07-01/2025-12-31,KEYWORD_TRAFFICKING_WOMEN_GIRLS,,LU,,,,,,,,,,,,,,
All,Manufacturer Center,2025-07-01/2025-12-31,KEYWORD_OTHER,DEPICTION_OF VIOLENCE,LU,,,,,,,,,,,,,,
All,Manufacturer Center,2025-07-01/2025-12-31,KEYWORD_OTHER,SHOCKING_CONTENT,LU,,,,,,,,,,,,,,
All,Manufacturer Center,2025-07-01/2025-12-31,KEYWORD_OTHER,VIOLENT_OR_GRAPHIC_CONTENT,LU,,,,,,,,,,,,,,
All,Manufacturer Center,2025-07-01/2025-12-31,STATEMENT_CATEGORY_NOT_SPECIFIED_ORDER,,LU,,,,,,,,,,,,,,
All,Manufacturer Center,2025-07-01/2025-12-31,TOTAL,,MT,,,,,,,,,,,,,,
All,Manufacturer Center,2025-07-01/2025-12-31,STATEMENT_CATEGORY_ANIMAL_WELFARE,,MT,,,,,,,,,,,,,,
All,Manufacturer Center,2025-07-01/2025-12-31,KEYWORD_ANIMAL_HARM,,MT,,,,,,,,,,,,,,
All,Manufacturer Center,2025-07-01/2025-12-31,KEYWORD_UNLAWFUL_SALE_ANIMALS,,MT,,,,,,,,,,,,,,
All,Manufacturer Center,2025-07-01/2025-12-31,KEYWORD_OTHER,ANIMAL_CRUELTY,MT,,,,,,,,,,,,,,
All,Manufacturer Center,2025-07-01/2025-12-31,KEYWORD_OTHER,ANIMAL_HARM_AND_UNLAWFUL_SALE,MT,,,,,,,,,,,,,,
All,Manufacturer Center,2025-07-01/2025-12-31,STATEMENT_CATEGORY_CONSUMER_INFORMATION,,MT,,,,,,,,,,,,,,
All,Manufacturer Center,2025-07-01/2025-12-31,KEYWORD_HIDDEN_ADVERTISEMENT,,MT,,,,,,,,,,,,,,
All,Manufacturer Center,2025-07-01/2025-12-31,KEYWORD_INSUFFICIENT_INFORMATION_ON_TRADERS,,MT,,,,,,,,,,,,,,
All,Manufacturer Center,2025-07-01/2025-12-31,KEYWORD_MISLEADING_INFO_GOODS_SERVICES,,MT,,,,,,,,,,,,,,
All,Manufacturer Center,2025-07-01/2025-12-31,KEYWORD_MISLEADING_INFO_CONSUMER_RIGHTS,,MT,,,,,,,,,,,,,,
All,Manufacturer Center,2025-07-01/2025-12-31,KEYWORD_NONCOMPLIANCE_PRICING,,MT,,,,,,,,,,,,,,
All,Manufacturer Center,2025-07-01/2025-12-31,KEYWORD_OTHER,CONSUMER_PROTECTION,MT,,,,,,,,,,,,,,
All,Manufacturer Center,2025-07-01/2025-12-31,KEYWORD_OTHER,MISREPRESENTATION,MT,,,,,,,,,,,,,,
All,Manufacturer Center,2025-07-01/2025-12-31,STATEMENT_CATEGORY_CYBER_VIOLENCE,,MT,,,,,,,,,,,,,,
All,Manufacturer Center,2025-07-01/2025-12-31,KEYWORD_CYBER_BULLYING_INTIMIDATION,,MT,,,,,,,,,,,,,,
All,Manufacturer Center,2025-07-01/2025-12-31,KEYWORD_CYBER_HARASSMENT,,MT,,,,,,,,,,,,,,
All,Manufacturer Center,2025-07-01/2025-12-31,KEYWORD_CYBER_INCITEMENT,,MT,,,,,,,,,,,,,,
All,Manufacturer Center,2025-07-01/2025-12-31,KEYWORD_CYBER_STALKING,,MT,,,,,,,,,,,,,,
All,Manufacturer Center,2025-07-01/2025-12-31,KEYWORD_NON_CONSENSUAL_IMAGE_SHARING,,MT,,,,,,,,,,,,,,
All,Manufacturer Center,2025-07-01/2025-12-31,KEYWORD_NON_CONSENSUAL_MATERIAL_DEEPFAKE,,MT,,,,,,,,,,,,,,
All,Manufacturer Center,2025-07-01/2025-12-31,KEYWORD_OTHER,DOXING,MT,,,,,,,,,,,,,,
All,Manufacturer Center,2025-07-01/2025-12-31,KEYWORD_OTHER,HARASSMENT,MT,,,,,,,,,,,,,,
All,Manufacturer Center,2025-07-01/2025-12-31,KEYWORD_OTHER,HARASSMENT_AND_CYBERBULLYING,MT,,,,,,,,,,,,,,
All,Manufacturer Center,2025-07-01/2025-12-31,KEYWORD_OTHER,HARMFUL_ACTIVITIES,MT,,,,,,,,,,,,,,
All,Manufacturer Center,2025-07-01/2025-12-31,KEYWORD_OTHER,SEXUAL_HARASSMENT,MT,,,,,,,,,,,,,,
All,Manufacturer Center,2025-07-01/2025-12-31,KEYWORD_OTHER,OBSCENITY_OR_PORNOGRAPHY,MT,,,,,,,,,,,,,,
All,Manufacturer Center,2025-07-01/2025-12-31,KEYWORD_OTHER,UNSAFE_CONTENT,MT,,,,,,,,,,,,,,
All,Manufacturer Center,2025-07-01/2025-12-31,STATEMENT_CATEGORY_CYBER_VIOLENCE_AGAINST_WOMEN,,MT,,,,,,,,,,,,,,
All,Manufacturer Center,2025-07-01/2025-12-31,KEYWORD_BULLYING_AGAINST_GIRLS,,MT,,,,,,,,,,,,,,
All,Manufacturer Center,2025-07-01/2025-12-31,KEYWORD_CYBER_HARASSMENT_AGAINST_WOMEN,,MT,,,,,,,,,,,,,,
All,Manufacturer Center,2025-07-01/2025-12-31,KEYWORD_CYBER_STALKING_AGAINST_WOMEN,,MT,,,,,,,,,,,,,,
All,Manufacturer Center,2025-07-01/2025-12-31,KEYWORD_FEMALE_GENDERED_DISINFORMATION,,MT,,,,,,,,,,,,,,
All,Manufacturer Center,2025-07-01/2025-12-31,KEYWORD_INCITEMENT_AGAINST_WOMEN,,MT,,,,,,,,,,,,,,
All,Manufacturer Center,2025-07-01/2025-12-31,KEYWORD_NON_CONSENSUAL_IMAGE_SHARING_AGAINST_WOMEN,,MT,,,,,,,,,,,,,,
All,Manufacturer Center,2025-07-01/2025-12-31,KEYWORD_NON_CONSENSUAL_MATERIAL_DEEPFAKE_AGAINST_WOMEN,,MT,,,,,,,,,,,,,,
All,Manufacturer Center,2025-07-01/2025-12-31,KEYWORD_OTHER,"Text to detail the ""Other"" keyword.",MT,,,,,,,,,,,,,,
All,Manufacturer Center,2025-07-01/2025-12-31,STATEMENT_CATEGORY_DATA_PROTECTION_AND_PRIVACY_VIOLATIONS,,MT,,,,,,,,,,,,,,
All,Manufacturer Center,2025-07-01/2025-12-31,KEYWORD_BIOMETRIC_DATA_BREACH,,MT,,,,,,,,,,,,,,
All,Manufacturer Center,2025-07-01/2025-12-31,KEYWORD_DATA_FALSIFICATION,,MT,,,,,,,,,,,,,,
All,Manufacturer Center,2025-07-01/2025-12-31,KEYWORD_MISSING_PROCESSING_GROUND,,MT,,,,,,,,,,,,,,
All,Manufacturer Center,2025-07-01/2025-12-31,KEYWORD_RIGHT_TO_BE_FORGOTTEN,,MT,,,,,,,,,,,,,,
All,Manufacturer Center,2025-07-01/2025-12-31,KEYWORD_OTHER,DATA_COLLECTION_AND_USE,MT,,,,,,,,,,,,,,
All,Manufacturer Center,2025-07-01/2025-12-31,KEYWORD_OTHER,DISCLOSURE_AND_CONSENT_PRACTICES,MT,,,,,,,,,,,,,,
All,Manufacturer Center,2025-07-01/2025-12-31,KEYWORD_OTHER,GDPR,MT,,,,,,,,,,,,,,
All,Manufacturer Center,2025-07-01/2025-12-31,KEYWORD_OTHER,PERSONAL_INFORMATION,MT,,,,,,,,,,,,,,
All,Manufacturer Center,2025-07-01/2025-12-31,KEYWORD_OTHER,PERSONAL_RIGHTS,MT,,,,,,,,,,,,,,
All,Manufacturer Center,2025-07-01/2025-12-31,KEYWORD_OTHER,PERSONALIZED_ADVERTISING,MT,,,,,,,,,,,,,,
All,Manufacturer Center,2025-07-01/2025-12-31,KEYWORD_OTHER,PRIVACY,MT,,,,,,,,,,,,,,
All,Manufacturer Center,2025-07-01/2025-12-31,KEYWORD_OTHER,PRIVACY_POLICY,MT,,,,,,,,,,,,,,
All,Manufacturer Center,2025-07-01/2025-12-31,KEYWORD_OTHER,UNSECURE_DATA_HANDLING,MT,,,,,,,,,,,,,,
All,Manufacturer Center,2025-07-01/2025-12-31,STATEMENT_CATEGORY_ILLEGAL_OR_HARMFUL_SPEECH,,MT,,,,,,,,,,,,,,
All,Manufacturer Center,2025-07-01/2025-12-31,KEYWORD_DEFAMATION,,MT,,,,,,,,,,,,,,
All,Manufacturer Center,2025-07-01/2025-12-31,KEYWORD_DISCRIMINATION,,MT,,,,,,,,,,,,,,
All,Manufacturer Center,2025-07-01/2025-12-31,KEYWORD_HATE_SPEECH,,MT,,,,,,,,,,,,,,
All,Manufacturer Center,2025-07-01/2025-12-31,KEYWORD_OTHER,HATEFUL_OR_ABUSIVE,MT,,,,,,,,,,,,,,
All,Manufacturer Center,2025-07-01/2025-12-31,KEYWORD_OTHER,ILLEGAL_OR_HARMFUL_SPEECH,MT,,,,,,,,,,,,,,
All,Manufacturer Center,2025-07-01/2025-12-31,KEYWORD_OTHER,OBSCENITY_AND_PROFANITY,MT,,,,,,,,,,,,,,
All,Manufacturer Center,2025-07-01/2025-12-31,KEYWORD_OTHER,OFFENSIVE_CONTENT,MT,,,,,,,,,,,,,,
All,Manufacturer Center,2025-07-01/2025-12-31,KEYWORD_OTHER,UNSAFE_CONTENT,MT,,,,,,,,,,,,,,
All,Manufacturer Center,2025-07-01/2025-12-31,STATEMENT_CATEGORY_INTELLECTUAL_PROPERTY_INFRINGEMENTS,,MT,,,,,,,,,,,,,,
All,Manufacturer Center,2025-07-01/2025-12-31,KEYWORD_COPYRIGHT_INFRINGEMENT,,MT,,,,,,,,,,,,,,
All,Manufacturer Center,2025-07-01/2025-12-31,KEYWORD_DESIGN_INFRINGEMENT,,MT,,,,,,,,,,,,,,
All,Manufacturer Center,2025-07-01/2025-12-31,KEYWORD_GEOGRAPHIC_INDICATIONS_INFRINGEMENT,,MT,,,,,,,,,,,,,,
All,Manufacturer Center,2025-07-01/2025-12-31,KEYWORD_PATENT_INFRINGEMENT,,MT,,,,,,,,,,,,,,
All,Manufacturer Center,2025-07-01/2025-12-31,KEYWORD_TRADE_SECRET_INFRINGEMENT,,MT,,,,,,,,,,,,,,
All,Manufacturer Center,2025-07-01/2025-12-31,KEYWORD_TRADEMARK_INFRINGEMENT,,MT,,,,,,,,,,,,,,
All,Manufacturer Center,2025-07-01/2025-12-31,KEYWORD_OTHER,CIRCUMVENTION,MT,,,,,,,,,,,,,,
All,Manufacturer Center,2025-07-01/2025-12-31,KEYWORD_OTHER,INTELLECTUAL PROPERTY,MT,,,,,,,,,,,,,,
All,Manufacturer Center,2025-07-01/2025-12-31,STATEMENT_CATEGORY_NEGATIVE_EFFECTS_ON_CIVIC_DISCOURSE_OR_ELECTIONS,,MT,,,,,,,,,,,,,,
All,Manufacturer Center,2025-07-01/2025-12-31,KEYWORD_MISINFORMATION_DISINFORMATION,,MT,,,,,,,,,,,,,,
All,Manufacturer Center,2025-07-01/2025-12-31,KEYWORD_VIOLATION_EU_LAW,,MT,,,,,,,,,,,,,,
All,Manufacturer Center,2025-07-01/2025-12-31,KEYWORD_VIOLATION_NATIONAL_LAW,,MT,,,,,,,,,,,,,,
All,Manufacturer Center,2025-07-01/2025-12-31,KEYWORD_OTHER,ELECTORAL,MT,,,,,,,,,,,,,,
All,Manufacturer Center,2025-07-01/2025-12-31,KEYWORD_OTHER,HACKED_POLITICAL_MATERIALS,MT,,,,,,,,,,,,,,
All,Manufacturer Center,2025-07-01/2025-12-31,KEYWORD_OTHER,POLITICAL_CONTENT,MT,,,,,,,,,,,,,,
All,Manufacturer Center,2025-07-01/2025-12-31,KEYWORD_OTHER,SOCIAL_STABILITY,MT,,,,,,,,,,,,,,
All,Manufacturer Center,2025-07-01/2025-12-31,KEYWORD_OTHER,SOCIETAL_VALUES,MT,,,,,,,,,,,,,,
All,Manufacturer Center,2025-07-01/2025-12-31,STATEMENT_CATEGORY_PROTECTION_OF_MINORS,,MT,,,,,,,,,,,,,,
All,Manufacturer Center,2025-07-01/2025-12-31,KEYWORD_AGE_SPECIFIC_RESTRICTIONS_MINORS,,MT,,,,,,,,,,,,,,
All,Manufacturer Center,2025-07-01/2025-12-31,KEYWORD_CHILD_SEXUAL_ABUSE_MATERIAL,,MT,,,,,,,,,,,,,,
All,Manufacturer Center,2025-07-01/2025-12-31,KEYWORD_CHILD_SEXUAL_ABUSE_MATERIAL_DEEPFAKE,,MT,,,,,,,,,,,,,,
All,Manufacturer Center,2025-07-01/2025-12-31,KEYWORD_GROOMING_SEXUAL_ENTICEMENT_MINORS,,MT,,,,,,,,,,,,,,
All,Manufacturer Center,2025-07-01/2025-12-31,KEYWORD_UNSAFE_CHALLENGES,,MT,,,,,,,,,,,,,,
All,Manufacturer Center,2025-07-01/2025-12-31,KEYWORD_OTHER,CHILD_ENDANGERMENT,MT,,,,,,,,,,,,,,
All,Manufacturer Center,2025-07-01/2025-12-31,KEYWORD_OTHER,CHILD_SAFETY,MT,,,,,,,,,,,,,,
All,Manufacturer Center,2025-07-01/2025-12-31,KEYWORD_OTHER,HARMFUL_OR_DANGEROUS_ACTS_CHALLENGES_AND_PRANKS,MT,,,,,,,,,,,,,,
All,Manufacturer Center,2025-07-01/2025-12-31,KEYWORD_OTHER,KNOWN_SERIES,MT,,,,,,,,,,,,,,
All,Manufacturer Center,2025-07-01/2025-12-31,KEYWORD_OTHER,PROTECTION_OF_MINORS,MT,,,,,,,,,,,,,,
All,Manufacturer Center,2025-07-01/2025-12-31,KEYWORD_OTHER,UNAUTHORIZED_IMAGE_OF_MINORS,MT,,,,,,,,,,,,,,
All,Manufacturer Center,2025-07-01/2025-12-31,STATEMENT_CATEGORY_RISK_FOR_PUBLIC_SECURITY,,MT,,,,,,,,,,,,,,
All,Manufacturer Center,2025-07-01/2025-12-31,KEYWORD_ILLEGAL_ORGANIZATIONS,,MT,,,,,,,,,,,,,,
All,Manufacturer Center,2025-07-01/2025-12-31,KEYWORD_RISK_ENVIRONMENTAL_DAMAGE,,MT,,,,,,,,,,,,,,
All,Manufacturer Center,2025-07-01/2025-12-31,KEYWORD_RISK_PUBLIC_HEALTH,,MT,,,,,,,,,,,,,,
All,Manufacturer Center,2025-07-01/2025-12-31,KEYWORD_TERRORIST_CONTENT,,MT,,,,,,,,,,,,,,
All,Manufacturer Center,2025-07-01/2025-12-31,KEYWORD_OTHER,COURT_ORDER,MT,,,,,,,,,,,,,,
All,Manufacturer Center,2025-07-01/2025-12-31,KEYWORD_OTHER,RISK_FOR_PUBLIC_SECURITY,MT,,,,,,,,,,,,,,
All,Manufacturer Center,2025-07-01/2025-12-31,KEYWORD_OTHER,SENSITIVE_EVENTS,MT,,,,,,,,,,,,,,
All,Manufacturer Center,2025-07-01/2025-12-31,KEYWORD_OTHER,VIOLENT_EXTREMISM,MT,,,,,,,,,,,,,,
All,Manufacturer Center,2025-07-01/2025-12-31,KEYWORD_OTHER,WRONGFUL_OR_UNAUTHORIZED_USE_OF_SYMBOLS,MT,,,,,,,,,,,,,,
All,Manufacturer Center,2025-07-01/2025-12-31,STATEMENT_CATEGORY_SCAMS_AND_FRAUD,,MT,,,,,,,,,,,,,,
All,Manufacturer Center,2025-07-01/2025-12-31,KEYWORD_IMPERSONATION_ACCOUNT_HIJACKING,,MT,,,,,,,,,,,,,,
All,Manufacturer Center,2025-07-01/2025-12-31,KEYWORD_INAUTHENTIC_ACCOUNTS,,MT,,,,,,,,,,,,,,
All,Manufacturer Center,2025-07-01/2025-12-31,KEYWORD_INAUTHENTIC_LISTINGS,,MT,,,,,,,,,,,,,,
All,Manufacturer Center,2025-07-01/2025-12-31,KEYWORD_INAUTHENTIC_USER_REVIEWS,,MT,,,,,,,,,,,,,,
All,Manufacturer Center,2025-07-01/2025-12-31,KEYWORD_PHISHING,,MT,,,,,,,,,,,,,,
All,Manufacturer Center,2025-07-01/2025-12-31,KEYWORD_PYRAMID_SCHEMES,,MT,,,,,,,,,,,,,,
All,Manufacturer Center,2025-07-01/2025-12-31,KEYWORD_OTHER,AD_FRAUD_POLICY,MT,,,,,,,,,,,,,,
All,Manufacturer Center,2025-07-01/2025-12-31,KEYWORD_OTHER,ENCOURAGEMENT_OF_DIGITAL_SECURITY_OR_TERMS_OF_SERVICE_VIOLATIONS,MT,,,,,,,,,,,,,,
All,Manufacturer Center,2025-07-01/2025-12-31,KEYWORD_OTHER,FRAUD,MT,,,,,,,,,,,,,,
All,Manufacturer Center,2025-07-01/2025-12-31,KEYWORD_OTHER,MALWARE,MT,,,,,,,,,,,,,,
All,Manufacturer Center,2025-07-01/2025-12-31,KEYWORD_OTHER,MALWARE_AND_PHISHING,MT,,,,,,,,,,,,,,
All,Manufacturer Center,2025-07-01/2025-12-31,KEYWORD_OTHER,MALWARE_AND_SYSTEM_CIRCUMVENTION,MT,,,,,,,,,,,,,,
All,Manufacturer Center,2025-07-01/2025-12-31,KEYWORD_OTHER,MISREPRESENTATION,MT,,,,,,,,,,,,,,
All,Manufacturer Center,2025-07-01/2025-12-31,KEYWORD_OTHER,SCAMS,MT,,,,,,,,,,,,,,
All,Manufacturer Center,2025-07-01/2025-12-31,KEYWORD_OTHER,SOCIAL_ENGINEERING_TACTICS,MT,,,,,,,,,,,,,,
All,Manufacturer Center,2025-07-01/2025-12-31,STATEMENT_CATEGORY_SELF_HARM,,MT,,,,,,,,,,,,,,
All,Manufacturer Center,2025-07-01/2025-12-31,KEYWORD_CONTENT_PROMOTING_EATING_DISORDERS,,MT,,,,,,,,,,,,,,
All,Manufacturer Center,2025-07-01/2025-12-31,KEYWORD_SELF_MUTILATION,,MT,,,,,,,,,,,,,,
All,Manufacturer Center,2025-07-01/2025-12-31,KEYWORD_SUICIDE,,MT,,,,,,,,,,,,,,
All,Manufacturer Center,2025-07-01/2025-12-31,KEYWORD_OTHER,SELF_HARM,MT,,,,,,,,,,,,,,
All,Manufacturer Center,2025-07-01/2025-12-31,KEYWORD_OTHER,SUICIDE_AND_SELF_HARM,MT,,,,,,,,,,,,,,
All,Manufacturer Center,2025-07-01/2025-12-31,STATEMENT_CATEGORY_UNSAFE_AND_PROHIBITED_PRODUCTS,,MT,,,,,,,,,,,,,,
All,Manufacturer Center,2025-07-01/2025-12-31,KEYWORD_PROHIBITED_PRODUCTS,,MT,,,,,,,,,,,,,,
All,Manufacturer Center,2025-07-01/2025-12-31,KEYWORD_UNSAFE_PRODUCTS,,MT,,,,,,,,,,,,,,
All,Manufacturer Center,2025-07-01/2025-12-31,KEYWORD_OTHER,COURT_ORDER,MT,,,,,,,,,,,,,,
All,Manufacturer Center,2025-07-01/2025-12-31,KEYWORD_OTHER,ENABLING_DISHONEST_BEHAVIOR,MT,,,,,,,,,,,,,,
All,Manufacturer Center,2025-07-01/2025-12-31,KEYWORD_OTHER,FIREARMS_AND_ILLEGAL_REGULATED_GOODS_OR_SERVICES,MT,,,,,,,,,,,,,,
All,Manufacturer Center,2025-07-01/2025-12-31,KEYWORD_OTHER,OTHER_LEGAL_NOTICES_OR_ORDERS,MT,,,,,,,,,,,,,,
All,Manufacturer Center,2025-07-01/2025-12-31,KEYWORD_OTHER,UNAUTHORIZED_PHARMACIES,MT,,,,,,,,,,,,,,
All,Manufacturer Center,2025-07-01/2025-12-31,STATEMENT_CATEGORY_VIOLENCE,,MT,,,,,,,,,,,,,,
All,Manufacturer Center,2025-07-01/2025-12-31,KEYWORD_COORDINATED_HARM,,MT,,,,,,,,,,,,,,
All,Manufacturer Center,2025-07-01/2025-12-31,KEYWORD_INCITEMENT_VIOLENCE_HATRED,,MT,,,,,,,,,,,,,,
All,Manufacturer Center,2025-07-01/2025-12-31,KEYWORD_HUMAN_EXPLOITATION,,MT,,,,,,,,,,,,,,
All,Manufacturer Center,2025-07-01/2025-12-31,KEYWORD_HUMAN_TRAFFICKING,,MT,,,,,,,,,,,,,,
All,Manufacturer Center,2025-07-01/2025-12-31,KEYWORD_TRAFFICKING_WOMEN_GIRLS,,MT,,,,,,,,,,,,,,
All,Manufacturer Center,2025-07-01/2025-12-31,KEYWORD_OTHER,DEPICTION_OF VIOLENCE,MT,,,,,,,,,,,,,,
All,Manufacturer Center,2025-07-01/2025-12-31,KEYWORD_OTHER,SHOCKING_CONTENT,MT,,,,,,,,,,,,,,
All,Manufacturer Center,2025-07-01/2025-12-31,KEYWORD_OTHER,VIOLENT_OR_GRAPHIC_CONTENT,MT,,,,,,,,,,,,,,
All,Manufacturer Center,2025-07-01/2025-12-31,STATEMENT_CATEGORY_NOT_SPECIFIED_ORDER,,MT,,,,,,,,,,,,,,
All,Manufacturer Center,2025-07-01/2025-12-31,TOTAL,,NL,,,,,,,,,,,,,,
All,Manufacturer Center,2025-07-01/2025-12-31,STATEMENT_CATEGORY_ANIMAL_WELFARE,,NL,,,,,,,,,,,,,,
All,Manufacturer Center,2025-07-01/2025-12-31,KEYWORD_ANIMAL_HARM,,NL,,,,,,,,,,,,,,
All,Manufacturer Center,2025-07-01/2025-12-31,KEYWORD_UNLAWFUL_SALE_ANIMALS,,NL,,,,,,,,,,,,,,
All,Manufacturer Center,2025-07-01/2025-12-31,KEYWORD_OTHER,ANIMAL_CRUELTY,NL,,,,,,,,,,,,,,
All,Manufacturer Center,2025-07-01/2025-12-31,KEYWORD_OTHER,ANIMAL_HARM_AND_UNLAWFUL_SALE,NL,,,,,,,,,,,,,,
All,Manufacturer Center,2025-07-01/2025-12-31,STATEMENT_CATEGORY_CONSUMER_INFORMATION,,NL,,,,,,,,,,,,,,
All,Manufacturer Center,2025-07-01/2025-12-31,KEYWORD_HIDDEN_ADVERTISEMENT,,NL,,,,,,,,,,,,,,
All,Manufacturer Center,2025-07-01/2025-12-31,KEYWORD_INSUFFICIENT_INFORMATION_ON_TRADERS,,NL,,,,,,,,,,,,,,
All,Manufacturer Center,2025-07-01/2025-12-31,KEYWORD_MISLEADING_INFO_GOODS_SERVICES,,NL,,,,,,,,,,,,,,
All,Manufacturer Center,2025-07-01/2025-12-31,KEYWORD_MISLEADING_INFO_CONSUMER_RIGHTS,,NL,,,,,,,,,,,,,,
All,Manufacturer Center,2025-07-01/2025-12-31,KEYWORD_NONCOMPLIANCE_PRICING,,NL,,,,,,,,,,,,,,
All,Manufacturer Center,2025-07-01/2025-12-31,KEYWORD_OTHER,CONSUMER_PROTECTION,NL,,,,,,,,,,,,,,
All,Manufacturer Center,2025-07-01/2025-12-31,KEYWORD_OTHER,MISREPRESENTATION,NL,,,,,,,,,,,,,,
All,Manufacturer Center,2025-07-01/2025-12-31,STATEMENT_CATEGORY_CYBER_VIOLENCE,,NL,,,,,,,,,,,,,,
All,Manufacturer Center,2025-07-01/2025-12-31,KEYWORD_CYBER_BULLYING_INTIMIDATION,,NL,,,,,,,,,,,,,,
All,Manufacturer Center,2025-07-01/2025-12-31,KEYWORD_CYBER_HARASSMENT,,NL,,,,,,,,,,,,,,
All,Manufacturer Center,2025-07-01/2025-12-31,KEYWORD_CYBER_INCITEMENT,,NL,,,,,,,,,,,,,,
All,Manufacturer Center,2025-07-01/2025-12-31,KEYWORD_CYBER_STALKING,,NL,,,,,,,,,,,,,,
All,Manufacturer Center,2025-07-01/2025-12-31,KEYWORD_NON_CONSENSUAL_IMAGE_SHARING,,NL,,,,,,,,,,,,,,
All,Manufacturer Center,2025-07-01/2025-12-31,KEYWORD_NON_CONSENSUAL_MATERIAL_DEEPFAKE,,NL,,,,,,,,,,,,,,
All,Manufacturer Center,2025-07-01/2025-12-31,KEYWORD_OTHER,DOXING,NL,,,,,,,,,,,,,,
All,Manufacturer Center,2025-07-01/2025-12-31,KEYWORD_OTHER,HARASSMENT,NL,,,,,,,,,,,,,,
All,Manufacturer Center,2025-07-01/2025-12-31,KEYWORD_OTHER,HARASSMENT_AND_CYBERBULLYING,NL,,,,,,,,,,,,,,
All,Manufacturer Center,2025-07-01/2025-12-31,KEYWORD_OTHER,HARMFUL_ACTIVITIES,NL,,,,,,,,,,,,,,
All,Manufacturer Center,2025-07-01/2025-12-31,KEYWORD_OTHER,SEXUAL_HARASSMENT,NL,,,,,,,,,,,,,,
All,Manufacturer Center,2025-07-01/2025-12-31,KEYWORD_OTHER,OBSCENITY_OR_PORNOGRAPHY,NL,,,,,,,,,,,,,,
All,Manufacturer Center,2025-07-01/2025-12-31,KEYWORD_OTHER,UNSAFE_CONTENT,NL,,,,,,,,,,,,,,
All,Manufacturer Center,2025-07-01/2025-12-31,STATEMENT_CATEGORY_CYBER_VIOLENCE_AGAINST_WOMEN,,NL,,,,,,,,,,,,,,
All,Manufacturer Center,2025-07-01/2025-12-31,KEYWORD_BULLYING_AGAINST_GIRLS,,NL,,,,,,,,,,,,,,
All,Manufacturer Center,2025-07-01/2025-12-31,KEYWORD_CYBER_HARASSMENT_AGAINST_WOMEN,,NL,,,,,,,,,,,,,,
All,Manufacturer Center,2025-07-01/2025-12-31,KEYWORD_CYBER_STALKING_AGAINST_WOMEN,,NL,,,,,,,,,,,,,,
All,Manufacturer Center,2025-07-01/2025-12-31,KEYWORD_FEMALE_GENDERED_DISINFORMATION,,NL,,,,,,,,,,,,,,
All,Manufacturer Center,2025-07-01/2025-12-31,KEYWORD_INCITEMENT_AGAINST_WOMEN,,NL,,,,,,,,,,,,,,
All,Manufacturer Center,2025-07-01/2025-12-31,KEYWORD_NON_CONSENSUAL_IMAGE_SHARING_AGAINST_WOMEN,,NL,,,,,,,,,,,,,,
All,Manufacturer Center,2025-07-01/2025-12-31,KEYWORD_NON_CONSENSUAL_MATERIAL_DEEPFAKE_AGAINST_WOMEN,,NL,,,,,,,,,,,,,,
All,Manufacturer Center,2025-07-01/2025-12-31,KEYWORD_OTHER,"Text to detail the ""Other"" keyword.",NL,,,,,,,,,,,,,,
All,Manufacturer Center,2025-07-01/2025-12-31,STATEMENT_CATEGORY_DATA_PROTECTION_AND_PRIVACY_VIOLATIONS,,NL,,,,,,,,,,,,,,
All,Manufacturer Center,2025-07-01/2025-12-31,KEYWORD_BIOMETRIC_DATA_BREACH,,NL,,,,,,,,,,,,,,
All,Manufacturer Center,2025-07-01/2025-12-31,KEYWORD_DATA_FALSIFICATION,,NL,,,,,,,,,,,,,,
All,Manufacturer Center,2025-07-01/2025-12-31,KEYWORD_MISSING_PROCESSING_GROUND,,NL,,,,,,,,,,,,,,
All,Manufacturer Center,2025-07-01/2025-12-31,KEYWORD_RIGHT_TO_BE_FORGOTTEN,,NL,,,,,,,,,,,,,,
All,Manufacturer Center,2025-07-01/2025-12-31,KEYWORD_OTHER,DATA_COLLECTION_AND_USE,NL,,,,,,,,,,,,,,
All,Manufacturer Center,2025-07-01/2025-12-31,KEYWORD_OTHER,DISCLOSURE_AND_CONSENT_PRACTICES,NL,,,,,,,,,,,,,,
All,Manufacturer Center,2025-07-01/2025-12-31,KEYWORD_OTHER,GDPR,NL,,,,,,,,,,,,,,
All,Manufacturer Center,2025-07-01/2025-12-31,KEYWORD_OTHER,PERSONAL_INFORMATION,NL,,,,,,,,,,,,,,
All,Manufacturer Center,2025-07-01/2025-12-31,KEYWORD_OTHER,PERSONAL_RIGHTS,NL,,,,,,,,,,,,,,
All,Manufacturer Center,2025-07-01/2025-12-31,KEYWORD_OTHER,PERSONALIZED_ADVERTISING,NL,,,,,,,,,,,,,,
All,Manufacturer Center,2025-07-01/2025-12-31,KEYWORD_OTHER,PRIVACY,NL,,,,,,,,,,,,,,
All,Manufacturer Center,2025-07-01/2025-12-31,KEYWORD_OTHER,PRIVACY_POLICY,NL,,,,,,,,,,,,,,
All,Manufacturer Center,2025-07-01/2025-12-31,KEYWORD_OTHER,UNSECURE_DATA_HANDLING,NL,,,,,,,,,,,,,,
All,Manufacturer Center,2025-07-01/2025-12-31,STATEMENT_CATEGORY_ILLEGAL_OR_HARMFUL_SPEECH,,NL,,,,,,,,,,,,,,
All,Manufacturer Center,2025-07-01/2025-12-31,KEYWORD_DEFAMATION,,NL,,,,,,,,,,,,,,
All,Manufacturer Center,2025-07-01/2025-12-31,KEYWORD_DISCRIMINATION,,NL,,,,,,,,,,,,,,
All,Manufacturer Center,2025-07-01/2025-12-31,KEYWORD_HATE_SPEECH,,NL,,,,,,,,,,,,,,
All,Manufacturer Center,2025-07-01/2025-12-31,KEYWORD_OTHER,HATEFUL_OR_ABUSIVE,NL,,,,,,,,,,,,,,
All,Manufacturer Center,2025-07-01/2025-12-31,KEYWORD_OTHER,ILLEGAL_OR_HARMFUL_SPEECH,NL,,,,,,,,,,,,,,
All,Manufacturer Center,2025-07-01/2025-12-31,KEYWORD_OTHER,OBSCENITY_AND_PROFANITY,NL,,,,,,,,,,,,,,
All,Manufacturer Center,2025-07-01/2025-12-31,KEYWORD_OTHER,OFFENSIVE_CONTENT,NL,,,,,,,,,,,,,,
All,Manufacturer Center,2025-07-01/2025-12-31,KEYWORD_OTHER,UNSAFE_CONTENT,NL,,,,,,,,,,,,,,
All,Manufacturer Center,2025-07-01/2025-12-31,STATEMENT_CATEGORY_INTELLECTUAL_PROPERTY_INFRINGEMENTS,,NL,,,,,,,,,,,,,,
All,Manufacturer Center,2025-07-01/2025-12-31,KEYWORD_COPYRIGHT_INFRINGEMENT,,NL,,,,,,,,,,,,,,
All,Manufacturer Center,2025-07-01/2025-12-31,KEYWORD_DESIGN_INFRINGEMENT,,NL,,,,,,,,,,,,,,
All,Manufacturer Center,2025-07-01/2025-12-31,KEYWORD_GEOGRAPHIC_INDICATIONS_INFRINGEMENT,,NL,,,,,,,,,,,,,,
All,Manufacturer Center,2025-07-01/2025-12-31,KEYWORD_PATENT_INFRINGEMENT,,NL,,,,,,,,,,,,,,
All,Manufacturer Center,2025-07-01/2025-12-31,KEYWORD_TRADE_SECRET_INFRINGEMENT,,NL,,,,,,,,,,,,,,
All,Manufacturer Center,2025-07-01/2025-12-31,KEYWORD_TRADEMARK_INFRINGEMENT,,NL,,,,,,,,,,,,,,
All,Manufacturer Center,2025-07-01/2025-12-31,KEYWORD_OTHER,CIRCUMVENTION,NL,,,,,,,,,,,,,,
All,Manufacturer Center,2025-07-01/2025-12-31,KEYWORD_OTHER,INTELLECTUAL PROPERTY,NL,,,,,,,,,,,,,,
All,Manufacturer Center,2025-07-01/2025-12-31,STATEMENT_CATEGORY_NEGATIVE_EFFECTS_ON_CIVIC_DISCOURSE_OR_ELECTIONS,,NL,,,,,,,,,,,,,,
All,Manufacturer Center,2025-07-01/2025-12-31,KEYWORD_MISINFORMATION_DISINFORMATION,,NL,,,,,,,,,,,,,,
All,Manufacturer Center,2025-07-01/2025-12-31,KEYWORD_VIOLATION_EU_LAW,,NL,,,,,,,,,,,,,,
All,Manufacturer Center,2025-07-01/2025-12-31,KEYWORD_VIOLATION_NATIONAL_LAW,,NL,,,,,,,,,,,,,,
All,Manufacturer Center,2025-07-01/2025-12-31,KEYWORD_OTHER,ELECTORAL,NL,,,,,,,,,,,,,,
All,Manufacturer Center,2025-07-01/2025-12-31,KEYWORD_OTHER,HACKED_POLITICAL_MATERIALS,NL,,,,,,,,,,,,,,
All,Manufacturer Center,2025-07-01/2025-12-31,KEYWORD_OTHER,POLITICAL_CONTENT,NL,,,,,,,,,,,,,,
All,Manufacturer Center,2025-07-01/2025-12-31,KEYWORD_OTHER,SOCIAL_STABILITY,NL,,,,,,,,,,,,,,
All,Manufacturer Center,2025-07-01/2025-12-31,KEYWORD_OTHER,SOCIETAL_VALUES,NL,,,,,,,,,,,,,,
All,Manufacturer Center,2025-07-01/2025-12-31,STATEMENT_CATEGORY_PROTECTION_OF_MINORS,,NL,,,,,,,,,,,,,,
All,Manufacturer Center,2025-07-01/2025-12-31,KEYWORD_AGE_SPECIFIC_RESTRICTIONS_MINORS,,NL,,,,,,,,,,,,,,
All,Manufacturer Center,2025-07-01/2025-12-31,KEYWORD_CHILD_SEXUAL_ABUSE_MATERIAL,,NL,,,,,,,,,,,,,,
All,Manufacturer Center,2025-07-01/2025-12-31,KEYWORD_CHILD_SEXUAL_ABUSE_MATERIAL_DEEPFAKE,,NL,,,,,,,,,,,,,,
All,Manufacturer Center,2025-07-01/2025-12-31,KEYWORD_GROOMING_SEXUAL_ENTICEMENT_MINORS,,NL,,,,,,,,,,,,,,
All,Manufacturer Center,2025-07-01/2025-12-31,KEYWORD_UNSAFE_CHALLENGES,,NL,,,,,,,,,,,,,,
All,Manufacturer Center,2025-07-01/2025-12-31,KEYWORD_OTHER,CHILD_ENDANGERMENT,NL,,,,,,,,,,,,,,
All,Manufacturer Center,2025-07-01/2025-12-31,KEYWORD_OTHER,CHILD_SAFETY,NL,,,,,,,,,,,,,,
All,Manufacturer Center,2025-07-01/2025-12-31,KEYWORD_OTHER,HARMFUL_OR_DANGEROUS_ACTS_CHALLENGES_AND_PRANKS,NL,,,,,,,,,,,,,,
All,Manufacturer Center,2025-07-01/2025-12-31,KEYWORD_OTHER,KNOWN_SERIES,NL,,,,,,,,,,,,,,
All,Manufacturer Center,2025-07-01/2025-12-31,KEYWORD_OTHER,PROTECTION_OF_MINORS,NL,,,,,,,,,,,,,,
All,Manufacturer Center,2025-07-01/2025-12-31,KEYWORD_OTHER,UNAUTHORIZED_IMAGE_OF_MINORS,NL,,,,,,,,,,,,,,
All,Manufacturer Center,2025-07-01/2025-12-31,STATEMENT_CATEGORY_RISK_FOR_PUBLIC_SECURITY,,NL,,,,,,,,,,,,,,
All,Manufacturer Center,2025-07-01/2025-12-31,KEYWORD_ILLEGAL_ORGANIZATIONS,,NL,,,,,,,,,,,,,,
All,Manufacturer Center,2025-07-01/2025-12-31,KEYWORD_RISK_ENVIRONMENTAL_DAMAGE,,NL,,,,,,,,,,,,,,
All,Manufacturer Center,2025-07-01/2025-12-31,KEYWORD_RISK_PUBLIC_HEALTH,,NL,,,,,,,,,,,,,,
All,Manufacturer Center,2025-07-01/2025-12-31,KEYWORD_TERRORIST_CONTENT,,NL,,,,,,,,,,,,,,
All,Manufacturer Center,2025-07-01/2025-12-31,KEYWORD_OTHER,COURT_ORDER,NL,,,,,,,,,,,,,,
All,Manufacturer Center,2025-07-01/2025-12-31,KEYWORD_OTHER,RISK_FOR_PUBLIC_SECURITY,NL,,,,,,,,,,,,,,
All,Manufacturer Center,2025-07-01/2025-12-31,KEYWORD_OTHER,SENSITIVE_EVENTS,NL,,,,,,,,,,,,,,
All,Manufacturer Center,2025-07-01/2025-12-31,KEYWORD_OTHER,VIOLENT_EXTREMISM,NL,,,,,,,,,,,,,,
All,Manufacturer Center,2025-07-01/2025-12-31,KEYWORD_OTHER,WRONGFUL_OR_UNAUTHORIZED_USE_OF_SYMBOLS,NL,,,,,,,,,,,,,,
All,Manufacturer Center,2025-07-01/2025-12-31,STATEMENT_CATEGORY_SCAMS_AND_FRAUD,,NL,,,,,,,,,,,,,,
All,Manufacturer Center,2025-07-01/2025-12-31,KEYWORD_IMPERSONATION_ACCOUNT_HIJACKING,,NL,,,,,,,,,,,,,,
All,Manufacturer Center,2025-07-01/2025-12-31,KEYWORD_INAUTHENTIC_ACCOUNTS,,NL,,,,,,,,,,,,,,
All,Manufacturer Center,2025-07-01/2025-12-31,KEYWORD_INAUTHENTIC_LISTINGS,,NL,,,,,,,,,,,,,,
All,Manufacturer Center,2025-07-01/2025-12-31,KEYWORD_INAUTHENTIC_USER_REVIEWS,,NL,,,,,,,,,,,,,,
All,Manufacturer Center,2025-07-01/2025-12-31,KEYWORD_PHISHING,,NL,,,,,,,,,,,,,,
All,Manufacturer Center,2025-07-01/2025-12-31,KEYWORD_PYRAMID_SCHEMES,,NL,,,,,,,,,,,,,,
All,Manufacturer Center,2025-07-01/2025-12-31,KEYWORD_OTHER,AD_FRAUD_POLICY,NL,,,,,,,,,,,,,,
All,Manufacturer Center,2025-07-01/2025-12-31,KEYWORD_OTHER,ENCOURAGEMENT_OF_DIGITAL_SECURITY_OR_TERMS_OF_SERVICE_VIOLATIONS,NL,,,,,,,,,,,,,,
All,Manufacturer Center,2025-07-01/2025-12-31,KEYWORD_OTHER,FRAUD,NL,,,,,,,,,,,,,,
All,Manufacturer Center,2025-07-01/2025-12-31,KEYWORD_OTHER,MALWARE,NL,,,,,,,,,,,,,,
All,Manufacturer Center,2025-07-01/2025-12-31,KEYWORD_OTHER,MALWARE_AND_PHISHING,NL,,,,,,,,,,,,,,
All,Manufacturer Center,2025-07-01/2025-12-31,KEYWORD_OTHER,MALWARE_AND_SYSTEM_CIRCUMVENTION,NL,,,,,,,,,,,,,,
All,Manufacturer Center,2025-07-01/2025-12-31,KEYWORD_OTHER,MISREPRESENTATION,NL,,,,,,,,,,,,,,
All,Manufacturer Center,2025-07-01/2025-12-31,KEYWORD_OTHER,SCAMS,NL,,,,,,,,,,,,,,
All,Manufacturer Center,2025-07-01/2025-12-31,KEYWORD_OTHER,SOCIAL_ENGINEERING_TACTICS,NL,,,,,,,,,,,,,,
All,Manufacturer Center,2025-07-01/2025-12-31,STATEMENT_CATEGORY_SELF_HARM,,NL,,,,,,,,,,,,,,
All,Manufacturer Center,2025-07-01/2025-12-31,KEYWORD_CONTENT_PROMOTING_EATING_DISORDERS,,NL,,,,,,,,,,,,,,
All,Manufacturer Center,2025-07-01/2025-12-31,KEYWORD_SELF_MUTILATION,,NL,,,,,,,,,,,,,,
All,Manufacturer Center,2025-07-01/2025-12-31,KEYWORD_SUICIDE,,NL,,,,,,,,,,,,,,
All,Manufacturer Center,2025-07-01/2025-12-31,KEYWORD_OTHER,SELF_HARM,NL,,,,,,,,,,,,,,
All,Manufacturer Center,2025-07-01/2025-12-31,KEYWORD_OTHER,SUICIDE_AND_SELF_HARM,NL,,,,,,,,,,,,,,
All,Manufacturer Center,2025-07-01/2025-12-31,STATEMENT_CATEGORY_UNSAFE_AND_PROHIBITED_PRODUCTS,,NL,,,,,,,,,,,,,,
All,Manufacturer Center,2025-07-01/2025-12-31,KEYWORD_PROHIBITED_PRODUCTS,,NL,,,,,,,,,,,,,,
All,Manufacturer Center,2025-07-01/2025-12-31,KEYWORD_UNSAFE_PRODUCTS,,NL,,,,,,,,,,,,,,
All,Manufacturer Center,2025-07-01/2025-12-31,KEYWORD_OTHER,COURT_ORDER,NL,,,,,,,,,,,,,,
All,Manufacturer Center,2025-07-01/2025-12-31,KEYWORD_OTHER,ENABLING_DISHONEST_BEHAVIOR,NL,,,,,,,,,,,,,,
All,Manufacturer Center,2025-07-01/2025-12-31,KEYWORD_OTHER,FIREARMS_AND_ILLEGAL_REGULATED_GOODS_OR_SERVICES,NL,,,,,,,,,,,,,,
All,Manufacturer Center,2025-07-01/2025-12-31,KEYWORD_OTHER,OTHER_LEGAL_NOTICES_OR_ORDERS,NL,,,,,,,,,,,,,,
All,Manufacturer Center,2025-07-01/2025-12-31,KEYWORD_OTHER,UNAUTHORIZED_PHARMACIES,NL,,,,,,,,,,,,,,
All,Manufacturer Center,2025-07-01/2025-12-31,STATEMENT_CATEGORY_VIOLENCE,,NL,,,,,,,,,,,,,,
All,Manufacturer Center,2025-07-01/2025-12-31,KEYWORD_COORDINATED_HARM,,NL,,,,,,,,,,,,,,
All,Manufacturer Center,2025-07-01/2025-12-31,KEYWORD_INCITEMENT_VIOLENCE_HATRED,,NL,,,,,,,,,,,,,,
All,Manufacturer Center,2025-07-01/2025-12-31,KEYWORD_HUMAN_EXPLOITATION,,NL,,,,,,,,,,,,,,
All,Manufacturer Center,2025-07-01/2025-12-31,KEYWORD_HUMAN_TRAFFICKING,,NL,,,,,,,,,,,,,,
All,Manufacturer Center,2025-07-01/2025-12-31,KEYWORD_TRAFFICKING_WOMEN_GIRLS,,NL,,,,,,,,,,,,,,
All,Manufacturer Center,2025-07-01/2025-12-31,KEYWORD_OTHER,DEPICTION_OF VIOLENCE,NL,,,,,,,,,,,,,,
All,Manufacturer Center,2025-07-01/2025-12-31,KEYWORD_OTHER,SHOCKING_CONTENT,NL,,,,,,,,,,,,,,
All,Manufacturer Center,2025-07-01/2025-12-31,KEYWORD_OTHER,VIOLENT_OR_GRAPHIC_CONTENT,NL,,,,,,,,,,,,,,
All,Manufacturer Center,2025-07-01/2025-12-31,STATEMENT_CATEGORY_NOT_SPECIFIED_ORDER,,NL,,,,,,,,,,,,,,
All,Manufacturer Center,2025-07-01/2025-12-31,TOTAL,,PL,,,,,,,,,,,,,,
All,Manufacturer Center,2025-07-01/2025-12-31,STATEMENT_CATEGORY_ANIMAL_WELFARE,,PL,,,,,,,,,,,,,,
All,Manufacturer Center,2025-07-01/2025-12-31,KEYWORD_ANIMAL_HARM,,PL,,,,,,,,,,,,,,
All,Manufacturer Center,2025-07-01/2025-12-31,KEYWORD_UNLAWFUL_SALE_ANIMALS,,PL,,,,,,,,,,,,,,
All,Manufacturer Center,2025-07-01/2025-12-31,KEYWORD_OTHER,ANIMAL_CRUELTY,PL,,,,,,,,,,,,,,
All,Manufacturer Center,2025-07-01/2025-12-31,KEYWORD_OTHER,ANIMAL_HARM_AND_UNLAWFUL_SALE,PL,,,,,,,,,,,,,,
All,Manufacturer Center,2025-07-01/2025-12-31,STATEMENT_CATEGORY_CONSUMER_INFORMATION,,PL,,,,,,,,,,,,,,
All,Manufacturer Center,2025-07-01/2025-12-31,KEYWORD_HIDDEN_ADVERTISEMENT,,PL,,,,,,,,,,,,,,
All,Manufacturer Center,2025-07-01/2025-12-31,KEYWORD_INSUFFICIENT_INFORMATION_ON_TRADERS,,PL,,,,,,,,,,,,,,
All,Manufacturer Center,2025-07-01/2025-12-31,KEYWORD_MISLEADING_INFO_GOODS_SERVICES,,PL,,,,,,,,,,,,,,
All,Manufacturer Center,2025-07-01/2025-12-31,KEYWORD_MISLEADING_INFO_CONSUMER_RIGHTS,,PL,,,,,,,,,,,,,,
All,Manufacturer Center,2025-07-01/2025-12-31,KEYWORD_NONCOMPLIANCE_PRICING,,PL,,,,,,,,,,,,,,
All,Manufacturer Center,2025-07-01/2025-12-31,KEYWORD_OTHER,CONSUMER_PROTECTION,PL,,,,,,,,,,,,,,
All,Manufacturer Center,2025-07-01/2025-12-31,KEYWORD_OTHER,MISREPRESENTATION,PL,,,,,,,,,,,,,,
All,Manufacturer Center,2025-07-01/2025-12-31,STATEMENT_CATEGORY_CYBER_VIOLENCE,,PL,,,,,,,,,,,,,,
All,Manufacturer Center,2025-07-01/2025-12-31,KEYWORD_CYBER_BULLYING_INTIMIDATION,,PL,,,,,,,,,,,,,,
All,Manufacturer Center,2025-07-01/2025-12-31,KEYWORD_CYBER_HARASSMENT,,PL,,,,,,,,,,,,,,
All,Manufacturer Center,2025-07-01/2025-12-31,KEYWORD_CYBER_INCITEMENT,,PL,,,,,,,,,,,,,,
All,Manufacturer Center,2025-07-01/2025-12-31,KEYWORD_CYBER_STALKING,,PL,,,,,,,,,,,,,,
All,Manufacturer Center,2025-07-01/2025-12-31,KEYWORD_NON_CONSENSUAL_IMAGE_SHARING,,PL,,,,,,,,,,,,,,
All,Manufacturer Center,2025-07-01/2025-12-31,KEYWORD_NON_CONSENSUAL_MATERIAL_DEEPFAKE,,PL,,,,,,,,,,,,,,
All,Manufacturer Center,2025-07-01/2025-12-31,KEYWORD_OTHER,DOXING,PL,,,,,,,,,,,,,,
All,Manufacturer Center,2025-07-01/2025-12-31,KEYWORD_OTHER,HARASSMENT,PL,,,,,,,,,,,,,,
All,Manufacturer Center,2025-07-01/2025-12-31,KEYWORD_OTHER,HARASSMENT_AND_CYBERBULLYING,PL,,,,,,,,,,,,,,
All,Manufacturer Center,2025-07-01/2025-12-31,KEYWORD_OTHER,HARMFUL_ACTIVITIES,PL,,,,,,,,,,,,,,
All,Manufacturer Center,2025-07-01/2025-12-31,KEYWORD_OTHER,SEXUAL_HARASSMENT,PL,,,,,,,,,,,,,,
All,Manufacturer Center,2025-07-01/2025-12-31,KEYWORD_OTHER,OBSCENITY_OR_PORNOGRAPHY,PL,,,,,,,,,,,,,,
All,Manufacturer Center,2025-07-01/2025-12-31,KEYWORD_OTHER,UNSAFE_CONTENT,PL,,,,,,,,,,,,,,
All,Manufacturer Center,2025-07-01/2025-12-31,STATEMENT_CATEGORY_CYBER_VIOLENCE_AGAINST_WOMEN,,PL,,,,,,,,,,,,,,
All,Manufacturer Center,2025-07-01/2025-12-31,KEYWORD_BULLYING_AGAINST_GIRLS,,PL,,,,,,,,,,,,,,
All,Manufacturer Center,2025-07-01/2025-12-31,KEYWORD_CYBER_HARASSMENT_AGAINST_WOMEN,,PL,,,,,,,,,,,,,,
All,Manufacturer Center,2025-07-01/2025-12-31,KEYWORD_CYBER_STALKING_AGAINST_WOMEN,,PL,,,,,,,,,,,,,,
All,Manufacturer Center,2025-07-01/2025-12-31,KEYWORD_FEMALE_GENDERED_DISINFORMATION,,PL,,,,,,,,,,,,,,
All,Manufacturer Center,2025-07-01/2025-12-31,KEYWORD_INCITEMENT_AGAINST_WOMEN,,PL,,,,,,,,,,,,,,
All,Manufacturer Center,2025-07-01/2025-12-31,KEYWORD_NON_CONSENSUAL_IMAGE_SHARING_AGAINST_WOMEN,,PL,,,,,,,,,,,,,,
All,Manufacturer Center,2025-07-01/2025-12-31,KEYWORD_NON_CONSENSUAL_MATERIAL_DEEPFAKE_AGAINST_WOMEN,,PL,,,,,,,,,,,,,,
All,Manufacturer Center,2025-07-01/2025-12-31,KEYWORD_OTHER,"Text to detail the ""Other"" keyword.",PL,,,,,,,,,,,,,,
All,Manufacturer Center,2025-07-01/2025-12-31,STATEMENT_CATEGORY_DATA_PROTECTION_AND_PRIVACY_VIOLATIONS,,PL,,,,,,,,,,,,,,
All,Manufacturer Center,2025-07-01/2025-12-31,KEYWORD_BIOMETRIC_DATA_BREACH,,PL,,,,,,,,,,,,,,
All,Manufacturer Center,2025-07-01/2025-12-31,KEYWORD_DATA_FALSIFICATION,,PL,,,,,,,,,,,,,,
All,Manufacturer Center,2025-07-01/2025-12-31,KEYWORD_MISSING_PROCESSING_GROUND,,PL,,,,,,,,,,,,,,
All,Manufacturer Center,2025-07-01/2025-12-31,KEYWORD_RIGHT_TO_BE_FORGOTTEN,,PL,,,,,,,,,,,,,,
All,Manufacturer Center,2025-07-01/2025-12-31,KEYWORD_OTHER,DATA_COLLECTION_AND_USE,PL,,,,,,,,,,,,,,
All,Manufacturer Center,2025-07-01/2025-12-31,KEYWORD_OTHER,DISCLOSURE_AND_CONSENT_PRACTICES,PL,,,,,,,,,,,,,,
All,Manufacturer Center,2025-07-01/2025-12-31,KEYWORD_OTHER,GDPR,PL,,,,,,,,,,,,,,
All,Manufacturer Center,2025-07-01/2025-12-31,KEYWORD_OTHER,PERSONAL_INFORMATION,PL,,,,,,,,,,,,,,
All,Manufacturer Center,2025-07-01/2025-12-31,KEYWORD_OTHER,PERSONAL_RIGHTS,PL,,,,,,,,,,,,,,
All,Manufacturer Center,2025-07-01/2025-12-31,KEYWORD_OTHER,PERSONALIZED_ADVERTISING,PL,,,,,,,,,,,,,,
All,Manufacturer Center,2025-07-01/2025-12-31,KEYWORD_OTHER,PRIVACY,PL,,,,,,,,,,,,,,
All,Manufacturer Center,2025-07-01/2025-12-31,KEYWORD_OTHER,PRIVACY_POLICY,PL,,,,,,,,,,,,,,
All,Manufacturer Center,2025-07-01/2025-12-31,KEYWORD_OTHER,UNSECURE_DATA_HANDLING,PL,,,,,,,,,,,,,,
All,Manufacturer Center,2025-07-01/2025-12-31,STATEMENT_CATEGORY_ILLEGAL_OR_HARMFUL_SPEECH,,PL,,,,,,,,,,,,,,
All,Manufacturer Center,2025-07-01/2025-12-31,KEYWORD_DEFAMATION,,PL,,,,,,,,,,,,,,
All,Manufacturer Center,2025-07-01/2025-12-31,KEYWORD_DISCRIMINATION,,PL,,,,,,,,,,,,,,
All,Manufacturer Center,2025-07-01/2025-12-31,KEYWORD_HATE_SPEECH,,PL,,,,,,,,,,,,,,
All,Manufacturer Center,2025-07-01/2025-12-31,KEYWORD_OTHER,HATEFUL_OR_ABUSIVE,PL,,,,,,,,,,,,,,
All,Manufacturer Center,2025-07-01/2025-12-31,KEYWORD_OTHER,ILLEGAL_OR_HARMFUL_SPEECH,PL,,,,,,,,,,,,,,
All,Manufacturer Center,2025-07-01/2025-12-31,KEYWORD_OTHER,OBSCENITY_AND_PROFANITY,PL,,,,,,,,,,,,,,
All,Manufacturer Center,2025-07-01/2025-12-31,KEYWORD_OTHER,OFFENSIVE_CONTENT,PL,,,,,,,,,,,,,,
All,Manufacturer Center,2025-07-01/2025-12-31,KEYWORD_OTHER,UNSAFE_CONTENT,PL,,,,,,,,,,,,,,
All,Manufacturer Center,2025-07-01/2025-12-31,STATEMENT_CATEGORY_INTELLECTUAL_PROPERTY_INFRINGEMENTS,,PL,,,,,,,,,,,,,,
All,Manufacturer Center,2025-07-01/2025-12-31,KEYWORD_COPYRIGHT_INFRINGEMENT,,PL,,,,,,,,,,,,,,
All,Manufacturer Center,2025-07-01/2025-12-31,KEYWORD_DESIGN_INFRINGEMENT,,PL,,,,,,,,,,,,,,
All,Manufacturer Center,2025-07-01/2025-12-31,KEYWORD_GEOGRAPHIC_INDICATIONS_INFRINGEMENT,,PL,,,,,,,,,,,,,,
All,Manufacturer Center,2025-07-01/2025-12-31,KEYWORD_PATENT_INFRINGEMENT,,PL,,,,,,,,,,,,,,
All,Manufacturer Center,2025-07-01/2025-12-31,KEYWORD_TRADE_SECRET_INFRINGEMENT,,PL,,,,,,,,,,,,,,
All,Manufacturer Center,2025-07-01/2025-12-31,KEYWORD_TRADEMARK_INFRINGEMENT,,PL,,,,,,,,,,,,,,
All,Manufacturer Center,2025-07-01/2025-12-31,KEYWORD_OTHER,CIRCUMVENTION,PL,,,,,,,,,,,,,,
All,Manufacturer Center,2025-07-01/2025-12-31,KEYWORD_OTHER,INTELLECTUAL PROPERTY,PL,,,,,,,,,,,,,,
All,Manufacturer Center,2025-07-01/2025-12-31,STATEMENT_CATEGORY_NEGATIVE_EFFECTS_ON_CIVIC_DISCOURSE_OR_ELECTIONS,,PL,,,,,,,,,,,,,,
All,Manufacturer Center,2025-07-01/2025-12-31,KEYWORD_MISINFORMATION_DISINFORMATION,,PL,,,,,,,,,,,,,,
All,Manufacturer Center,2025-07-01/2025-12-31,KEYWORD_VIOLATION_EU_LAW,,PL,,,,,,,,,,,,,,
All,Manufacturer Center,2025-07-01/2025-12-31,KEYWORD_VIOLATION_NATIONAL_LAW,,PL,,,,,,,,,,,,,,
All,Manufacturer Center,2025-07-01/2025-12-31,KEYWORD_OTHER,ELECTORAL,PL,,,,,,,,,,,,,,
All,Manufacturer Center,2025-07-01/2025-12-31,KEYWORD_OTHER,HACKED_POLITICAL_MATERIALS,PL,,,,,,,,,,,,,,
All,Manufacturer Center,2025-07-01/2025-12-31,KEYWORD_OTHER,POLITICAL_CONTENT,PL,,,,,,,,,,,,,,
All,Manufacturer Center,2025-07-01/2025-12-31,KEYWORD_OTHER,SOCIAL_STABILITY,PL,,,,,,,,,,,,,,
All,Manufacturer Center,2025-07-01/2025-12-31,KEYWORD_OTHER,SOCIETAL_VALUES,PL,,,,,,,,,,,,,,
All,Manufacturer Center,2025-07-01/2025-12-31,STATEMENT_CATEGORY_PROTECTION_OF_MINORS,,PL,,,,,,,,,,,,,,
All,Manufacturer Center,2025-07-01/2025-12-31,KEYWORD_AGE_SPECIFIC_RESTRICTIONS_MINORS,,PL,,,,,,,,,,,,,,
All,Manufacturer Center,2025-07-01/2025-12-31,KEYWORD_CHILD_SEXUAL_ABUSE_MATERIAL,,PL,,,,,,,,,,,,,,
All,Manufacturer Center,2025-07-01/2025-12-31,KEYWORD_CHILD_SEXUAL_ABUSE_MATERIAL_DEEPFAKE,,PL,,,,,,,,,,,,,,
All,Manufacturer Center,2025-07-01/2025-12-31,KEYWORD_GROOMING_SEXUAL_ENTICEMENT_MINORS,,PL,,,,,,,,,,,,,,
All,Manufacturer Center,2025-07-01/2025-12-31,KEYWORD_UNSAFE_CHALLENGES,,PL,,,,,,,,,,,,,,
All,Manufacturer Center,2025-07-01/2025-12-31,KEYWORD_OTHER,CHILD_ENDANGERMENT,PL,,,,,,,,,,,,,,
All,Manufacturer Center,2025-07-01/2025-12-31,KEYWORD_OTHER,CHILD_SAFETY,PL,,,,,,,,,,,,,,
All,Manufacturer Center,2025-07-01/2025-12-31,KEYWORD_OTHER,HARMFUL_OR_DANGEROUS_ACTS_CHALLENGES_AND_PRANKS,PL,,,,,,,,,,,,,,
All,Manufacturer Center,2025-07-01/2025-12-31,KEYWORD_OTHER,KNOWN_SERIES,PL,,,,,,,,,,,,,,
All,Manufacturer Center,2025-07-01/2025-12-31,KEYWORD_OTHER,PROTECTION_OF_MINORS,PL,,,,,,,,,,,,,,
All,Manufacturer Center,2025-07-01/2025-12-31,KEYWORD_OTHER,UNAUTHORIZED_IMAGE_OF_MINORS,PL,,,,,,,,,,,,,,
All,Manufacturer Center,2025-07-01/2025-12-31,STATEMENT_CATEGORY_RISK_FOR_PUBLIC_SECURITY,,PL,,,,,,,,,,,,,,
All,Manufacturer Center,2025-07-01/2025-12-31,KEYWORD_ILLEGAL_ORGANIZATIONS,,PL,,,,,,,,,,,,,,
All,Manufacturer Center,2025-07-01/2025-12-31,KEYWORD_RISK_ENVIRONMENTAL_DAMAGE,,PL,,,,,,,,,,,,,,
All,Manufacturer Center,2025-07-01/2025-12-31,KEYWORD_RISK_PUBLIC_HEALTH,,PL,,,,,,,,,,,,,,
All,Manufacturer Center,2025-07-01/2025-12-31,KEYWORD_TERRORIST_CONTENT,,PL,,,,,,,,,,,,,,
All,Manufacturer Center,2025-07-01/2025-12-31,KEYWORD_OTHER,COURT_ORDER,PL,,,,,,,,,,,,,,
All,Manufacturer Center,2025-07-01/2025-12-31,KEYWORD_OTHER,RISK_FOR_PUBLIC_SECURITY,PL,,,,,,,,,,,,,,
All,Manufacturer Center,2025-07-01/2025-12-31,KEYWORD_OTHER,SENSITIVE_EVENTS,PL,,,,,,,,,,,,,,
All,Manufacturer Center,2025-07-01/2025-12-31,KEYWORD_OTHER,VIOLENT_EXTREMISM,PL,,,,,,,,,,,,,,
All,Manufacturer Center,2025-07-01/2025-12-31,KEYWORD_OTHER,WRONGFUL_OR_UNAUTHORIZED_USE_OF_SYMBOLS,PL,,,,,,,,,,,,,,
All,Manufacturer Center,2025-07-01/2025-12-31,STATEMENT_CATEGORY_SCAMS_AND_FRAUD,,PL,,,,,,,,,,,,,,
All,Manufacturer Center,2025-07-01/2025-12-31,KEYWORD_IMPERSONATION_ACCOUNT_HIJACKING,,PL,,,,,,,,,,,,,,
All,Manufacturer Center,2025-07-01/2025-12-31,KEYWORD_INAUTHENTIC_ACCOUNTS,,PL,,,,,,,,,,,,,,
All,Manufacturer Center,2025-07-01/2025-12-31,KEYWORD_INAUTHENTIC_LISTINGS,,PL,,,,,,,,,,,,,,
All,Manufacturer Center,2025-07-01/2025-12-31,KEYWORD_INAUTHENTIC_USER_REVIEWS,,PL,,,,,,,,,,,,,,
All,Manufacturer Center,2025-07-01/2025-12-31,KEYWORD_PHISHING,,PL,,,,,,,,,,,,,,
All,Manufacturer Center,2025-07-01/2025-12-31,KEYWORD_PYRAMID_SCHEMES,,PL,,,,,,,,,,,,,,
All,Manufacturer Center,2025-07-01/2025-12-31,KEYWORD_OTHER,AD_FRAUD_POLICY,PL,,,,,,,,,,,,,,
All,Manufacturer Center,2025-07-01/2025-12-31,KEYWORD_OTHER,ENCOURAGEMENT_OF_DIGITAL_SECURITY_OR_TERMS_OF_SERVICE_VIOLATIONS,PL,,,,,,,,,,,,,,
All,Manufacturer Center,2025-07-01/2025-12-31,KEYWORD_OTHER,FRAUD,PL,,,,,,,,,,,,,,
All,Manufacturer Center,2025-07-01/2025-12-31,KEYWORD_OTHER,MALWARE,PL,,,,,,,,,,,,,,
All,Manufacturer Center,2025-07-01/2025-12-31,KEYWORD_OTHER,MALWARE_AND_PHISHING,PL,,,,,,,,,,,,,,
All,Manufacturer Center,2025-07-01/2025-12-31,KEYWORD_OTHER,MALWARE_AND_SYSTEM_CIRCUMVENTION,PL,,,,,,,,,,,,,,
All,Manufacturer Center,2025-07-01/2025-12-31,KEYWORD_OTHER,MISREPRESENTATION,PL,,,,,,,,,,,,,,
All,Manufacturer Center,2025-07-01/2025-12-31,KEYWORD_OTHER,SCAMS,PL,,,,,,,,,,,,,,
All,Manufacturer Center,2025-07-01/2025-12-31,KEYWORD_OTHER,SOCIAL_ENGINEERING_TACTICS,PL,,,,,,,,,,,,,,
All,Manufacturer Center,2025-07-01/2025-12-31,STATEMENT_CATEGORY_SELF_HARM,,PL,,,,,,,,,,,,,,
All,Manufacturer Center,2025-07-01/2025-12-31,KEYWORD_CONTENT_PROMOTING_EATING_DISORDERS,,PL,,,,,,,,,,,,,,
All,Manufacturer Center,2025-07-01/2025-12-31,KEYWORD_SELF_MUTILATION,,PL,,,,,,,,,,,,,,
All,Manufacturer Center,2025-07-01/2025-12-31,KEYWORD_SUICIDE,,PL,,,,,,,,,,,,,,
All,Manufacturer Center,2025-07-01/2025-12-31,KEYWORD_OTHER,SELF_HARM,PL,,,,,,,,,,,,,,
All,Manufacturer Center,2025-07-01/2025-12-31,KEYWORD_OTHER,SUICIDE_AND_SELF_HARM,PL,,,,,,,,,,,,,,
All,Manufacturer Center,2025-07-01/2025-12-31,STATEMENT_CATEGORY_UNSAFE_AND_PROHIBITED_PRODUCTS,,PL,,,,,,,,,,,,,,
All,Manufacturer Center,2025-07-01/2025-12-31,KEYWORD_PROHIBITED_PRODUCTS,,PL,,,,,,,,,,,,,,
All,Manufacturer Center,2025-07-01/2025-12-31,KEYWORD_UNSAFE_PRODUCTS,,PL,,,,,,,,,,,,,,
All,Manufacturer Center,2025-07-01/2025-12-31,KEYWORD_OTHER,COURT_ORDER,PL,,,,,,,,,,,,,,
All,Manufacturer Center,2025-07-01/2025-12-31,KEYWORD_OTHER,ENABLING_DISHONEST_BEHAVIOR,PL,,,,,,,,,,,,,,
All,Manufacturer Center,2025-07-01/2025-12-31,KEYWORD_OTHER,FIREARMS_AND_ILLEGAL_REGULATED_GOODS_OR_SERVICES,PL,,,,,,,,,,,,,,
All,Manufacturer Center,2025-07-01/2025-12-31,KEYWORD_OTHER,OTHER_LEGAL_NOTICES_OR_ORDERS,PL,,,,,,,,,,,,,,
All,Manufacturer Center,2025-07-01/2025-12-31,KEYWORD_OTHER,UNAUTHORIZED_PHARMACIES,PL,,,,,,,,,,,,,,
All,Manufacturer Center,2025-07-01/2025-12-31,STATEMENT_CATEGORY_VIOLENCE,,PL,,,,,,,,,,,,,,
All,Manufacturer Center,2025-07-01/2025-12-31,KEYWORD_COORDINATED_HARM,,PL,,,,,,,,,,,,,,
All,Manufacturer Center,2025-07-01/2025-12-31,KEYWORD_INCITEMENT_VIOLENCE_HATRED,,PL,,,,,,,,,,,,,,
All,Manufacturer Center,2025-07-01/2025-12-31,KEYWORD_HUMAN_EXPLOITATION,,PL,,,,,,,,,,,,,,
All,Manufacturer Center,2025-07-01/2025-12-31,KEYWORD_HUMAN_TRAFFICKING,,PL,,,,,,,,,,,,,,
All,Manufacturer Center,2025-07-01/2025-12-31,KEYWORD_TRAFFICKING_WOMEN_GIRLS,,PL,,,,,,,,,,,,,,
All,Manufacturer Center,2025-07-01/2025-12-31,KEYWORD_OTHER,DEPICTION_OF VIOLENCE,PL,,,,,,,,,,,,,,
All,Manufacturer Center,2025-07-01/2025-12-31,KEYWORD_OTHER,SHOCKING_CONTENT,PL,,,,,,,,,,,,,,
All,Manufacturer Center,2025-07-01/2025-12-31,KEYWORD_OTHER,VIOLENT_OR_GRAPHIC_CONTENT,PL,,,,,,,,,,,,,,
All,Manufacturer Center,2025-07-01/2025-12-31,STATEMENT_CATEGORY_NOT_SPECIFIED_ORDER,,PL,,,,,,,,,,,,,,
All,Manufacturer Center,2025-07-01/2025-12-31,TOTAL,,PT,,,,,,,,,,,,,,
All,Manufacturer Center,2025-07-01/2025-12-31,STATEMENT_CATEGORY_ANIMAL_WELFARE,,PT,,,,,,,,,,,,,,
All,Manufacturer Center,2025-07-01/2025-12-31,KEYWORD_ANIMAL_HARM,,PT,,,,,,,,,,,,,,
All,Manufacturer Center,2025-07-01/2025-12-31,KEYWORD_UNLAWFUL_SALE_ANIMALS,,PT,,,,,,,,,,,,,,
All,Manufacturer Center,2025-07-01/2025-12-31,KEYWORD_OTHER,ANIMAL_CRUELTY,PT,,,,,,,,,,,,,,
All,Manufacturer Center,2025-07-01/2025-12-31,KEYWORD_OTHER,ANIMAL_HARM_AND_UNLAWFUL_SALE,PT,,,,,,,,,,,,,,
All,Manufacturer Center,2025-07-01/2025-12-31,STATEMENT_CATEGORY_CONSUMER_INFORMATION,,PT,,,,,,,,,,,,,,
All,Manufacturer Center,2025-07-01/2025-12-31,KEYWORD_HIDDEN_ADVERTISEMENT,,PT,,,,,,,,,,,,,,
All,Manufacturer Center,2025-07-01/2025-12-31,KEYWORD_INSUFFICIENT_INFORMATION_ON_TRADERS,,PT,,,,,,,,,,,,,,
All,Manufacturer Center,2025-07-01/2025-12-31,KEYWORD_MISLEADING_INFO_GOODS_SERVICES,,PT,,,,,,,,,,,,,,
All,Manufacturer Center,2025-07-01/2025-12-31,KEYWORD_MISLEADING_INFO_CONSUMER_RIGHTS,,PT,,,,,,,,,,,,,,
All,Manufacturer Center,2025-07-01/2025-12-31,KEYWORD_NONCOMPLIANCE_PRICING,,PT,,,,,,,,,,,,,,
All,Manufacturer Center,2025-07-01/2025-12-31,KEYWORD_OTHER,CONSUMER_PROTECTION,PT,,,,,,,,,,,,,,
All,Manufacturer Center,2025-07-01/2025-12-31,KEYWORD_OTHER,MISREPRESENTATION,PT,,,,,,,,,,,,,,
All,Manufacturer Center,2025-07-01/2025-12-31,STATEMENT_CATEGORY_CYBER_VIOLENCE,,PT,,,,,,,,,,,,,,
All,Manufacturer Center,2025-07-01/2025-12-31,KEYWORD_CYBER_BULLYING_INTIMIDATION,,PT,,,,,,,,,,,,,,
All,Manufacturer Center,2025-07-01/2025-12-31,KEYWORD_CYBER_HARASSMENT,,PT,,,,,,,,,,,,,,
All,Manufacturer Center,2025-07-01/2025-12-31,KEYWORD_CYBER_INCITEMENT,,PT,,,,,,,,,,,,,,
All,Manufacturer Center,2025-07-01/2025-12-31,KEYWORD_CYBER_STALKING,,PT,,,,,,,,,,,,,,
All,Manufacturer Center,2025-07-01/2025-12-31,KEYWORD_NON_CONSENSUAL_IMAGE_SHARING,,PT,,,,,,,,,,,,,,
All,Manufacturer Center,2025-07-01/2025-12-31,KEYWORD_NON_CONSENSUAL_MATERIAL_DEEPFAKE,,PT,,,,,,,,,,,,,,
All,Manufacturer Center,2025-07-01/2025-12-31,KEYWORD_OTHER,DOXING,PT,,,,,,,,,,,,,,
All,Manufacturer Center,2025-07-01/2025-12-31,KEYWORD_OTHER,HARASSMENT,PT,,,,,,,,,,,,,,
All,Manufacturer Center,2025-07-01/2025-12-31,KEYWORD_OTHER,HARASSMENT_AND_CYBERBULLYING,PT,,,,,,,,,,,,,,
All,Manufacturer Center,2025-07-01/2025-12-31,KEYWORD_OTHER,HARMFUL_ACTIVITIES,PT,,,,,,,,,,,,,,
All,Manufacturer Center,2025-07-01/2025-12-31,KEYWORD_OTHER,SEXUAL_HARASSMENT,PT,,,,,,,,,,,,,,
All,Manufacturer Center,2025-07-01/2025-12-31,KEYWORD_OTHER,OBSCENITY_OR_PORNOGRAPHY,PT,,,,,,,,,,,,,,
All,Manufacturer Center,2025-07-01/2025-12-31,KEYWORD_OTHER,UNSAFE_CONTENT,PT,,,,,,,,,,,,,,
All,Manufacturer Center,2025-07-01/2025-12-31,STATEMENT_CATEGORY_CYBER_VIOLENCE_AGAINST_WOMEN,,PT,,,,,,,,,,,,,,
All,Manufacturer Center,2025-07-01/2025-12-31,KEYWORD_BULLYING_AGAINST_GIRLS,,PT,,,,,,,,,,,,,,
All,Manufacturer Center,2025-07-01/2025-12-31,KEYWORD_CYBER_HARASSMENT_AGAINST_WOMEN,,PT,,,,,,,,,,,,,,
All,Manufacturer Center,2025-07-01/2025-12-31,KEYWORD_CYBER_STALKING_AGAINST_WOMEN,,PT,,,,,,,,,,,,,,
All,Manufacturer Center,2025-07-01/2025-12-31,KEYWORD_FEMALE_GENDERED_DISINFORMATION,,PT,,,,,,,,,,,,,,
All,Manufacturer Center,2025-07-01/2025-12-31,KEYWORD_INCITEMENT_AGAINST_WOMEN,,PT,,,,,,,,,,,,,,
All,Manufacturer Center,2025-07-01/2025-12-31,KEYWORD_NON_CONSENSUAL_IMAGE_SHARING_AGAINST_WOMEN,,PT,,,,,,,,,,,,,,
All,Manufacturer Center,2025-07-01/2025-12-31,KEYWORD_NON_CONSENSUAL_MATERIAL_DEEPFAKE_AGAINST_WOMEN,,PT,,,,,,,,,,,,,,
All,Manufacturer Center,2025-07-01/2025-12-31,KEYWORD_OTHER,"Text to detail the ""Other"" keyword.",PT,,,,,,,,,,,,,,
All,Manufacturer Center,2025-07-01/2025-12-31,STATEMENT_CATEGORY_DATA_PROTECTION_AND_PRIVACY_VIOLATIONS,,PT,,,,,,,,,,,,,,
All,Manufacturer Center,2025-07-01/2025-12-31,KEYWORD_BIOMETRIC_DATA_BREACH,,PT,,,,,,,,,,,,,,
All,Manufacturer Center,2025-07-01/2025-12-31,KEYWORD_DATA_FALSIFICATION,,PT,,,,,,,,,,,,,,
All,Manufacturer Center,2025-07-01/2025-12-31,KEYWORD_MISSING_PROCESSING_GROUND,,PT,,,,,,,,,,,,,,
All,Manufacturer Center,2025-07-01/2025-12-31,KEYWORD_RIGHT_TO_BE_FORGOTTEN,,PT,,,,,,,,,,,,,,
All,Manufacturer Center,2025-07-01/2025-12-31,KEYWORD_OTHER,DATA_COLLECTION_AND_USE,PT,,,,,,,,,,,,,,
All,Manufacturer Center,2025-07-01/2025-12-31,KEYWORD_OTHER,DISCLOSURE_AND_CONSENT_PRACTICES,PT,,,,,,,,,,,,,,
All,Manufacturer Center,2025-07-01/2025-12-31,KEYWORD_OTHER,GDPR,PT,,,,,,,,,,,,,,
All,Manufacturer Center,2025-07-01/2025-12-31,KEYWORD_OTHER,PERSONAL_INFORMATION,PT,,,,,,,,,,,,,,
All,Manufacturer Center,2025-07-01/2025-12-31,KEYWORD_OTHER,PERSONAL_RIGHTS,PT,,,,,,,,,,,,,,
All,Manufacturer Center,2025-07-01/2025-12-31,KEYWORD_OTHER,PERSONALIZED_ADVERTISING,PT,,,,,,,,,,,,,,
All,Manufacturer Center,2025-07-01/2025-12-31,KEYWORD_OTHER,PRIVACY,PT,,,,,,,,,,,,,,
All,Manufacturer Center,2025-07-01/2025-12-31,KEYWORD_OTHER,PRIVACY_POLICY,PT,,,,,,,,,,,,,,
All,Manufacturer Center,2025-07-01/2025-12-31,KEYWORD_OTHER,UNSECURE_DATA_HANDLING,PT,,,,,,,,,,,,,,
All,Manufacturer Center,2025-07-01/2025-12-31,STATEMENT_CATEGORY_ILLEGAL_OR_HARMFUL_SPEECH,,PT,,,,,,,,,,,,,,
All,Manufacturer Center,2025-07-01/2025-12-31,KEYWORD_DEFAMATION,,PT,,,,,,,,,,,,,,
All,Manufacturer Center,2025-07-01/2025-12-31,KEYWORD_DISCRIMINATION,,PT,,,,,,,,,,,,,,
All,Manufacturer Center,2025-07-01/2025-12-31,KEYWORD_HATE_SPEECH,,PT,,,,,,,,,,,,,,
All,Manufacturer Center,2025-07-01/2025-12-31,KEYWORD_OTHER,HATEFUL_OR_ABUSIVE,PT,,,,,,,,,,,,,,
All,Manufacturer Center,2025-07-01/2025-12-31,KEYWORD_OTHER,ILLEGAL_OR_HARMFUL_SPEECH,PT,,,,,,,,,,,,,,
All,Manufacturer Center,2025-07-01/2025-12-31,KEYWORD_OTHER,OBSCENITY_AND_PROFANITY,PT,,,,,,,,,,,,,,
All,Manufacturer Center,2025-07-01/2025-12-31,KEYWORD_OTHER,OFFENSIVE_CONTENT,PT,,,,,,,,,,,,,,
All,Manufacturer Center,2025-07-01/2025-12-31,KEYWORD_OTHER,UNSAFE_CONTENT,PT,,,,,,,,,,,,,,
All,Manufacturer Center,2025-07-01/2025-12-31,STATEMENT_CATEGORY_INTELLECTUAL_PROPERTY_INFRINGEMENTS,,PT,,,,,,,,,,,,,,
All,Manufacturer Center,2025-07-01/2025-12-31,KEYWORD_COPYRIGHT_INFRINGEMENT,,PT,,,,,,,,,,,,,,
All,Manufacturer Center,2025-07-01/2025-12-31,KEYWORD_DESIGN_INFRINGEMENT,,PT,,,,,,,,,,,,,,
All,Manufacturer Center,2025-07-01/2025-12-31,KEYWORD_GEOGRAPHIC_INDICATIONS_INFRINGEMENT,,PT,,,,,,,,,,,,,,
All,Manufacturer Center,2025-07-01/2025-12-31,KEYWORD_PATENT_INFRINGEMENT,,PT,,,,,,,,,,,,,,
All,Manufacturer Center,2025-07-01/2025-12-31,KEYWORD_TRADE_SECRET_INFRINGEMENT,,PT,,,,,,,,,,,,,,
All,Manufacturer Center,2025-07-01/2025-12-31,KEYWORD_TRADEMARK_INFRINGEMENT,,PT,,,,,,,,,,,,,,
All,Manufacturer Center,2025-07-01/2025-12-31,KEYWORD_OTHER,CIRCUMVENTION,PT,,,,,,,,,,,,,,
All,Manufacturer Center,2025-07-01/2025-12-31,KEYWORD_OTHER,INTELLECTUAL PROPERTY,PT,,,,,,,,,,,,,,
All,Manufacturer Center,2025-07-01/2025-12-31,STATEMENT_CATEGORY_NEGATIVE_EFFECTS_ON_CIVIC_DISCOURSE_OR_ELECTIONS,,PT,,,,,,,,,,,,,,
All,Manufacturer Center,2025-07-01/2025-12-31,KEYWORD_MISINFORMATION_DISINFORMATION,,PT,,,,,,,,,,,,,,
All,Manufacturer Center,2025-07-01/2025-12-31,KEYWORD_VIOLATION_EU_LAW,,PT,,,,,,,,,,,,,,
All,Manufacturer Center,2025-07-01/2025-12-31,KEYWORD_VIOLATION_NATIONAL_LAW,,PT,,,,,,,,,,,,,,
All,Manufacturer Center,2025-07-01/2025-12-31,KEYWORD_OTHER,ELECTORAL,PT,,,,,,,,,,,,,,
All,Manufacturer Center,2025-07-01/2025-12-31,KEYWORD_OTHER,HACKED_POLITICAL_MATERIALS,PT,,,,,,,,,,,,,,
All,Manufacturer Center,2025-07-01/2025-12-31,KEYWORD_OTHER,POLITICAL_CONTENT,PT,,,,,,,,,,,,,,
All,Manufacturer Center,2025-07-01/2025-12-31,KEYWORD_OTHER,SOCIAL_STABILITY,PT,,,,,,,,,,,,,,
All,Manufacturer Center,2025-07-01/2025-12-31,KEYWORD_OTHER,SOCIETAL_VALUES,PT,,,,,,,,,,,,,,
All,Manufacturer Center,2025-07-01/2025-12-31,STATEMENT_CATEGORY_PROTECTION_OF_MINORS,,PT,,,,,,,,,,,,,,
All,Manufacturer Center,2025-07-01/2025-12-31,KEYWORD_AGE_SPECIFIC_RESTRICTIONS_MINORS,,PT,,,,,,,,,,,,,,
All,Manufacturer Center,2025-07-01/2025-12-31,KEYWORD_CHILD_SEXUAL_ABUSE_MATERIAL,,PT,,,,,,,,,,,,,,
All,Manufacturer Center,2025-07-01/2025-12-31,KEYWORD_CHILD_SEXUAL_ABUSE_MATERIAL_DEEPFAKE,,PT,,,,,,,,,,,,,,
All,Manufacturer Center,2025-07-01/2025-12-31,KEYWORD_GROOMING_SEXUAL_ENTICEMENT_MINORS,,PT,,,,,,,,,,,,,,
All,Manufacturer Center,2025-07-01/2025-12-31,KEYWORD_UNSAFE_CHALLENGES,,PT,,,,,,,,,,,,,,
All,Manufacturer Center,2025-07-01/2025-12-31,KEYWORD_OTHER,CHILD_ENDANGERMENT,PT,,,,,,,,,,,,,,
All,Manufacturer Center,2025-07-01/2025-12-31,KEYWORD_OTHER,CHILD_SAFETY,PT,,,,,,,,,,,,,,
All,Manufacturer Center,2025-07-01/2025-12-31,KEYWORD_OTHER,HARMFUL_OR_DANGEROUS_ACTS_CHALLENGES_AND_PRANKS,PT,,,,,,,,,,,,,,
All,Manufacturer Center,2025-07-01/2025-12-31,KEYWORD_OTHER,KNOWN_SERIES,PT,,,,,,,,,,,,,,
All,Manufacturer Center,2025-07-01/2025-12-31,KEYWORD_OTHER,PROTECTION_OF_MINORS,PT,,,,,,,,,,,,,,
All,Manufacturer Center,2025-07-01/2025-12-31,KEYWORD_OTHER,UNAUTHORIZED_IMAGE_OF_MINORS,PT,,,,,,,,,,,,,,
All,Manufacturer Center,2025-07-01/2025-12-31,STATEMENT_CATEGORY_RISK_FOR_PUBLIC_SECURITY,,PT,,,,,,,,,,,,,,
All,Manufacturer Center,2025-07-01/2025-12-31,KEYWORD_ILLEGAL_ORGANIZATIONS,,PT,,,,,,,,,,,,,,
All,Manufacturer Center,2025-07-01/2025-12-31,KEYWORD_RISK_ENVIRONMENTAL_DAMAGE,,PT,,,,,,,,,,,,,,
All,Manufacturer Center,2025-07-01/2025-12-31,KEYWORD_RISK_PUBLIC_HEALTH,,PT,,,,,,,,,,,,,,
All,Manufacturer Center,2025-07-01/2025-12-31,KEYWORD_TERRORIST_CONTENT,,PT,,,,,,,,,,,,,,
All,Manufacturer Center,2025-07-01/2025-12-31,KEYWORD_OTHER,COURT_ORDER,PT,,,,,,,,,,,,,,
All,Manufacturer Center,2025-07-01/2025-12-31,KEYWORD_OTHER,RISK_FOR_PUBLIC_SECURITY,PT,,,,,,,,,,,,,,
All,Manufacturer Center,2025-07-01/2025-12-31,KEYWORD_OTHER,SENSITIVE_EVENTS,PT,,,,,,,,,,,,,,
All,Manufacturer Center,2025-07-01/2025-12-31,KEYWORD_OTHER,VIOLENT_EXTREMISM,PT,,,,,,,,,,,,,,
All,Manufacturer Center,2025-07-01/2025-12-31,KEYWORD_OTHER,WRONGFUL_OR_UNAUTHORIZED_USE_OF_SYMBOLS,PT,,,,,,,,,,,,,,
All,Manufacturer Center,2025-07-01/2025-12-31,STATEMENT_CATEGORY_SCAMS_AND_FRAUD,,PT,,,,,,,,,,,,,,
All,Manufacturer Center,2025-07-01/2025-12-31,KEYWORD_IMPERSONATION_ACCOUNT_HIJACKING,,PT,,,,,,,,,,,,,,
All,Manufacturer Center,2025-07-01/2025-12-31,KEYWORD_INAUTHENTIC_ACCOUNTS,,PT,,,,,,,,,,,,,,
All,Manufacturer Center,2025-07-01/2025-12-31,KEYWORD_INAUTHENTIC_LISTINGS,,PT,,,,,,,,,,,,,,
All,Manufacturer Center,2025-07-01/2025-12-31,KEYWORD_INAUTHENTIC_USER_REVIEWS,,PT,,,,,,,,,,,,,,
All,Manufacturer Center,2025-07-01/2025-12-31,KEYWORD_PHISHING,,PT,,,,,,,,,,,,,,
All,Manufacturer Center,2025-07-01/2025-12-31,KEYWORD_PYRAMID_SCHEMES,,PT,,,,,,,,,,,,,,
All,Manufacturer Center,2025-07-01/2025-12-31,KEYWORD_OTHER,AD_FRAUD_POLICY,PT,,,,,,,,,,,,,,
All,Manufacturer Center,2025-07-01/2025-12-31,KEYWORD_OTHER,ENCOURAGEMENT_OF_DIGITAL_SECURITY_OR_TERMS_OF_SERVICE_VIOLATIONS,PT,,,,,,,,,,,,,,
All,Manufacturer Center,2025-07-01/2025-12-31,KEYWORD_OTHER,FRAUD,PT,,,,,,,,,,,,,,
All,Manufacturer Center,2025-07-01/2025-12-31,KEYWORD_OTHER,MALWARE,PT,,,,,,,,,,,,,,
All,Manufacturer Center,2025-07-01/2025-12-31,KEYWORD_OTHER,MALWARE_AND_PHISHING,PT,,,,,,,,,,,,,,
All,Manufacturer Center,2025-07-01/2025-12-31,KEYWORD_OTHER,MALWARE_AND_SYSTEM_CIRCUMVENTION,PT,,,,,,,,,,,,,,
All,Manufacturer Center,2025-07-01/2025-12-31,KEYWORD_OTHER,MISREPRESENTATION,PT,,,,,,,,,,,,,,
All,Manufacturer Center,2025-07-01/2025-12-31,KEYWORD_OTHER,SCAMS,PT,,,,,,,,,,,,,,
All,Manufacturer Center,2025-07-01/2025-12-31,KEYWORD_OTHER,SOCIAL_ENGINEERING_TACTICS,PT,,,,,,,,,,,,,,
All,Manufacturer Center,2025-07-01/2025-12-31,STATEMENT_CATEGORY_SELF_HARM,,PT,,,,,,,,,,,,,,
All,Manufacturer Center,2025-07-01/2025-12-31,KEYWORD_CONTENT_PROMOTING_EATING_DISORDERS,,PT,,,,,,,,,,,,,,
All,Manufacturer Center,2025-07-01/2025-12-31,KEYWORD_SELF_MUTILATION,,PT,,,,,,,,,,,,,,
All,Manufacturer Center,2025-07-01/2025-12-31,KEYWORD_SUICIDE,,PT,,,,,,,,,,,,,,
All,Manufacturer Center,2025-07-01/2025-12-31,KEYWORD_OTHER,SELF_HARM,PT,,,,,,,,,,,,,,
All,Manufacturer Center,2025-07-01/2025-12-31,KEYWORD_OTHER,SUICIDE_AND_SELF_HARM,PT,,,,,,,,,,,,,,
All,Manufacturer Center,2025-07-01/2025-12-31,STATEMENT_CATEGORY_UNSAFE_AND_PROHIBITED_PRODUCTS,,PT,,,,,,,,,,,,,,
All,Manufacturer Center,2025-07-01/2025-12-31,KEYWORD_PROHIBITED_PRODUCTS,,PT,,,,,,,,,,,,,,
All,Manufacturer Center,2025-07-01/2025-12-31,KEYWORD_UNSAFE_PRODUCTS,,PT,,,,,,,,,,,,,,
All,Manufacturer Center,2025-07-01/2025-12-31,KEYWORD_OTHER,COURT_ORDER,PT,,,,,,,,,,,,,,
All,Manufacturer Center,2025-07-01/2025-12-31,KEYWORD_OTHER,ENABLING_DISHONEST_BEHAVIOR,PT,,,,,,,,,,,,,,
All,Manufacturer Center,2025-07-01/2025-12-31,KEYWORD_OTHER,FIREARMS_AND_ILLEGAL_REGULATED_GOODS_OR_SERVICES,PT,,,,,,,,,,,,,,
All,Manufacturer Center,2025-07-01/2025-12-31,KEYWORD_OTHER,OTHER_LEGAL_NOTICES_OR_ORDERS,PT,,,,,,,,,,,,,,
All,Manufacturer Center,2025-07-01/2025-12-31,KEYWORD_OTHER,UNAUTHORIZED_PHARMACIES,PT,,,,,,,,,,,,,,
All,Manufacturer Center,2025-07-01/2025-12-31,STATEMENT_CATEGORY_VIOLENCE,,PT,,,,,,,,,,,,,,
All,Manufacturer Center,2025-07-01/2025-12-31,KEYWORD_COORDINATED_HARM,,PT,,,,,,,,,,,,,,
All,Manufacturer Center,2025-07-01/2025-12-31,KEYWORD_INCITEMENT_VIOLENCE_HATRED,,PT,,,,,,,,,,,,,,
All,Manufacturer Center,2025-07-01/2025-12-31,KEYWORD_HUMAN_EXPLOITATION,,PT,,,,,,,,,,,,,,
All,Manufacturer Center,2025-07-01/2025-12-31,KEYWORD_HUMAN_TRAFFICKING,,PT,,,,,,,,,,,,,,
All,Manufacturer Center,2025-07-01/2025-12-31,KEYWORD_TRAFFICKING_WOMEN_GIRLS,,PT,,,,,,,,,,,,,,
All,Manufacturer Center,2025-07-01/2025-12-31,KEYWORD_OTHER,DEPICTION_OF VIOLENCE,PT,,,,,,,,,,,,,,
All,Manufacturer Center,2025-07-01/2025-12-31,KEYWORD_OTHER,SHOCKING_CONTENT,PT,,,,,,,,,,,,,,
All,Manufacturer Center,2025-07-01/2025-12-31,KEYWORD_OTHER,VIOLENT_OR_GRAPHIC_CONTENT,PT,,,,,,,,,,,,,,
All,Manufacturer Center,2025-07-01/2025-12-31,STATEMENT_CATEGORY_NOT_SPECIFIED_ORDER,,PT,,,,,,,,,,,,,,
All,Manufacturer Center,2025-07-01/2025-12-31,TOTAL,,RO,,,,,,,,,,,,,,
All,Manufacturer Center,2025-07-01/2025-12-31,STATEMENT_CATEGORY_ANIMAL_WELFARE,,RO,,,,,,,,,,,,,,
All,Manufacturer Center,2025-07-01/2025-12-31,KEYWORD_ANIMAL_HARM,,RO,,,,,,,,,,,,,,
All,Manufacturer Center,2025-07-01/2025-12-31,KEYWORD_UNLAWFUL_SALE_ANIMALS,,RO,,,,,,,,,,,,,,
All,Manufacturer Center,2025-07-01/2025-12-31,KEYWORD_OTHER,ANIMAL_CRUELTY,RO,,,,,,,,,,,,,,
All,Manufacturer Center,2025-07-01/2025-12-31,KEYWORD_OTHER,ANIMAL_HARM_AND_UNLAWFUL_SALE,RO,,,,,,,,,,,,,,
All,Manufacturer Center,2025-07-01/2025-12-31,STATEMENT_CATEGORY_CONSUMER_INFORMATION,,RO,,,,,,,,,,,,,,
All,Manufacturer Center,2025-07-01/2025-12-31,KEYWORD_HIDDEN_ADVERTISEMENT,,RO,,,,,,,,,,,,,,
All,Manufacturer Center,2025-07-01/2025-12-31,KEYWORD_INSUFFICIENT_INFORMATION_ON_TRADERS,,RO,,,,,,,,,,,,,,
All,Manufacturer Center,2025-07-01/2025-12-31,KEYWORD_MISLEADING_INFO_GOODS_SERVICES,,RO,,,,,,,,,,,,,,
All,Manufacturer Center,2025-07-01/2025-12-31,KEYWORD_MISLEADING_INFO_CONSUMER_RIGHTS,,RO,,,,,,,,,,,,,,
All,Manufacturer Center,2025-07-01/2025-12-31,KEYWORD_NONCOMPLIANCE_PRICING,,RO,,,,,,,,,,,,,,
All,Manufacturer Center,2025-07-01/2025-12-31,KEYWORD_OTHER,CONSUMER_PROTECTION,RO,,,,,,,,,,,,,,
All,Manufacturer Center,2025-07-01/2025-12-31,KEYWORD_OTHER,MISREPRESENTATION,RO,,,,,,,,,,,,,,
All,Manufacturer Center,2025-07-01/2025-12-31,STATEMENT_CATEGORY_CYBER_VIOLENCE,,RO,,,,,,,,,,,,,,
All,Manufacturer Center,2025-07-01/2025-12-31,KEYWORD_CYBER_BULLYING_INTIMIDATION,,RO,,,,,,,,,,,,,,
All,Manufacturer Center,2025-07-01/2025-12-31,KEYWORD_CYBER_HARASSMENT,,RO,,,,,,,,,,,,,,
All,Manufacturer Center,2025-07-01/2025-12-31,KEYWORD_CYBER_INCITEMENT,,RO,,,,,,,,,,,,,,
All,Manufacturer Center,2025-07-01/2025-12-31,KEYWORD_CYBER_STALKING,,RO,,,,,,,,,,,,,,
All,Manufacturer Center,2025-07-01/2025-12-31,KEYWORD_NON_CONSENSUAL_IMAGE_SHARING,,RO,,,,,,,,,,,,,,
All,Manufacturer Center,2025-07-01/2025-12-31,KEYWORD_NON_CONSENSUAL_MATERIAL_DEEPFAKE,,RO,,,,,,,,,,,,,,
All,Manufacturer Center,2025-07-01/2025-12-31,KEYWORD_OTHER,DOXING,RO,,,,,,,,,,,,,,
All,Manufacturer Center,2025-07-01/2025-12-31,KEYWORD_OTHER,HARASSMENT,RO,,,,,,,,,,,,,,
All,Manufacturer Center,2025-07-01/2025-12-31,KEYWORD_OTHER,HARASSMENT_AND_CYBERBULLYING,RO,,,,,,,,,,,,,,
All,Manufacturer Center,2025-07-01/2025-12-31,KEYWORD_OTHER,HARMFUL_ACTIVITIES,RO,,,,,,,,,,,,,,
All,Manufacturer Center,2025-07-01/2025-12-31,KEYWORD_OTHER,SEXUAL_HARASSMENT,RO,,,,,,,,,,,,,,
All,Manufacturer Center,2025-07-01/2025-12-31,KEYWORD_OTHER,OBSCENITY_OR_PORNOGRAPHY,RO,,,,,,,,,,,,,,
All,Manufacturer Center,2025-07-01/2025-12-31,KEYWORD_OTHER,UNSAFE_CONTENT,RO,,,,,,,,,,,,,,
All,Manufacturer Center,2025-07-01/2025-12-31,STATEMENT_CATEGORY_CYBER_VIOLENCE_AGAINST_WOMEN,,RO,,,,,,,,,,,,,,
All,Manufacturer Center,2025-07-01/2025-12-31,KEYWORD_BULLYING_AGAINST_GIRLS,,RO,,,,,,,,,,,,,,
All,Manufacturer Center,2025-07-01/2025-12-31,KEYWORD_CYBER_HARASSMENT_AGAINST_WOMEN,,RO,,,,,,,,,,,,,,
All,Manufacturer Center,2025-07-01/2025-12-31,KEYWORD_CYBER_STALKING_AGAINST_WOMEN,,RO,,,,,,,,,,,,,,
All,Manufacturer Center,2025-07-01/2025-12-31,KEYWORD_FEMALE_GENDERED_DISINFORMATION,,RO,,,,,,,,,,,,,,
All,Manufacturer Center,2025-07-01/2025-12-31,KEYWORD_INCITEMENT_AGAINST_WOMEN,,RO,,,,,,,,,,,,,,
All,Manufacturer Center,2025-07-01/2025-12-31,KEYWORD_NON_CONSENSUAL_IMAGE_SHARING_AGAINST_WOMEN,,RO,,,,,,,,,,,,,,
All,Manufacturer Center,2025-07-01/2025-12-31,KEYWORD_NON_CONSENSUAL_MATERIAL_DEEPFAKE_AGAINST_WOMEN,,RO,,,,,,,,,,,,,,
All,Manufacturer Center,2025-07-01/2025-12-31,KEYWORD_OTHER,"Text to detail the ""Other"" keyword.",RO,,,,,,,,,,,,,,
All,Manufacturer Center,2025-07-01/2025-12-31,STATEMENT_CATEGORY_DATA_PROTECTION_AND_PRIVACY_VIOLATIONS,,RO,,,,,,,,,,,,,,
All,Manufacturer Center,2025-07-01/2025-12-31,KEYWORD_BIOMETRIC_DATA_BREACH,,RO,,,,,,,,,,,,,,
All,Manufacturer Center,2025-07-01/2025-12-31,KEYWORD_DATA_FALSIFICATION,,RO,,,,,,,,,,,,,,
All,Manufacturer Center,2025-07-01/2025-12-31,KEYWORD_MISSING_PROCESSING_GROUND,,RO,,,,,,,,,,,,,,
All,Manufacturer Center,2025-07-01/2025-12-31,KEYWORD_RIGHT_TO_BE_FORGOTTEN,,RO,,,,,,,,,,,,,,
All,Manufacturer Center,2025-07-01/2025-12-31,KEYWORD_OTHER,DATA_COLLECTION_AND_USE,RO,,,,,,,,,,,,,,
All,Manufacturer Center,2025-07-01/2025-12-31,KEYWORD_OTHER,DISCLOSURE_AND_CONSENT_PRACTICES,RO,,,,,,,,,,,,,,
All,Manufacturer Center,2025-07-01/2025-12-31,KEYWORD_OTHER,GDPR,RO,,,,,,,,,,,,,,
All,Manufacturer Center,2025-07-01/2025-12-31,KEYWORD_OTHER,PERSONAL_INFORMATION,RO,,,,,,,,,,,,,,
All,Manufacturer Center,2025-07-01/2025-12-31,KEYWORD_OTHER,PERSONAL_RIGHTS,RO,,,,,,,,,,,,,,
All,Manufacturer Center,2025-07-01/2025-12-31,KEYWORD_OTHER,PERSONALIZED_ADVERTISING,RO,,,,,,,,,,,,,,
All,Manufacturer Center,2025-07-01/2025-12-31,KEYWORD_OTHER,PRIVACY,RO,,,,,,,,,,,,,,
All,Manufacturer Center,2025-07-01/2025-12-31,KEYWORD_OTHER,PRIVACY_POLICY,RO,,,,,,,,,,,,,,
All,Manufacturer Center,2025-07-01/2025-12-31,KEYWORD_OTHER,UNSECURE_DATA_HANDLING,RO,,,,,,,,,,,,,,
All,Manufacturer Center,2025-07-01/2025-12-31,STATEMENT_CATEGORY_ILLEGAL_OR_HARMFUL_SPEECH,,RO,,,,,,,,,,,,,,
All,Manufacturer Center,2025-07-01/2025-12-31,KEYWORD_DEFAMATION,,RO,,,,,,,,,,,,,,
All,Manufacturer Center,2025-07-01/2025-12-31,KEYWORD_DISCRIMINATION,,RO,,,,,,,,,,,,,,
All,Manufacturer Center,2025-07-01/2025-12-31,KEYWORD_HATE_SPEECH,,RO,,,,,,,,,,,,,,
All,Manufacturer Center,2025-07-01/2025-12-31,KEYWORD_OTHER,HATEFUL_OR_ABUSIVE,RO,,,,,,,,,,,,,,
All,Manufacturer Center,2025-07-01/2025-12-31,KEYWORD_OTHER,ILLEGAL_OR_HARMFUL_SPEECH,RO,,,,,,,,,,,,,,
All,Manufacturer Center,2025-07-01/2025-12-31,KEYWORD_OTHER,OBSCENITY_AND_PROFANITY,RO,,,,,,,,,,,,,,
All,Manufacturer Center,2025-07-01/2025-12-31,KEYWORD_OTHER,OFFENSIVE_CONTENT,RO,,,,,,,,,,,,,,
All,Manufacturer Center,2025-07-01/2025-12-31,KEYWORD_OTHER,UNSAFE_CONTENT,RO,,,,,,,,,,,,,,
All,Manufacturer Center,2025-07-01/2025-12-31,STATEMENT_CATEGORY_INTELLECTUAL_PROPERTY_INFRINGEMENTS,,RO,,,,,,,,,,,,,,
All,Manufacturer Center,2025-07-01/2025-12-31,KEYWORD_COPYRIGHT_INFRINGEMENT,,RO,,,,,,,,,,,,,,
All,Manufacturer Center,2025-07-01/2025-12-31,KEYWORD_DESIGN_INFRINGEMENT,,RO,,,,,,,,,,,,,,
All,Manufacturer Center,2025-07-01/2025-12-31,KEYWORD_GEOGRAPHIC_INDICATIONS_INFRINGEMENT,,RO,,,,,,,,,,,,,,
All,Manufacturer Center,2025-07-01/2025-12-31,KEYWORD_PATENT_INFRINGEMENT,,RO,,,,,,,,,,,,,,
All,Manufacturer Center,2025-07-01/2025-12-31,KEYWORD_TRADE_SECRET_INFRINGEMENT,,RO,,,,,,,,,,,,,,
All,Manufacturer Center,2025-07-01/2025-12-31,KEYWORD_TRADEMARK_INFRINGEMENT,,RO,,,,,,,,,,,,,,
All,Manufacturer Center,2025-07-01/2025-12-31,KEYWORD_OTHER,CIRCUMVENTION,RO,,,,,,,,,,,,,,
All,Manufacturer Center,2025-07-01/2025-12-31,KEYWORD_OTHER,INTELLECTUAL PROPERTY,RO,,,,,,,,,,,,,,
All,Manufacturer Center,2025-07-01/2025-12-31,STATEMENT_CATEGORY_NEGATIVE_EFFECTS_ON_CIVIC_DISCOURSE_OR_ELECTIONS,,RO,,,,,,,,,,,,,,
All,Manufacturer Center,2025-07-01/2025-12-31,KEYWORD_MISINFORMATION_DISINFORMATION,,RO,,,,,,,,,,,,,,
All,Manufacturer Center,2025-07-01/2025-12-31,KEYWORD_VIOLATION_EU_LAW,,RO,,,,,,,,,,,,,,
All,Manufacturer Center,2025-07-01/2025-12-31,KEYWORD_VIOLATION_NATIONAL_LAW,,RO,,,,,,,,,,,,,,
All,Manufacturer Center,2025-07-01/2025-12-31,KEYWORD_OTHER,ELECTORAL,RO,,,,,,,,,,,,,,
All,Manufacturer Center,2025-07-01/2025-12-31,KEYWORD_OTHER,HACKED_POLITICAL_MATERIALS,RO,,,,,,,,,,,,,,
All,Manufacturer Center,2025-07-01/2025-12-31,KEYWORD_OTHER,POLITICAL_CONTENT,RO,,,,,,,,,,,,,,
All,Manufacturer Center,2025-07-01/2025-12-31,KEYWORD_OTHER,SOCIAL_STABILITY,RO,,,,,,,,,,,,,,
All,Manufacturer Center,2025-07-01/2025-12-31,KEYWORD_OTHER,SOCIETAL_VALUES,RO,,,,,,,,,,,,,,
All,Manufacturer Center,2025-07-01/2025-12-31,STATEMENT_CATEGORY_PROTECTION_OF_MINORS,,RO,,,,,,,,,,,,,,
All,Manufacturer Center,2025-07-01/2025-12-31,KEYWORD_AGE_SPECIFIC_RESTRICTIONS_MINORS,,RO,,,,,,,,,,,,,,
All,Manufacturer Center,2025-07-01/2025-12-31,KEYWORD_CHILD_SEXUAL_ABUSE_MATERIAL,,RO,,,,,,,,,,,,,,
All,Manufacturer Center,2025-07-01/2025-12-31,KEYWORD_CHILD_SEXUAL_ABUSE_MATERIAL_DEEPFAKE,,RO,,,,,,,,,,,,,,
All,Manufacturer Center,2025-07-01/2025-12-31,KEYWORD_GROOMING_SEXUAL_ENTICEMENT_MINORS,,RO,,,,,,,,,,,,,,
All,Manufacturer Center,2025-07-01/2025-12-31,KEYWORD_UNSAFE_CHALLENGES,,RO,,,,,,,,,,,,,,
All,Manufacturer Center,2025-07-01/2025-12-31,KEYWORD_OTHER,CHILD_ENDANGERMENT,RO,,,,,,,,,,,,,,
All,Manufacturer Center,2025-07-01/2025-12-31,KEYWORD_OTHER,CHILD_SAFETY,RO,,,,,,,,,,,,,,
All,Manufacturer Center,2025-07-01/2025-12-31,KEYWORD_OTHER,HARMFUL_OR_DANGEROUS_ACTS_CHALLENGES_AND_PRANKS,RO,,,,,,,,,,,,,,
All,Manufacturer Center,2025-07-01/2025-12-31,KEYWORD_OTHER,KNOWN_SERIES,RO,,,,,,,,,,,,,,
All,Manufacturer Center,2025-07-01/2025-12-31,KEYWORD_OTHER,PROTECTION_OF_MINORS,RO,,,,,,,,,,,,,,
All,Manufacturer Center,2025-07-01/2025-12-31,KEYWORD_OTHER,UNAUTHORIZED_IMAGE_OF_MINORS,RO,,,,,,,,,,,,,,
All,Manufacturer Center,2025-07-01/2025-12-31,STATEMENT_CATEGORY_RISK_FOR_PUBLIC_SECURITY,,RO,,,,,,,,,,,,,,
All,Manufacturer Center,2025-07-01/2025-12-31,KEYWORD_ILLEGAL_ORGANIZATIONS,,RO,,,,,,,,,,,,,,
All,Manufacturer Center,2025-07-01/2025-12-31,KEYWORD_RISK_ENVIRONMENTAL_DAMAGE,,RO,,,,,,,,,,,,,,
All,Manufacturer Center,2025-07-01/2025-12-31,KEYWORD_RISK_PUBLIC_HEALTH,,RO,,,,,,,,,,,,,,
All,Manufacturer Center,2025-07-01/2025-12-31,KEYWORD_TERRORIST_CONTENT,,RO,,,,,,,,,,,,,,
All,Manufacturer Center,2025-07-01/2025-12-31,KEYWORD_OTHER,COURT_ORDER,RO,,,,,,,,,,,,,,
All,Manufacturer Center,2025-07-01/2025-12-31,KEYWORD_OTHER,RISK_FOR_PUBLIC_SECURITY,RO,,,,,,,,,,,,,,
All,Manufacturer Center,2025-07-01/2025-12-31,KEYWORD_OTHER,SENSITIVE_EVENTS,RO,,,,,,,,,,,,,,
All,Manufacturer Center,2025-07-01/2025-12-31,KEYWORD_OTHER,VIOLENT_EXTREMISM,RO,,,,,,,,,,,,,,
All,Manufacturer Center,2025-07-01/2025-12-31,KEYWORD_OTHER,WRONGFUL_OR_UNAUTHORIZED_USE_OF_SYMBOLS,RO,,,,,,,,,,,,,,
All,Manufacturer Center,2025-07-01/2025-12-31,STATEMENT_CATEGORY_SCAMS_AND_FRAUD,,RO,,,,,,,,,,,,,,
All,Manufacturer Center,2025-07-01/2025-12-31,KEYWORD_IMPERSONATION_ACCOUNT_HIJACKING,,RO,,,,,,,,,,,,,,
All,Manufacturer Center,2025-07-01/2025-12-31,KEYWORD_INAUTHENTIC_ACCOUNTS,,RO,,,,,,,,,,,,,,
All,Manufacturer Center,2025-07-01/2025-12-31,KEYWORD_INAUTHENTIC_LISTINGS,,RO,,,,,,,,,,,,,,
All,Manufacturer Center,2025-07-01/2025-12-31,KEYWORD_INAUTHENTIC_USER_REVIEWS,,RO,,,,,,,,,,,,,,
All,Manufacturer Center,2025-07-01/2025-12-31,KEYWORD_PHISHING,,RO,,,,,,,,,,,,,,
All,Manufacturer Center,2025-07-01/2025-12-31,KEYWORD_PYRAMID_SCHEMES,,RO,,,,,,,,,,,,,,
All,Manufacturer Center,2025-07-01/2025-12-31,KEYWORD_OTHER,AD_FRAUD_POLICY,RO,,,,,,,,,,,,,,
All,Manufacturer Center,2025-07-01/2025-12-31,KEYWORD_OTHER,ENCOURAGEMENT_OF_DIGITAL_SECURITY_OR_TERMS_OF_SERVICE_VIOLATIONS,RO,,,,,,,,,,,,,,
All,Manufacturer Center,2025-07-01/2025-12-31,KEYWORD_OTHER,FRAUD,RO,,,,,,,,,,,,,,
All,Manufacturer Center,2025-07-01/2025-12-31,KEYWORD_OTHER,MALWARE,RO,,,,,,,,,,,,,,
All,Manufacturer Center,2025-07-01/2025-12-31,KEYWORD_OTHER,MALWARE_AND_PHISHING,RO,,,,,,,,,,,,,,
All,Manufacturer Center,2025-07-01/2025-12-31,KEYWORD_OTHER,MALWARE_AND_SYSTEM_CIRCUMVENTION,RO,,,,,,,,,,,,,,
All,Manufacturer Center,2025-07-01/2025-12-31,KEYWORD_OTHER,MISREPRESENTATION,RO,,,,,,,,,,,,,,
All,Manufacturer Center,2025-07-01/2025-12-31,KEYWORD_OTHER,SCAMS,RO,,,,,,,,,,,,,,
All,Manufacturer Center,2025-07-01/2025-12-31,KEYWORD_OTHER,SOCIAL_ENGINEERING_TACTICS,RO,,,,,,,,,,,,,,
All,Manufacturer Center,2025-07-01/2025-12-31,STATEMENT_CATEGORY_SELF_HARM,,RO,,,,,,,,,,,,,,
All,Manufacturer Center,2025-07-01/2025-12-31,KEYWORD_CONTENT_PROMOTING_EATING_DISORDERS,,RO,,,,,,,,,,,,,,
All,Manufacturer Center,2025-07-01/2025-12-31,KEYWORD_SELF_MUTILATION,,RO,,,,,,,,,,,,,,
All,Manufacturer Center,2025-07-01/2025-12-31,KEYWORD_SUICIDE,,RO,,,,,,,,,,,,,,
All,Manufacturer Center,2025-07-01/2025-12-31,KEYWORD_OTHER,SELF_HARM,RO,,,,,,,,,,,,,,
All,Manufacturer Center,2025-07-01/2025-12-31,KEYWORD_OTHER,SUICIDE_AND_SELF_HARM,RO,,,,,,,,,,,,,,
All,Manufacturer Center,2025-07-01/2025-12-31,STATEMENT_CATEGORY_UNSAFE_AND_PROHIBITED_PRODUCTS,,RO,,,,,,,,,,,,,,
All,Manufacturer Center,2025-07-01/2025-12-31,KEYWORD_PROHIBITED_PRODUCTS,,RO,,,,,,,,,,,,,,
All,Manufacturer Center,2025-07-01/2025-12-31,KEYWORD_UNSAFE_PRODUCTS,,RO,,,,,,,,,,,,,,
All,Manufacturer Center,2025-07-01/2025-12-31,KEYWORD_OTHER,COURT_ORDER,RO,,,,,,,,,,,,,,
All,Manufacturer Center,2025-07-01/2025-12-31,KEYWORD_OTHER,ENABLING_DISHONEST_BEHAVIOR,RO,,,,,,,,,,,,,,
All,Manufacturer Center,2025-07-01/2025-12-31,KEYWORD_OTHER,FIREARMS_AND_ILLEGAL_REGULATED_GOODS_OR_SERVICES,RO,,,,,,,,,,,,,,
All,Manufacturer Center,2025-07-01/2025-12-31,KEYWORD_OTHER,OTHER_LEGAL_NOTICES_OR_ORDERS,RO,,,,,,,,,,,,,,
All,Manufacturer Center,2025-07-01/2025-12-31,KEYWORD_OTHER,UNAUTHORIZED_PHARMACIES,RO,,,,,,,,,,,,,,
All,Manufacturer Center,2025-07-01/2025-12-31,STATEMENT_CATEGORY_VIOLENCE,,RO,,,,,,,,,,,,,,
All,Manufacturer Center,2025-07-01/2025-12-31,KEYWORD_COORDINATED_HARM,,RO,,,,,,,,,,,,,,
All,Manufacturer Center,2025-07-01/2025-12-31,KEYWORD_INCITEMENT_VIOLENCE_HATRED,,RO,,,,,,,,,,,,,,
All,Manufacturer Center,2025-07-01/2025-12-31,KEYWORD_HUMAN_EXPLOITATION,,RO,,,,,,,,,,,,,,
All,Manufacturer Center,2025-07-01/2025-12-31,KEYWORD_HUMAN_TRAFFICKING,,RO,,,,,,,,,,,,,,
All,Manufacturer Center,2025-07-01/2025-12-31,KEYWORD_TRAFFICKING_WOMEN_GIRLS,,RO,,,,,,,,,,,,,,
All,Manufacturer Center,2025-07-01/2025-12-31,KEYWORD_OTHER,DEPICTION_OF VIOLENCE,RO,,,,,,,,,,,,,,
All,Manufacturer Center,2025-07-01/2025-12-31,KEYWORD_OTHER,SHOCKING_CONTENT,RO,,,,,,,,,,,,,,
All,Manufacturer Center,2025-07-01/2025-12-31,KEYWORD_OTHER,VIOLENT_OR_GRAPHIC_CONTENT,RO,,,,,,,,,,,,,,
All,Manufacturer Center,2025-07-01/2025-12-31,STATEMENT_CATEGORY_NOT_SPECIFIED_ORDER,,RO,,,,,,,,,,,,,,
All,Manufacturer Center,2025-07-01/2025-12-31,TOTAL,,SK,,,,,,,,,,,,,,
All,Manufacturer Center,2025-07-01/2025-12-31,STATEMENT_CATEGORY_ANIMAL_WELFARE,,SK,,,,,,,,,,,,,,
All,Manufacturer Center,2025-07-01/2025-12-31,KEYWORD_ANIMAL_HARM,,SK,,,,,,,,,,,,,,
All,Manufacturer Center,2025-07-01/2025-12-31,KEYWORD_UNLAWFUL_SALE_ANIMALS,,SK,,,,,,,,,,,,,,
All,Manufacturer Center,2025-07-01/2025-12-31,KEYWORD_OTHER,ANIMAL_CRUELTY,SK,,,,,,,,,,,,,,
All,Manufacturer Center,2025-07-01/2025-12-31,KEYWORD_OTHER,ANIMAL_HARM_AND_UNLAWFUL_SALE,SK,,,,,,,,,,,,,,
All,Manufacturer Center,2025-07-01/2025-12-31,STATEMENT_CATEGORY_CONSUMER_INFORMATION,,SK,,,,,,,,,,,,,,
All,Manufacturer Center,2025-07-01/2025-12-31,KEYWORD_HIDDEN_ADVERTISEMENT,,SK,,,,,,,,,,,,,,
All,Manufacturer Center,2025-07-01/2025-12-31,KEYWORD_INSUFFICIENT_INFORMATION_ON_TRADERS,,SK,,,,,,,,,,,,,,
All,Manufacturer Center,2025-07-01/2025-12-31,KEYWORD_MISLEADING_INFO_GOODS_SERVICES,,SK,,,,,,,,,,,,,,
All,Manufacturer Center,2025-07-01/2025-12-31,KEYWORD_MISLEADING_INFO_CONSUMER_RIGHTS,,SK,,,,,,,,,,,,,,
All,Manufacturer Center,2025-07-01/2025-12-31,KEYWORD_NONCOMPLIANCE_PRICING,,SK,,,,,,,,,,,,,,
All,Manufacturer Center,2025-07-01/2025-12-31,KEYWORD_OTHER,CONSUMER_PROTECTION,SK,,,,,,,,,,,,,,
All,Manufacturer Center,2025-07-01/2025-12-31,KEYWORD_OTHER,MISREPRESENTATION,SK,,,,,,,,,,,,,,
All,Manufacturer Center,2025-07-01/2025-12-31,STATEMENT_CATEGORY_CYBER_VIOLENCE,,SK,,,,,,,,,,,,,,
All,Manufacturer Center,2025-07-01/2025-12-31,KEYWORD_CYBER_BULLYING_INTIMIDATION,,SK,,,,,,,,,,,,,,
All,Manufacturer Center,2025-07-01/2025-12-31,KEYWORD_CYBER_HARASSMENT,,SK,,,,,,,,,,,,,,
All,Manufacturer Center,2025-07-01/2025-12-31,KEYWORD_CYBER_INCITEMENT,,SK,,,,,,,,,,,,,,
All,Manufacturer Center,2025-07-01/2025-12-31,KEYWORD_CYBER_STALKING,,SK,,,,,,,,,,,,,,
All,Manufacturer Center,2025-07-01/2025-12-31,KEYWORD_NON_CONSENSUAL_IMAGE_SHARING,,SK,,,,,,,,,,,,,,
All,Manufacturer Center,2025-07-01/2025-12-31,KEYWORD_NON_CONSENSUAL_MATERIAL_DEEPFAKE,,SK,,,,,,,,,,,,,,
All,Manufacturer Center,2025-07-01/2025-12-31,KEYWORD_OTHER,DOXING,SK,,,,,,,,,,,,,,
All,Manufacturer Center,2025-07-01/2025-12-31,KEYWORD_OTHER,HARASSMENT,SK,,,,,,,,,,,,,,
All,Manufacturer Center,2025-07-01/2025-12-31,KEYWORD_OTHER,HARASSMENT_AND_CYBERBULLYING,SK,,,,,,,,,,,,,,
All,Manufacturer Center,2025-07-01/2025-12-31,KEYWORD_OTHER,HARMFUL_ACTIVITIES,SK,,,,,,,,,,,,,,
All,Manufacturer Center,2025-07-01/2025-12-31,KEYWORD_OTHER,SEXUAL_HARASSMENT,SK,,,,,,,,,,,,,,
All,Manufacturer Center,2025-07-01/2025-12-31,KEYWORD_OTHER,OBSCENITY_OR_PORNOGRAPHY,SK,,,,,,,,,,,,,,
All,Manufacturer Center,2025-07-01/2025-12-31,KEYWORD_OTHER,UNSAFE_CONTENT,SK,,,,,,,,,,,,,,
All,Manufacturer Center,2025-07-01/2025-12-31,STATEMENT_CATEGORY_CYBER_VIOLENCE_AGAINST_WOMEN,,SK,,,,,,,,,,,,,,
All,Manufacturer Center,2025-07-01/2025-12-31,KEYWORD_BULLYING_AGAINST_GIRLS,,SK,,,,,,,,,,,,,,
All,Manufacturer Center,2025-07-01/2025-12-31,KEYWORD_CYBER_HARASSMENT_AGAINST_WOMEN,,SK,,,,,,,,,,,,,,
All,Manufacturer Center,2025-07-01/2025-12-31,KEYWORD_CYBER_STALKING_AGAINST_WOMEN,,SK,,,,,,,,,,,,,,
All,Manufacturer Center,2025-07-01/2025-12-31,KEYWORD_FEMALE_GENDERED_DISINFORMATION,,SK,,,,,,,,,,,,,,
All,Manufacturer Center,2025-07-01/2025-12-31,KEYWORD_INCITEMENT_AGAINST_WOMEN,,SK,,,,,,,,,,,,,,
All,Manufacturer Center,2025-07-01/2025-12-31,KEYWORD_NON_CONSENSUAL_IMAGE_SHARING_AGAINST_WOMEN,,SK,,,,,,,,,,,,,,
All,Manufacturer Center,2025-07-01/2025-12-31,KEYWORD_NON_CONSENSUAL_MATERIAL_DEEPFAKE_AGAINST_WOMEN,,SK,,,,,,,,,,,,,,
All,Manufacturer Center,2025-07-01/2025-12-31,KEYWORD_OTHER,"Text to detail the ""Other"" keyword.",SK,,,,,,,,,,,,,,
All,Manufacturer Center,2025-07-01/2025-12-31,STATEMENT_CATEGORY_DATA_PROTECTION_AND_PRIVACY_VIOLATIONS,,SK,,,,,,,,,,,,,,
All,Manufacturer Center,2025-07-01/2025-12-31,KEYWORD_BIOMETRIC_DATA_BREACH,,SK,,,,,,,,,,,,,,
All,Manufacturer Center,2025-07-01/2025-12-31,KEYWORD_DATA_FALSIFICATION,,SK,,,,,,,,,,,,,,
All,Manufacturer Center,2025-07-01/2025-12-31,KEYWORD_MISSING_PROCESSING_GROUND,,SK,,,,,,,,,,,,,,
All,Manufacturer Center,2025-07-01/2025-12-31,KEYWORD_RIGHT_TO_BE_FORGOTTEN,,SK,,,,,,,,,,,,,,
All,Manufacturer Center,2025-07-01/2025-12-31,KEYWORD_OTHER,DATA_COLLECTION_AND_USE,SK,,,,,,,,,,,,,,
All,Manufacturer Center,2025-07-01/2025-12-31,KEYWORD_OTHER,DISCLOSURE_AND_CONSENT_PRACTICES,SK,,,,,,,,,,,,,,
All,Manufacturer Center,2025-07-01/2025-12-31,KEYWORD_OTHER,GDPR,SK,,,,,,,,,,,,,,
All,Manufacturer Center,2025-07-01/2025-12-31,KEYWORD_OTHER,PERSONAL_INFORMATION,SK,,,,,,,,,,,,,,
All,Manufacturer Center,2025-07-01/2025-12-31,KEYWORD_OTHER,PERSONAL_RIGHTS,SK,,,,,,,,,,,,,,
All,Manufacturer Center,2025-07-01/2025-12-31,KEYWORD_OTHER,PERSONALIZED_ADVERTISING,SK,,,,,,,,,,,,,,
All,Manufacturer Center,2025-07-01/2025-12-31,KEYWORD_OTHER,PRIVACY,SK,,,,,,,,,,,,,,
All,Manufacturer Center,2025-07-01/2025-12-31,KEYWORD_OTHER,PRIVACY_POLICY,SK,,,,,,,,,,,,,,
All,Manufacturer Center,2025-07-01/2025-12-31,KEYWORD_OTHER,UNSECURE_DATA_HANDLING,SK,,,,,,,,,,,,,,
All,Manufacturer Center,2025-07-01/2025-12-31,STATEMENT_CATEGORY_ILLEGAL_OR_HARMFUL_SPEECH,,SK,,,,,,,,,,,,,,
All,Manufacturer Center,2025-07-01/2025-12-31,KEYWORD_DEFAMATION,,SK,,,,,,,,,,,,,,
All,Manufacturer Center,2025-07-01/2025-12-31,KEYWORD_DISCRIMINATION,,SK,,,,,,,,,,,,,,
All,Manufacturer Center,2025-07-01/2025-12-31,KEYWORD_HATE_SPEECH,,SK,,,,,,,,,,,,,,
All,Manufacturer Center,2025-07-01/2025-12-31,KEYWORD_OTHER,HATEFUL_OR_ABUSIVE,SK,,,,,,,,,,,,,,
All,Manufacturer Center,2025-07-01/2025-12-31,KEYWORD_OTHER,ILLEGAL_OR_HARMFUL_SPEECH,SK,,,,,,,,,,,,,,
All,Manufacturer Center,2025-07-01/2025-12-31,KEYWORD_OTHER,OBSCENITY_AND_PROFANITY,SK,,,,,,,,,,,,,,
All,Manufacturer Center,2025-07-01/2025-12-31,KEYWORD_OTHER,OFFENSIVE_CONTENT,SK,,,,,,,,,,,,,,
All,Manufacturer Center,2025-07-01/2025-12-31,KEYWORD_OTHER,UNSAFE_CONTENT,SK,,,,,,,,,,,,,,
All,Manufacturer Center,2025-07-01/2025-12-31,STATEMENT_CATEGORY_INTELLECTUAL_PROPERTY_INFRINGEMENTS,,SK,,,,,,,,,,,,,,
All,Manufacturer Center,2025-07-01/2025-12-31,KEYWORD_COPYRIGHT_INFRINGEMENT,,SK,,,,,,,,,,,,,,
All,Manufacturer Center,2025-07-01/2025-12-31,KEYWORD_DESIGN_INFRINGEMENT,,SK,,,,,,,,,,,,,,
All,Manufacturer Center,2025-07-01/2025-12-31,KEYWORD_GEOGRAPHIC_INDICATIONS_INFRINGEMENT,,SK,,,,,,,,,,,,,,
All,Manufacturer Center,2025-07-01/2025-12-31,KEYWORD_PATENT_INFRINGEMENT,,SK,,,,,,,,,,,,,,
All,Manufacturer Center,2025-07-01/2025-12-31,KEYWORD_TRADE_SECRET_INFRINGEMENT,,SK,,,,,,,,,,,,,,
All,Manufacturer Center,2025-07-01/2025-12-31,KEYWORD_TRADEMARK_INFRINGEMENT,,SK,,,,,,,,,,,,,,
All,Manufacturer Center,2025-07-01/2025-12-31,KEYWORD_OTHER,CIRCUMVENTION,SK,,,,,,,,,,,,,,
All,Manufacturer Center,2025-07-01/2025-12-31,KEYWORD_OTHER,INTELLECTUAL PROPERTY,SK,,,,,,,,,,,,,,
All,Manufacturer Center,2025-07-01/2025-12-31,STATEMENT_CATEGORY_NEGATIVE_EFFECTS_ON_CIVIC_DISCOURSE_OR_ELECTIONS,,SK,,,,,,,,,,,,,,
All,Manufacturer Center,2025-07-01/2025-12-31,KEYWORD_MISINFORMATION_DISINFORMATION,,SK,,,,,,,,,,,,,,
All,Manufacturer Center,2025-07-01/2025-12-31,KEYWORD_VIOLATION_EU_LAW,,SK,,,,,,,,,,,,,,
All,Manufacturer Center,2025-07-01/2025-12-31,KEYWORD_VIOLATION_NATIONAL_LAW,,SK,,,,,,,,,,,,,,
All,Manufacturer Center,2025-07-01/2025-12-31,KEYWORD_OTHER,ELECTORAL,SK,,,,,,,,,,,,,,
All,Manufacturer Center,2025-07-01/2025-12-31,KEYWORD_OTHER,HACKED_POLITICAL_MATERIALS,SK,,,,,,,,,,,,,,
All,Manufacturer Center,2025-07-01/2025-12-31,KEYWORD_OTHER,POLITICAL_CONTENT,SK,,,,,,,,,,,,,,
All,Manufacturer Center,2025-07-01/2025-12-31,KEYWORD_OTHER,SOCIAL_STABILITY,SK,,,,,,,,,,,,,,
All,Manufacturer Center,2025-07-01/2025-12-31,KEYWORD_OTHER,SOCIETAL_VALUES,SK,,,,,,,,,,,,,,
All,Manufacturer Center,2025-07-01/2025-12-31,STATEMENT_CATEGORY_PROTECTION_OF_MINORS,,SK,,,,,,,,,,,,,,
All,Manufacturer Center,2025-07-01/2025-12-31,KEYWORD_AGE_SPECIFIC_RESTRICTIONS_MINORS,,SK,,,,,,,,,,,,,,
All,Manufacturer Center,2025-07-01/2025-12-31,KEYWORD_CHILD_SEXUAL_ABUSE_MATERIAL,,SK,,,,,,,,,,,,,,
All,Manufacturer Center,2025-07-01/2025-12-31,KEYWORD_CHILD_SEXUAL_ABUSE_MATERIAL_DEEPFAKE,,SK,,,,,,,,,,,,,,
All,Manufacturer Center,2025-07-01/2025-12-31,KEYWORD_GROOMING_SEXUAL_ENTICEMENT_MINORS,,SK,,,,,,,,,,,,,,
All,Manufacturer Center,2025-07-01/2025-12-31,KEYWORD_UNSAFE_CHALLENGES,,SK,,,,,,,,,,,,,,
All,Manufacturer Center,2025-07-01/2025-12-31,KEYWORD_OTHER,CHILD_ENDANGERMENT,SK,,,,,,,,,,,,,,
All,Manufacturer Center,2025-07-01/2025-12-31,KEYWORD_OTHER,CHILD_SAFETY,SK,,,,,,,,,,,,,,
All,Manufacturer Center,2025-07-01/2025-12-31,KEYWORD_OTHER,HARMFUL_OR_DANGEROUS_ACTS_CHALLENGES_AND_PRANKS,SK,,,,,,,,,,,,,,
All,Manufacturer Center,2025-07-01/2025-12-31,KEYWORD_OTHER,KNOWN_SERIES,SK,,,,,,,,,,,,,,
All,Manufacturer Center,2025-07-01/2025-12-31,KEYWORD_OTHER,PROTECTION_OF_MINORS,SK,,,,,,,,,,,,,,
All,Manufacturer Center,2025-07-01/2025-12-31,KEYWORD_OTHER,UNAUTHORIZED_IMAGE_OF_MINORS,SK,,,,,,,,,,,,,,
All,Manufacturer Center,2025-07-01/2025-12-31,STATEMENT_CATEGORY_RISK_FOR_PUBLIC_SECURITY,,SK,,,,,,,,,,,,,,
All,Manufacturer Center,2025-07-01/2025-12-31,KEYWORD_ILLEGAL_ORGANIZATIONS,,SK,,,,,,,,,,,,,,
All,Manufacturer Center,2025-07-01/2025-12-31,KEYWORD_RISK_ENVIRONMENTAL_DAMAGE,,SK,,,,,,,,,,,,,,
All,Manufacturer Center,2025-07-01/2025-12-31,KEYWORD_RISK_PUBLIC_HEALTH,,SK,,,,,,,,,,,,,,
All,Manufacturer Center,2025-07-01/2025-12-31,KEYWORD_TERRORIST_CONTENT,,SK,,,,,,,,,,,,,,
All,Manufacturer Center,2025-07-01/2025-12-31,KEYWORD_OTHER,COURT_ORDER,SK,,,,,,,,,,,,,,
All,Manufacturer Center,2025-07-01/2025-12-31,KEYWORD_OTHER,RISK_FOR_PUBLIC_SECURITY,SK,,,,,,,,,,,,,,
All,Manufacturer Center,2025-07-01/2025-12-31,KEYWORD_OTHER,SENSITIVE_EVENTS,SK,,,,,,,,,,,,,,
All,Manufacturer Center,2025-07-01/2025-12-31,KEYWORD_OTHER,VIOLENT_EXTREMISM,SK,,,,,,,,,,,,,,
All,Manufacturer Center,2025-07-01/2025-12-31,KEYWORD_OTHER,WRONGFUL_OR_UNAUTHORIZED_USE_OF_SYMBOLS,SK,,,,,,,,,,,,,,
All,Manufacturer Center,2025-07-01/2025-12-31,STATEMENT_CATEGORY_SCAMS_AND_FRAUD,,SK,,,,,,,,,,,,,,
All,Manufacturer Center,2025-07-01/2025-12-31,KEYWORD_IMPERSONATION_ACCOUNT_HIJACKING,,SK,,,,,,,,,,,,,,
All,Manufacturer Center,2025-07-01/2025-12-31,KEYWORD_INAUTHENTIC_ACCOUNTS,,SK,,,,,,,,,,,,,,
All,Manufacturer Center,2025-07-01/2025-12-31,KEYWORD_INAUTHENTIC_LISTINGS,,SK,,,,,,,,,,,,,,
All,Manufacturer Center,2025-07-01/2025-12-31,KEYWORD_INAUTHENTIC_USER_REVIEWS,,SK,,,,,,,,,,,,,,
All,Manufacturer Center,2025-07-01/2025-12-31,KEYWORD_PHISHING,,SK,,,,,,,,,,,,,,
All,Manufacturer Center,2025-07-01/2025-12-31,KEYWORD_PYRAMID_SCHEMES,,SK,,,,,,,,,,,,,,
All,Manufacturer Center,2025-07-01/2025-12-31,KEYWORD_OTHER,AD_FRAUD_POLICY,SK,,,,,,,,,,,,,,
All,Manufacturer Center,2025-07-01/2025-12-31,KEYWORD_OTHER,ENCOURAGEMENT_OF_DIGITAL_SECURITY_OR_TERMS_OF_SERVICE_VIOLATIONS,SK,,,,,,,,,,,,,,
All,Manufacturer Center,2025-07-01/2025-12-31,KEYWORD_OTHER,FRAUD,SK,,,,,,,,,,,,,,
All,Manufacturer Center,2025-07-01/2025-12-31,KEYWORD_OTHER,MALWARE,SK,,,,,,,,,,,,,,
All,Manufacturer Center,2025-07-01/2025-12-31,KEYWORD_OTHER,MALWARE_AND_PHISHING,SK,,,,,,,,,,,,,,
All,Manufacturer Center,2025-07-01/2025-12-31,KEYWORD_OTHER,MALWARE_AND_SYSTEM_CIRCUMVENTION,SK,,,,,,,,,,,,,,
All,Manufacturer Center,2025-07-01/2025-12-31,KEYWORD_OTHER,MISREPRESENTATION,SK,,,,,,,,,,,,,,
All,Manufacturer Center,2025-07-01/2025-12-31,KEYWORD_OTHER,SCAMS,SK,,,,,,,,,,,,,,
All,Manufacturer Center,2025-07-01/2025-12-31,KEYWORD_OTHER,SOCIAL_ENGINEERING_TACTICS,SK,,,,,,,,,,,,,,
All,Manufacturer Center,2025-07-01/2025-12-31,STATEMENT_CATEGORY_SELF_HARM,,SK,,,,,,,,,,,,,,
All,Manufacturer Center,2025-07-01/2025-12-31,KEYWORD_CONTENT_PROMOTING_EATING_DISORDERS,,SK,,,,,,,,,,,,,,
All,Manufacturer Center,2025-07-01/2025-12-31,KEYWORD_SELF_MUTILATION,,SK,,,,,,,,,,,,,,
All,Manufacturer Center,2025-07-01/2025-12-31,KEYWORD_SUICIDE,,SK,,,,,,,,,,,,,,
All,Manufacturer Center,2025-07-01/2025-12-31,KEYWORD_OTHER,SELF_HARM,SK,,,,,,,,,,,,,,
All,Manufacturer Center,2025-07-01/2025-12-31,KEYWORD_OTHER,SUICIDE_AND_SELF_HARM,SK,,,,,,,,,,,,,,
All,Manufacturer Center,2025-07-01/2025-12-31,STATEMENT_CATEGORY_UNSAFE_AND_PROHIBITED_PRODUCTS,,SK,,,,,,,,,,,,,,
All,Manufacturer Center,2025-07-01/2025-12-31,KEYWORD_PROHIBITED_PRODUCTS,,SK,,,,,,,,,,,,,,
All,Manufacturer Center,2025-07-01/2025-12-31,KEYWORD_UNSAFE_PRODUCTS,,SK,,,,,,,,,,,,,,
All,Manufacturer Center,2025-07-01/2025-12-31,KEYWORD_OTHER,COURT_ORDER,SK,,,,,,,,,,,,,,
All,Manufacturer Center,2025-07-01/2025-12-31,KEYWORD_OTHER,ENABLING_DISHONEST_BEHAVIOR,SK,,,,,,,,,,,,,,
All,Manufacturer Center,2025-07-01/2025-12-31,KEYWORD_OTHER,FIREARMS_AND_ILLEGAL_REGULATED_GOODS_OR_SERVICES,SK,,,,,,,,,,,,,,
All,Manufacturer Center,2025-07-01/2025-12-31,KEYWORD_OTHER,OTHER_LEGAL_NOTICES_OR_ORDERS,SK,,,,,,,,,,,,,,
All,Manufacturer Center,2025-07-01/2025-12-31,KEYWORD_OTHER,UNAUTHORIZED_PHARMACIES,SK,,,,,,,,,,,,,,
All,Manufacturer Center,2025-07-01/2025-12-31,STATEMENT_CATEGORY_VIOLENCE,,SK,,,,,,,,,,,,,,
All,Manufacturer Center,2025-07-01/2025-12-31,KEYWORD_COORDINATED_HARM,,SK,,,,,,,,,,,,,,
All,Manufacturer Center,2025-07-01/2025-12-31,KEYWORD_INCITEMENT_VIOLENCE_HATRED,,SK,,,,,,,,,,,,,,
All,Manufacturer Center,2025-07-01/2025-12-31,KEYWORD_HUMAN_EXPLOITATION,,SK,,,,,,,,,,,,,,
All,Manufacturer Center,2025-07-01/2025-12-31,KEYWORD_HUMAN_TRAFFICKING,,SK,,,,,,,,,,,,,,
All,Manufacturer Center,2025-07-01/2025-12-31,KEYWORD_TRAFFICKING_WOMEN_GIRLS,,SK,,,,,,,,,,,,,,
All,Manufacturer Center,2025-07-01/2025-12-31,KEYWORD_OTHER,DEPICTION_OF VIOLENCE,SK,,,,,,,,,,,,,,
All,Manufacturer Center,2025-07-01/2025-12-31,KEYWORD_OTHER,SHOCKING_CONTENT,SK,,,,,,,,,,,,,,
All,Manufacturer Center,2025-07-01/2025-12-31,KEYWORD_OTHER,VIOLENT_OR_GRAPHIC_CONTENT,SK,,,,,,,,,,,,,,
All,Manufacturer Center,2025-07-01/2025-12-31,STATEMENT_CATEGORY_NOT_SPECIFIED_ORDER,,SK,,,,,,,,,,,,,,
All,Manufacturer Center,2025-07-01/2025-12-31,TOTAL,,SI,,,,,,,,,,,,,,
All,Manufacturer Center,2025-07-01/2025-12-31,STATEMENT_CATEGORY_ANIMAL_WELFARE,,SI,,,,,,,,,,,,,,
All,Manufacturer Center,2025-07-01/2025-12-31,KEYWORD_ANIMAL_HARM,,SI,,,,,,,,,,,,,,
All,Manufacturer Center,2025-07-01/2025-12-31,KEYWORD_UNLAWFUL_SALE_ANIMALS,,SI,,,,,,,,,,,,,,
All,Manufacturer Center,2025-07-01/2025-12-31,KEYWORD_OTHER,ANIMAL_CRUELTY,SI,,,,,,,,,,,,,,
All,Manufacturer Center,2025-07-01/2025-12-31,KEYWORD_OTHER,ANIMAL_HARM_AND_UNLAWFUL_SALE,SI,,,,,,,,,,,,,,
All,Manufacturer Center,2025-07-01/2025-12-31,STATEMENT_CATEGORY_CONSUMER_INFORMATION,,SI,,,,,,,,,,,,,,
All,Manufacturer Center,2025-07-01/2025-12-31,KEYWORD_HIDDEN_ADVERTISEMENT,,SI,,,,,,,,,,,,,,
All,Manufacturer Center,2025-07-01/2025-12-31,KEYWORD_INSUFFICIENT_INFORMATION_ON_TRADERS,,SI,,,,,,,,,,,,,,
All,Manufacturer Center,2025-07-01/2025-12-31,KEYWORD_MISLEADING_INFO_GOODS_SERVICES,,SI,,,,,,,,,,,,,,
All,Manufacturer Center,2025-07-01/2025-12-31,KEYWORD_MISLEADING_INFO_CONSUMER_RIGHTS,,SI,,,,,,,,,,,,,,
All,Manufacturer Center,2025-07-01/2025-12-31,KEYWORD_NONCOMPLIANCE_PRICING,,SI,,,,,,,,,,,,,,
All,Manufacturer Center,2025-07-01/2025-12-31,KEYWORD_OTHER,CONSUMER_PROTECTION,SI,,,,,,,,,,,,,,
All,Manufacturer Center,2025-07-01/2025-12-31,KEYWORD_OTHER,MISREPRESENTATION,SI,,,,,,,,,,,,,,
All,Manufacturer Center,2025-07-01/2025-12-31,STATEMENT_CATEGORY_CYBER_VIOLENCE,,SI,,,,,,,,,,,,,,
All,Manufacturer Center,2025-07-01/2025-12-31,KEYWORD_CYBER_BULLYING_INTIMIDATION,,SI,,,,,,,,,,,,,,
All,Manufacturer Center,2025-07-01/2025-12-31,KEYWORD_CYBER_HARASSMENT,,SI,,,,,,,,,,,,,,
All,Manufacturer Center,2025-07-01/2025-12-31,KEYWORD_CYBER_INCITEMENT,,SI,,,,,,,,,,,,,,
All,Manufacturer Center,2025-07-01/2025-12-31,KEYWORD_CYBER_STALKING,,SI,,,,,,,,,,,,,,
All,Manufacturer Center,2025-07-01/2025-12-31,KEYWORD_NON_CONSENSUAL_IMAGE_SHARING,,SI,,,,,,,,,,,,,,
All,Manufacturer Center,2025-07-01/2025-12-31,KEYWORD_NON_CONSENSUAL_MATERIAL_DEEPFAKE,,SI,,,,,,,,,,,,,,
All,Manufacturer Center,2025-07-01/2025-12-31,KEYWORD_OTHER,DOXING,SI,,,,,,,,,,,,,,
All,Manufacturer Center,2025-07-01/2025-12-31,KEYWORD_OTHER,HARASSMENT,SI,,,,,,,,,,,,,,
All,Manufacturer Center,2025-07-01/2025-12-31,KEYWORD_OTHER,HARASSMENT_AND_CYBERBULLYING,SI,,,,,,,,,,,,,,
All,Manufacturer Center,2025-07-01/2025-12-31,KEYWORD_OTHER,HARMFUL_ACTIVITIES,SI,,,,,,,,,,,,,,
All,Manufacturer Center,2025-07-01/2025-12-31,KEYWORD_OTHER,SEXUAL_HARASSMENT,SI,,,,,,,,,,,,,,
All,Manufacturer Center,2025-07-01/2025-12-31,KEYWORD_OTHER,OBSCENITY_OR_PORNOGRAPHY,SI,,,,,,,,,,,,,,
All,Manufacturer Center,2025-07-01/2025-12-31,KEYWORD_OTHER,UNSAFE_CONTENT,SI,,,,,,,,,,,,,,
All,Manufacturer Center,2025-07-01/2025-12-31,STATEMENT_CATEGORY_CYBER_VIOLENCE_AGAINST_WOMEN,,SI,,,,,,,,,,,,,,
All,Manufacturer Center,2025-07-01/2025-12-31,KEYWORD_BULLYING_AGAINST_GIRLS,,SI,,,,,,,,,,,,,,
All,Manufacturer Center,2025-07-01/2025-12-31,KEYWORD_CYBER_HARASSMENT_AGAINST_WOMEN,,SI,,,,,,,,,,,,,,
All,Manufacturer Center,2025-07-01/2025-12-31,KEYWORD_CYBER_STALKING_AGAINST_WOMEN,,SI,,,,,,,,,,,,,,
All,Manufacturer Center,2025-07-01/2025-12-31,KEYWORD_FEMALE_GENDERED_DISINFORMATION,,SI,,,,,,,,,,,,,,
All,Manufacturer Center,2025-07-01/2025-12-31,KEYWORD_INCITEMENT_AGAINST_WOMEN,,SI,,,,,,,,,,,,,,
All,Manufacturer Center,2025-07-01/2025-12-31,KEYWORD_NON_CONSENSUAL_IMAGE_SHARING_AGAINST_WOMEN,,SI,,,,,,,,,,,,,,
All,Manufacturer Center,2025-07-01/2025-12-31,KEYWORD_NON_CONSENSUAL_MATERIAL_DEEPFAKE_AGAINST_WOMEN,,SI,,,,,,,,,,,,,,
All,Manufacturer Center,2025-07-01/2025-12-31,KEYWORD_OTHER,"Text to detail the ""Other"" keyword.",SI,,,,,,,,,,,,,,
All,Manufacturer Center,2025-07-01/2025-12-31,STATEMENT_CATEGORY_DATA_PROTECTION_AND_PRIVACY_VIOLATIONS,,SI,,,,,,,,,,,,,,
All,Manufacturer Center,2025-07-01/2025-12-31,KEYWORD_BIOMETRIC_DATA_BREACH,,SI,,,,,,,,,,,,,,
All,Manufacturer Center,2025-07-01/2025-12-31,KEYWORD_DATA_FALSIFICATION,,SI,,,,,,,,,,,,,,
All,Manufacturer Center,2025-07-01/2025-12-31,KEYWORD_MISSING_PROCESSING_GROUND,,SI,,,,,,,,,,,,,,
All,Manufacturer Center,2025-07-01/2025-12-31,KEYWORD_RIGHT_TO_BE_FORGOTTEN,,SI,,,,,,,,,,,,,,
All,Manufacturer Center,2025-07-01/2025-12-31,KEYWORD_OTHER,DATA_COLLECTION_AND_USE,SI,,,,,,,,,,,,,,
All,Manufacturer Center,2025-07-01/2025-12-31,KEYWORD_OTHER,DISCLOSURE_AND_CONSENT_PRACTICES,SI,,,,,,,,,,,,,,
All,Manufacturer Center,2025-07-01/2025-12-31,KEYWORD_OTHER,GDPR,SI,,,,,,,,,,,,,,
All,Manufacturer Center,2025-07-01/2025-12-31,KEYWORD_OTHER,PERSONAL_INFORMATION,SI,,,,,,,,,,,,,,
All,Manufacturer Center,2025-07-01/2025-12-31,KEYWORD_OTHER,PERSONAL_RIGHTS,SI,,,,,,,,,,,,,,
All,Manufacturer Center,2025-07-01/2025-12-31,KEYWORD_OTHER,PERSONALIZED_ADVERTISING,SI,,,,,,,,,,,,,,
All,Manufacturer Center,2025-07-01/2025-12-31,KEYWORD_OTHER,PRIVACY,SI,,,,,,,,,,,,,,
All,Manufacturer Center,2025-07-01/2025-12-31,KEYWORD_OTHER,PRIVACY_POLICY,SI,,,,,,,,,,,,,,
All,Manufacturer Center,2025-07-01/2025-12-31,KEYWORD_OTHER,UNSECURE_DATA_HANDLING,SI,,,,,,,,,,,,,,
All,Manufacturer Center,2025-07-01/2025-12-31,STATEMENT_CATEGORY_ILLEGAL_OR_HARMFUL_SPEECH,,SI,,,,,,,,,,,,,,
All,Manufacturer Center,2025-07-01/2025-12-31,KEYWORD_DEFAMATION,,SI,,,,,,,,,,,,,,
All,Manufacturer Center,2025-07-01/2025-12-31,KEYWORD_DISCRIMINATION,,SI,,,,,,,,,,,,,,
All,Manufacturer Center,2025-07-01/2025-12-31,KEYWORD_HATE_SPEECH,,SI,,,,,,,,,,,,,,
All,Manufacturer Center,2025-07-01/2025-12-31,KEYWORD_OTHER,HATEFUL_OR_ABUSIVE,SI,,,,,,,,,,,,,,
All,Manufacturer Center,2025-07-01/2025-12-31,KEYWORD_OTHER,ILLEGAL_OR_HARMFUL_SPEECH,SI,,,,,,,,,,,,,,
All,Manufacturer Center,2025-07-01/2025-12-31,KEYWORD_OTHER,OBSCENITY_AND_PROFANITY,SI,,,,,,,,,,,,,,
All,Manufacturer Center,2025-07-01/2025-12-31,KEYWORD_OTHER,OFFENSIVE_CONTENT,SI,,,,,,,,,,,,,,
All,Manufacturer Center,2025-07-01/2025-12-31,KEYWORD_OTHER,UNSAFE_CONTENT,SI,,,,,,,,,,,,,,
All,Manufacturer Center,2025-07-01/2025-12-31,STATEMENT_CATEGORY_INTELLECTUAL_PROPERTY_INFRINGEMENTS,,SI,,,,,,,,,,,,,,
All,Manufacturer Center,2025-07-01/2025-12-31,KEYWORD_COPYRIGHT_INFRINGEMENT,,SI,,,,,,,,,,,,,,
All,Manufacturer Center,2025-07-01/2025-12-31,KEYWORD_DESIGN_INFRINGEMENT,,SI,,,,,,,,,,,,,,
All,Manufacturer Center,2025-07-01/2025-12-31,KEYWORD_GEOGRAPHIC_INDICATIONS_INFRINGEMENT,,SI,,,,,,,,,,,,,,
All,Manufacturer Center,2025-07-01/2025-12-31,KEYWORD_PATENT_INFRINGEMENT,,SI,,,,,,,,,,,,,,
All,Manufacturer Center,2025-07-01/2025-12-31,KEYWORD_TRADE_SECRET_INFRINGEMENT,,SI,,,,,,,,,,,,,,
All,Manufacturer Center,2025-07-01/2025-12-31,KEYWORD_TRADEMARK_INFRINGEMENT,,SI,,,,,,,,,,,,,,
All,Manufacturer Center,2025-07-01/2025-12-31,KEYWORD_OTHER,CIRCUMVENTION,SI,,,,,,,,,,,,,,
All,Manufacturer Center,2025-07-01/2025-12-31,KEYWORD_OTHER,INTELLECTUAL PROPERTY,SI,,,,,,,,,,,,,,
All,Manufacturer Center,2025-07-01/2025-12-31,STATEMENT_CATEGORY_NEGATIVE_EFFECTS_ON_CIVIC_DISCOURSE_OR_ELECTIONS,,SI,,,,,,,,,,,,,,
All,Manufacturer Center,2025-07-01/2025-12-31,KEYWORD_MISINFORMATION_DISINFORMATION,,SI,,,,,,,,,,,,,,
All,Manufacturer Center,2025-07-01/2025-12-31,KEYWORD_VIOLATION_EU_LAW,,SI,,,,,,,,,,,,,,
All,Manufacturer Center,2025-07-01/2025-12-31,KEYWORD_VIOLATION_NATIONAL_LAW,,SI,,,,,,,,,,,,,,
All,Manufacturer Center,2025-07-01/2025-12-31,KEYWORD_OTHER,ELECTORAL,SI,,,,,,,,,,,,,,
All,Manufacturer Center,2025-07-01/2025-12-31,KEYWORD_OTHER,HACKED_POLITICAL_MATERIALS,SI,,,,,,,,,,,,,,
All,Manufacturer Center,2025-07-01/2025-12-31,KEYWORD_OTHER,POLITICAL_CONTENT,SI,,,,,,,,,,,,,,
All,Manufacturer Center,2025-07-01/2025-12-31,KEYWORD_OTHER,SOCIAL_STABILITY,SI,,,,,,,,,,,,,,
All,Manufacturer Center,2025-07-01/2025-12-31,KEYWORD_OTHER,SOCIETAL_VALUES,SI,,,,,,,,,,,,,,
All,Manufacturer Center,2025-07-01/2025-12-31,STATEMENT_CATEGORY_PROTECTION_OF_MINORS,,SI,,,,,,,,,,,,,,
All,Manufacturer Center,2025-07-01/2025-12-31,KEYWORD_AGE_SPECIFIC_RESTRICTIONS_MINORS,,SI,,,,,,,,,,,,,,
All,Manufacturer Center,2025-07-01/2025-12-31,KEYWORD_CHILD_SEXUAL_ABUSE_MATERIAL,,SI,,,,,,,,,,,,,,
All,Manufacturer Center,2025-07-01/2025-12-31,KEYWORD_CHILD_SEXUAL_ABUSE_MATERIAL_DEEPFAKE,,SI,,,,,,,,,,,,,,
All,Manufacturer Center,2025-07-01/2025-12-31,KEYWORD_GROOMING_SEXUAL_ENTICEMENT_MINORS,,SI,,,,,,,,,,,,,,
All,Manufacturer Center,2025-07-01/2025-12-31,KEYWORD_UNSAFE_CHALLENGES,,SI,,,,,,,,,,,,,,
All,Manufacturer Center,2025-07-01/2025-12-31,KEYWORD_OTHER,CHILD_ENDANGERMENT,SI,,,,,,,,,,,,,,
All,Manufacturer Center,2025-07-01/2025-12-31,KEYWORD_OTHER,CHILD_SAFETY,SI,,,,,,,,,,,,,,
All,Manufacturer Center,2025-07-01/2025-12-31,KEYWORD_OTHER,HARMFUL_OR_DANGEROUS_ACTS_CHALLENGES_AND_PRANKS,SI,,,,,,,,,,,,,,
All,Manufacturer Center,2025-07-01/2025-12-31,KEYWORD_OTHER,KNOWN_SERIES,SI,,,,,,,,,,,,,,
All,Manufacturer Center,2025-07-01/2025-12-31,KEYWORD_OTHER,PROTECTION_OF_MINORS,SI,,,,,,,,,,,,,,
All,Manufacturer Center,2025-07-01/2025-12-31,KEYWORD_OTHER,UNAUTHORIZED_IMAGE_OF_MINORS,SI,,,,,,,,,,,,,,
All,Manufacturer Center,2025-07-01/2025-12-31,STATEMENT_CATEGORY_RISK_FOR_PUBLIC_SECURITY,,SI,,,,,,,,,,,,,,
All,Manufacturer Center,2025-07-01/2025-12-31,KEYWORD_ILLEGAL_ORGANIZATIONS,,SI,,,,,,,,,,,,,,
All,Manufacturer Center,2025-07-01/2025-12-31,KEYWORD_RISK_ENVIRONMENTAL_DAMAGE,,SI,,,,,,,,,,,,,,
All,Manufacturer Center,2025-07-01/2025-12-31,KEYWORD_RISK_PUBLIC_HEALTH,,SI,,,,,,,,,,,,,,
All,Manufacturer Center,2025-07-01/2025-12-31,KEYWORD_TERRORIST_CONTENT,,SI,,,,,,,,,,,,,,
All,Manufacturer Center,2025-07-01/2025-12-31,KEYWORD_OTHER,COURT_ORDER,SI,,,,,,,,,,,,,,
All,Manufacturer Center,2025-07-01/2025-12-31,KEYWORD_OTHER,RISK_FOR_PUBLIC_SECURITY,SI,,,,,,,,,,,,,,
All,Manufacturer Center,2025-07-01/2025-12-31,KEYWORD_OTHER,SENSITIVE_EVENTS,SI,,,,,,,,,,,,,,
All,Manufacturer Center,2025-07-01/2025-12-31,KEYWORD_OTHER,VIOLENT_EXTREMISM,SI,,,,,,,,,,,,,,
All,Manufacturer Center,2025-07-01/2025-12-31,KEYWORD_OTHER,WRONGFUL_OR_UNAUTHORIZED_USE_OF_SYMBOLS,SI,,,,,,,,,,,,,,
All,Manufacturer Center,2025-07-01/2025-12-31,STATEMENT_CATEGORY_SCAMS_AND_FRAUD,,SI,,,,,,,,,,,,,,
All,Manufacturer Center,2025-07-01/2025-12-31,KEYWORD_IMPERSONATION_ACCOUNT_HIJACKING,,SI,,,,,,,,,,,,,,
All,Manufacturer Center,2025-07-01/2025-12-31,KEYWORD_INAUTHENTIC_ACCOUNTS,,SI,,,,,,,,,,,,,,
All,Manufacturer Center,2025-07-01/2025-12-31,KEYWORD_INAUTHENTIC_LISTINGS,,SI,,,,,,,,,,,,,,
All,Manufacturer Center,2025-07-01/2025-12-31,KEYWORD_INAUTHENTIC_USER_REVIEWS,,SI,,,,,,,,,,,,,,
All,Manufacturer Center,2025-07-01/2025-12-31,KEYWORD_PHISHING,,SI,,,,,,,,,,,,,,
All,Manufacturer Center,2025-07-01/2025-12-31,KEYWORD_PYRAMID_SCHEMES,,SI,,,,,,,,,,,,,,
All,Manufacturer Center,2025-07-01/2025-12-31,KEYWORD_OTHER,AD_FRAUD_POLICY,SI,,,,,,,,,,,,,,
All,Manufacturer Center,2025-07-01/2025-12-31,KEYWORD_OTHER,ENCOURAGEMENT_OF_DIGITAL_SECURITY_OR_TERMS_OF_SERVICE_VIOLATIONS,SI,,,,,,,,,,,,,,
All,Manufacturer Center,2025-07-01/2025-12-31,KEYWORD_OTHER,FRAUD,SI,,,,,,,,,,,,,,
All,Manufacturer Center,2025-07-01/2025-12-31,KEYWORD_OTHER,MALWARE,SI,,,,,,,,,,,,,,
All,Manufacturer Center,2025-07-01/2025-12-31,KEYWORD_OTHER,MALWARE_AND_PHISHING,SI,,,,,,,,,,,,,,
All,Manufacturer Center,2025-07-01/2025-12-31,KEYWORD_OTHER,MALWARE_AND_SYSTEM_CIRCUMVENTION,SI,,,,,,,,,,,,,,
All,Manufacturer Center,2025-07-01/2025-12-31,KEYWORD_OTHER,MISREPRESENTATION,SI,,,,,,,,,,,,,,
All,Manufacturer Center,2025-07-01/2025-12-31,KEYWORD_OTHER,SCAMS,SI,,,,,,,,,,,,,,
All,Manufacturer Center,2025-07-01/2025-12-31,KEYWORD_OTHER,SOCIAL_ENGINEERING_TACTICS,SI,,,,,,,,,,,,,,
All,Manufacturer Center,2025-07-01/2025-12-31,STATEMENT_CATEGORY_SELF_HARM,,SI,,,,,,,,,,,,,,
All,Manufacturer Center,2025-07-01/2025-12-31,KEYWORD_CONTENT_PROMOTING_EATING_DISORDERS,,SI,,,,,,,,,,,,,,
All,Manufacturer Center,2025-07-01/2025-12-31,KEYWORD_SELF_MUTILATION,,SI,,,,,,,,,,,,,,
All,Manufacturer Center,2025-07-01/2025-12-31,KEYWORD_SUICIDE,,SI,,,,,,,,,,,,,,
All,Manufacturer Center,2025-07-01/2025-12-31,KEYWORD_OTHER,SELF_HARM,SI,,,,,,,,,,,,,,
All,Manufacturer Center,2025-07-01/2025-12-31,KEYWORD_OTHER,SUICIDE_AND_SELF_HARM,SI,,,,,,,,,,,,,,
All,Manufacturer Center,2025-07-01/2025-12-31,STATEMENT_CATEGORY_UNSAFE_AND_PROHIBITED_PRODUCTS,,SI,,,,,,,,,,,,,,
All,Manufacturer Center,2025-07-01/2025-12-31,KEYWORD_PROHIBITED_PRODUCTS,,SI,,,,,,,,,,,,,,
All,Manufacturer Center,2025-07-01/2025-12-31,KEYWORD_UNSAFE_PRODUCTS,,SI,,,,,,,,,,,,,,
All,Manufacturer Center,2025-07-01/2025-12-31,KEYWORD_OTHER,COURT_ORDER,SI,,,,,,,,,,,,,,
All,Manufacturer Center,2025-07-01/2025-12-31,KEYWORD_OTHER,ENABLING_DISHONEST_BEHAVIOR,SI,,,,,,,,,,,,,,
All,Manufacturer Center,2025-07-01/2025-12-31,KEYWORD_OTHER,FIREARMS_AND_ILLEGAL_REGULATED_GOODS_OR_SERVICES,SI,,,,,,,,,,,,,,
All,Manufacturer Center,2025-07-01/2025-12-31,KEYWORD_OTHER,OTHER_LEGAL_NOTICES_OR_ORDERS,SI,,,,,,,,,,,,,,
All,Manufacturer Center,2025-07-01/2025-12-31,KEYWORD_OTHER,UNAUTHORIZED_PHARMACIES,SI,,,,,,,,,,,,,,
All,Manufacturer Center,2025-07-01/2025-12-31,STATEMENT_CATEGORY_VIOLENCE,,SI,,,,,,,,,,,,,,
All,Manufacturer Center,2025-07-01/2025-12-31,KEYWORD_COORDINATED_HARM,,SI,,,,,,,,,,,,,,
All,Manufacturer Center,2025-07-01/2025-12-31,KEYWORD_INCITEMENT_VIOLENCE_HATRED,,SI,,,,,,,,,,,,,,
All,Manufacturer Center,2025-07-01/2025-12-31,KEYWORD_HUMAN_EXPLOITATION,,SI,,,,,,,,,,,,,,
All,Manufacturer Center,2025-07-01/2025-12-31,KEYWORD_HUMAN_TRAFFICKING,,SI,,,,,,,,,,,,,,
All,Manufacturer Center,2025-07-01/2025-12-31,KEYWORD_TRAFFICKING_WOMEN_GIRLS,,SI,,,,,,,,,,,,,,
All,Manufacturer Center,2025-07-01/2025-12-31,KEYWORD_OTHER,DEPICTION_OF VIOLENCE,SI,,,,,,,,,,,,,,
All,Manufacturer Center,2025-07-01/2025-12-31,KEYWORD_OTHER,SHOCKING_CONTENT,SI,,,,,,,,,,,,,,
All,Manufacturer Center,2025-07-01/2025-12-31,KEYWORD_OTHER,VIOLENT_OR_GRAPHIC_CONTENT,SI,,,,,,,,,,,,,,
All,Manufacturer Center,2025-07-01/2025-12-31,STATEMENT_CATEGORY_NOT_SPECIFIED_ORDER,,SI,,,,,,,,,,,,,,
All,Manufacturer Center,2025-07-01/2025-12-31,TOTAL,,ES,,,,,,,,,,,,,,
All,Manufacturer Center,2025-07-01/2025-12-31,STATEMENT_CATEGORY_ANIMAL_WELFARE,,ES,,,,,,,,,,,,,,
All,Manufacturer Center,2025-07-01/2025-12-31,KEYWORD_ANIMAL_HARM,,ES,,,,,,,,,,,,,,
All,Manufacturer Center,2025-07-01/2025-12-31,KEYWORD_UNLAWFUL_SALE_ANIMALS,,ES,,,,,,,,,,,,,,
All,Manufacturer Center,2025-07-01/2025-12-31,KEYWORD_OTHER,ANIMAL_CRUELTY,ES,,,,,,,,,,,,,,
All,Manufacturer Center,2025-07-01/2025-12-31,KEYWORD_OTHER,ANIMAL_HARM_AND_UNLAWFUL_SALE,ES,,,,,,,,,,,,,,
All,Manufacturer Center,2025-07-01/2025-12-31,STATEMENT_CATEGORY_CONSUMER_INFORMATION,,ES,,,,,,,,,,,,,,
All,Manufacturer Center,2025-07-01/2025-12-31,KEYWORD_HIDDEN_ADVERTISEMENT,,ES,,,,,,,,,,,,,,
All,Manufacturer Center,2025-07-01/2025-12-31,KEYWORD_INSUFFICIENT_INFORMATION_ON_TRADERS,,ES,,,,,,,,,,,,,,
All,Manufacturer Center,2025-07-01/2025-12-31,KEYWORD_MISLEADING_INFO_GOODS_SERVICES,,ES,,,,,,,,,,,,,,
All,Manufacturer Center,2025-07-01/2025-12-31,KEYWORD_MISLEADING_INFO_CONSUMER_RIGHTS,,ES,,,,,,,,,,,,,,
All,Manufacturer Center,2025-07-01/2025-12-31,KEYWORD_NONCOMPLIANCE_PRICING,,ES,,,,,,,,,,,,,,
All,Manufacturer Center,2025-07-01/2025-12-31,KEYWORD_OTHER,CONSUMER_PROTECTION,ES,,,,,,,,,,,,,,
All,Manufacturer Center,2025-07-01/2025-12-31,KEYWORD_OTHER,MISREPRESENTATION,ES,,,,,,,,,,,,,,
All,Manufacturer Center,2025-07-01/2025-12-31,STATEMENT_CATEGORY_CYBER_VIOLENCE,,ES,,,,,,,,,,,,,,
All,Manufacturer Center,2025-07-01/2025-12-31,KEYWORD_CYBER_BULLYING_INTIMIDATION,,ES,,,,,,,,,,,,,,
All,Manufacturer Center,2025-07-01/2025-12-31,KEYWORD_CYBER_HARASSMENT,,ES,,,,,,,,,,,,,,
All,Manufacturer Center,2025-07-01/2025-12-31,KEYWORD_CYBER_INCITEMENT,,ES,,,,,,,,,,,,,,
All,Manufacturer Center,2025-07-01/2025-12-31,KEYWORD_CYBER_STALKING,,ES,,,,,,,,,,,,,,
All,Manufacturer Center,2025-07-01/2025-12-31,KEYWORD_NON_CONSENSUAL_IMAGE_SHARING,,ES,,,,,,,,,,,,,,
All,Manufacturer Center,2025-07-01/2025-12-31,KEYWORD_NON_CONSENSUAL_MATERIAL_DEEPFAKE,,ES,,,,,,,,,,,,,,
All,Manufacturer Center,2025-07-01/2025-12-31,KEYWORD_OTHER,DOXING,ES,,,,,,,,,,,,,,
All,Manufacturer Center,2025-07-01/2025-12-31,KEYWORD_OTHER,HARASSMENT,ES,,,,,,,,,,,,,,
All,Manufacturer Center,2025-07-01/2025-12-31,KEYWORD_OTHER,HARASSMENT_AND_CYBERBULLYING,ES,,,,,,,,,,,,,,
All,Manufacturer Center,2025-07-01/2025-12-31,KEYWORD_OTHER,HARMFUL_ACTIVITIES,ES,,,,,,,,,,,,,,
All,Manufacturer Center,2025-07-01/2025-12-31,KEYWORD_OTHER,SEXUAL_HARASSMENT,ES,,,,,,,,,,,,,,
All,Manufacturer Center,2025-07-01/2025-12-31,KEYWORD_OTHER,OBSCENITY_OR_PORNOGRAPHY,ES,,,,,,,,,,,,,,
All,Manufacturer Center,2025-07-01/2025-12-31,KEYWORD_OTHER,UNSAFE_CONTENT,ES,,,,,,,,,,,,,,
All,Manufacturer Center,2025-07-01/2025-12-31,STATEMENT_CATEGORY_CYBER_VIOLENCE_AGAINST_WOMEN,,ES,,,,,,,,,,,,,,
All,Manufacturer Center,2025-07-01/2025-12-31,KEYWORD_BULLYING_AGAINST_GIRLS,,ES,,,,,,,,,,,,,,
All,Manufacturer Center,2025-07-01/2025-12-31,KEYWORD_CYBER_HARASSMENT_AGAINST_WOMEN,,ES,,,,,,,,,,,,,,
All,Manufacturer Center,2025-07-01/2025-12-31,KEYWORD_CYBER_STALKING_AGAINST_WOMEN,,ES,,,,,,,,,,,,,,
All,Manufacturer Center,2025-07-01/2025-12-31,KEYWORD_FEMALE_GENDERED_DISINFORMATION,,ES,,,,,,,,,,,,,,
All,Manufacturer Center,2025-07-01/2025-12-31,KEYWORD_INCITEMENT_AGAINST_WOMEN,,ES,,,,,,,,,,,,,,
All,Manufacturer Center,2025-07-01/2025-12-31,KEYWORD_NON_CONSENSUAL_IMAGE_SHARING_AGAINST_WOMEN,,ES,,,,,,,,,,,,,,
All,Manufacturer Center,2025-07-01/2025-12-31,KEYWORD_NON_CONSENSUAL_MATERIAL_DEEPFAKE_AGAINST_WOMEN,,ES,,,,,,,,,,,,,,
All,Manufacturer Center,2025-07-01/2025-12-31,KEYWORD_OTHER,"Text to detail the ""Other"" keyword.",ES,,,,,,,,,,,,,,
All,Manufacturer Center,2025-07-01/2025-12-31,STATEMENT_CATEGORY_DATA_PROTECTION_AND_PRIVACY_VIOLATIONS,,ES,,,,,,,,,,,,,,
All,Manufacturer Center,2025-07-01/2025-12-31,KEYWORD_BIOMETRIC_DATA_BREACH,,ES,,,,,,,,,,,,,,
All,Manufacturer Center,2025-07-01/2025-12-31,KEYWORD_DATA_FALSIFICATION,,ES,,,,,,,,,,,,,,
All,Manufacturer Center,2025-07-01/2025-12-31,KEYWORD_MISSING_PROCESSING_GROUND,,ES,,,,,,,,,,,,,,
All,Manufacturer Center,2025-07-01/2025-12-31,KEYWORD_RIGHT_TO_BE_FORGOTTEN,,ES,,,,,,,,,,,,,,
All,Manufacturer Center,2025-07-01/2025-12-31,KEYWORD_OTHER,DATA_COLLECTION_AND_USE,ES,,,,,,,,,,,,,,
All,Manufacturer Center,2025-07-01/2025-12-31,KEYWORD_OTHER,DISCLOSURE_AND_CONSENT_PRACTICES,ES,,,,,,,,,,,,,,
All,Manufacturer Center,2025-07-01/2025-12-31,KEYWORD_OTHER,GDPR,ES,,,,,,,,,,,,,,
All,Manufacturer Center,2025-07-01/2025-12-31,KEYWORD_OTHER,PERSONAL_INFORMATION,ES,,,,,,,,,,,,,,
All,Manufacturer Center,2025-07-01/2025-12-31,KEYWORD_OTHER,PERSONAL_RIGHTS,ES,,,,,,,,,,,,,,
All,Manufacturer Center,2025-07-01/2025-12-31,KEYWORD_OTHER,PERSONALIZED_ADVERTISING,ES,,,,,,,,,,,,,,
All,Manufacturer Center,2025-07-01/2025-12-31,KEYWORD_OTHER,PRIVACY,ES,,,,,,,,,,,,,,
All,Manufacturer Center,2025-07-01/2025-12-31,KEYWORD_OTHER,PRIVACY_POLICY,ES,,,,,,,,,,,,,,
All,Manufacturer Center,2025-07-01/2025-12-31,KEYWORD_OTHER,UNSECURE_DATA_HANDLING,ES,,,,,,,,,,,,,,
All,Manufacturer Center,2025-07-01/2025-12-31,STATEMENT_CATEGORY_ILLEGAL_OR_HARMFUL_SPEECH,,ES,,,,,,,,,,,,,,
All,Manufacturer Center,2025-07-01/2025-12-31,KEYWORD_DEFAMATION,,ES,,,,,,,,,,,,,,
All,Manufacturer Center,2025-07-01/2025-12-31,KEYWORD_DISCRIMINATION,,ES,,,,,,,,,,,,,,
All,Manufacturer Center,2025-07-01/2025-12-31,KEYWORD_HATE_SPEECH,,ES,,,,,,,,,,,,,,
All,Manufacturer Center,2025-07-01/2025-12-31,KEYWORD_OTHER,HATEFUL_OR_ABUSIVE,ES,,,,,,,,,,,,,,
All,Manufacturer Center,2025-07-01/2025-12-31,KEYWORD_OTHER,ILLEGAL_OR_HARMFUL_SPEECH,ES,,,,,,,,,,,,,,
All,Manufacturer Center,2025-07-01/2025-12-31,KEYWORD_OTHER,OBSCENITY_AND_PROFANITY,ES,,,,,,,,,,,,,,
All,Manufacturer Center,2025-07-01/2025-12-31,KEYWORD_OTHER,OFFENSIVE_CONTENT,ES,,,,,,,,,,,,,,
All,Manufacturer Center,2025-07-01/2025-12-31,KEYWORD_OTHER,UNSAFE_CONTENT,ES,,,,,,,,,,,,,,
All,Manufacturer Center,2025-07-01/2025-12-31,STATEMENT_CATEGORY_INTELLECTUAL_PROPERTY_INFRINGEMENTS,,ES,,,,,,,,,,,,,,
All,Manufacturer Center,2025-07-01/2025-12-31,KEYWORD_COPYRIGHT_INFRINGEMENT,,ES,,,,,,,,,,,,,,
All,Manufacturer Center,2025-07-01/2025-12-31,KEYWORD_DESIGN_INFRINGEMENT,,ES,,,,,,,,,,,,,,
All,Manufacturer Center,2025-07-01/2025-12-31,KEYWORD_GEOGRAPHIC_INDICATIONS_INFRINGEMENT,,ES,,,,,,,,,,,,,,
All,Manufacturer Center,2025-07-01/2025-12-31,KEYWORD_PATENT_INFRINGEMENT,,ES,,,,,,,,,,,,,,
All,Manufacturer Center,2025-07-01/2025-12-31,KEYWORD_TRADE_SECRET_INFRINGEMENT,,ES,,,,,,,,,,,,,,
All,Manufacturer Center,2025-07-01/2025-12-31,KEYWORD_TRADEMARK_INFRINGEMENT,,ES,,,,,,,,,,,,,,
All,Manufacturer Center,2025-07-01/2025-12-31,KEYWORD_OTHER,CIRCUMVENTION,ES,,,,,,,,,,,,,,
All,Manufacturer Center,2025-07-01/2025-12-31,KEYWORD_OTHER,INTELLECTUAL PROPERTY,ES,,,,,,,,,,,,,,
All,Manufacturer Center,2025-07-01/2025-12-31,STATEMENT_CATEGORY_NEGATIVE_EFFECTS_ON_CIVIC_DISCOURSE_OR_ELECTIONS,,ES,,,,,,,,,,,,,,
All,Manufacturer Center,2025-07-01/2025-12-31,KEYWORD_MISINFORMATION_DISINFORMATION,,ES,,,,,,,,,,,,,,
All,Manufacturer Center,2025-07-01/2025-12-31,KEYWORD_VIOLATION_EU_LAW,,ES,,,,,,,,,,,,,,
All,Manufacturer Center,2025-07-01/2025-12-31,KEYWORD_VIOLATION_NATIONAL_LAW,,ES,,,,,,,,,,,,,,
All,Manufacturer Center,2025-07-01/2025-12-31,KEYWORD_OTHER,ELECTORAL,ES,,,,,,,,,,,,,,
All,Manufacturer Center,2025-07-01/2025-12-31,KEYWORD_OTHER,HACKED_POLITICAL_MATERIALS,ES,,,,,,,,,,,,,,
All,Manufacturer Center,2025-07-01/2025-12-31,KEYWORD_OTHER,POLITICAL_CONTENT,ES,,,,,,,,,,,,,,
All,Manufacturer Center,2025-07-01/2025-12-31,KEYWORD_OTHER,SOCIAL_STABILITY,ES,,,,,,,,,,,,,,
All,Manufacturer Center,2025-07-01/2025-12-31,KEYWORD_OTHER,SOCIETAL_VALUES,ES,,,,,,,,,,,,,,
All,Manufacturer Center,2025-07-01/2025-12-31,STATEMENT_CATEGORY_PROTECTION_OF_MINORS,,ES,,,,,,,,,,,,,,
All,Manufacturer Center,2025-07-01/2025-12-31,KEYWORD_AGE_SPECIFIC_RESTRICTIONS_MINORS,,ES,,,,,,,,,,,,,,
All,Manufacturer Center,2025-07-01/2025-12-31,KEYWORD_CHILD_SEXUAL_ABUSE_MATERIAL,,ES,,,,,,,,,,,,,,
All,Manufacturer Center,2025-07-01/2025-12-31,KEYWORD_CHILD_SEXUAL_ABUSE_MATERIAL_DEEPFAKE,,ES,,,,,,,,,,,,,,
All,Manufacturer Center,2025-07-01/2025-12-31,KEYWORD_GROOMING_SEXUAL_ENTICEMENT_MINORS,,ES,,,,,,,,,,,,,,
All,Manufacturer Center,2025-07-01/2025-12-31,KEYWORD_UNSAFE_CHALLENGES,,ES,,,,,,,,,,,,,,
All,Manufacturer Center,2025-07-01/2025-12-31,KEYWORD_OTHER,CHILD_ENDANGERMENT,ES,,,,,,,,,,,,,,
All,Manufacturer Center,2025-07-01/2025-12-31,KEYWORD_OTHER,CHILD_SAFETY,ES,,,,,,,,,,,,,,
All,Manufacturer Center,2025-07-01/2025-12-31,KEYWORD_OTHER,HARMFUL_OR_DANGEROUS_ACTS_CHALLENGES_AND_PRANKS,ES,,,,,,,,,,,,,,
All,Manufacturer Center,2025-07-01/2025-12-31,KEYWORD_OTHER,KNOWN_SERIES,ES,,,,,,,,,,,,,,
All,Manufacturer Center,2025-07-01/2025-12-31,KEYWORD_OTHER,PROTECTION_OF_MINORS,ES,,,,,,,,,,,,,,
All,Manufacturer Center,2025-07-01/2025-12-31,KEYWORD_OTHER,UNAUTHORIZED_IMAGE_OF_MINORS,ES,,,,,,,,,,,,,,
All,Manufacturer Center,2025-07-01/2025-12-31,STATEMENT_CATEGORY_RISK_FOR_PUBLIC_SECURITY,,ES,,,,,,,,,,,,,,
All,Manufacturer Center,2025-07-01/2025-12-31,KEYWORD_ILLEGAL_ORGANIZATIONS,,ES,,,,,,,,,,,,,,
All,Manufacturer Center,2025-07-01/2025-12-31,KEYWORD_RISK_ENVIRONMENTAL_DAMAGE,,ES,,,,,,,,,,,,,,
All,Manufacturer Center,2025-07-01/2025-12-31,KEYWORD_RISK_PUBLIC_HEALTH,,ES,,,,,,,,,,,,,,
All,Manufacturer Center,2025-07-01/2025-12-31,KEYWORD_TERRORIST_CONTENT,,ES,,,,,,,,,,,,,,
All,Manufacturer Center,2025-07-01/2025-12-31,KEYWORD_OTHER,COURT_ORDER,ES,,,,,,,,,,,,,,
All,Manufacturer Center,2025-07-01/2025-12-31,KEYWORD_OTHER,RISK_FOR_PUBLIC_SECURITY,ES,,,,,,,,,,,,,,
All,Manufacturer Center,2025-07-01/2025-12-31,KEYWORD_OTHER,SENSITIVE_EVENTS,ES,,,,,,,,,,,,,,
All,Manufacturer Center,2025-07-01/2025-12-31,KEYWORD_OTHER,VIOLENT_EXTREMISM,ES,,,,,,,,,,,,,,
All,Manufacturer Center,2025-07-01/2025-12-31,KEYWORD_OTHER,WRONGFUL_OR_UNAUTHORIZED_USE_OF_SYMBOLS,ES,,,,,,,,,,,,,,
All,Manufacturer Center,2025-07-01/2025-12-31,STATEMENT_CATEGORY_SCAMS_AND_FRAUD,,ES,,,,,,,,,,,,,,
All,Manufacturer Center,2025-07-01/2025-12-31,KEYWORD_IMPERSONATION_ACCOUNT_HIJACKING,,ES,,,,,,,,,,,,,,
All,Manufacturer Center,2025-07-01/2025-12-31,KEYWORD_INAUTHENTIC_ACCOUNTS,,ES,,,,,,,,,,,,,,
All,Manufacturer Center,2025-07-01/2025-12-31,KEYWORD_INAUTHENTIC_LISTINGS,,ES,,,,,,,,,,,,,,
All,Manufacturer Center,2025-07-01/2025-12-31,KEYWORD_INAUTHENTIC_USER_REVIEWS,,ES,,,,,,,,,,,,,,
All,Manufacturer Center,2025-07-01/2025-12-31,KEYWORD_PHISHING,,ES,,,,,,,,,,,,,,
All,Manufacturer Center,2025-07-01/2025-12-31,KEYWORD_PYRAMID_SCHEMES,,ES,,,,,,,,,,,,,,
All,Manufacturer Center,2025-07-01/2025-12-31,KEYWORD_OTHER,AD_FRAUD_POLICY,ES,,,,,,,,,,,,,,
All,Manufacturer Center,2025-07-01/2025-12-31,KEYWORD_OTHER,ENCOURAGEMENT_OF_DIGITAL_SECURITY_OR_TERMS_OF_SERVICE_VIOLATIONS,ES,,,,,,,,,,,,,,
All,Manufacturer Center,2025-07-01/2025-12-31,KEYWORD_OTHER,FRAUD,ES,,,,,,,,,,,,,,
All,Manufacturer Center,2025-07-01/2025-12-31,KEYWORD_OTHER,MALWARE,ES,,,,,,,,,,,,,,
All,Manufacturer Center,2025-07-01/2025-12-31,KEYWORD_OTHER,MALWARE_AND_PHISHING,ES,,,,,,,,,,,,,,
All,Manufacturer Center,2025-07-01/2025-12-31,KEYWORD_OTHER,MALWARE_AND_SYSTEM_CIRCUMVENTION,ES,,,,,,,,,,,,,,
All,Manufacturer Center,2025-07-01/2025-12-31,KEYWORD_OTHER,MISREPRESENTATION,ES,,,,,,,,,,,,,,
All,Manufacturer Center,2025-07-01/2025-12-31,KEYWORD_OTHER,SCAMS,ES,,,,,,,,,,,,,,
All,Manufacturer Center,2025-07-01/2025-12-31,KEYWORD_OTHER,SOCIAL_ENGINEERING_TACTICS,ES,,,,,,,,,,,,,,
All,Manufacturer Center,2025-07-01/2025-12-31,STATEMENT_CATEGORY_SELF_HARM,,ES,,,,,,,,,,,,,,
All,Manufacturer Center,2025-07-01/2025-12-31,KEYWORD_CONTENT_PROMOTING_EATING_DISORDERS,,ES,,,,,,,,,,,,,,
All,Manufacturer Center,2025-07-01/2025-12-31,KEYWORD_SELF_MUTILATION,,ES,,,,,,,,,,,,,,
All,Manufacturer Center,2025-07-01/2025-12-31,KEYWORD_SUICIDE,,ES,,,,,,,,,,,,,,
All,Manufacturer Center,2025-07-01/2025-12-31,KEYWORD_OTHER,SELF_HARM,ES,,,,,,,,,,,,,,
All,Manufacturer Center,2025-07-01/2025-12-31,KEYWORD_OTHER,SUICIDE_AND_SELF_HARM,ES,,,,,,,,,,,,,,
All,Manufacturer Center,2025-07-01/2025-12-31,STATEMENT_CATEGORY_UNSAFE_AND_PROHIBITED_PRODUCTS,,ES,,,,,,,,,,,,,,
All,Manufacturer Center,2025-07-01/2025-12-31,KEYWORD_PROHIBITED_PRODUCTS,,ES,,,,,,,,,,,,,,
All,Manufacturer Center,2025-07-01/2025-12-31,KEYWORD_UNSAFE_PRODUCTS,,ES,,,,,,,,,,,,,,
All,Manufacturer Center,2025-07-01/2025-12-31,KEYWORD_OTHER,COURT_ORDER,ES,,,,,,,,,,,,,,
All,Manufacturer Center,2025-07-01/2025-12-31,KEYWORD_OTHER,ENABLING_DISHONEST_BEHAVIOR,ES,,,,,,,,,,,,,,
All,Manufacturer Center,2025-07-01/2025-12-31,KEYWORD_OTHER,FIREARMS_AND_ILLEGAL_REGULATED_GOODS_OR_SERVICES,ES,,,,,,,,,,,,,,
All,Manufacturer Center,2025-07-01/2025-12-31,KEYWORD_OTHER,OTHER_LEGAL_NOTICES_OR_ORDERS,ES,,,,,,,,,,,,,,
All,Manufacturer Center,2025-07-01/2025-12-31,KEYWORD_OTHER,UNAUTHORIZED_PHARMACIES,ES,,,,,,,,,,,,,,
All,Manufacturer Center,2025-07-01/2025-12-31,STATEMENT_CATEGORY_VIOLENCE,,ES,,,,,,,,,,,,,,
All,Manufacturer Center,2025-07-01/2025-12-31,KEYWORD_COORDINATED_HARM,,ES,,,,,,,,,,,,,,
All,Manufacturer Center,2025-07-01/2025-12-31,KEYWORD_INCITEMENT_VIOLENCE_HATRED,,ES,,,,,,,,,,,,,,
All,Manufacturer Center,2025-07-01/2025-12-31,KEYWORD_HUMAN_EXPLOITATION,,ES,,,,,,,,,,,,,,
All,Manufacturer Center,2025-07-01/2025-12-31,KEYWORD_HUMAN_TRAFFICKING,,ES,,,,,,,,,,,,,,
All,Manufacturer Center,2025-07-01/2025-12-31,KEYWORD_TRAFFICKING_WOMEN_GIRLS,,ES,,,,,,,,,,,,,,
All,Manufacturer Center,2025-07-01/2025-12-31,KEYWORD_OTHER,DEPICTION_OF VIOLENCE,ES,,,,,,,,,,,,,,
All,Manufacturer Center,2025-07-01/2025-12-31,KEYWORD_OTHER,SHOCKING_CONTENT,ES,,,,,,,,,,,,,,
All,Manufacturer Center,2025-07-01/2025-12-31,KEYWORD_OTHER,VIOLENT_OR_GRAPHIC_CONTENT,ES,,,,,,,,,,,,,,
All,Manufacturer Center,2025-07-01/2025-12-31,STATEMENT_CATEGORY_NOT_SPECIFIED_ORDER,,ES,,,,,,,,,,,,,,
All,Manufacturer Center,2025-07-01/2025-12-31,TOTAL,,SE,,,,,,,,,,,,,,
All,Manufacturer Center,2025-07-01/2025-12-31,STATEMENT_CATEGORY_ANIMAL_WELFARE,,SE,,,,,,,,,,,,,,
All,Manufacturer Center,2025-07-01/2025-12-31,KEYWORD_ANIMAL_HARM,,SE,,,,,,,,,,,,,,
All,Manufacturer Center,2025-07-01/2025-12-31,KEYWORD_UNLAWFUL_SALE_ANIMALS,,SE,,,,,,,,,,,,,,
All,Manufacturer Center,2025-07-01/2025-12-31,KEYWORD_OTHER,ANIMAL_CRUELTY,SE,,,,,,,,,,,,,,
All,Manufacturer Center,2025-07-01/2025-12-31,KEYWORD_OTHER,ANIMAL_HARM_AND_UNLAWFUL_SALE,SE,,,,,,,,,,,,,,
All,Manufacturer Center,2025-07-01/2025-12-31,STATEMENT_CATEGORY_CONSUMER_INFORMATION,,SE,,,,,,,,,,,,,,
All,Manufacturer Center,2025-07-01/2025-12-31,KEYWORD_HIDDEN_ADVERTISEMENT,,SE,,,,,,,,,,,,,,
All,Manufacturer Center,2025-07-01/2025-12-31,KEYWORD_INSUFFICIENT_INFORMATION_ON_TRADERS,,SE,,,,,,,,,,,,,,
All,Manufacturer Center,2025-07-01/2025-12-31,KEYWORD_MISLEADING_INFO_GOODS_SERVICES,,SE,,,,,,,,,,,,,,
All,Manufacturer Center,2025-07-01/2025-12-31,KEYWORD_MISLEADING_INFO_CONSUMER_RIGHTS,,SE,,,,,,,,,,,,,,
All,Manufacturer Center,2025-07-01/2025-12-31,KEYWORD_NONCOMPLIANCE_PRICING,,SE,,,,,,,,,,,,,,
All,Manufacturer Center,2025-07-01/2025-12-31,KEYWORD_OTHER,CONSUMER_PROTECTION,SE,,,,,,,,,,,,,,
All,Manufacturer Center,2025-07-01/2025-12-31,KEYWORD_OTHER,MISREPRESENTATION,SE,,,,,,,,,,,,,,
All,Manufacturer Center,2025-07-01/2025-12-31,STATEMENT_CATEGORY_CYBER_VIOLENCE,,SE,,,,,,,,,,,,,,
All,Manufacturer Center,2025-07-01/2025-12-31,KEYWORD_CYBER_BULLYING_INTIMIDATION,,SE,,,,,,,,,,,,,,
All,Manufacturer Center,2025-07-01/2025-12-31,KEYWORD_CYBER_HARASSMENT,,SE,,,,,,,,,,,,,,
All,Manufacturer Center,2025-07-01/2025-12-31,KEYWORD_CYBER_INCITEMENT,,SE,,,,,,,,,,,,,,
All,Manufacturer Center,2025-07-01/2025-12-31,KEYWORD_CYBER_STALKING,,SE,,,,,,,,,,,,,,
All,Manufacturer Center,2025-07-01/2025-12-31,KEYWORD_NON_CONSENSUAL_IMAGE_SHARING,,SE,,,,,,,,,,,,,,
All,Manufacturer Center,2025-07-01/2025-12-31,KEYWORD_NON_CONSENSUAL_MATERIAL_DEEPFAKE,,SE,,,,,,,,,,,,,,
All,Manufacturer Center,2025-07-01/2025-12-31,KEYWORD_OTHER,DOXING,SE,,,,,,,,,,,,,,
All,Manufacturer Center,2025-07-01/2025-12-31,KEYWORD_OTHER,HARASSMENT,SE,,,,,,,,,,,,,,
All,Manufacturer Center,2025-07-01/2025-12-31,KEYWORD_OTHER,HARASSMENT_AND_CYBERBULLYING,SE,,,,,,,,,,,,,,
All,Manufacturer Center,2025-07-01/2025-12-31,KEYWORD_OTHER,HARMFUL_ACTIVITIES,SE,,,,,,,,,,,,,,
All,Manufacturer Center,2025-07-01/2025-12-31,KEYWORD_OTHER,SEXUAL_HARASSMENT,SE,,,,,,,,,,,,,,
All,Manufacturer Center,2025-07-01/2025-12-31,KEYWORD_OTHER,OBSCENITY_OR_PORNOGRAPHY,SE,,,,,,,,,,,,,,
All,Manufacturer Center,2025-07-01/2025-12-31,KEYWORD_OTHER,UNSAFE_CONTENT,SE,,,,,,,,,,,,,,
All,Manufacturer Center,2025-07-01/2025-12-31,STATEMENT_CATEGORY_CYBER_VIOLENCE_AGAINST_WOMEN,,SE,,,,,,,,,,,,,,
All,Manufacturer Center,2025-07-01/2025-12-31,KEYWORD_BULLYING_AGAINST_GIRLS,,SE,,,,,,,,,,,,,,
All,Manufacturer Center,2025-07-01/2025-12-31,KEYWORD_CYBER_HARASSMENT_AGAINST_WOMEN,,SE,,,,,,,,,,,,,,
All,Manufacturer Center,2025-07-01/2025-12-31,KEYWORD_CYBER_STALKING_AGAINST_WOMEN,,SE,,,,,,,,,,,,,,
All,Manufacturer Center,2025-07-01/2025-12-31,KEYWORD_FEMALE_GENDERED_DISINFORMATION,,SE,,,,,,,,,,,,,,
All,Manufacturer Center,2025-07-01/2025-12-31,KEYWORD_INCITEMENT_AGAINST_WOMEN,,SE,,,,,,,,,,,,,,
All,Manufacturer Center,2025-07-01/2025-12-31,KEYWORD_NON_CONSENSUAL_IMAGE_SHARING_AGAINST_WOMEN,,SE,,,,,,,,,,,,,,
All,Manufacturer Center,2025-07-01/2025-12-31,KEYWORD_NON_CONSENSUAL_MATERIAL_DEEPFAKE_AGAINST_WOMEN,,SE,,,,,,,,,,,,,,
All,Manufacturer Center,2025-07-01/2025-12-31,KEYWORD_OTHER,"Text to detail the ""Other"" keyword.",SE,,,,,,,,,,,,,,
All,Manufacturer Center,2025-07-01/2025-12-31,STATEMENT_CATEGORY_DATA_PROTECTION_AND_PRIVACY_VIOLATIONS,,SE,,,,,,,,,,,,,,
All,Manufacturer Center,2025-07-01/2025-12-31,KEYWORD_BIOMETRIC_DATA_BREACH,,SE,,,,,,,,,,,,,,
All,Manufacturer Center,2025-07-01/2025-12-31,KEYWORD_DATA_FALSIFICATION,,SE,,,,,,,,,,,,,,
All,Manufacturer Center,2025-07-01/2025-12-31,KEYWORD_MISSING_PROCESSING_GROUND,,SE,,,,,,,,,,,,,,
All,Manufacturer Center,2025-07-01/2025-12-31,KEYWORD_RIGHT_TO_BE_FORGOTTEN,,SE,,,,,,,,,,,,,,
All,Manufacturer Center,2025-07-01/2025-12-31,KEYWORD_OTHER,DATA_COLLECTION_AND_USE,SE,,,,,,,,,,,,,,
All,Manufacturer Center,2025-07-01/2025-12-31,KEYWORD_OTHER,DISCLOSURE_AND_CONSENT_PRACTICES,SE,,,,,,,,,,,,,,
All,Manufacturer Center,2025-07-01/2025-12-31,KEYWORD_OTHER,GDPR,SE,,,,,,,,,,,,,,
All,Manufacturer Center,2025-07-01/2025-12-31,KEYWORD_OTHER,PERSONAL_INFORMATION,SE,,,,,,,,,,,,,,
All,Manufacturer Center,2025-07-01/2025-12-31,KEYWORD_OTHER,PERSONAL_RIGHTS,SE,,,,,,,,,,,,,,
All,Manufacturer Center,2025-07-01/2025-12-31,KEYWORD_OTHER,PERSONALIZED_ADVERTISING,SE,,,,,,,,,,,,,,
All,Manufacturer Center,2025-07-01/2025-12-31,KEYWORD_OTHER,PRIVACY,SE,,,,,,,,,,,,,,
All,Manufacturer Center,2025-07-01/2025-12-31,KEYWORD_OTHER,PRIVACY_POLICY,SE,,,,,,,,,,,,,,
All,Manufacturer Center,2025-07-01/2025-12-31,KEYWORD_OTHER,UNSECURE_DATA_HANDLING,SE,,,,,,,,,,,,,,
All,Manufacturer Center,2025-07-01/2025-12-31,STATEMENT_CATEGORY_ILLEGAL_OR_HARMFUL_SPEECH,,SE,,,,,,,,,,,,,,
All,Manufacturer Center,2025-07-01/2025-12-31,KEYWORD_DEFAMATION,,SE,,,,,,,,,,,,,,
All,Manufacturer Center,2025-07-01/2025-12-31,KEYWORD_DISCRIMINATION,,SE,,,,,,,,,,,,,,
All,Manufacturer Center,2025-07-01/2025-12-31,KEYWORD_HATE_SPEECH,,SE,,,,,,,,,,,,,,
All,Manufacturer Center,2025-07-01/2025-12-31,KEYWORD_OTHER,HATEFUL_OR_ABUSIVE,SE,,,,,,,,,,,,,,
All,Manufacturer Center,2025-07-01/2025-12-31,KEYWORD_OTHER,ILLEGAL_OR_HARMFUL_SPEECH,SE,,,,,,,,,,,,,,
All,Manufacturer Center,2025-07-01/2025-12-31,KEYWORD_OTHER,OBSCENITY_AND_PROFANITY,SE,,,,,,,,,,,,,,
All,Manufacturer Center,2025-07-01/2025-12-31,KEYWORD_OTHER,OFFENSIVE_CONTENT,SE,,,,,,,,,,,,,,
All,Manufacturer Center,2025-07-01/2025-12-31,KEYWORD_OTHER,UNSAFE_CONTENT,SE,,,,,,,,,,,,,,
All,Manufacturer Center,2025-07-01/2025-12-31,STATEMENT_CATEGORY_INTELLECTUAL_PROPERTY_INFRINGEMENTS,,SE,,,,,,,,,,,,,,
All,Manufacturer Center,2025-07-01/2025-12-31,KEYWORD_COPYRIGHT_INFRINGEMENT,,SE,,,,,,,,,,,,,,
All,Manufacturer Center,2025-07-01/2025-12-31,KEYWORD_DESIGN_INFRINGEMENT,,SE,,,,,,,,,,,,,,
All,Manufacturer Center,2025-07-01/2025-12-31,KEYWORD_GEOGRAPHIC_INDICATIONS_INFRINGEMENT,,SE,,,,,,,,,,,,,,
All,Manufacturer Center,2025-07-01/2025-12-31,KEYWORD_PATENT_INFRINGEMENT,,SE,,,,,,,,,,,,,,
All,Manufacturer Center,2025-07-01/2025-12-31,KEYWORD_TRADE_SECRET_INFRINGEMENT,,SE,,,,,,,,,,,,,,
All,Manufacturer Center,2025-07-01/2025-12-31,KEYWORD_TRADEMARK_INFRINGEMENT,,SE,,,,,,,,,,,,,,
All,Manufacturer Center,2025-07-01/2025-12-31,KEYWORD_OTHER,CIRCUMVENTION,SE,,,,,,,,,,,,,,
All,Manufacturer Center,2025-07-01/2025-12-31,KEYWORD_OTHER,INTELLECTUAL PROPERTY,SE,,,,,,,,,,,,,,
All,Manufacturer Center,2025-07-01/2025-12-31,STATEMENT_CATEGORY_NEGATIVE_EFFECTS_ON_CIVIC_DISCOURSE_OR_ELECTIONS,,SE,,,,,,,,,,,,,,
All,Manufacturer Center,2025-07-01/2025-12-31,KEYWORD_MISINFORMATION_DISINFORMATION,,SE,,,,,,,,,,,,,,
All,Manufacturer Center,2025-07-01/2025-12-31,KEYWORD_VIOLATION_EU_LAW,,SE,,,,,,,,,,,,,,
All,Manufacturer Center,2025-07-01/2025-12-31,KEYWORD_VIOLATION_NATIONAL_LAW,,SE,,,,,,,,,,,,,,
All,Manufacturer Center,2025-07-01/2025-12-31,KEYWORD_OTHER,ELECTORAL,SE,,,,,,,,,,,,,,
All,Manufacturer Center,2025-07-01/2025-12-31,KEYWORD_OTHER,HACKED_POLITICAL_MATERIALS,SE,,,,,,,,,,,,,,
All,Manufacturer Center,2025-07-01/2025-12-31,KEYWORD_OTHER,POLITICAL_CONTENT,SE,,,,,,,,,,,,,,
All,Manufacturer Center,2025-07-01/2025-12-31,KEYWORD_OTHER,SOCIAL_STABILITY,SE,,,,,,,,,,,,,,
All,Manufacturer Center,2025-07-01/2025-12-31,KEYWORD_OTHER,SOCIETAL_VALUES,SE,,,,,,,,,,,,,,
All,Manufacturer Center,2025-07-01/2025-12-31,STATEMENT_CATEGORY_PROTECTION_OF_MINORS,,SE,,,,,,,,,,,,,,
All,Manufacturer Center,2025-07-01/2025-12-31,KEYWORD_AGE_SPECIFIC_RESTRICTIONS_MINORS,,SE,,,,,,,,,,,,,,
All,Manufacturer Center,2025-07-01/2025-12-31,KEYWORD_CHILD_SEXUAL_ABUSE_MATERIAL,,SE,,,,,,,,,,,,,,
All,Manufacturer Center,2025-07-01/2025-12-31,KEYWORD_CHILD_SEXUAL_ABUSE_MATERIAL_DEEPFAKE,,SE,,,,,,,,,,,,,,
All,Manufacturer Center,2025-07-01/2025-12-31,KEYWORD_GROOMING_SEXUAL_ENTICEMENT_MINORS,,SE,,,,,,,,,,,,,,
All,Manufacturer Center,2025-07-01/2025-12-31,KEYWORD_UNSAFE_CHALLENGES,,SE,,,,,,,,,,,,,,
All,Manufacturer Center,2025-07-01/2025-12-31,KEYWORD_OTHER,CHILD_ENDANGERMENT,SE,,,,,,,,,,,,,,
All,Manufacturer Center,2025-07-01/2025-12-31,KEYWORD_OTHER,CHILD_SAFETY,SE,,,,,,,,,,,,,,
All,Manufacturer Center,2025-07-01/2025-12-31,KEYWORD_OTHER,HARMFUL_OR_DANGEROUS_ACTS_CHALLENGES_AND_PRANKS,SE,,,,,,,,,,,,,,
All,Manufacturer Center,2025-07-01/2025-12-31,KEYWORD_OTHER,KNOWN_SERIES,SE,,,,,,,,,,,,,,
All,Manufacturer Center,2025-07-01/2025-12-31,KEYWORD_OTHER,PROTECTION_OF_MINORS,SE,,,,,,,,,,,,,,
All,Manufacturer Center,2025-07-01/2025-12-31,KEYWORD_OTHER,UNAUTHORIZED_IMAGE_OF_MINORS,SE,,,,,,,,,,,,,,
All,Manufacturer Center,2025-07-01/2025-12-31,STATEMENT_CATEGORY_RISK_FOR_PUBLIC_SECURITY,,SE,,,,,,,,,,,,,,
All,Manufacturer Center,2025-07-01/2025-12-31,KEYWORD_ILLEGAL_ORGANIZATIONS,,SE,,,,,,,,,,,,,,
All,Manufacturer Center,2025-07-01/2025-12-31,KEYWORD_RISK_ENVIRONMENTAL_DAMAGE,,SE,,,,,,,,,,,,,,
All,Manufacturer Center,2025-07-01/2025-12-31,KEYWORD_RISK_PUBLIC_HEALTH,,SE,,,,,,,,,,,,,,
All,Manufacturer Center,2025-07-01/2025-12-31,KEYWORD_TERRORIST_CONTENT,,SE,,,,,,,,,,,,,,
All,Manufacturer Center,2025-07-01/2025-12-31,KEYWORD_OTHER,COURT_ORDER,SE,,,,,,,,,,,,,,
All,Manufacturer Center,2025-07-01/2025-12-31,KEYWORD_OTHER,RISK_FOR_PUBLIC_SECURITY,SE,,,,,,,,,,,,,,
All,Manufacturer Center,2025-07-01/2025-12-31,KEYWORD_OTHER,SENSITIVE_EVENTS,SE,,,,,,,,,,,,,,
All,Manufacturer Center,2025-07-01/2025-12-31,KEYWORD_OTHER,VIOLENT_EXTREMISM,SE,,,,,,,,,,,,,,
All,Manufacturer Center,2025-07-01/2025-12-31,KEYWORD_OTHER,WRONGFUL_OR_UNAUTHORIZED_USE_OF_SYMBOLS,SE,,,,,,,,,,,,,,
All,Manufacturer Center,2025-07-01/2025-12-31,STATEMENT_CATEGORY_SCAMS_AND_FRAUD,,SE,,,,,,,,,,,,,,
All,Manufacturer Center,2025-07-01/2025-12-31,KEYWORD_IMPERSONATION_ACCOUNT_HIJACKING,,SE,,,,,,,,,,,,,,
All,Manufacturer Center,2025-07-01/2025-12-31,KEYWORD_INAUTHENTIC_ACCOUNTS,,SE,,,,,,,,,,,,,,
All,Manufacturer Center,2025-07-01/2025-12-31,KEYWORD_INAUTHENTIC_LISTINGS,,SE,,,,,,,,,,,,,,
All,Manufacturer Center,2025-07-01/2025-12-31,KEYWORD_INAUTHENTIC_USER_REVIEWS,,SE,,,,,,,,,,,,,,
All,Manufacturer Center,2025-07-01/2025-12-31,KEYWORD_PHISHING,,SE,,,,,,,,,,,,,,
All,Manufacturer Center,2025-07-01/2025-12-31,KEYWORD_PYRAMID_SCHEMES,,SE,,,,,,,,,,,,,,
All,Manufacturer Center,2025-07-01/2025-12-31,KEYWORD_OTHER,AD_FRAUD_POLICY,SE,,,,,,,,,,,,,,
All,Manufacturer Center,2025-07-01/2025-12-31,KEYWORD_OTHER,ENCOURAGEMENT_OF_DIGITAL_SECURITY_OR_TERMS_OF_SERVICE_VIOLATIONS,SE,,,,,,,,,,,,,,
All,Manufacturer Center,2025-07-01/2025-12-31,KEYWORD_OTHER,FRAUD,SE,,,,,,,,,,,,,,
All,Manufacturer Center,2025-07-01/2025-12-31,KEYWORD_OTHER,MALWARE,SE,,,,,,,,,,,,,,
All,Manufacturer Center,2025-07-01/2025-12-31,KEYWORD_OTHER,MALWARE_AND_PHISHING,SE,,,,,,,,,,,,,,
All,Manufacturer Center,2025-07-01/2025-12-31,KEYWORD_OTHER,MALWARE_AND_SYSTEM_CIRCUMVENTION,SE,,,,,,,,,,,,,,
All,Manufacturer Center,2025-07-01/2025-12-31,KEYWORD_OTHER,MISREPRESENTATION,SE,,,,,,,,,,,,,,
All,Manufacturer Center,2025-07-01/2025-12-31,KEYWORD_OTHER,SCAMS,SE,,,,,,,,,,,,,,
All,Manufacturer Center,2025-07-01/2025-12-31,KEYWORD_OTHER,SOCIAL_ENGINEERING_TACTICS,SE,,,,,,,,,,,,,,
All,Manufacturer Center,2025-07-01/2025-12-31,STATEMENT_CATEGORY_SELF_HARM,,SE,,,,,,,,,,,,,,
All,Manufacturer Center,2025-07-01/2025-12-31,KEYWORD_CONTENT_PROMOTING_EATING_DISORDERS,,SE,,,,,,,,,,,,,,
All,Manufacturer Center,2025-07-01/2025-12-31,KEYWORD_SELF_MUTILATION,,SE,,,,,,,,,,,,,,
All,Manufacturer Center,2025-07-01/2025-12-31,KEYWORD_SUICIDE,,SE,,,,,,,,,,,,,,
All,Manufacturer Center,2025-07-01/2025-12-31,KEYWORD_OTHER,SELF_HARM,SE,,,,,,,,,,,,,,
All,Manufacturer Center,2025-07-01/2025-12-31,KEYWORD_OTHER,SUICIDE_AND_SELF_HARM,SE,,,,,,,,,,,,,,
All,Manufacturer Center,2025-07-01/2025-12-31,STATEMENT_CATEGORY_UNSAFE_AND_PROHIBITED_PRODUCTS,,SE,,,,,,,,,,,,,,
All,Manufacturer Center,2025-07-01/2025-12-31,KEYWORD_PROHIBITED_PRODUCTS,,SE,,,,,,,,,,,,,,
All,Manufacturer Center,2025-07-01/2025-12-31,KEYWORD_UNSAFE_PRODUCTS,,SE,,,,,,,,,,,,,,
All,Manufacturer Center,2025-07-01/2025-12-31,KEYWORD_OTHER,COURT_ORDER,SE,,,,,,,,,,,,,,
All,Manufacturer Center,2025-07-01/2025-12-31,KEYWORD_OTHER,ENABLING_DISHONEST_BEHAVIOR,SE,,,,,,,,,,,,,,
All,Manufacturer Center,2025-07-01/2025-12-31,KEYWORD_OTHER,FIREARMS_AND_ILLEGAL_REGULATED_GOODS_OR_SERVICES,SE,,,,,,,,,,,,,,
All,Manufacturer Center,2025-07-01/2025-12-31,KEYWORD_OTHER,OTHER_LEGAL_NOTICES_OR_ORDERS,SE,,,,,,,,,,,,,,
All,Manufacturer Center,2025-07-01/2025-12-31,KEYWORD_OTHER,UNAUTHORIZED_PHARMACIES,SE,,,,,,,,,,,,,,
All,Manufacturer Center,2025-07-01/2025-12-31,STATEMENT_CATEGORY_VIOLENCE,,SE,,,,,,,,,,,,,,
All,Manufacturer Center,2025-07-01/2025-12-31,KEYWORD_COORDINATED_HARM,,SE,,,,,,,,,,,,,,
All,Manufacturer Center,2025-07-01/2025-12-31,KEYWORD_INCITEMENT_VIOLENCE_HATRED,,SE,,,,,,,,,,,,,,
All,Manufacturer Center,2025-07-01/2025-12-31,KEYWORD_HUMAN_EXPLOITATION,,SE,,,,,,,,,,,,,,
All,Manufacturer Center,2025-07-01/2025-12-31,KEYWORD_HUMAN_TRAFFICKING,,SE,,,,,,,,,,,,,,
All,Manufacturer Center,2025-07-01/2025-12-31,KEYWORD_TRAFFICKING_WOMEN_GIRLS,,SE,,,,,,,,,,,,,,
All,Manufacturer Center,2025-07-01/2025-12-31,KEYWORD_OTHER,DEPICTION_OF VIOLENCE,SE,,,,,,,,,,,,,,
All,Manufacturer Center,2025-07-01/2025-12-31,KEYWORD_OTHER,SHOCKING_CONTENT,SE,,,,,,,,,,,,,,
All,Manufacturer Center,2025-07-01/2025-12-31,KEYWORD_OTHER,VIOLENT_OR_GRAPHIC_CONTENT,SE,,,,,,,,,,,,,,
All,Manufacturer Center,2025-07-01/2025-12-31,STATEMENT_CATEGORY_NOT_SPECIFIED_ORDER,,SE,,,,,,,,,,,,,,
