Applicability,Service,Reporting period,Category of illegal content,"Description of the sub-category ""Other""",Scope,Number of orders to act against illegal content received,Number of specific items of information included in the total number of orders to act against illegal content,Median time to inform the authority of the receipt of the order to act against illegal content,Median time to give effect to the order to act against illegal content,Number of orders to provide information,Median time to inform the authority of the receipt of the order to provide information,Median time to give effect to the order to provide information,Contextual information on number of orders to act against illegal content received,Contextual information on number of specific items of information included in the total number of orders to act against illegal content,Contextual information on Median time to inform the authority of the receipt of the order to act against illegal content,Contextual information on Median time to give effect to the order to act against illegal content,Contextual information on Number of orders to provide information,Contextual information on Median time to inform the authority of the receipt of the order to provide information,Contextual information on Median time to give effect to the order to provide information
All,Snap,2025-07-01/2025-12-31,TOTAL,,TOTAL,2,4,0,15,"18,400",0,202,"Snap's identification here of orders received from member states to act against illegal content does not constitute agreement that these orders were all legally binding on Snap. In addition, Snap took action in response to these orders according to its Community Guidelines and the enforcement reason on each account may have differed from the reason identified by the member state submission. The orders identified here are classified by the reason identified by the order, not by the ultimate enforcement reason.","Where an order directed the removal of an entire account, that account was counted as one item here.","In all cases, an automated confirmation of receipt was sent to the submitting member state authority or the submitting authority was able to review the submitted status of its report immediately in our law enforcement portal.","Please note: throughout this report and except where otherwise specifically noted, where a median time of 0 hours is reported, that figure indicates a median time of between 0 and 29 minutes. These numbers have been rounded down in order to report in integer numbers. Median times of 30 minutes to 59 minutes are rounded up to 1 hour.","This metric comprises all requests or orders (not including emergency disclosure requests) to disclose user data from EU Member States’ authorities, including those issued in accordance with DSA Article 10. Snap's identification here of such requests or orders received from member states to provide information does not constitute agreement that such requests or orders were all legally binding on Snap or were properly issued pursuant to the DSA's requirements.","In all cases, an automated confirmation of receipt is sent to requesting member state authorities.","This metric reflects the time period from when Snap received an order to when Snap considered the matter to be fully resolved, which in individual cases may depend in part on the speed with which the relevant Member State authority responds to any requests for clarification from Snap necessary to process the order."
All,Snap,2025-07-01/2025-12-31,STATEMENT_CATEGORY_ANIMAL_WELFARE,,TOTAL,0,0,0,0,5,0,453,,,,,,,
All,Snap,2025-07-01/2025-12-31,KEYWORD_ANIMAL_HARM,,TOTAL,0,0,0,0,0,0,0,,,,,,,
All,Snap,2025-07-01/2025-12-31,KEYWORD_UNLAWFUL_SALE_ANIMALS,,TOTAL,0,0,0,0,0,0,0,,,,,,,
All,Snap,2025-07-01/2025-12-31,KEYWORD_OTHER,Animal Exploitation,TOTAL,0,0,0,0,5,0,453,,,,,,,
All,Snap,2025-07-01/2025-12-31,STATEMENT_CATEGORY_CONSUMER_INFORMATION,,TOTAL,0,0,0,0,0,0,0,,,,,,,
All,Snap,2025-07-01/2025-12-31,KEYWORD_HIDDEN_ADVERTISEMENT,,TOTAL,0,0,0,0,0,0,0,,,,,,,
All,Snap,2025-07-01/2025-12-31,KEYWORD_INSUFFICIENT_INFORMATION_ON_TRADERS,,TOTAL,0,0,0,0,0,0,0,,,,,,,
All,Snap,2025-07-01/2025-12-31,KEYWORD_MISLEADING_INFO_GOODS_SERVICES,,TOTAL,0,0,0,0,0,0,0,,,,,,,
All,Snap,2025-07-01/2025-12-31,KEYWORD_MISLEADING_INFO_CONSUMER_RIGHTS,,TOTAL,0,0,0,0,0,0,0,,,,,,,
All,Snap,2025-07-01/2025-12-31,KEYWORD_NONCOMPLIANCE_PRICING,,TOTAL,0,0,0,0,0,0,0,,,,,,,
All,Snap,2025-07-01/2025-12-31,KEYWORD_OTHER,"Text to detail the ""Other"" keyword.",TOTAL,0,0,0,0,0,0,0,,,,,,,
All,Snap,2025-07-01/2025-12-31,STATEMENT_CATEGORY_CYBER_VIOLENCE,,TOTAL,1,3,0,25,956,0,253,,,,,,,
All,Snap,2025-07-01/2025-12-31,KEYWORD_CYBER_BULLYING_INTIMIDATION,,TOTAL,0,0,0,0,0,0,0,,,,,,,
All,Snap,2025-07-01/2025-12-31,KEYWORD_CYBER_HARASSMENT,,TOTAL,0,0,0,0,261,0,180,,,,,,,
All,Snap,2025-07-01/2025-12-31,KEYWORD_CYBER_INCITEMENT,,TOTAL,0,0,0,0,0,0,0,,,,,,,
All,Snap,2025-07-01/2025-12-31,KEYWORD_CYBER_STALKING,,TOTAL,0,0,0,0,0,0,0,,,,,,,
All,Snap,2025-07-01/2025-12-31,KEYWORD_NON_CONSENSUAL_IMAGE_SHARING,,TOTAL,1,3,0,25,695,0,274,,,,,,,
All,Snap,2025-07-01/2025-12-31,KEYWORD_NON_CONSENSUAL_MATERIAL_DEEPFAKE,,TOTAL,0,0,0,0,0,0,0,,,,,,,
All,Snap,2025-07-01/2025-12-31,KEYWORD_OTHER,"Text to detail the ""Other"" keyword.",TOTAL,0,0,0,0,0,0,0,,,,,,,
All,Snap,2025-07-01/2025-12-31,STATEMENT_CATEGORY_CYBER_VIOLENCE_AGAINST_WOMEN,,TOTAL,0,0,0,0,0,0,0,,,,,,,
All,Snap,2025-07-01/2025-12-31,KEYWORD_BULLYING_AGAINST_GIRLS,,TOTAL,0,0,0,0,0,0,0,,,,,,,
All,Snap,2025-07-01/2025-12-31,KEYWORD_CYBER_HARASSMENT_AGAINST_WOMEN,,TOTAL,0,0,0,0,0,0,0,,,,,,,
All,Snap,2025-07-01/2025-12-31,KEYWORD_CYBER_STALKING_AGAINST_WOMEN,,TOTAL,0,0,0,0,0,0,0,,,,,,,
All,Snap,2025-07-01/2025-12-31,KEYWORD_FEMALE_GENDERED_DISINFORMATION,,TOTAL,0,0,0,0,0,0,0,,,,,,,
All,Snap,2025-07-01/2025-12-31,KEYWORD_INCITEMENT_AGAINST_WOMEN,,TOTAL,0,0,0,0,0,0,0,,,,,,,
All,Snap,2025-07-01/2025-12-31,KEYWORD_NON_CONSENSUAL_IMAGE_SHARING_AGAINST_WOMEN,,TOTAL,0,0,0,0,0,0,0,,,,,,,
All,Snap,2025-07-01/2025-12-31,KEYWORD_NON_CONSENSUAL_MATERIAL_DEEPFAKE_AGAINST_WOMEN,,TOTAL,0,0,0,0,0,0,0,,,,,,,
All,Snap,2025-07-01/2025-12-31,KEYWORD_OTHER,"Text to detail the ""Other"" keyword.",TOTAL,0,0,0,0,0,0,0,,,,,,,
All,Snap,2025-07-01/2025-12-31,STATEMENT_CATEGORY_DATA_PROTECTION_AND_PRIVACY_VIOLATIONS,,TOTAL,0,0,0,0,40,0,203,,,,,,,
All,Snap,2025-07-01/2025-12-31,KEYWORD_BIOMETRIC_DATA_BREACH,,TOTAL,0,0,0,0,0,0,0,,,,,,,
All,Snap,2025-07-01/2025-12-31,KEYWORD_DATA_FALSIFICATION,,TOTAL,0,0,0,0,0,0,0,,,,,,,
All,Snap,2025-07-01/2025-12-31,KEYWORD_MISSING_PROCESSING_GROUND,,TOTAL,0,0,0,0,0,0,0,,,,,,,
All,Snap,2025-07-01/2025-12-31,KEYWORD_RIGHT_TO_BE_FORGOTTEN,,TOTAL,0,0,0,0,0,0,0,,,,,,,
All,Snap,2025-07-01/2025-12-31,KEYWORD_OTHER,Hacking & Cyber Crime,TOTAL,0,0,0,0,40,0,203,,,,,,,
All,Snap,2025-07-01/2025-12-31,STATEMENT_CATEGORY_ILLEGAL_OR_HARMFUL_SPEECH,,TOTAL,0,0,0,0,0,0,0,,,,,,,
All,Snap,2025-07-01/2025-12-31,KEYWORD_DEFAMATION,,TOTAL,0,0,0,0,0,0,0,,,,,,,
All,Snap,2025-07-01/2025-12-31,KEYWORD_DISCRIMINATION,,TOTAL,0,0,0,0,0,0,0,,,,,,,
All,Snap,2025-07-01/2025-12-31,KEYWORD_HATE_SPEECH,,TOTAL,0,0,0,0,0,0,0,,,,,,,
All,Snap,2025-07-01/2025-12-31,KEYWORD_OTHER,"Text to detail the ""Other"" keyword.",TOTAL,0,0,0,0,0,0,0,,,,,,,
All,Snap,2025-07-01/2025-12-31,STATEMENT_CATEGORY_INTELLECTUAL_PROPERTY_INFRINGEMENTS,,TOTAL,0,0,0,0,0,0,0,,,,,,,
All,Snap,2025-07-01/2025-12-31,KEYWORD_COPYRIGHT_INFRINGEMENT,,TOTAL,0,0,0,0,0,0,0,,,,,,,
All,Snap,2025-07-01/2025-12-31,KEYWORD_DESIGN_INFRINGEMENT,,TOTAL,0,0,0,0,0,0,0,,,,,,,
All,Snap,2025-07-01/2025-12-31,KEYWORD_GEOGRAPHIC_INDICATIONS_INFRINGEMENT,,TOTAL,0,0,0,0,0,0,0,,,,,,,
All,Snap,2025-07-01/2025-12-31,KEYWORD_PATENT_INFRINGEMENT,,TOTAL,0,0,0,0,0,0,0,,,,,,,
All,Snap,2025-07-01/2025-12-31,KEYWORD_TRADE_SECRET_INFRINGEMENT,,TOTAL,0,0,0,0,0,0,0,,,,,,,
All,Snap,2025-07-01/2025-12-31,KEYWORD_TRADEMARK_INFRINGEMENT,,TOTAL,0,0,0,0,0,0,0,,,,,,,
All,Snap,2025-07-01/2025-12-31,KEYWORD_OTHER,"Text to detail the ""Other"" keyword.",TOTAL,0,0,0,0,0,0,0,,,,,,,
All,Snap,2025-07-01/2025-12-31,STATEMENT_CATEGORY_NEGATIVE_EFFECTS_ON_CIVIC_DISCOURSE_OR_ELECTIONS,,TOTAL,0,0,0,0,5,0,126,,,,,,,
All,Snap,2025-07-01/2025-12-31,KEYWORD_MISINFORMATION_DISINFORMATION,,TOTAL,0,0,0,0,0,0,0,,,,,,,
All,Snap,2025-07-01/2025-12-31,KEYWORD_VIOLATION_EU_LAW,,TOTAL,0,0,0,0,0,0,0,,,,,,,
All,Snap,2025-07-01/2025-12-31,KEYWORD_VIOLATION_NATIONAL_LAW,,TOTAL,0,0,0,0,0,0,0,,,,,,,
All,Snap,2025-07-01/2025-12-31,KEYWORD_OTHER,Evidence Tampering & Obstruction,TOTAL,0,0,0,0,5,0,126,,,,,,,
All,Snap,2025-07-01/2025-12-31,STATEMENT_CATEGORY_PROTECTION_OF_MINORS,,TOTAL,0,0,0,0,"5,958",0,246,,,,,,,
All,Snap,2025-07-01/2025-12-31,KEYWORD_AGE_SPECIFIC_RESTRICTIONS_MINORS,,TOTAL,0,0,0,0,0,0,0,,,,,,,
All,Snap,2025-07-01/2025-12-31,KEYWORD_CHILD_SEXUAL_ABUSE_MATERIAL,,TOTAL,0,0,0,0,"1,592",0,230,,,,,,,
All,Snap,2025-07-01/2025-12-31,KEYWORD_CHILD_SEXUAL_ABUSE_MATERIAL_DEEPFAKE,,TOTAL,0,0,0,0,0,0,0,,,,,,,
All,Snap,2025-07-01/2025-12-31,KEYWORD_GROOMING_SEXUAL_ENTICEMENT_MINORS,,TOTAL,0,0,0,0,"4,366",0,249,,,,,,,
All,Snap,2025-07-01/2025-12-31,KEYWORD_UNSAFE_CHALLENGES,,TOTAL,0,0,0,0,0,0,0,,,,,,,
All,Snap,2025-07-01/2025-12-31,KEYWORD_OTHER,"Text to detail the ""Other"" keyword.",TOTAL,0,0,0,0,0,0,0,,,,,,,
All,Snap,2025-07-01/2025-12-31,STATEMENT_CATEGORY_RISK_FOR_PUBLIC_SECURITY,,TOTAL,0,0,0,0,"1,054",0,124,,,,,,,
All,Snap,2025-07-01/2025-12-31,KEYWORD_ILLEGAL_ORGANIZATIONS,,TOTAL,0,0,0,0,279,0,176,,,,,,,
All,Snap,2025-07-01/2025-12-31,KEYWORD_RISK_ENVIRONMENTAL_DAMAGE,,TOTAL,0,0,0,0,0,0,0,,,,,,,
All,Snap,2025-07-01/2025-12-31,KEYWORD_RISK_PUBLIC_HEALTH,,TOTAL,0,0,0,0,0,,0,,,,,,,
All,Snap,2025-07-01/2025-12-31,KEYWORD_TERRORIST_CONTENT,,TOTAL,0,0,0,0,326,,81,,,,,,,
All,Snap,2025-07-01/2025-12-31,KEYWORD_OTHER,Persons at large,TOTAL,0,0,0,0,323,0,134,,,,,,,
All,Snap,2025-07-01/2025-12-31,KEYWORD_OTHER,Arson,TOTAL,0,0,0,0,98,0,51,,,,,,,
All,Snap,2025-07-01/2025-12-31,KEYWORD_OTHER,Other Illegal Activities,TOTAL,0,0,0,0,28,0,83,,,,,,,
All,Snap,2025-07-01/2025-12-31,STATEMENT_CATEGORY_SCAMS_AND_FRAUD,,TOTAL,0,0,0,0,"1,427",0,171,,,,,,,
All,Snap,2025-07-01/2025-12-31,KEYWORD_IMPERSONATION_ACCOUNT_HIJACKING,,TOTAL,0,0,0,0,73,0,227,,,,,,,
All,Snap,2025-07-01/2025-12-31,KEYWORD_INAUTHENTIC_ACCOUNTS,,TOTAL,0,0,0,0,0,0,0,,,,,,,
All,Snap,2025-07-01/2025-12-31,KEYWORD_INAUTHENTIC_LISTINGS,,TOTAL,0,0,0,0,0,0,0,,,,,,,
All,Snap,2025-07-01/2025-12-31,KEYWORD_INAUTHENTIC_USER_REVIEWS,,TOTAL,0,0,0,0,0,0,0,,,,,,,
All,Snap,2025-07-01/2025-12-31,KEYWORD_PHISHING,,TOTAL,0,0,0,0,0,0,0,,,,,,,
All,Snap,2025-07-01/2025-12-31,KEYWORD_PYRAMID_SCHEMES,,TOTAL,0,0,0,0,0,0,0,,,,,,,
All,Snap,2025-07-01/2025-12-31,KEYWORD_OTHER,Fraud,TOTAL,0,0,0,0,"1,354",0,170,,,,,,,
All,Snap,2025-07-01/2025-12-31,STATEMENT_CATEGORY_SELF_HARM,,TOTAL,0,0,0,0,10,0,102,,,,,,,
All,Snap,2025-07-01/2025-12-31,KEYWORD_CONTENT_PROMOTING_EATING_DISORDERS,,TOTAL,0,0,0,0,0,0,0,,,,,,,
All,Snap,2025-07-01/2025-12-31,KEYWORD_SELF_MUTILATION,,TOTAL,0,0,0,0,0,0,0,,,,,,,
All,Snap,2025-07-01/2025-12-31,KEYWORD_SUICIDE,,TOTAL,0,0,0,0,0,0,0,,,,,,,
All,Snap,2025-07-01/2025-12-31,KEYWORD_OTHER,Self-harm & Suicide,TOTAL,0,0,0,0,10,0,102,,,,,,,
All,Snap,2025-07-01/2025-12-31,STATEMENT_CATEGORY_UNSAFE_AND_PROHIBITED_PRODUCTS,,TOTAL,1,1,0,4,"3,367",0,275,,,,,,,
All,Snap,2025-07-01/2025-12-31,KEYWORD_PROHIBITED_PRODUCTS,,TOTAL,0,0,0,0,"3,367",0,275,,,,,,,
All,Snap,2025-07-01/2025-12-31,KEYWORD_UNSAFE_PRODUCTS,,TOTAL,1,1,0,4,0,0,0,,,,,,,
All,Snap,2025-07-01/2025-12-31,KEYWORD_OTHER,"Text to detail the ""Other"" keyword.",TOTAL,0,0,0,0,0,0,0,,,,,,,
All,Snap,2025-07-01/2025-12-31,STATEMENT_CATEGORY_VIOLENCE,,TOTAL,0,0,0,0,"4,771",0,147,,,,,,,
All,Snap,2025-07-01/2025-12-31,KEYWORD_COORDINATED_HARM,,TOTAL,0,0,0,0,0,0,0,,,,,,,
All,Snap,2025-07-01/2025-12-31,KEYWORD_INCITEMENT_VIOLENCE_HATRED,,TOTAL,0,0,0,0,1,0,168,,,,,,,
All,Snap,2025-07-01/2025-12-31,KEYWORD_HUMAN_EXPLOITATION,,TOTAL,0,0,0,0,217,0,138,,,,,,,
All,Snap,2025-07-01/2025-12-31,KEYWORD_HUMAN_TRAFFICKING,,TOTAL,0,0,0,0,21,0,173,,,,,,,
All,Snap,2025-07-01/2025-12-31,KEYWORD_TRAFFICKING_WOMEN_GIRLS,,TOTAL,0,0,0,0,0,0,0,,,,,,,
All,Snap,2025-07-01/2025-12-31,KEYWORD_OTHER,Threats & Violence,TOTAL,0,0,0,0,"4,532",0,147,,,,,,,
All,Snap,2025-07-01/2025-12-31,STATEMENT_CATEGORY_NOT_SPECIFIED_ORDER,,TOTAL,0,0,0,0,807,0,170,,,,,,,
All,Snap,2025-07-01/2025-12-31,TOTAL,,AT,0,0,0,0,283,0,317,,,,,,,
All,Snap,2025-07-01/2025-12-31,STATEMENT_CATEGORY_ANIMAL_WELFARE,,AT,0,0,0,0,0,0,0,,,,,,,
All,Snap,2025-07-01/2025-12-31,KEYWORD_ANIMAL_HARM,,AT,0,0,0,0,0,0,0,,,,,,,
All,Snap,2025-07-01/2025-12-31,KEYWORD_UNLAWFUL_SALE_ANIMALS,,AT,0,0,0,0,0,0,0,,,,,,,
All,Snap,2025-07-01/2025-12-31,KEYWORD_OTHER,Animal Exploitation,AT,0,0,0,0,0,0,0,,,,,,,
All,Snap,2025-07-01/2025-12-31,STATEMENT_CATEGORY_CONSUMER_INFORMATION,,AT,0,0,0,0,0,0,0,,,,,,,
All,Snap,2025-07-01/2025-12-31,KEYWORD_HIDDEN_ADVERTISEMENT,,AT,0,0,0,0,0,0,0,,,,,,,
All,Snap,2025-07-01/2025-12-31,KEYWORD_INSUFFICIENT_INFORMATION_ON_TRADERS,,AT,0,0,0,0,0,0,0,,,,,,,
All,Snap,2025-07-01/2025-12-31,KEYWORD_MISLEADING_INFO_GOODS_SERVICES,,AT,0,0,0,0,0,0,0,,,,,,,
All,Snap,2025-07-01/2025-12-31,KEYWORD_MISLEADING_INFO_CONSUMER_RIGHTS,,AT,0,0,0,0,0,0,0,,,,,,,
All,Snap,2025-07-01/2025-12-31,KEYWORD_NONCOMPLIANCE_PRICING,,AT,0,0,0,0,0,0,0,,,,,,,
All,Snap,2025-07-01/2025-12-31,KEYWORD_OTHER,"Text to detail the ""Other"" keyword.",AT,0,0,0,0,0,0,0,,,,,,,
All,Snap,2025-07-01/2025-12-31,STATEMENT_CATEGORY_CYBER_VIOLENCE,,AT,0,0,0,0,32,0,309,,,,,,,
All,Snap,2025-07-01/2025-12-31,KEYWORD_CYBER_BULLYING_INTIMIDATION,,AT,0,0,0,0,0,0,0,,,,,,,
All,Snap,2025-07-01/2025-12-31,KEYWORD_CYBER_HARASSMENT,,AT,0,0,0,0,5,0,401,,,,,,,
All,Snap,2025-07-01/2025-12-31,KEYWORD_CYBER_INCITEMENT,,AT,0,0,0,0,0,0,0,,,,,,,
All,Snap,2025-07-01/2025-12-31,KEYWORD_CYBER_STALKING,,AT,0,0,0,0,0,0,0,,,,,,,
All,Snap,2025-07-01/2025-12-31,KEYWORD_NON_CONSENSUAL_IMAGE_SHARING,,AT,0,0,0,0,27,0,309,,,,,,,
All,Snap,2025-07-01/2025-12-31,KEYWORD_NON_CONSENSUAL_MATERIAL_DEEPFAKE,,AT,0,0,0,0,0,0,0,,,,,,,
All,Snap,2025-07-01/2025-12-31,KEYWORD_OTHER,"Text to detail the ""Other"" keyword.",AT,0,0,0,0,0,0,0,,,,,,,
All,Snap,2025-07-01/2025-12-31,STATEMENT_CATEGORY_CYBER_VIOLENCE_AGAINST_WOMEN,,AT,0,0,0,0,0,0,0,,,,,,,
All,Snap,2025-07-01/2025-12-31,KEYWORD_BULLYING_AGAINST_GIRLS,,AT,0,0,0,0,0,0,0,,,,,,,
All,Snap,2025-07-01/2025-12-31,KEYWORD_CYBER_HARASSMENT_AGAINST_WOMEN,,AT,0,0,0,0,0,0,0,,,,,,,
All,Snap,2025-07-01/2025-12-31,KEYWORD_CYBER_STALKING_AGAINST_WOMEN,,AT,0,0,0,0,0,0,0,,,,,,,
All,Snap,2025-07-01/2025-12-31,KEYWORD_FEMALE_GENDERED_DISINFORMATION,,AT,0,0,0,0,0,0,0,,,,,,,
All,Snap,2025-07-01/2025-12-31,KEYWORD_INCITEMENT_AGAINST_WOMEN,,AT,0,0,0,0,0,0,0,,,,,,,
All,Snap,2025-07-01/2025-12-31,KEYWORD_NON_CONSENSUAL_IMAGE_SHARING_AGAINST_WOMEN,,AT,0,0,0,0,0,0,0,,,,,,,
All,Snap,2025-07-01/2025-12-31,KEYWORD_NON_CONSENSUAL_MATERIAL_DEEPFAKE_AGAINST_WOMEN,,AT,0,0,0,0,0,0,0,,,,,,,
All,Snap,2025-07-01/2025-12-31,KEYWORD_OTHER,"Text to detail the ""Other"" keyword.",AT,0,0,0,0,0,0,0,,,,,,,
All,Snap,2025-07-01/2025-12-31,STATEMENT_CATEGORY_DATA_PROTECTION_AND_PRIVACY_VIOLATIONS,,AT,0,0,0,0,1,0,142,,,,,,,
All,Snap,2025-07-01/2025-12-31,KEYWORD_BIOMETRIC_DATA_BREACH,,AT,0,0,0,0,0,0,0,,,,,,,
All,Snap,2025-07-01/2025-12-31,KEYWORD_DATA_FALSIFICATION,,AT,0,0,0,0,0,0,0,,,,,,,
All,Snap,2025-07-01/2025-12-31,KEYWORD_MISSING_PROCESSING_GROUND,,AT,0,0,0,0,0,0,0,,,,,,,
All,Snap,2025-07-01/2025-12-31,KEYWORD_RIGHT_TO_BE_FORGOTTEN,,AT,0,0,0,0,0,0,0,,,,,,,
All,Snap,2025-07-01/2025-12-31,KEYWORD_OTHER,Hacking & Cyber Crime,AT,0,0,0,0,1,0,142,,,,,,,
All,Snap,2025-07-01/2025-12-31,STATEMENT_CATEGORY_ILLEGAL_OR_HARMFUL_SPEECH,,AT,0,0,0,0,0,0,0,,,,,,,
All,Snap,2025-07-01/2025-12-31,KEYWORD_DEFAMATION,,AT,0,0,0,0,0,0,0,,,,,,,
All,Snap,2025-07-01/2025-12-31,KEYWORD_DISCRIMINATION,,AT,0,0,0,0,0,0,0,,,,,,,
All,Snap,2025-07-01/2025-12-31,KEYWORD_HATE_SPEECH,,AT,0,0,0,0,0,0,0,,,,,,,
All,Snap,2025-07-01/2025-12-31,KEYWORD_OTHER,"Text to detail the ""Other"" keyword.",AT,0,0,0,0,0,0,0,,,,,,,
All,Snap,2025-07-01/2025-12-31,STATEMENT_CATEGORY_INTELLECTUAL_PROPERTY_INFRINGEMENTS,,AT,0,0,0,0,0,0,0,,,,,,,
All,Snap,2025-07-01/2025-12-31,KEYWORD_COPYRIGHT_INFRINGEMENT,,AT,0,0,0,0,0,0,0,,,,,,,
All,Snap,2025-07-01/2025-12-31,KEYWORD_DESIGN_INFRINGEMENT,,AT,0,0,0,0,0,0,0,,,,,,,
All,Snap,2025-07-01/2025-12-31,KEYWORD_GEOGRAPHIC_INDICATIONS_INFRINGEMENT,,AT,0,0,0,0,0,0,0,,,,,,,
All,Snap,2025-07-01/2025-12-31,KEYWORD_PATENT_INFRINGEMENT,,AT,0,0,0,0,0,0,0,,,,,,,
All,Snap,2025-07-01/2025-12-31,KEYWORD_TRADE_SECRET_INFRINGEMENT,,AT,0,0,0,0,0,0,0,,,,,,,
All,Snap,2025-07-01/2025-12-31,KEYWORD_TRADEMARK_INFRINGEMENT,,AT,0,0,0,0,0,0,0,,,,,,,
All,Snap,2025-07-01/2025-12-31,KEYWORD_OTHER,"Text to detail the ""Other"" keyword.",AT,0,0,0,0,0,0,0,,,,,,,
All,Snap,2025-07-01/2025-12-31,STATEMENT_CATEGORY_NEGATIVE_EFFECTS_ON_CIVIC_DISCOURSE_OR_ELECTIONS,,AT,0,0,0,0,0,0,0,,,,,,,
All,Snap,2025-07-01/2025-12-31,KEYWORD_MISINFORMATION_DISINFORMATION,,AT,0,0,0,0,0,0,0,,,,,,,
All,Snap,2025-07-01/2025-12-31,KEYWORD_VIOLATION_EU_LAW,,AT,0,0,0,0,0,0,0,,,,,,,
All,Snap,2025-07-01/2025-12-31,KEYWORD_VIOLATION_NATIONAL_LAW,,AT,0,0,0,0,0,0,0,,,,,,,
All,Snap,2025-07-01/2025-12-31,KEYWORD_OTHER,Evidence Tampering & Obstruction,AT,0,0,0,0,0,0,0,,,,,,,
All,Snap,2025-07-01/2025-12-31,STATEMENT_CATEGORY_PROTECTION_OF_MINORS,,AT,0,0,0,0,84,0,333,,,,,,,
All,Snap,2025-07-01/2025-12-31,KEYWORD_AGE_SPECIFIC_RESTRICTIONS_MINORS,,AT,0,0,0,0,0,0,0,,,,,,,
All,Snap,2025-07-01/2025-12-31,KEYWORD_CHILD_SEXUAL_ABUSE_MATERIAL,,AT,0,0,0,0,20,0,359,,,,,,,
All,Snap,2025-07-01/2025-12-31,KEYWORD_CHILD_SEXUAL_ABUSE_MATERIAL_DEEPFAKE,,AT,0,0,0,0,0,0,0,,,,,,,
All,Snap,2025-07-01/2025-12-31,KEYWORD_GROOMING_SEXUAL_ENTICEMENT_MINORS,,AT,0,0,0,0,64,0,333,,,,,,,
All,Snap,2025-07-01/2025-12-31,KEYWORD_UNSAFE_CHALLENGES,,AT,0,0,0,0,0,0,0,,,,,,,
All,Snap,2025-07-01/2025-12-31,KEYWORD_OTHER,"Text to detail the ""Other"" keyword.",AT,0,0,0,0,0,0,0,,,,,,,
All,Snap,2025-07-01/2025-12-31,STATEMENT_CATEGORY_RISK_FOR_PUBLIC_SECURITY,,AT,0,0,0,0,3,0,383,,,,,,,
All,Snap,2025-07-01/2025-12-31,KEYWORD_ILLEGAL_ORGANIZATIONS,,AT,0,0,0,0,0,0,0,,,,,,,
All,Snap,2025-07-01/2025-12-31,KEYWORD_RISK_ENVIRONMENTAL_DAMAGE,,AT,0,0,0,0,0,0,0,,,,,,,
All,Snap,2025-07-01/2025-12-31,KEYWORD_RISK_PUBLIC_HEALTH,,AT,0,0,0,0,0,0,0,,,,,,,
All,Snap,2025-07-01/2025-12-31,KEYWORD_TERRORIST_CONTENT,,AT,0,0,0,0,0,0,0,,,,,,,
All,Snap,2025-07-01/2025-12-31,KEYWORD_OTHER,Persons at large,AT,0,0,0,0,3,0,383,,,,,,,
All,Snap,2025-07-01/2025-12-31,KEYWORD_OTHER,Arson,AT,0,0,0,0,0,0,0,,,,,,,
All,Snap,2025-07-01/2025-12-31,KEYWORD_OTHER,Other Illegal Activities,AT,0,0,0,0,0,0,0,,,,,,,
All,Snap,2025-07-01/2025-12-31,STATEMENT_CATEGORY_SCAMS_AND_FRAUD,,AT,0,0,0,0,20,0,266,,,,,,,
All,Snap,2025-07-01/2025-12-31,KEYWORD_IMPERSONATION_ACCOUNT_HIJACKING,,AT,0,0,0,0,2,0,90,,,,,,,
All,Snap,2025-07-01/2025-12-31,KEYWORD_INAUTHENTIC_ACCOUNTS,,AT,0,0,0,0,0,0,0,,,,,,,
All,Snap,2025-07-01/2025-12-31,KEYWORD_INAUTHENTIC_LISTINGS,,AT,0,0,0,0,0,0,0,,,,,,,
All,Snap,2025-07-01/2025-12-31,KEYWORD_INAUTHENTIC_USER_REVIEWS,,AT,0,0,0,0,0,0,0,,,,,,,
All,Snap,2025-07-01/2025-12-31,KEYWORD_PHISHING,,AT,0,0,0,0,0,0,0,,,,,,,
All,Snap,2025-07-01/2025-12-31,KEYWORD_PYRAMID_SCHEMES,,AT,0,0,0,0,0,0,0,,,,,,,
All,Snap,2025-07-01/2025-12-31,KEYWORD_OTHER,Fraud,AT,0,0,0,0,18,0,290,,,,,,,
All,Snap,2025-07-01/2025-12-31,STATEMENT_CATEGORY_SELF_HARM,,AT,0,0,0,0,0,0,0,,,,,,,
All,Snap,2025-07-01/2025-12-31,KEYWORD_CONTENT_PROMOTING_EATING_DISORDERS,,AT,0,0,0,0,0,0,0,,,,,,,
All,Snap,2025-07-01/2025-12-31,KEYWORD_SELF_MUTILATION,,AT,0,0,0,0,0,0,0,,,,,,,
All,Snap,2025-07-01/2025-12-31,KEYWORD_SUICIDE,,AT,0,0,0,0,0,0,0,,,,,,,
All,Snap,2025-07-01/2025-12-31,KEYWORD_OTHER,Self-harm & Suicide,AT,0,0,0,0,0,0,0,,,,,,,
All,Snap,2025-07-01/2025-12-31,STATEMENT_CATEGORY_UNSAFE_AND_PROHIBITED_PRODUCTS,,AT,0,0,0,0,87,0,404,,,,,,,
All,Snap,2025-07-01/2025-12-31,KEYWORD_PROHIBITED_PRODUCTS,,AT,0,0,0,0,87,0,404,,,,,,,
All,Snap,2025-07-01/2025-12-31,KEYWORD_UNSAFE_PRODUCTS,,AT,0,0,0,0,0,0,0,,,,,,,
All,Snap,2025-07-01/2025-12-31,KEYWORD_OTHER,"Text to detail the ""Other"" keyword.",AT,0,0,0,0,0,0,0,,,,,,,
All,Snap,2025-07-01/2025-12-31,STATEMENT_CATEGORY_VIOLENCE,,AT,0,0,0,0,50,0,190,,,,,,,
All,Snap,2025-07-01/2025-12-31,KEYWORD_COORDINATED_HARM,,AT,0,0,0,0,0,0,0,,,,,,,
All,Snap,2025-07-01/2025-12-31,KEYWORD_INCITEMENT_VIOLENCE_HATRED,,AT,0,0,0,0,0,0,0,,,,,,,
All,Snap,2025-07-01/2025-12-31,KEYWORD_HUMAN_EXPLOITATION,,AT,0,0,0,0,0,0,0,,,,,,,
All,Snap,2025-07-01/2025-12-31,KEYWORD_HUMAN_TRAFFICKING,,AT,0,0,0,0,0,0,0,,,,,,,
All,Snap,2025-07-01/2025-12-31,KEYWORD_TRAFFICKING_WOMEN_GIRLS,,AT,0,0,0,0,0,0,0,,,,,,,
All,Snap,2025-07-01/2025-12-31,KEYWORD_OTHER,Threats & Violence,AT,0,0,0,0,50,0,190,,,,,,,
All,Snap,2025-07-01/2025-12-31,STATEMENT_CATEGORY_NOT_SPECIFIED_ORDER,,AT,0,0,0,0,6,0,440,,,,,,,
All,Snap,2025-07-01/2025-12-31,TOTAL,,BE,0,0,0,0,"1,322",0,175,,,,,,,
All,Snap,2025-07-01/2025-12-31,STATEMENT_CATEGORY_ANIMAL_WELFARE,,BE,0,0,0,0,0,0,0,,,,,,,
All,Snap,2025-07-01/2025-12-31,KEYWORD_ANIMAL_HARM,,BE,0,0,0,0,0,0,0,,,,,,,
All,Snap,2025-07-01/2025-12-31,KEYWORD_UNLAWFUL_SALE_ANIMALS,,BE,0,0,0,0,0,0,0,,,,,,,
All,Snap,2025-07-01/2025-12-31,KEYWORD_OTHER,Animal Exploitation,BE,0,0,0,0,0,0,0,,,,,,,
All,Snap,2025-07-01/2025-12-31,STATEMENT_CATEGORY_CONSUMER_INFORMATION,,BE,0,0,0,0,0,0,0,,,,,,,
All,Snap,2025-07-01/2025-12-31,KEYWORD_HIDDEN_ADVERTISEMENT,,BE,0,0,0,0,0,0,0,,,,,,,
All,Snap,2025-07-01/2025-12-31,KEYWORD_INSUFFICIENT_INFORMATION_ON_TRADERS,,BE,0,0,0,0,0,0,0,,,,,,,
All,Snap,2025-07-01/2025-12-31,KEYWORD_MISLEADING_INFO_GOODS_SERVICES,,BE,0,0,0,0,0,0,0,,,,,,,
All,Snap,2025-07-01/2025-12-31,KEYWORD_MISLEADING_INFO_CONSUMER_RIGHTS,,BE,0,0,0,0,0,0,0,,,,,,,
All,Snap,2025-07-01/2025-12-31,KEYWORD_NONCOMPLIANCE_PRICING,,BE,0,0,0,0,0,0,0,,,,,,,
All,Snap,2025-07-01/2025-12-31,KEYWORD_OTHER,"Text to detail the ""Other"" keyword.",BE,0,0,0,0,0,0,0,,,,,,,
All,Snap,2025-07-01/2025-12-31,STATEMENT_CATEGORY_CYBER_VIOLENCE,,BE,0,0,0,0,47,0,163,,,,,,,
All,Snap,2025-07-01/2025-12-31,KEYWORD_CYBER_BULLYING_INTIMIDATION,,BE,0,0,0,0,0,0,0,,,,,,,
All,Snap,2025-07-01/2025-12-31,KEYWORD_CYBER_HARASSMENT,,BE,0,0,0,0,29,0,109,,,,,,,
All,Snap,2025-07-01/2025-12-31,KEYWORD_CYBER_INCITEMENT,,BE,0,0,0,0,0,0,0,,,,,,,
All,Snap,2025-07-01/2025-12-31,KEYWORD_CYBER_STALKING,,BE,0,0,0,0,0,0,0,,,,,,,
All,Snap,2025-07-01/2025-12-31,KEYWORD_NON_CONSENSUAL_IMAGE_SHARING,,BE,0,0,0,0,18,0,207,,,,,,,
All,Snap,2025-07-01/2025-12-31,KEYWORD_NON_CONSENSUAL_MATERIAL_DEEPFAKE,,BE,0,0,0,0,0,0,0,,,,,,,
All,Snap,2025-07-01/2025-12-31,KEYWORD_OTHER,"Text to detail the ""Other"" keyword.",BE,0,0,0,0,0,0,0,,,,,,,
All,Snap,2025-07-01/2025-12-31,STATEMENT_CATEGORY_CYBER_VIOLENCE_AGAINST_WOMEN,,BE,0,0,0,0,0,0,0,,,,,,,
All,Snap,2025-07-01/2025-12-31,KEYWORD_BULLYING_AGAINST_GIRLS,,BE,0,0,0,0,0,0,0,,,,,,,
All,Snap,2025-07-01/2025-12-31,KEYWORD_CYBER_HARASSMENT_AGAINST_WOMEN,,BE,0,0,0,0,0,0,0,,,,,,,
All,Snap,2025-07-01/2025-12-31,KEYWORD_CYBER_STALKING_AGAINST_WOMEN,,BE,0,0,0,0,0,0,0,,,,,,,
All,Snap,2025-07-01/2025-12-31,KEYWORD_FEMALE_GENDERED_DISINFORMATION,,BE,0,0,0,0,0,0,0,,,,,,,
All,Snap,2025-07-01/2025-12-31,KEYWORD_INCITEMENT_AGAINST_WOMEN,,BE,0,0,0,0,0,0,0,,,,,,,
All,Snap,2025-07-01/2025-12-31,KEYWORD_NON_CONSENSUAL_IMAGE_SHARING_AGAINST_WOMEN,,BE,0,0,0,0,0,0,0,,,,,,,
All,Snap,2025-07-01/2025-12-31,KEYWORD_NON_CONSENSUAL_MATERIAL_DEEPFAKE_AGAINST_WOMEN,,BE,0,0,0,0,0,0,0,,,,,,,
All,Snap,2025-07-01/2025-12-31,KEYWORD_OTHER,"Text to detail the ""Other"" keyword.",BE,0,0,0,0,0,0,0,,,,,,,
All,Snap,2025-07-01/2025-12-31,STATEMENT_CATEGORY_DATA_PROTECTION_AND_PRIVACY_VIOLATIONS,,BE,0,0,0,0,6,0,125,,,,,,,
All,Snap,2025-07-01/2025-12-31,KEYWORD_BIOMETRIC_DATA_BREACH,,BE,0,0,0,0,0,0,0,,,,,,,
All,Snap,2025-07-01/2025-12-31,KEYWORD_DATA_FALSIFICATION,,BE,0,0,0,0,0,0,0,,,,,,,
All,Snap,2025-07-01/2025-12-31,KEYWORD_MISSING_PROCESSING_GROUND,,BE,0,0,0,0,0,0,0,,,,,,,
All,Snap,2025-07-01/2025-12-31,KEYWORD_RIGHT_TO_BE_FORGOTTEN,,BE,0,0,0,0,0,0,0,,,,,,,
All,Snap,2025-07-01/2025-12-31,KEYWORD_OTHER,Hacking & Cyber Crime,BE,0,0,0,0,6,0,125,,,,,,,
All,Snap,2025-07-01/2025-12-31,STATEMENT_CATEGORY_ILLEGAL_OR_HARMFUL_SPEECH,,BE,0,0,0,0,0,0,0,,,,,,,
All,Snap,2025-07-01/2025-12-31,KEYWORD_DEFAMATION,,BE,0,0,0,0,0,0,0,,,,,,,
All,Snap,2025-07-01/2025-12-31,KEYWORD_DISCRIMINATION,,BE,0,0,0,0,0,0,0,,,,,,,
All,Snap,2025-07-01/2025-12-31,KEYWORD_HATE_SPEECH,,BE,0,0,0,0,0,0,0,,,,,,,
All,Snap,2025-07-01/2025-12-31,KEYWORD_OTHER,"Text to detail the ""Other"" keyword.",BE,0,0,0,0,0,0,0,,,,,,,
All,Snap,2025-07-01/2025-12-31,STATEMENT_CATEGORY_INTELLECTUAL_PROPERTY_INFRINGEMENTS,,BE,0,0,0,0,0,0,0,,,,,,,
All,Snap,2025-07-01/2025-12-31,KEYWORD_COPYRIGHT_INFRINGEMENT,,BE,0,0,0,0,0,0,0,,,,,,,
All,Snap,2025-07-01/2025-12-31,KEYWORD_DESIGN_INFRINGEMENT,,BE,0,0,0,0,0,0,0,,,,,,,
All,Snap,2025-07-01/2025-12-31,KEYWORD_GEOGRAPHIC_INDICATIONS_INFRINGEMENT,,BE,0,0,0,0,0,0,0,,,,,,,
All,Snap,2025-07-01/2025-12-31,KEYWORD_PATENT_INFRINGEMENT,,BE,0,0,0,0,0,0,0,,,,,,,
All,Snap,2025-07-01/2025-12-31,KEYWORD_TRADE_SECRET_INFRINGEMENT,,BE,0,0,0,0,0,0,0,,,,,,,
All,Snap,2025-07-01/2025-12-31,KEYWORD_TRADEMARK_INFRINGEMENT,,BE,0,0,0,0,0,0,0,,,,,,,
All,Snap,2025-07-01/2025-12-31,KEYWORD_OTHER,"Text to detail the ""Other"" keyword.",BE,0,0,0,0,0,0,0,,,,,,,
All,Snap,2025-07-01/2025-12-31,STATEMENT_CATEGORY_NEGATIVE_EFFECTS_ON_CIVIC_DISCOURSE_OR_ELECTIONS,,BE,0,0,0,0,0,0,0,,,,,,,
All,Snap,2025-07-01/2025-12-31,KEYWORD_MISINFORMATION_DISINFORMATION,,BE,0,0,0,0,0,0,0,,,,,,,
All,Snap,2025-07-01/2025-12-31,KEYWORD_VIOLATION_EU_LAW,,BE,0,0,0,0,0,0,0,,,,,,,
All,Snap,2025-07-01/2025-12-31,KEYWORD_VIOLATION_NATIONAL_LAW,,BE,0,0,0,0,0,0,0,,,,,,,
All,Snap,2025-07-01/2025-12-31,KEYWORD_OTHER,Evidence Tampering & Obstruction,BE,0,0,0,0,0,0,0,,,,,,,
All,Snap,2025-07-01/2025-12-31,STATEMENT_CATEGORY_PROTECTION_OF_MINORS,,BE,0,0,0,0,220,0,196,,,,,,,
All,Snap,2025-07-01/2025-12-31,KEYWORD_AGE_SPECIFIC_RESTRICTIONS_MINORS,,BE,0,0,0,0,0,0,0,,,,,,,
All,Snap,2025-07-01/2025-12-31,KEYWORD_CHILD_SEXUAL_ABUSE_MATERIAL,,BE,0,0,0,0,52,0,150,,,,,,,
All,Snap,2025-07-01/2025-12-31,KEYWORD_CHILD_SEXUAL_ABUSE_MATERIAL_DEEPFAKE,,BE,0,0,0,0,0,0,0,,,,,,,
All,Snap,2025-07-01/2025-12-31,KEYWORD_GROOMING_SEXUAL_ENTICEMENT_MINORS,,BE,0,0,0,0,168,0,206,,,,,,,
All,Snap,2025-07-01/2025-12-31,KEYWORD_UNSAFE_CHALLENGES,,BE,0,0,0,0,0,0,0,,,,,,,
All,Snap,2025-07-01/2025-12-31,KEYWORD_OTHER,"Text to detail the ""Other"" keyword.",BE,0,0,0,0,0,0,0,,,,,,,
All,Snap,2025-07-01/2025-12-31,STATEMENT_CATEGORY_RISK_FOR_PUBLIC_SECURITY,,BE,0,0,0,0,105,0,52,,,,,,,
All,Snap,2025-07-01/2025-12-31,KEYWORD_ILLEGAL_ORGANIZATIONS,,BE,0,0,0,0,10,0,133,,,,,,,
All,Snap,2025-07-01/2025-12-31,KEYWORD_RISK_ENVIRONMENTAL_DAMAGE,,BE,0,0,0,0,0,0,0,,,,,,,
All,Snap,2025-07-01/2025-12-31,KEYWORD_RISK_PUBLIC_HEALTH,,BE,0,0,0,0,0,0,0,,,,,,,
All,Snap,2025-07-01/2025-12-31,KEYWORD_TERRORIST_CONTENT,,BE,0,0,0,0,53,0,30,,,,,,,
All,Snap,2025-07-01/2025-12-31,KEYWORD_OTHER,Persons at large,BE,0,0,0,0,35,0,87,,,,,,,
All,Snap,2025-07-01/2025-12-31,KEYWORD_OTHER,Arson,BE,0,0,0,0,7,0,242,,,,,,,
All,Snap,2025-07-01/2025-12-31,KEYWORD_OTHER,Other Illegal Activities,BE,0,0,0,0,0,0,0,,,,,,,
All,Snap,2025-07-01/2025-12-31,STATEMENT_CATEGORY_SCAMS_AND_FRAUD,,BE,0,0,0,0,136,0,148,,,,,,,
All,Snap,2025-07-01/2025-12-31,KEYWORD_IMPERSONATION_ACCOUNT_HIJACKING,,BE,0,0,0,0,4,0,53,,,,,,,
All,Snap,2025-07-01/2025-12-31,KEYWORD_INAUTHENTIC_ACCOUNTS,,BE,0,0,0,0,0,0,0,,,,,,,
All,Snap,2025-07-01/2025-12-31,KEYWORD_INAUTHENTIC_LISTINGS,,BE,0,0,0,0,0,0,0,,,,,,,
All,Snap,2025-07-01/2025-12-31,KEYWORD_INAUTHENTIC_USER_REVIEWS,,BE,0,0,0,0,0,0,0,,,,,,,
All,Snap,2025-07-01/2025-12-31,KEYWORD_PHISHING,,BE,0,0,0,0,0,0,0,,,,,,,
All,Snap,2025-07-01/2025-12-31,KEYWORD_PYRAMID_SCHEMES,,BE,0,0,0,0,0,0,0,,,,,,,
All,Snap,2025-07-01/2025-12-31,KEYWORD_OTHER,Fraud,BE,0,0,0,0,132,0,157,,,,,,,
All,Snap,2025-07-01/2025-12-31,STATEMENT_CATEGORY_SELF_HARM,,BE,0,0,0,0,0,0,0,,,,,,,
All,Snap,2025-07-01/2025-12-31,KEYWORD_CONTENT_PROMOTING_EATING_DISORDERS,,BE,0,0,0,0,0,0,0,,,,,,,
All,Snap,2025-07-01/2025-12-31,KEYWORD_SELF_MUTILATION,,BE,0,0,0,0,0,0,0,,,,,,,
All,Snap,2025-07-01/2025-12-31,KEYWORD_SUICIDE,,BE,0,0,0,0,0,0,0,,,,,,,
All,Snap,2025-07-01/2025-12-31,KEYWORD_OTHER,Self-harm & Suicide,BE,0,0,0,0,0,0,0,,,,,,,
All,Snap,2025-07-01/2025-12-31,STATEMENT_CATEGORY_UNSAFE_AND_PROHIBITED_PRODUCTS,,BE,0,0,0,0,577,0,206,,,,,,,
All,Snap,2025-07-01/2025-12-31,KEYWORD_PROHIBITED_PRODUCTS,,BE,0,0,0,0,577,0,206,,,,,,,
All,Snap,2025-07-01/2025-12-31,KEYWORD_UNSAFE_PRODUCTS,,BE,0,0,0,0,0,0,0,,,,,,,
All,Snap,2025-07-01/2025-12-31,KEYWORD_OTHER,"Text to detail the ""Other"" keyword.",BE,0,0,0,0,0,0,0,,,,,,,
All,Snap,2025-07-01/2025-12-31,STATEMENT_CATEGORY_VIOLENCE,,BE,0,0,0,0,205,0,155,,,,,,,
All,Snap,2025-07-01/2025-12-31,KEYWORD_COORDINATED_HARM,,BE,0,0,0,0,0,0,0,,,,,,,
All,Snap,2025-07-01/2025-12-31,KEYWORD_INCITEMENT_VIOLENCE_HATRED,,BE,0,0,0,0,0,0,0,,,,,,,
All,Snap,2025-07-01/2025-12-31,KEYWORD_HUMAN_EXPLOITATION,,BE,0,0,0,0,16,0,145,,,,,,,
All,Snap,2025-07-01/2025-12-31,KEYWORD_HUMAN_TRAFFICKING,,BE,0,0,0,0,3,0,150,,,,,,,
All,Snap,2025-07-01/2025-12-31,KEYWORD_TRAFFICKING_WOMEN_GIRLS,,BE,0,0,0,0,0,0,0,,,,,,,
All,Snap,2025-07-01/2025-12-31,KEYWORD_OTHER,Threats & Violence,BE,0,0,0,0,186,0,155,,,,,,,
All,Snap,2025-07-01/2025-12-31,STATEMENT_CATEGORY_NOT_SPECIFIED_ORDER,,BE,0,0,0,0,26,0,117,,,,,,,
All,Snap,2025-07-01/2025-12-31,TOTAL,,BG,0,0,0,0,2,0,315,,,,,,,
All,Snap,2025-07-01/2025-12-31,STATEMENT_CATEGORY_ANIMAL_WELFARE,,BG,0,0,0,0,0,0,0,,,,,,,
All,Snap,2025-07-01/2025-12-31,KEYWORD_ANIMAL_HARM,,BG,0,0,0,0,0,0,0,,,,,,,
All,Snap,2025-07-01/2025-12-31,KEYWORD_UNLAWFUL_SALE_ANIMALS,,BG,0,0,0,0,0,0,0,,,,,,,
All,Snap,2025-07-01/2025-12-31,KEYWORD_OTHER,Animal Exploitation,BG,0,0,0,0,0,0,0,,,,,,,
All,Snap,2025-07-01/2025-12-31,STATEMENT_CATEGORY_CONSUMER_INFORMATION,,BG,0,0,0,0,0,0,0,,,,,,,
All,Snap,2025-07-01/2025-12-31,KEYWORD_HIDDEN_ADVERTISEMENT,,BG,0,0,0,0,0,0,0,,,,,,,
All,Snap,2025-07-01/2025-12-31,KEYWORD_INSUFFICIENT_INFORMATION_ON_TRADERS,,BG,0,0,0,0,0,0,0,,,,,,,
All,Snap,2025-07-01/2025-12-31,KEYWORD_MISLEADING_INFO_GOODS_SERVICES,,BG,0,0,0,0,0,0,0,,,,,,,
All,Snap,2025-07-01/2025-12-31,KEYWORD_MISLEADING_INFO_CONSUMER_RIGHTS,,BG,0,0,0,0,0,0,0,,,,,,,
All,Snap,2025-07-01/2025-12-31,KEYWORD_NONCOMPLIANCE_PRICING,,BG,0,0,0,0,0,0,0,,,,,,,
All,Snap,2025-07-01/2025-12-31,KEYWORD_OTHER,"Text to detail the ""Other"" keyword.",BG,0,0,0,0,0,0,0,,,,,,,
All,Snap,2025-07-01/2025-12-31,STATEMENT_CATEGORY_CYBER_VIOLENCE,,BG,0,0,0,0,0,0,0,,,,,,,
All,Snap,2025-07-01/2025-12-31,KEYWORD_CYBER_BULLYING_INTIMIDATION,,BG,0,0,0,0,0,0,0,,,,,,,
All,Snap,2025-07-01/2025-12-31,KEYWORD_CYBER_HARASSMENT,,BG,0,0,0,0,0,0,0,,,,,,,
All,Snap,2025-07-01/2025-12-31,KEYWORD_CYBER_INCITEMENT,,BG,0,0,0,0,0,0,0,,,,,,,
All,Snap,2025-07-01/2025-12-31,KEYWORD_CYBER_STALKING,,BG,0,0,0,0,0,0,0,,,,,,,
All,Snap,2025-07-01/2025-12-31,KEYWORD_NON_CONSENSUAL_IMAGE_SHARING,,BG,0,0,0,0,0,0,0,,,,,,,
All,Snap,2025-07-01/2025-12-31,KEYWORD_NON_CONSENSUAL_MATERIAL_DEEPFAKE,,BG,0,0,0,0,0,0,0,,,,,,,
All,Snap,2025-07-01/2025-12-31,KEYWORD_OTHER,"Text to detail the ""Other"" keyword.",BG,0,0,0,0,0,0,0,,,,,,,
All,Snap,2025-07-01/2025-12-31,STATEMENT_CATEGORY_CYBER_VIOLENCE_AGAINST_WOMEN,,BG,0,0,0,0,0,0,0,,,,,,,
All,Snap,2025-07-01/2025-12-31,KEYWORD_BULLYING_AGAINST_GIRLS,,BG,0,0,0,0,0,0,0,,,,,,,
All,Snap,2025-07-01/2025-12-31,KEYWORD_CYBER_HARASSMENT_AGAINST_WOMEN,,BG,0,0,0,0,0,0,0,,,,,,,
All,Snap,2025-07-01/2025-12-31,KEYWORD_CYBER_STALKING_AGAINST_WOMEN,,BG,0,0,0,0,0,0,0,,,,,,,
All,Snap,2025-07-01/2025-12-31,KEYWORD_FEMALE_GENDERED_DISINFORMATION,,BG,0,0,0,0,0,0,0,,,,,,,
All,Snap,2025-07-01/2025-12-31,KEYWORD_INCITEMENT_AGAINST_WOMEN,,BG,0,0,0,0,0,0,0,,,,,,,
All,Snap,2025-07-01/2025-12-31,KEYWORD_NON_CONSENSUAL_IMAGE_SHARING_AGAINST_WOMEN,,BG,0,0,0,0,0,0,0,,,,,,,
All,Snap,2025-07-01/2025-12-31,KEYWORD_NON_CONSENSUAL_MATERIAL_DEEPFAKE_AGAINST_WOMEN,,BG,0,0,0,0,0,0,0,,,,,,,
All,Snap,2025-07-01/2025-12-31,KEYWORD_OTHER,"Text to detail the ""Other"" keyword.",BG,0,0,0,0,0,0,0,,,,,,,
All,Snap,2025-07-01/2025-12-31,STATEMENT_CATEGORY_DATA_PROTECTION_AND_PRIVACY_VIOLATIONS,,BG,0,0,0,0,0,0,0,,,,,,,
All,Snap,2025-07-01/2025-12-31,KEYWORD_BIOMETRIC_DATA_BREACH,,BG,0,0,0,0,0,0,0,,,,,,,
All,Snap,2025-07-01/2025-12-31,KEYWORD_DATA_FALSIFICATION,,BG,0,0,0,0,0,0,0,,,,,,,
All,Snap,2025-07-01/2025-12-31,KEYWORD_MISSING_PROCESSING_GROUND,,BG,0,0,0,0,0,0,0,,,,,,,
All,Snap,2025-07-01/2025-12-31,KEYWORD_RIGHT_TO_BE_FORGOTTEN,,BG,0,0,0,0,0,0,0,,,,,,,
All,Snap,2025-07-01/2025-12-31,KEYWORD_OTHER,Hacking & Cyber Crime,BG,0,0,0,0,0,0,0,,,,,,,
All,Snap,2025-07-01/2025-12-31,STATEMENT_CATEGORY_ILLEGAL_OR_HARMFUL_SPEECH,,BG,0,0,0,0,0,0,0,,,,,,,
All,Snap,2025-07-01/2025-12-31,KEYWORD_DEFAMATION,,BG,0,0,0,0,0,0,0,,,,,,,
All,Snap,2025-07-01/2025-12-31,KEYWORD_DISCRIMINATION,,BG,0,0,0,0,0,0,0,,,,,,,
All,Snap,2025-07-01/2025-12-31,KEYWORD_HATE_SPEECH,,BG,0,0,0,0,0,0,0,,,,,,,
All,Snap,2025-07-01/2025-12-31,KEYWORD_OTHER,"Text to detail the ""Other"" keyword.",BG,0,0,0,0,0,0,0,,,,,,,
All,Snap,2025-07-01/2025-12-31,STATEMENT_CATEGORY_INTELLECTUAL_PROPERTY_INFRINGEMENTS,,BG,0,0,0,0,0,0,0,,,,,,,
All,Snap,2025-07-01/2025-12-31,KEYWORD_COPYRIGHT_INFRINGEMENT,,BG,0,0,0,0,0,0,0,,,,,,,
All,Snap,2025-07-01/2025-12-31,KEYWORD_DESIGN_INFRINGEMENT,,BG,0,0,0,0,0,0,0,,,,,,,
All,Snap,2025-07-01/2025-12-31,KEYWORD_GEOGRAPHIC_INDICATIONS_INFRINGEMENT,,BG,0,0,0,0,0,0,0,,,,,,,
All,Snap,2025-07-01/2025-12-31,KEYWORD_PATENT_INFRINGEMENT,,BG,0,0,0,0,0,0,0,,,,,,,
All,Snap,2025-07-01/2025-12-31,KEYWORD_TRADE_SECRET_INFRINGEMENT,,BG,0,0,0,0,0,0,0,,,,,,,
All,Snap,2025-07-01/2025-12-31,KEYWORD_TRADEMARK_INFRINGEMENT,,BG,0,0,0,0,0,0,0,,,,,,,
All,Snap,2025-07-01/2025-12-31,KEYWORD_OTHER,"Text to detail the ""Other"" keyword.",BG,0,0,0,0,0,0,0,,,,,,,
All,Snap,2025-07-01/2025-12-31,STATEMENT_CATEGORY_NEGATIVE_EFFECTS_ON_CIVIC_DISCOURSE_OR_ELECTIONS,,BG,0,0,0,0,0,0,0,,,,,,,
All,Snap,2025-07-01/2025-12-31,KEYWORD_MISINFORMATION_DISINFORMATION,,BG,0,0,0,0,0,0,0,,,,,,,
All,Snap,2025-07-01/2025-12-31,KEYWORD_VIOLATION_EU_LAW,,BG,0,0,0,0,0,0,0,,,,,,,
All,Snap,2025-07-01/2025-12-31,KEYWORD_VIOLATION_NATIONAL_LAW,,BG,0,0,0,0,0,0,0,,,,,,,
All,Snap,2025-07-01/2025-12-31,KEYWORD_OTHER,Evidence Tampering & Obstruction,BG,0,0,0,0,0,0,0,,,,,,,
All,Snap,2025-07-01/2025-12-31,STATEMENT_CATEGORY_PROTECTION_OF_MINORS,,BG,0,0,0,0,2,0,315,,,,,,,
All,Snap,2025-07-01/2025-12-31,KEYWORD_AGE_SPECIFIC_RESTRICTIONS_MINORS,,BG,0,0,0,0,0,0,0,,,,,,,
All,Snap,2025-07-01/2025-12-31,KEYWORD_CHILD_SEXUAL_ABUSE_MATERIAL,,BG,0,0,0,0,0,0,0,,,,,,,
All,Snap,2025-07-01/2025-12-31,KEYWORD_CHILD_SEXUAL_ABUSE_MATERIAL_DEEPFAKE,,BG,0,0,0,0,0,0,0,,,,,,,
All,Snap,2025-07-01/2025-12-31,KEYWORD_GROOMING_SEXUAL_ENTICEMENT_MINORS,,BG,0,0,0,0,2,0,315,,,,,,,
All,Snap,2025-07-01/2025-12-31,KEYWORD_UNSAFE_CHALLENGES,,BG,0,0,0,0,0,0,0,,,,,,,
All,Snap,2025-07-01/2025-12-31,KEYWORD_OTHER,"Text to detail the ""Other"" keyword.",BG,0,0,0,0,0,0,0,,,,,,,
All,Snap,2025-07-01/2025-12-31,STATEMENT_CATEGORY_RISK_FOR_PUBLIC_SECURITY,,BG,0,0,0,0,0,0,0,,,,,,,
All,Snap,2025-07-01/2025-12-31,KEYWORD_ILLEGAL_ORGANIZATIONS,,BG,0,0,0,0,0,0,0,,,,,,,
All,Snap,2025-07-01/2025-12-31,KEYWORD_RISK_ENVIRONMENTAL_DAMAGE,,BG,0,0,0,0,0,0,0,,,,,,,
All,Snap,2025-07-01/2025-12-31,KEYWORD_RISK_PUBLIC_HEALTH,,BG,0,0,0,0,0,0,0,,,,,,,
All,Snap,2025-07-01/2025-12-31,KEYWORD_TERRORIST_CONTENT,,BG,0,0,0,0,0,0,0,,,,,,,
All,Snap,2025-07-01/2025-12-31,KEYWORD_OTHER,Persons at large,BG,0,0,0,0,0,0,0,,,,,,,
All,Snap,2025-07-01/2025-12-31,KEYWORD_OTHER,Arson,BG,0,0,0,0,0,0,0,,,,,,,
All,Snap,2025-07-01/2025-12-31,KEYWORD_OTHER,Other Illegal Activities,BG,0,0,0,0,0,0,0,,,,,,,
All,Snap,2025-07-01/2025-12-31,STATEMENT_CATEGORY_SCAMS_AND_FRAUD,,BG,0,0,0,0,0,0,0,,,,,,,
All,Snap,2025-07-01/2025-12-31,KEYWORD_IMPERSONATION_ACCOUNT_HIJACKING,,BG,0,0,0,0,0,0,0,,,,,,,
All,Snap,2025-07-01/2025-12-31,KEYWORD_INAUTHENTIC_ACCOUNTS,,BG,0,0,0,0,0,0,0,,,,,,,
All,Snap,2025-07-01/2025-12-31,KEYWORD_INAUTHENTIC_LISTINGS,,BG,0,0,0,0,0,0,0,,,,,,,
All,Snap,2025-07-01/2025-12-31,KEYWORD_INAUTHENTIC_USER_REVIEWS,,BG,0,0,0,0,0,0,0,,,,,,,
All,Snap,2025-07-01/2025-12-31,KEYWORD_PHISHING,,BG,0,0,0,0,0,0,0,,,,,,,
All,Snap,2025-07-01/2025-12-31,KEYWORD_PYRAMID_SCHEMES,,BG,0,0,0,0,0,0,0,,,,,,,
All,Snap,2025-07-01/2025-12-31,KEYWORD_OTHER,Fraud,BG,0,0,0,0,0,0,0,,,,,,,
All,Snap,2025-07-01/2025-12-31,STATEMENT_CATEGORY_SELF_HARM,,BG,0,0,0,0,0,0,0,,,,,,,
All,Snap,2025-07-01/2025-12-31,KEYWORD_CONTENT_PROMOTING_EATING_DISORDERS,,BG,0,0,0,0,0,0,0,,,,,,,
All,Snap,2025-07-01/2025-12-31,KEYWORD_SELF_MUTILATION,,BG,0,0,0,0,0,0,0,,,,,,,
All,Snap,2025-07-01/2025-12-31,KEYWORD_SUICIDE,,BG,0,0,0,0,0,0,0,,,,,,,
All,Snap,2025-07-01/2025-12-31,KEYWORD_OTHER,Self-harm & Suicide,BG,0,0,0,0,0,0,0,,,,,,,
All,Snap,2025-07-01/2025-12-31,STATEMENT_CATEGORY_UNSAFE_AND_PROHIBITED_PRODUCTS,,BG,0,0,0,0,0,0,0,,,,,,,
All,Snap,2025-07-01/2025-12-31,KEYWORD_PROHIBITED_PRODUCTS,,BG,0,0,0,0,0,0,0,,,,,,,
All,Snap,2025-07-01/2025-12-31,KEYWORD_UNSAFE_PRODUCTS,,BG,0,0,0,0,0,0,0,,,,,,,
All,Snap,2025-07-01/2025-12-31,KEYWORD_OTHER,"Text to detail the ""Other"" keyword.",BG,0,0,0,0,0,0,0,,,,,,,
All,Snap,2025-07-01/2025-12-31,STATEMENT_CATEGORY_VIOLENCE,,BG,0,0,0,0,0,0,0,,,,,,,
All,Snap,2025-07-01/2025-12-31,KEYWORD_COORDINATED_HARM,,BG,0,0,0,0,0,0,0,,,,,,,
All,Snap,2025-07-01/2025-12-31,KEYWORD_INCITEMENT_VIOLENCE_HATRED,,BG,0,0,0,0,0,0,0,,,,,,,
All,Snap,2025-07-01/2025-12-31,KEYWORD_HUMAN_EXPLOITATION,,BG,0,0,0,0,0,0,0,,,,,,,
All,Snap,2025-07-01/2025-12-31,KEYWORD_HUMAN_TRAFFICKING,,BG,0,0,0,0,0,0,0,,,,,,,
All,Snap,2025-07-01/2025-12-31,KEYWORD_TRAFFICKING_WOMEN_GIRLS,,BG,0,0,0,0,0,0,0,,,,,,,
All,Snap,2025-07-01/2025-12-31,KEYWORD_OTHER,Threats & Violence,BG,0,0,0,0,0,0,0,,,,,,,
All,Snap,2025-07-01/2025-12-31,STATEMENT_CATEGORY_NOT_SPECIFIED_ORDER,,BG,0,0,0,0,0,0,0,,,,,,,
All,Snap,2025-07-01/2025-12-31,TOTAL,,CY,0,0,0,0,0,0,0,,,,,,,
All,Snap,2025-07-01/2025-12-31,STATEMENT_CATEGORY_ANIMAL_WELFARE,,CY,0,0,0,0,0,0,0,,,,,,,
All,Snap,2025-07-01/2025-12-31,KEYWORD_ANIMAL_HARM,,CY,0,0,0,0,0,0,0,,,,,,,
All,Snap,2025-07-01/2025-12-31,KEYWORD_UNLAWFUL_SALE_ANIMALS,,CY,0,0,0,0,0,0,0,,,,,,,
All,Snap,2025-07-01/2025-12-31,KEYWORD_OTHER,Animal Exploitation,CY,0,0,0,0,0,0,0,,,,,,,
All,Snap,2025-07-01/2025-12-31,STATEMENT_CATEGORY_CONSUMER_INFORMATION,,CY,0,0,0,0,0,0,0,,,,,,,
All,Snap,2025-07-01/2025-12-31,KEYWORD_HIDDEN_ADVERTISEMENT,,CY,0,0,0,0,0,0,0,,,,,,,
All,Snap,2025-07-01/2025-12-31,KEYWORD_INSUFFICIENT_INFORMATION_ON_TRADERS,,CY,0,0,0,0,0,0,0,,,,,,,
All,Snap,2025-07-01/2025-12-31,KEYWORD_MISLEADING_INFO_GOODS_SERVICES,,CY,0,0,0,0,0,0,0,,,,,,,
All,Snap,2025-07-01/2025-12-31,KEYWORD_MISLEADING_INFO_CONSUMER_RIGHTS,,CY,0,0,0,0,0,0,0,,,,,,,
All,Snap,2025-07-01/2025-12-31,KEYWORD_NONCOMPLIANCE_PRICING,,CY,0,0,0,0,0,0,0,,,,,,,
All,Snap,2025-07-01/2025-12-31,KEYWORD_OTHER,"Text to detail the ""Other"" keyword.",CY,0,0,0,0,0,0,0,,,,,,,
All,Snap,2025-07-01/2025-12-31,STATEMENT_CATEGORY_CYBER_VIOLENCE,,CY,0,0,0,0,0,0,0,,,,,,,
All,Snap,2025-07-01/2025-12-31,KEYWORD_CYBER_BULLYING_INTIMIDATION,,CY,0,0,0,0,0,0,0,,,,,,,
All,Snap,2025-07-01/2025-12-31,KEYWORD_CYBER_HARASSMENT,,CY,0,0,0,0,0,0,0,,,,,,,
All,Snap,2025-07-01/2025-12-31,KEYWORD_CYBER_INCITEMENT,,CY,0,0,0,0,0,0,0,,,,,,,
All,Snap,2025-07-01/2025-12-31,KEYWORD_CYBER_STALKING,,CY,0,0,0,0,0,0,0,,,,,,,
All,Snap,2025-07-01/2025-12-31,KEYWORD_NON_CONSENSUAL_IMAGE_SHARING,,CY,0,0,0,0,0,0,0,,,,,,,
All,Snap,2025-07-01/2025-12-31,KEYWORD_NON_CONSENSUAL_MATERIAL_DEEPFAKE,,CY,0,0,0,0,0,0,0,,,,,,,
All,Snap,2025-07-01/2025-12-31,KEYWORD_OTHER,"Text to detail the ""Other"" keyword.",CY,0,0,0,0,0,0,0,,,,,,,
All,Snap,2025-07-01/2025-12-31,STATEMENT_CATEGORY_CYBER_VIOLENCE_AGAINST_WOMEN,,CY,0,0,0,0,0,0,0,,,,,,,
All,Snap,2025-07-01/2025-12-31,KEYWORD_BULLYING_AGAINST_GIRLS,,CY,0,0,0,0,0,0,0,,,,,,,
All,Snap,2025-07-01/2025-12-31,KEYWORD_CYBER_HARASSMENT_AGAINST_WOMEN,,CY,0,0,0,0,0,0,0,,,,,,,
All,Snap,2025-07-01/2025-12-31,KEYWORD_CYBER_STALKING_AGAINST_WOMEN,,CY,0,0,0,0,0,0,0,,,,,,,
All,Snap,2025-07-01/2025-12-31,KEYWORD_FEMALE_GENDERED_DISINFORMATION,,CY,0,0,0,0,0,0,0,,,,,,,
All,Snap,2025-07-01/2025-12-31,KEYWORD_INCITEMENT_AGAINST_WOMEN,,CY,0,0,0,0,0,0,0,,,,,,,
All,Snap,2025-07-01/2025-12-31,KEYWORD_NON_CONSENSUAL_IMAGE_SHARING_AGAINST_WOMEN,,CY,0,0,0,0,0,0,0,,,,,,,
All,Snap,2025-07-01/2025-12-31,KEYWORD_NON_CONSENSUAL_MATERIAL_DEEPFAKE_AGAINST_WOMEN,,CY,0,0,0,0,0,0,0,,,,,,,
All,Snap,2025-07-01/2025-12-31,KEYWORD_OTHER,"Text to detail the ""Other"" keyword.",CY,0,0,0,0,0,0,0,,,,,,,
All,Snap,2025-07-01/2025-12-31,STATEMENT_CATEGORY_DATA_PROTECTION_AND_PRIVACY_VIOLATIONS,,CY,0,0,0,0,0,0,0,,,,,,,
All,Snap,2025-07-01/2025-12-31,KEYWORD_BIOMETRIC_DATA_BREACH,,CY,0,0,0,0,0,0,0,,,,,,,
All,Snap,2025-07-01/2025-12-31,KEYWORD_DATA_FALSIFICATION,,CY,0,0,0,0,0,0,0,,,,,,,
All,Snap,2025-07-01/2025-12-31,KEYWORD_MISSING_PROCESSING_GROUND,,CY,0,0,0,0,0,0,0,,,,,,,
All,Snap,2025-07-01/2025-12-31,KEYWORD_RIGHT_TO_BE_FORGOTTEN,,CY,0,0,0,0,0,0,0,,,,,,,
All,Snap,2025-07-01/2025-12-31,KEYWORD_OTHER,Hacking & Cyber Crime,CY,0,0,0,0,0,0,0,,,,,,,
All,Snap,2025-07-01/2025-12-31,STATEMENT_CATEGORY_ILLEGAL_OR_HARMFUL_SPEECH,,CY,0,0,0,0,0,0,0,,,,,,,
All,Snap,2025-07-01/2025-12-31,KEYWORD_DEFAMATION,,CY,0,0,0,0,0,0,0,,,,,,,
All,Snap,2025-07-01/2025-12-31,KEYWORD_DISCRIMINATION,,CY,0,0,0,0,0,0,0,,,,,,,
All,Snap,2025-07-01/2025-12-31,KEYWORD_HATE_SPEECH,,CY,0,0,0,0,0,0,0,,,,,,,
All,Snap,2025-07-01/2025-12-31,KEYWORD_OTHER,"Text to detail the ""Other"" keyword.",CY,0,0,0,0,0,0,0,,,,,,,
All,Snap,2025-07-01/2025-12-31,STATEMENT_CATEGORY_INTELLECTUAL_PROPERTY_INFRINGEMENTS,,CY,0,0,0,0,0,0,0,,,,,,,
All,Snap,2025-07-01/2025-12-31,KEYWORD_COPYRIGHT_INFRINGEMENT,,CY,0,0,0,0,0,0,0,,,,,,,
All,Snap,2025-07-01/2025-12-31,KEYWORD_DESIGN_INFRINGEMENT,,CY,0,0,0,0,0,0,0,,,,,,,
All,Snap,2025-07-01/2025-12-31,KEYWORD_GEOGRAPHIC_INDICATIONS_INFRINGEMENT,,CY,0,0,0,0,0,0,0,,,,,,,
All,Snap,2025-07-01/2025-12-31,KEYWORD_PATENT_INFRINGEMENT,,CY,0,0,0,0,0,0,0,,,,,,,
All,Snap,2025-07-01/2025-12-31,KEYWORD_TRADE_SECRET_INFRINGEMENT,,CY,0,0,0,0,0,0,0,,,,,,,
All,Snap,2025-07-01/2025-12-31,KEYWORD_TRADEMARK_INFRINGEMENT,,CY,0,0,0,0,0,0,0,,,,,,,
All,Snap,2025-07-01/2025-12-31,KEYWORD_OTHER,"Text to detail the ""Other"" keyword.",CY,0,0,0,0,0,0,0,,,,,,,
All,Snap,2025-07-01/2025-12-31,STATEMENT_CATEGORY_NEGATIVE_EFFECTS_ON_CIVIC_DISCOURSE_OR_ELECTIONS,,CY,0,0,0,0,0,0,0,,,,,,,
All,Snap,2025-07-01/2025-12-31,KEYWORD_MISINFORMATION_DISINFORMATION,,CY,0,0,0,0,0,0,0,,,,,,,
All,Snap,2025-07-01/2025-12-31,KEYWORD_VIOLATION_EU_LAW,,CY,0,0,0,0,0,0,0,,,,,,,
All,Snap,2025-07-01/2025-12-31,KEYWORD_VIOLATION_NATIONAL_LAW,,CY,0,0,0,0,0,0,0,,,,,,,
All,Snap,2025-07-01/2025-12-31,KEYWORD_OTHER,Evidence Tampering & Obstruction,CY,0,0,0,0,0,0,0,,,,,,,
All,Snap,2025-07-01/2025-12-31,STATEMENT_CATEGORY_PROTECTION_OF_MINORS,,CY,0,0,0,0,0,0,0,,,,,,,
All,Snap,2025-07-01/2025-12-31,KEYWORD_AGE_SPECIFIC_RESTRICTIONS_MINORS,,CY,0,0,0,0,0,0,0,,,,,,,
All,Snap,2025-07-01/2025-12-31,KEYWORD_CHILD_SEXUAL_ABUSE_MATERIAL,,CY,0,0,0,0,0,0,0,,,,,,,
All,Snap,2025-07-01/2025-12-31,KEYWORD_CHILD_SEXUAL_ABUSE_MATERIAL_DEEPFAKE,,CY,0,0,0,0,0,0,0,,,,,,,
All,Snap,2025-07-01/2025-12-31,KEYWORD_GROOMING_SEXUAL_ENTICEMENT_MINORS,,CY,0,0,0,0,0,0,0,,,,,,,
All,Snap,2025-07-01/2025-12-31,KEYWORD_UNSAFE_CHALLENGES,,CY,0,0,0,0,0,0,0,,,,,,,
All,Snap,2025-07-01/2025-12-31,KEYWORD_OTHER,"Text to detail the ""Other"" keyword.",CY,0,0,0,0,0,0,0,,,,,,,
All,Snap,2025-07-01/2025-12-31,STATEMENT_CATEGORY_RISK_FOR_PUBLIC_SECURITY,,CY,0,0,0,0,0,0,0,,,,,,,
All,Snap,2025-07-01/2025-12-31,KEYWORD_ILLEGAL_ORGANIZATIONS,,CY,0,0,0,0,0,0,0,,,,,,,
All,Snap,2025-07-01/2025-12-31,KEYWORD_RISK_ENVIRONMENTAL_DAMAGE,,CY,0,0,0,0,0,0,0,,,,,,,
All,Snap,2025-07-01/2025-12-31,KEYWORD_RISK_PUBLIC_HEALTH,,CY,0,0,0,0,0,0,0,,,,,,,
All,Snap,2025-07-01/2025-12-31,KEYWORD_TERRORIST_CONTENT,,CY,0,0,0,0,0,0,0,,,,,,,
All,Snap,2025-07-01/2025-12-31,KEYWORD_OTHER,Persons at large,CY,0,0,0,0,0,0,0,,,,,,,
All,Snap,2025-07-01/2025-12-31,KEYWORD_OTHER,Arson,CY,0,0,0,0,0,0,0,,,,,,,
All,Snap,2025-07-01/2025-12-31,KEYWORD_OTHER,Other Illegal Activities,CY,0,0,0,0,0,0,0,,,,,,,
All,Snap,2025-07-01/2025-12-31,STATEMENT_CATEGORY_SCAMS_AND_FRAUD,,CY,0,0,0,0,0,0,0,,,,,,,
All,Snap,2025-07-01/2025-12-31,KEYWORD_IMPERSONATION_ACCOUNT_HIJACKING,,CY,0,0,0,0,0,0,0,,,,,,,
All,Snap,2025-07-01/2025-12-31,KEYWORD_INAUTHENTIC_ACCOUNTS,,CY,0,0,0,0,0,0,0,,,,,,,
All,Snap,2025-07-01/2025-12-31,KEYWORD_INAUTHENTIC_LISTINGS,,CY,0,0,0,0,0,0,0,,,,,,,
All,Snap,2025-07-01/2025-12-31,KEYWORD_INAUTHENTIC_USER_REVIEWS,,CY,0,0,0,0,0,0,0,,,,,,,
All,Snap,2025-07-01/2025-12-31,KEYWORD_PHISHING,,CY,0,0,0,0,0,0,0,,,,,,,
All,Snap,2025-07-01/2025-12-31,KEYWORD_PYRAMID_SCHEMES,,CY,0,0,0,0,0,0,0,,,,,,,
All,Snap,2025-07-01/2025-12-31,KEYWORD_OTHER,Fraud,CY,0,0,0,0,0,0,0,,,,,,,
All,Snap,2025-07-01/2025-12-31,STATEMENT_CATEGORY_SELF_HARM,,CY,0,0,0,0,0,0,0,,,,,,,
All,Snap,2025-07-01/2025-12-31,KEYWORD_CONTENT_PROMOTING_EATING_DISORDERS,,CY,0,0,0,0,0,0,0,,,,,,,
All,Snap,2025-07-01/2025-12-31,KEYWORD_SELF_MUTILATION,,CY,0,0,0,0,0,0,0,,,,,,,
All,Snap,2025-07-01/2025-12-31,KEYWORD_SUICIDE,,CY,0,0,0,0,0,0,0,,,,,,,
All,Snap,2025-07-01/2025-12-31,KEYWORD_OTHER,Self-harm & Suicide,CY,0,0,0,0,0,0,0,,,,,,,
All,Snap,2025-07-01/2025-12-31,STATEMENT_CATEGORY_UNSAFE_AND_PROHIBITED_PRODUCTS,,CY,0,0,0,0,0,0,0,,,,,,,
All,Snap,2025-07-01/2025-12-31,KEYWORD_PROHIBITED_PRODUCTS,,CY,0,0,0,0,0,0,0,,,,,,,
All,Snap,2025-07-01/2025-12-31,KEYWORD_UNSAFE_PRODUCTS,,CY,0,0,0,0,0,0,0,,,,,,,
All,Snap,2025-07-01/2025-12-31,KEYWORD_OTHER,"Text to detail the ""Other"" keyword.",CY,0,0,0,0,0,0,0,,,,,,,
All,Snap,2025-07-01/2025-12-31,STATEMENT_CATEGORY_VIOLENCE,,CY,0,0,0,0,0,0,0,,,,,,,
All,Snap,2025-07-01/2025-12-31,KEYWORD_COORDINATED_HARM,,CY,0,0,0,0,0,0,0,,,,,,,
All,Snap,2025-07-01/2025-12-31,KEYWORD_INCITEMENT_VIOLENCE_HATRED,,CY,0,0,0,0,0,0,0,,,,,,,
All,Snap,2025-07-01/2025-12-31,KEYWORD_HUMAN_EXPLOITATION,,CY,0,0,0,0,0,0,0,,,,,,,
All,Snap,2025-07-01/2025-12-31,KEYWORD_HUMAN_TRAFFICKING,,CY,0,0,0,0,0,0,0,,,,,,,
All,Snap,2025-07-01/2025-12-31,KEYWORD_TRAFFICKING_WOMEN_GIRLS,,CY,0,0,0,0,0,0,0,,,,,,,
All,Snap,2025-07-01/2025-12-31,KEYWORD_OTHER,Threats & Violence,CY,0,0,0,0,0,0,0,,,,,,,
All,Snap,2025-07-01/2025-12-31,STATEMENT_CATEGORY_NOT_SPECIFIED_ORDER,,CY,0,0,0,0,0,0,0,,,,,,,
All,Snap,2025-07-01/2025-12-31,TOTAL,,CZ,0,0,0,0,2,0,153,,,,,,,
All,Snap,2025-07-01/2025-12-31,STATEMENT_CATEGORY_ANIMAL_WELFARE,,CZ,0,0,0,0,0,0,0,,,,,,,
All,Snap,2025-07-01/2025-12-31,KEYWORD_ANIMAL_HARM,,CZ,0,0,0,0,0,0,0,,,,,,,
All,Snap,2025-07-01/2025-12-31,KEYWORD_UNLAWFUL_SALE_ANIMALS,,CZ,0,0,0,0,0,0,0,,,,,,,
All,Snap,2025-07-01/2025-12-31,KEYWORD_OTHER,Animal Exploitation,CZ,0,0,0,0,0,0,0,,,,,,,
All,Snap,2025-07-01/2025-12-31,STATEMENT_CATEGORY_CONSUMER_INFORMATION,,CZ,0,0,0,0,0,0,0,,,,,,,
All,Snap,2025-07-01/2025-12-31,KEYWORD_HIDDEN_ADVERTISEMENT,,CZ,0,0,0,0,0,0,0,,,,,,,
All,Snap,2025-07-01/2025-12-31,KEYWORD_INSUFFICIENT_INFORMATION_ON_TRADERS,,CZ,0,0,0,0,0,0,0,,,,,,,
All,Snap,2025-07-01/2025-12-31,KEYWORD_MISLEADING_INFO_GOODS_SERVICES,,CZ,0,0,0,0,0,0,0,,,,,,,
All,Snap,2025-07-01/2025-12-31,KEYWORD_MISLEADING_INFO_CONSUMER_RIGHTS,,CZ,0,0,0,0,0,0,0,,,,,,,
All,Snap,2025-07-01/2025-12-31,KEYWORD_NONCOMPLIANCE_PRICING,,CZ,0,0,0,0,0,0,0,,,,,,,
All,Snap,2025-07-01/2025-12-31,KEYWORD_OTHER,"Text to detail the ""Other"" keyword.",CZ,0,0,0,0,0,0,0,,,,,,,
All,Snap,2025-07-01/2025-12-31,STATEMENT_CATEGORY_CYBER_VIOLENCE,,CZ,0,0,0,0,0,0,0,,,,,,,
All,Snap,2025-07-01/2025-12-31,KEYWORD_CYBER_BULLYING_INTIMIDATION,,CZ,0,0,0,0,0,0,0,,,,,,,
All,Snap,2025-07-01/2025-12-31,KEYWORD_CYBER_HARASSMENT,,CZ,0,0,0,0,0,0,0,,,,,,,
All,Snap,2025-07-01/2025-12-31,KEYWORD_CYBER_INCITEMENT,,CZ,0,0,0,0,0,0,0,,,,,,,
All,Snap,2025-07-01/2025-12-31,KEYWORD_CYBER_STALKING,,CZ,0,0,0,0,0,0,0,,,,,,,
All,Snap,2025-07-01/2025-12-31,KEYWORD_NON_CONSENSUAL_IMAGE_SHARING,,CZ,0,0,0,0,0,0,0,,,,,,,
All,Snap,2025-07-01/2025-12-31,KEYWORD_NON_CONSENSUAL_MATERIAL_DEEPFAKE,,CZ,0,0,0,0,0,0,0,,,,,,,
All,Snap,2025-07-01/2025-12-31,KEYWORD_OTHER,"Text to detail the ""Other"" keyword.",CZ,0,0,0,0,0,0,0,,,,,,,
All,Snap,2025-07-01/2025-12-31,STATEMENT_CATEGORY_CYBER_VIOLENCE_AGAINST_WOMEN,,CZ,0,0,0,0,0,0,0,,,,,,,
All,Snap,2025-07-01/2025-12-31,KEYWORD_BULLYING_AGAINST_GIRLS,,CZ,0,0,0,0,0,0,0,,,,,,,
All,Snap,2025-07-01/2025-12-31,KEYWORD_CYBER_HARASSMENT_AGAINST_WOMEN,,CZ,0,0,0,0,0,0,0,,,,,,,
All,Snap,2025-07-01/2025-12-31,KEYWORD_CYBER_STALKING_AGAINST_WOMEN,,CZ,0,0,0,0,0,0,0,,,,,,,
All,Snap,2025-07-01/2025-12-31,KEYWORD_FEMALE_GENDERED_DISINFORMATION,,CZ,0,0,0,0,0,0,0,,,,,,,
All,Snap,2025-07-01/2025-12-31,KEYWORD_INCITEMENT_AGAINST_WOMEN,,CZ,0,0,0,0,0,0,0,,,,,,,
All,Snap,2025-07-01/2025-12-31,KEYWORD_NON_CONSENSUAL_IMAGE_SHARING_AGAINST_WOMEN,,CZ,0,0,0,0,0,0,0,,,,,,,
All,Snap,2025-07-01/2025-12-31,KEYWORD_NON_CONSENSUAL_MATERIAL_DEEPFAKE_AGAINST_WOMEN,,CZ,0,0,0,0,0,0,0,,,,,,,
All,Snap,2025-07-01/2025-12-31,KEYWORD_OTHER,"Text to detail the ""Other"" keyword.",CZ,0,0,0,0,0,0,0,,,,,,,
All,Snap,2025-07-01/2025-12-31,STATEMENT_CATEGORY_DATA_PROTECTION_AND_PRIVACY_VIOLATIONS,,CZ,0,0,0,0,0,0,0,,,,,,,
All,Snap,2025-07-01/2025-12-31,KEYWORD_BIOMETRIC_DATA_BREACH,,CZ,0,0,0,0,0,0,0,,,,,,,
All,Snap,2025-07-01/2025-12-31,KEYWORD_DATA_FALSIFICATION,,CZ,0,0,0,0,0,0,0,,,,,,,
All,Snap,2025-07-01/2025-12-31,KEYWORD_MISSING_PROCESSING_GROUND,,CZ,0,0,0,0,0,0,0,,,,,,,
All,Snap,2025-07-01/2025-12-31,KEYWORD_RIGHT_TO_BE_FORGOTTEN,,CZ,0,0,0,0,0,0,0,,,,,,,
All,Snap,2025-07-01/2025-12-31,KEYWORD_OTHER,Hacking & Cyber Crime,CZ,0,0,0,0,0,0,0,,,,,,,
All,Snap,2025-07-01/2025-12-31,STATEMENT_CATEGORY_ILLEGAL_OR_HARMFUL_SPEECH,,CZ,0,0,0,0,0,0,0,,,,,,,
All,Snap,2025-07-01/2025-12-31,KEYWORD_DEFAMATION,,CZ,0,0,0,0,0,0,0,,,,,,,
All,Snap,2025-07-01/2025-12-31,KEYWORD_DISCRIMINATION,,CZ,0,0,0,0,0,0,0,,,,,,,
All,Snap,2025-07-01/2025-12-31,KEYWORD_HATE_SPEECH,,CZ,0,0,0,0,0,0,0,,,,,,,
All,Snap,2025-07-01/2025-12-31,KEYWORD_OTHER,"Text to detail the ""Other"" keyword.",CZ,0,0,0,0,0,0,0,,,,,,,
All,Snap,2025-07-01/2025-12-31,STATEMENT_CATEGORY_INTELLECTUAL_PROPERTY_INFRINGEMENTS,,CZ,0,0,0,0,0,0,0,,,,,,,
All,Snap,2025-07-01/2025-12-31,KEYWORD_COPYRIGHT_INFRINGEMENT,,CZ,0,0,0,0,0,0,0,,,,,,,
All,Snap,2025-07-01/2025-12-31,KEYWORD_DESIGN_INFRINGEMENT,,CZ,0,0,0,0,0,0,0,,,,,,,
All,Snap,2025-07-01/2025-12-31,KEYWORD_GEOGRAPHIC_INDICATIONS_INFRINGEMENT,,CZ,0,0,0,0,0,0,0,,,,,,,
All,Snap,2025-07-01/2025-12-31,KEYWORD_PATENT_INFRINGEMENT,,CZ,0,0,0,0,0,0,0,,,,,,,
All,Snap,2025-07-01/2025-12-31,KEYWORD_TRADE_SECRET_INFRINGEMENT,,CZ,0,0,0,0,0,0,0,,,,,,,
All,Snap,2025-07-01/2025-12-31,KEYWORD_TRADEMARK_INFRINGEMENT,,CZ,0,0,0,0,0,0,0,,,,,,,
All,Snap,2025-07-01/2025-12-31,KEYWORD_OTHER,"Text to detail the ""Other"" keyword.",CZ,0,0,0,0,0,0,0,,,,,,,
All,Snap,2025-07-01/2025-12-31,STATEMENT_CATEGORY_NEGATIVE_EFFECTS_ON_CIVIC_DISCOURSE_OR_ELECTIONS,,CZ,0,0,0,0,0,0,0,,,,,,,
All,Snap,2025-07-01/2025-12-31,KEYWORD_MISINFORMATION_DISINFORMATION,,CZ,0,0,0,0,0,0,0,,,,,,,
All,Snap,2025-07-01/2025-12-31,KEYWORD_VIOLATION_EU_LAW,,CZ,0,0,0,0,0,0,0,,,,,,,
All,Snap,2025-07-01/2025-12-31,KEYWORD_VIOLATION_NATIONAL_LAW,,CZ,0,0,0,0,0,0,0,,,,,,,
All,Snap,2025-07-01/2025-12-31,KEYWORD_OTHER,Evidence Tampering & Obstruction,CZ,0,0,0,0,0,0,0,,,,,,,
All,Snap,2025-07-01/2025-12-31,STATEMENT_CATEGORY_PROTECTION_OF_MINORS,,CZ,0,0,0,0,0,0,0,,,,,,,
All,Snap,2025-07-01/2025-12-31,KEYWORD_AGE_SPECIFIC_RESTRICTIONS_MINORS,,CZ,0,0,0,0,0,0,0,,,,,,,
All,Snap,2025-07-01/2025-12-31,KEYWORD_CHILD_SEXUAL_ABUSE_MATERIAL,,CZ,0,0,0,0,0,0,0,,,,,,,
All,Snap,2025-07-01/2025-12-31,KEYWORD_CHILD_SEXUAL_ABUSE_MATERIAL_DEEPFAKE,,CZ,0,0,0,0,0,0,0,,,,,,,
All,Snap,2025-07-01/2025-12-31,KEYWORD_GROOMING_SEXUAL_ENTICEMENT_MINORS,,CZ,0,0,0,0,0,0,0,,,,,,,
All,Snap,2025-07-01/2025-12-31,KEYWORD_UNSAFE_CHALLENGES,,CZ,0,0,0,0,0,0,0,,,,,,,
All,Snap,2025-07-01/2025-12-31,KEYWORD_OTHER,"Text to detail the ""Other"" keyword.",CZ,0,0,0,0,0,0,0,,,,,,,
All,Snap,2025-07-01/2025-12-31,STATEMENT_CATEGORY_RISK_FOR_PUBLIC_SECURITY,,CZ,0,0,0,0,1,0,170,,,,,,,
All,Snap,2025-07-01/2025-12-31,KEYWORD_ILLEGAL_ORGANIZATIONS,,CZ,0,0,0,0,0,0,0,,,,,,,
All,Snap,2025-07-01/2025-12-31,KEYWORD_RISK_ENVIRONMENTAL_DAMAGE,,CZ,0,0,0,0,0,0,0,,,,,,,
All,Snap,2025-07-01/2025-12-31,KEYWORD_RISK_PUBLIC_HEALTH,,CZ,0,0,0,0,0,0,0,,,,,,,
All,Snap,2025-07-01/2025-12-31,KEYWORD_TERRORIST_CONTENT,,CZ,0,0,0,0,1,0,170,,,,,,,
All,Snap,2025-07-01/2025-12-31,KEYWORD_OTHER,Persons at large,CZ,0,0,0,0,0,0,0,,,,,,,
All,Snap,2025-07-01/2025-12-31,KEYWORD_OTHER,Arson,CZ,0,0,0,0,0,0,0,,,,,,,
All,Snap,2025-07-01/2025-12-31,KEYWORD_OTHER,Other Illegal Activities,CZ,0,0,0,0,0,0,0,,,,,,,
All,Snap,2025-07-01/2025-12-31,STATEMENT_CATEGORY_SCAMS_AND_FRAUD,,CZ,0,0,0,0,1,0,153,,,,,,,
All,Snap,2025-07-01/2025-12-31,KEYWORD_IMPERSONATION_ACCOUNT_HIJACKING,,CZ,0,0,0,0,0,0,0,,,,,,,
All,Snap,2025-07-01/2025-12-31,KEYWORD_INAUTHENTIC_ACCOUNTS,,CZ,0,0,0,0,0,0,0,,,,,,,
All,Snap,2025-07-01/2025-12-31,KEYWORD_INAUTHENTIC_LISTINGS,,CZ,0,0,0,0,0,0,0,,,,,,,
All,Snap,2025-07-01/2025-12-31,KEYWORD_INAUTHENTIC_USER_REVIEWS,,CZ,0,0,0,0,0,0,0,,,,,,,
All,Snap,2025-07-01/2025-12-31,KEYWORD_PHISHING,,CZ,0,0,0,0,0,0,0,,,,,,,
All,Snap,2025-07-01/2025-12-31,KEYWORD_PYRAMID_SCHEMES,,CZ,0,0,0,0,0,0,0,,,,,,,
All,Snap,2025-07-01/2025-12-31,KEYWORD_OTHER,Fraud,CZ,0,0,0,0,1,0,153,,,,,,,
All,Snap,2025-07-01/2025-12-31,STATEMENT_CATEGORY_SELF_HARM,,CZ,0,0,0,0,0,0,0,,,,,,,
All,Snap,2025-07-01/2025-12-31,KEYWORD_CONTENT_PROMOTING_EATING_DISORDERS,,CZ,0,0,0,0,0,0,0,,,,,,,
All,Snap,2025-07-01/2025-12-31,KEYWORD_SELF_MUTILATION,,CZ,0,0,0,0,0,0,0,,,,,,,
All,Snap,2025-07-01/2025-12-31,KEYWORD_SUICIDE,,CZ,0,0,0,0,0,0,0,,,,,,,
All,Snap,2025-07-01/2025-12-31,KEYWORD_OTHER,Self-harm & Suicide,CZ,0,0,0,0,0,0,0,,,,,,,
All,Snap,2025-07-01/2025-12-31,STATEMENT_CATEGORY_UNSAFE_AND_PROHIBITED_PRODUCTS,,CZ,0,0,0,0,0,0,0,,,,,,,
All,Snap,2025-07-01/2025-12-31,KEYWORD_PROHIBITED_PRODUCTS,,CZ,0,0,0,0,0,0,0,,,,,,,
All,Snap,2025-07-01/2025-12-31,KEYWORD_UNSAFE_PRODUCTS,,CZ,0,0,0,0,0,0,0,,,,,,,
All,Snap,2025-07-01/2025-12-31,KEYWORD_OTHER,"Text to detail the ""Other"" keyword.",CZ,0,0,0,0,0,0,0,,,,,,,
All,Snap,2025-07-01/2025-12-31,STATEMENT_CATEGORY_VIOLENCE,,CZ,0,0,0,0,0,0,0,,,,,,,
All,Snap,2025-07-01/2025-12-31,KEYWORD_COORDINATED_HARM,,CZ,0,0,0,0,0,0,0,,,,,,,
All,Snap,2025-07-01/2025-12-31,KEYWORD_INCITEMENT_VIOLENCE_HATRED,,CZ,0,0,0,0,0,0,0,,,,,,,
All,Snap,2025-07-01/2025-12-31,KEYWORD_HUMAN_EXPLOITATION,,CZ,0,0,0,0,0,0,0,,,,,,,
All,Snap,2025-07-01/2025-12-31,KEYWORD_HUMAN_TRAFFICKING,,CZ,0,0,0,0,0,0,0,,,,,,,
All,Snap,2025-07-01/2025-12-31,KEYWORD_TRAFFICKING_WOMEN_GIRLS,,CZ,0,0,0,0,0,0,0,,,,,,,
All,Snap,2025-07-01/2025-12-31,KEYWORD_OTHER,Threats & Violence,CZ,0,0,0,0,0,0,0,,,,,,,
All,Snap,2025-07-01/2025-12-31,STATEMENT_CATEGORY_NOT_SPECIFIED_ORDER,,CZ,0,0,0,0,0,0,0,,,,,,,
All,Snap,2025-07-01/2025-12-31,TOTAL,,DE,0,0,0,0,"6,081",0,310,,,,,,,
All,Snap,2025-07-01/2025-12-31,STATEMENT_CATEGORY_ANIMAL_WELFARE,,DE,0,0,0,0,1,0,456,,,,,,,
All,Snap,2025-07-01/2025-12-31,KEYWORD_ANIMAL_HARM,,DE,0,0,0,0,0,0,0,,,,,,,
All,Snap,2025-07-01/2025-12-31,KEYWORD_UNLAWFUL_SALE_ANIMALS,,DE,0,0,0,0,0,0,0,,,,,,,
All,Snap,2025-07-01/2025-12-31,KEYWORD_OTHER,Animal Exploitation,DE,0,0,0,0,1,0,456,,,,,,,
All,Snap,2025-07-01/2025-12-31,STATEMENT_CATEGORY_CONSUMER_INFORMATION,,DE,0,0,0,0,0,0,0,,,,,,,
All,Snap,2025-07-01/2025-12-31,KEYWORD_HIDDEN_ADVERTISEMENT,,DE,0,0,0,0,0,0,0,,,,,,,
All,Snap,2025-07-01/2025-12-31,KEYWORD_INSUFFICIENT_INFORMATION_ON_TRADERS,,DE,0,0,0,0,0,0,0,,,,,,,
All,Snap,2025-07-01/2025-12-31,KEYWORD_MISLEADING_INFO_GOODS_SERVICES,,DE,0,0,0,0,0,0,0,,,,,,,
All,Snap,2025-07-01/2025-12-31,KEYWORD_MISLEADING_INFO_CONSUMER_RIGHTS,,DE,0,0,0,0,0,0,0,,,,,,,
All,Snap,2025-07-01/2025-12-31,KEYWORD_NONCOMPLIANCE_PRICING,,DE,0,0,0,0,0,0,0,,,,,,,
All,Snap,2025-07-01/2025-12-31,KEYWORD_OTHER,"Text to detail the ""Other"" keyword.",DE,0,0,0,0,0,0,0,,,,,,,
All,Snap,2025-07-01/2025-12-31,STATEMENT_CATEGORY_CYBER_VIOLENCE,,DE,0,0,0,0,397,0,321,,,,,,,
All,Snap,2025-07-01/2025-12-31,KEYWORD_CYBER_BULLYING_INTIMIDATION,,DE,0,0,0,0,0,0,0,,,,,,,
All,Snap,2025-07-01/2025-12-31,KEYWORD_CYBER_HARASSMENT,,DE,0,0,0,0,81,0,312,,,,,,,
All,Snap,2025-07-01/2025-12-31,KEYWORD_CYBER_INCITEMENT,,DE,0,0,0,0,0,0,0,,,,,,,
All,Snap,2025-07-01/2025-12-31,KEYWORD_CYBER_STALKING,,DE,0,0,0,0,0,0,0,,,,,,,
All,Snap,2025-07-01/2025-12-31,KEYWORD_NON_CONSENSUAL_IMAGE_SHARING,,DE,0,0,0,0,316,0,323,,,,,,,
All,Snap,2025-07-01/2025-12-31,KEYWORD_NON_CONSENSUAL_MATERIAL_DEEPFAKE,,DE,0,0,0,0,0,0,0,,,,,,,
All,Snap,2025-07-01/2025-12-31,KEYWORD_OTHER,"Text to detail the ""Other"" keyword.",DE,0,0,0,0,0,0,0,,,,,,,
All,Snap,2025-07-01/2025-12-31,STATEMENT_CATEGORY_CYBER_VIOLENCE_AGAINST_WOMEN,,DE,0,0,0,0,0,0,0,,,,,,,
All,Snap,2025-07-01/2025-12-31,KEYWORD_BULLYING_AGAINST_GIRLS,,DE,0,0,0,0,0,0,0,,,,,,,
All,Snap,2025-07-01/2025-12-31,KEYWORD_CYBER_HARASSMENT_AGAINST_WOMEN,,DE,0,0,0,0,0,0,0,,,,,,,
All,Snap,2025-07-01/2025-12-31,KEYWORD_CYBER_STALKING_AGAINST_WOMEN,,DE,0,0,0,0,0,0,0,,,,,,,
All,Snap,2025-07-01/2025-12-31,KEYWORD_FEMALE_GENDERED_DISINFORMATION,,DE,0,0,0,0,0,0,0,,,,,,,
All,Snap,2025-07-01/2025-12-31,KEYWORD_INCITEMENT_AGAINST_WOMEN,,DE,0,0,0,0,0,0,0,,,,,,,
All,Snap,2025-07-01/2025-12-31,KEYWORD_NON_CONSENSUAL_IMAGE_SHARING_AGAINST_WOMEN,,DE,0,0,0,0,0,0,0,,,,,,,
All,Snap,2025-07-01/2025-12-31,KEYWORD_NON_CONSENSUAL_MATERIAL_DEEPFAKE_AGAINST_WOMEN,,DE,0,0,0,0,0,0,0,,,,,,,
All,Snap,2025-07-01/2025-12-31,KEYWORD_OTHER,"Text to detail the ""Other"" keyword.",DE,0,0,0,0,0,0,0,,,,,,,
All,Snap,2025-07-01/2025-12-31,STATEMENT_CATEGORY_DATA_PROTECTION_AND_PRIVACY_VIOLATIONS,,DE,0,0,0,0,9,0,381,,,,,,,
All,Snap,2025-07-01/2025-12-31,KEYWORD_BIOMETRIC_DATA_BREACH,,DE,0,0,0,0,0,0,0,,,,,,,
All,Snap,2025-07-01/2025-12-31,KEYWORD_DATA_FALSIFICATION,,DE,0,0,0,0,0,0,0,,,,,,,
All,Snap,2025-07-01/2025-12-31,KEYWORD_MISSING_PROCESSING_GROUND,,DE,0,0,0,0,0,0,0,,,,,,,
All,Snap,2025-07-01/2025-12-31,KEYWORD_RIGHT_TO_BE_FORGOTTEN,,DE,0,0,0,0,0,0,0,,,,,,,
All,Snap,2025-07-01/2025-12-31,KEYWORD_OTHER,Hacking & Cyber Crime,DE,0,0,0,0,9,0,381,,,,,,,
All,Snap,2025-07-01/2025-12-31,STATEMENT_CATEGORY_ILLEGAL_OR_HARMFUL_SPEECH,,DE,0,0,0,0,0,0,0,,,,,,,
All,Snap,2025-07-01/2025-12-31,KEYWORD_DEFAMATION,,DE,0,0,0,0,0,0,0,,,,,,,
All,Snap,2025-07-01/2025-12-31,KEYWORD_DISCRIMINATION,,DE,0,0,0,0,0,0,0,,,,,,,
All,Snap,2025-07-01/2025-12-31,KEYWORD_HATE_SPEECH,,DE,0,0,0,0,0,0,0,,,,,,,
All,Snap,2025-07-01/2025-12-31,KEYWORD_OTHER,"Text to detail the ""Other"" keyword.",DE,0,0,0,0,0,0,0,,,,,,,
All,Snap,2025-07-01/2025-12-31,STATEMENT_CATEGORY_INTELLECTUAL_PROPERTY_INFRINGEMENTS,,DE,0,0,0,0,0,0,0,,,,,,,
All,Snap,2025-07-01/2025-12-31,KEYWORD_COPYRIGHT_INFRINGEMENT,,DE,0,0,0,0,0,0,0,,,,,,,
All,Snap,2025-07-01/2025-12-31,KEYWORD_DESIGN_INFRINGEMENT,,DE,0,0,0,0,0,0,0,,,,,,,
All,Snap,2025-07-01/2025-12-31,KEYWORD_GEOGRAPHIC_INDICATIONS_INFRINGEMENT,,DE,0,0,0,0,0,0,0,,,,,,,
All,Snap,2025-07-01/2025-12-31,KEYWORD_PATENT_INFRINGEMENT,,DE,0,0,0,0,0,0,0,,,,,,,
All,Snap,2025-07-01/2025-12-31,KEYWORD_TRADE_SECRET_INFRINGEMENT,,DE,0,0,0,0,0,0,0,,,,,,,
All,Snap,2025-07-01/2025-12-31,KEYWORD_TRADEMARK_INFRINGEMENT,,DE,0,0,0,0,0,0,0,,,,,,,
All,Snap,2025-07-01/2025-12-31,KEYWORD_OTHER,"Text to detail the ""Other"" keyword.",DE,0,0,0,0,0,0,0,,,,,,,
All,Snap,2025-07-01/2025-12-31,STATEMENT_CATEGORY_NEGATIVE_EFFECTS_ON_CIVIC_DISCOURSE_OR_ELECTIONS,,DE,0,0,0,0,1,0,324,,,,,,,
All,Snap,2025-07-01/2025-12-31,KEYWORD_MISINFORMATION_DISINFORMATION,,DE,0,0,0,0,0,0,0,,,,,,,
All,Snap,2025-07-01/2025-12-31,KEYWORD_VIOLATION_EU_LAW,,DE,0,0,0,0,0,0,0,,,,,,,
All,Snap,2025-07-01/2025-12-31,KEYWORD_VIOLATION_NATIONAL_LAW,,DE,0,0,0,0,0,0,0,,,,,,,
All,Snap,2025-07-01/2025-12-31,KEYWORD_OTHER,Evidence Tampering & Obstruction,DE,0,0,0,0,1,0,324,,,,,,,
All,Snap,2025-07-01/2025-12-31,STATEMENT_CATEGORY_PROTECTION_OF_MINORS,,DE,0,0,0,0,"3,273",0,316,,,,,,,
All,Snap,2025-07-01/2025-12-31,KEYWORD_AGE_SPECIFIC_RESTRICTIONS_MINORS,,DE,0,0,0,0,0,0,0,,,,,,,
All,Snap,2025-07-01/2025-12-31,KEYWORD_CHILD_SEXUAL_ABUSE_MATERIAL,,DE,0,0,0,0,"1,164",0,252,,,,,,,
All,Snap,2025-07-01/2025-12-31,KEYWORD_CHILD_SEXUAL_ABUSE_MATERIAL_DEEPFAKE,,DE,0,0,0,0,0,0,0,,,,,,,
All,Snap,2025-07-01/2025-12-31,KEYWORD_GROOMING_SEXUAL_ENTICEMENT_MINORS,,DE,0,0,0,0,"2,109",0,338,,,,,,,
All,Snap,2025-07-01/2025-12-31,KEYWORD_UNSAFE_CHALLENGES,,DE,0,0,0,0,0,0,0,,,,,,,
All,Snap,2025-07-01/2025-12-31,KEYWORD_OTHER,"Text to detail the ""Other"" keyword.",DE,0,0,0,0,0,0,0,,,,,,,
All,Snap,2025-07-01/2025-12-31,STATEMENT_CATEGORY_RISK_FOR_PUBLIC_SECURITY,,DE,0,0,0,0,262,0,172,,,,,,,
All,Snap,2025-07-01/2025-12-31,KEYWORD_ILLEGAL_ORGANIZATIONS,,DE,0,0,0,0,21,0,338,,,,,,,
All,Snap,2025-07-01/2025-12-31,KEYWORD_RISK_ENVIRONMENTAL_DAMAGE,,DE,0,0,0,0,0,0,0,,,,,,,
All,Snap,2025-07-01/2025-12-31,KEYWORD_RISK_PUBLIC_HEALTH,,DE,0,0,0,0,0,0,0,,,,,,,
All,Snap,2025-07-01/2025-12-31,KEYWORD_TERRORIST_CONTENT,,DE,0,0,0,0,191,0,101,,,,,,,
All,Snap,2025-07-01/2025-12-31,KEYWORD_OTHER,Persons at large,DE,0,0,0,0,41,0,292,,,,,,,
All,Snap,2025-07-01/2025-12-31,KEYWORD_OTHER,Arson,DE,0,0,0,0,5,0,346,,,,,,,
All,Snap,2025-07-01/2025-12-31,KEYWORD_OTHER,Other Illegal Activities,DE,0,0,0,0,4,0,366,,,,,,,
All,Snap,2025-07-01/2025-12-31,STATEMENT_CATEGORY_SCAMS_AND_FRAUD,,DE,0,0,0,0,362,0,299,,,,,,,
All,Snap,2025-07-01/2025-12-31,KEYWORD_IMPERSONATION_ACCOUNT_HIJACKING,,DE,0,0,0,0,34,0,338,,,,,,,
All,Snap,2025-07-01/2025-12-31,KEYWORD_INAUTHENTIC_ACCOUNTS,,DE,0,0,0,0,0,0,0,,,,,,,
All,Snap,2025-07-01/2025-12-31,KEYWORD_INAUTHENTIC_LISTINGS,,DE,0,0,0,0,0,0,0,,,,,,,
All,Snap,2025-07-01/2025-12-31,KEYWORD_INAUTHENTIC_USER_REVIEWS,,DE,0,0,0,0,0,0,0,,,,,,,
All,Snap,2025-07-01/2025-12-31,KEYWORD_PHISHING,,DE,0,0,0,0,0,0,0,,,,,,,
All,Snap,2025-07-01/2025-12-31,KEYWORD_PYRAMID_SCHEMES,,DE,0,0,0,0,0,0,0,,,,,,,
All,Snap,2025-07-01/2025-12-31,KEYWORD_OTHER,Fraud,DE,0,0,0,0,328,0,295,,,,,,,
All,Snap,2025-07-01/2025-12-31,STATEMENT_CATEGORY_SELF_HARM,,DE,0,0,0,0,2,0,101,,,,,,,
All,Snap,2025-07-01/2025-12-31,KEYWORD_CONTENT_PROMOTING_EATING_DISORDERS,,DE,0,0,0,0,0,0,0,,,,,,,
All,Snap,2025-07-01/2025-12-31,KEYWORD_SELF_MUTILATION,,DE,0,0,0,0,0,0,0,,,,,,,
All,Snap,2025-07-01/2025-12-31,KEYWORD_SUICIDE,,DE,0,0,0,0,0,0,0,,,,,,,
All,Snap,2025-07-01/2025-12-31,KEYWORD_OTHER,Self-harm & Suicide,DE,0,0,0,0,2,0,101,,,,,,,
All,Snap,2025-07-01/2025-12-31,STATEMENT_CATEGORY_UNSAFE_AND_PROHIBITED_PRODUCTS,,DE,0,0,0,0,726,0,353,,,,,,,
All,Snap,2025-07-01/2025-12-31,KEYWORD_PROHIBITED_PRODUCTS,,DE,0,0,0,0,726,0,353,,,,,,,
All,Snap,2025-07-01/2025-12-31,KEYWORD_UNSAFE_PRODUCTS,,DE,0,0,0,0,0,0,0,,,,,,,
All,Snap,2025-07-01/2025-12-31,KEYWORD_OTHER,"Text to detail the ""Other"" keyword.",DE,0,0,0,0,0,0,0,,,,,,,
All,Snap,2025-07-01/2025-12-31,STATEMENT_CATEGORY_VIOLENCE,,DE,0,0,0,0,896,0,246,,,,,,,
All,Snap,2025-07-01/2025-12-31,KEYWORD_COORDINATED_HARM,,DE,0,0,0,0,0,0,0,,,,,,,
All,Snap,2025-07-01/2025-12-31,KEYWORD_INCITEMENT_VIOLENCE_HATRED,,DE,0,0,0,0,1,0,168,,,,,,,
All,Snap,2025-07-01/2025-12-31,KEYWORD_HUMAN_EXPLOITATION,,DE,0,0,0,0,56,0,313,,,,,,,
All,Snap,2025-07-01/2025-12-31,KEYWORD_HUMAN_TRAFFICKING,,DE,0,0,0,0,2,0,98,,,,,,,
All,Snap,2025-07-01/2025-12-31,KEYWORD_TRAFFICKING_WOMEN_GIRLS,,DE,0,0,0,0,0,0,0,,,,,,,
All,Snap,2025-07-01/2025-12-31,KEYWORD_OTHER,Threats & Violence,DE,0,0,0,0,837,0,244,,,,,,,
All,Snap,2025-07-01/2025-12-31,STATEMENT_CATEGORY_NOT_SPECIFIED_ORDER,,DE,0,0,0,0,152,0,290,,,,,,,
All,Snap,2025-07-01/2025-12-31,TOTAL,,DK,0,0,0,0,610,0,241,,,,,,,
All,Snap,2025-07-01/2025-12-31,STATEMENT_CATEGORY_ANIMAL_WELFARE,,DK,0,0,0,0,0,0,0,,,,,,,
All,Snap,2025-07-01/2025-12-31,KEYWORD_ANIMAL_HARM,,DK,0,0,0,0,0,0,0,,,,,,,
All,Snap,2025-07-01/2025-12-31,KEYWORD_UNLAWFUL_SALE_ANIMALS,,DK,0,0,0,0,0,0,0,,,,,,,
All,Snap,2025-07-01/2025-12-31,KEYWORD_OTHER,Animal Exploitation,DK,0,0,0,0,0,0,0,,,,,,,
All,Snap,2025-07-01/2025-12-31,STATEMENT_CATEGORY_CONSUMER_INFORMATION,,DK,0,0,0,0,0,0,0,,,,,,,
All,Snap,2025-07-01/2025-12-31,KEYWORD_HIDDEN_ADVERTISEMENT,,DK,0,0,0,0,0,0,0,,,,,,,
All,Snap,2025-07-01/2025-12-31,KEYWORD_INSUFFICIENT_INFORMATION_ON_TRADERS,,DK,0,0,0,0,0,0,0,,,,,,,
All,Snap,2025-07-01/2025-12-31,KEYWORD_MISLEADING_INFO_GOODS_SERVICES,,DK,0,0,0,0,0,0,0,,,,,,,
All,Snap,2025-07-01/2025-12-31,KEYWORD_MISLEADING_INFO_CONSUMER_RIGHTS,,DK,0,0,0,0,0,0,0,,,,,,,
All,Snap,2025-07-01/2025-12-31,KEYWORD_NONCOMPLIANCE_PRICING,,DK,0,0,0,0,0,0,0,,,,,,,
All,Snap,2025-07-01/2025-12-31,KEYWORD_OTHER,"Text to detail the ""Other"" keyword.",DK,0,0,0,0,0,0,0,,,,,,,
All,Snap,2025-07-01/2025-12-31,STATEMENT_CATEGORY_CYBER_VIOLENCE,,DK,0,0,0,0,119,0,268,,,,,,,
All,Snap,2025-07-01/2025-12-31,KEYWORD_CYBER_BULLYING_INTIMIDATION,,DK,0,0,0,0,0,0,0,,,,,,,
All,Snap,2025-07-01/2025-12-31,KEYWORD_CYBER_HARASSMENT,,DK,0,0,0,0,2,0,71,,,,,,,
All,Snap,2025-07-01/2025-12-31,KEYWORD_CYBER_INCITEMENT,,DK,0,0,0,0,0,0,0,,,,,,,
All,Snap,2025-07-01/2025-12-31,KEYWORD_CYBER_STALKING,,DK,0,0,0,0,0,0,0,,,,,,,
All,Snap,2025-07-01/2025-12-31,KEYWORD_NON_CONSENSUAL_IMAGE_SHARING,,DK,0,0,0,0,117,0,269,,,,,,,
All,Snap,2025-07-01/2025-12-31,KEYWORD_NON_CONSENSUAL_MATERIAL_DEEPFAKE,,DK,0,0,0,0,0,0,0,,,,,,,
All,Snap,2025-07-01/2025-12-31,KEYWORD_OTHER,"Text to detail the ""Other"" keyword.",DK,0,0,0,0,0,0,0,,,,,,,
All,Snap,2025-07-01/2025-12-31,STATEMENT_CATEGORY_CYBER_VIOLENCE_AGAINST_WOMEN,,DK,0,0,0,0,0,0,0,,,,,,,
All,Snap,2025-07-01/2025-12-31,KEYWORD_BULLYING_AGAINST_GIRLS,,DK,0,0,0,0,0,0,0,,,,,,,
All,Snap,2025-07-01/2025-12-31,KEYWORD_CYBER_HARASSMENT_AGAINST_WOMEN,,DK,0,0,0,0,0,0,0,,,,,,,
All,Snap,2025-07-01/2025-12-31,KEYWORD_CYBER_STALKING_AGAINST_WOMEN,,DK,0,0,0,0,0,0,0,,,,,,,
All,Snap,2025-07-01/2025-12-31,KEYWORD_FEMALE_GENDERED_DISINFORMATION,,DK,0,0,0,0,0,0,0,,,,,,,
All,Snap,2025-07-01/2025-12-31,KEYWORD_INCITEMENT_AGAINST_WOMEN,,DK,0,0,0,0,0,0,0,,,,,,,
All,Snap,2025-07-01/2025-12-31,KEYWORD_NON_CONSENSUAL_IMAGE_SHARING_AGAINST_WOMEN,,DK,0,0,0,0,0,0,0,,,,,,,
All,Snap,2025-07-01/2025-12-31,KEYWORD_NON_CONSENSUAL_MATERIAL_DEEPFAKE_AGAINST_WOMEN,,DK,0,0,0,0,0,0,0,,,,,,,
All,Snap,2025-07-01/2025-12-31,KEYWORD_OTHER,"Text to detail the ""Other"" keyword.",DK,0,0,0,0,0,0,0,,,,,,,
All,Snap,2025-07-01/2025-12-31,STATEMENT_CATEGORY_DATA_PROTECTION_AND_PRIVACY_VIOLATIONS,,DK,0,0,0,0,0,0,0,,,,,,,
All,Snap,2025-07-01/2025-12-31,KEYWORD_BIOMETRIC_DATA_BREACH,,DK,0,0,0,0,0,0,0,,,,,,,
All,Snap,2025-07-01/2025-12-31,KEYWORD_DATA_FALSIFICATION,,DK,0,0,0,0,0,0,0,,,,,,,
All,Snap,2025-07-01/2025-12-31,KEYWORD_MISSING_PROCESSING_GROUND,,DK,0,0,0,0,0,0,0,,,,,,,
All,Snap,2025-07-01/2025-12-31,KEYWORD_RIGHT_TO_BE_FORGOTTEN,,DK,0,0,0,0,0,0,0,,,,,,,
All,Snap,2025-07-01/2025-12-31,KEYWORD_OTHER,Hacking & Cyber Crime,DK,0,0,0,0,0,0,0,,,,,,,
All,Snap,2025-07-01/2025-12-31,STATEMENT_CATEGORY_ILLEGAL_OR_HARMFUL_SPEECH,,DK,0,0,0,0,0,0,0,,,,,,,
All,Snap,2025-07-01/2025-12-31,KEYWORD_DEFAMATION,,DK,0,0,0,0,0,0,0,,,,,,,
All,Snap,2025-07-01/2025-12-31,KEYWORD_DISCRIMINATION,,DK,0,0,0,0,0,0,0,,,,,,,
All,Snap,2025-07-01/2025-12-31,KEYWORD_HATE_SPEECH,,DK,0,0,0,0,0,0,0,,,,,,,
All,Snap,2025-07-01/2025-12-31,KEYWORD_OTHER,"Text to detail the ""Other"" keyword.",DK,0,0,0,0,0,0,0,,,,,,,
All,Snap,2025-07-01/2025-12-31,STATEMENT_CATEGORY_INTELLECTUAL_PROPERTY_INFRINGEMENTS,,DK,0,0,0,0,0,0,0,,,,,,,
All,Snap,2025-07-01/2025-12-31,KEYWORD_COPYRIGHT_INFRINGEMENT,,DK,0,0,0,0,0,0,0,,,,,,,
All,Snap,2025-07-01/2025-12-31,KEYWORD_DESIGN_INFRINGEMENT,,DK,0,0,0,0,0,0,0,,,,,,,
All,Snap,2025-07-01/2025-12-31,KEYWORD_GEOGRAPHIC_INDICATIONS_INFRINGEMENT,,DK,0,0,0,0,0,0,0,,,,,,,
All,Snap,2025-07-01/2025-12-31,KEYWORD_PATENT_INFRINGEMENT,,DK,0,0,0,0,0,0,0,,,,,,,
All,Snap,2025-07-01/2025-12-31,KEYWORD_TRADE_SECRET_INFRINGEMENT,,DK,0,0,0,0,0,0,0,,,,,,,
All,Snap,2025-07-01/2025-12-31,KEYWORD_TRADEMARK_INFRINGEMENT,,DK,0,0,0,0,0,0,0,,,,,,,
All,Snap,2025-07-01/2025-12-31,KEYWORD_OTHER,"Text to detail the ""Other"" keyword.",DK,0,0,0,0,0,0,0,,,,,,,
All,Snap,2025-07-01/2025-12-31,STATEMENT_CATEGORY_NEGATIVE_EFFECTS_ON_CIVIC_DISCOURSE_OR_ELECTIONS,,DK,0,0,0,0,0,0,0,,,,,,,
All,Snap,2025-07-01/2025-12-31,KEYWORD_MISINFORMATION_DISINFORMATION,,DK,0,0,0,0,0,0,0,,,,,,,
All,Snap,2025-07-01/2025-12-31,KEYWORD_VIOLATION_EU_LAW,,DK,0,0,0,0,0,0,0,,,,,,,
All,Snap,2025-07-01/2025-12-31,KEYWORD_VIOLATION_NATIONAL_LAW,,DK,0,0,0,0,0,0,0,,,,,,,
All,Snap,2025-07-01/2025-12-31,KEYWORD_OTHER,Evidence Tampering & Obstruction,DK,0,0,0,0,0,0,0,,,,,,,
All,Snap,2025-07-01/2025-12-31,STATEMENT_CATEGORY_PROTECTION_OF_MINORS,,DK,0,0,0,0,249,0,244,,,,,,,
All,Snap,2025-07-01/2025-12-31,KEYWORD_AGE_SPECIFIC_RESTRICTIONS_MINORS,,DK,0,0,0,0,0,0,0,,,,,,,
All,Snap,2025-07-01/2025-12-31,KEYWORD_CHILD_SEXUAL_ABUSE_MATERIAL,,DK,0,0,0,0,68,0,193,,,,,,,
All,Snap,2025-07-01/2025-12-31,KEYWORD_CHILD_SEXUAL_ABUSE_MATERIAL_DEEPFAKE,,DK,0,0,0,0,0,0,0,,,,,,,
All,Snap,2025-07-01/2025-12-31,KEYWORD_GROOMING_SEXUAL_ENTICEMENT_MINORS,,DK,0,0,0,0,181,0,267,,,,,,,
All,Snap,2025-07-01/2025-12-31,KEYWORD_UNSAFE_CHALLENGES,,DK,0,0,0,0,0,0,0,,,,,,,
All,Snap,2025-07-01/2025-12-31,KEYWORD_OTHER,"Text to detail the ""Other"" keyword.",DK,0,0,0,0,0,0,0,,,,,,,
All,Snap,2025-07-01/2025-12-31,STATEMENT_CATEGORY_RISK_FOR_PUBLIC_SECURITY,,DK,0,0,0,0,33,0,192,,,,,,,
All,Snap,2025-07-01/2025-12-31,KEYWORD_ILLEGAL_ORGANIZATIONS,,DK,0,0,0,0,9,0,428,,,,,,,
All,Snap,2025-07-01/2025-12-31,KEYWORD_RISK_ENVIRONMENTAL_DAMAGE,,DK,0,0,0,0,0,0,0,,,,,,,
All,Snap,2025-07-01/2025-12-31,KEYWORD_RISK_PUBLIC_HEALTH,,DK,0,0,0,0,0,0,0,,,,,,,
All,Snap,2025-07-01/2025-12-31,KEYWORD_TERRORIST_CONTENT,,DK,0,0,0,0,17,0,139,,,,,,,
All,Snap,2025-07-01/2025-12-31,KEYWORD_OTHER,Persons at large,DK,0,0,0,0,5,0,279,,,,,,,
All,Snap,2025-07-01/2025-12-31,KEYWORD_OTHER,Arson,DK,0,0,0,0,2,0,2,,,,,,,
All,Snap,2025-07-01/2025-12-31,KEYWORD_OTHER,Other Illegal Activities,DK,0,0,0,0,0,0,0,,,,,,,
All,Snap,2025-07-01/2025-12-31,STATEMENT_CATEGORY_SCAMS_AND_FRAUD,,DK,0,0,0,0,24,0,169,,,,,,,
All,Snap,2025-07-01/2025-12-31,KEYWORD_IMPERSONATION_ACCOUNT_HIJACKING,,DK,0,0,0,0,5,0,261,,,,,,,
All,Snap,2025-07-01/2025-12-31,KEYWORD_INAUTHENTIC_ACCOUNTS,,DK,0,0,0,0,0,0,0,,,,,,,
All,Snap,2025-07-01/2025-12-31,KEYWORD_INAUTHENTIC_LISTINGS,,DK,0,0,0,0,0,0,0,,,,,,,
All,Snap,2025-07-01/2025-12-31,KEYWORD_INAUTHENTIC_USER_REVIEWS,,DK,0,0,0,0,0,0,0,,,,,,,
All,Snap,2025-07-01/2025-12-31,KEYWORD_PHISHING,,DK,0,0,0,0,0,0,0,,,,,,,
All,Snap,2025-07-01/2025-12-31,KEYWORD_PYRAMID_SCHEMES,,DK,0,0,0,0,0,0,0,,,,,,,
All,Snap,2025-07-01/2025-12-31,KEYWORD_OTHER,Fraud,DK,0,0,0,0,19,0,152,,,,,,,
All,Snap,2025-07-01/2025-12-31,STATEMENT_CATEGORY_SELF_HARM,,DK,0,0,0,0,0,0,0,,,,,,,
All,Snap,2025-07-01/2025-12-31,KEYWORD_CONTENT_PROMOTING_EATING_DISORDERS,,DK,0,0,0,0,0,0,0,,,,,,,
All,Snap,2025-07-01/2025-12-31,KEYWORD_SELF_MUTILATION,,DK,0,0,0,0,0,0,0,,,,,,,
All,Snap,2025-07-01/2025-12-31,KEYWORD_SUICIDE,,DK,0,0,0,0,0,0,0,,,,,,,
All,Snap,2025-07-01/2025-12-31,KEYWORD_OTHER,Self-harm & Suicide,DK,0,0,0,0,0,0,0,,,,,,,
All,Snap,2025-07-01/2025-12-31,STATEMENT_CATEGORY_UNSAFE_AND_PROHIBITED_PRODUCTS,,DK,0,0,0,0,54,0,310,,,,,,,
All,Snap,2025-07-01/2025-12-31,KEYWORD_PROHIBITED_PRODUCTS,,DK,0,0,0,0,54,0,310,,,,,,,
All,Snap,2025-07-01/2025-12-31,KEYWORD_UNSAFE_PRODUCTS,,DK,0,0,0,0,0,0,0,,,,,,,
All,Snap,2025-07-01/2025-12-31,KEYWORD_OTHER,"Text to detail the ""Other"" keyword.",DK,0,0,0,0,0,0,0,,,,,,,
All,Snap,2025-07-01/2025-12-31,STATEMENT_CATEGORY_VIOLENCE,,DK,0,0,0,0,123,0,189,,,,,,,
All,Snap,2025-07-01/2025-12-31,KEYWORD_COORDINATED_HARM,,DK,0,0,0,0,0,0,0,,,,,,,
All,Snap,2025-07-01/2025-12-31,KEYWORD_INCITEMENT_VIOLENCE_HATRED,,DK,0,0,0,0,0,0,0,,,,,,,
All,Snap,2025-07-01/2025-12-31,KEYWORD_HUMAN_EXPLOITATION,,DK,0,0,0,0,2,0,138,,,,,,,
All,Snap,2025-07-01/2025-12-31,KEYWORD_HUMAN_TRAFFICKING,,DK,0,0,0,0,0,0,0,,,,,,,
All,Snap,2025-07-01/2025-12-31,KEYWORD_TRAFFICKING_WOMEN_GIRLS,,DK,0,0,0,0,0,0,0,,,,,,,
All,Snap,2025-07-01/2025-12-31,KEYWORD_OTHER,Threats & Violence,DK,0,0,0,0,121,0,189,,,,,,,
All,Snap,2025-07-01/2025-12-31,STATEMENT_CATEGORY_NOT_SPECIFIED_ORDER,,DK,0,0,0,0,8,0,95,,,,,,,
All,Snap,2025-07-01/2025-12-31,TOTAL,,EE,0,0,0,0,7,0,472,,,,,,,
All,Snap,2025-07-01/2025-12-31,STATEMENT_CATEGORY_ANIMAL_WELFARE,,EE,0,0,0,0,0,0,0,,,,,,,
All,Snap,2025-07-01/2025-12-31,KEYWORD_ANIMAL_HARM,,EE,0,0,0,0,0,0,0,,,,,,,
All,Snap,2025-07-01/2025-12-31,KEYWORD_UNLAWFUL_SALE_ANIMALS,,EE,0,0,0,0,0,0,0,,,,,,,
All,Snap,2025-07-01/2025-12-31,KEYWORD_OTHER,Animal Exploitation,EE,0,0,0,0,0,0,0,,,,,,,
All,Snap,2025-07-01/2025-12-31,STATEMENT_CATEGORY_CONSUMER_INFORMATION,,EE,0,0,0,0,0,0,0,,,,,,,
All,Snap,2025-07-01/2025-12-31,KEYWORD_HIDDEN_ADVERTISEMENT,,EE,0,0,0,0,0,0,0,,,,,,,
All,Snap,2025-07-01/2025-12-31,KEYWORD_INSUFFICIENT_INFORMATION_ON_TRADERS,,EE,0,0,0,0,0,0,0,,,,,,,
All,Snap,2025-07-01/2025-12-31,KEYWORD_MISLEADING_INFO_GOODS_SERVICES,,EE,0,0,0,0,0,0,0,,,,,,,
All,Snap,2025-07-01/2025-12-31,KEYWORD_MISLEADING_INFO_CONSUMER_RIGHTS,,EE,0,0,0,0,0,0,0,,,,,,,
All,Snap,2025-07-01/2025-12-31,KEYWORD_NONCOMPLIANCE_PRICING,,EE,0,0,0,0,0,0,0,,,,,,,
All,Snap,2025-07-01/2025-12-31,KEYWORD_OTHER,"Text to detail the ""Other"" keyword.",EE,0,0,0,0,0,0,0,,,,,,,
All,Snap,2025-07-01/2025-12-31,STATEMENT_CATEGORY_CYBER_VIOLENCE,,EE,0,0,0,0,0,0,0,,,,,,,
All,Snap,2025-07-01/2025-12-31,KEYWORD_CYBER_BULLYING_INTIMIDATION,,EE,0,0,0,0,0,0,0,,,,,,,
All,Snap,2025-07-01/2025-12-31,KEYWORD_CYBER_HARASSMENT,,EE,0,0,0,0,0,0,0,,,,,,,
All,Snap,2025-07-01/2025-12-31,KEYWORD_CYBER_INCITEMENT,,EE,0,0,0,0,0,0,0,,,,,,,
All,Snap,2025-07-01/2025-12-31,KEYWORD_CYBER_STALKING,,EE,0,0,0,0,0,0,0,,,,,,,
All,Snap,2025-07-01/2025-12-31,KEYWORD_NON_CONSENSUAL_IMAGE_SHARING,,EE,0,0,0,0,0,0,0,,,,,,,
All,Snap,2025-07-01/2025-12-31,KEYWORD_NON_CONSENSUAL_MATERIAL_DEEPFAKE,,EE,0,0,0,0,0,0,0,,,,,,,
All,Snap,2025-07-01/2025-12-31,KEYWORD_OTHER,"Text to detail the ""Other"" keyword.",EE,0,0,0,0,0,0,0,,,,,,,
All,Snap,2025-07-01/2025-12-31,STATEMENT_CATEGORY_CYBER_VIOLENCE_AGAINST_WOMEN,,EE,0,0,0,0,0,0,0,,,,,,,
All,Snap,2025-07-01/2025-12-31,KEYWORD_BULLYING_AGAINST_GIRLS,,EE,0,0,0,0,0,0,0,,,,,,,
All,Snap,2025-07-01/2025-12-31,KEYWORD_CYBER_HARASSMENT_AGAINST_WOMEN,,EE,0,0,0,0,0,0,0,,,,,,,
All,Snap,2025-07-01/2025-12-31,KEYWORD_CYBER_STALKING_AGAINST_WOMEN,,EE,0,0,0,0,0,0,0,,,,,,,
All,Snap,2025-07-01/2025-12-31,KEYWORD_FEMALE_GENDERED_DISINFORMATION,,EE,0,0,0,0,0,0,0,,,,,,,
All,Snap,2025-07-01/2025-12-31,KEYWORD_INCITEMENT_AGAINST_WOMEN,,EE,0,0,0,0,0,0,0,,,,,,,
All,Snap,2025-07-01/2025-12-31,KEYWORD_NON_CONSENSUAL_IMAGE_SHARING_AGAINST_WOMEN,,EE,0,0,0,0,0,0,0,,,,,,,
All,Snap,2025-07-01/2025-12-31,KEYWORD_NON_CONSENSUAL_MATERIAL_DEEPFAKE_AGAINST_WOMEN,,EE,0,0,0,0,0,0,0,,,,,,,
All,Snap,2025-07-01/2025-12-31,KEYWORD_OTHER,"Text to detail the ""Other"" keyword.",EE,0,0,0,0,0,0,0,,,,,,,
All,Snap,2025-07-01/2025-12-31,STATEMENT_CATEGORY_DATA_PROTECTION_AND_PRIVACY_VIOLATIONS,,EE,0,0,0,0,0,0,0,,,,,,,
All,Snap,2025-07-01/2025-12-31,KEYWORD_BIOMETRIC_DATA_BREACH,,EE,0,0,0,0,0,0,0,,,,,,,
All,Snap,2025-07-01/2025-12-31,KEYWORD_DATA_FALSIFICATION,,EE,0,0,0,0,0,0,0,,,,,,,
All,Snap,2025-07-01/2025-12-31,KEYWORD_MISSING_PROCESSING_GROUND,,EE,0,0,0,0,0,0,0,,,,,,,
All,Snap,2025-07-01/2025-12-31,KEYWORD_RIGHT_TO_BE_FORGOTTEN,,EE,0,0,0,0,0,0,0,,,,,,,
All,Snap,2025-07-01/2025-12-31,KEYWORD_OTHER,Hacking & Cyber Crime,EE,0,0,0,0,0,0,0,,,,,,,
All,Snap,2025-07-01/2025-12-31,STATEMENT_CATEGORY_ILLEGAL_OR_HARMFUL_SPEECH,,EE,0,0,0,0,0,0,0,,,,,,,
All,Snap,2025-07-01/2025-12-31,KEYWORD_DEFAMATION,,EE,0,0,0,0,0,0,0,,,,,,,
All,Snap,2025-07-01/2025-12-31,KEYWORD_DISCRIMINATION,,EE,0,0,0,0,0,0,0,,,,,,,
All,Snap,2025-07-01/2025-12-31,KEYWORD_HATE_SPEECH,,EE,0,0,0,0,0,0,0,,,,,,,
All,Snap,2025-07-01/2025-12-31,KEYWORD_OTHER,"Text to detail the ""Other"" keyword.",EE,0,0,0,0,0,0,0,,,,,,,
All,Snap,2025-07-01/2025-12-31,STATEMENT_CATEGORY_INTELLECTUAL_PROPERTY_INFRINGEMENTS,,EE,0,0,0,0,0,0,0,,,,,,,
All,Snap,2025-07-01/2025-12-31,KEYWORD_COPYRIGHT_INFRINGEMENT,,EE,0,0,0,0,0,0,0,,,,,,,
All,Snap,2025-07-01/2025-12-31,KEYWORD_DESIGN_INFRINGEMENT,,EE,0,0,0,0,0,0,0,,,,,,,
All,Snap,2025-07-01/2025-12-31,KEYWORD_GEOGRAPHIC_INDICATIONS_INFRINGEMENT,,EE,0,0,0,0,0,0,0,,,,,,,
All,Snap,2025-07-01/2025-12-31,KEYWORD_PATENT_INFRINGEMENT,,EE,0,0,0,0,0,0,0,,,,,,,
All,Snap,2025-07-01/2025-12-31,KEYWORD_TRADE_SECRET_INFRINGEMENT,,EE,0,0,0,0,0,0,0,,,,,,,
All,Snap,2025-07-01/2025-12-31,KEYWORD_TRADEMARK_INFRINGEMENT,,EE,0,0,0,0,0,0,0,,,,,,,
All,Snap,2025-07-01/2025-12-31,KEYWORD_OTHER,"Text to detail the ""Other"" keyword.",EE,0,0,0,0,0,0,0,,,,,,,
All,Snap,2025-07-01/2025-12-31,STATEMENT_CATEGORY_NEGATIVE_EFFECTS_ON_CIVIC_DISCOURSE_OR_ELECTIONS,,EE,0,0,0,0,0,0,0,,,,,,,
All,Snap,2025-07-01/2025-12-31,KEYWORD_MISINFORMATION_DISINFORMATION,,EE,0,0,0,0,0,0,0,,,,,,,
All,Snap,2025-07-01/2025-12-31,KEYWORD_VIOLATION_EU_LAW,,EE,0,0,0,0,0,0,0,,,,,,,
All,Snap,2025-07-01/2025-12-31,KEYWORD_VIOLATION_NATIONAL_LAW,,EE,0,0,0,0,0,0,0,,,,,,,
All,Snap,2025-07-01/2025-12-31,KEYWORD_OTHER,Evidence Tampering & Obstruction,EE,0,0,0,0,0,0,0,,,,,,,
All,Snap,2025-07-01/2025-12-31,STATEMENT_CATEGORY_PROTECTION_OF_MINORS,,EE,0,0,0,0,7,0,472,,,,,,,
All,Snap,2025-07-01/2025-12-31,KEYWORD_AGE_SPECIFIC_RESTRICTIONS_MINORS,,EE,0,0,0,0,0,0,0,,,,,,,
All,Snap,2025-07-01/2025-12-31,KEYWORD_CHILD_SEXUAL_ABUSE_MATERIAL,,EE,0,0,0,0,1,0,583,,,,,,,
All,Snap,2025-07-01/2025-12-31,KEYWORD_CHILD_SEXUAL_ABUSE_MATERIAL_DEEPFAKE,,EE,0,0,0,0,0,0,0,,,,,,,
All,Snap,2025-07-01/2025-12-31,KEYWORD_GROOMING_SEXUAL_ENTICEMENT_MINORS,,EE,0,0,0,0,6,0,468,,,,,,,
All,Snap,2025-07-01/2025-12-31,KEYWORD_UNSAFE_CHALLENGES,,EE,0,0,0,0,0,0,0,,,,,,,
All,Snap,2025-07-01/2025-12-31,KEYWORD_OTHER,"Text to detail the ""Other"" keyword.",EE,0,0,0,0,0,0,0,,,,,,,
All,Snap,2025-07-01/2025-12-31,STATEMENT_CATEGORY_RISK_FOR_PUBLIC_SECURITY,,EE,0,0,0,0,0,0,0,,,,,,,
All,Snap,2025-07-01/2025-12-31,KEYWORD_ILLEGAL_ORGANIZATIONS,,EE,0,0,0,0,0,0,0,,,,,,,
All,Snap,2025-07-01/2025-12-31,KEYWORD_RISK_ENVIRONMENTAL_DAMAGE,,EE,0,0,0,0,0,0,0,,,,,,,
All,Snap,2025-07-01/2025-12-31,KEYWORD_RISK_PUBLIC_HEALTH,,EE,0,0,0,0,0,0,0,,,,,,,
All,Snap,2025-07-01/2025-12-31,KEYWORD_TERRORIST_CONTENT,,EE,0,0,0,0,0,0,0,,,,,,,
All,Snap,2025-07-01/2025-12-31,KEYWORD_OTHER,Persons at large,EE,0,0,0,0,0,0,0,,,,,,,
All,Snap,2025-07-01/2025-12-31,KEYWORD_OTHER,Arson,EE,0,0,0,0,0,0,0,,,,,,,
All,Snap,2025-07-01/2025-12-31,KEYWORD_OTHER,Other Illegal Activities,EE,0,0,0,0,0,0,0,,,,,,,
All,Snap,2025-07-01/2025-12-31,STATEMENT_CATEGORY_SCAMS_AND_FRAUD,,EE,0,0,0,0,0,0,0,,,,,,,
All,Snap,2025-07-01/2025-12-31,KEYWORD_IMPERSONATION_ACCOUNT_HIJACKING,,EE,0,0,0,0,0,0,0,,,,,,,
All,Snap,2025-07-01/2025-12-31,KEYWORD_INAUTHENTIC_ACCOUNTS,,EE,0,0,0,0,0,0,0,,,,,,,
All,Snap,2025-07-01/2025-12-31,KEYWORD_INAUTHENTIC_LISTINGS,,EE,0,0,0,0,0,0,0,,,,,,,
All,Snap,2025-07-01/2025-12-31,KEYWORD_INAUTHENTIC_USER_REVIEWS,,EE,0,0,0,0,0,0,0,,,,,,,
All,Snap,2025-07-01/2025-12-31,KEYWORD_PHISHING,,EE,0,0,0,0,0,0,0,,,,,,,
All,Snap,2025-07-01/2025-12-31,KEYWORD_PYRAMID_SCHEMES,,EE,0,0,0,0,0,0,0,,,,,,,
All,Snap,2025-07-01/2025-12-31,KEYWORD_OTHER,Fraud,EE,0,0,0,0,0,0,0,,,,,,,
All,Snap,2025-07-01/2025-12-31,STATEMENT_CATEGORY_SELF_HARM,,EE,0,0,0,0,0,0,0,,,,,,,
All,Snap,2025-07-01/2025-12-31,KEYWORD_CONTENT_PROMOTING_EATING_DISORDERS,,EE,0,0,0,0,0,0,0,,,,,,,
All,Snap,2025-07-01/2025-12-31,KEYWORD_SELF_MUTILATION,,EE,0,0,0,0,0,0,0,,,,,,,
All,Snap,2025-07-01/2025-12-31,KEYWORD_SUICIDE,,EE,0,0,0,0,0,0,0,,,,,,,
All,Snap,2025-07-01/2025-12-31,KEYWORD_OTHER,Self-harm & Suicide,EE,0,0,0,0,0,0,0,,,,,,,
All,Snap,2025-07-01/2025-12-31,STATEMENT_CATEGORY_UNSAFE_AND_PROHIBITED_PRODUCTS,,EE,0,0,0,0,0,0,0,,,,,,,
All,Snap,2025-07-01/2025-12-31,KEYWORD_PROHIBITED_PRODUCTS,,EE,0,0,0,0,0,0,0,,,,,,,
All,Snap,2025-07-01/2025-12-31,KEYWORD_UNSAFE_PRODUCTS,,EE,0,0,0,0,0,0,0,,,,,,,
All,Snap,2025-07-01/2025-12-31,KEYWORD_OTHER,"Text to detail the ""Other"" keyword.",EE,0,0,0,0,0,0,0,,,,,,,
All,Snap,2025-07-01/2025-12-31,STATEMENT_CATEGORY_VIOLENCE,,EE,0,0,0,0,0,0,0,,,,,,,
All,Snap,2025-07-01/2025-12-31,KEYWORD_COORDINATED_HARM,,EE,0,0,0,0,0,0,0,,,,,,,
All,Snap,2025-07-01/2025-12-31,KEYWORD_INCITEMENT_VIOLENCE_HATRED,,EE,0,0,0,0,0,0,0,,,,,,,
All,Snap,2025-07-01/2025-12-31,KEYWORD_HUMAN_EXPLOITATION,,EE,0,0,0,0,0,0,0,,,,,,,
All,Snap,2025-07-01/2025-12-31,KEYWORD_HUMAN_TRAFFICKING,,EE,0,0,0,0,0,0,0,,,,,,,
All,Snap,2025-07-01/2025-12-31,KEYWORD_TRAFFICKING_WOMEN_GIRLS,,EE,0,0,0,0,0,0,0,,,,,,,
All,Snap,2025-07-01/2025-12-31,KEYWORD_OTHER,Threats & Violence,EE,0,0,0,0,0,0,0,,,,,,,
All,Snap,2025-07-01/2025-12-31,STATEMENT_CATEGORY_NOT_SPECIFIED_ORDER,,EE,0,0,0,0,0,0,0,,,,,,,
All,Snap,2025-07-01/2025-12-31,TOTAL,,EL,0,0,0,0,9,0,510,,,,,,,
All,Snap,2025-07-01/2025-12-31,STATEMENT_CATEGORY_ANIMAL_WELFARE,,EL,0,0,0,0,0,0,0,,,,,,,
All,Snap,2025-07-01/2025-12-31,KEYWORD_ANIMAL_HARM,,EL,0,0,0,0,0,0,0,,,,,,,
All,Snap,2025-07-01/2025-12-31,KEYWORD_UNLAWFUL_SALE_ANIMALS,,EL,0,0,0,0,0,0,0,,,,,,,
All,Snap,2025-07-01/2025-12-31,KEYWORD_OTHER,Animal Exploitation,EL,0,0,0,0,0,0,0,,,,,,,
All,Snap,2025-07-01/2025-12-31,STATEMENT_CATEGORY_CONSUMER_INFORMATION,,EL,0,0,0,0,0,0,0,,,,,,,
All,Snap,2025-07-01/2025-12-31,KEYWORD_HIDDEN_ADVERTISEMENT,,EL,0,0,0,0,0,0,0,,,,,,,
All,Snap,2025-07-01/2025-12-31,KEYWORD_INSUFFICIENT_INFORMATION_ON_TRADERS,,EL,0,0,0,0,0,0,0,,,,,,,
All,Snap,2025-07-01/2025-12-31,KEYWORD_MISLEADING_INFO_GOODS_SERVICES,,EL,0,0,0,0,0,0,0,,,,,,,
All,Snap,2025-07-01/2025-12-31,KEYWORD_MISLEADING_INFO_CONSUMER_RIGHTS,,EL,0,0,0,0,0,0,0,,,,,,,
All,Snap,2025-07-01/2025-12-31,KEYWORD_NONCOMPLIANCE_PRICING,,EL,0,0,0,0,0,0,0,,,,,,,
All,Snap,2025-07-01/2025-12-31,KEYWORD_OTHER,"Text to detail the ""Other"" keyword.",EL,0,0,0,0,0,0,0,,,,,,,
All,Snap,2025-07-01/2025-12-31,STATEMENT_CATEGORY_CYBER_VIOLENCE,,EL,0,0,0,0,0,0,0,,,,,,,
All,Snap,2025-07-01/2025-12-31,KEYWORD_CYBER_BULLYING_INTIMIDATION,,EL,0,0,0,0,0,0,0,,,,,,,
All,Snap,2025-07-01/2025-12-31,KEYWORD_CYBER_HARASSMENT,,EL,0,0,0,0,0,0,0,,,,,,,
All,Snap,2025-07-01/2025-12-31,KEYWORD_CYBER_INCITEMENT,,EL,0,0,0,0,0,0,0,,,,,,,
All,Snap,2025-07-01/2025-12-31,KEYWORD_CYBER_STALKING,,EL,0,0,0,0,0,0,0,,,,,,,
All,Snap,2025-07-01/2025-12-31,KEYWORD_NON_CONSENSUAL_IMAGE_SHARING,,EL,0,0,0,0,0,0,0,,,,,,,
All,Snap,2025-07-01/2025-12-31,KEYWORD_NON_CONSENSUAL_MATERIAL_DEEPFAKE,,EL,0,0,0,0,0,0,0,,,,,,,
All,Snap,2025-07-01/2025-12-31,KEYWORD_OTHER,"Text to detail the ""Other"" keyword.",EL,0,0,0,0,0,0,0,,,,,,,
All,Snap,2025-07-01/2025-12-31,STATEMENT_CATEGORY_CYBER_VIOLENCE_AGAINST_WOMEN,,EL,0,0,0,0,0,0,0,,,,,,,
All,Snap,2025-07-01/2025-12-31,KEYWORD_BULLYING_AGAINST_GIRLS,,EL,0,0,0,0,0,0,0,,,,,,,
All,Snap,2025-07-01/2025-12-31,KEYWORD_CYBER_HARASSMENT_AGAINST_WOMEN,,EL,0,0,0,0,0,0,0,,,,,,,
All,Snap,2025-07-01/2025-12-31,KEYWORD_CYBER_STALKING_AGAINST_WOMEN,,EL,0,0,0,0,0,0,0,,,,,,,
All,Snap,2025-07-01/2025-12-31,KEYWORD_FEMALE_GENDERED_DISINFORMATION,,EL,0,0,0,0,0,0,0,,,,,,,
All,Snap,2025-07-01/2025-12-31,KEYWORD_INCITEMENT_AGAINST_WOMEN,,EL,0,0,0,0,0,0,0,,,,,,,
All,Snap,2025-07-01/2025-12-31,KEYWORD_NON_CONSENSUAL_IMAGE_SHARING_AGAINST_WOMEN,,EL,0,0,0,0,0,0,0,,,,,,,
All,Snap,2025-07-01/2025-12-31,KEYWORD_NON_CONSENSUAL_MATERIAL_DEEPFAKE_AGAINST_WOMEN,,EL,0,0,0,0,0,0,0,,,,,,,
All,Snap,2025-07-01/2025-12-31,KEYWORD_OTHER,"Text to detail the ""Other"" keyword.",EL,0,0,0,0,0,0,0,,,,,,,
All,Snap,2025-07-01/2025-12-31,STATEMENT_CATEGORY_DATA_PROTECTION_AND_PRIVACY_VIOLATIONS,,EL,0,0,0,0,0,0,0,,,,,,,
All,Snap,2025-07-01/2025-12-31,KEYWORD_BIOMETRIC_DATA_BREACH,,EL,0,0,0,0,0,0,0,,,,,,,
All,Snap,2025-07-01/2025-12-31,KEYWORD_DATA_FALSIFICATION,,EL,0,0,0,0,0,0,0,,,,,,,
All,Snap,2025-07-01/2025-12-31,KEYWORD_MISSING_PROCESSING_GROUND,,EL,0,0,0,0,0,0,0,,,,,,,
All,Snap,2025-07-01/2025-12-31,KEYWORD_RIGHT_TO_BE_FORGOTTEN,,EL,0,0,0,0,0,0,0,,,,,,,
All,Snap,2025-07-01/2025-12-31,KEYWORD_OTHER,Hacking & Cyber Crime,EL,0,0,0,0,0,0,0,,,,,,,
All,Snap,2025-07-01/2025-12-31,STATEMENT_CATEGORY_ILLEGAL_OR_HARMFUL_SPEECH,,EL,0,0,0,0,0,0,0,,,,,,,
All,Snap,2025-07-01/2025-12-31,KEYWORD_DEFAMATION,,EL,0,0,0,0,0,0,0,,,,,,,
All,Snap,2025-07-01/2025-12-31,KEYWORD_DISCRIMINATION,,EL,0,0,0,0,0,0,0,,,,,,,
All,Snap,2025-07-01/2025-12-31,KEYWORD_HATE_SPEECH,,EL,0,0,0,0,0,0,0,,,,,,,
All,Snap,2025-07-01/2025-12-31,KEYWORD_OTHER,"Text to detail the ""Other"" keyword.",EL,0,0,0,0,0,0,0,,,,,,,
All,Snap,2025-07-01/2025-12-31,STATEMENT_CATEGORY_INTELLECTUAL_PROPERTY_INFRINGEMENTS,,EL,0,0,0,0,0,0,0,,,,,,,
All,Snap,2025-07-01/2025-12-31,KEYWORD_COPYRIGHT_INFRINGEMENT,,EL,0,0,0,0,0,0,0,,,,,,,
All,Snap,2025-07-01/2025-12-31,KEYWORD_DESIGN_INFRINGEMENT,,EL,0,0,0,0,0,0,0,,,,,,,
All,Snap,2025-07-01/2025-12-31,KEYWORD_GEOGRAPHIC_INDICATIONS_INFRINGEMENT,,EL,0,0,0,0,0,0,0,,,,,,,
All,Snap,2025-07-01/2025-12-31,KEYWORD_PATENT_INFRINGEMENT,,EL,0,0,0,0,0,0,0,,,,,,,
All,Snap,2025-07-01/2025-12-31,KEYWORD_TRADE_SECRET_INFRINGEMENT,,EL,0,0,0,0,0,0,0,,,,,,,
All,Snap,2025-07-01/2025-12-31,KEYWORD_TRADEMARK_INFRINGEMENT,,EL,0,0,0,0,0,0,0,,,,,,,
All,Snap,2025-07-01/2025-12-31,KEYWORD_OTHER,"Text to detail the ""Other"" keyword.",EL,0,0,0,0,0,0,0,,,,,,,
All,Snap,2025-07-01/2025-12-31,STATEMENT_CATEGORY_NEGATIVE_EFFECTS_ON_CIVIC_DISCOURSE_OR_ELECTIONS,,EL,0,0,0,0,0,0,0,,,,,,,
All,Snap,2025-07-01/2025-12-31,KEYWORD_MISINFORMATION_DISINFORMATION,,EL,0,0,0,0,0,0,0,,,,,,,
All,Snap,2025-07-01/2025-12-31,KEYWORD_VIOLATION_EU_LAW,,EL,0,0,0,0,0,0,0,,,,,,,
All,Snap,2025-07-01/2025-12-31,KEYWORD_VIOLATION_NATIONAL_LAW,,EL,0,0,0,0,0,0,0,,,,,,,
All,Snap,2025-07-01/2025-12-31,KEYWORD_OTHER,Evidence Tampering & Obstruction,EL,0,0,0,0,0,0,0,,,,,,,
All,Snap,2025-07-01/2025-12-31,STATEMENT_CATEGORY_PROTECTION_OF_MINORS,,EL,0,0,0,0,8,0,510,,,,,,,
All,Snap,2025-07-01/2025-12-31,KEYWORD_AGE_SPECIFIC_RESTRICTIONS_MINORS,,EL,0,0,0,0,0,0,0,,,,,,,
All,Snap,2025-07-01/2025-12-31,KEYWORD_CHILD_SEXUAL_ABUSE_MATERIAL,,EL,0,0,0,0,1,0,663,,,,,,,
All,Snap,2025-07-01/2025-12-31,KEYWORD_CHILD_SEXUAL_ABUSE_MATERIAL_DEEPFAKE,,EL,0,0,0,0,0,0,0,,,,,,,
All,Snap,2025-07-01/2025-12-31,KEYWORD_GROOMING_SEXUAL_ENTICEMENT_MINORS,,EL,0,0,0,0,7,0,483,,,,,,,
All,Snap,2025-07-01/2025-12-31,KEYWORD_UNSAFE_CHALLENGES,,EL,0,0,0,0,0,0,0,,,,,,,
All,Snap,2025-07-01/2025-12-31,KEYWORD_OTHER,"Text to detail the ""Other"" keyword.",EL,0,0,0,0,0,0,0,,,,,,,
All,Snap,2025-07-01/2025-12-31,STATEMENT_CATEGORY_RISK_FOR_PUBLIC_SECURITY,,EL,0,0,0,0,0,0,0,,,,,,,
All,Snap,2025-07-01/2025-12-31,KEYWORD_ILLEGAL_ORGANIZATIONS,,EL,0,0,0,0,0,0,0,,,,,,,
All,Snap,2025-07-01/2025-12-31,KEYWORD_RISK_ENVIRONMENTAL_DAMAGE,,EL,0,0,0,0,0,0,0,,,,,,,
All,Snap,2025-07-01/2025-12-31,KEYWORD_RISK_PUBLIC_HEALTH,,EL,0,0,0,0,0,0,0,,,,,,,
All,Snap,2025-07-01/2025-12-31,KEYWORD_TERRORIST_CONTENT,,EL,0,0,0,0,0,0,0,,,,,,,
All,Snap,2025-07-01/2025-12-31,KEYWORD_OTHER,Persons at large,EL,0,0,0,0,0,0,0,,,,,,,
All,Snap,2025-07-01/2025-12-31,KEYWORD_OTHER,Arson,EL,0,0,0,0,0,0,0,,,,,,,
All,Snap,2025-07-01/2025-12-31,KEYWORD_OTHER,Other Illegal Activities,EL,0,0,0,0,0,0,0,,,,,,,
All,Snap,2025-07-01/2025-12-31,STATEMENT_CATEGORY_SCAMS_AND_FRAUD,,EL,0,0,0,0,0,0,0,,,,,,,
All,Snap,2025-07-01/2025-12-31,KEYWORD_IMPERSONATION_ACCOUNT_HIJACKING,,EL,0,0,0,0,0,0,0,,,,,,,
All,Snap,2025-07-01/2025-12-31,KEYWORD_INAUTHENTIC_ACCOUNTS,,EL,0,0,0,0,0,0,0,,,,,,,
All,Snap,2025-07-01/2025-12-31,KEYWORD_INAUTHENTIC_LISTINGS,,EL,0,0,0,0,0,0,0,,,,,,,
All,Snap,2025-07-01/2025-12-31,KEYWORD_INAUTHENTIC_USER_REVIEWS,,EL,0,0,0,0,0,0,0,,,,,,,
All,Snap,2025-07-01/2025-12-31,KEYWORD_PHISHING,,EL,0,0,0,0,0,0,0,,,,,,,
All,Snap,2025-07-01/2025-12-31,KEYWORD_PYRAMID_SCHEMES,,EL,0,0,0,0,0,0,0,,,,,,,
All,Snap,2025-07-01/2025-12-31,KEYWORD_OTHER,Fraud,EL,0,0,0,0,0,0,0,,,,,,,
All,Snap,2025-07-01/2025-12-31,STATEMENT_CATEGORY_SELF_HARM,,EL,0,0,0,0,0,0,0,,,,,,,
All,Snap,2025-07-01/2025-12-31,KEYWORD_CONTENT_PROMOTING_EATING_DISORDERS,,EL,0,0,0,0,0,0,0,,,,,,,
All,Snap,2025-07-01/2025-12-31,KEYWORD_SELF_MUTILATION,,EL,0,0,0,0,0,0,0,,,,,,,
All,Snap,2025-07-01/2025-12-31,KEYWORD_SUICIDE,,EL,0,0,0,0,0,0,0,,,,,,,
All,Snap,2025-07-01/2025-12-31,KEYWORD_OTHER,Self-harm & Suicide,EL,0,0,0,0,0,0,0,,,,,,,
All,Snap,2025-07-01/2025-12-31,STATEMENT_CATEGORY_UNSAFE_AND_PROHIBITED_PRODUCTS,,EL,0,0,0,0,0,0,0,,,,,,,
All,Snap,2025-07-01/2025-12-31,KEYWORD_PROHIBITED_PRODUCTS,,EL,0,0,0,0,0,0,0,,,,,,,
All,Snap,2025-07-01/2025-12-31,KEYWORD_UNSAFE_PRODUCTS,,EL,0,0,0,0,0,0,0,,,,,,,
All,Snap,2025-07-01/2025-12-31,KEYWORD_OTHER,"Text to detail the ""Other"" keyword.",EL,0,0,0,0,0,0,0,,,,,,,
All,Snap,2025-07-01/2025-12-31,STATEMENT_CATEGORY_VIOLENCE,,EL,0,0,0,0,1,0,845,,,,,,,
All,Snap,2025-07-01/2025-12-31,KEYWORD_COORDINATED_HARM,,EL,0,0,0,0,0,0,0,,,,,,,
All,Snap,2025-07-01/2025-12-31,KEYWORD_INCITEMENT_VIOLENCE_HATRED,,EL,0,0,0,0,0,0,0,,,,,,,
All,Snap,2025-07-01/2025-12-31,KEYWORD_HUMAN_EXPLOITATION,,EL,0,0,0,0,1,0,845,,,,,,,
All,Snap,2025-07-01/2025-12-31,KEYWORD_HUMAN_TRAFFICKING,,EL,0,0,0,0,0,0,0,,,,,,,
All,Snap,2025-07-01/2025-12-31,KEYWORD_TRAFFICKING_WOMEN_GIRLS,,EL,0,0,0,0,0,0,0,,,,,,,
All,Snap,2025-07-01/2025-12-31,KEYWORD_OTHER,Threats & Violence,EL,0,0,0,0,0,0,0,,,,,,,
All,Snap,2025-07-01/2025-12-31,STATEMENT_CATEGORY_NOT_SPECIFIED_ORDER,,EL,0,0,0,0,0,0,0,,,,,,,
All,Snap,2025-07-01/2025-12-31,TOTAL,,ES,0,0,0,0,100,0,494,,,,,,,
All,Snap,2025-07-01/2025-12-31,STATEMENT_CATEGORY_ANIMAL_WELFARE,,ES,0,0,0,0,0,0,0,,,,,,,
All,Snap,2025-07-01/2025-12-31,KEYWORD_ANIMAL_HARM,,ES,0,0,0,0,0,0,0,,,,,,,
All,Snap,2025-07-01/2025-12-31,KEYWORD_UNLAWFUL_SALE_ANIMALS,,ES,0,0,0,0,0,0,0,,,,,,,
All,Snap,2025-07-01/2025-12-31,KEYWORD_OTHER,Animal Exploitation,ES,0,0,0,0,0,0,0,,,,,,,
All,Snap,2025-07-01/2025-12-31,STATEMENT_CATEGORY_CONSUMER_INFORMATION,,ES,0,0,0,0,0,0,0,,,,,,,
All,Snap,2025-07-01/2025-12-31,KEYWORD_HIDDEN_ADVERTISEMENT,,ES,0,0,0,0,0,0,0,,,,,,,
All,Snap,2025-07-01/2025-12-31,KEYWORD_INSUFFICIENT_INFORMATION_ON_TRADERS,,ES,0,0,0,0,0,0,0,,,,,,,
All,Snap,2025-07-01/2025-12-31,KEYWORD_MISLEADING_INFO_GOODS_SERVICES,,ES,0,0,0,0,0,0,0,,,,,,,
All,Snap,2025-07-01/2025-12-31,KEYWORD_MISLEADING_INFO_CONSUMER_RIGHTS,,ES,0,0,0,0,0,0,0,,,,,,,
All,Snap,2025-07-01/2025-12-31,KEYWORD_NONCOMPLIANCE_PRICING,,ES,0,0,0,0,0,0,0,,,,,,,
All,Snap,2025-07-01/2025-12-31,KEYWORD_OTHER,"Text to detail the ""Other"" keyword.",ES,0,0,0,0,0,0,0,,,,,,,
All,Snap,2025-07-01/2025-12-31,STATEMENT_CATEGORY_CYBER_VIOLENCE,,ES,0,0,0,0,4,0,576,,,,,,,
All,Snap,2025-07-01/2025-12-31,KEYWORD_CYBER_BULLYING_INTIMIDATION,,ES,0,0,0,0,0,0,0,,,,,,,
All,Snap,2025-07-01/2025-12-31,KEYWORD_CYBER_HARASSMENT,,ES,0,0,0,0,1,0,576,,,,,,,
All,Snap,2025-07-01/2025-12-31,KEYWORD_CYBER_INCITEMENT,,ES,0,0,0,0,0,0,0,,,,,,,
All,Snap,2025-07-01/2025-12-31,KEYWORD_CYBER_STALKING,,ES,0,0,0,0,0,0,0,,,,,,,
All,Snap,2025-07-01/2025-12-31,KEYWORD_NON_CONSENSUAL_IMAGE_SHARING,,ES,0,0,0,0,3,0,887,,,,,,,
All,Snap,2025-07-01/2025-12-31,KEYWORD_NON_CONSENSUAL_MATERIAL_DEEPFAKE,,ES,0,0,0,0,0,0,0,,,,,,,
All,Snap,2025-07-01/2025-12-31,KEYWORD_OTHER,"Text to detail the ""Other"" keyword.",ES,0,0,0,0,0,0,0,,,,,,,
All,Snap,2025-07-01/2025-12-31,STATEMENT_CATEGORY_CYBER_VIOLENCE_AGAINST_WOMEN,,ES,0,0,0,0,0,0,0,,,,,,,
All,Snap,2025-07-01/2025-12-31,KEYWORD_BULLYING_AGAINST_GIRLS,,ES,0,0,0,0,0,0,0,,,,,,,
All,Snap,2025-07-01/2025-12-31,KEYWORD_CYBER_HARASSMENT_AGAINST_WOMEN,,ES,0,0,0,0,0,0,0,,,,,,,
All,Snap,2025-07-01/2025-12-31,KEYWORD_CYBER_STALKING_AGAINST_WOMEN,,ES,0,0,0,0,0,0,0,,,,,,,
All,Snap,2025-07-01/2025-12-31,KEYWORD_FEMALE_GENDERED_DISINFORMATION,,ES,0,0,0,0,0,0,0,,,,,,,
All,Snap,2025-07-01/2025-12-31,KEYWORD_INCITEMENT_AGAINST_WOMEN,,ES,0,0,0,0,0,0,0,,,,,,,
All,Snap,2025-07-01/2025-12-31,KEYWORD_NON_CONSENSUAL_IMAGE_SHARING_AGAINST_WOMEN,,ES,0,0,0,0,0,0,0,,,,,,,
All,Snap,2025-07-01/2025-12-31,KEYWORD_NON_CONSENSUAL_MATERIAL_DEEPFAKE_AGAINST_WOMEN,,ES,0,0,0,0,0,0,0,,,,,,,
All,Snap,2025-07-01/2025-12-31,KEYWORD_OTHER,"Text to detail the ""Other"" keyword.",ES,0,0,0,0,0,0,0,,,,,,,
All,Snap,2025-07-01/2025-12-31,STATEMENT_CATEGORY_DATA_PROTECTION_AND_PRIVACY_VIOLATIONS,,ES,0,0,0,0,1,0,314,,,,,,,
All,Snap,2025-07-01/2025-12-31,KEYWORD_BIOMETRIC_DATA_BREACH,,ES,0,0,0,0,0,0,0,,,,,,,
All,Snap,2025-07-01/2025-12-31,KEYWORD_DATA_FALSIFICATION,,ES,0,0,0,0,0,0,0,,,,,,,
All,Snap,2025-07-01/2025-12-31,KEYWORD_MISSING_PROCESSING_GROUND,,ES,0,0,0,0,0,0,0,,,,,,,
All,Snap,2025-07-01/2025-12-31,KEYWORD_RIGHT_TO_BE_FORGOTTEN,,ES,0,0,0,0,0,0,0,,,,,,,
All,Snap,2025-07-01/2025-12-31,KEYWORD_OTHER,Hacking & Cyber Crime,ES,0,0,0,0,1,0,314,,,,,,,
All,Snap,2025-07-01/2025-12-31,STATEMENT_CATEGORY_ILLEGAL_OR_HARMFUL_SPEECH,,ES,0,0,0,0,0,0,0,,,,,,,
All,Snap,2025-07-01/2025-12-31,KEYWORD_DEFAMATION,,ES,0,0,0,0,0,0,0,,,,,,,
All,Snap,2025-07-01/2025-12-31,KEYWORD_DISCRIMINATION,,ES,0,0,0,0,0,0,0,,,,,,,
All,Snap,2025-07-01/2025-12-31,KEYWORD_HATE_SPEECH,,ES,0,0,0,0,0,0,0,,,,,,,
All,Snap,2025-07-01/2025-12-31,KEYWORD_OTHER,"Text to detail the ""Other"" keyword.",ES,0,0,0,0,0,0,0,,,,,,,
All,Snap,2025-07-01/2025-12-31,STATEMENT_CATEGORY_INTELLECTUAL_PROPERTY_INFRINGEMENTS,,ES,0,0,0,0,0,0,0,,,,,,,
All,Snap,2025-07-01/2025-12-31,KEYWORD_COPYRIGHT_INFRINGEMENT,,ES,0,0,0,0,0,0,0,,,,,,,
All,Snap,2025-07-01/2025-12-31,KEYWORD_DESIGN_INFRINGEMENT,,ES,0,0,0,0,0,0,0,,,,,,,
All,Snap,2025-07-01/2025-12-31,KEYWORD_GEOGRAPHIC_INDICATIONS_INFRINGEMENT,,ES,0,0,0,0,0,0,0,,,,,,,
All,Snap,2025-07-01/2025-12-31,KEYWORD_PATENT_INFRINGEMENT,,ES,0,0,0,0,0,0,0,,,,,,,
All,Snap,2025-07-01/2025-12-31,KEYWORD_TRADE_SECRET_INFRINGEMENT,,ES,0,0,0,0,0,0,0,,,,,,,
All,Snap,2025-07-01/2025-12-31,KEYWORD_TRADEMARK_INFRINGEMENT,,ES,0,0,0,0,0,0,0,,,,,,,
All,Snap,2025-07-01/2025-12-31,KEYWORD_OTHER,"Text to detail the ""Other"" keyword.",ES,0,0,0,0,0,0,0,,,,,,,
All,Snap,2025-07-01/2025-12-31,STATEMENT_CATEGORY_NEGATIVE_EFFECTS_ON_CIVIC_DISCOURSE_OR_ELECTIONS,,ES,0,0,0,0,0,0,0,,,,,,,
All,Snap,2025-07-01/2025-12-31,KEYWORD_MISINFORMATION_DISINFORMATION,,ES,0,0,0,0,0,0,0,,,,,,,
All,Snap,2025-07-01/2025-12-31,KEYWORD_VIOLATION_EU_LAW,,ES,0,0,0,0,0,0,0,,,,,,,
All,Snap,2025-07-01/2025-12-31,KEYWORD_VIOLATION_NATIONAL_LAW,,ES,0,0,0,0,0,0,0,,,,,,,
All,Snap,2025-07-01/2025-12-31,KEYWORD_OTHER,Evidence Tampering & Obstruction,ES,0,0,0,0,0,0,0,,,,,,,
All,Snap,2025-07-01/2025-12-31,STATEMENT_CATEGORY_PROTECTION_OF_MINORS,,ES,0,0,0,0,68,0,495,,,,,,,
All,Snap,2025-07-01/2025-12-31,KEYWORD_AGE_SPECIFIC_RESTRICTIONS_MINORS,,ES,0,0,0,0,0,0,0,,,,,,,
All,Snap,2025-07-01/2025-12-31,KEYWORD_CHILD_SEXUAL_ABUSE_MATERIAL,,ES,0,0,0,0,11,0,578,,,,,,,
All,Snap,2025-07-01/2025-12-31,KEYWORD_CHILD_SEXUAL_ABUSE_MATERIAL_DEEPFAKE,,ES,0,0,0,0,0,0,0,,,,,,,
All,Snap,2025-07-01/2025-12-31,KEYWORD_GROOMING_SEXUAL_ENTICEMENT_MINORS,,ES,0,0,0,0,57,0,494,,,,,,,
All,Snap,2025-07-01/2025-12-31,KEYWORD_UNSAFE_CHALLENGES,,ES,0,0,0,0,0,0,0,,,,,,,
All,Snap,2025-07-01/2025-12-31,KEYWORD_OTHER,"Text to detail the ""Other"" keyword.",ES,0,0,0,0,0,0,0,,,,,,,
All,Snap,2025-07-01/2025-12-31,STATEMENT_CATEGORY_RISK_FOR_PUBLIC_SECURITY,,ES,0,0,0,0,5,0,298,,,,,,,
All,Snap,2025-07-01/2025-12-31,KEYWORD_ILLEGAL_ORGANIZATIONS,,ES,0,0,0,0,0,0,0,,,,,,,
All,Snap,2025-07-01/2025-12-31,KEYWORD_RISK_ENVIRONMENTAL_DAMAGE,,ES,0,0,0,0,0,0,0,,,,,,,
All,Snap,2025-07-01/2025-12-31,KEYWORD_RISK_PUBLIC_HEALTH,,ES,0,0,0,0,0,0,0,,,,,,,
All,Snap,2025-07-01/2025-12-31,KEYWORD_TERRORIST_CONTENT,,ES,0,0,0,0,3,0,135,,,,,,,
All,Snap,2025-07-01/2025-12-31,KEYWORD_OTHER,Persons at large,ES,0,0,0,0,1,0,496,,,,,,,
All,Snap,2025-07-01/2025-12-31,KEYWORD_OTHER,Arson,ES,0,0,0,0,0,0,0,,,,,,,
All,Snap,2025-07-01/2025-12-31,KEYWORD_OTHER,Other Illegal Activities,ES,0,0,0,0,1,0,476,,,,,,,
All,Snap,2025-07-01/2025-12-31,STATEMENT_CATEGORY_SCAMS_AND_FRAUD,,ES,0,0,0,0,6,0,303,,,,,,,
All,Snap,2025-07-01/2025-12-31,KEYWORD_IMPERSONATION_ACCOUNT_HIJACKING,,ES,0,0,0,0,0,0,0,,,,,,,
All,Snap,2025-07-01/2025-12-31,KEYWORD_INAUTHENTIC_ACCOUNTS,,ES,0,0,0,0,0,0,0,,,,,,,
All,Snap,2025-07-01/2025-12-31,KEYWORD_INAUTHENTIC_LISTINGS,,ES,0,0,0,0,0,0,0,,,,,,,
All,Snap,2025-07-01/2025-12-31,KEYWORD_INAUTHENTIC_USER_REVIEWS,,ES,0,0,0,0,0,0,0,,,,,,,
All,Snap,2025-07-01/2025-12-31,KEYWORD_PHISHING,,ES,0,0,0,0,0,0,0,,,,,,,
All,Snap,2025-07-01/2025-12-31,KEYWORD_PYRAMID_SCHEMES,,ES,0,0,0,0,0,0,0,,,,,,,
All,Snap,2025-07-01/2025-12-31,KEYWORD_OTHER,Fraud,ES,0,0,0,0,6,0,303,,,,,,,
All,Snap,2025-07-01/2025-12-31,STATEMENT_CATEGORY_SELF_HARM,,ES,0,0,0,0,0,0,0,,,,,,,
All,Snap,2025-07-01/2025-12-31,KEYWORD_CONTENT_PROMOTING_EATING_DISORDERS,,ES,0,0,0,0,0,0,0,,,,,,,
All,Snap,2025-07-01/2025-12-31,KEYWORD_SELF_MUTILATION,,ES,0,0,0,0,0,0,0,,,,,,,
All,Snap,2025-07-01/2025-12-31,KEYWORD_SUICIDE,,ES,0,0,0,0,0,0,0,,,,,,,
All,Snap,2025-07-01/2025-12-31,KEYWORD_OTHER,Self-harm & Suicide,ES,0,0,0,0,0,0,0,,,,,,,
All,Snap,2025-07-01/2025-12-31,STATEMENT_CATEGORY_UNSAFE_AND_PROHIBITED_PRODUCTS,,ES,0,0,0,0,0,0,0,,,,,,,
All,Snap,2025-07-01/2025-12-31,KEYWORD_PROHIBITED_PRODUCTS,,ES,0,0,0,0,0,0,0,,,,,,,
All,Snap,2025-07-01/2025-12-31,KEYWORD_UNSAFE_PRODUCTS,,ES,0,0,0,0,0,0,0,,,,,,,
All,Snap,2025-07-01/2025-12-31,KEYWORD_OTHER,"Text to detail the ""Other"" keyword.",ES,0,0,0,0,0,0,0,,,,,,,
All,Snap,2025-07-01/2025-12-31,STATEMENT_CATEGORY_VIOLENCE,,ES,0,0,0,0,11,0,484,,,,,,,
All,Snap,2025-07-01/2025-12-31,KEYWORD_COORDINATED_HARM,,ES,0,0,0,0,0,0,0,,,,,,,
All,Snap,2025-07-01/2025-12-31,KEYWORD_INCITEMENT_VIOLENCE_HATRED,,ES,0,0,0,0,0,0,0,,,,,,,
All,Snap,2025-07-01/2025-12-31,KEYWORD_HUMAN_EXPLOITATION,,ES,0,0,0,0,4,0,470,,,,,,,
All,Snap,2025-07-01/2025-12-31,KEYWORD_HUMAN_TRAFFICKING,,ES,0,0,0,0,0,0,0,,,,,,,
All,Snap,2025-07-01/2025-12-31,KEYWORD_TRAFFICKING_WOMEN_GIRLS,,ES,0,0,0,0,0,0,0,,,,,,,
All,Snap,2025-07-01/2025-12-31,KEYWORD_OTHER,Threats & Violence,ES,0,0,0,0,7,0,499,,,,,,,
All,Snap,2025-07-01/2025-12-31,STATEMENT_CATEGORY_NOT_SPECIFIED_ORDER,,ES,0,0,0,0,5,0,419,,,,,,,
All,Snap,2025-07-01/2025-12-31,TOTAL,,FI,0,0,0,0,279,0,162,,,,,,,
All,Snap,2025-07-01/2025-12-31,STATEMENT_CATEGORY_ANIMAL_WELFARE,,FI,0,0,0,0,0,0,0,,,,,,,
All,Snap,2025-07-01/2025-12-31,KEYWORD_ANIMAL_HARM,,FI,0,0,0,0,0,0,0,,,,,,,
All,Snap,2025-07-01/2025-12-31,KEYWORD_UNLAWFUL_SALE_ANIMALS,,FI,0,0,0,0,0,0,0,,,,,,,
All,Snap,2025-07-01/2025-12-31,KEYWORD_OTHER,Animal Exploitation,FI,0,0,0,0,0,0,0,,,,,,,
All,Snap,2025-07-01/2025-12-31,STATEMENT_CATEGORY_CONSUMER_INFORMATION,,FI,0,0,0,0,0,0,0,,,,,,,
All,Snap,2025-07-01/2025-12-31,KEYWORD_HIDDEN_ADVERTISEMENT,,FI,0,0,0,0,0,0,0,,,,,,,
All,Snap,2025-07-01/2025-12-31,KEYWORD_INSUFFICIENT_INFORMATION_ON_TRADERS,,FI,0,0,0,0,0,0,0,,,,,,,
All,Snap,2025-07-01/2025-12-31,KEYWORD_MISLEADING_INFO_GOODS_SERVICES,,FI,0,0,0,0,0,0,0,,,,,,,
All,Snap,2025-07-01/2025-12-31,KEYWORD_MISLEADING_INFO_CONSUMER_RIGHTS,,FI,0,0,0,0,0,0,0,,,,,,,
All,Snap,2025-07-01/2025-12-31,KEYWORD_NONCOMPLIANCE_PRICING,,FI,0,0,0,0,0,0,0,,,,,,,
All,Snap,2025-07-01/2025-12-31,KEYWORD_OTHER,"Text to detail the ""Other"" keyword.",FI,0,0,0,0,0,0,0,,,,,,,
All,Snap,2025-07-01/2025-12-31,STATEMENT_CATEGORY_CYBER_VIOLENCE,,FI,0,0,0,0,8,0,91,,,,,,,
All,Snap,2025-07-01/2025-12-31,KEYWORD_CYBER_BULLYING_INTIMIDATION,,FI,0,0,0,0,0,0,0,,,,,,,
All,Snap,2025-07-01/2025-12-31,KEYWORD_CYBER_HARASSMENT,,FI,0,0,0,0,4,0,31,,,,,,,
All,Snap,2025-07-01/2025-12-31,KEYWORD_CYBER_INCITEMENT,,FI,0,0,0,0,0,0,0,,,,,,,
All,Snap,2025-07-01/2025-12-31,KEYWORD_CYBER_STALKING,,FI,0,0,0,0,0,0,0,,,,,,,
All,Snap,2025-07-01/2025-12-31,KEYWORD_NON_CONSENSUAL_IMAGE_SHARING,,FI,0,0,0,0,4,0,97,,,,,,,
All,Snap,2025-07-01/2025-12-31,KEYWORD_NON_CONSENSUAL_MATERIAL_DEEPFAKE,,FI,0,0,0,0,0,0,0,,,,,,,
All,Snap,2025-07-01/2025-12-31,KEYWORD_OTHER,"Text to detail the ""Other"" keyword.",FI,0,0,0,0,0,0,0,,,,,,,
All,Snap,2025-07-01/2025-12-31,STATEMENT_CATEGORY_CYBER_VIOLENCE_AGAINST_WOMEN,,FI,0,0,0,0,0,0,0,,,,,,,
All,Snap,2025-07-01/2025-12-31,KEYWORD_BULLYING_AGAINST_GIRLS,,FI,0,0,0,0,0,0,0,,,,,,,
All,Snap,2025-07-01/2025-12-31,KEYWORD_CYBER_HARASSMENT_AGAINST_WOMEN,,FI,0,0,0,0,0,0,0,,,,,,,
All,Snap,2025-07-01/2025-12-31,KEYWORD_CYBER_STALKING_AGAINST_WOMEN,,FI,0,0,0,0,0,0,0,,,,,,,
All,Snap,2025-07-01/2025-12-31,KEYWORD_FEMALE_GENDERED_DISINFORMATION,,FI,0,0,0,0,0,0,0,,,,,,,
All,Snap,2025-07-01/2025-12-31,KEYWORD_INCITEMENT_AGAINST_WOMEN,,FI,0,0,0,0,0,0,0,,,,,,,
All,Snap,2025-07-01/2025-12-31,KEYWORD_NON_CONSENSUAL_IMAGE_SHARING_AGAINST_WOMEN,,FI,0,0,0,0,0,0,0,,,,,,,
All,Snap,2025-07-01/2025-12-31,KEYWORD_NON_CONSENSUAL_MATERIAL_DEEPFAKE_AGAINST_WOMEN,,FI,0,0,0,0,0,0,0,,,,,,,
All,Snap,2025-07-01/2025-12-31,KEYWORD_OTHER,"Text to detail the ""Other"" keyword.",FI,0,0,0,0,0,0,0,,,,,,,
All,Snap,2025-07-01/2025-12-31,STATEMENT_CATEGORY_DATA_PROTECTION_AND_PRIVACY_VIOLATIONS,,FI,0,0,0,0,0,0,0,,,,,,,
All,Snap,2025-07-01/2025-12-31,KEYWORD_BIOMETRIC_DATA_BREACH,,FI,0,0,0,0,0,0,0,,,,,,,
All,Snap,2025-07-01/2025-12-31,KEYWORD_DATA_FALSIFICATION,,FI,0,0,0,0,0,0,0,,,,,,,
All,Snap,2025-07-01/2025-12-31,KEYWORD_MISSING_PROCESSING_GROUND,,FI,0,0,0,0,0,0,0,,,,,,,
All,Snap,2025-07-01/2025-12-31,KEYWORD_RIGHT_TO_BE_FORGOTTEN,,FI,0,0,0,0,0,0,0,,,,,,,
All,Snap,2025-07-01/2025-12-31,KEYWORD_OTHER,Hacking & Cyber Crime,FI,0,0,0,0,0,0,0,,,,,,,
All,Snap,2025-07-01/2025-12-31,STATEMENT_CATEGORY_ILLEGAL_OR_HARMFUL_SPEECH,,FI,0,0,0,0,0,0,0,,,,,,,
All,Snap,2025-07-01/2025-12-31,KEYWORD_DEFAMATION,,FI,0,0,0,0,0,0,0,,,,,,,
All,Snap,2025-07-01/2025-12-31,KEYWORD_DISCRIMINATION,,FI,0,0,0,0,0,0,0,,,,,,,
All,Snap,2025-07-01/2025-12-31,KEYWORD_HATE_SPEECH,,FI,0,0,0,0,0,0,0,,,,,,,
All,Snap,2025-07-01/2025-12-31,KEYWORD_OTHER,"Text to detail the ""Other"" keyword.",FI,0,0,0,0,0,0,0,,,,,,,
All,Snap,2025-07-01/2025-12-31,STATEMENT_CATEGORY_INTELLECTUAL_PROPERTY_INFRINGEMENTS,,FI,0,0,0,0,0,0,0,,,,,,,
All,Snap,2025-07-01/2025-12-31,KEYWORD_COPYRIGHT_INFRINGEMENT,,FI,0,0,0,0,0,0,0,,,,,,,
All,Snap,2025-07-01/2025-12-31,KEYWORD_DESIGN_INFRINGEMENT,,FI,0,0,0,0,0,0,0,,,,,,,
All,Snap,2025-07-01/2025-12-31,KEYWORD_GEOGRAPHIC_INDICATIONS_INFRINGEMENT,,FI,0,0,0,0,0,0,0,,,,,,,
All,Snap,2025-07-01/2025-12-31,KEYWORD_PATENT_INFRINGEMENT,,FI,0,0,0,0,0,0,0,,,,,,,
All,Snap,2025-07-01/2025-12-31,KEYWORD_TRADE_SECRET_INFRINGEMENT,,FI,0,0,0,0,0,0,0,,,,,,,
All,Snap,2025-07-01/2025-12-31,KEYWORD_TRADEMARK_INFRINGEMENT,,FI,0,0,0,0,0,0,0,,,,,,,
All,Snap,2025-07-01/2025-12-31,KEYWORD_OTHER,"Text to detail the ""Other"" keyword.",FI,0,0,0,0,0,0,0,,,,,,,
All,Snap,2025-07-01/2025-12-31,STATEMENT_CATEGORY_NEGATIVE_EFFECTS_ON_CIVIC_DISCOURSE_OR_ELECTIONS,,FI,0,0,0,0,0,0,0,,,,,,,
All,Snap,2025-07-01/2025-12-31,KEYWORD_MISINFORMATION_DISINFORMATION,,FI,0,0,0,0,0,0,0,,,,,,,
All,Snap,2025-07-01/2025-12-31,KEYWORD_VIOLATION_EU_LAW,,FI,0,0,0,0,0,0,0,,,,,,,
All,Snap,2025-07-01/2025-12-31,KEYWORD_VIOLATION_NATIONAL_LAW,,FI,0,0,0,0,0,0,0,,,,,,,
All,Snap,2025-07-01/2025-12-31,KEYWORD_OTHER,Evidence Tampering & Obstruction,FI,0,0,0,0,0,0,0,,,,,,,
All,Snap,2025-07-01/2025-12-31,STATEMENT_CATEGORY_PROTECTION_OF_MINORS,,FI,0,0,0,0,148,0,182,,,,,,,
All,Snap,2025-07-01/2025-12-31,KEYWORD_AGE_SPECIFIC_RESTRICTIONS_MINORS,,FI,0,0,0,0,0,0,0,,,,,,,
All,Snap,2025-07-01/2025-12-31,KEYWORD_CHILD_SEXUAL_ABUSE_MATERIAL,,FI,0,0,0,0,15,0,117,,,,,,,
All,Snap,2025-07-01/2025-12-31,KEYWORD_CHILD_SEXUAL_ABUSE_MATERIAL_DEEPFAKE,,FI,0,0,0,0,0,0,0,,,,,,,
All,Snap,2025-07-01/2025-12-31,KEYWORD_GROOMING_SEXUAL_ENTICEMENT_MINORS,,FI,0,0,0,0,133,0,184,,,,,,,
All,Snap,2025-07-01/2025-12-31,KEYWORD_UNSAFE_CHALLENGES,,FI,0,0,0,0,0,0,0,,,,,,,
All,Snap,2025-07-01/2025-12-31,KEYWORD_OTHER,"Text to detail the ""Other"" keyword.",FI,0,0,0,0,0,0,0,,,,,,,
All,Snap,2025-07-01/2025-12-31,STATEMENT_CATEGORY_RISK_FOR_PUBLIC_SECURITY,,FI,0,0,0,0,6,0,98,,,,,,,
All,Snap,2025-07-01/2025-12-31,KEYWORD_ILLEGAL_ORGANIZATIONS,,FI,0,0,0,0,1,0,149,,,,,,,
All,Snap,2025-07-01/2025-12-31,KEYWORD_RISK_ENVIRONMENTAL_DAMAGE,,FI,0,0,0,0,0,0,0,,,,,,,
All,Snap,2025-07-01/2025-12-31,KEYWORD_RISK_PUBLIC_HEALTH,,FI,0,0,0,0,0,0,0,,,,,,,
All,Snap,2025-07-01/2025-12-31,KEYWORD_TERRORIST_CONTENT,,FI,0,0,0,0,0,0,0,,,,,,,
All,Snap,2025-07-01/2025-12-31,KEYWORD_OTHER,Persons at large,FI,0,0,0,0,4,0,30,,,,,,,
All,Snap,2025-07-01/2025-12-31,KEYWORD_OTHER,Arson,FI,0,0,0,0,1,0,98,,,,,,,
All,Snap,2025-07-01/2025-12-31,KEYWORD_OTHER,Other Illegal Activities,FI,0,0,0,0,0,0,0,,,,,,,
All,Snap,2025-07-01/2025-12-31,STATEMENT_CATEGORY_SCAMS_AND_FRAUD,,FI,0,0,0,0,29,0,192,,,,,,,
All,Snap,2025-07-01/2025-12-31,KEYWORD_IMPERSONATION_ACCOUNT_HIJACKING,,FI,0,0,0,0,1,0,146,,,,,,,
All,Snap,2025-07-01/2025-12-31,KEYWORD_INAUTHENTIC_ACCOUNTS,,FI,0,0,0,0,0,0,0,,,,,,,
All,Snap,2025-07-01/2025-12-31,KEYWORD_INAUTHENTIC_LISTINGS,,FI,0,0,0,0,0,0,0,,,,,,,
All,Snap,2025-07-01/2025-12-31,KEYWORD_INAUTHENTIC_USER_REVIEWS,,FI,0,0,0,0,0,0,0,,,,,,,
All,Snap,2025-07-01/2025-12-31,KEYWORD_PHISHING,,FI,0,0,0,0,0,0,0,,,,,,,
All,Snap,2025-07-01/2025-12-31,KEYWORD_PYRAMID_SCHEMES,,FI,0,0,0,0,0,0,0,,,,,,,
All,Snap,2025-07-01/2025-12-31,KEYWORD_OTHER,Fraud,FI,0,0,0,0,28,0,192,,,,,,,
All,Snap,2025-07-01/2025-12-31,STATEMENT_CATEGORY_SELF_HARM,,FI,0,0,0,0,0,0,0,,,,,,,
All,Snap,2025-07-01/2025-12-31,KEYWORD_CONTENT_PROMOTING_EATING_DISORDERS,,FI,0,0,0,0,0,0,0,,,,,,,
All,Snap,2025-07-01/2025-12-31,KEYWORD_SELF_MUTILATION,,FI,0,0,0,0,0,0,0,,,,,,,
All,Snap,2025-07-01/2025-12-31,KEYWORD_SUICIDE,,FI,0,0,0,0,0,0,0,,,,,,,
All,Snap,2025-07-01/2025-12-31,KEYWORD_OTHER,Self-harm & Suicide,FI,0,0,0,0,0,0,0,,,,,,,
All,Snap,2025-07-01/2025-12-31,STATEMENT_CATEGORY_UNSAFE_AND_PROHIBITED_PRODUCTS,,FI,0,0,0,0,25,0,209,,,,,,,
All,Snap,2025-07-01/2025-12-31,KEYWORD_PROHIBITED_PRODUCTS,,FI,0,0,0,0,25,0,209,,,,,,,
All,Snap,2025-07-01/2025-12-31,KEYWORD_UNSAFE_PRODUCTS,,FI,0,0,0,0,0,0,0,,,,,,,
All,Snap,2025-07-01/2025-12-31,KEYWORD_OTHER,"Text to detail the ""Other"" keyword.",FI,0,0,0,0,0,0,0,,,,,,,
All,Snap,2025-07-01/2025-12-31,STATEMENT_CATEGORY_VIOLENCE,,FI,0,0,0,0,60,0,118,,,,,,,
All,Snap,2025-07-01/2025-12-31,KEYWORD_COORDINATED_HARM,,FI,0,0,0,0,0,0,0,,,,,,,
All,Snap,2025-07-01/2025-12-31,KEYWORD_INCITEMENT_VIOLENCE_HATRED,,FI,0,0,0,0,0,0,0,,,,,,,
All,Snap,2025-07-01/2025-12-31,KEYWORD_HUMAN_EXPLOITATION,,FI,0,0,0,0,8,0,48,,,,,,,
All,Snap,2025-07-01/2025-12-31,KEYWORD_HUMAN_TRAFFICKING,,FI,0,0,0,0,0,0,0,,,,,,,
All,Snap,2025-07-01/2025-12-31,KEYWORD_TRAFFICKING_WOMEN_GIRLS,,FI,0,0,0,0,0,0,0,,,,,,,
All,Snap,2025-07-01/2025-12-31,KEYWORD_OTHER,Threats & Violence,FI,0,0,0,0,52,0,121,,,,,,,
All,Snap,2025-07-01/2025-12-31,STATEMENT_CATEGORY_NOT_SPECIFIED_ORDER,,FI,0,0,0,0,3,0,30,,,,,,,
All,Snap,2025-07-01/2025-12-31,TOTAL,,FR,2,4,0,15,"5,884",0,226,,,,,,,
All,Snap,2025-07-01/2025-12-31,STATEMENT_CATEGORY_ANIMAL_WELFARE,,FR,0,0,0,0,4,0,385,,,,,,,
All,Snap,2025-07-01/2025-12-31,KEYWORD_ANIMAL_HARM,,FR,0,0,0,0,0,0,0,,,,,,,
All,Snap,2025-07-01/2025-12-31,KEYWORD_UNLAWFUL_SALE_ANIMALS,,FR,0,0,0,0,0,0,0,,,,,,,
All,Snap,2025-07-01/2025-12-31,KEYWORD_OTHER,Animal Exploitation,FR,0,0,0,0,4,0,385,,,,,,,
All,Snap,2025-07-01/2025-12-31,STATEMENT_CATEGORY_CONSUMER_INFORMATION,,FR,0,0,0,0,0,0,0,,,,,,,
All,Snap,2025-07-01/2025-12-31,KEYWORD_HIDDEN_ADVERTISEMENT,,FR,0,0,0,0,0,0,0,,,,,,,
All,Snap,2025-07-01/2025-12-31,KEYWORD_INSUFFICIENT_INFORMATION_ON_TRADERS,,FR,0,0,0,0,0,0,0,,,,,,,
All,Snap,2025-07-01/2025-12-31,KEYWORD_MISLEADING_INFO_GOODS_SERVICES,,FR,0,0,0,0,0,0,0,,,,,,,
All,Snap,2025-07-01/2025-12-31,KEYWORD_MISLEADING_INFO_CONSUMER_RIGHTS,,FR,0,0,0,0,0,0,0,,,,,,,
All,Snap,2025-07-01/2025-12-31,KEYWORD_NONCOMPLIANCE_PRICING,,FR,0,0,0,0,0,0,0,,,,,,,
All,Snap,2025-07-01/2025-12-31,KEYWORD_OTHER,"Text to detail the ""Other"" keyword.",FR,0,0,0,0,0,0,0,,,,,,,
All,Snap,2025-07-01/2025-12-31,STATEMENT_CATEGORY_CYBER_VIOLENCE,,FR,1,3,0,25,228,0,199,,,,,,,
All,Snap,2025-07-01/2025-12-31,KEYWORD_CYBER_BULLYING_INTIMIDATION,,FR,0,0,0,0,0,0,0,,,,,,,
All,Snap,2025-07-01/2025-12-31,KEYWORD_CYBER_HARASSMENT,,FR,0,0,0,0,110,0,172,,,,,,,
All,Snap,2025-07-01/2025-12-31,KEYWORD_CYBER_INCITEMENT,,FR,0,0,0,0,0,0,0,,,,,,,
All,Snap,2025-07-01/2025-12-31,KEYWORD_CYBER_STALKING,,FR,0,0,0,0,0,0,0,,,,,,,
All,Snap,2025-07-01/2025-12-31,KEYWORD_NON_CONSENSUAL_IMAGE_SHARING,,FR,1,3,0,25,118,0,223,,,,,,,
All,Snap,2025-07-01/2025-12-31,KEYWORD_NON_CONSENSUAL_MATERIAL_DEEPFAKE,,FR,0,0,0,0,0,0,0,,,,,,,
All,Snap,2025-07-01/2025-12-31,KEYWORD_OTHER,"Text to detail the ""Other"" keyword.",FR,0,0,0,0,0,0,0,,,,,,,
All,Snap,2025-07-01/2025-12-31,STATEMENT_CATEGORY_CYBER_VIOLENCE_AGAINST_WOMEN,,FR,0,0,0,0,0,0,0,,,,,,,
All,Snap,2025-07-01/2025-12-31,KEYWORD_BULLYING_AGAINST_GIRLS,,FR,0,0,0,0,0,0,0,,,,,,,
All,Snap,2025-07-01/2025-12-31,KEYWORD_CYBER_HARASSMENT_AGAINST_WOMEN,,FR,0,0,0,0,0,0,0,,,,,,,
All,Snap,2025-07-01/2025-12-31,KEYWORD_CYBER_STALKING_AGAINST_WOMEN,,FR,0,0,0,0,0,0,0,,,,,,,
All,Snap,2025-07-01/2025-12-31,KEYWORD_FEMALE_GENDERED_DISINFORMATION,,FR,0,0,0,0,0,0,0,,,,,,,
All,Snap,2025-07-01/2025-12-31,KEYWORD_INCITEMENT_AGAINST_WOMEN,,FR,0,0,0,0,0,0,0,,,,,,,
All,Snap,2025-07-01/2025-12-31,KEYWORD_NON_CONSENSUAL_IMAGE_SHARING_AGAINST_WOMEN,,FR,0,0,0,0,0,0,0,,,,,,,
All,Snap,2025-07-01/2025-12-31,KEYWORD_NON_CONSENSUAL_MATERIAL_DEEPFAKE_AGAINST_WOMEN,,FR,0,0,0,0,0,0,0,,,,,,,
All,Snap,2025-07-01/2025-12-31,KEYWORD_OTHER,"Text to detail the ""Other"" keyword.",FR,0,0,0,0,0,0,0,,,,,,,
All,Snap,2025-07-01/2025-12-31,STATEMENT_CATEGORY_DATA_PROTECTION_AND_PRIVACY_VIOLATIONS,,FR,0,0,0,0,15,0,152,,,,,,,
All,Snap,2025-07-01/2025-12-31,KEYWORD_BIOMETRIC_DATA_BREACH,,FR,0,0,0,0,0,0,0,,,,,,,
All,Snap,2025-07-01/2025-12-31,KEYWORD_DATA_FALSIFICATION,,FR,0,0,0,0,0,0,0,,,,,,,
All,Snap,2025-07-01/2025-12-31,KEYWORD_MISSING_PROCESSING_GROUND,,FR,0,0,0,0,0,0,0,,,,,,,
All,Snap,2025-07-01/2025-12-31,KEYWORD_RIGHT_TO_BE_FORGOTTEN,,FR,0,0,0,0,0,0,0,,,,,,,
All,Snap,2025-07-01/2025-12-31,KEYWORD_OTHER,Hacking & Cyber Crime,FR,0,0,0,0,15,0,152,,,,,,,
All,Snap,2025-07-01/2025-12-31,STATEMENT_CATEGORY_ILLEGAL_OR_HARMFUL_SPEECH,,FR,0,0,0,0,0,0,0,,,,,,,
All,Snap,2025-07-01/2025-12-31,KEYWORD_DEFAMATION,,FR,0,0,0,0,0,0,0,,,,,,,
All,Snap,2025-07-01/2025-12-31,KEYWORD_DISCRIMINATION,,FR,0,0,0,0,0,0,0,,,,,,,
All,Snap,2025-07-01/2025-12-31,KEYWORD_HATE_SPEECH,,FR,0,0,0,0,0,0,0,,,,,,,
All,Snap,2025-07-01/2025-12-31,KEYWORD_OTHER,"Text to detail the ""Other"" keyword.",FR,0,0,0,0,0,0,0,,,,,,,
All,Snap,2025-07-01/2025-12-31,STATEMENT_CATEGORY_INTELLECTUAL_PROPERTY_INFRINGEMENTS,,FR,0,0,0,0,0,0,0,,,,,,,
All,Snap,2025-07-01/2025-12-31,KEYWORD_COPYRIGHT_INFRINGEMENT,,FR,0,0,0,0,0,0,0,,,,,,,
All,Snap,2025-07-01/2025-12-31,KEYWORD_DESIGN_INFRINGEMENT,,FR,0,0,0,0,0,0,0,,,,,,,
All,Snap,2025-07-01/2025-12-31,KEYWORD_GEOGRAPHIC_INDICATIONS_INFRINGEMENT,,FR,0,0,0,0,0,0,0,,,,,,,
All,Snap,2025-07-01/2025-12-31,KEYWORD_PATENT_INFRINGEMENT,,FR,0,0,0,0,0,0,0,,,,,,,
All,Snap,2025-07-01/2025-12-31,KEYWORD_TRADE_SECRET_INFRINGEMENT,,FR,0,0,0,0,0,0,0,,,,,,,
All,Snap,2025-07-01/2025-12-31,KEYWORD_TRADEMARK_INFRINGEMENT,,FR,0,0,0,0,0,0,0,,,,,,,
All,Snap,2025-07-01/2025-12-31,KEYWORD_OTHER,"Text to detail the ""Other"" keyword.",FR,0,0,0,0,0,0,0,,,,,,,
All,Snap,2025-07-01/2025-12-31,STATEMENT_CATEGORY_NEGATIVE_EFFECTS_ON_CIVIC_DISCOURSE_OR_ELECTIONS,,FR,0,0,0,0,1,0,126,,,,,,,
All,Snap,2025-07-01/2025-12-31,KEYWORD_MISINFORMATION_DISINFORMATION,,FR,0,0,0,0,0,0,0,,,,,,,
All,Snap,2025-07-01/2025-12-31,KEYWORD_VIOLATION_EU_LAW,,FR,0,0,0,0,0,0,0,,,,,,,
All,Snap,2025-07-01/2025-12-31,KEYWORD_VIOLATION_NATIONAL_LAW,,FR,0,0,0,0,0,0,0,,,,,,,
All,Snap,2025-07-01/2025-12-31,KEYWORD_OTHER,Evidence Tampering & Obstruction,FR,0,0,0,0,1,0,126,,,,,,,
All,Snap,2025-07-01/2025-12-31,STATEMENT_CATEGORY_PROTECTION_OF_MINORS,,FR,0,0,0,0,864,0,224,,,,,,,
All,Snap,2025-07-01/2025-12-31,KEYWORD_AGE_SPECIFIC_RESTRICTIONS_MINORS,,FR,0,0,0,0,0,0,0,,,,,,,
All,Snap,2025-07-01/2025-12-31,KEYWORD_CHILD_SEXUAL_ABUSE_MATERIAL,,FR,0,0,0,0,108,0,225,,,,,,,
All,Snap,2025-07-01/2025-12-31,KEYWORD_CHILD_SEXUAL_ABUSE_MATERIAL_DEEPFAKE,,FR,0,0,0,0,0,0,0,,,,,,,
All,Snap,2025-07-01/2025-12-31,KEYWORD_GROOMING_SEXUAL_ENTICEMENT_MINORS,,FR,0,0,0,0,756,0,223,,,,,,,
All,Snap,2025-07-01/2025-12-31,KEYWORD_UNSAFE_CHALLENGES,,FR,0,0,0,0,0,0,0,,,,,,,
All,Snap,2025-07-01/2025-12-31,KEYWORD_OTHER,"Text to detail the ""Other"" keyword.",FR,0,0,0,0,0,0,0,,,,,,,
All,Snap,2025-07-01/2025-12-31,STATEMENT_CATEGORY_RISK_FOR_PUBLIC_SECURITY,,FR,0,0,0,0,425,0,170,,,,,,,
All,Snap,2025-07-01/2025-12-31,KEYWORD_ILLEGAL_ORGANIZATIONS,,FR,0,0,0,0,206,0,177,,,,,,,
All,Snap,2025-07-01/2025-12-31,KEYWORD_RISK_ENVIRONMENTAL_DAMAGE,,FR,0,0,0,0,0,0,0,,,,,,,
All,Snap,2025-07-01/2025-12-31,KEYWORD_RISK_PUBLIC_HEALTH,,FR,0,0,0,0,0,0,0,,,,,,,
All,Snap,2025-07-01/2025-12-31,KEYWORD_TERRORIST_CONTENT,,FR,0,0,0,0,34,0,315,,,,,,,
All,Snap,2025-07-01/2025-12-31,KEYWORD_OTHER,Persons at large,FR,0,0,0,0,171,0,148,,,,,,,
All,Snap,2025-07-01/2025-12-31,KEYWORD_OTHER,Arson,FR,0,0,0,0,6,0,360,,,,,,,
All,Snap,2025-07-01/2025-12-31,KEYWORD_OTHER,Other Illegal Activities,FR,0,0,0,0,8,0,61,,,,,,,
All,Snap,2025-07-01/2025-12-31,STATEMENT_CATEGORY_SCAMS_AND_FRAUD,,FR,0,0,0,0,528,0,199,,,,,,,
All,Snap,2025-07-01/2025-12-31,KEYWORD_IMPERSONATION_ACCOUNT_HIJACKING,,FR,0,0,0,0,18,0,190,,,,,,,
All,Snap,2025-07-01/2025-12-31,KEYWORD_INAUTHENTIC_ACCOUNTS,,FR,0,0,0,0,0,0,0,,,,,,,
All,Snap,2025-07-01/2025-12-31,KEYWORD_INAUTHENTIC_LISTINGS,,FR,0,0,0,0,0,0,0,,,,,,,
All,Snap,2025-07-01/2025-12-31,KEYWORD_INAUTHENTIC_USER_REVIEWS,,FR,0,0,0,0,0,0,0,,,,,,,
All,Snap,2025-07-01/2025-12-31,KEYWORD_PHISHING,,FR,0,0,0,0,0,0,0,,,,,,,
All,Snap,2025-07-01/2025-12-31,KEYWORD_PYRAMID_SCHEMES,,FR,0,0,0,0,0,0,0,,,,,,,
All,Snap,2025-07-01/2025-12-31,KEYWORD_OTHER,Fraud,FR,0,0,0,0,510,0,200,,,,,,,
All,Snap,2025-07-01/2025-12-31,STATEMENT_CATEGORY_SELF_HARM,,FR,0,0,0,0,8,0,102,,,,,,,
All,Snap,2025-07-01/2025-12-31,KEYWORD_CONTENT_PROMOTING_EATING_DISORDERS,,FR,0,0,0,0,0,0,0,,,,,,,
All,Snap,2025-07-01/2025-12-31,KEYWORD_SELF_MUTILATION,,FR,0,0,0,0,0,0,0,,,,,,,
All,Snap,2025-07-01/2025-12-31,KEYWORD_SUICIDE,,FR,0,0,0,0,0,0,0,,,,,,,
All,Snap,2025-07-01/2025-12-31,KEYWORD_OTHER,Self-harm & Suicide,FR,0,0,0,0,8,0,102,,,,,,,
All,Snap,2025-07-01/2025-12-31,STATEMENT_CATEGORY_UNSAFE_AND_PROHIBITED_PRODUCTS,,FR,1,1,0,4,"1,339",0,312,,,,,,,
All,Snap,2025-07-01/2025-12-31,KEYWORD_PROHIBITED_PRODUCTS,,FR,1,1,0,4,"1,339",0,312,,,,,,,
All,Snap,2025-07-01/2025-12-31,KEYWORD_UNSAFE_PRODUCTS,,FR,0,0,0,0,0,0,0,,,,,,,
All,Snap,2025-07-01/2025-12-31,KEYWORD_OTHER,"Text to detail the ""Other"" keyword.",FR,0,0,0,0,0,0,0,,,,,,,
All,Snap,2025-07-01/2025-12-31,STATEMENT_CATEGORY_VIOLENCE,,FR,0,0,0,0,"2,097",0,193,,,,,,,
All,Snap,2025-07-01/2025-12-31,KEYWORD_COORDINATED_HARM,,FR,0,0,0,0,0,0,0,,,,,,,
All,Snap,2025-07-01/2025-12-31,KEYWORD_INCITEMENT_VIOLENCE_HATRED,,FR,0,0,0,0,0,0,0,,,,,,,
All,Snap,2025-07-01/2025-12-31,KEYWORD_HUMAN_EXPLOITATION,,FR,0,0,0,0,59,0,174,,,,,,,
All,Snap,2025-07-01/2025-12-31,KEYWORD_HUMAN_TRAFFICKING,,FR,0,0,0,0,16,0,173,,,,,,,
All,Snap,2025-07-01/2025-12-31,KEYWORD_TRAFFICKING_WOMEN_GIRLS,,FR,0,0,0,0,0,0,0,,,,,,,
All,Snap,2025-07-01/2025-12-31,KEYWORD_OTHER,Threats & Violence,FR,0,0,0,0,"2,022",0,193,,,,,,,
All,Snap,2025-07-01/2025-12-31,STATEMENT_CATEGORY_NOT_SPECIFIED_ORDER,,FR,0,0,0,0,375,0,239,,,,,,,
All,Snap,2025-07-01/2025-12-31,TOTAL,,HR,0,0,0,0,27,0,399,,,,,,,
All,Snap,2025-07-01/2025-12-31,STATEMENT_CATEGORY_ANIMAL_WELFARE,,HR,0,0,0,0,0,0,0,,,,,,,
All,Snap,2025-07-01/2025-12-31,KEYWORD_ANIMAL_HARM,,HR,0,0,0,0,0,0,0,,,,,,,
All,Snap,2025-07-01/2025-12-31,KEYWORD_UNLAWFUL_SALE_ANIMALS,,HR,0,0,0,0,0,0,0,,,,,,,
All,Snap,2025-07-01/2025-12-31,KEYWORD_OTHER,Animal Exploitation,HR,0,0,0,0,0,0,0,,,,,,,
All,Snap,2025-07-01/2025-12-31,STATEMENT_CATEGORY_CONSUMER_INFORMATION,,HR,0,0,0,0,0,0,0,,,,,,,
All,Snap,2025-07-01/2025-12-31,KEYWORD_HIDDEN_ADVERTISEMENT,,HR,0,0,0,0,0,0,0,,,,,,,
All,Snap,2025-07-01/2025-12-31,KEYWORD_INSUFFICIENT_INFORMATION_ON_TRADERS,,HR,0,0,0,0,0,0,0,,,,,,,
All,Snap,2025-07-01/2025-12-31,KEYWORD_MISLEADING_INFO_GOODS_SERVICES,,HR,0,0,0,0,0,0,0,,,,,,,
All,Snap,2025-07-01/2025-12-31,KEYWORD_MISLEADING_INFO_CONSUMER_RIGHTS,,HR,0,0,0,0,0,0,0,,,,,,,
All,Snap,2025-07-01/2025-12-31,KEYWORD_NONCOMPLIANCE_PRICING,,HR,0,0,0,0,0,0,0,,,,,,,
All,Snap,2025-07-01/2025-12-31,KEYWORD_OTHER,"Text to detail the ""Other"" keyword.",HR,0,0,0,0,0,0,0,,,,,,,
All,Snap,2025-07-01/2025-12-31,STATEMENT_CATEGORY_CYBER_VIOLENCE,,HR,0,0,0,0,1,0,319,,,,,,,
All,Snap,2025-07-01/2025-12-31,KEYWORD_CYBER_BULLYING_INTIMIDATION,,HR,0,0,0,0,0,0,0,,,,,,,
All,Snap,2025-07-01/2025-12-31,KEYWORD_CYBER_HARASSMENT,,HR,0,0,0,0,1,0,319,,,,,,,
All,Snap,2025-07-01/2025-12-31,KEYWORD_CYBER_INCITEMENT,,HR,0,0,0,0,0,0,0,,,,,,,
All,Snap,2025-07-01/2025-12-31,KEYWORD_CYBER_STALKING,,HR,0,0,0,0,0,0,0,,,,,,,
All,Snap,2025-07-01/2025-12-31,KEYWORD_NON_CONSENSUAL_IMAGE_SHARING,,HR,0,0,0,0,0,0,0,,,,,,,
All,Snap,2025-07-01/2025-12-31,KEYWORD_NON_CONSENSUAL_MATERIAL_DEEPFAKE,,HR,0,0,0,0,0,0,0,,,,,,,
All,Snap,2025-07-01/2025-12-31,KEYWORD_OTHER,"Text to detail the ""Other"" keyword.",HR,0,0,0,0,0,0,0,,,,,,,
All,Snap,2025-07-01/2025-12-31,STATEMENT_CATEGORY_CYBER_VIOLENCE_AGAINST_WOMEN,,HR,0,0,0,0,0,0,0,,,,,,,
All,Snap,2025-07-01/2025-12-31,KEYWORD_BULLYING_AGAINST_GIRLS,,HR,0,0,0,0,0,0,0,,,,,,,
All,Snap,2025-07-01/2025-12-31,KEYWORD_CYBER_HARASSMENT_AGAINST_WOMEN,,HR,0,0,0,0,0,0,0,,,,,,,
All,Snap,2025-07-01/2025-12-31,KEYWORD_CYBER_STALKING_AGAINST_WOMEN,,HR,0,0,0,0,0,0,0,,,,,,,
All,Snap,2025-07-01/2025-12-31,KEYWORD_FEMALE_GENDERED_DISINFORMATION,,HR,0,0,0,0,0,0,0,,,,,,,
All,Snap,2025-07-01/2025-12-31,KEYWORD_INCITEMENT_AGAINST_WOMEN,,HR,0,0,0,0,0,0,0,,,,,,,
All,Snap,2025-07-01/2025-12-31,KEYWORD_NON_CONSENSUAL_IMAGE_SHARING_AGAINST_WOMEN,,HR,0,0,0,0,0,0,0,,,,,,,
All,Snap,2025-07-01/2025-12-31,KEYWORD_NON_CONSENSUAL_MATERIAL_DEEPFAKE_AGAINST_WOMEN,,HR,0,0,0,0,0,0,0,,,,,,,
All,Snap,2025-07-01/2025-12-31,KEYWORD_OTHER,"Text to detail the ""Other"" keyword.",HR,0,0,0,0,0,0,0,,,,,,,
All,Snap,2025-07-01/2025-12-31,STATEMENT_CATEGORY_DATA_PROTECTION_AND_PRIVACY_VIOLATIONS,,HR,0,0,0,0,0,0,0,,,,,,,
All,Snap,2025-07-01/2025-12-31,KEYWORD_BIOMETRIC_DATA_BREACH,,HR,0,0,0,0,0,0,0,,,,,,,
All,Snap,2025-07-01/2025-12-31,KEYWORD_DATA_FALSIFICATION,,HR,0,0,0,0,0,0,0,,,,,,,
All,Snap,2025-07-01/2025-12-31,KEYWORD_MISSING_PROCESSING_GROUND,,HR,0,0,0,0,0,0,0,,,,,,,
All,Snap,2025-07-01/2025-12-31,KEYWORD_RIGHT_TO_BE_FORGOTTEN,,HR,0,0,0,0,0,0,0,,,,,,,
All,Snap,2025-07-01/2025-12-31,KEYWORD_OTHER,Hacking & Cyber Crime,HR,0,0,0,0,0,0,0,,,,,,,
All,Snap,2025-07-01/2025-12-31,STATEMENT_CATEGORY_ILLEGAL_OR_HARMFUL_SPEECH,,HR,0,0,0,0,0,0,0,,,,,,,
All,Snap,2025-07-01/2025-12-31,KEYWORD_DEFAMATION,,HR,0,0,0,0,0,0,0,,,,,,,
All,Snap,2025-07-01/2025-12-31,KEYWORD_DISCRIMINATION,,HR,0,0,0,0,0,0,0,,,,,,,
All,Snap,2025-07-01/2025-12-31,KEYWORD_HATE_SPEECH,,HR,0,0,0,0,0,0,0,,,,,,,
All,Snap,2025-07-01/2025-12-31,KEYWORD_OTHER,"Text to detail the ""Other"" keyword.",HR,0,0,0,0,0,0,0,,,,,,,
All,Snap,2025-07-01/2025-12-31,STATEMENT_CATEGORY_INTELLECTUAL_PROPERTY_INFRINGEMENTS,,HR,0,0,0,0,0,0,0,,,,,,,
All,Snap,2025-07-01/2025-12-31,KEYWORD_COPYRIGHT_INFRINGEMENT,,HR,0,0,0,0,0,0,0,,,,,,,
All,Snap,2025-07-01/2025-12-31,KEYWORD_DESIGN_INFRINGEMENT,,HR,0,0,0,0,0,0,0,,,,,,,
All,Snap,2025-07-01/2025-12-31,KEYWORD_GEOGRAPHIC_INDICATIONS_INFRINGEMENT,,HR,0,0,0,0,0,0,0,,,,,,,
All,Snap,2025-07-01/2025-12-31,KEYWORD_PATENT_INFRINGEMENT,,HR,0,0,0,0,0,0,0,,,,,,,
All,Snap,2025-07-01/2025-12-31,KEYWORD_TRADE_SECRET_INFRINGEMENT,,HR,0,0,0,0,0,0,0,,,,,,,
All,Snap,2025-07-01/2025-12-31,KEYWORD_TRADEMARK_INFRINGEMENT,,HR,0,0,0,0,0,0,0,,,,,,,
All,Snap,2025-07-01/2025-12-31,KEYWORD_OTHER,"Text to detail the ""Other"" keyword.",HR,0,0,0,0,0,0,0,,,,,,,
All,Snap,2025-07-01/2025-12-31,STATEMENT_CATEGORY_NEGATIVE_EFFECTS_ON_CIVIC_DISCOURSE_OR_ELECTIONS,,HR,0,0,0,0,0,0,0,,,,,,,
All,Snap,2025-07-01/2025-12-31,KEYWORD_MISINFORMATION_DISINFORMATION,,HR,0,0,0,0,0,0,0,,,,,,,
All,Snap,2025-07-01/2025-12-31,KEYWORD_VIOLATION_EU_LAW,,HR,0,0,0,0,0,0,0,,,,,,,
All,Snap,2025-07-01/2025-12-31,KEYWORD_VIOLATION_NATIONAL_LAW,,HR,0,0,0,0,0,0,0,,,,,,,
All,Snap,2025-07-01/2025-12-31,KEYWORD_OTHER,Evidence Tampering & Obstruction,HR,0,0,0,0,0,0,0,,,,,,,
All,Snap,2025-07-01/2025-12-31,STATEMENT_CATEGORY_PROTECTION_OF_MINORS,,HR,0,0,0,0,24,0,415,,,,,,,
All,Snap,2025-07-01/2025-12-31,KEYWORD_AGE_SPECIFIC_RESTRICTIONS_MINORS,,HR,0,0,0,0,0,0,0,,,,,,,
All,Snap,2025-07-01/2025-12-31,KEYWORD_CHILD_SEXUAL_ABUSE_MATERIAL,,HR,0,0,0,0,0,0,0,,,,,,,
All,Snap,2025-07-01/2025-12-31,KEYWORD_CHILD_SEXUAL_ABUSE_MATERIAL_DEEPFAKE,,HR,0,0,0,0,0,0,0,,,,,,,
All,Snap,2025-07-01/2025-12-31,KEYWORD_GROOMING_SEXUAL_ENTICEMENT_MINORS,,HR,0,0,0,0,24,0,415,,,,,,,
All,Snap,2025-07-01/2025-12-31,KEYWORD_UNSAFE_CHALLENGES,,HR,0,0,0,0,0,0,0,,,,,,,
All,Snap,2025-07-01/2025-12-31,KEYWORD_OTHER,"Text to detail the ""Other"" keyword.",HR,0,0,0,0,0,0,0,,,,,,,
All,Snap,2025-07-01/2025-12-31,STATEMENT_CATEGORY_RISK_FOR_PUBLIC_SECURITY,,HR,0,0,0,0,1,0,311,,,,,,,
All,Snap,2025-07-01/2025-12-31,KEYWORD_ILLEGAL_ORGANIZATIONS,,HR,0,0,0,0,0,0,0,,,,,,,
All,Snap,2025-07-01/2025-12-31,KEYWORD_RISK_ENVIRONMENTAL_DAMAGE,,HR,0,0,0,0,0,0,0,,,,,,,
All,Snap,2025-07-01/2025-12-31,KEYWORD_RISK_PUBLIC_HEALTH,,HR,0,0,0,0,0,0,0,,,,,,,
All,Snap,2025-07-01/2025-12-31,KEYWORD_TERRORIST_CONTENT,,HR,0,0,0,0,0,0,0,,,,,,,
All,Snap,2025-07-01/2025-12-31,KEYWORD_OTHER,Persons at large,HR,0,0,0,0,0,0,0,,,,,,,
All,Snap,2025-07-01/2025-12-31,KEYWORD_OTHER,Arson,HR,0,0,0,0,1,0,311,,,,,,,
All,Snap,2025-07-01/2025-12-31,KEYWORD_OTHER,Other Illegal Activities,HR,0,0,0,0,0,0,0,,,,,,,
All,Snap,2025-07-01/2025-12-31,STATEMENT_CATEGORY_SCAMS_AND_FRAUD,,HR,0,0,0,0,1,0,437,,,,,,,
All,Snap,2025-07-01/2025-12-31,KEYWORD_IMPERSONATION_ACCOUNT_HIJACKING,,HR,0,0,0,0,0,0,0,,,,,,,
All,Snap,2025-07-01/2025-12-31,KEYWORD_INAUTHENTIC_ACCOUNTS,,HR,0,0,0,0,0,0,0,,,,,,,
All,Snap,2025-07-01/2025-12-31,KEYWORD_INAUTHENTIC_LISTINGS,,HR,0,0,0,0,0,0,0,,,,,,,
All,Snap,2025-07-01/2025-12-31,KEYWORD_INAUTHENTIC_USER_REVIEWS,,HR,0,0,0,0,0,0,0,,,,,,,
All,Snap,2025-07-01/2025-12-31,KEYWORD_PHISHING,,HR,0,0,0,0,0,0,0,,,,,,,
All,Snap,2025-07-01/2025-12-31,KEYWORD_PYRAMID_SCHEMES,,HR,0,0,0,0,0,0,0,,,,,,,
All,Snap,2025-07-01/2025-12-31,KEYWORD_OTHER,Fraud,HR,0,0,0,0,1,0,437,,,,,,,
All,Snap,2025-07-01/2025-12-31,STATEMENT_CATEGORY_SELF_HARM,,HR,0,0,0,0,0,0,0,,,,,,,
All,Snap,2025-07-01/2025-12-31,KEYWORD_CONTENT_PROMOTING_EATING_DISORDERS,,HR,0,0,0,0,0,0,0,,,,,,,
All,Snap,2025-07-01/2025-12-31,KEYWORD_SELF_MUTILATION,,HR,0,0,0,0,0,0,0,,,,,,,
All,Snap,2025-07-01/2025-12-31,KEYWORD_SUICIDE,,HR,0,0,0,0,0,0,0,,,,,,,
All,Snap,2025-07-01/2025-12-31,KEYWORD_OTHER,Self-harm & Suicide,HR,0,0,0,0,0,0,0,,,,,,,
All,Snap,2025-07-01/2025-12-31,STATEMENT_CATEGORY_UNSAFE_AND_PROHIBITED_PRODUCTS,,HR,0,0,0,0,0,0,0,,,,,,,
All,Snap,2025-07-01/2025-12-31,KEYWORD_PROHIBITED_PRODUCTS,,HR,0,0,0,0,0,0,0,,,,,,,
All,Snap,2025-07-01/2025-12-31,KEYWORD_UNSAFE_PRODUCTS,,HR,0,0,0,0,0,0,0,,,,,,,
All,Snap,2025-07-01/2025-12-31,KEYWORD_OTHER,"Text to detail the ""Other"" keyword.",HR,0,0,0,0,0,0,0,,,,,,,
All,Snap,2025-07-01/2025-12-31,STATEMENT_CATEGORY_VIOLENCE,,HR,0,0,0,0,0,0,0,,,,,,,
All,Snap,2025-07-01/2025-12-31,KEYWORD_COORDINATED_HARM,,HR,0,0,0,0,0,0,0,,,,,,,
All,Snap,2025-07-01/2025-12-31,KEYWORD_INCITEMENT_VIOLENCE_HATRED,,HR,0,0,0,0,0,0,0,,,,,,,
All,Snap,2025-07-01/2025-12-31,KEYWORD_HUMAN_EXPLOITATION,,HR,0,0,0,0,0,0,0,,,,,,,
All,Snap,2025-07-01/2025-12-31,KEYWORD_HUMAN_TRAFFICKING,,HR,0,0,0,0,0,0,0,,,,,,,
All,Snap,2025-07-01/2025-12-31,KEYWORD_TRAFFICKING_WOMEN_GIRLS,,HR,0,0,0,0,0,0,0,,,,,,,
All,Snap,2025-07-01/2025-12-31,KEYWORD_OTHER,Threats & Violence,HR,0,0,0,0,0,0,0,,,,,,,
All,Snap,2025-07-01/2025-12-31,STATEMENT_CATEGORY_NOT_SPECIFIED_ORDER,,HR,0,0,0,0,0,0,0,,,,,,,
All,Snap,2025-07-01/2025-12-31,TOTAL,,HU,0,0,0,0,24,0,471,,,,,,,
All,Snap,2025-07-01/2025-12-31,STATEMENT_CATEGORY_ANIMAL_WELFARE,,HU,0,0,0,0,0,0,0,,,,,,,
All,Snap,2025-07-01/2025-12-31,KEYWORD_ANIMAL_HARM,,HU,0,0,0,0,0,0,0,,,,,,,
All,Snap,2025-07-01/2025-12-31,KEYWORD_UNLAWFUL_SALE_ANIMALS,,HU,0,0,0,0,0,0,0,,,,,,,
All,Snap,2025-07-01/2025-12-31,KEYWORD_OTHER,Animal Exploitation,HU,0,0,0,0,0,0,0,,,,,,,
All,Snap,2025-07-01/2025-12-31,STATEMENT_CATEGORY_CONSUMER_INFORMATION,,HU,0,0,0,0,0,0,0,,,,,,,
All,Snap,2025-07-01/2025-12-31,KEYWORD_HIDDEN_ADVERTISEMENT,,HU,0,0,0,0,0,0,0,,,,,,,
All,Snap,2025-07-01/2025-12-31,KEYWORD_INSUFFICIENT_INFORMATION_ON_TRADERS,,HU,0,0,0,0,0,0,0,,,,,,,
All,Snap,2025-07-01/2025-12-31,KEYWORD_MISLEADING_INFO_GOODS_SERVICES,,HU,0,0,0,0,0,0,0,,,,,,,
All,Snap,2025-07-01/2025-12-31,KEYWORD_MISLEADING_INFO_CONSUMER_RIGHTS,,HU,0,0,0,0,0,0,0,,,,,,,
All,Snap,2025-07-01/2025-12-31,KEYWORD_NONCOMPLIANCE_PRICING,,HU,0,0,0,0,0,0,0,,,,,,,
All,Snap,2025-07-01/2025-12-31,KEYWORD_OTHER,"Text to detail the ""Other"" keyword.",HU,0,0,0,0,0,0,0,,,,,,,
All,Snap,2025-07-01/2025-12-31,STATEMENT_CATEGORY_CYBER_VIOLENCE,,HU,0,0,0,0,2,0,465,,,,,,,
All,Snap,2025-07-01/2025-12-31,KEYWORD_CYBER_BULLYING_INTIMIDATION,,HU,0,0,0,0,0,0,0,,,,,,,
All,Snap,2025-07-01/2025-12-31,KEYWORD_CYBER_HARASSMENT,,HU,0,0,0,0,0,0,0,,,,,,,
All,Snap,2025-07-01/2025-12-31,KEYWORD_CYBER_INCITEMENT,,HU,0,0,0,0,0,0,0,,,,,,,
All,Snap,2025-07-01/2025-12-31,KEYWORD_CYBER_STALKING,,HU,0,0,0,0,0,0,0,,,,,,,
All,Snap,2025-07-01/2025-12-31,KEYWORD_NON_CONSENSUAL_IMAGE_SHARING,,HU,0,0,0,0,2,0,465,,,,,,,
All,Snap,2025-07-01/2025-12-31,KEYWORD_NON_CONSENSUAL_MATERIAL_DEEPFAKE,,HU,0,0,0,0,0,0,0,,,,,,,
All,Snap,2025-07-01/2025-12-31,KEYWORD_OTHER,"Text to detail the ""Other"" keyword.",HU,0,0,0,0,0,0,0,,,,,,,
All,Snap,2025-07-01/2025-12-31,STATEMENT_CATEGORY_CYBER_VIOLENCE_AGAINST_WOMEN,,HU,0,0,0,0,0,0,0,,,,,,,
All,Snap,2025-07-01/2025-12-31,KEYWORD_BULLYING_AGAINST_GIRLS,,HU,0,0,0,0,0,0,0,,,,,,,
All,Snap,2025-07-01/2025-12-31,KEYWORD_CYBER_HARASSMENT_AGAINST_WOMEN,,HU,0,0,0,0,0,0,0,,,,,,,
All,Snap,2025-07-01/2025-12-31,KEYWORD_CYBER_STALKING_AGAINST_WOMEN,,HU,0,0,0,0,0,0,0,,,,,,,
All,Snap,2025-07-01/2025-12-31,KEYWORD_FEMALE_GENDERED_DISINFORMATION,,HU,0,0,0,0,0,0,0,,,,,,,
All,Snap,2025-07-01/2025-12-31,KEYWORD_INCITEMENT_AGAINST_WOMEN,,HU,0,0,0,0,0,0,0,,,,,,,
All,Snap,2025-07-01/2025-12-31,KEYWORD_NON_CONSENSUAL_IMAGE_SHARING_AGAINST_WOMEN,,HU,0,0,0,0,0,0,0,,,,,,,
All,Snap,2025-07-01/2025-12-31,KEYWORD_NON_CONSENSUAL_MATERIAL_DEEPFAKE_AGAINST_WOMEN,,HU,0,0,0,0,0,0,0,,,,,,,
All,Snap,2025-07-01/2025-12-31,KEYWORD_OTHER,"Text to detail the ""Other"" keyword.",HU,0,0,0,0,0,0,0,,,,,,,
All,Snap,2025-07-01/2025-12-31,STATEMENT_CATEGORY_DATA_PROTECTION_AND_PRIVACY_VIOLATIONS,,HU,0,0,0,0,3,0,471,,,,,,,
All,Snap,2025-07-01/2025-12-31,KEYWORD_BIOMETRIC_DATA_BREACH,,HU,0,0,0,0,0,0,0,,,,,,,
All,Snap,2025-07-01/2025-12-31,KEYWORD_DATA_FALSIFICATION,,HU,0,0,0,0,0,0,0,,,,,,,
All,Snap,2025-07-01/2025-12-31,KEYWORD_MISSING_PROCESSING_GROUND,,HU,0,0,0,0,0,0,0,,,,,,,
All,Snap,2025-07-01/2025-12-31,KEYWORD_RIGHT_TO_BE_FORGOTTEN,,HU,0,0,0,0,0,0,0,,,,,,,
All,Snap,2025-07-01/2025-12-31,KEYWORD_OTHER,Hacking & Cyber Crime,HU,0,0,0,0,3,0,471,,,,,,,
All,Snap,2025-07-01/2025-12-31,STATEMENT_CATEGORY_ILLEGAL_OR_HARMFUL_SPEECH,,HU,0,0,0,0,0,0,0,,,,,,,
All,Snap,2025-07-01/2025-12-31,KEYWORD_DEFAMATION,,HU,0,0,0,0,0,0,0,,,,,,,
All,Snap,2025-07-01/2025-12-31,KEYWORD_DISCRIMINATION,,HU,0,0,0,0,0,0,0,,,,,,,
All,Snap,2025-07-01/2025-12-31,KEYWORD_HATE_SPEECH,,HU,0,0,0,0,0,0,0,,,,,,,
All,Snap,2025-07-01/2025-12-31,KEYWORD_OTHER,"Text to detail the ""Other"" keyword.",HU,0,0,0,0,0,0,0,,,,,,,
All,Snap,2025-07-01/2025-12-31,STATEMENT_CATEGORY_INTELLECTUAL_PROPERTY_INFRINGEMENTS,,HU,0,0,0,0,0,0,0,,,,,,,
All,Snap,2025-07-01/2025-12-31,KEYWORD_COPYRIGHT_INFRINGEMENT,,HU,0,0,0,0,0,0,0,,,,,,,
All,Snap,2025-07-01/2025-12-31,KEYWORD_DESIGN_INFRINGEMENT,,HU,0,0,0,0,0,0,0,,,,,,,
All,Snap,2025-07-01/2025-12-31,KEYWORD_GEOGRAPHIC_INDICATIONS_INFRINGEMENT,,HU,0,0,0,0,0,0,0,,,,,,,
All,Snap,2025-07-01/2025-12-31,KEYWORD_PATENT_INFRINGEMENT,,HU,0,0,0,0,0,0,0,,,,,,,
All,Snap,2025-07-01/2025-12-31,KEYWORD_TRADE_SECRET_INFRINGEMENT,,HU,0,0,0,0,0,0,0,,,,,,,
All,Snap,2025-07-01/2025-12-31,KEYWORD_TRADEMARK_INFRINGEMENT,,HU,0,0,0,0,0,0,0,,,,,,,
All,Snap,2025-07-01/2025-12-31,KEYWORD_OTHER,"Text to detail the ""Other"" keyword.",HU,0,0,0,0,0,0,0,,,,,,,
All,Snap,2025-07-01/2025-12-31,STATEMENT_CATEGORY_NEGATIVE_EFFECTS_ON_CIVIC_DISCOURSE_OR_ELECTIONS,,HU,0,0,0,0,0,0,0,,,,,,,
All,Snap,2025-07-01/2025-12-31,KEYWORD_MISINFORMATION_DISINFORMATION,,HU,0,0,0,0,0,0,0,,,,,,,
All,Snap,2025-07-01/2025-12-31,KEYWORD_VIOLATION_EU_LAW,,HU,0,0,0,0,0,0,0,,,,,,,
All,Snap,2025-07-01/2025-12-31,KEYWORD_VIOLATION_NATIONAL_LAW,,HU,0,0,0,0,0,0,0,,,,,,,
All,Snap,2025-07-01/2025-12-31,KEYWORD_OTHER,Evidence Tampering & Obstruction,HU,0,0,0,0,0,0,0,,,,,,,
All,Snap,2025-07-01/2025-12-31,STATEMENT_CATEGORY_PROTECTION_OF_MINORS,,HU,0,0,0,0,19,0,436,,,,,,,
All,Snap,2025-07-01/2025-12-31,KEYWORD_AGE_SPECIFIC_RESTRICTIONS_MINORS,,HU,0,0,0,0,0,0,0,,,,,,,
All,Snap,2025-07-01/2025-12-31,KEYWORD_CHILD_SEXUAL_ABUSE_MATERIAL,,HU,0,0,0,0,12,0,436,,,,,,,
All,Snap,2025-07-01/2025-12-31,KEYWORD_CHILD_SEXUAL_ABUSE_MATERIAL_DEEPFAKE,,HU,0,0,0,0,0,0,0,,,,,,,
All,Snap,2025-07-01/2025-12-31,KEYWORD_GROOMING_SEXUAL_ENTICEMENT_MINORS,,HU,0,0,0,0,7,0,473,,,,,,,
All,Snap,2025-07-01/2025-12-31,KEYWORD_UNSAFE_CHALLENGES,,HU,0,0,0,0,0,0,0,,,,,,,
All,Snap,2025-07-01/2025-12-31,KEYWORD_OTHER,"Text to detail the ""Other"" keyword.",HU,0,0,0,0,0,0,0,,,,,,,
All,Snap,2025-07-01/2025-12-31,STATEMENT_CATEGORY_RISK_FOR_PUBLIC_SECURITY,,HU,0,0,0,0,0,0,0,,,,,,,
All,Snap,2025-07-01/2025-12-31,KEYWORD_ILLEGAL_ORGANIZATIONS,,HU,0,0,0,0,0,0,0,,,,,,,
All,Snap,2025-07-01/2025-12-31,KEYWORD_RISK_ENVIRONMENTAL_DAMAGE,,HU,0,0,0,0,0,0,0,,,,,,,
All,Snap,2025-07-01/2025-12-31,KEYWORD_RISK_PUBLIC_HEALTH,,HU,0,0,0,0,0,0,0,,,,,,,
All,Snap,2025-07-01/2025-12-31,KEYWORD_TERRORIST_CONTENT,,HU,0,0,0,0,0,0,0,,,,,,,
All,Snap,2025-07-01/2025-12-31,KEYWORD_OTHER,Persons at large,HU,0,0,0,0,0,0,0,,,,,,,
All,Snap,2025-07-01/2025-12-31,KEYWORD_OTHER,Arson,HU,0,0,0,0,0,0,0,,,,,,,
All,Snap,2025-07-01/2025-12-31,KEYWORD_OTHER,Other Illegal Activities,HU,0,0,0,0,0,0,0,,,,,,,
All,Snap,2025-07-01/2025-12-31,STATEMENT_CATEGORY_SCAMS_AND_FRAUD,,HU,0,0,0,0,0,0,0,,,,,,,
All,Snap,2025-07-01/2025-12-31,KEYWORD_IMPERSONATION_ACCOUNT_HIJACKING,,HU,0,0,0,0,0,0,0,,,,,,,
All,Snap,2025-07-01/2025-12-31,KEYWORD_INAUTHENTIC_ACCOUNTS,,HU,0,0,0,0,0,0,0,,,,,,,
All,Snap,2025-07-01/2025-12-31,KEYWORD_INAUTHENTIC_LISTINGS,,HU,0,0,0,0,0,0,0,,,,,,,
All,Snap,2025-07-01/2025-12-31,KEYWORD_INAUTHENTIC_USER_REVIEWS,,HU,0,0,0,0,0,0,0,,,,,,,
All,Snap,2025-07-01/2025-12-31,KEYWORD_PHISHING,,HU,0,0,0,0,0,0,0,,,,,,,
All,Snap,2025-07-01/2025-12-31,KEYWORD_PYRAMID_SCHEMES,,HU,0,0,0,0,0,0,0,,,,,,,
All,Snap,2025-07-01/2025-12-31,KEYWORD_OTHER,Fraud,HU,0,0,0,0,0,0,0,,,,,,,
All,Snap,2025-07-01/2025-12-31,STATEMENT_CATEGORY_SELF_HARM,,HU,0,0,0,0,0,0,0,,,,,,,
All,Snap,2025-07-01/2025-12-31,KEYWORD_CONTENT_PROMOTING_EATING_DISORDERS,,HU,0,0,0,0,0,0,0,,,,,,,
All,Snap,2025-07-01/2025-12-31,KEYWORD_SELF_MUTILATION,,HU,0,0,0,0,0,0,0,,,,,,,
All,Snap,2025-07-01/2025-12-31,KEYWORD_SUICIDE,,HU,0,0,0,0,0,0,0,,,,,,,
All,Snap,2025-07-01/2025-12-31,KEYWORD_OTHER,Self-harm & Suicide,HU,0,0,0,0,0,0,0,,,,,,,
All,Snap,2025-07-01/2025-12-31,STATEMENT_CATEGORY_UNSAFE_AND_PROHIBITED_PRODUCTS,,HU,0,0,0,0,0,0,0,,,,,,,
All,Snap,2025-07-01/2025-12-31,KEYWORD_PROHIBITED_PRODUCTS,,HU,0,0,0,0,0,0,0,,,,,,,
All,Snap,2025-07-01/2025-12-31,KEYWORD_UNSAFE_PRODUCTS,,HU,0,0,0,0,0,0,0,,,,,,,
All,Snap,2025-07-01/2025-12-31,KEYWORD_OTHER,"Text to detail the ""Other"" keyword.",HU,0,0,0,0,0,0,0,,,,,,,
All,Snap,2025-07-01/2025-12-31,STATEMENT_CATEGORY_VIOLENCE,,HU,0,0,0,0,0,0,0,,,,,,,
All,Snap,2025-07-01/2025-12-31,KEYWORD_COORDINATED_HARM,,HU,0,0,0,0,0,0,0,,,,,,,
All,Snap,2025-07-01/2025-12-31,KEYWORD_INCITEMENT_VIOLENCE_HATRED,,HU,0,0,0,0,0,0,0,,,,,,,
All,Snap,2025-07-01/2025-12-31,KEYWORD_HUMAN_EXPLOITATION,,HU,0,0,0,0,0,0,0,,,,,,,
All,Snap,2025-07-01/2025-12-31,KEYWORD_HUMAN_TRAFFICKING,,HU,0,0,0,0,0,0,0,,,,,,,
All,Snap,2025-07-01/2025-12-31,KEYWORD_TRAFFICKING_WOMEN_GIRLS,,HU,0,0,0,0,0,0,0,,,,,,,
All,Snap,2025-07-01/2025-12-31,KEYWORD_OTHER,Threats & Violence,HU,0,0,0,0,0,0,0,,,,,,,
All,Snap,2025-07-01/2025-12-31,STATEMENT_CATEGORY_NOT_SPECIFIED_ORDER,,HU,0,0,0,0,0,0,0,,,,,,,
All,Snap,2025-07-01/2025-12-31,TOTAL,,IE,0,0,0,0,34,0,471,,,,,,,
All,Snap,2025-07-01/2025-12-31,STATEMENT_CATEGORY_ANIMAL_WELFARE,,IE,0,0,0,0,0,0,0,,,,,,,
All,Snap,2025-07-01/2025-12-31,KEYWORD_ANIMAL_HARM,,IE,0,0,0,0,0,0,0,,,,,,,
All,Snap,2025-07-01/2025-12-31,KEYWORD_UNLAWFUL_SALE_ANIMALS,,IE,0,0,0,0,0,0,0,,,,,,,
All,Snap,2025-07-01/2025-12-31,KEYWORD_OTHER,Animal Exploitation,IE,0,0,0,0,0,0,0,,,,,,,
All,Snap,2025-07-01/2025-12-31,STATEMENT_CATEGORY_CONSUMER_INFORMATION,,IE,0,0,0,0,0,0,0,,,,,,,
All,Snap,2025-07-01/2025-12-31,KEYWORD_HIDDEN_ADVERTISEMENT,,IE,0,0,0,0,0,0,0,,,,,,,
All,Snap,2025-07-01/2025-12-31,KEYWORD_INSUFFICIENT_INFORMATION_ON_TRADERS,,IE,0,0,0,0,0,0,0,,,,,,,
All,Snap,2025-07-01/2025-12-31,KEYWORD_MISLEADING_INFO_GOODS_SERVICES,,IE,0,0,0,0,0,0,0,,,,,,,
All,Snap,2025-07-01/2025-12-31,KEYWORD_MISLEADING_INFO_CONSUMER_RIGHTS,,IE,0,0,0,0,0,0,0,,,,,,,
All,Snap,2025-07-01/2025-12-31,KEYWORD_NONCOMPLIANCE_PRICING,,IE,0,0,0,0,0,0,0,,,,,,,
All,Snap,2025-07-01/2025-12-31,KEYWORD_OTHER,"Text to detail the ""Other"" keyword.",IE,0,0,0,0,0,0,0,,,,,,,
All,Snap,2025-07-01/2025-12-31,STATEMENT_CATEGORY_CYBER_VIOLENCE,,IE,0,0,0,0,3,0,444,,,,,,,
All,Snap,2025-07-01/2025-12-31,KEYWORD_CYBER_BULLYING_INTIMIDATION,,IE,0,0,0,0,0,0,0,,,,,,,
All,Snap,2025-07-01/2025-12-31,KEYWORD_CYBER_HARASSMENT,,IE,0,0,0,0,1,0,444,,,,,,,
All,Snap,2025-07-01/2025-12-31,KEYWORD_CYBER_INCITEMENT,,IE,0,0,0,0,0,0,0,,,,,,,
All,Snap,2025-07-01/2025-12-31,KEYWORD_CYBER_STALKING,,IE,0,0,0,0,0,0,0,,,,,,,
All,Snap,2025-07-01/2025-12-31,KEYWORD_NON_CONSENSUAL_IMAGE_SHARING,,IE,0,0,0,0,2,0,395,,,,,,,
All,Snap,2025-07-01/2025-12-31,KEYWORD_NON_CONSENSUAL_MATERIAL_DEEPFAKE,,IE,0,0,0,0,0,0,0,,,,,,,
All,Snap,2025-07-01/2025-12-31,KEYWORD_OTHER,"Text to detail the ""Other"" keyword.",IE,0,0,0,0,0,0,0,,,,,,,
All,Snap,2025-07-01/2025-12-31,STATEMENT_CATEGORY_CYBER_VIOLENCE_AGAINST_WOMEN,,IE,0,0,0,0,0,0,0,,,,,,,
All,Snap,2025-07-01/2025-12-31,KEYWORD_BULLYING_AGAINST_GIRLS,,IE,0,0,0,0,0,0,0,,,,,,,
All,Snap,2025-07-01/2025-12-31,KEYWORD_CYBER_HARASSMENT_AGAINST_WOMEN,,IE,0,0,0,0,0,0,0,,,,,,,
All,Snap,2025-07-01/2025-12-31,KEYWORD_CYBER_STALKING_AGAINST_WOMEN,,IE,0,0,0,0,0,0,0,,,,,,,
All,Snap,2025-07-01/2025-12-31,KEYWORD_FEMALE_GENDERED_DISINFORMATION,,IE,0,0,0,0,0,0,0,,,,,,,
All,Snap,2025-07-01/2025-12-31,KEYWORD_INCITEMENT_AGAINST_WOMEN,,IE,0,0,0,0,0,0,0,,,,,,,
All,Snap,2025-07-01/2025-12-31,KEYWORD_NON_CONSENSUAL_IMAGE_SHARING_AGAINST_WOMEN,,IE,0,0,0,0,0,0,0,,,,,,,
All,Snap,2025-07-01/2025-12-31,KEYWORD_NON_CONSENSUAL_MATERIAL_DEEPFAKE_AGAINST_WOMEN,,IE,0,0,0,0,0,0,0,,,,,,,
All,Snap,2025-07-01/2025-12-31,KEYWORD_OTHER,"Text to detail the ""Other"" keyword.",IE,0,0,0,0,0,0,0,,,,,,,
All,Snap,2025-07-01/2025-12-31,STATEMENT_CATEGORY_DATA_PROTECTION_AND_PRIVACY_VIOLATIONS,,IE,0,0,0,0,0,0,0,,,,,,,
All,Snap,2025-07-01/2025-12-31,KEYWORD_BIOMETRIC_DATA_BREACH,,IE,0,0,0,0,0,0,0,,,,,,,
All,Snap,2025-07-01/2025-12-31,KEYWORD_DATA_FALSIFICATION,,IE,0,0,0,0,0,0,0,,,,,,,
All,Snap,2025-07-01/2025-12-31,KEYWORD_MISSING_PROCESSING_GROUND,,IE,0,0,0,0,0,0,0,,,,,,,
All,Snap,2025-07-01/2025-12-31,KEYWORD_RIGHT_TO_BE_FORGOTTEN,,IE,0,0,0,0,0,0,0,,,,,,,
All,Snap,2025-07-01/2025-12-31,KEYWORD_OTHER,Hacking & Cyber Crime,IE,0,0,0,0,0,0,0,,,,,,,
All,Snap,2025-07-01/2025-12-31,STATEMENT_CATEGORY_ILLEGAL_OR_HARMFUL_SPEECH,,IE,0,0,0,0,0,0,0,,,,,,,
All,Snap,2025-07-01/2025-12-31,KEYWORD_DEFAMATION,,IE,0,0,0,0,0,0,0,,,,,,,
All,Snap,2025-07-01/2025-12-31,KEYWORD_DISCRIMINATION,,IE,0,0,0,0,0,0,0,,,,,,,
All,Snap,2025-07-01/2025-12-31,KEYWORD_HATE_SPEECH,,IE,0,0,0,0,0,0,0,,,,,,,
All,Snap,2025-07-01/2025-12-31,KEYWORD_OTHER,"Text to detail the ""Other"" keyword.",IE,0,0,0,0,0,0,0,,,,,,,
All,Snap,2025-07-01/2025-12-31,STATEMENT_CATEGORY_INTELLECTUAL_PROPERTY_INFRINGEMENTS,,IE,0,0,0,0,0,0,0,,,,,,,
All,Snap,2025-07-01/2025-12-31,KEYWORD_COPYRIGHT_INFRINGEMENT,,IE,0,0,0,0,0,0,0,,,,,,,
All,Snap,2025-07-01/2025-12-31,KEYWORD_DESIGN_INFRINGEMENT,,IE,0,0,0,0,0,0,0,,,,,,,
All,Snap,2025-07-01/2025-12-31,KEYWORD_GEOGRAPHIC_INDICATIONS_INFRINGEMENT,,IE,0,0,0,0,0,0,0,,,,,,,
All,Snap,2025-07-01/2025-12-31,KEYWORD_PATENT_INFRINGEMENT,,IE,0,0,0,0,0,0,0,,,,,,,
All,Snap,2025-07-01/2025-12-31,KEYWORD_TRADE_SECRET_INFRINGEMENT,,IE,0,0,0,0,0,0,0,,,,,,,
All,Snap,2025-07-01/2025-12-31,KEYWORD_TRADEMARK_INFRINGEMENT,,IE,0,0,0,0,0,0,0,,,,,,,
All,Snap,2025-07-01/2025-12-31,KEYWORD_OTHER,"Text to detail the ""Other"" keyword.",IE,0,0,0,0,0,0,0,,,,,,,
All,Snap,2025-07-01/2025-12-31,STATEMENT_CATEGORY_NEGATIVE_EFFECTS_ON_CIVIC_DISCOURSE_OR_ELECTIONS,,IE,0,0,0,0,0,0,0,,,,,,,
All,Snap,2025-07-01/2025-12-31,KEYWORD_MISINFORMATION_DISINFORMATION,,IE,0,0,0,0,0,0,0,,,,,,,
All,Snap,2025-07-01/2025-12-31,KEYWORD_VIOLATION_EU_LAW,,IE,0,0,0,0,0,0,0,,,,,,,
All,Snap,2025-07-01/2025-12-31,KEYWORD_VIOLATION_NATIONAL_LAW,,IE,0,0,0,0,0,0,0,,,,,,,
All,Snap,2025-07-01/2025-12-31,KEYWORD_OTHER,Evidence Tampering & Obstruction,IE,0,0,0,0,0,0,0,,,,,,,
All,Snap,2025-07-01/2025-12-31,STATEMENT_CATEGORY_PROTECTION_OF_MINORS,,IE,0,0,0,0,9,0,513,,,,,,,
All,Snap,2025-07-01/2025-12-31,KEYWORD_AGE_SPECIFIC_RESTRICTIONS_MINORS,,IE,0,0,0,0,0,0,0,,,,,,,
All,Snap,2025-07-01/2025-12-31,KEYWORD_CHILD_SEXUAL_ABUSE_MATERIAL,,IE,0,0,0,0,4,0,342,,,,,,,
All,Snap,2025-07-01/2025-12-31,KEYWORD_CHILD_SEXUAL_ABUSE_MATERIAL_DEEPFAKE,,IE,0,0,0,0,0,0,0,,,,,,,
All,Snap,2025-07-01/2025-12-31,KEYWORD_GROOMING_SEXUAL_ENTICEMENT_MINORS,,IE,0,0,0,0,5,0,558,,,,,,,
All,Snap,2025-07-01/2025-12-31,KEYWORD_UNSAFE_CHALLENGES,,IE,0,0,0,0,0,0,0,,,,,,,
All,Snap,2025-07-01/2025-12-31,KEYWORD_OTHER,"Text to detail the ""Other"" keyword.",IE,0,0,0,0,0,0,0,,,,,,,
All,Snap,2025-07-01/2025-12-31,STATEMENT_CATEGORY_RISK_FOR_PUBLIC_SECURITY,,IE,0,0,0,0,1,0,774,,,,,,,
All,Snap,2025-07-01/2025-12-31,KEYWORD_ILLEGAL_ORGANIZATIONS,,IE,0,0,0,0,0,0,0,,,,,,,
All,Snap,2025-07-01/2025-12-31,KEYWORD_RISK_ENVIRONMENTAL_DAMAGE,,IE,0,0,0,0,0,0,0,,,,,,,
All,Snap,2025-07-01/2025-12-31,KEYWORD_RISK_PUBLIC_HEALTH,,IE,0,0,0,0,0,0,0,,,,,,,
All,Snap,2025-07-01/2025-12-31,KEYWORD_TERRORIST_CONTENT,,IE,0,0,0,0,0,0,0,,,,,,,
All,Snap,2025-07-01/2025-12-31,KEYWORD_OTHER,Persons at large,IE,0,0,0,0,0,0,0,,,,,,,
All,Snap,2025-07-01/2025-12-31,KEYWORD_OTHER,Arson,IE,0,0,0,0,0,0,0,,,,,,,
All,Snap,2025-07-01/2025-12-31,KEYWORD_OTHER,Other Illegal Activities,IE,0,0,0,0,1,0,774,,,,,,,
All,Snap,2025-07-01/2025-12-31,STATEMENT_CATEGORY_SCAMS_AND_FRAUD,,IE,0,0,0,0,5,0,348,,,,,,,
All,Snap,2025-07-01/2025-12-31,KEYWORD_IMPERSONATION_ACCOUNT_HIJACKING,,IE,0,0,0,0,0,0,0,,,,,,,
All,Snap,2025-07-01/2025-12-31,KEYWORD_INAUTHENTIC_ACCOUNTS,,IE,0,0,0,0,0,0,0,,,,,,,
All,Snap,2025-07-01/2025-12-31,KEYWORD_INAUTHENTIC_LISTINGS,,IE,0,0,0,0,0,0,0,,,,,,,
All,Snap,2025-07-01/2025-12-31,KEYWORD_INAUTHENTIC_USER_REVIEWS,,IE,0,0,0,0,0,0,0,,,,,,,
All,Snap,2025-07-01/2025-12-31,KEYWORD_PHISHING,,IE,0,0,0,0,0,0,0,,,,,,,
All,Snap,2025-07-01/2025-12-31,KEYWORD_PYRAMID_SCHEMES,,IE,0,0,0,0,0,0,0,,,,,,,
All,Snap,2025-07-01/2025-12-31,KEYWORD_OTHER,Fraud,IE,0,0,0,0,5,0,348,,,,,,,
All,Snap,2025-07-01/2025-12-31,STATEMENT_CATEGORY_SELF_HARM,,IE,0,0,0,0,0,0,0,,,,,,,
All,Snap,2025-07-01/2025-12-31,KEYWORD_CONTENT_PROMOTING_EATING_DISORDERS,,IE,0,0,0,0,0,0,0,,,,,,,
All,Snap,2025-07-01/2025-12-31,KEYWORD_SELF_MUTILATION,,IE,0,0,0,0,0,0,0,,,,,,,
All,Snap,2025-07-01/2025-12-31,KEYWORD_SUICIDE,,IE,0,0,0,0,0,0,0,,,,,,,
All,Snap,2025-07-01/2025-12-31,KEYWORD_OTHER,Self-harm & Suicide,IE,0,0,0,0,0,0,0,,,,,,,
All,Snap,2025-07-01/2025-12-31,STATEMENT_CATEGORY_UNSAFE_AND_PROHIBITED_PRODUCTS,,IE,0,0,0,0,2,0,497,,,,,,,
All,Snap,2025-07-01/2025-12-31,KEYWORD_PROHIBITED_PRODUCTS,,IE,0,0,0,0,2,0,497,,,,,,,
All,Snap,2025-07-01/2025-12-31,KEYWORD_UNSAFE_PRODUCTS,,IE,0,0,0,0,0,0,0,,,,,,,
All,Snap,2025-07-01/2025-12-31,KEYWORD_OTHER,"Text to detail the ""Other"" keyword.",IE,0,0,0,0,0,0,0,,,,,,,
All,Snap,2025-07-01/2025-12-31,STATEMENT_CATEGORY_VIOLENCE,,IE,0,0,0,0,9,0,459,,,,,,,
All,Snap,2025-07-01/2025-12-31,KEYWORD_COORDINATED_HARM,,IE,0,0,0,0,0,0,0,,,,,,,
All,Snap,2025-07-01/2025-12-31,KEYWORD_INCITEMENT_VIOLENCE_HATRED,,IE,0,0,0,0,0,0,0,,,,,,,
All,Snap,2025-07-01/2025-12-31,KEYWORD_HUMAN_EXPLOITATION,,IE,0,0,0,0,4,0,459,,,,,,,
All,Snap,2025-07-01/2025-12-31,KEYWORD_HUMAN_TRAFFICKING,,IE,0,0,0,0,0,0,0,,,,,,,
All,Snap,2025-07-01/2025-12-31,KEYWORD_TRAFFICKING_WOMEN_GIRLS,,IE,0,0,0,0,0,0,0,,,,,,,
All,Snap,2025-07-01/2025-12-31,KEYWORD_OTHER,Threats & Violence,IE,0,0,0,0,5,0,551,,,,,,,
All,Snap,2025-07-01/2025-12-31,STATEMENT_CATEGORY_NOT_SPECIFIED_ORDER,,IE,0,0,0,0,5,0,489,,,,,,,
All,Snap,2025-07-01/2025-12-31,TOTAL,,IT,0,0,0,0,31,0,848,,,,,,,
All,Snap,2025-07-01/2025-12-31,STATEMENT_CATEGORY_ANIMAL_WELFARE,,IT,0,0,0,0,0,0,0,,,,,,,
All,Snap,2025-07-01/2025-12-31,KEYWORD_ANIMAL_HARM,,IT,0,0,0,0,0,0,0,,,,,,,
All,Snap,2025-07-01/2025-12-31,KEYWORD_UNLAWFUL_SALE_ANIMALS,,IT,0,0,0,0,0,0,0,,,,,,,
All,Snap,2025-07-01/2025-12-31,KEYWORD_OTHER,Animal Exploitation,IT,0,0,0,0,0,0,0,,,,,,,
All,Snap,2025-07-01/2025-12-31,STATEMENT_CATEGORY_CONSUMER_INFORMATION,,IT,0,0,0,0,0,0,0,,,,,,,
All,Snap,2025-07-01/2025-12-31,KEYWORD_HIDDEN_ADVERTISEMENT,,IT,0,0,0,0,0,0,0,,,,,,,
All,Snap,2025-07-01/2025-12-31,KEYWORD_INSUFFICIENT_INFORMATION_ON_TRADERS,,IT,0,0,0,0,0,0,0,,,,,,,
All,Snap,2025-07-01/2025-12-31,KEYWORD_MISLEADING_INFO_GOODS_SERVICES,,IT,0,0,0,0,0,0,0,,,,,,,
All,Snap,2025-07-01/2025-12-31,KEYWORD_MISLEADING_INFO_CONSUMER_RIGHTS,,IT,0,0,0,0,0,0,0,,,,,,,
All,Snap,2025-07-01/2025-12-31,KEYWORD_NONCOMPLIANCE_PRICING,,IT,0,0,0,0,0,0,0,,,,,,,
All,Snap,2025-07-01/2025-12-31,KEYWORD_OTHER,"Text to detail the ""Other"" keyword.",IT,0,0,0,0,0,0,0,,,,,,,
All,Snap,2025-07-01/2025-12-31,STATEMENT_CATEGORY_CYBER_VIOLENCE,,IT,0,0,0,0,0,0,0,,,,,,,
All,Snap,2025-07-01/2025-12-31,KEYWORD_CYBER_BULLYING_INTIMIDATION,,IT,0,0,0,0,0,0,0,,,,,,,
All,Snap,2025-07-01/2025-12-31,KEYWORD_CYBER_HARASSMENT,,IT,0,0,0,0,0,0,0,,,,,,,
All,Snap,2025-07-01/2025-12-31,KEYWORD_CYBER_INCITEMENT,,IT,0,0,0,0,0,0,0,,,,,,,
All,Snap,2025-07-01/2025-12-31,KEYWORD_CYBER_STALKING,,IT,0,0,0,0,0,0,0,,,,,,,
All,Snap,2025-07-01/2025-12-31,KEYWORD_NON_CONSENSUAL_IMAGE_SHARING,,IT,0,0,0,0,0,0,0,,,,,,,
All,Snap,2025-07-01/2025-12-31,KEYWORD_NON_CONSENSUAL_MATERIAL_DEEPFAKE,,IT,0,0,0,0,0,0,0,,,,,,,
All,Snap,2025-07-01/2025-12-31,KEYWORD_OTHER,"Text to detail the ""Other"" keyword.",IT,0,0,0,0,0,0,0,,,,,,,
All,Snap,2025-07-01/2025-12-31,STATEMENT_CATEGORY_CYBER_VIOLENCE_AGAINST_WOMEN,,IT,0,0,0,0,0,0,0,,,,,,,
All,Snap,2025-07-01/2025-12-31,KEYWORD_BULLYING_AGAINST_GIRLS,,IT,0,0,0,0,0,0,0,,,,,,,
All,Snap,2025-07-01/2025-12-31,KEYWORD_CYBER_HARASSMENT_AGAINST_WOMEN,,IT,0,0,0,0,0,0,0,,,,,,,
All,Snap,2025-07-01/2025-12-31,KEYWORD_CYBER_STALKING_AGAINST_WOMEN,,IT,0,0,0,0,0,0,0,,,,,,,
All,Snap,2025-07-01/2025-12-31,KEYWORD_FEMALE_GENDERED_DISINFORMATION,,IT,0,0,0,0,0,0,0,,,,,,,
All,Snap,2025-07-01/2025-12-31,KEYWORD_INCITEMENT_AGAINST_WOMEN,,IT,0,0,0,0,0,0,0,,,,,,,
All,Snap,2025-07-01/2025-12-31,KEYWORD_NON_CONSENSUAL_IMAGE_SHARING_AGAINST_WOMEN,,IT,0,0,0,0,0,0,0,,,,,,,
All,Snap,2025-07-01/2025-12-31,KEYWORD_NON_CONSENSUAL_MATERIAL_DEEPFAKE_AGAINST_WOMEN,,IT,0,0,0,0,0,0,0,,,,,,,
All,Snap,2025-07-01/2025-12-31,KEYWORD_OTHER,"Text to detail the ""Other"" keyword.",IT,0,0,0,0,0,0,0,,,,,,,
All,Snap,2025-07-01/2025-12-31,STATEMENT_CATEGORY_DATA_PROTECTION_AND_PRIVACY_VIOLATIONS,,IT,0,0,0,0,0,0,0,,,,,,,
All,Snap,2025-07-01/2025-12-31,KEYWORD_BIOMETRIC_DATA_BREACH,,IT,0,0,0,0,0,0,0,,,,,,,
All,Snap,2025-07-01/2025-12-31,KEYWORD_DATA_FALSIFICATION,,IT,0,0,0,0,0,0,0,,,,,,,
All,Snap,2025-07-01/2025-12-31,KEYWORD_MISSING_PROCESSING_GROUND,,IT,0,0,0,0,0,0,0,,,,,,,
All,Snap,2025-07-01/2025-12-31,KEYWORD_RIGHT_TO_BE_FORGOTTEN,,IT,0,0,0,0,0,0,0,,,,,,,
All,Snap,2025-07-01/2025-12-31,KEYWORD_OTHER,Hacking & Cyber Crime,IT,0,0,0,0,0,0,0,,,,,,,
All,Snap,2025-07-01/2025-12-31,STATEMENT_CATEGORY_ILLEGAL_OR_HARMFUL_SPEECH,,IT,0,0,0,0,0,0,0,,,,,,,
All,Snap,2025-07-01/2025-12-31,KEYWORD_DEFAMATION,,IT,0,0,0,0,0,0,0,,,,,,,
All,Snap,2025-07-01/2025-12-31,KEYWORD_DISCRIMINATION,,IT,0,0,0,0,0,0,0,,,,,,,
All,Snap,2025-07-01/2025-12-31,KEYWORD_HATE_SPEECH,,IT,0,0,0,0,0,0,0,,,,,,,
All,Snap,2025-07-01/2025-12-31,KEYWORD_OTHER,"Text to detail the ""Other"" keyword.",IT,0,0,0,0,0,0,0,,,,,,,
All,Snap,2025-07-01/2025-12-31,STATEMENT_CATEGORY_INTELLECTUAL_PROPERTY_INFRINGEMENTS,,IT,0,0,0,0,0,0,0,,,,,,,
All,Snap,2025-07-01/2025-12-31,KEYWORD_COPYRIGHT_INFRINGEMENT,,IT,0,0,0,0,0,0,0,,,,,,,
All,Snap,2025-07-01/2025-12-31,KEYWORD_DESIGN_INFRINGEMENT,,IT,0,0,0,0,0,0,0,,,,,,,
All,Snap,2025-07-01/2025-12-31,KEYWORD_GEOGRAPHIC_INDICATIONS_INFRINGEMENT,,IT,0,0,0,0,0,0,0,,,,,,,
All,Snap,2025-07-01/2025-12-31,KEYWORD_PATENT_INFRINGEMENT,,IT,0,0,0,0,0,0,0,,,,,,,
All,Snap,2025-07-01/2025-12-31,KEYWORD_TRADE_SECRET_INFRINGEMENT,,IT,0,0,0,0,0,0,0,,,,,,,
All,Snap,2025-07-01/2025-12-31,KEYWORD_TRADEMARK_INFRINGEMENT,,IT,0,0,0,0,0,0,0,,,,,,,
All,Snap,2025-07-01/2025-12-31,KEYWORD_OTHER,"Text to detail the ""Other"" keyword.",IT,0,0,0,0,0,0,0,,,,,,,
All,Snap,2025-07-01/2025-12-31,STATEMENT_CATEGORY_NEGATIVE_EFFECTS_ON_CIVIC_DISCOURSE_OR_ELECTIONS,,IT,0,0,0,0,0,0,0,,,,,,,
All,Snap,2025-07-01/2025-12-31,KEYWORD_MISINFORMATION_DISINFORMATION,,IT,0,0,0,0,0,0,0,,,,,,,
All,Snap,2025-07-01/2025-12-31,KEYWORD_VIOLATION_EU_LAW,,IT,0,0,0,0,0,0,0,,,,,,,
All,Snap,2025-07-01/2025-12-31,KEYWORD_VIOLATION_NATIONAL_LAW,,IT,0,0,0,0,0,0,0,,,,,,,
All,Snap,2025-07-01/2025-12-31,KEYWORD_OTHER,Evidence Tampering & Obstruction,IT,0,0,0,0,0,0,0,,,,,,,
All,Snap,2025-07-01/2025-12-31,STATEMENT_CATEGORY_PROTECTION_OF_MINORS,,IT,0,0,0,0,19,0,838,,,,,,,
All,Snap,2025-07-01/2025-12-31,KEYWORD_AGE_SPECIFIC_RESTRICTIONS_MINORS,,IT,0,0,0,0,0,0,0,,,,,,,
All,Snap,2025-07-01/2025-12-31,KEYWORD_CHILD_SEXUAL_ABUSE_MATERIAL,,IT,0,0,0,0,5,0,"1,025",,,,,,,
All,Snap,2025-07-01/2025-12-31,KEYWORD_CHILD_SEXUAL_ABUSE_MATERIAL_DEEPFAKE,,IT,0,0,0,0,0,0,0,,,,,,,
All,Snap,2025-07-01/2025-12-31,KEYWORD_GROOMING_SEXUAL_ENTICEMENT_MINORS,,IT,0,0,0,0,14,0,838,,,,,,,
All,Snap,2025-07-01/2025-12-31,KEYWORD_UNSAFE_CHALLENGES,,IT,0,0,0,0,0,0,0,,,,,,,
All,Snap,2025-07-01/2025-12-31,KEYWORD_OTHER,"Text to detail the ""Other"" keyword.",IT,0,0,0,0,0,0,0,,,,,,,
All,Snap,2025-07-01/2025-12-31,STATEMENT_CATEGORY_RISK_FOR_PUBLIC_SECURITY,,IT,0,0,0,0,0,0,0,,,,,,,
All,Snap,2025-07-01/2025-12-31,KEYWORD_ILLEGAL_ORGANIZATIONS,,IT,0,0,0,0,0,0,0,,,,,,,
All,Snap,2025-07-01/2025-12-31,KEYWORD_RISK_ENVIRONMENTAL_DAMAGE,,IT,0,0,0,0,0,0,0,,,,,,,
All,Snap,2025-07-01/2025-12-31,KEYWORD_RISK_PUBLIC_HEALTH,,IT,0,0,0,0,0,0,0,,,,,,,
All,Snap,2025-07-01/2025-12-31,KEYWORD_TERRORIST_CONTENT,,IT,0,0,0,0,0,0,0,,,,,,,
All,Snap,2025-07-01/2025-12-31,KEYWORD_OTHER,Persons at large,IT,0,0,0,0,0,0,0,,,,,,,
All,Snap,2025-07-01/2025-12-31,KEYWORD_OTHER,Arson,IT,0,0,0,0,0,0,0,,,,,,,
All,Snap,2025-07-01/2025-12-31,KEYWORD_OTHER,Other Illegal Activities,IT,0,0,0,0,0,0,0,,,,,,,
All,Snap,2025-07-01/2025-12-31,STATEMENT_CATEGORY_SCAMS_AND_FRAUD,,IT,0,0,0,0,0,0,0,,,,,,,
All,Snap,2025-07-01/2025-12-31,KEYWORD_IMPERSONATION_ACCOUNT_HIJACKING,,IT,0,0,0,0,0,0,0,,,,,,,
All,Snap,2025-07-01/2025-12-31,KEYWORD_INAUTHENTIC_ACCOUNTS,,IT,0,0,0,0,0,0,0,,,,,,,
All,Snap,2025-07-01/2025-12-31,KEYWORD_INAUTHENTIC_LISTINGS,,IT,0,0,0,0,0,0,0,,,,,,,
All,Snap,2025-07-01/2025-12-31,KEYWORD_INAUTHENTIC_USER_REVIEWS,,IT,0,0,0,0,0,0,0,,,,,,,
All,Snap,2025-07-01/2025-12-31,KEYWORD_PHISHING,,IT,0,0,0,0,0,0,0,,,,,,,
All,Snap,2025-07-01/2025-12-31,KEYWORD_PYRAMID_SCHEMES,,IT,0,0,0,0,0,0,0,,,,,,,
All,Snap,2025-07-01/2025-12-31,KEYWORD_OTHER,Fraud,IT,0,0,0,0,0,0,0,,,,,,,
All,Snap,2025-07-01/2025-12-31,STATEMENT_CATEGORY_SELF_HARM,,IT,0,0,0,0,0,0,0,,,,,,,
All,Snap,2025-07-01/2025-12-31,KEYWORD_CONTENT_PROMOTING_EATING_DISORDERS,,IT,0,0,0,0,0,0,0,,,,,,,
All,Snap,2025-07-01/2025-12-31,KEYWORD_SELF_MUTILATION,,IT,0,0,0,0,0,0,0,,,,,,,
All,Snap,2025-07-01/2025-12-31,KEYWORD_SUICIDE,,IT,0,0,0,0,0,0,0,,,,,,,
All,Snap,2025-07-01/2025-12-31,KEYWORD_OTHER,Self-harm & Suicide,IT,0,0,0,0,0,0,0,,,,,,,
All,Snap,2025-07-01/2025-12-31,STATEMENT_CATEGORY_UNSAFE_AND_PROHIBITED_PRODUCTS,,IT,0,0,0,0,0,0,0,,,,,,,
All,Snap,2025-07-01/2025-12-31,KEYWORD_PROHIBITED_PRODUCTS,,IT,0,0,0,0,0,0,0,,,,,,,
All,Snap,2025-07-01/2025-12-31,KEYWORD_UNSAFE_PRODUCTS,,IT,0,0,0,0,0,0,0,,,,,,,
All,Snap,2025-07-01/2025-12-31,KEYWORD_OTHER,"Text to detail the ""Other"" keyword.",IT,0,0,0,0,0,0,0,,,,,,,
All,Snap,2025-07-01/2025-12-31,STATEMENT_CATEGORY_VIOLENCE,,IT,0,0,0,0,,0,,,,,,,,
All,Snap,2025-07-01/2025-12-31,KEYWORD_COORDINATED_HARM,,IT,0,0,0,0,0,0,0,,,,,,,
All,Snap,2025-07-01/2025-12-31,KEYWORD_INCITEMENT_VIOLENCE_HATRED,,IT,0,0,0,0,0,0,0,,,,,,,
All,Snap,2025-07-01/2025-12-31,KEYWORD_HUMAN_EXPLOITATION,,IT,0,0,0,0,,0,,,,,,,,
All,Snap,2025-07-01/2025-12-31,KEYWORD_HUMAN_TRAFFICKING,,IT,0,0,0,0,0,0,0,,,,,,,
All,Snap,2025-07-01/2025-12-31,KEYWORD_TRAFFICKING_WOMEN_GIRLS,,IT,0,0,0,0,0,0,0,,,,,,,
All,Snap,2025-07-01/2025-12-31,KEYWORD_OTHER,Threats & Violence,IT,0,0,0,0,0,0,0,,,,,,,
All,Snap,2025-07-01/2025-12-31,STATEMENT_CATEGORY_NOT_SPECIFIED_ORDER,,IT,0,0,0,0,12,0,848,,,,,,,
All,Snap,2025-07-01/2025-12-31,TOTAL,,LT,0,0,0,0,5,0,465,,,,,,,
All,Snap,2025-07-01/2025-12-31,STATEMENT_CATEGORY_ANIMAL_WELFARE,,LT,0,0,0,0,0,0,0,,,,,,,
All,Snap,2025-07-01/2025-12-31,KEYWORD_ANIMAL_HARM,,LT,0,0,0,0,0,0,0,,,,,,,
All,Snap,2025-07-01/2025-12-31,KEYWORD_UNLAWFUL_SALE_ANIMALS,,LT,0,0,0,0,0,0,0,,,,,,,
All,Snap,2025-07-01/2025-12-31,KEYWORD_OTHER,Animal Exploitation,LT,0,0,0,0,0,0,0,,,,,,,
All,Snap,2025-07-01/2025-12-31,STATEMENT_CATEGORY_CONSUMER_INFORMATION,,LT,0,0,0,0,0,0,0,,,,,,,
All,Snap,2025-07-01/2025-12-31,KEYWORD_HIDDEN_ADVERTISEMENT,,LT,0,0,0,0,0,0,0,,,,,,,
All,Snap,2025-07-01/2025-12-31,KEYWORD_INSUFFICIENT_INFORMATION_ON_TRADERS,,LT,0,0,0,0,0,0,0,,,,,,,
All,Snap,2025-07-01/2025-12-31,KEYWORD_MISLEADING_INFO_GOODS_SERVICES,,LT,0,0,0,0,0,0,0,,,,,,,
All,Snap,2025-07-01/2025-12-31,KEYWORD_MISLEADING_INFO_CONSUMER_RIGHTS,,LT,0,0,0,0,0,0,0,,,,,,,
All,Snap,2025-07-01/2025-12-31,KEYWORD_NONCOMPLIANCE_PRICING,,LT,0,0,0,0,0,0,0,,,,,,,
All,Snap,2025-07-01/2025-12-31,KEYWORD_OTHER,"Text to detail the ""Other"" keyword.",LT,0,0,0,0,0,0,0,,,,,,,
All,Snap,2025-07-01/2025-12-31,STATEMENT_CATEGORY_CYBER_VIOLENCE,,LT,0,0,0,0,1,0,465,,,,,,,
All,Snap,2025-07-01/2025-12-31,KEYWORD_CYBER_BULLYING_INTIMIDATION,,LT,0,0,0,0,0,0,0,,,,,,,
All,Snap,2025-07-01/2025-12-31,KEYWORD_CYBER_HARASSMENT,,LT,0,0,0,0,0,0,0,,,,,,,
All,Snap,2025-07-01/2025-12-31,KEYWORD_CYBER_INCITEMENT,,LT,0,0,0,0,0,0,0,,,,,,,
All,Snap,2025-07-01/2025-12-31,KEYWORD_CYBER_STALKING,,LT,0,0,0,0,0,0,0,,,,,,,
All,Snap,2025-07-01/2025-12-31,KEYWORD_NON_CONSENSUAL_IMAGE_SHARING,,LT,0,0,0,0,1,0,465,,,,,,,
All,Snap,2025-07-01/2025-12-31,KEYWORD_NON_CONSENSUAL_MATERIAL_DEEPFAKE,,LT,0,0,0,0,0,0,0,,,,,,,
All,Snap,2025-07-01/2025-12-31,KEYWORD_OTHER,"Text to detail the ""Other"" keyword.",LT,0,0,0,0,0,0,0,,,,,,,
All,Snap,2025-07-01/2025-12-31,STATEMENT_CATEGORY_CYBER_VIOLENCE_AGAINST_WOMEN,,LT,0,0,0,0,0,0,0,,,,,,,
All,Snap,2025-07-01/2025-12-31,KEYWORD_BULLYING_AGAINST_GIRLS,,LT,0,0,0,0,0,0,0,,,,,,,
All,Snap,2025-07-01/2025-12-31,KEYWORD_CYBER_HARASSMENT_AGAINST_WOMEN,,LT,0,0,0,0,0,0,0,,,,,,,
All,Snap,2025-07-01/2025-12-31,KEYWORD_CYBER_STALKING_AGAINST_WOMEN,,LT,0,0,0,0,0,0,0,,,,,,,
All,Snap,2025-07-01/2025-12-31,KEYWORD_FEMALE_GENDERED_DISINFORMATION,,LT,0,0,0,0,0,0,0,,,,,,,
All,Snap,2025-07-01/2025-12-31,KEYWORD_INCITEMENT_AGAINST_WOMEN,,LT,0,0,0,0,0,0,0,,,,,,,
All,Snap,2025-07-01/2025-12-31,KEYWORD_NON_CONSENSUAL_IMAGE_SHARING_AGAINST_WOMEN,,LT,0,0,0,0,0,0,0,,,,,,,
All,Snap,2025-07-01/2025-12-31,KEYWORD_NON_CONSENSUAL_MATERIAL_DEEPFAKE_AGAINST_WOMEN,,LT,0,0,0,0,0,0,0,,,,,,,
All,Snap,2025-07-01/2025-12-31,KEYWORD_OTHER,"Text to detail the ""Other"" keyword.",LT,0,0,0,0,0,0,0,,,,,,,
All,Snap,2025-07-01/2025-12-31,STATEMENT_CATEGORY_DATA_PROTECTION_AND_PRIVACY_VIOLATIONS,,LT,0,0,0,0,0,0,0,,,,,,,
All,Snap,2025-07-01/2025-12-31,KEYWORD_BIOMETRIC_DATA_BREACH,,LT,0,0,0,0,0,0,0,,,,,,,
All,Snap,2025-07-01/2025-12-31,KEYWORD_DATA_FALSIFICATION,,LT,0,0,0,0,0,0,0,,,,,,,
All,Snap,2025-07-01/2025-12-31,KEYWORD_MISSING_PROCESSING_GROUND,,LT,0,0,0,0,0,0,0,,,,,,,
All,Snap,2025-07-01/2025-12-31,KEYWORD_RIGHT_TO_BE_FORGOTTEN,,LT,0,0,0,0,0,0,0,,,,,,,
All,Snap,2025-07-01/2025-12-31,KEYWORD_OTHER,Hacking & Cyber Crime,LT,0,0,0,0,0,0,0,,,,,,,
All,Snap,2025-07-01/2025-12-31,STATEMENT_CATEGORY_ILLEGAL_OR_HARMFUL_SPEECH,,LT,0,0,0,0,0,0,0,,,,,,,
All,Snap,2025-07-01/2025-12-31,KEYWORD_DEFAMATION,,LT,0,0,0,0,0,0,0,,,,,,,
All,Snap,2025-07-01/2025-12-31,KEYWORD_DISCRIMINATION,,LT,0,0,0,0,0,0,0,,,,,,,
All,Snap,2025-07-01/2025-12-31,KEYWORD_HATE_SPEECH,,LT,0,0,0,0,0,0,0,,,,,,,
All,Snap,2025-07-01/2025-12-31,KEYWORD_OTHER,"Text to detail the ""Other"" keyword.",LT,0,0,0,0,0,0,0,,,,,,,
All,Snap,2025-07-01/2025-12-31,STATEMENT_CATEGORY_INTELLECTUAL_PROPERTY_INFRINGEMENTS,,LT,0,0,0,0,0,0,0,,,,,,,
All,Snap,2025-07-01/2025-12-31,KEYWORD_COPYRIGHT_INFRINGEMENT,,LT,0,0,0,0,0,0,0,,,,,,,
All,Snap,2025-07-01/2025-12-31,KEYWORD_DESIGN_INFRINGEMENT,,LT,0,0,0,0,0,0,0,,,,,,,
All,Snap,2025-07-01/2025-12-31,KEYWORD_GEOGRAPHIC_INDICATIONS_INFRINGEMENT,,LT,0,0,0,0,0,0,0,,,,,,,
All,Snap,2025-07-01/2025-12-31,KEYWORD_PATENT_INFRINGEMENT,,LT,0,0,0,0,0,0,0,,,,,,,
All,Snap,2025-07-01/2025-12-31,KEYWORD_TRADE_SECRET_INFRINGEMENT,,LT,0,0,0,0,0,0,0,,,,,,,
All,Snap,2025-07-01/2025-12-31,KEYWORD_TRADEMARK_INFRINGEMENT,,LT,0,0,0,0,0,0,0,,,,,,,
All,Snap,2025-07-01/2025-12-31,KEYWORD_OTHER,"Text to detail the ""Other"" keyword.",LT,0,0,0,0,0,0,0,,,,,,,
All,Snap,2025-07-01/2025-12-31,STATEMENT_CATEGORY_NEGATIVE_EFFECTS_ON_CIVIC_DISCOURSE_OR_ELECTIONS,,LT,0,0,0,0,0,0,0,,,,,,,
All,Snap,2025-07-01/2025-12-31,KEYWORD_MISINFORMATION_DISINFORMATION,,LT,0,0,0,0,0,0,0,,,,,,,
All,Snap,2025-07-01/2025-12-31,KEYWORD_VIOLATION_EU_LAW,,LT,0,0,0,0,0,0,0,,,,,,,
All,Snap,2025-07-01/2025-12-31,KEYWORD_VIOLATION_NATIONAL_LAW,,LT,0,0,0,0,0,0,0,,,,,,,
All,Snap,2025-07-01/2025-12-31,KEYWORD_OTHER,Evidence Tampering & Obstruction,LT,0,0,0,0,0,0,0,,,,,,,
All,Snap,2025-07-01/2025-12-31,STATEMENT_CATEGORY_PROTECTION_OF_MINORS,,LT,0,0,0,0,3,0,542,,,,,,,
All,Snap,2025-07-01/2025-12-31,KEYWORD_AGE_SPECIFIC_RESTRICTIONS_MINORS,,LT,0,0,0,0,0,0,0,,,,,,,
All,Snap,2025-07-01/2025-12-31,KEYWORD_CHILD_SEXUAL_ABUSE_MATERIAL,,LT,0,0,0,0,1,0,343,,,,,,,
All,Snap,2025-07-01/2025-12-31,KEYWORD_CHILD_SEXUAL_ABUSE_MATERIAL_DEEPFAKE,,LT,0,0,0,0,0,0,0,,,,,,,
All,Snap,2025-07-01/2025-12-31,KEYWORD_GROOMING_SEXUAL_ENTICEMENT_MINORS,,LT,0,0,0,0,2,0,542,,,,,,,
All,Snap,2025-07-01/2025-12-31,KEYWORD_UNSAFE_CHALLENGES,,LT,0,0,0,0,0,0,0,,,,,,,
All,Snap,2025-07-01/2025-12-31,KEYWORD_OTHER,"Text to detail the ""Other"" keyword.",LT,0,0,0,0,0,0,0,,,,,,,
All,Snap,2025-07-01/2025-12-31,STATEMENT_CATEGORY_RISK_FOR_PUBLIC_SECURITY,,LT,0,0,0,0,0,0,0,,,,,,,
All,Snap,2025-07-01/2025-12-31,KEYWORD_ILLEGAL_ORGANIZATIONS,,LT,0,0,0,0,0,0,0,,,,,,,
All,Snap,2025-07-01/2025-12-31,KEYWORD_RISK_ENVIRONMENTAL_DAMAGE,,LT,0,0,0,0,0,0,0,,,,,,,
All,Snap,2025-07-01/2025-12-31,KEYWORD_RISK_PUBLIC_HEALTH,,LT,0,0,0,0,0,0,0,,,,,,,
All,Snap,2025-07-01/2025-12-31,KEYWORD_TERRORIST_CONTENT,,LT,0,0,0,0,0,0,0,,,,,,,
All,Snap,2025-07-01/2025-12-31,KEYWORD_OTHER,Persons at large,LT,0,0,0,0,0,0,0,,,,,,,
All,Snap,2025-07-01/2025-12-31,KEYWORD_OTHER,Arson,LT,0,0,0,0,0,0,0,,,,,,,
All,Snap,2025-07-01/2025-12-31,KEYWORD_OTHER,Other Illegal Activities,LT,0,0,0,0,0,0,0,,,,,,,
All,Snap,2025-07-01/2025-12-31,STATEMENT_CATEGORY_SCAMS_AND_FRAUD,,LT,0,0,0,0,0,0,0,,,,,,,
All,Snap,2025-07-01/2025-12-31,KEYWORD_IMPERSONATION_ACCOUNT_HIJACKING,,LT,0,0,0,0,0,0,0,,,,,,,
All,Snap,2025-07-01/2025-12-31,KEYWORD_INAUTHENTIC_ACCOUNTS,,LT,0,0,0,0,0,0,0,,,,,,,
All,Snap,2025-07-01/2025-12-31,KEYWORD_INAUTHENTIC_LISTINGS,,LT,0,0,0,0,0,0,0,,,,,,,
All,Snap,2025-07-01/2025-12-31,KEYWORD_INAUTHENTIC_USER_REVIEWS,,LT,0,0,0,0,0,0,0,,,,,,,
All,Snap,2025-07-01/2025-12-31,KEYWORD_PHISHING,,LT,0,0,0,0,0,0,0,,,,,,,
All,Snap,2025-07-01/2025-12-31,KEYWORD_PYRAMID_SCHEMES,,LT,0,0,0,0,0,0,0,,,,,,,
All,Snap,2025-07-01/2025-12-31,KEYWORD_OTHER,Fraud,LT,0,0,0,0,0,0,0,,,,,,,
All,Snap,2025-07-01/2025-12-31,STATEMENT_CATEGORY_SELF_HARM,,LT,0,0,0,0,0,0,0,,,,,,,
All,Snap,2025-07-01/2025-12-31,KEYWORD_CONTENT_PROMOTING_EATING_DISORDERS,,LT,0,0,0,0,0,0,0,,,,,,,
All,Snap,2025-07-01/2025-12-31,KEYWORD_SELF_MUTILATION,,LT,0,0,0,0,0,0,0,,,,,,,
All,Snap,2025-07-01/2025-12-31,KEYWORD_SUICIDE,,LT,0,0,0,0,0,0,0,,,,,,,
All,Snap,2025-07-01/2025-12-31,KEYWORD_OTHER,Self-harm & Suicide,LT,0,0,0,0,0,0,0,,,,,,,
All,Snap,2025-07-01/2025-12-31,STATEMENT_CATEGORY_UNSAFE_AND_PROHIBITED_PRODUCTS,,LT,0,0,0,0,0,0,0,,,,,,,
All,Snap,2025-07-01/2025-12-31,KEYWORD_PROHIBITED_PRODUCTS,,LT,0,0,0,0,0,0,0,,,,,,,
All,Snap,2025-07-01/2025-12-31,KEYWORD_UNSAFE_PRODUCTS,,LT,0,0,0,0,0,0,0,,,,,,,
All,Snap,2025-07-01/2025-12-31,KEYWORD_OTHER,"Text to detail the ""Other"" keyword.",LT,0,0,0,0,0,0,0,,,,,,,
All,Snap,2025-07-01/2025-12-31,STATEMENT_CATEGORY_VIOLENCE,,LT,0,0,0,0,1,0,114,,,,,,,
All,Snap,2025-07-01/2025-12-31,KEYWORD_COORDINATED_HARM,,LT,0,0,0,0,0,0,0,,,,,,,
All,Snap,2025-07-01/2025-12-31,KEYWORD_INCITEMENT_VIOLENCE_HATRED,,LT,0,0,0,0,0,0,0,,,,,,,
All,Snap,2025-07-01/2025-12-31,KEYWORD_HUMAN_EXPLOITATION,,LT,0,0,0,0,0,0,0,,,,,,,
All,Snap,2025-07-01/2025-12-31,KEYWORD_HUMAN_TRAFFICKING,,LT,0,0,0,0,0,0,0,,,,,,,
All,Snap,2025-07-01/2025-12-31,KEYWORD_TRAFFICKING_WOMEN_GIRLS,,LT,0,0,0,0,0,0,0,,,,,,,
All,Snap,2025-07-01/2025-12-31,KEYWORD_OTHER,Threats & Violence,LT,0,0,0,0,1,0,114,,,,,,,
All,Snap,2025-07-01/2025-12-31,STATEMENT_CATEGORY_NOT_SPECIFIED_ORDER,,LT,0,0,0,0,0,0,0,,,,,,,
All,Snap,2025-07-01/2025-12-31,TOTAL,,LU,0,0,0,0,3,0,506,,,,,,,
All,Snap,2025-07-01/2025-12-31,STATEMENT_CATEGORY_ANIMAL_WELFARE,,LU,0,0,0,0,0,0,0,,,,,,,
All,Snap,2025-07-01/2025-12-31,KEYWORD_ANIMAL_HARM,,LU,0,0,0,0,0,0,0,,,,,,,
All,Snap,2025-07-01/2025-12-31,KEYWORD_UNLAWFUL_SALE_ANIMALS,,LU,0,0,0,0,0,0,0,,,,,,,
All,Snap,2025-07-01/2025-12-31,KEYWORD_OTHER,Animal Exploitation,LU,0,0,0,0,0,0,0,,,,,,,
All,Snap,2025-07-01/2025-12-31,STATEMENT_CATEGORY_CONSUMER_INFORMATION,,LU,0,0,0,0,0,0,0,,,,,,,
All,Snap,2025-07-01/2025-12-31,KEYWORD_HIDDEN_ADVERTISEMENT,,LU,0,0,0,0,0,0,0,,,,,,,
All,Snap,2025-07-01/2025-12-31,KEYWORD_INSUFFICIENT_INFORMATION_ON_TRADERS,,LU,0,0,0,0,0,0,0,,,,,,,
All,Snap,2025-07-01/2025-12-31,KEYWORD_MISLEADING_INFO_GOODS_SERVICES,,LU,0,0,0,0,0,0,0,,,,,,,
All,Snap,2025-07-01/2025-12-31,KEYWORD_MISLEADING_INFO_CONSUMER_RIGHTS,,LU,0,0,0,0,0,0,0,,,,,,,
All,Snap,2025-07-01/2025-12-31,KEYWORD_NONCOMPLIANCE_PRICING,,LU,0,0,0,0,0,0,0,,,,,,,
All,Snap,2025-07-01/2025-12-31,KEYWORD_OTHER,"Text to detail the ""Other"" keyword.",LU,0,0,0,0,0,0,0,,,,,,,
All,Snap,2025-07-01/2025-12-31,STATEMENT_CATEGORY_CYBER_VIOLENCE,,LU,0,0,0,0,0,0,0,,,,,,,
All,Snap,2025-07-01/2025-12-31,KEYWORD_CYBER_BULLYING_INTIMIDATION,,LU,0,0,0,0,0,0,0,,,,,,,
All,Snap,2025-07-01/2025-12-31,KEYWORD_CYBER_HARASSMENT,,LU,0,0,0,0,0,0,0,,,,,,,
All,Snap,2025-07-01/2025-12-31,KEYWORD_CYBER_INCITEMENT,,LU,0,0,0,0,0,0,0,,,,,,,
All,Snap,2025-07-01/2025-12-31,KEYWORD_CYBER_STALKING,,LU,0,0,0,0,0,0,0,,,,,,,
All,Snap,2025-07-01/2025-12-31,KEYWORD_NON_CONSENSUAL_IMAGE_SHARING,,LU,0,0,0,0,0,0,0,,,,,,,
All,Snap,2025-07-01/2025-12-31,KEYWORD_NON_CONSENSUAL_MATERIAL_DEEPFAKE,,LU,0,0,0,0,0,0,0,,,,,,,
All,Snap,2025-07-01/2025-12-31,KEYWORD_OTHER,"Text to detail the ""Other"" keyword.",LU,0,0,0,0,0,0,0,,,,,,,
All,Snap,2025-07-01/2025-12-31,STATEMENT_CATEGORY_CYBER_VIOLENCE_AGAINST_WOMEN,,LU,0,0,0,0,0,0,0,,,,,,,
All,Snap,2025-07-01/2025-12-31,KEYWORD_BULLYING_AGAINST_GIRLS,,LU,0,0,0,0,0,0,0,,,,,,,
All,Snap,2025-07-01/2025-12-31,KEYWORD_CYBER_HARASSMENT_AGAINST_WOMEN,,LU,0,0,0,0,0,0,0,,,,,,,
All,Snap,2025-07-01/2025-12-31,KEYWORD_CYBER_STALKING_AGAINST_WOMEN,,LU,0,0,0,0,0,0,0,,,,,,,
All,Snap,2025-07-01/2025-12-31,KEYWORD_FEMALE_GENDERED_DISINFORMATION,,LU,0,0,0,0,0,0,0,,,,,,,
All,Snap,2025-07-01/2025-12-31,KEYWORD_INCITEMENT_AGAINST_WOMEN,,LU,0,0,0,0,0,0,0,,,,,,,
All,Snap,2025-07-01/2025-12-31,KEYWORD_NON_CONSENSUAL_IMAGE_SHARING_AGAINST_WOMEN,,LU,0,0,0,0,0,0,0,,,,,,,
All,Snap,2025-07-01/2025-12-31,KEYWORD_NON_CONSENSUAL_MATERIAL_DEEPFAKE_AGAINST_WOMEN,,LU,0,0,0,0,0,0,0,,,,,,,
All,Snap,2025-07-01/2025-12-31,KEYWORD_OTHER,"Text to detail the ""Other"" keyword.",LU,0,0,0,0,0,0,0,,,,,,,
All,Snap,2025-07-01/2025-12-31,STATEMENT_CATEGORY_DATA_PROTECTION_AND_PRIVACY_VIOLATIONS,,LU,0,0,0,0,0,0,0,,,,,,,
All,Snap,2025-07-01/2025-12-31,KEYWORD_BIOMETRIC_DATA_BREACH,,LU,0,0,0,0,0,0,0,,,,,,,
All,Snap,2025-07-01/2025-12-31,KEYWORD_DATA_FALSIFICATION,,LU,0,0,0,0,0,0,0,,,,,,,
All,Snap,2025-07-01/2025-12-31,KEYWORD_MISSING_PROCESSING_GROUND,,LU,0,0,0,0,0,0,0,,,,,,,
All,Snap,2025-07-01/2025-12-31,KEYWORD_RIGHT_TO_BE_FORGOTTEN,,LU,0,0,0,0,0,0,0,,,,,,,
All,Snap,2025-07-01/2025-12-31,KEYWORD_OTHER,Hacking & Cyber Crime,LU,0,0,0,0,0,0,0,,,,,,,
All,Snap,2025-07-01/2025-12-31,STATEMENT_CATEGORY_ILLEGAL_OR_HARMFUL_SPEECH,,LU,0,0,0,0,0,0,0,,,,,,,
All,Snap,2025-07-01/2025-12-31,KEYWORD_DEFAMATION,,LU,0,0,0,0,0,0,0,,,,,,,
All,Snap,2025-07-01/2025-12-31,KEYWORD_DISCRIMINATION,,LU,0,0,0,0,0,0,0,,,,,,,
All,Snap,2025-07-01/2025-12-31,KEYWORD_HATE_SPEECH,,LU,0,0,0,0,0,0,0,,,,,,,
All,Snap,2025-07-01/2025-12-31,KEYWORD_OTHER,"Text to detail the ""Other"" keyword.",LU,0,0,0,0,0,0,0,,,,,,,
All,Snap,2025-07-01/2025-12-31,STATEMENT_CATEGORY_INTELLECTUAL_PROPERTY_INFRINGEMENTS,,LU,0,0,0,0,0,0,0,,,,,,,
All,Snap,2025-07-01/2025-12-31,KEYWORD_COPYRIGHT_INFRINGEMENT,,LU,0,0,0,0,0,0,0,,,,,,,
All,Snap,2025-07-01/2025-12-31,KEYWORD_DESIGN_INFRINGEMENT,,LU,0,0,0,0,0,0,0,,,,,,,
All,Snap,2025-07-01/2025-12-31,KEYWORD_GEOGRAPHIC_INDICATIONS_INFRINGEMENT,,LU,0,0,0,0,0,0,0,,,,,,,
All,Snap,2025-07-01/2025-12-31,KEYWORD_PATENT_INFRINGEMENT,,LU,0,0,0,0,0,0,0,,,,,,,
All,Snap,2025-07-01/2025-12-31,KEYWORD_TRADE_SECRET_INFRINGEMENT,,LU,0,0,0,0,0,0,0,,,,,,,
All,Snap,2025-07-01/2025-12-31,KEYWORD_TRADEMARK_INFRINGEMENT,,LU,0,0,0,0,0,0,0,,,,,,,
All,Snap,2025-07-01/2025-12-31,KEYWORD_OTHER,"Text to detail the ""Other"" keyword.",LU,0,0,0,0,0,0,0,,,,,,,
All,Snap,2025-07-01/2025-12-31,STATEMENT_CATEGORY_NEGATIVE_EFFECTS_ON_CIVIC_DISCOURSE_OR_ELECTIONS,,LU,0,0,0,0,0,0,0,,,,,,,
All,Snap,2025-07-01/2025-12-31,KEYWORD_MISINFORMATION_DISINFORMATION,,LU,0,0,0,0,0,0,0,,,,,,,
All,Snap,2025-07-01/2025-12-31,KEYWORD_VIOLATION_EU_LAW,,LU,0,0,0,0,0,0,0,,,,,,,
All,Snap,2025-07-01/2025-12-31,KEYWORD_VIOLATION_NATIONAL_LAW,,LU,0,0,0,0,0,0,0,,,,,,,
All,Snap,2025-07-01/2025-12-31,KEYWORD_OTHER,Evidence Tampering & Obstruction,LU,0,0,0,0,0,0,0,,,,,,,
All,Snap,2025-07-01/2025-12-31,STATEMENT_CATEGORY_PROTECTION_OF_MINORS,,LU,0,0,0,0,0,0,0,,,,,,,
All,Snap,2025-07-01/2025-12-31,KEYWORD_AGE_SPECIFIC_RESTRICTIONS_MINORS,,LU,0,0,0,0,0,0,0,,,,,,,
All,Snap,2025-07-01/2025-12-31,KEYWORD_CHILD_SEXUAL_ABUSE_MATERIAL,,LU,0,0,0,0,0,0,0,,,,,,,
All,Snap,2025-07-01/2025-12-31,KEYWORD_CHILD_SEXUAL_ABUSE_MATERIAL_DEEPFAKE,,LU,0,0,0,0,0,0,0,,,,,,,
All,Snap,2025-07-01/2025-12-31,KEYWORD_GROOMING_SEXUAL_ENTICEMENT_MINORS,,LU,0,0,0,0,0,0,0,,,,,,,
All,Snap,2025-07-01/2025-12-31,KEYWORD_UNSAFE_CHALLENGES,,LU,0,0,0,0,0,0,0,,,,,,,
All,Snap,2025-07-01/2025-12-31,KEYWORD_OTHER,"Text to detail the ""Other"" keyword.",LU,0,0,0,0,0,0,0,,,,,,,
All,Snap,2025-07-01/2025-12-31,STATEMENT_CATEGORY_RISK_FOR_PUBLIC_SECURITY,,LU,0,0,0,0,0,0,0,,,,,,,
All,Snap,2025-07-01/2025-12-31,KEYWORD_ILLEGAL_ORGANIZATIONS,,LU,0,0,0,0,0,0,0,,,,,,,
All,Snap,2025-07-01/2025-12-31,KEYWORD_RISK_ENVIRONMENTAL_DAMAGE,,LU,0,0,0,0,0,0,0,,,,,,,
All,Snap,2025-07-01/2025-12-31,KEYWORD_RISK_PUBLIC_HEALTH,,LU,0,0,0,0,0,0,0,,,,,,,
All,Snap,2025-07-01/2025-12-31,KEYWORD_TERRORIST_CONTENT,,LU,0,0,0,0,0,0,0,,,,,,,
All,Snap,2025-07-01/2025-12-31,KEYWORD_OTHER,Persons at large,LU,0,0,0,0,0,0,0,,,,,,,
All,Snap,2025-07-01/2025-12-31,KEYWORD_OTHER,Arson,LU,0,0,0,0,0,0,0,,,,,,,
All,Snap,2025-07-01/2025-12-31,KEYWORD_OTHER,Other Illegal Activities,LU,0,0,0,0,0,0,0,,,,,,,
All,Snap,2025-07-01/2025-12-31,STATEMENT_CATEGORY_SCAMS_AND_FRAUD,,LU,0,0,0,0,2,0,301,,,,,,,
All,Snap,2025-07-01/2025-12-31,KEYWORD_IMPERSONATION_ACCOUNT_HIJACKING,,LU,0,0,0,0,0,0,0,,,,,,,
All,Snap,2025-07-01/2025-12-31,KEYWORD_INAUTHENTIC_ACCOUNTS,,LU,0,0,0,0,0,0,0,,,,,,,
All,Snap,2025-07-01/2025-12-31,KEYWORD_INAUTHENTIC_LISTINGS,,LU,0,0,0,0,0,0,0,,,,,,,
All,Snap,2025-07-01/2025-12-31,KEYWORD_INAUTHENTIC_USER_REVIEWS,,LU,0,0,0,0,0,0,0,,,,,,,
All,Snap,2025-07-01/2025-12-31,KEYWORD_PHISHING,,LU,0,0,0,0,0,0,0,,,,,,,
All,Snap,2025-07-01/2025-12-31,KEYWORD_PYRAMID_SCHEMES,,LU,0,0,0,0,0,0,0,,,,,,,
All,Snap,2025-07-01/2025-12-31,KEYWORD_OTHER,Fraud,LU,0,0,0,0,2,0,301,,,,,,,
All,Snap,2025-07-01/2025-12-31,STATEMENT_CATEGORY_SELF_HARM,,LU,0,0,0,0,0,0,0,,,,,,,
All,Snap,2025-07-01/2025-12-31,KEYWORD_CONTENT_PROMOTING_EATING_DISORDERS,,LU,0,0,0,0,0,0,0,,,,,,,
All,Snap,2025-07-01/2025-12-31,KEYWORD_SELF_MUTILATION,,LU,0,0,0,0,0,0,0,,,,,,,
All,Snap,2025-07-01/2025-12-31,KEYWORD_SUICIDE,,LU,0,0,0,0,0,0,0,,,,,,,
All,Snap,2025-07-01/2025-12-31,KEYWORD_OTHER,Self-harm & Suicide,LU,0,0,0,0,0,0,0,,,,,,,
All,Snap,2025-07-01/2025-12-31,STATEMENT_CATEGORY_UNSAFE_AND_PROHIBITED_PRODUCTS,,LU,0,0,0,0,1,0,506,,,,,,,
All,Snap,2025-07-01/2025-12-31,KEYWORD_PROHIBITED_PRODUCTS,,LU,0,0,0,0,1,0,506,,,,,,,
All,Snap,2025-07-01/2025-12-31,KEYWORD_UNSAFE_PRODUCTS,,LU,0,0,0,0,0,0,0,,,,,,,
All,Snap,2025-07-01/2025-12-31,KEYWORD_OTHER,"Text to detail the ""Other"" keyword.",LU,0,0,0,0,0,0,0,,,,,,,
All,Snap,2025-07-01/2025-12-31,STATEMENT_CATEGORY_VIOLENCE,,LU,0,0,0,0,0,0,0,,,,,,,
All,Snap,2025-07-01/2025-12-31,KEYWORD_COORDINATED_HARM,,LU,0,0,0,0,0,0,0,,,,,,,
All,Snap,2025-07-01/2025-12-31,KEYWORD_INCITEMENT_VIOLENCE_HATRED,,LU,0,0,0,0,0,0,0,,,,,,,
All,Snap,2025-07-01/2025-12-31,KEYWORD_HUMAN_EXPLOITATION,,LU,0,0,0,0,0,0,0,,,,,,,
All,Snap,2025-07-01/2025-12-31,KEYWORD_HUMAN_TRAFFICKING,,LU,0,0,0,0,0,0,0,,,,,,,
All,Snap,2025-07-01/2025-12-31,KEYWORD_TRAFFICKING_WOMEN_GIRLS,,LU,0,0,0,0,0,0,0,,,,,,,
All,Snap,2025-07-01/2025-12-31,KEYWORD_OTHER,Threats & Violence,LU,0,0,0,0,0,0,0,,,,,,,
All,Snap,2025-07-01/2025-12-31,STATEMENT_CATEGORY_NOT_SPECIFIED_ORDER,,LU,0,0,0,0,0,0,0,,,,,,,
All,Snap,2025-07-01/2025-12-31,TOTAL,,LV,0,0,0,0,2,0,290,,,,,,,
All,Snap,2025-07-01/2025-12-31,STATEMENT_CATEGORY_ANIMAL_WELFARE,,LV,0,0,0,0,0,0,0,,,,,,,
All,Snap,2025-07-01/2025-12-31,KEYWORD_ANIMAL_HARM,,LV,0,0,0,0,0,0,0,,,,,,,
All,Snap,2025-07-01/2025-12-31,KEYWORD_UNLAWFUL_SALE_ANIMALS,,LV,0,0,0,0,0,0,0,,,,,,,
All,Snap,2025-07-01/2025-12-31,KEYWORD_OTHER,Animal Exploitation,LV,0,0,0,0,0,0,0,,,,,,,
All,Snap,2025-07-01/2025-12-31,STATEMENT_CATEGORY_CONSUMER_INFORMATION,,LV,0,0,0,0,0,0,0,,,,,,,
All,Snap,2025-07-01/2025-12-31,KEYWORD_HIDDEN_ADVERTISEMENT,,LV,0,0,0,0,0,0,0,,,,,,,
All,Snap,2025-07-01/2025-12-31,KEYWORD_INSUFFICIENT_INFORMATION_ON_TRADERS,,LV,0,0,0,0,0,0,0,,,,,,,
All,Snap,2025-07-01/2025-12-31,KEYWORD_MISLEADING_INFO_GOODS_SERVICES,,LV,0,0,0,0,0,0,0,,,,,,,
All,Snap,2025-07-01/2025-12-31,KEYWORD_MISLEADING_INFO_CONSUMER_RIGHTS,,LV,0,0,0,0,0,0,0,,,,,,,
All,Snap,2025-07-01/2025-12-31,KEYWORD_NONCOMPLIANCE_PRICING,,LV,0,0,0,0,0,0,0,,,,,,,
All,Snap,2025-07-01/2025-12-31,KEYWORD_OTHER,"Text to detail the ""Other"" keyword.",LV,0,0,0,0,0,0,0,,,,,,,
All,Snap,2025-07-01/2025-12-31,STATEMENT_CATEGORY_CYBER_VIOLENCE,,LV,0,0,0,0,0,0,0,,,,,,,
All,Snap,2025-07-01/2025-12-31,KEYWORD_CYBER_BULLYING_INTIMIDATION,,LV,0,0,0,0,0,0,0,,,,,,,
All,Snap,2025-07-01/2025-12-31,KEYWORD_CYBER_HARASSMENT,,LV,0,0,0,0,0,0,0,,,,,,,
All,Snap,2025-07-01/2025-12-31,KEYWORD_CYBER_INCITEMENT,,LV,0,0,0,0,0,0,0,,,,,,,
All,Snap,2025-07-01/2025-12-31,KEYWORD_CYBER_STALKING,,LV,0,0,0,0,0,0,0,,,,,,,
All,Snap,2025-07-01/2025-12-31,KEYWORD_NON_CONSENSUAL_IMAGE_SHARING,,LV,0,0,0,0,0,0,0,,,,,,,
All,Snap,2025-07-01/2025-12-31,KEYWORD_NON_CONSENSUAL_MATERIAL_DEEPFAKE,,LV,0,0,0,0,0,0,0,,,,,,,
All,Snap,2025-07-01/2025-12-31,KEYWORD_OTHER,"Text to detail the ""Other"" keyword.",LV,0,0,0,0,0,0,0,,,,,,,
All,Snap,2025-07-01/2025-12-31,STATEMENT_CATEGORY_CYBER_VIOLENCE_AGAINST_WOMEN,,LV,0,0,0,0,0,0,0,,,,,,,
All,Snap,2025-07-01/2025-12-31,KEYWORD_BULLYING_AGAINST_GIRLS,,LV,0,0,0,0,0,0,0,,,,,,,
All,Snap,2025-07-01/2025-12-31,KEYWORD_CYBER_HARASSMENT_AGAINST_WOMEN,,LV,0,0,0,0,0,0,0,,,,,,,
All,Snap,2025-07-01/2025-12-31,KEYWORD_CYBER_STALKING_AGAINST_WOMEN,,LV,0,0,0,0,0,0,0,,,,,,,
All,Snap,2025-07-01/2025-12-31,KEYWORD_FEMALE_GENDERED_DISINFORMATION,,LV,0,0,0,0,0,0,0,,,,,,,
All,Snap,2025-07-01/2025-12-31,KEYWORD_INCITEMENT_AGAINST_WOMEN,,LV,0,0,0,0,0,0,0,,,,,,,
All,Snap,2025-07-01/2025-12-31,KEYWORD_NON_CONSENSUAL_IMAGE_SHARING_AGAINST_WOMEN,,LV,0,0,0,0,0,0,0,,,,,,,
All,Snap,2025-07-01/2025-12-31,KEYWORD_NON_CONSENSUAL_MATERIAL_DEEPFAKE_AGAINST_WOMEN,,LV,0,0,0,0,0,0,0,,,,,,,
All,Snap,2025-07-01/2025-12-31,KEYWORD_OTHER,"Text to detail the ""Other"" keyword.",LV,0,0,0,0,0,0,0,,,,,,,
All,Snap,2025-07-01/2025-12-31,STATEMENT_CATEGORY_DATA_PROTECTION_AND_PRIVACY_VIOLATIONS,,LV,0,0,0,0,0,0,0,,,,,,,
All,Snap,2025-07-01/2025-12-31,KEYWORD_BIOMETRIC_DATA_BREACH,,LV,0,0,0,0,0,0,0,,,,,,,
All,Snap,2025-07-01/2025-12-31,KEYWORD_DATA_FALSIFICATION,,LV,0,0,0,0,0,0,0,,,,,,,
All,Snap,2025-07-01/2025-12-31,KEYWORD_MISSING_PROCESSING_GROUND,,LV,0,0,0,0,0,0,0,,,,,,,
All,Snap,2025-07-01/2025-12-31,KEYWORD_RIGHT_TO_BE_FORGOTTEN,,LV,0,0,0,0,0,0,0,,,,,,,
All,Snap,2025-07-01/2025-12-31,KEYWORD_OTHER,Hacking & Cyber Crime,LV,0,0,0,0,0,0,0,,,,,,,
All,Snap,2025-07-01/2025-12-31,STATEMENT_CATEGORY_ILLEGAL_OR_HARMFUL_SPEECH,,LV,0,0,0,0,0,0,0,,,,,,,
All,Snap,2025-07-01/2025-12-31,KEYWORD_DEFAMATION,,LV,0,0,0,0,0,0,0,,,,,,,
All,Snap,2025-07-01/2025-12-31,KEYWORD_DISCRIMINATION,,LV,0,0,0,0,0,0,0,,,,,,,
All,Snap,2025-07-01/2025-12-31,KEYWORD_HATE_SPEECH,,LV,0,0,0,0,0,0,0,,,,,,,
All,Snap,2025-07-01/2025-12-31,KEYWORD_OTHER,"Text to detail the ""Other"" keyword.",LV,0,0,0,0,0,0,0,,,,,,,
All,Snap,2025-07-01/2025-12-31,STATEMENT_CATEGORY_INTELLECTUAL_PROPERTY_INFRINGEMENTS,,LV,0,0,0,0,0,0,0,,,,,,,
All,Snap,2025-07-01/2025-12-31,KEYWORD_COPYRIGHT_INFRINGEMENT,,LV,0,0,0,0,0,0,0,,,,,,,
All,Snap,2025-07-01/2025-12-31,KEYWORD_DESIGN_INFRINGEMENT,,LV,0,0,0,0,0,0,0,,,,,,,
All,Snap,2025-07-01/2025-12-31,KEYWORD_GEOGRAPHIC_INDICATIONS_INFRINGEMENT,,LV,0,0,0,0,0,0,0,,,,,,,
All,Snap,2025-07-01/2025-12-31,KEYWORD_PATENT_INFRINGEMENT,,LV,0,0,0,0,0,0,0,,,,,,,
All,Snap,2025-07-01/2025-12-31,KEYWORD_TRADE_SECRET_INFRINGEMENT,,LV,0,0,0,0,0,0,0,,,,,,,
All,Snap,2025-07-01/2025-12-31,KEYWORD_TRADEMARK_INFRINGEMENT,,LV,0,0,0,0,0,0,0,,,,,,,
All,Snap,2025-07-01/2025-12-31,KEYWORD_OTHER,"Text to detail the ""Other"" keyword.",LV,0,0,0,0,0,0,0,,,,,,,
All,Snap,2025-07-01/2025-12-31,STATEMENT_CATEGORY_NEGATIVE_EFFECTS_ON_CIVIC_DISCOURSE_OR_ELECTIONS,,LV,0,0,0,0,0,0,0,,,,,,,
All,Snap,2025-07-01/2025-12-31,KEYWORD_MISINFORMATION_DISINFORMATION,,LV,0,0,0,0,0,0,0,,,,,,,
All,Snap,2025-07-01/2025-12-31,KEYWORD_VIOLATION_EU_LAW,,LV,0,0,0,0,0,0,0,,,,,,,
All,Snap,2025-07-01/2025-12-31,KEYWORD_VIOLATION_NATIONAL_LAW,,LV,0,0,0,0,0,0,0,,,,,,,
All,Snap,2025-07-01/2025-12-31,KEYWORD_OTHER,Evidence Tampering & Obstruction,LV,0,0,0,0,0,0,0,,,,,,,
All,Snap,2025-07-01/2025-12-31,STATEMENT_CATEGORY_PROTECTION_OF_MINORS,,LV,0,0,0,0,1,0,520,,,,,,,
All,Snap,2025-07-01/2025-12-31,KEYWORD_AGE_SPECIFIC_RESTRICTIONS_MINORS,,LV,0,0,0,0,0,0,0,,,,,,,
All,Snap,2025-07-01/2025-12-31,KEYWORD_CHILD_SEXUAL_ABUSE_MATERIAL,,LV,0,0,0,0,0,0,0,,,,,,,
All,Snap,2025-07-01/2025-12-31,KEYWORD_CHILD_SEXUAL_ABUSE_MATERIAL_DEEPFAKE,,LV,0,0,0,0,0,0,0,,,,,,,
All,Snap,2025-07-01/2025-12-31,KEYWORD_GROOMING_SEXUAL_ENTICEMENT_MINORS,,LV,0,0,0,0,1,0,520,,,,,,,
All,Snap,2025-07-01/2025-12-31,KEYWORD_UNSAFE_CHALLENGES,,LV,0,0,0,0,0,0,0,,,,,,,
All,Snap,2025-07-01/2025-12-31,KEYWORD_OTHER,"Text to detail the ""Other"" keyword.",LV,0,0,0,0,0,0,0,,,,,,,
All,Snap,2025-07-01/2025-12-31,STATEMENT_CATEGORY_RISK_FOR_PUBLIC_SECURITY,,LV,0,0,0,0,0,0,0,,,,,,,
All,Snap,2025-07-01/2025-12-31,KEYWORD_ILLEGAL_ORGANIZATIONS,,LV,0,0,0,0,0,0,0,,,,,,,
All,Snap,2025-07-01/2025-12-31,KEYWORD_RISK_ENVIRONMENTAL_DAMAGE,,LV,0,0,0,0,0,0,0,,,,,,,
All,Snap,2025-07-01/2025-12-31,KEYWORD_RISK_PUBLIC_HEALTH,,LV,0,0,0,0,0,0,0,,,,,,,
All,Snap,2025-07-01/2025-12-31,KEYWORD_TERRORIST_CONTENT,,LV,0,0,0,0,0,0,0,,,,,,,
All,Snap,2025-07-01/2025-12-31,KEYWORD_OTHER,Persons at large,LV,0,0,0,0,0,0,0,,,,,,,
All,Snap,2025-07-01/2025-12-31,KEYWORD_OTHER,Arson,LV,0,0,0,0,0,0,0,,,,,,,
All,Snap,2025-07-01/2025-12-31,KEYWORD_OTHER,Other Illegal Activities,LV,0,0,0,0,0,0,0,,,,,,,
All,Snap,2025-07-01/2025-12-31,STATEMENT_CATEGORY_SCAMS_AND_FRAUD,,LV,0,0,0,0,1,0,290,,,,,,,
All,Snap,2025-07-01/2025-12-31,KEYWORD_IMPERSONATION_ACCOUNT_HIJACKING,,LV,0,0,0,0,0,0,0,,,,,,,
All,Snap,2025-07-01/2025-12-31,KEYWORD_INAUTHENTIC_ACCOUNTS,,LV,0,0,0,0,0,0,0,,,,,,,
All,Snap,2025-07-01/2025-12-31,KEYWORD_INAUTHENTIC_LISTINGS,,LV,0,0,0,0,0,0,0,,,,,,,
All,Snap,2025-07-01/2025-12-31,KEYWORD_INAUTHENTIC_USER_REVIEWS,,LV,0,0,0,0,0,0,0,,,,,,,
All,Snap,2025-07-01/2025-12-31,KEYWORD_PHISHING,,LV,0,0,0,0,0,0,0,,,,,,,
All,Snap,2025-07-01/2025-12-31,KEYWORD_PYRAMID_SCHEMES,,LV,0,0,0,0,0,0,0,,,,,,,
All,Snap,2025-07-01/2025-12-31,KEYWORD_OTHER,Fraud,LV,0,0,0,0,1,0,290,,,,,,,
All,Snap,2025-07-01/2025-12-31,STATEMENT_CATEGORY_SELF_HARM,,LV,0,0,0,0,0,0,0,,,,,,,
All,Snap,2025-07-01/2025-12-31,KEYWORD_CONTENT_PROMOTING_EATING_DISORDERS,,LV,0,0,0,0,0,0,0,,,,,,,
All,Snap,2025-07-01/2025-12-31,KEYWORD_SELF_MUTILATION,,LV,0,0,0,0,0,0,0,,,,,,,
All,Snap,2025-07-01/2025-12-31,KEYWORD_SUICIDE,,LV,0,0,0,0,0,0,0,,,,,,,
All,Snap,2025-07-01/2025-12-31,KEYWORD_OTHER,Self-harm & Suicide,LV,0,0,0,0,0,0,0,,,,,,,
All,Snap,2025-07-01/2025-12-31,STATEMENT_CATEGORY_UNSAFE_AND_PROHIBITED_PRODUCTS,,LV,0,0,0,0,0,0,0,,,,,,,
All,Snap,2025-07-01/2025-12-31,KEYWORD_PROHIBITED_PRODUCTS,,LV,0,0,0,0,0,0,0,,,,,,,
All,Snap,2025-07-01/2025-12-31,KEYWORD_UNSAFE_PRODUCTS,,LV,0,0,0,0,0,0,0,,,,,,,
All,Snap,2025-07-01/2025-12-31,KEYWORD_OTHER,"Text to detail the ""Other"" keyword.",LV,0,0,0,0,0,0,0,,,,,,,
All,Snap,2025-07-01/2025-12-31,STATEMENT_CATEGORY_VIOLENCE,,LV,0,0,0,0,0,0,0,,,,,,,
All,Snap,2025-07-01/2025-12-31,KEYWORD_COORDINATED_HARM,,LV,0,0,0,0,0,0,0,,,,,,,
All,Snap,2025-07-01/2025-12-31,KEYWORD_INCITEMENT_VIOLENCE_HATRED,,LV,0,0,0,0,0,0,0,,,,,,,
All,Snap,2025-07-01/2025-12-31,KEYWORD_HUMAN_EXPLOITATION,,LV,0,0,0,0,0,0,0,,,,,,,
All,Snap,2025-07-01/2025-12-31,KEYWORD_HUMAN_TRAFFICKING,,LV,0,0,0,0,0,0,0,,,,,,,
All,Snap,2025-07-01/2025-12-31,KEYWORD_TRAFFICKING_WOMEN_GIRLS,,LV,0,0,0,0,0,0,0,,,,,,,
All,Snap,2025-07-01/2025-12-31,KEYWORD_OTHER,Threats & Violence,LV,0,0,0,0,0,0,0,,,,,,,
All,Snap,2025-07-01/2025-12-31,STATEMENT_CATEGORY_NOT_SPECIFIED_ORDER,,LV,0,0,0,0,0,0,0,,,,,,,
All,Snap,2025-07-01/2025-12-31,TOTAL,,MT,0,0,0,0,11,0,438,,,,,,,
All,Snap,2025-07-01/2025-12-31,STATEMENT_CATEGORY_ANIMAL_WELFARE,,MT,0,0,0,0,0,0,0,,,,,,,
All,Snap,2025-07-01/2025-12-31,KEYWORD_ANIMAL_HARM,,MT,0,0,0,0,0,0,0,,,,,,,
All,Snap,2025-07-01/2025-12-31,KEYWORD_UNLAWFUL_SALE_ANIMALS,,MT,0,0,0,0,0,0,0,,,,,,,
All,Snap,2025-07-01/2025-12-31,KEYWORD_OTHER,Animal Exploitation,MT,0,0,0,0,0,0,0,,,,,,,
All,Snap,2025-07-01/2025-12-31,STATEMENT_CATEGORY_CONSUMER_INFORMATION,,MT,0,0,0,0,0,0,0,,,,,,,
All,Snap,2025-07-01/2025-12-31,KEYWORD_HIDDEN_ADVERTISEMENT,,MT,0,0,0,0,0,0,0,,,,,,,
All,Snap,2025-07-01/2025-12-31,KEYWORD_INSUFFICIENT_INFORMATION_ON_TRADERS,,MT,0,0,0,0,0,0,0,,,,,,,
All,Snap,2025-07-01/2025-12-31,KEYWORD_MISLEADING_INFO_GOODS_SERVICES,,MT,0,0,0,0,0,0,0,,,,,,,
All,Snap,2025-07-01/2025-12-31,KEYWORD_MISLEADING_INFO_CONSUMER_RIGHTS,,MT,0,0,0,0,0,0,0,,,,,,,
All,Snap,2025-07-01/2025-12-31,KEYWORD_NONCOMPLIANCE_PRICING,,MT,0,0,0,0,0,0,0,,,,,,,
All,Snap,2025-07-01/2025-12-31,KEYWORD_OTHER,"Text to detail the ""Other"" keyword.",MT,0,0,0,0,0,0,0,,,,,,,
All,Snap,2025-07-01/2025-12-31,STATEMENT_CATEGORY_CYBER_VIOLENCE,,MT,0,0,0,0,1,0,200,,,,,,,
All,Snap,2025-07-01/2025-12-31,KEYWORD_CYBER_BULLYING_INTIMIDATION,,MT,0,0,0,0,0,0,0,,,,,,,
All,Snap,2025-07-01/2025-12-31,KEYWORD_CYBER_HARASSMENT,,MT,0,0,0,0,0,0,0,,,,,,,
All,Snap,2025-07-01/2025-12-31,KEYWORD_CYBER_INCITEMENT,,MT,0,0,0,0,0,0,0,,,,,,,
All,Snap,2025-07-01/2025-12-31,KEYWORD_CYBER_STALKING,,MT,0,0,0,0,0,0,0,,,,,,,
All,Snap,2025-07-01/2025-12-31,KEYWORD_NON_CONSENSUAL_IMAGE_SHARING,,MT,0,0,0,0,1,0,200,,,,,,,
All,Snap,2025-07-01/2025-12-31,KEYWORD_NON_CONSENSUAL_MATERIAL_DEEPFAKE,,MT,0,0,0,0,0,0,0,,,,,,,
All,Snap,2025-07-01/2025-12-31,KEYWORD_OTHER,"Text to detail the ""Other"" keyword.",MT,0,0,0,0,0,0,0,,,,,,,
All,Snap,2025-07-01/2025-12-31,STATEMENT_CATEGORY_CYBER_VIOLENCE_AGAINST_WOMEN,,MT,0,0,0,0,0,0,0,,,,,,,
All,Snap,2025-07-01/2025-12-31,KEYWORD_BULLYING_AGAINST_GIRLS,,MT,0,0,0,0,0,0,0,,,,,,,
All,Snap,2025-07-01/2025-12-31,KEYWORD_CYBER_HARASSMENT_AGAINST_WOMEN,,MT,0,0,0,0,0,0,0,,,,,,,
All,Snap,2025-07-01/2025-12-31,KEYWORD_CYBER_STALKING_AGAINST_WOMEN,,MT,0,0,0,0,0,0,0,,,,,,,
All,Snap,2025-07-01/2025-12-31,KEYWORD_FEMALE_GENDERED_DISINFORMATION,,MT,0,0,0,0,0,0,0,,,,,,,
All,Snap,2025-07-01/2025-12-31,KEYWORD_INCITEMENT_AGAINST_WOMEN,,MT,0,0,0,0,0,0,0,,,,,,,
All,Snap,2025-07-01/2025-12-31,KEYWORD_NON_CONSENSUAL_IMAGE_SHARING_AGAINST_WOMEN,,MT,0,0,0,0,0,0,0,,,,,,,
All,Snap,2025-07-01/2025-12-31,KEYWORD_NON_CONSENSUAL_MATERIAL_DEEPFAKE_AGAINST_WOMEN,,MT,0,0,0,0,0,0,0,,,,,,,
All,Snap,2025-07-01/2025-12-31,KEYWORD_OTHER,"Text to detail the ""Other"" keyword.",MT,0,0,0,0,0,0,0,,,,,,,
All,Snap,2025-07-01/2025-12-31,STATEMENT_CATEGORY_DATA_PROTECTION_AND_PRIVACY_VIOLATIONS,,MT,0,0,0,0,0,0,0,,,,,,,
All,Snap,2025-07-01/2025-12-31,KEYWORD_BIOMETRIC_DATA_BREACH,,MT,0,0,0,0,0,0,0,,,,,,,
All,Snap,2025-07-01/2025-12-31,KEYWORD_DATA_FALSIFICATION,,MT,0,0,0,0,0,0,0,,,,,,,
All,Snap,2025-07-01/2025-12-31,KEYWORD_MISSING_PROCESSING_GROUND,,MT,0,0,0,0,0,0,0,,,,,,,
All,Snap,2025-07-01/2025-12-31,KEYWORD_RIGHT_TO_BE_FORGOTTEN,,MT,0,0,0,0,0,0,0,,,,,,,
All,Snap,2025-07-01/2025-12-31,KEYWORD_OTHER,Hacking & Cyber Crime,MT,0,0,0,0,0,0,0,,,,,,,
All,Snap,2025-07-01/2025-12-31,STATEMENT_CATEGORY_ILLEGAL_OR_HARMFUL_SPEECH,,MT,0,0,0,0,0,0,0,,,,,,,
All,Snap,2025-07-01/2025-12-31,KEYWORD_DEFAMATION,,MT,0,0,0,0,0,0,0,,,,,,,
All,Snap,2025-07-01/2025-12-31,KEYWORD_DISCRIMINATION,,MT,0,0,0,0,0,0,0,,,,,,,
All,Snap,2025-07-01/2025-12-31,KEYWORD_HATE_SPEECH,,MT,0,0,0,0,0,0,0,,,,,,,
All,Snap,2025-07-01/2025-12-31,KEYWORD_OTHER,"Text to detail the ""Other"" keyword.",MT,0,0,0,0,0,0,0,,,,,,,
All,Snap,2025-07-01/2025-12-31,STATEMENT_CATEGORY_INTELLECTUAL_PROPERTY_INFRINGEMENTS,,MT,0,0,0,0,0,0,0,,,,,,,
All,Snap,2025-07-01/2025-12-31,KEYWORD_COPYRIGHT_INFRINGEMENT,,MT,0,0,0,0,0,0,0,,,,,,,
All,Snap,2025-07-01/2025-12-31,KEYWORD_DESIGN_INFRINGEMENT,,MT,0,0,0,0,0,0,0,,,,,,,
All,Snap,2025-07-01/2025-12-31,KEYWORD_GEOGRAPHIC_INDICATIONS_INFRINGEMENT,,MT,0,0,0,0,0,0,0,,,,,,,
All,Snap,2025-07-01/2025-12-31,KEYWORD_PATENT_INFRINGEMENT,,MT,0,0,0,0,0,0,0,,,,,,,
All,Snap,2025-07-01/2025-12-31,KEYWORD_TRADE_SECRET_INFRINGEMENT,,MT,0,0,0,0,0,0,0,,,,,,,
All,Snap,2025-07-01/2025-12-31,KEYWORD_TRADEMARK_INFRINGEMENT,,MT,0,0,0,0,0,0,0,,,,,,,
All,Snap,2025-07-01/2025-12-31,KEYWORD_OTHER,"Text to detail the ""Other"" keyword.",MT,0,0,0,0,0,0,0,,,,,,,
All,Snap,2025-07-01/2025-12-31,STATEMENT_CATEGORY_NEGATIVE_EFFECTS_ON_CIVIC_DISCOURSE_OR_ELECTIONS,,MT,0,0,0,0,0,0,0,,,,,,,
All,Snap,2025-07-01/2025-12-31,KEYWORD_MISINFORMATION_DISINFORMATION,,MT,0,0,0,0,0,0,0,,,,,,,
All,Snap,2025-07-01/2025-12-31,KEYWORD_VIOLATION_EU_LAW,,MT,0,0,0,0,0,0,0,,,,,,,
All,Snap,2025-07-01/2025-12-31,KEYWORD_VIOLATION_NATIONAL_LAW,,MT,0,0,0,0,0,0,0,,,,,,,
All,Snap,2025-07-01/2025-12-31,KEYWORD_OTHER,Evidence Tampering & Obstruction,MT,0,0,0,0,0,0,0,,,,,,,
All,Snap,2025-07-01/2025-12-31,STATEMENT_CATEGORY_PROTECTION_OF_MINORS,,MT,0,0,0,0,9,0,579,,,,,,,
All,Snap,2025-07-01/2025-12-31,KEYWORD_AGE_SPECIFIC_RESTRICTIONS_MINORS,,MT,0,0,0,0,0,0,0,,,,,,,
All,Snap,2025-07-01/2025-12-31,KEYWORD_CHILD_SEXUAL_ABUSE_MATERIAL,,MT,0,0,0,0,2,0,579,,,,,,,
All,Snap,2025-07-01/2025-12-31,KEYWORD_CHILD_SEXUAL_ABUSE_MATERIAL_DEEPFAKE,,MT,0,0,0,0,0,0,0,,,,,,,
All,Snap,2025-07-01/2025-12-31,KEYWORD_GROOMING_SEXUAL_ENTICEMENT_MINORS,,MT,0,0,0,0,7,0,438,,,,,,,
All,Snap,2025-07-01/2025-12-31,KEYWORD_UNSAFE_CHALLENGES,,MT,0,0,0,0,0,0,0,,,,,,,
All,Snap,2025-07-01/2025-12-31,KEYWORD_OTHER,"Text to detail the ""Other"" keyword.",MT,0,0,0,0,0,0,0,,,,,,,
All,Snap,2025-07-01/2025-12-31,STATEMENT_CATEGORY_RISK_FOR_PUBLIC_SECURITY,,MT,0,0,0,0,0,0,0,,,,,,,
All,Snap,2025-07-01/2025-12-31,KEYWORD_ILLEGAL_ORGANIZATIONS,,MT,0,0,0,0,0,0,0,,,,,,,
All,Snap,2025-07-01/2025-12-31,KEYWORD_RISK_ENVIRONMENTAL_DAMAGE,,MT,0,0,0,0,0,0,0,,,,,,,
All,Snap,2025-07-01/2025-12-31,KEYWORD_RISK_PUBLIC_HEALTH,,MT,0,0,0,0,0,0,0,,,,,,,
All,Snap,2025-07-01/2025-12-31,KEYWORD_TERRORIST_CONTENT,,MT,0,0,0,0,0,0,0,,,,,,,
All,Snap,2025-07-01/2025-12-31,KEYWORD_OTHER,Persons at large,MT,0,0,0,0,0,0,0,,,,,,,
All,Snap,2025-07-01/2025-12-31,KEYWORD_OTHER,Arson,MT,0,0,0,0,0,0,0,,,,,,,
All,Snap,2025-07-01/2025-12-31,KEYWORD_OTHER,Other Illegal Activities,MT,0,0,0,0,0,0,0,,,,,,,
All,Snap,2025-07-01/2025-12-31,STATEMENT_CATEGORY_SCAMS_AND_FRAUD,,MT,0,0,0,0,1,0,372,,,,,,,
All,Snap,2025-07-01/2025-12-31,KEYWORD_IMPERSONATION_ACCOUNT_HIJACKING,,MT,0,0,0,0,0,0,0,,,,,,,
All,Snap,2025-07-01/2025-12-31,KEYWORD_INAUTHENTIC_ACCOUNTS,,MT,0,0,0,0,0,0,0,,,,,,,
All,Snap,2025-07-01/2025-12-31,KEYWORD_INAUTHENTIC_LISTINGS,,MT,0,0,0,0,0,0,0,,,,,,,
All,Snap,2025-07-01/2025-12-31,KEYWORD_INAUTHENTIC_USER_REVIEWS,,MT,0,0,0,0,0,0,0,,,,,,,
All,Snap,2025-07-01/2025-12-31,KEYWORD_PHISHING,,MT,0,0,0,0,0,0,0,,,,,,,
All,Snap,2025-07-01/2025-12-31,KEYWORD_PYRAMID_SCHEMES,,MT,0,0,0,0,0,0,0,,,,,,,
All,Snap,2025-07-01/2025-12-31,KEYWORD_OTHER,Fraud,MT,0,0,0,0,1,0,372,,,,,,,
All,Snap,2025-07-01/2025-12-31,STATEMENT_CATEGORY_SELF_HARM,,MT,0,0,0,0,0,0,0,,,,,,,
All,Snap,2025-07-01/2025-12-31,KEYWORD_CONTENT_PROMOTING_EATING_DISORDERS,,MT,0,0,0,0,0,0,0,,,,,,,
All,Snap,2025-07-01/2025-12-31,KEYWORD_SELF_MUTILATION,,MT,0,0,0,0,0,0,0,,,,,,,
All,Snap,2025-07-01/2025-12-31,KEYWORD_SUICIDE,,MT,0,0,0,0,0,0,0,,,,,,,
All,Snap,2025-07-01/2025-12-31,KEYWORD_OTHER,Self-harm & Suicide,MT,0,0,0,0,0,0,0,,,,,,,
All,Snap,2025-07-01/2025-12-31,STATEMENT_CATEGORY_UNSAFE_AND_PROHIBITED_PRODUCTS,,MT,0,0,0,0,0,0,0,,,,,,,
All,Snap,2025-07-01/2025-12-31,KEYWORD_PROHIBITED_PRODUCTS,,MT,0,0,0,0,0,0,0,,,,,,,
All,Snap,2025-07-01/2025-12-31,KEYWORD_UNSAFE_PRODUCTS,,MT,0,0,0,0,0,0,0,,,,,,,
All,Snap,2025-07-01/2025-12-31,KEYWORD_OTHER,"Text to detail the ""Other"" keyword.",MT,0,0,0,0,0,0,0,,,,,,,
All,Snap,2025-07-01/2025-12-31,STATEMENT_CATEGORY_VIOLENCE,,MT,0,0,0,0,0,0,0,,,,,,,
All,Snap,2025-07-01/2025-12-31,KEYWORD_COORDINATED_HARM,,MT,0,0,0,0,0,0,0,,,,,,,
All,Snap,2025-07-01/2025-12-31,KEYWORD_INCITEMENT_VIOLENCE_HATRED,,MT,0,0,0,0,0,0,0,,,,,,,
All,Snap,2025-07-01/2025-12-31,KEYWORD_HUMAN_EXPLOITATION,,MT,0,0,0,0,0,0,0,,,,,,,
All,Snap,2025-07-01/2025-12-31,KEYWORD_HUMAN_TRAFFICKING,,MT,0,0,0,0,0,0,0,,,,,,,
All,Snap,2025-07-01/2025-12-31,KEYWORD_TRAFFICKING_WOMEN_GIRLS,,MT,0,0,0,0,0,0,0,,,,,,,
All,Snap,2025-07-01/2025-12-31,KEYWORD_OTHER,Threats & Violence,MT,0,0,0,0,0,0,0,,,,,,,
All,Snap,2025-07-01/2025-12-31,STATEMENT_CATEGORY_NOT_SPECIFIED_ORDER,,MT,0,0,0,0,0,0,0,,,,,,,
All,Snap,2025-07-01/2025-12-31,TOTAL,,NL,0,0,0,0,"1,048",0,65,,,,,,,
All,Snap,2025-07-01/2025-12-31,STATEMENT_CATEGORY_ANIMAL_WELFARE,,NL,0,0,0,0,0,0,0,,,,,,,
All,Snap,2025-07-01/2025-12-31,KEYWORD_ANIMAL_HARM,,NL,0,0,0,0,0,0,0,,,,,,,
All,Snap,2025-07-01/2025-12-31,KEYWORD_UNLAWFUL_SALE_ANIMALS,,NL,0,0,0,0,0,0,0,,,,,,,
All,Snap,2025-07-01/2025-12-31,KEYWORD_OTHER,Animal Exploitation,NL,0,0,0,0,0,0,0,,,,,,,
All,Snap,2025-07-01/2025-12-31,STATEMENT_CATEGORY_CONSUMER_INFORMATION,,NL,0,0,0,0,0,0,0,,,,,,,
All,Snap,2025-07-01/2025-12-31,KEYWORD_HIDDEN_ADVERTISEMENT,,NL,0,0,0,0,0,0,0,,,,,,,
All,Snap,2025-07-01/2025-12-31,KEYWORD_INSUFFICIENT_INFORMATION_ON_TRADERS,,NL,0,0,0,0,0,0,0,,,,,,,
All,Snap,2025-07-01/2025-12-31,KEYWORD_MISLEADING_INFO_GOODS_SERVICES,,NL,0,0,0,0,0,0,0,,,,,,,
All,Snap,2025-07-01/2025-12-31,KEYWORD_MISLEADING_INFO_CONSUMER_RIGHTS,,NL,0,0,0,0,0,0,0,,,,,,,
All,Snap,2025-07-01/2025-12-31,KEYWORD_NONCOMPLIANCE_PRICING,,NL,0,0,0,0,0,0,0,,,,,,,
All,Snap,2025-07-01/2025-12-31,KEYWORD_OTHER,"Text to detail the ""Other"" keyword.",NL,0,0,0,0,0,0,0,,,,,,,
All,Snap,2025-07-01/2025-12-31,STATEMENT_CATEGORY_CYBER_VIOLENCE,,NL,0,0,0,0,35,0,152,,,,,,,
All,Snap,2025-07-01/2025-12-31,KEYWORD_CYBER_BULLYING_INTIMIDATION,,NL,0,0,0,0,0,0,0,,,,,,,
All,Snap,2025-07-01/2025-12-31,KEYWORD_CYBER_HARASSMENT,,NL,0,0,0,0,8,0,38,,,,,,,
All,Snap,2025-07-01/2025-12-31,KEYWORD_CYBER_INCITEMENT,,NL,0,0,0,0,0,0,0,,,,,,,
All,Snap,2025-07-01/2025-12-31,KEYWORD_CYBER_STALKING,,NL,0,0,0,0,0,0,0,,,,,,,
All,Snap,2025-07-01/2025-12-31,KEYWORD_NON_CONSENSUAL_IMAGE_SHARING,,NL,0,0,0,0,27,0,215,,,,,,,
All,Snap,2025-07-01/2025-12-31,KEYWORD_NON_CONSENSUAL_MATERIAL_DEEPFAKE,,NL,0,0,0,0,0,0,0,,,,,,,
All,Snap,2025-07-01/2025-12-31,KEYWORD_OTHER,"Text to detail the ""Other"" keyword.",NL,0,0,0,0,0,0,0,,,,,,,
All,Snap,2025-07-01/2025-12-31,STATEMENT_CATEGORY_CYBER_VIOLENCE_AGAINST_WOMEN,,NL,0,0,0,0,0,0,0,,,,,,,
All,Snap,2025-07-01/2025-12-31,KEYWORD_BULLYING_AGAINST_GIRLS,,NL,0,0,0,0,0,0,0,,,,,,,
All,Snap,2025-07-01/2025-12-31,KEYWORD_CYBER_HARASSMENT_AGAINST_WOMEN,,NL,0,0,0,0,0,0,0,,,,,,,
All,Snap,2025-07-01/2025-12-31,KEYWORD_CYBER_STALKING_AGAINST_WOMEN,,NL,0,0,0,0,0,0,0,,,,,,,
All,Snap,2025-07-01/2025-12-31,KEYWORD_FEMALE_GENDERED_DISINFORMATION,,NL,0,0,0,0,0,0,0,,,,,,,
All,Snap,2025-07-01/2025-12-31,KEYWORD_INCITEMENT_AGAINST_WOMEN,,NL,0,0,0,0,0,0,0,,,,,,,
All,Snap,2025-07-01/2025-12-31,KEYWORD_NON_CONSENSUAL_IMAGE_SHARING_AGAINST_WOMEN,,NL,0,0,0,0,0,0,0,,,,,,,
All,Snap,2025-07-01/2025-12-31,KEYWORD_NON_CONSENSUAL_MATERIAL_DEEPFAKE_AGAINST_WOMEN,,NL,0,0,0,0,0,0,0,,,,,,,
All,Snap,2025-07-01/2025-12-31,KEYWORD_OTHER,"Text to detail the ""Other"" keyword.",NL,0,0,0,0,0,0,0,,,,,,,
All,Snap,2025-07-01/2025-12-31,STATEMENT_CATEGORY_DATA_PROTECTION_AND_PRIVACY_VIOLATIONS,,NL,0,0,0,0,3,0,335,,,,,,,
All,Snap,2025-07-01/2025-12-31,KEYWORD_BIOMETRIC_DATA_BREACH,,NL,0,0,0,0,0,0,0,,,,,,,
All,Snap,2025-07-01/2025-12-31,KEYWORD_DATA_FALSIFICATION,,NL,0,0,0,0,0,0,0,,,,,,,
All,Snap,2025-07-01/2025-12-31,KEYWORD_MISSING_PROCESSING_GROUND,,NL,0,0,0,0,0,0,0,,,,,,,
All,Snap,2025-07-01/2025-12-31,KEYWORD_RIGHT_TO_BE_FORGOTTEN,,NL,0,0,0,0,0,0,0,,,,,,,
All,Snap,2025-07-01/2025-12-31,KEYWORD_OTHER,Hacking & Cyber Crime,NL,0,0,0,0,3,0,335,,,,,,,
All,Snap,2025-07-01/2025-12-31,STATEMENT_CATEGORY_ILLEGAL_OR_HARMFUL_SPEECH,,NL,0,0,0,0,0,0,0,,,,,,,
All,Snap,2025-07-01/2025-12-31,KEYWORD_DEFAMATION,,NL,0,0,0,0,0,0,0,,,,,,,
All,Snap,2025-07-01/2025-12-31,KEYWORD_DISCRIMINATION,,NL,0,0,0,0,0,0,0,,,,,,,
All,Snap,2025-07-01/2025-12-31,KEYWORD_HATE_SPEECH,,NL,0,0,0,0,0,0,0,,,,,,,
All,Snap,2025-07-01/2025-12-31,KEYWORD_OTHER,"Text to detail the ""Other"" keyword.",NL,0,0,0,0,0,0,0,,,,,,,
All,Snap,2025-07-01/2025-12-31,STATEMENT_CATEGORY_INTELLECTUAL_PROPERTY_INFRINGEMENTS,,NL,0,0,0,0,0,0,0,,,,,,,
All,Snap,2025-07-01/2025-12-31,KEYWORD_COPYRIGHT_INFRINGEMENT,,NL,0,0,0,0,0,0,0,,,,,,,
All,Snap,2025-07-01/2025-12-31,KEYWORD_DESIGN_INFRINGEMENT,,NL,0,0,0,0,0,0,0,,,,,,,
All,Snap,2025-07-01/2025-12-31,KEYWORD_GEOGRAPHIC_INDICATIONS_INFRINGEMENT,,NL,0,0,0,0,0,0,0,,,,,,,
All,Snap,2025-07-01/2025-12-31,KEYWORD_PATENT_INFRINGEMENT,,NL,0,0,0,0,0,0,0,,,,,,,
All,Snap,2025-07-01/2025-12-31,KEYWORD_TRADE_SECRET_INFRINGEMENT,,NL,0,0,0,0,0,0,0,,,,,,,
All,Snap,2025-07-01/2025-12-31,KEYWORD_TRADEMARK_INFRINGEMENT,,NL,0,0,0,0,0,0,0,,,,,,,
All,Snap,2025-07-01/2025-12-31,KEYWORD_OTHER,"Text to detail the ""Other"" keyword.",NL,0,0,0,0,0,0,0,,,,,,,
All,Snap,2025-07-01/2025-12-31,STATEMENT_CATEGORY_NEGATIVE_EFFECTS_ON_CIVIC_DISCOURSE_OR_ELECTIONS,,NL,0,0,0,0,0,0,0,,,,,,,
All,Snap,2025-07-01/2025-12-31,KEYWORD_MISINFORMATION_DISINFORMATION,,NL,0,0,0,0,0,0,0,,,,,,,
All,Snap,2025-07-01/2025-12-31,KEYWORD_VIOLATION_EU_LAW,,NL,0,0,0,0,0,0,0,,,,,,,
All,Snap,2025-07-01/2025-12-31,KEYWORD_VIOLATION_NATIONAL_LAW,,NL,0,0,0,0,0,0,0,,,,,,,
All,Snap,2025-07-01/2025-12-31,KEYWORD_OTHER,Evidence Tampering & Obstruction,NL,0,0,0,0,0,0,0,,,,,,,
All,Snap,2025-07-01/2025-12-31,STATEMENT_CATEGORY_PROTECTION_OF_MINORS,,NL,0,0,0,0,112,0,146,,,,,,,
All,Snap,2025-07-01/2025-12-31,KEYWORD_AGE_SPECIFIC_RESTRICTIONS_MINORS,,NL,0,0,0,0,0,0,0,,,,,,,
All,Snap,2025-07-01/2025-12-31,KEYWORD_CHILD_SEXUAL_ABUSE_MATERIAL,,NL,0,0,0,0,9,0,29,,,,,,,
All,Snap,2025-07-01/2025-12-31,KEYWORD_CHILD_SEXUAL_ABUSE_MATERIAL_DEEPFAKE,,NL,0,0,0,0,0,0,0,,,,,,,
All,Snap,2025-07-01/2025-12-31,KEYWORD_GROOMING_SEXUAL_ENTICEMENT_MINORS,,NL,0,0,0,0,103,0,146,,,,,,,
All,Snap,2025-07-01/2025-12-31,KEYWORD_UNSAFE_CHALLENGES,,NL,0,0,0,0,0,0,0,,,,,,,
All,Snap,2025-07-01/2025-12-31,KEYWORD_OTHER,"Text to detail the ""Other"" keyword.",NL,0,0,0,0,0,0,0,,,,,,,
All,Snap,2025-07-01/2025-12-31,STATEMENT_CATEGORY_RISK_FOR_PUBLIC_SECURITY,,NL,0,0,0,0,94,0,44,,,,,,,
All,Snap,2025-07-01/2025-12-31,KEYWORD_ILLEGAL_ORGANIZATIONS,,NL,0,0,0,0,7,0,166,,,,,,,
All,Snap,2025-07-01/2025-12-31,KEYWORD_RISK_ENVIRONMENTAL_DAMAGE,,NL,0,0,0,0,0,0,0,,,,,,,
All,Snap,2025-07-01/2025-12-31,KEYWORD_RISK_PUBLIC_HEALTH,,NL,0,0,0,0,0,0,0,,,,,,,
All,Snap,2025-07-01/2025-12-31,KEYWORD_TERRORIST_CONTENT,,NL,0,0,0,0,17,0,20,,,,,,,
All,Snap,2025-07-01/2025-12-31,KEYWORD_OTHER,Persons at large,NL,0,0,0,0,25,0,89,,,,,,,
All,Snap,2025-07-01/2025-12-31,KEYWORD_OTHER,Arson,NL,0,0,0,0,44,0,35,,,,,,,
All,Snap,2025-07-01/2025-12-31,KEYWORD_OTHER,Other Illegal Activities,NL,0,0,0,0,1,0,350,,,,,,,
All,Snap,2025-07-01/2025-12-31,STATEMENT_CATEGORY_SCAMS_AND_FRAUD,,NL,0,0,0,0,190,0,51,,,,,,,
All,Snap,2025-07-01/2025-12-31,KEYWORD_IMPERSONATION_ACCOUNT_HIJACKING,,NL,0,0,0,0,1,0,21,,,,,,,
All,Snap,2025-07-01/2025-12-31,KEYWORD_INAUTHENTIC_ACCOUNTS,,NL,0,0,0,0,0,0,0,,,,,,,
All,Snap,2025-07-01/2025-12-31,KEYWORD_INAUTHENTIC_LISTINGS,,NL,0,0,0,0,0,0,0,,,,,,,
All,Snap,2025-07-01/2025-12-31,KEYWORD_INAUTHENTIC_USER_REVIEWS,,NL,0,0,0,0,0,0,0,,,,,,,
All,Snap,2025-07-01/2025-12-31,KEYWORD_PHISHING,,NL,0,0,0,0,0,0,0,,,,,,,
All,Snap,2025-07-01/2025-12-31,KEYWORD_PYRAMID_SCHEMES,,NL,0,0,0,0,0,0,0,,,,,,,
All,Snap,2025-07-01/2025-12-31,KEYWORD_OTHER,Fraud,NL,0,0,0,0,189,0,53,,,,,,,
All,Snap,2025-07-01/2025-12-31,STATEMENT_CATEGORY_SELF_HARM,,NL,0,0,0,0,0,0,0,,,,,,,
All,Snap,2025-07-01/2025-12-31,KEYWORD_CONTENT_PROMOTING_EATING_DISORDERS,,NL,0,0,0,0,0,0,0,,,,,,,
All,Snap,2025-07-01/2025-12-31,KEYWORD_SELF_MUTILATION,,NL,0,0,0,0,0,0,0,,,,,,,
All,Snap,2025-07-01/2025-12-31,KEYWORD_SUICIDE,,NL,0,0,0,0,0,0,0,,,,,,,
All,Snap,2025-07-01/2025-12-31,KEYWORD_OTHER,Self-harm & Suicide,NL,0,0,0,0,0,0,0,,,,,,,
All,Snap,2025-07-01/2025-12-31,STATEMENT_CATEGORY_UNSAFE_AND_PROHIBITED_PRODUCTS,,NL,0,0,0,0,116,0,108,,,,,,,
All,Snap,2025-07-01/2025-12-31,KEYWORD_PROHIBITED_PRODUCTS,,NL,0,0,0,0,116,0,108,,,,,,,
All,Snap,2025-07-01/2025-12-31,KEYWORD_UNSAFE_PRODUCTS,,NL,0,0,0,0,0,0,0,,,,,,,
All,Snap,2025-07-01/2025-12-31,KEYWORD_OTHER,"Text to detail the ""Other"" keyword.",NL,0,0,0,0,0,0,0,,,,,,,
All,Snap,2025-07-01/2025-12-31,STATEMENT_CATEGORY_VIOLENCE,,NL,0,0,0,0,429,0,52,,,,,,,
All,Snap,2025-07-01/2025-12-31,KEYWORD_COORDINATED_HARM,,NL,0,0,0,0,0,0,0,,,,,,,
All,Snap,2025-07-01/2025-12-31,KEYWORD_INCITEMENT_VIOLENCE_HATRED,,NL,0,0,0,0,0,0,0,,,,,,,
All,Snap,2025-07-01/2025-12-31,KEYWORD_HUMAN_EXPLOITATION,,NL,0,0,0,0,10,0,24,,,,,,,
All,Snap,2025-07-01/2025-12-31,KEYWORD_HUMAN_TRAFFICKING,,NL,0,0,0,0,0,0,0,,,,,,,
All,Snap,2025-07-01/2025-12-31,KEYWORD_TRAFFICKING_WOMEN_GIRLS,,NL,0,0,0,0,0,0,0,,,,,,,
All,Snap,2025-07-01/2025-12-31,KEYWORD_OTHER,Threats & Violence,NL,0,0,0,0,419,0,53,,,,,,,
All,Snap,2025-07-01/2025-12-31,STATEMENT_CATEGORY_NOT_SPECIFIED_ORDER,,NL,0,0,0,0,69,0,48,,,,,,,
All,Snap,2025-07-01/2025-12-31,TOTAL,,PL,0,0,0,0,132,0,333,,,,,,,
All,Snap,2025-07-01/2025-12-31,STATEMENT_CATEGORY_ANIMAL_WELFARE,,PL,0,0,0,0,0,0,0,,,,,,,
All,Snap,2025-07-01/2025-12-31,KEYWORD_ANIMAL_HARM,,PL,0,0,0,0,0,0,0,,,,,,,
All,Snap,2025-07-01/2025-12-31,KEYWORD_UNLAWFUL_SALE_ANIMALS,,PL,0,0,0,0,0,0,0,,,,,,,
All,Snap,2025-07-01/2025-12-31,KEYWORD_OTHER,Animal Exploitation,PL,0,0,0,0,0,0,0,,,,,,,
All,Snap,2025-07-01/2025-12-31,STATEMENT_CATEGORY_CONSUMER_INFORMATION,,PL,0,0,0,0,0,0,0,,,,,,,
All,Snap,2025-07-01/2025-12-31,KEYWORD_HIDDEN_ADVERTISEMENT,,PL,0,0,0,0,0,0,0,,,,,,,
All,Snap,2025-07-01/2025-12-31,KEYWORD_INSUFFICIENT_INFORMATION_ON_TRADERS,,PL,0,0,0,0,0,0,0,,,,,,,
All,Snap,2025-07-01/2025-12-31,KEYWORD_MISLEADING_INFO_GOODS_SERVICES,,PL,0,0,0,0,0,0,0,,,,,,,
All,Snap,2025-07-01/2025-12-31,KEYWORD_MISLEADING_INFO_CONSUMER_RIGHTS,,PL,0,0,0,0,0,0,0,,,,,,,
All,Snap,2025-07-01/2025-12-31,KEYWORD_NONCOMPLIANCE_PRICING,,PL,0,0,0,0,0,0,0,,,,,,,
All,Snap,2025-07-01/2025-12-31,KEYWORD_OTHER,"Text to detail the ""Other"" keyword.",PL,0,0,0,0,0,0,0,,,,,,,
All,Snap,2025-07-01/2025-12-31,STATEMENT_CATEGORY_CYBER_VIOLENCE,,PL,0,0,0,0,10,0,162,,,,,,,
All,Snap,2025-07-01/2025-12-31,KEYWORD_CYBER_BULLYING_INTIMIDATION,,PL,0,0,0,0,0,0,0,,,,,,,
All,Snap,2025-07-01/2025-12-31,KEYWORD_CYBER_HARASSMENT,,PL,0,0,0,0,1,0,455,,,,,,,
All,Snap,2025-07-01/2025-12-31,KEYWORD_CYBER_INCITEMENT,,PL,0,0,0,0,0,0,0,,,,,,,
All,Snap,2025-07-01/2025-12-31,KEYWORD_CYBER_STALKING,,PL,0,0,0,0,0,0,0,,,,,,,
All,Snap,2025-07-01/2025-12-31,KEYWORD_NON_CONSENSUAL_IMAGE_SHARING,,PL,0,0,0,0,9,0,162,,,,,,,
All,Snap,2025-07-01/2025-12-31,KEYWORD_NON_CONSENSUAL_MATERIAL_DEEPFAKE,,PL,0,0,0,0,0,0,0,,,,,,,
All,Snap,2025-07-01/2025-12-31,KEYWORD_OTHER,"Text to detail the ""Other"" keyword.",PL,0,0,0,0,0,0,0,,,,,,,
All,Snap,2025-07-01/2025-12-31,STATEMENT_CATEGORY_CYBER_VIOLENCE_AGAINST_WOMEN,,PL,0,0,0,0,0,0,0,,,,,,,
All,Snap,2025-07-01/2025-12-31,KEYWORD_BULLYING_AGAINST_GIRLS,,PL,0,0,0,0,0,0,0,,,,,,,
All,Snap,2025-07-01/2025-12-31,KEYWORD_CYBER_HARASSMENT_AGAINST_WOMEN,,PL,0,0,0,0,0,0,0,,,,,,,
All,Snap,2025-07-01/2025-12-31,KEYWORD_CYBER_STALKING_AGAINST_WOMEN,,PL,0,0,0,0,0,0,0,,,,,,,
All,Snap,2025-07-01/2025-12-31,KEYWORD_FEMALE_GENDERED_DISINFORMATION,,PL,0,0,0,0,0,0,0,,,,,,,
All,Snap,2025-07-01/2025-12-31,KEYWORD_INCITEMENT_AGAINST_WOMEN,,PL,0,0,0,0,0,0,0,,,,,,,
All,Snap,2025-07-01/2025-12-31,KEYWORD_NON_CONSENSUAL_IMAGE_SHARING_AGAINST_WOMEN,,PL,0,0,0,0,0,0,0,,,,,,,
All,Snap,2025-07-01/2025-12-31,KEYWORD_NON_CONSENSUAL_MATERIAL_DEEPFAKE_AGAINST_WOMEN,,PL,0,0,0,0,0,0,0,,,,,,,
All,Snap,2025-07-01/2025-12-31,KEYWORD_OTHER,"Text to detail the ""Other"" keyword.",PL,0,0,0,0,0,0,0,,,,,,,
All,Snap,2025-07-01/2025-12-31,STATEMENT_CATEGORY_DATA_PROTECTION_AND_PRIVACY_VIOLATIONS,,PL,0,0,0,0,0,0,0,,,,,,,
All,Snap,2025-07-01/2025-12-31,KEYWORD_BIOMETRIC_DATA_BREACH,,PL,0,0,0,0,0,0,0,,,,,,,
All,Snap,2025-07-01/2025-12-31,KEYWORD_DATA_FALSIFICATION,,PL,0,0,0,0,0,0,0,,,,,,,
All,Snap,2025-07-01/2025-12-31,KEYWORD_MISSING_PROCESSING_GROUND,,PL,0,0,0,0,0,0,0,,,,,,,
All,Snap,2025-07-01/2025-12-31,KEYWORD_RIGHT_TO_BE_FORGOTTEN,,PL,0,0,0,0,0,0,0,,,,,,,
All,Snap,2025-07-01/2025-12-31,KEYWORD_OTHER,Hacking & Cyber Crime,PL,0,0,0,0,0,0,0,,,,,,,
All,Snap,2025-07-01/2025-12-31,STATEMENT_CATEGORY_ILLEGAL_OR_HARMFUL_SPEECH,,PL,0,0,0,0,0,0,0,,,,,,,
All,Snap,2025-07-01/2025-12-31,KEYWORD_DEFAMATION,,PL,0,0,0,0,0,0,0,,,,,,,
All,Snap,2025-07-01/2025-12-31,KEYWORD_DISCRIMINATION,,PL,0,0,0,0,0,0,0,,,,,,,
All,Snap,2025-07-01/2025-12-31,KEYWORD_HATE_SPEECH,,PL,0,0,0,0,0,0,0,,,,,,,
All,Snap,2025-07-01/2025-12-31,KEYWORD_OTHER,"Text to detail the ""Other"" keyword.",PL,0,0,0,0,0,0,0,,,,,,,
All,Snap,2025-07-01/2025-12-31,STATEMENT_CATEGORY_INTELLECTUAL_PROPERTY_INFRINGEMENTS,,PL,0,0,0,0,0,0,0,,,,,,,
All,Snap,2025-07-01/2025-12-31,KEYWORD_COPYRIGHT_INFRINGEMENT,,PL,0,0,0,0,0,0,0,,,,,,,
All,Snap,2025-07-01/2025-12-31,KEYWORD_DESIGN_INFRINGEMENT,,PL,0,0,0,0,0,0,0,,,,,,,
All,Snap,2025-07-01/2025-12-31,KEYWORD_GEOGRAPHIC_INDICATIONS_INFRINGEMENT,,PL,0,0,0,0,0,0,0,,,,,,,
All,Snap,2025-07-01/2025-12-31,KEYWORD_PATENT_INFRINGEMENT,,PL,0,0,0,0,0,0,0,,,,,,,
All,Snap,2025-07-01/2025-12-31,KEYWORD_TRADE_SECRET_INFRINGEMENT,,PL,0,0,0,0,0,0,0,,,,,,,
All,Snap,2025-07-01/2025-12-31,KEYWORD_TRADEMARK_INFRINGEMENT,,PL,0,0,0,0,0,0,0,,,,,,,
All,Snap,2025-07-01/2025-12-31,KEYWORD_OTHER,"Text to detail the ""Other"" keyword.",PL,0,0,0,0,0,0,0,,,,,,,
All,Snap,2025-07-01/2025-12-31,STATEMENT_CATEGORY_NEGATIVE_EFFECTS_ON_CIVIC_DISCOURSE_OR_ELECTIONS,,PL,0,0,0,0,0,0,0,,,,,,,
All,Snap,2025-07-01/2025-12-31,KEYWORD_MISINFORMATION_DISINFORMATION,,PL,0,0,0,0,0,0,0,,,,,,,
All,Snap,2025-07-01/2025-12-31,KEYWORD_VIOLATION_EU_LAW,,PL,0,0,0,0,0,0,0,,,,,,,
All,Snap,2025-07-01/2025-12-31,KEYWORD_VIOLATION_NATIONAL_LAW,,PL,0,0,0,0,0,0,0,,,,,,,
All,Snap,2025-07-01/2025-12-31,KEYWORD_OTHER,Evidence Tampering & Obstruction,PL,0,0,0,0,0,0,0,,,,,,,
All,Snap,2025-07-01/2025-12-31,STATEMENT_CATEGORY_PROTECTION_OF_MINORS,,PL,0,0,0,0,74,0,369,,,,,,,
All,Snap,2025-07-01/2025-12-31,KEYWORD_AGE_SPECIFIC_RESTRICTIONS_MINORS,,PL,0,0,0,0,0,0,0,,,,,,,
All,Snap,2025-07-01/2025-12-31,KEYWORD_CHILD_SEXUAL_ABUSE_MATERIAL,,PL,0,0,0,0,13,0,449,,,,,,,
All,Snap,2025-07-01/2025-12-31,KEYWORD_CHILD_SEXUAL_ABUSE_MATERIAL_DEEPFAKE,,PL,0,0,0,0,0,0,0,,,,,,,
All,Snap,2025-07-01/2025-12-31,KEYWORD_GROOMING_SEXUAL_ENTICEMENT_MINORS,,PL,0,0,0,0,61,0,360,,,,,,,
All,Snap,2025-07-01/2025-12-31,KEYWORD_UNSAFE_CHALLENGES,,PL,0,0,0,0,0,0,0,,,,,,,
All,Snap,2025-07-01/2025-12-31,KEYWORD_OTHER,"Text to detail the ""Other"" keyword.",PL,0,0,0,0,0,0,0,,,,,,,
All,Snap,2025-07-01/2025-12-31,STATEMENT_CATEGORY_RISK_FOR_PUBLIC_SECURITY,,PL,0,0,0,0,1,0,808,,,,,,,
All,Snap,2025-07-01/2025-12-31,KEYWORD_ILLEGAL_ORGANIZATIONS,,PL,0,0,0,0,0,0,0,,,,,,,
All,Snap,2025-07-01/2025-12-31,KEYWORD_RISK_ENVIRONMENTAL_DAMAGE,,PL,0,0,0,0,0,0,0,,,,,,,
All,Snap,2025-07-01/2025-12-31,KEYWORD_RISK_PUBLIC_HEALTH,,PL,0,0,0,0,0,0,0,,,,,,,
All,Snap,2025-07-01/2025-12-31,KEYWORD_TERRORIST_CONTENT,,PL,0,0,0,0,0,0,0,,,,,,,
All,Snap,2025-07-01/2025-12-31,KEYWORD_OTHER,Persons at large,PL,0,0,0,0,0,0,0,,,,,,,
All,Snap,2025-07-01/2025-12-31,KEYWORD_OTHER,Arson,PL,0,0,0,0,0,0,0,,,,,,,
All,Snap,2025-07-01/2025-12-31,KEYWORD_OTHER,Other Illegal Activities,PL,0,0,0,0,1,0,808,,,,,,,
All,Snap,2025-07-01/2025-12-31,STATEMENT_CATEGORY_SCAMS_AND_FRAUD,,PL,0,0,0,0,12,0,363,,,,,,,
All,Snap,2025-07-01/2025-12-31,KEYWORD_IMPERSONATION_ACCOUNT_HIJACKING,,PL,0,0,0,0,0,0,0,,,,,,,
All,Snap,2025-07-01/2025-12-31,KEYWORD_INAUTHENTIC_ACCOUNTS,,PL,0,0,0,0,0,0,0,,,,,,,
All,Snap,2025-07-01/2025-12-31,KEYWORD_INAUTHENTIC_LISTINGS,,PL,0,0,0,0,0,0,0,,,,,,,
All,Snap,2025-07-01/2025-12-31,KEYWORD_INAUTHENTIC_USER_REVIEWS,,PL,0,0,0,0,0,0,0,,,,,,,
All,Snap,2025-07-01/2025-12-31,KEYWORD_PHISHING,,PL,0,0,0,0,0,0,0,,,,,,,
All,Snap,2025-07-01/2025-12-31,KEYWORD_PYRAMID_SCHEMES,,PL,0,0,0,0,0,0,0,,,,,,,
All,Snap,2025-07-01/2025-12-31,KEYWORD_OTHER,Fraud,PL,0,0,0,0,12,0,363,,,,,,,
All,Snap,2025-07-01/2025-12-31,STATEMENT_CATEGORY_SELF_HARM,,PL,0,0,0,0,0,0,0,,,,,,,
All,Snap,2025-07-01/2025-12-31,KEYWORD_CONTENT_PROMOTING_EATING_DISORDERS,,PL,0,0,0,0,0,0,0,,,,,,,
All,Snap,2025-07-01/2025-12-31,KEYWORD_SELF_MUTILATION,,PL,0,0,0,0,0,0,0,,,,,,,
All,Snap,2025-07-01/2025-12-31,KEYWORD_SUICIDE,,PL,0,0,0,0,0,0,0,,,,,,,
All,Snap,2025-07-01/2025-12-31,KEYWORD_OTHER,Self-harm & Suicide,PL,0,0,0,0,0,0,0,,,,,,,
All,Snap,2025-07-01/2025-12-31,STATEMENT_CATEGORY_UNSAFE_AND_PROHIBITED_PRODUCTS,,PL,0,0,0,0,23,0,294,,,,,,,
All,Snap,2025-07-01/2025-12-31,KEYWORD_PROHIBITED_PRODUCTS,,PL,0,0,0,0,23,0,294,,,,,,,
All,Snap,2025-07-01/2025-12-31,KEYWORD_UNSAFE_PRODUCTS,,PL,0,0,0,0,0,0,0,,,,,,,
All,Snap,2025-07-01/2025-12-31,KEYWORD_OTHER,"Text to detail the ""Other"" keyword.",PL,0,0,0,0,0,0,0,,,,,,,
All,Snap,2025-07-01/2025-12-31,STATEMENT_CATEGORY_VIOLENCE,,PL,0,0,0,0,10,0,168,,,,,,,
All,Snap,2025-07-01/2025-12-31,KEYWORD_COORDINATED_HARM,,PL,0,0,0,0,0,0,0,,,,,,,
All,Snap,2025-07-01/2025-12-31,KEYWORD_INCITEMENT_VIOLENCE_HATRED,,PL,0,0,0,0,0,0,0,,,,,,,
All,Snap,2025-07-01/2025-12-31,KEYWORD_HUMAN_EXPLOITATION,,PL,0,0,0,0,2,0,333,,,,,,,
All,Snap,2025-07-01/2025-12-31,KEYWORD_HUMAN_TRAFFICKING,,PL,0,0,0,0,0,0,0,,,,,,,
All,Snap,2025-07-01/2025-12-31,KEYWORD_TRAFFICKING_WOMEN_GIRLS,,PL,0,0,0,0,0,0,0,,,,,,,
All,Snap,2025-07-01/2025-12-31,KEYWORD_OTHER,Threats & Violence,PL,0,0,0,0,8,0,142,,,,,,,
All,Snap,2025-07-01/2025-12-31,STATEMENT_CATEGORY_NOT_SPECIFIED_ORDER,,PL,0,0,0,0,2,0,162,,,,,,,
All,Snap,2025-07-01/2025-12-31,TOTAL,,PT,0,0,0,0,5,0,515,,,,,,,
All,Snap,2025-07-01/2025-12-31,STATEMENT_CATEGORY_ANIMAL_WELFARE,,PT,0,0,0,0,0,0,0,,,,,,,
All,Snap,2025-07-01/2025-12-31,KEYWORD_ANIMAL_HARM,,PT,0,0,0,0,0,0,0,,,,,,,
All,Snap,2025-07-01/2025-12-31,KEYWORD_UNLAWFUL_SALE_ANIMALS,,PT,0,0,0,0,0,0,0,,,,,,,
All,Snap,2025-07-01/2025-12-31,KEYWORD_OTHER,Animal Exploitation,PT,0,0,0,0,0,0,0,,,,,,,
All,Snap,2025-07-01/2025-12-31,STATEMENT_CATEGORY_CONSUMER_INFORMATION,,PT,0,0,0,0,0,0,0,,,,,,,
All,Snap,2025-07-01/2025-12-31,KEYWORD_HIDDEN_ADVERTISEMENT,,PT,0,0,0,0,0,0,0,,,,,,,
All,Snap,2025-07-01/2025-12-31,KEYWORD_INSUFFICIENT_INFORMATION_ON_TRADERS,,PT,0,0,0,0,0,0,0,,,,,,,
All,Snap,2025-07-01/2025-12-31,KEYWORD_MISLEADING_INFO_GOODS_SERVICES,,PT,0,0,0,0,0,0,0,,,,,,,
All,Snap,2025-07-01/2025-12-31,KEYWORD_MISLEADING_INFO_CONSUMER_RIGHTS,,PT,0,0,0,0,0,0,0,,,,,,,
All,Snap,2025-07-01/2025-12-31,KEYWORD_NONCOMPLIANCE_PRICING,,PT,0,0,0,0,0,0,0,,,,,,,
All,Snap,2025-07-01/2025-12-31,KEYWORD_OTHER,"Text to detail the ""Other"" keyword.",PT,0,0,0,0,0,0,0,,,,,,,
All,Snap,2025-07-01/2025-12-31,STATEMENT_CATEGORY_CYBER_VIOLENCE,,PT,0,0,0,0,0,0,0,,,,,,,
All,Snap,2025-07-01/2025-12-31,KEYWORD_CYBER_BULLYING_INTIMIDATION,,PT,0,0,0,0,0,0,0,,,,,,,
All,Snap,2025-07-01/2025-12-31,KEYWORD_CYBER_HARASSMENT,,PT,0,0,0,0,0,0,0,,,,,,,
All,Snap,2025-07-01/2025-12-31,KEYWORD_CYBER_INCITEMENT,,PT,0,0,0,0,0,0,0,,,,,,,
All,Snap,2025-07-01/2025-12-31,KEYWORD_CYBER_STALKING,,PT,0,0,0,0,0,0,0,,,,,,,
All,Snap,2025-07-01/2025-12-31,KEYWORD_NON_CONSENSUAL_IMAGE_SHARING,,PT,0,0,0,0,0,0,0,,,,,,,
All,Snap,2025-07-01/2025-12-31,KEYWORD_NON_CONSENSUAL_MATERIAL_DEEPFAKE,,PT,0,0,0,0,0,0,0,,,,,,,
All,Snap,2025-07-01/2025-12-31,KEYWORD_OTHER,"Text to detail the ""Other"" keyword.",PT,0,0,0,0,0,0,0,,,,,,,
All,Snap,2025-07-01/2025-12-31,STATEMENT_CATEGORY_CYBER_VIOLENCE_AGAINST_WOMEN,,PT,0,0,0,0,0,0,0,,,,,,,
All,Snap,2025-07-01/2025-12-31,KEYWORD_BULLYING_AGAINST_GIRLS,,PT,0,0,0,0,0,0,0,,,,,,,
All,Snap,2025-07-01/2025-12-31,KEYWORD_CYBER_HARASSMENT_AGAINST_WOMEN,,PT,0,0,0,0,0,0,0,,,,,,,
All,Snap,2025-07-01/2025-12-31,KEYWORD_CYBER_STALKING_AGAINST_WOMEN,,PT,0,0,0,0,0,0,0,,,,,,,
All,Snap,2025-07-01/2025-12-31,KEYWORD_FEMALE_GENDERED_DISINFORMATION,,PT,0,0,0,0,0,0,0,,,,,,,
All,Snap,2025-07-01/2025-12-31,KEYWORD_INCITEMENT_AGAINST_WOMEN,,PT,0,0,0,0,0,0,0,,,,,,,
All,Snap,2025-07-01/2025-12-31,KEYWORD_NON_CONSENSUAL_IMAGE_SHARING_AGAINST_WOMEN,,PT,0,0,0,0,0,0,0,,,,,,,
All,Snap,2025-07-01/2025-12-31,KEYWORD_NON_CONSENSUAL_MATERIAL_DEEPFAKE_AGAINST_WOMEN,,PT,0,0,0,0,0,0,0,,,,,,,
All,Snap,2025-07-01/2025-12-31,KEYWORD_OTHER,"Text to detail the ""Other"" keyword.",PT,0,0,0,0,0,0,0,,,,,,,
All,Snap,2025-07-01/2025-12-31,STATEMENT_CATEGORY_DATA_PROTECTION_AND_PRIVACY_VIOLATIONS,,PT,0,0,0,0,0,0,0,,,,,,,
All,Snap,2025-07-01/2025-12-31,KEYWORD_BIOMETRIC_DATA_BREACH,,PT,0,0,0,0,0,0,0,,,,,,,
All,Snap,2025-07-01/2025-12-31,KEYWORD_DATA_FALSIFICATION,,PT,0,0,0,0,0,0,0,,,,,,,
All,Snap,2025-07-01/2025-12-31,KEYWORD_MISSING_PROCESSING_GROUND,,PT,0,0,0,0,0,0,0,,,,,,,
All,Snap,2025-07-01/2025-12-31,KEYWORD_RIGHT_TO_BE_FORGOTTEN,,PT,0,0,0,0,0,0,0,,,,,,,
All,Snap,2025-07-01/2025-12-31,KEYWORD_OTHER,Hacking & Cyber Crime,PT,0,0,0,0,0,0,0,,,,,,,
All,Snap,2025-07-01/2025-12-31,STATEMENT_CATEGORY_ILLEGAL_OR_HARMFUL_SPEECH,,PT,0,0,0,0,0,0,0,,,,,,,
All,Snap,2025-07-01/2025-12-31,KEYWORD_DEFAMATION,,PT,0,0,0,0,0,0,0,,,,,,,
All,Snap,2025-07-01/2025-12-31,KEYWORD_DISCRIMINATION,,PT,0,0,0,0,0,0,0,,,,,,,
All,Snap,2025-07-01/2025-12-31,KEYWORD_HATE_SPEECH,,PT,0,0,0,0,0,0,0,,,,,,,
All,Snap,2025-07-01/2025-12-31,KEYWORD_OTHER,"Text to detail the ""Other"" keyword.",PT,0,0,0,0,0,0,0,,,,,,,
All,Snap,2025-07-01/2025-12-31,STATEMENT_CATEGORY_INTELLECTUAL_PROPERTY_INFRINGEMENTS,,PT,0,0,0,0,0,0,0,,,,,,,
All,Snap,2025-07-01/2025-12-31,KEYWORD_COPYRIGHT_INFRINGEMENT,,PT,0,0,0,0,0,0,0,,,,,,,
All,Snap,2025-07-01/2025-12-31,KEYWORD_DESIGN_INFRINGEMENT,,PT,0,0,0,0,0,0,0,,,,,,,
All,Snap,2025-07-01/2025-12-31,KEYWORD_GEOGRAPHIC_INDICATIONS_INFRINGEMENT,,PT,0,0,0,0,0,0,0,,,,,,,
All,Snap,2025-07-01/2025-12-31,KEYWORD_PATENT_INFRINGEMENT,,PT,0,0,0,0,0,0,0,,,,,,,
All,Snap,2025-07-01/2025-12-31,KEYWORD_TRADE_SECRET_INFRINGEMENT,,PT,0,0,0,0,0,0,0,,,,,,,
All,Snap,2025-07-01/2025-12-31,KEYWORD_TRADEMARK_INFRINGEMENT,,PT,0,0,0,0,0,0,0,,,,,,,
All,Snap,2025-07-01/2025-12-31,KEYWORD_OTHER,"Text to detail the ""Other"" keyword.",PT,0,0,0,0,0,0,0,,,,,,,
All,Snap,2025-07-01/2025-12-31,STATEMENT_CATEGORY_NEGATIVE_EFFECTS_ON_CIVIC_DISCOURSE_OR_ELECTIONS,,PT,0,0,0,0,0,0,0,,,,,,,
All,Snap,2025-07-01/2025-12-31,KEYWORD_MISINFORMATION_DISINFORMATION,,PT,0,0,0,0,0,0,0,,,,,,,
All,Snap,2025-07-01/2025-12-31,KEYWORD_VIOLATION_EU_LAW,,PT,0,0,0,0,0,0,0,,,,,,,
All,Snap,2025-07-01/2025-12-31,KEYWORD_VIOLATION_NATIONAL_LAW,,PT,0,0,0,0,0,0,0,,,,,,,
All,Snap,2025-07-01/2025-12-31,KEYWORD_OTHER,Evidence Tampering & Obstruction,PT,0,0,0,0,0,0,0,,,,,,,
All,Snap,2025-07-01/2025-12-31,STATEMENT_CATEGORY_PROTECTION_OF_MINORS,,PT,0,0,0,0,2,0,515,,,,,,,
All,Snap,2025-07-01/2025-12-31,KEYWORD_AGE_SPECIFIC_RESTRICTIONS_MINORS,,PT,0,0,0,0,0,0,0,,,,,,,
All,Snap,2025-07-01/2025-12-31,KEYWORD_CHILD_SEXUAL_ABUSE_MATERIAL,,PT,0,0,0,0,0,0,0,,,,,,,
All,Snap,2025-07-01/2025-12-31,KEYWORD_CHILD_SEXUAL_ABUSE_MATERIAL_DEEPFAKE,,PT,0,0,0,0,0,0,0,,,,,,,
All,Snap,2025-07-01/2025-12-31,KEYWORD_GROOMING_SEXUAL_ENTICEMENT_MINORS,,PT,0,0,0,0,2,0,515,,,,,,,
All,Snap,2025-07-01/2025-12-31,KEYWORD_UNSAFE_CHALLENGES,,PT,0,0,0,0,0,0,0,,,,,,,
All,Snap,2025-07-01/2025-12-31,KEYWORD_OTHER,"Text to detail the ""Other"" keyword.",PT,0,0,0,0,0,0,0,,,,,,,
All,Snap,2025-07-01/2025-12-31,STATEMENT_CATEGORY_RISK_FOR_PUBLIC_SECURITY,,PT,0,0,0,0,0,0,0,,,,,,,
All,Snap,2025-07-01/2025-12-31,KEYWORD_ILLEGAL_ORGANIZATIONS,,PT,0,0,0,0,0,0,0,,,,,,,
All,Snap,2025-07-01/2025-12-31,KEYWORD_RISK_ENVIRONMENTAL_DAMAGE,,PT,0,0,0,0,0,0,0,,,,,,,
All,Snap,2025-07-01/2025-12-31,KEYWORD_RISK_PUBLIC_HEALTH,,PT,0,0,0,0,0,0,0,,,,,,,
All,Snap,2025-07-01/2025-12-31,KEYWORD_TERRORIST_CONTENT,,PT,0,0,0,0,0,0,0,,,,,,,
All,Snap,2025-07-01/2025-12-31,KEYWORD_OTHER,Persons at large,PT,0,0,0,0,0,0,0,,,,,,,
All,Snap,2025-07-01/2025-12-31,KEYWORD_OTHER,Arson,PT,0,0,0,0,0,0,0,,,,,,,
All,Snap,2025-07-01/2025-12-31,KEYWORD_OTHER,Other Illegal Activities,PT,0,0,0,0,0,0,0,,,,,,,
All,Snap,2025-07-01/2025-12-31,STATEMENT_CATEGORY_SCAMS_AND_FRAUD,,PT,0,0,0,0,1,0,198,,,,,,,
All,Snap,2025-07-01/2025-12-31,KEYWORD_IMPERSONATION_ACCOUNT_HIJACKING,,PT,0,0,0,0,0,0,0,,,,,,,
All,Snap,2025-07-01/2025-12-31,KEYWORD_INAUTHENTIC_ACCOUNTS,,PT,0,0,0,0,0,0,0,,,,,,,
All,Snap,2025-07-01/2025-12-31,KEYWORD_INAUTHENTIC_LISTINGS,,PT,0,0,0,0,0,0,0,,,,,,,
All,Snap,2025-07-01/2025-12-31,KEYWORD_INAUTHENTIC_USER_REVIEWS,,PT,0,0,0,0,0,0,0,,,,,,,
All,Snap,2025-07-01/2025-12-31,KEYWORD_PHISHING,,PT,0,0,0,0,0,0,0,,,,,,,
All,Snap,2025-07-01/2025-12-31,KEYWORD_PYRAMID_SCHEMES,,PT,0,0,0,0,0,0,0,,,,,,,
All,Snap,2025-07-01/2025-12-31,KEYWORD_OTHER,Fraud,PT,0,0,0,0,1,0,198,,,,,,,
All,Snap,2025-07-01/2025-12-31,STATEMENT_CATEGORY_SELF_HARM,,PT,0,0,0,0,0,0,0,,,,,,,
All,Snap,2025-07-01/2025-12-31,KEYWORD_CONTENT_PROMOTING_EATING_DISORDERS,,PT,0,0,0,0,0,0,0,,,,,,,
All,Snap,2025-07-01/2025-12-31,KEYWORD_SELF_MUTILATION,,PT,0,0,0,0,0,0,0,,,,,,,
All,Snap,2025-07-01/2025-12-31,KEYWORD_SUICIDE,,PT,0,0,0,0,0,0,0,,,,,,,
All,Snap,2025-07-01/2025-12-31,KEYWORD_OTHER,Self-harm & Suicide,PT,0,0,0,0,0,0,0,,,,,,,
All,Snap,2025-07-01/2025-12-31,STATEMENT_CATEGORY_UNSAFE_AND_PROHIBITED_PRODUCTS,,PT,0,0,0,0,0,0,0,,,,,,,
All,Snap,2025-07-01/2025-12-31,KEYWORD_PROHIBITED_PRODUCTS,,PT,0,0,0,0,0,0,0,,,,,,,
All,Snap,2025-07-01/2025-12-31,KEYWORD_UNSAFE_PRODUCTS,,PT,0,0,0,0,0,0,0,,,,,,,
All,Snap,2025-07-01/2025-12-31,KEYWORD_OTHER,"Text to detail the ""Other"" keyword.",PT,0,0,0,0,0,0,0,,,,,,,
All,Snap,2025-07-01/2025-12-31,STATEMENT_CATEGORY_VIOLENCE,,PT,0,0,0,0,2,0,512,,,,,,,
All,Snap,2025-07-01/2025-12-31,KEYWORD_COORDINATED_HARM,,PT,0,0,0,0,0,0,0,,,,,,,
All,Snap,2025-07-01/2025-12-31,KEYWORD_INCITEMENT_VIOLENCE_HATRED,,PT,0,0,0,0,0,0,0,,,,,,,
All,Snap,2025-07-01/2025-12-31,KEYWORD_HUMAN_EXPLOITATION,,PT,0,0,0,0,0,0,0,,,,,,,
All,Snap,2025-07-01/2025-12-31,KEYWORD_HUMAN_TRAFFICKING,,PT,0,0,0,0,0,0,0,,,,,,,
All,Snap,2025-07-01/2025-12-31,KEYWORD_TRAFFICKING_WOMEN_GIRLS,,PT,0,0,0,0,0,0,0,,,,,,,
All,Snap,2025-07-01/2025-12-31,KEYWORD_OTHER,Threats & Violence,PT,0,0,0,0,2,0,512,,,,,,,
All,Snap,2025-07-01/2025-12-31,STATEMENT_CATEGORY_NOT_SPECIFIED_ORDER,,PT,0,0,0,0,0,0,0,,,,,,,
All,Snap,2025-07-01/2025-12-31,TOTAL,,RO,0,0,0,0,32,0,583,,,,,,,
All,Snap,2025-07-01/2025-12-31,STATEMENT_CATEGORY_ANIMAL_WELFARE,,RO,0,0,0,0,0,0,0,,,,,,,
All,Snap,2025-07-01/2025-12-31,KEYWORD_ANIMAL_HARM,,RO,0,0,0,0,0,0,0,,,,,,,
All,Snap,2025-07-01/2025-12-31,KEYWORD_UNLAWFUL_SALE_ANIMALS,,RO,0,0,0,0,0,0,0,,,,,,,
All,Snap,2025-07-01/2025-12-31,KEYWORD_OTHER,Animal Exploitation,RO,0,0,0,0,0,0,0,,,,,,,
All,Snap,2025-07-01/2025-12-31,STATEMENT_CATEGORY_CONSUMER_INFORMATION,,RO,0,0,0,0,0,0,0,,,,,,,
All,Snap,2025-07-01/2025-12-31,KEYWORD_HIDDEN_ADVERTISEMENT,,RO,0,0,0,0,0,0,0,,,,,,,
All,Snap,2025-07-01/2025-12-31,KEYWORD_INSUFFICIENT_INFORMATION_ON_TRADERS,,RO,0,0,0,0,0,0,0,,,,,,,
All,Snap,2025-07-01/2025-12-31,KEYWORD_MISLEADING_INFO_GOODS_SERVICES,,RO,0,0,0,0,0,0,0,,,,,,,
All,Snap,2025-07-01/2025-12-31,KEYWORD_MISLEADING_INFO_CONSUMER_RIGHTS,,RO,0,0,0,0,0,0,0,,,,,,,
All,Snap,2025-07-01/2025-12-31,KEYWORD_NONCOMPLIANCE_PRICING,,RO,0,0,0,0,0,0,0,,,,,,,
All,Snap,2025-07-01/2025-12-31,KEYWORD_OTHER,"Text to detail the ""Other"" keyword.",RO,0,0,0,0,0,0,0,,,,,,,
All,Snap,2025-07-01/2025-12-31,STATEMENT_CATEGORY_CYBER_VIOLENCE,,RO,0,0,0,0,4,0,484,,,,,,,
All,Snap,2025-07-01/2025-12-31,KEYWORD_CYBER_BULLYING_INTIMIDATION,,RO,0,0,0,0,0,0,0,,,,,,,
All,Snap,2025-07-01/2025-12-31,KEYWORD_CYBER_HARASSMENT,,RO,0,0,0,0,0,0,0,,,,,,,
All,Snap,2025-07-01/2025-12-31,KEYWORD_CYBER_INCITEMENT,,RO,0,0,0,0,0,0,0,,,,,,,
All,Snap,2025-07-01/2025-12-31,KEYWORD_CYBER_STALKING,,RO,0,0,0,0,0,0,0,,,,,,,
All,Snap,2025-07-01/2025-12-31,KEYWORD_NON_CONSENSUAL_IMAGE_SHARING,,RO,0,0,0,0,4,0,484,,,,,,,
All,Snap,2025-07-01/2025-12-31,KEYWORD_NON_CONSENSUAL_MATERIAL_DEEPFAKE,,RO,0,0,0,0,0,0,0,,,,,,,
All,Snap,2025-07-01/2025-12-31,KEYWORD_OTHER,"Text to detail the ""Other"" keyword.",RO,0,0,0,0,0,0,0,,,,,,,
All,Snap,2025-07-01/2025-12-31,STATEMENT_CATEGORY_CYBER_VIOLENCE_AGAINST_WOMEN,,RO,0,0,0,0,0,0,0,,,,,,,
All,Snap,2025-07-01/2025-12-31,KEYWORD_BULLYING_AGAINST_GIRLS,,RO,0,0,0,0,0,0,0,,,,,,,
All,Snap,2025-07-01/2025-12-31,KEYWORD_CYBER_HARASSMENT_AGAINST_WOMEN,,RO,0,0,0,0,0,0,0,,,,,,,
All,Snap,2025-07-01/2025-12-31,KEYWORD_CYBER_STALKING_AGAINST_WOMEN,,RO,0,0,0,0,0,0,0,,,,,,,
All,Snap,2025-07-01/2025-12-31,KEYWORD_FEMALE_GENDERED_DISINFORMATION,,RO,0,0,0,0,0,0,0,,,,,,,
All,Snap,2025-07-01/2025-12-31,KEYWORD_INCITEMENT_AGAINST_WOMEN,,RO,0,0,0,0,0,0,0,,,,,,,
All,Snap,2025-07-01/2025-12-31,KEYWORD_NON_CONSENSUAL_IMAGE_SHARING_AGAINST_WOMEN,,RO,0,0,0,0,0,0,0,,,,,,,
All,Snap,2025-07-01/2025-12-31,KEYWORD_NON_CONSENSUAL_MATERIAL_DEEPFAKE_AGAINST_WOMEN,,RO,0,0,0,0,0,0,0,,,,,,,
All,Snap,2025-07-01/2025-12-31,KEYWORD_OTHER,"Text to detail the ""Other"" keyword.",RO,0,0,0,0,0,0,0,,,,,,,
All,Snap,2025-07-01/2025-12-31,STATEMENT_CATEGORY_DATA_PROTECTION_AND_PRIVACY_VIOLATIONS,,RO,0,0,0,0,0,0,0,,,,,,,
All,Snap,2025-07-01/2025-12-31,KEYWORD_BIOMETRIC_DATA_BREACH,,RO,0,0,0,0,0,0,0,,,,,,,
All,Snap,2025-07-01/2025-12-31,KEYWORD_DATA_FALSIFICATION,,RO,0,0,0,0,0,0,0,,,,,,,
All,Snap,2025-07-01/2025-12-31,KEYWORD_MISSING_PROCESSING_GROUND,,RO,0,0,0,0,0,0,0,,,,,,,
All,Snap,2025-07-01/2025-12-31,KEYWORD_RIGHT_TO_BE_FORGOTTEN,,RO,0,0,0,0,0,0,0,,,,,,,
All,Snap,2025-07-01/2025-12-31,KEYWORD_OTHER,Hacking & Cyber Crime,RO,0,0,0,0,0,0,0,,,,,,,
All,Snap,2025-07-01/2025-12-31,STATEMENT_CATEGORY_ILLEGAL_OR_HARMFUL_SPEECH,,RO,0,0,0,0,0,0,0,,,,,,,
All,Snap,2025-07-01/2025-12-31,KEYWORD_DEFAMATION,,RO,0,0,0,0,0,0,0,,,,,,,
All,Snap,2025-07-01/2025-12-31,KEYWORD_DISCRIMINATION,,RO,0,0,0,0,0,0,0,,,,,,,
All,Snap,2025-07-01/2025-12-31,KEYWORD_HATE_SPEECH,,RO,0,0,0,0,0,0,0,,,,,,,
All,Snap,2025-07-01/2025-12-31,KEYWORD_OTHER,"Text to detail the ""Other"" keyword.",RO,0,0,0,0,0,0,0,,,,,,,
All,Snap,2025-07-01/2025-12-31,STATEMENT_CATEGORY_INTELLECTUAL_PROPERTY_INFRINGEMENTS,,RO,0,0,0,0,0,0,0,,,,,,,
All,Snap,2025-07-01/2025-12-31,KEYWORD_COPYRIGHT_INFRINGEMENT,,RO,0,0,0,0,0,0,0,,,,,,,
All,Snap,2025-07-01/2025-12-31,KEYWORD_DESIGN_INFRINGEMENT,,RO,0,0,0,0,0,0,0,,,,,,,
All,Snap,2025-07-01/2025-12-31,KEYWORD_GEOGRAPHIC_INDICATIONS_INFRINGEMENT,,RO,0,0,0,0,0,0,0,,,,,,,
All,Snap,2025-07-01/2025-12-31,KEYWORD_PATENT_INFRINGEMENT,,RO,0,0,0,0,0,0,0,,,,,,,
All,Snap,2025-07-01/2025-12-31,KEYWORD_TRADE_SECRET_INFRINGEMENT,,RO,0,0,0,0,0,0,0,,,,,,,
All,Snap,2025-07-01/2025-12-31,KEYWORD_TRADEMARK_INFRINGEMENT,,RO,0,0,0,0,0,0,0,,,,,,,
All,Snap,2025-07-01/2025-12-31,KEYWORD_OTHER,"Text to detail the ""Other"" keyword.",RO,0,0,0,0,0,0,0,,,,,,,
All,Snap,2025-07-01/2025-12-31,STATEMENT_CATEGORY_NEGATIVE_EFFECTS_ON_CIVIC_DISCOURSE_OR_ELECTIONS,,RO,0,0,0,0,0,0,0,,,,,,,
All,Snap,2025-07-01/2025-12-31,KEYWORD_MISINFORMATION_DISINFORMATION,,RO,0,0,0,0,0,0,0,,,,,,,
All,Snap,2025-07-01/2025-12-31,KEYWORD_VIOLATION_EU_LAW,,RO,0,0,0,0,0,0,0,,,,,,,
All,Snap,2025-07-01/2025-12-31,KEYWORD_VIOLATION_NATIONAL_LAW,,RO,0,0,0,0,0,0,0,,,,,,,
All,Snap,2025-07-01/2025-12-31,KEYWORD_OTHER,Evidence Tampering & Obstruction,RO,0,0,0,0,0,0,0,,,,,,,
All,Snap,2025-07-01/2025-12-31,STATEMENT_CATEGORY_PROTECTION_OF_MINORS,,RO,0,0,0,0,22,0,611,,,,,,,
All,Snap,2025-07-01/2025-12-31,KEYWORD_AGE_SPECIFIC_RESTRICTIONS_MINORS,,RO,0,0,0,0,0,0,0,,,,,,,
All,Snap,2025-07-01/2025-12-31,KEYWORD_CHILD_SEXUAL_ABUSE_MATERIAL,,RO,0,0,0,0,6,0,611,,,,,,,
All,Snap,2025-07-01/2025-12-31,KEYWORD_CHILD_SEXUAL_ABUSE_MATERIAL_DEEPFAKE,,RO,0,0,0,0,0,0,0,,,,,,,
All,Snap,2025-07-01/2025-12-31,KEYWORD_GROOMING_SEXUAL_ENTICEMENT_MINORS,,RO,0,0,0,0,16,0,587,,,,,,,
All,Snap,2025-07-01/2025-12-31,KEYWORD_UNSAFE_CHALLENGES,,RO,0,0,0,0,0,0,0,,,,,,,
All,Snap,2025-07-01/2025-12-31,KEYWORD_OTHER,"Text to detail the ""Other"" keyword.",RO,0,0,0,0,0,0,0,,,,,,,
All,Snap,2025-07-01/2025-12-31,STATEMENT_CATEGORY_RISK_FOR_PUBLIC_SECURITY,,RO,0,0,0,0,1,0,4,,,,,,,
All,Snap,2025-07-01/2025-12-31,KEYWORD_ILLEGAL_ORGANIZATIONS,,RO,0,0,0,0,0,0,0,,,,,,,
All,Snap,2025-07-01/2025-12-31,KEYWORD_RISK_ENVIRONMENTAL_DAMAGE,,RO,0,0,0,0,0,0,0,,,,,,,
All,Snap,2025-07-01/2025-12-31,KEYWORD_RISK_PUBLIC_HEALTH,,RO,0,0,0,0,0,0,0,,,,,,,
All,Snap,2025-07-01/2025-12-31,KEYWORD_TERRORIST_CONTENT,,RO,0,0,0,0,0,0,0,,,,,,,
All,Snap,2025-07-01/2025-12-31,KEYWORD_OTHER,Persons at large,RO,0,0,0,0,1,0,4,,,,,,,
All,Snap,2025-07-01/2025-12-31,KEYWORD_OTHER,Arson,RO,0,0,0,0,0,0,0,,,,,,,
All,Snap,2025-07-01/2025-12-31,KEYWORD_OTHER,Other Illegal Activities,RO,0,0,0,0,0,0,0,,,,,,,
All,Snap,2025-07-01/2025-12-31,STATEMENT_CATEGORY_SCAMS_AND_FRAUD,,RO,0,0,0,0,0,0,0,,,,,,,
All,Snap,2025-07-01/2025-12-31,KEYWORD_IMPERSONATION_ACCOUNT_HIJACKING,,RO,0,0,0,0,0,0,0,,,,,,,
All,Snap,2025-07-01/2025-12-31,KEYWORD_INAUTHENTIC_ACCOUNTS,,RO,0,0,0,0,0,0,0,,,,,,,
All,Snap,2025-07-01/2025-12-31,KEYWORD_INAUTHENTIC_LISTINGS,,RO,0,0,0,0,0,0,0,,,,,,,
All,Snap,2025-07-01/2025-12-31,KEYWORD_INAUTHENTIC_USER_REVIEWS,,RO,0,0,0,0,0,0,0,,,,,,,
All,Snap,2025-07-01/2025-12-31,KEYWORD_PHISHING,,RO,0,0,0,0,0,0,0,,,,,,,
All,Snap,2025-07-01/2025-12-31,KEYWORD_PYRAMID_SCHEMES,,RO,0,0,0,0,0,0,0,,,,,,,
All,Snap,2025-07-01/2025-12-31,KEYWORD_OTHER,Fraud,RO,0,0,0,0,0,0,0,,,,,,,
All,Snap,2025-07-01/2025-12-31,STATEMENT_CATEGORY_SELF_HARM,,RO,0,0,0,0,0,0,0,,,,,,,
All,Snap,2025-07-01/2025-12-31,KEYWORD_CONTENT_PROMOTING_EATING_DISORDERS,,RO,0,0,0,0,0,0,0,,,,,,,
All,Snap,2025-07-01/2025-12-31,KEYWORD_SELF_MUTILATION,,RO,0,0,0,0,0,0,0,,,,,,,
All,Snap,2025-07-01/2025-12-31,KEYWORD_SUICIDE,,RO,0,0,0,0,0,0,0,,,,,,,
All,Snap,2025-07-01/2025-12-31,KEYWORD_OTHER,Self-harm & Suicide,RO,0,0,0,0,0,0,0,,,,,,,
All,Snap,2025-07-01/2025-12-31,STATEMENT_CATEGORY_UNSAFE_AND_PROHIBITED_PRODUCTS,,RO,0,0,0,0,0,0,0,,,,,,,
All,Snap,2025-07-01/2025-12-31,KEYWORD_PROHIBITED_PRODUCTS,,RO,0,0,0,0,0,0,0,,,,,,,
All,Snap,2025-07-01/2025-12-31,KEYWORD_UNSAFE_PRODUCTS,,RO,0,0,0,0,0,0,0,,,,,,,
All,Snap,2025-07-01/2025-12-31,KEYWORD_OTHER,"Text to detail the ""Other"" keyword.",RO,0,0,0,0,0,0,0,,,,,,,
All,Snap,2025-07-01/2025-12-31,STATEMENT_CATEGORY_VIOLENCE,,RO,0,0,0,0,5,0,560,,,,,,,
All,Snap,2025-07-01/2025-12-31,KEYWORD_COORDINATED_HARM,,RO,0,0,0,0,0,0,0,,,,,,,
All,Snap,2025-07-01/2025-12-31,KEYWORD_INCITEMENT_VIOLENCE_HATRED,,RO,0,0,0,0,0,0,0,,,,,,,
All,Snap,2025-07-01/2025-12-31,KEYWORD_HUMAN_EXPLOITATION,,RO,0,0,0,0,0,0,0,,,,,,,
All,Snap,2025-07-01/2025-12-31,KEYWORD_HUMAN_TRAFFICKING,,RO,0,0,0,0,0,0,0,,,,,,,
All,Snap,2025-07-01/2025-12-31,KEYWORD_TRAFFICKING_WOMEN_GIRLS,,RO,0,0,0,0,0,0,0,,,,,,,
All,Snap,2025-07-01/2025-12-31,KEYWORD_OTHER,Threats & Violence,RO,0,0,0,0,5,0,560,,,,,,,
All,Snap,2025-07-01/2025-12-31,STATEMENT_CATEGORY_NOT_SPECIFIED_ORDER,,RO,0,0,0,0,0,0,0,,,,,,,
All,Snap,2025-07-01/2025-12-31,TOTAL,,SE,0,0,0,0,"2,463",0,53,,,,,,,
All,Snap,2025-07-01/2025-12-31,STATEMENT_CATEGORY_ANIMAL_WELFARE,,SE,0,0,0,0,0,0,0,,,,,,,
All,Snap,2025-07-01/2025-12-31,KEYWORD_ANIMAL_HARM,,SE,0,0,0,0,0,0,0,,,,,,,
All,Snap,2025-07-01/2025-12-31,KEYWORD_UNLAWFUL_SALE_ANIMALS,,SE,0,0,0,0,0,0,0,,,,,,,
All,Snap,2025-07-01/2025-12-31,KEYWORD_OTHER,Animal Exploitation,SE,0,0,0,0,0,0,0,,,,,,,
All,Snap,2025-07-01/2025-12-31,STATEMENT_CATEGORY_CONSUMER_INFORMATION,,SE,0,0,0,0,0,0,0,,,,,,,
All,Snap,2025-07-01/2025-12-31,KEYWORD_HIDDEN_ADVERTISEMENT,,SE,0,0,0,0,0,0,0,,,,,,,
All,Snap,2025-07-01/2025-12-31,KEYWORD_INSUFFICIENT_INFORMATION_ON_TRADERS,,SE,0,0,0,0,0,0,0,,,,,,,
All,Snap,2025-07-01/2025-12-31,KEYWORD_MISLEADING_INFO_GOODS_SERVICES,,SE,0,0,0,0,0,0,0,,,,,,,
All,Snap,2025-07-01/2025-12-31,KEYWORD_MISLEADING_INFO_CONSUMER_RIGHTS,,SE,0,0,0,0,0,0,0,,,,,,,
All,Snap,2025-07-01/2025-12-31,KEYWORD_NONCOMPLIANCE_PRICING,,SE,0,0,0,0,0,0,0,,,,,,,
All,Snap,2025-07-01/2025-12-31,KEYWORD_OTHER,"Text to detail the ""Other"" keyword.",SE,0,0,0,0,0,0,0,,,,,,,
All,Snap,2025-07-01/2025-12-31,STATEMENT_CATEGORY_CYBER_VIOLENCE,,SE,0,0,0,0,63,0,65,,,,,,,
All,Snap,2025-07-01/2025-12-31,KEYWORD_CYBER_BULLYING_INTIMIDATION,,SE,0,0,0,0,0,0,0,,,,,,,
All,Snap,2025-07-01/2025-12-31,KEYWORD_CYBER_HARASSMENT,,SE,0,0,0,0,18,0,12,,,,,,,
All,Snap,2025-07-01/2025-12-31,KEYWORD_CYBER_INCITEMENT,,SE,0,0,0,0,0,0,0,,,,,,,
All,Snap,2025-07-01/2025-12-31,KEYWORD_CYBER_STALKING,,SE,0,0,0,0,0,0,0,,,,,,,
All,Snap,2025-07-01/2025-12-31,KEYWORD_NON_CONSENSUAL_IMAGE_SHARING,,SE,0,0,0,0,45,0,82,,,,,,,
All,Snap,2025-07-01/2025-12-31,KEYWORD_NON_CONSENSUAL_MATERIAL_DEEPFAKE,,SE,0,0,0,0,0,0,0,,,,,,,
All,Snap,2025-07-01/2025-12-31,KEYWORD_OTHER,"Text to detail the ""Other"" keyword.",SE,0,0,0,0,0,0,0,,,,,,,
All,Snap,2025-07-01/2025-12-31,STATEMENT_CATEGORY_CYBER_VIOLENCE_AGAINST_WOMEN,,SE,0,0,0,0,0,0,0,,,,,,,
All,Snap,2025-07-01/2025-12-31,KEYWORD_BULLYING_AGAINST_GIRLS,,SE,0,0,0,0,0,0,0,,,,,,,
All,Snap,2025-07-01/2025-12-31,KEYWORD_CYBER_HARASSMENT_AGAINST_WOMEN,,SE,0,0,0,0,0,0,0,,,,,,,
All,Snap,2025-07-01/2025-12-31,KEYWORD_CYBER_STALKING_AGAINST_WOMEN,,SE,0,0,0,0,0,0,0,,,,,,,
All,Snap,2025-07-01/2025-12-31,KEYWORD_FEMALE_GENDERED_DISINFORMATION,,SE,0,0,0,0,0,0,0,,,,,,,
All,Snap,2025-07-01/2025-12-31,KEYWORD_INCITEMENT_AGAINST_WOMEN,,SE,0,0,0,0,0,0,0,,,,,,,
All,Snap,2025-07-01/2025-12-31,KEYWORD_NON_CONSENSUAL_IMAGE_SHARING_AGAINST_WOMEN,,SE,0,0,0,0,0,0,0,,,,,,,
All,Snap,2025-07-01/2025-12-31,KEYWORD_NON_CONSENSUAL_MATERIAL_DEEPFAKE_AGAINST_WOMEN,,SE,0,0,0,0,0,0,0,,,,,,,
All,Snap,2025-07-01/2025-12-31,KEYWORD_OTHER,"Text to detail the ""Other"" keyword.",SE,0,0,0,0,0,0,0,,,,,,,
All,Snap,2025-07-01/2025-12-31,STATEMENT_CATEGORY_DATA_PROTECTION_AND_PRIVACY_VIOLATIONS,,SE,0,0,0,0,2,0,19,,,,,,,
All,Snap,2025-07-01/2025-12-31,KEYWORD_BIOMETRIC_DATA_BREACH,,SE,0,0,0,0,0,0,0,,,,,,,
All,Snap,2025-07-01/2025-12-31,KEYWORD_DATA_FALSIFICATION,,SE,0,0,0,0,0,0,0,,,,,,,
All,Snap,2025-07-01/2025-12-31,KEYWORD_MISSING_PROCESSING_GROUND,,SE,0,0,0,0,0,0,0,,,,,,,
All,Snap,2025-07-01/2025-12-31,KEYWORD_RIGHT_TO_BE_FORGOTTEN,,SE,0,0,0,0,0,0,0,,,,,,,
All,Snap,2025-07-01/2025-12-31,KEYWORD_OTHER,Hacking & Cyber Crime,SE,0,0,0,0,2,0,19,,,,,,,
All,Snap,2025-07-01/2025-12-31,STATEMENT_CATEGORY_ILLEGAL_OR_HARMFUL_SPEECH,,SE,0,0,0,0,0,0,0,,,,,,,
All,Snap,2025-07-01/2025-12-31,KEYWORD_DEFAMATION,,SE,0,0,0,0,0,0,0,,,,,,,
All,Snap,2025-07-01/2025-12-31,KEYWORD_DISCRIMINATION,,SE,0,0,0,0,0,0,0,,,,,,,
All,Snap,2025-07-01/2025-12-31,KEYWORD_HATE_SPEECH,,SE,0,0,0,0,0,0,0,,,,,,,
All,Snap,2025-07-01/2025-12-31,KEYWORD_OTHER,"Text to detail the ""Other"" keyword.",SE,0,0,0,0,0,0,0,,,,,,,
All,Snap,2025-07-01/2025-12-31,STATEMENT_CATEGORY_INTELLECTUAL_PROPERTY_INFRINGEMENTS,,SE,0,0,0,0,0,0,0,,,,,,,
All,Snap,2025-07-01/2025-12-31,KEYWORD_COPYRIGHT_INFRINGEMENT,,SE,0,0,0,0,0,0,0,,,,,,,
All,Snap,2025-07-01/2025-12-31,KEYWORD_DESIGN_INFRINGEMENT,,SE,0,0,0,0,0,0,0,,,,,,,
All,Snap,2025-07-01/2025-12-31,KEYWORD_GEOGRAPHIC_INDICATIONS_INFRINGEMENT,,SE,0,0,0,0,0,0,0,,,,,,,
All,Snap,2025-07-01/2025-12-31,KEYWORD_PATENT_INFRINGEMENT,,SE,0,0,0,0,0,0,0,,,,,,,
All,Snap,2025-07-01/2025-12-31,KEYWORD_TRADE_SECRET_INFRINGEMENT,,SE,0,0,0,0,0,0,0,,,,,,,
All,Snap,2025-07-01/2025-12-31,KEYWORD_TRADEMARK_INFRINGEMENT,,SE,0,0,0,0,0,0,0,,,,,,,
All,Snap,2025-07-01/2025-12-31,KEYWORD_OTHER,"Text to detail the ""Other"" keyword.",SE,0,0,0,0,0,0,0,,,,,,,
All,Snap,2025-07-01/2025-12-31,STATEMENT_CATEGORY_NEGATIVE_EFFECTS_ON_CIVIC_DISCOURSE_OR_ELECTIONS,,SE,0,0,0,0,3,0,6,,,,,,,
All,Snap,2025-07-01/2025-12-31,KEYWORD_MISINFORMATION_DISINFORMATION,,SE,0,0,0,0,0,0,0,,,,,,,
All,Snap,2025-07-01/2025-12-31,KEYWORD_VIOLATION_EU_LAW,,SE,0,0,0,0,0,0,0,,,,,,,
All,Snap,2025-07-01/2025-12-31,KEYWORD_VIOLATION_NATIONAL_LAW,,SE,0,0,0,0,0,0,0,,,,,,,
All,Snap,2025-07-01/2025-12-31,KEYWORD_OTHER,Evidence Tampering & Obstruction,SE,0,0,0,0,3,0,6,,,,,,,
All,Snap,2025-07-01/2025-12-31,STATEMENT_CATEGORY_PROTECTION_OF_MINORS,,SE,0,0,0,0,738,0,42,,,,,,,
All,Snap,2025-07-01/2025-12-31,KEYWORD_AGE_SPECIFIC_RESTRICTIONS_MINORS,,SE,0,0,0,0,0,0,0,,,,,,,
All,Snap,2025-07-01/2025-12-31,KEYWORD_CHILD_SEXUAL_ABUSE_MATERIAL,,SE,0,0,0,0,99,0,38,,,,,,,
All,Snap,2025-07-01/2025-12-31,KEYWORD_CHILD_SEXUAL_ABUSE_MATERIAL_DEEPFAKE,,SE,0,0,0,0,0,0,0,,,,,,,
All,Snap,2025-07-01/2025-12-31,KEYWORD_GROOMING_SEXUAL_ENTICEMENT_MINORS,,SE,0,0,0,0,639,0,46,,,,,,,
All,Snap,2025-07-01/2025-12-31,KEYWORD_UNSAFE_CHALLENGES,,SE,0,0,0,0,0,0,0,,,,,,,
All,Snap,2025-07-01/2025-12-31,KEYWORD_OTHER,"Text to detail the ""Other"" keyword.",SE,0,0,0,0,0,0,0,,,,,,,
All,Snap,2025-07-01/2025-12-31,STATEMENT_CATEGORY_RISK_FOR_PUBLIC_SECURITY,,SE,0,0,0,0,116,0,25,,,,,,,
All,Snap,2025-07-01/2025-12-31,KEYWORD_ILLEGAL_ORGANIZATIONS,,SE,0,0,0,0,25,0,51,,,,,,,
All,Snap,2025-07-01/2025-12-31,KEYWORD_RISK_ENVIRONMENTAL_DAMAGE,,SE,0,0,0,0,0,0,0,,,,,,,
All,Snap,2025-07-01/2025-12-31,KEYWORD_RISK_PUBLIC_HEALTH,,SE,0,0,0,0,0,0,0,,,,,,,
All,Snap,2025-07-01/2025-12-31,KEYWORD_TERRORIST_CONTENT,,SE,0,0,0,0,10,0,110,,,,,,,
All,Snap,2025-07-01/2025-12-31,KEYWORD_OTHER,Persons at large,SE,0,0,0,0,37,0,24,,,,,,,
All,Snap,2025-07-01/2025-12-31,KEYWORD_OTHER,Arson,SE,0,0,0,0,32,0,8,,,,,,,
All,Snap,2025-07-01/2025-12-31,KEYWORD_OTHER,Other Illegal Activities,SE,0,0,0,0,12,0,32,,,,,,,
All,Snap,2025-07-01/2025-12-31,STATEMENT_CATEGORY_SCAMS_AND_FRAUD,,SE,0,0,0,0,108,0,46,,,,,,,
All,Snap,2025-07-01/2025-12-31,KEYWORD_IMPERSONATION_ACCOUNT_HIJACKING,,SE,0,0,0,0,8,0,8,,,,,,,
All,Snap,2025-07-01/2025-12-31,KEYWORD_INAUTHENTIC_ACCOUNTS,,SE,0,0,0,0,0,0,0,,,,,,,
All,Snap,2025-07-01/2025-12-31,KEYWORD_INAUTHENTIC_LISTINGS,,SE,0,0,0,0,0,0,0,,,,,,,
All,Snap,2025-07-01/2025-12-31,KEYWORD_INAUTHENTIC_USER_REVIEWS,,SE,0,0,0,0,0,0,0,,,,,,,
All,Snap,2025-07-01/2025-12-31,KEYWORD_PHISHING,,SE,0,0,0,0,0,0,0,,,,,,,
All,Snap,2025-07-01/2025-12-31,KEYWORD_PYRAMID_SCHEMES,,SE,0,0,0,0,0,0,0,,,,,,,
All,Snap,2025-07-01/2025-12-31,KEYWORD_OTHER,Fraud,SE,0,0,0,0,100,0,54,,,,,,,
All,Snap,2025-07-01/2025-12-31,STATEMENT_CATEGORY_SELF_HARM,,SE,0,0,0,0,0,0,0,,,,,,,
All,Snap,2025-07-01/2025-12-31,KEYWORD_CONTENT_PROMOTING_EATING_DISORDERS,,SE,0,0,0,0,0,0,0,,,,,,,
All,Snap,2025-07-01/2025-12-31,KEYWORD_SELF_MUTILATION,,SE,0,0,0,0,0,0,0,,,,,,,
All,Snap,2025-07-01/2025-12-31,KEYWORD_SUICIDE,,SE,0,0,0,0,0,0,0,,,,,,,
All,Snap,2025-07-01/2025-12-31,KEYWORD_OTHER,Self-harm & Suicide,SE,0,0,0,0,0,0,0,,,,,,,
All,Snap,2025-07-01/2025-12-31,STATEMENT_CATEGORY_UNSAFE_AND_PROHIBITED_PRODUCTS,,SE,0,0,0,0,417,0,112,,,,,,,
All,Snap,2025-07-01/2025-12-31,KEYWORD_PROHIBITED_PRODUCTS,,SE,0,0,0,0,417,0,112,,,,,,,
All,Snap,2025-07-01/2025-12-31,KEYWORD_UNSAFE_PRODUCTS,,SE,0,0,0,0,0,0,0,,,,,,,
All,Snap,2025-07-01/2025-12-31,KEYWORD_OTHER,"Text to detail the ""Other"" keyword.",SE,0,0,0,0,0,0,0,,,,,,,
All,Snap,2025-07-01/2025-12-31,STATEMENT_CATEGORY_VIOLENCE,,SE,0,0,0,0,872,0,37,,,,,,,
All,Snap,2025-07-01/2025-12-31,KEYWORD_COORDINATED_HARM,,SE,0,0,0,0,0,0,0,,,,,,,
All,Snap,2025-07-01/2025-12-31,KEYWORD_INCITEMENT_VIOLENCE_HATRED,,SE,0,0,0,0,0,0,0,,,,,,,
All,Snap,2025-07-01/2025-12-31,KEYWORD_HUMAN_EXPLOITATION,,SE,0,0,0,0,55,0,33,,,,,,,
All,Snap,2025-07-01/2025-12-31,KEYWORD_HUMAN_TRAFFICKING,,SE,0,0,0,0,0,0,0,,,,,,,
All,Snap,2025-07-01/2025-12-31,KEYWORD_TRAFFICKING_WOMEN_GIRLS,,SE,0,0,0,0,0,0,0,,,,,,,
All,Snap,2025-07-01/2025-12-31,KEYWORD_OTHER,Threats & Violence,SE,0,0,0,0,817,0,38,,,,,,,
All,Snap,2025-07-01/2025-12-31,STATEMENT_CATEGORY_NOT_SPECIFIED_ORDER,,SE,0,0,0,0,144,0,40,,,,,,,
All,Snap,2025-07-01/2025-12-31,TOTAL,,SI,0,0,0,0,4,0,580,,,,,,,
All,Snap,2025-07-01/2025-12-31,STATEMENT_CATEGORY_ANIMAL_WELFARE,,SI,0,0,0,0,0,0,0,,,,,,,
All,Snap,2025-07-01/2025-12-31,KEYWORD_ANIMAL_HARM,,SI,0,0,0,0,0,0,0,,,,,,,
All,Snap,2025-07-01/2025-12-31,KEYWORD_UNLAWFUL_SALE_ANIMALS,,SI,0,0,0,0,0,0,0,,,,,,,
All,Snap,2025-07-01/2025-12-31,KEYWORD_OTHER,Animal Exploitation,SI,0,0,0,0,0,0,0,,,,,,,
All,Snap,2025-07-01/2025-12-31,STATEMENT_CATEGORY_CONSUMER_INFORMATION,,SI,0,0,0,0,0,0,0,,,,,,,
All,Snap,2025-07-01/2025-12-31,KEYWORD_HIDDEN_ADVERTISEMENT,,SI,0,0,0,0,0,0,0,,,,,,,
All,Snap,2025-07-01/2025-12-31,KEYWORD_INSUFFICIENT_INFORMATION_ON_TRADERS,,SI,0,0,0,0,0,0,0,,,,,,,
All,Snap,2025-07-01/2025-12-31,KEYWORD_MISLEADING_INFO_GOODS_SERVICES,,SI,0,0,0,0,0,0,0,,,,,,,
All,Snap,2025-07-01/2025-12-31,KEYWORD_MISLEADING_INFO_CONSUMER_RIGHTS,,SI,0,0,0,0,0,0,0,,,,,,,
All,Snap,2025-07-01/2025-12-31,KEYWORD_NONCOMPLIANCE_PRICING,,SI,0,0,0,0,0,0,0,,,,,,,
All,Snap,2025-07-01/2025-12-31,KEYWORD_OTHER,"Text to detail the ""Other"" keyword.",SI,0,0,0,0,0,0,0,,,,,,,
All,Snap,2025-07-01/2025-12-31,STATEMENT_CATEGORY_CYBER_VIOLENCE,,SI,0,0,0,0,1,0,803,,,,,,,
All,Snap,2025-07-01/2025-12-31,KEYWORD_CYBER_BULLYING_INTIMIDATION,,SI,0,0,0,0,0,0,0,,,,,,,
All,Snap,2025-07-01/2025-12-31,KEYWORD_CYBER_HARASSMENT,,SI,0,0,0,0,0,0,0,,,,,,,
All,Snap,2025-07-01/2025-12-31,KEYWORD_CYBER_INCITEMENT,,SI,0,0,0,0,0,0,0,,,,,,,
All,Snap,2025-07-01/2025-12-31,KEYWORD_CYBER_STALKING,,SI,0,0,0,0,0,0,0,,,,,,,
All,Snap,2025-07-01/2025-12-31,KEYWORD_NON_CONSENSUAL_IMAGE_SHARING,,SI,0,0,0,0,1,0,803,,,,,,,
All,Snap,2025-07-01/2025-12-31,KEYWORD_NON_CONSENSUAL_MATERIAL_DEEPFAKE,,SI,0,0,0,0,0,0,0,,,,,,,
All,Snap,2025-07-01/2025-12-31,KEYWORD_OTHER,"Text to detail the ""Other"" keyword.",SI,0,0,0,0,0,0,0,,,,,,,
All,Snap,2025-07-01/2025-12-31,STATEMENT_CATEGORY_CYBER_VIOLENCE_AGAINST_WOMEN,,SI,0,0,0,0,0,0,0,,,,,,,
All,Snap,2025-07-01/2025-12-31,KEYWORD_BULLYING_AGAINST_GIRLS,,SI,0,0,0,0,0,0,0,,,,,,,
All,Snap,2025-07-01/2025-12-31,KEYWORD_CYBER_HARASSMENT_AGAINST_WOMEN,,SI,0,0,0,0,0,0,0,,,,,,,
All,Snap,2025-07-01/2025-12-31,KEYWORD_CYBER_STALKING_AGAINST_WOMEN,,SI,0,0,0,0,0,0,0,,,,,,,
All,Snap,2025-07-01/2025-12-31,KEYWORD_FEMALE_GENDERED_DISINFORMATION,,SI,0,0,0,0,0,0,0,,,,,,,
All,Snap,2025-07-01/2025-12-31,KEYWORD_INCITEMENT_AGAINST_WOMEN,,SI,0,0,0,0,0,0,0,,,,,,,
All,Snap,2025-07-01/2025-12-31,KEYWORD_NON_CONSENSUAL_IMAGE_SHARING_AGAINST_WOMEN,,SI,0,0,0,0,0,0,0,,,,,,,
All,Snap,2025-07-01/2025-12-31,KEYWORD_NON_CONSENSUAL_MATERIAL_DEEPFAKE_AGAINST_WOMEN,,SI,0,0,0,0,0,0,0,,,,,,,
All,Snap,2025-07-01/2025-12-31,KEYWORD_OTHER,"Text to detail the ""Other"" keyword.",SI,0,0,0,0,0,0,0,,,,,,,
All,Snap,2025-07-01/2025-12-31,STATEMENT_CATEGORY_DATA_PROTECTION_AND_PRIVACY_VIOLATIONS,,SI,0,0,0,0,0,0,0,,,,,,,
All,Snap,2025-07-01/2025-12-31,KEYWORD_BIOMETRIC_DATA_BREACH,,SI,0,0,0,0,0,0,0,,,,,,,
All,Snap,2025-07-01/2025-12-31,KEYWORD_DATA_FALSIFICATION,,SI,0,0,0,0,0,0,0,,,,,,,
All,Snap,2025-07-01/2025-12-31,KEYWORD_MISSING_PROCESSING_GROUND,,SI,0,0,0,0,0,0,0,,,,,,,
All,Snap,2025-07-01/2025-12-31,KEYWORD_RIGHT_TO_BE_FORGOTTEN,,SI,0,0,0,0,0,0,0,,,,,,,
All,Snap,2025-07-01/2025-12-31,KEYWORD_OTHER,Hacking & Cyber Crime,SI,0,0,0,0,0,0,0,,,,,,,
All,Snap,2025-07-01/2025-12-31,STATEMENT_CATEGORY_ILLEGAL_OR_HARMFUL_SPEECH,,SI,0,0,0,0,0,0,0,,,,,,,
All,Snap,2025-07-01/2025-12-31,KEYWORD_DEFAMATION,,SI,0,0,0,0,0,0,0,,,,,,,
All,Snap,2025-07-01/2025-12-31,KEYWORD_DISCRIMINATION,,SI,0,0,0,0,0,0,0,,,,,,,
All,Snap,2025-07-01/2025-12-31,KEYWORD_HATE_SPEECH,,SI,0,0,0,0,0,0,0,,,,,,,
All,Snap,2025-07-01/2025-12-31,KEYWORD_OTHER,"Text to detail the ""Other"" keyword.",SI,0,0,0,0,0,0,0,,,,,,,
All,Snap,2025-07-01/2025-12-31,STATEMENT_CATEGORY_INTELLECTUAL_PROPERTY_INFRINGEMENTS,,SI,0,0,0,0,0,0,0,,,,,,,
All,Snap,2025-07-01/2025-12-31,KEYWORD_COPYRIGHT_INFRINGEMENT,,SI,0,0,0,0,0,0,0,,,,,,,
All,Snap,2025-07-01/2025-12-31,KEYWORD_DESIGN_INFRINGEMENT,,SI,0,0,0,0,0,0,0,,,,,,,
All,Snap,2025-07-01/2025-12-31,KEYWORD_GEOGRAPHIC_INDICATIONS_INFRINGEMENT,,SI,0,0,0,0,0,0,0,,,,,,,
All,Snap,2025-07-01/2025-12-31,KEYWORD_PATENT_INFRINGEMENT,,SI,0,0,0,0,0,0,0,,,,,,,
All,Snap,2025-07-01/2025-12-31,KEYWORD_TRADE_SECRET_INFRINGEMENT,,SI,0,0,0,0,0,0,0,,,,,,,
All,Snap,2025-07-01/2025-12-31,KEYWORD_TRADEMARK_INFRINGEMENT,,SI,0,0,0,0,0,0,0,,,,,,,
All,Snap,2025-07-01/2025-12-31,KEYWORD_OTHER,"Text to detail the ""Other"" keyword.",SI,0,0,0,0,0,0,0,,,,,,,
All,Snap,2025-07-01/2025-12-31,STATEMENT_CATEGORY_NEGATIVE_EFFECTS_ON_CIVIC_DISCOURSE_OR_ELECTIONS,,SI,0,0,0,0,0,0,0,,,,,,,
All,Snap,2025-07-01/2025-12-31,KEYWORD_MISINFORMATION_DISINFORMATION,,SI,0,0,0,0,0,0,0,,,,,,,
All,Snap,2025-07-01/2025-12-31,KEYWORD_VIOLATION_EU_LAW,,SI,0,0,0,0,0,0,0,,,,,,,
All,Snap,2025-07-01/2025-12-31,KEYWORD_VIOLATION_NATIONAL_LAW,,SI,0,0,0,0,0,0,0,,,,,,,
All,Snap,2025-07-01/2025-12-31,KEYWORD_OTHER,Evidence Tampering & Obstruction,SI,0,0,0,0,0,0,0,,,,,,,
All,Snap,2025-07-01/2025-12-31,STATEMENT_CATEGORY_PROTECTION_OF_MINORS,,SI,0,0,0,0,3,0,580,,,,,,,
All,Snap,2025-07-01/2025-12-31,KEYWORD_AGE_SPECIFIC_RESTRICTIONS_MINORS,,SI,0,0,0,0,0,0,0,,,,,,,
All,Snap,2025-07-01/2025-12-31,KEYWORD_CHILD_SEXUAL_ABUSE_MATERIAL,,SI,0,0,0,0,1,0,363,,,,,,,
All,Snap,2025-07-01/2025-12-31,KEYWORD_CHILD_SEXUAL_ABUSE_MATERIAL_DEEPFAKE,,SI,0,0,0,0,0,0,0,,,,,,,
All,Snap,2025-07-01/2025-12-31,KEYWORD_GROOMING_SEXUAL_ENTICEMENT_MINORS,,SI,0,0,0,0,2,0,580,,,,,,,
All,Snap,2025-07-01/2025-12-31,KEYWORD_UNSAFE_CHALLENGES,,SI,0,0,0,0,0,0,0,,,,,,,
All,Snap,2025-07-01/2025-12-31,KEYWORD_OTHER,"Text to detail the ""Other"" keyword.",SI,0,0,0,0,0,0,0,,,,,,,
All,Snap,2025-07-01/2025-12-31,STATEMENT_CATEGORY_RISK_FOR_PUBLIC_SECURITY,,SI,0,0,0,0,0,0,0,,,,,,,
All,Snap,2025-07-01/2025-12-31,KEYWORD_ILLEGAL_ORGANIZATIONS,,SI,0,0,0,0,0,0,0,,,,,,,
All,Snap,2025-07-01/2025-12-31,KEYWORD_RISK_ENVIRONMENTAL_DAMAGE,,SI,0,0,0,0,0,0,0,,,,,,,
All,Snap,2025-07-01/2025-12-31,KEYWORD_RISK_PUBLIC_HEALTH,,SI,0,0,0,0,0,0,0,,,,,,,
All,Snap,2025-07-01/2025-12-31,KEYWORD_TERRORIST_CONTENT,,SI,0,0,0,0,0,0,0,,,,,,,
All,Snap,2025-07-01/2025-12-31,KEYWORD_OTHER,Persons at large,SI,0,0,0,0,0,0,0,,,,,,,
All,Snap,2025-07-01/2025-12-31,KEYWORD_OTHER,Arson,SI,0,0,0,0,0,0,0,,,,,,,
All,Snap,2025-07-01/2025-12-31,KEYWORD_OTHER,Other Illegal Activities,SI,0,0,0,0,0,0,0,,,,,,,
All,Snap,2025-07-01/2025-12-31,STATEMENT_CATEGORY_SCAMS_AND_FRAUD,,SI,0,0,0,0,0,0,0,,,,,,,
All,Snap,2025-07-01/2025-12-31,KEYWORD_IMPERSONATION_ACCOUNT_HIJACKING,,SI,0,0,0,0,0,0,0,,,,,,,
All,Snap,2025-07-01/2025-12-31,KEYWORD_INAUTHENTIC_ACCOUNTS,,SI,0,0,0,0,0,0,0,,,,,,,
All,Snap,2025-07-01/2025-12-31,KEYWORD_INAUTHENTIC_LISTINGS,,SI,0,0,0,0,0,0,0,,,,,,,
All,Snap,2025-07-01/2025-12-31,KEYWORD_INAUTHENTIC_USER_REVIEWS,,SI,0,0,0,0,0,0,0,,,,,,,
All,Snap,2025-07-01/2025-12-31,KEYWORD_PHISHING,,SI,0,0,0,0,0,0,0,,,,,,,
All,Snap,2025-07-01/2025-12-31,KEYWORD_PYRAMID_SCHEMES,,SI,0,0,0,0,0,0,0,,,,,,,
All,Snap,2025-07-01/2025-12-31,KEYWORD_OTHER,Fraud,SI,0,0,0,0,0,0,0,,,,,,,
All,Snap,2025-07-01/2025-12-31,STATEMENT_CATEGORY_SELF_HARM,,SI,0,0,0,0,0,0,0,,,,,,,
All,Snap,2025-07-01/2025-12-31,KEYWORD_CONTENT_PROMOTING_EATING_DISORDERS,,SI,0,0,0,0,0,0,0,,,,,,,
All,Snap,2025-07-01/2025-12-31,KEYWORD_SELF_MUTILATION,,SI,0,0,0,0,0,0,0,,,,,,,
All,Snap,2025-07-01/2025-12-31,KEYWORD_SUICIDE,,SI,0,0,0,0,0,0,0,,,,,,,
All,Snap,2025-07-01/2025-12-31,KEYWORD_OTHER,Self-harm & Suicide,SI,0,0,0,0,0,0,0,,,,,,,
All,Snap,2025-07-01/2025-12-31,STATEMENT_CATEGORY_UNSAFE_AND_PROHIBITED_PRODUCTS,,SI,0,0,0,0,0,0,0,,,,,,,
All,Snap,2025-07-01/2025-12-31,KEYWORD_PROHIBITED_PRODUCTS,,SI,0,0,0,0,0,0,0,,,,,,,
All,Snap,2025-07-01/2025-12-31,KEYWORD_UNSAFE_PRODUCTS,,SI,0,0,0,0,0,0,0,,,,,,,
All,Snap,2025-07-01/2025-12-31,KEYWORD_OTHER,"Text to detail the ""Other"" keyword.",SI,0,0,0,0,0,0,0,,,,,,,
All,Snap,2025-07-01/2025-12-31,STATEMENT_CATEGORY_VIOLENCE,,SI,0,0,0,0,0,0,0,,,,,,,
All,Snap,2025-07-01/2025-12-31,KEYWORD_COORDINATED_HARM,,SI,0,0,0,0,0,0,0,,,,,,,
All,Snap,2025-07-01/2025-12-31,KEYWORD_INCITEMENT_VIOLENCE_HATRED,,SI,0,0,0,0,0,0,0,,,,,,,
All,Snap,2025-07-01/2025-12-31,KEYWORD_HUMAN_EXPLOITATION,,SI,0,0,0,0,0,0,0,,,,,,,
All,Snap,2025-07-01/2025-12-31,KEYWORD_HUMAN_TRAFFICKING,,SI,0,0,0,0,0,0,0,,,,,,,
All,Snap,2025-07-01/2025-12-31,KEYWORD_TRAFFICKING_WOMEN_GIRLS,,SI,0,0,0,0,0,0,0,,,,,,,
All,Snap,2025-07-01/2025-12-31,KEYWORD_OTHER,Threats & Violence,SI,0,0,0,0,0,0,0,,,,,,,
All,Snap,2025-07-01/2025-12-31,STATEMENT_CATEGORY_NOT_SPECIFIED_ORDER,,SI,0,0,0,0,0,0,0,,,,,,,
All,Snap,2025-07-01/2025-12-31,TOTAL,,SK,0,0,0,0,0,0,0,,,,,,,
All,Snap,2025-07-01/2025-12-31,STATEMENT_CATEGORY_ANIMAL_WELFARE,,SK,0,0,0,0,0,0,0,,,,,,,
All,Snap,2025-07-01/2025-12-31,KEYWORD_ANIMAL_HARM,,SK,0,0,0,0,0,0,0,,,,,,,
All,Snap,2025-07-01/2025-12-31,KEYWORD_UNLAWFUL_SALE_ANIMALS,,SK,0,0,0,0,0,0,0,,,,,,,
All,Snap,2025-07-01/2025-12-31,KEYWORD_OTHER,Animal Exploitation,SK,0,0,0,0,0,0,0,,,,,,,
All,Snap,2025-07-01/2025-12-31,STATEMENT_CATEGORY_CONSUMER_INFORMATION,,SK,0,0,0,0,0,0,0,,,,,,,
All,Snap,2025-07-01/2025-12-31,KEYWORD_HIDDEN_ADVERTISEMENT,,SK,0,0,0,0,0,0,0,,,,,,,
All,Snap,2025-07-01/2025-12-31,KEYWORD_INSUFFICIENT_INFORMATION_ON_TRADERS,,SK,0,0,0,0,0,0,0,,,,,,,
All,Snap,2025-07-01/2025-12-31,KEYWORD_MISLEADING_INFO_GOODS_SERVICES,,SK,0,0,0,0,0,0,0,,,,,,,
All,Snap,2025-07-01/2025-12-31,KEYWORD_MISLEADING_INFO_CONSUMER_RIGHTS,,SK,0,0,0,0,0,0,0,,,,,,,
All,Snap,2025-07-01/2025-12-31,KEYWORD_NONCOMPLIANCE_PRICING,,SK,0,0,0,0,0,0,0,,,,,,,
All,Snap,2025-07-01/2025-12-31,KEYWORD_OTHER,"Text to detail the ""Other"" keyword.",SK,0,0,0,0,0,0,0,,,,,,,
All,Snap,2025-07-01/2025-12-31,STATEMENT_CATEGORY_CYBER_VIOLENCE,,SK,0,0,0,0,0,0,0,,,,,,,
All,Snap,2025-07-01/2025-12-31,KEYWORD_CYBER_BULLYING_INTIMIDATION,,SK,0,0,0,0,0,0,0,,,,,,,
All,Snap,2025-07-01/2025-12-31,KEYWORD_CYBER_HARASSMENT,,SK,0,0,0,0,0,0,0,,,,,,,
All,Snap,2025-07-01/2025-12-31,KEYWORD_CYBER_INCITEMENT,,SK,0,0,0,0,0,0,0,,,,,,,
All,Snap,2025-07-01/2025-12-31,KEYWORD_CYBER_STALKING,,SK,0,0,0,0,0,0,0,,,,,,,
All,Snap,2025-07-01/2025-12-31,KEYWORD_NON_CONSENSUAL_IMAGE_SHARING,,SK,0,0,0,0,0,0,0,,,,,,,
All,Snap,2025-07-01/2025-12-31,KEYWORD_NON_CONSENSUAL_MATERIAL_DEEPFAKE,,SK,0,0,0,0,0,0,0,,,,,,,
All,Snap,2025-07-01/2025-12-31,KEYWORD_OTHER,"Text to detail the ""Other"" keyword.",SK,0,0,0,0,0,0,0,,,,,,,
All,Snap,2025-07-01/2025-12-31,STATEMENT_CATEGORY_CYBER_VIOLENCE_AGAINST_WOMEN,,SK,0,0,0,0,0,0,0,,,,,,,
All,Snap,2025-07-01/2025-12-31,KEYWORD_BULLYING_AGAINST_GIRLS,,SK,0,0,0,0,0,0,0,,,,,,,
All,Snap,2025-07-01/2025-12-31,KEYWORD_CYBER_HARASSMENT_AGAINST_WOMEN,,SK,0,0,0,0,0,0,0,,,,,,,
All,Snap,2025-07-01/2025-12-31,KEYWORD_CYBER_STALKING_AGAINST_WOMEN,,SK,0,0,0,0,0,0,0,,,,,,,
All,Snap,2025-07-01/2025-12-31,KEYWORD_FEMALE_GENDERED_DISINFORMATION,,SK,0,0,0,0,0,0,0,,,,,,,
All,Snap,2025-07-01/2025-12-31,KEYWORD_INCITEMENT_AGAINST_WOMEN,,SK,0,0,0,0,0,0,0,,,,,,,
All,Snap,2025-07-01/2025-12-31,KEYWORD_NON_CONSENSUAL_IMAGE_SHARING_AGAINST_WOMEN,,SK,0,0,0,0,0,0,0,,,,,,,
All,Snap,2025-07-01/2025-12-31,KEYWORD_NON_CONSENSUAL_MATERIAL_DEEPFAKE_AGAINST_WOMEN,,SK,0,0,0,0,0,0,0,,,,,,,
All,Snap,2025-07-01/2025-12-31,KEYWORD_OTHER,"Text to detail the ""Other"" keyword.",SK,0,0,0,0,0,0,0,,,,,,,
All,Snap,2025-07-01/2025-12-31,STATEMENT_CATEGORY_DATA_PROTECTION_AND_PRIVACY_VIOLATIONS,,SK,0,0,0,0,0,0,0,,,,,,,
All,Snap,2025-07-01/2025-12-31,KEYWORD_BIOMETRIC_DATA_BREACH,,SK,0,0,0,0,0,0,0,,,,,,,
All,Snap,2025-07-01/2025-12-31,KEYWORD_DATA_FALSIFICATION,,SK,0,0,0,0,0,0,0,,,,,,,
All,Snap,2025-07-01/2025-12-31,KEYWORD_MISSING_PROCESSING_GROUND,,SK,0,0,0,0,0,0,0,,,,,,,
All,Snap,2025-07-01/2025-12-31,KEYWORD_RIGHT_TO_BE_FORGOTTEN,,SK,0,0,0,0,0,0,0,,,,,,,
All,Snap,2025-07-01/2025-12-31,KEYWORD_OTHER,Hacking & Cyber Crime,SK,0,0,0,0,0,0,0,,,,,,,
All,Snap,2025-07-01/2025-12-31,STATEMENT_CATEGORY_ILLEGAL_OR_HARMFUL_SPEECH,,SK,0,0,0,0,0,0,0,,,,,,,
All,Snap,2025-07-01/2025-12-31,KEYWORD_DEFAMATION,,SK,0,0,0,0,0,0,0,,,,,,,
All,Snap,2025-07-01/2025-12-31,KEYWORD_DISCRIMINATION,,SK,0,0,0,0,0,0,0,,,,,,,
All,Snap,2025-07-01/2025-12-31,KEYWORD_HATE_SPEECH,,SK,0,0,0,0,0,0,0,,,,,,,
All,Snap,2025-07-01/2025-12-31,KEYWORD_OTHER,"Text to detail the ""Other"" keyword.",SK,0,0,0,0,0,0,0,,,,,,,
All,Snap,2025-07-01/2025-12-31,STATEMENT_CATEGORY_INTELLECTUAL_PROPERTY_INFRINGEMENTS,,SK,0,0,0,0,0,0,0,,,,,,,
All,Snap,2025-07-01/2025-12-31,KEYWORD_COPYRIGHT_INFRINGEMENT,,SK,0,0,0,0,0,0,0,,,,,,,
All,Snap,2025-07-01/2025-12-31,KEYWORD_DESIGN_INFRINGEMENT,,SK,0,0,0,0,0,0,0,,,,,,,
All,Snap,2025-07-01/2025-12-31,KEYWORD_GEOGRAPHIC_INDICATIONS_INFRINGEMENT,,SK,0,0,0,0,0,0,0,,,,,,,
All,Snap,2025-07-01/2025-12-31,KEYWORD_PATENT_INFRINGEMENT,,SK,0,0,0,0,0,0,0,,,,,,,
All,Snap,2025-07-01/2025-12-31,KEYWORD_TRADE_SECRET_INFRINGEMENT,,SK,0,0,0,0,0,0,0,,,,,,,
All,Snap,2025-07-01/2025-12-31,KEYWORD_TRADEMARK_INFRINGEMENT,,SK,0,0,0,0,0,0,0,,,,,,,
All,Snap,2025-07-01/2025-12-31,KEYWORD_OTHER,"Text to detail the ""Other"" keyword.",SK,0,0,0,0,0,0,0,,,,,,,
All,Snap,2025-07-01/2025-12-31,STATEMENT_CATEGORY_NEGATIVE_EFFECTS_ON_CIVIC_DISCOURSE_OR_ELECTIONS,,SK,0,0,0,0,0,0,0,,,,,,,
All,Snap,2025-07-01/2025-12-31,KEYWORD_MISINFORMATION_DISINFORMATION,,SK,0,0,0,0,0,0,0,,,,,,,
All,Snap,2025-07-01/2025-12-31,KEYWORD_VIOLATION_EU_LAW,,SK,0,0,0,0,0,0,0,,,,,,,
All,Snap,2025-07-01/2025-12-31,KEYWORD_VIOLATION_NATIONAL_LAW,,SK,0,0,0,0,0,0,0,,,,,,,
All,Snap,2025-07-01/2025-12-31,KEYWORD_OTHER,Evidence Tampering & Obstruction,SK,0,0,0,0,0,0,0,,,,,,,
All,Snap,2025-07-01/2025-12-31,STATEMENT_CATEGORY_PROTECTION_OF_MINORS,,SK,0,0,0,0,0,0,0,,,,,,,
All,Snap,2025-07-01/2025-12-31,KEYWORD_AGE_SPECIFIC_RESTRICTIONS_MINORS,,SK,0,0,0,0,0,0,0,,,,,,,
All,Snap,2025-07-01/2025-12-31,KEYWORD_CHILD_SEXUAL_ABUSE_MATERIAL,,SK,0,0,0,0,0,0,0,,,,,,,
All,Snap,2025-07-01/2025-12-31,KEYWORD_CHILD_SEXUAL_ABUSE_MATERIAL_DEEPFAKE,,SK,0,0,0,0,0,0,0,,,,,,,
All,Snap,2025-07-01/2025-12-31,KEYWORD_GROOMING_SEXUAL_ENTICEMENT_MINORS,,SK,0,0,0,0,0,0,0,,,,,,,
All,Snap,2025-07-01/2025-12-31,KEYWORD_UNSAFE_CHALLENGES,,SK,0,0,0,0,0,0,0,,,,,,,
All,Snap,2025-07-01/2025-12-31,KEYWORD_OTHER,"Text to detail the ""Other"" keyword.",SK,0,0,0,0,0,0,0,,,,,,,
All,Snap,2025-07-01/2025-12-31,STATEMENT_CATEGORY_RISK_FOR_PUBLIC_SECURITY,,SK,0,0,0,0,0,0,0,,,,,,,
All,Snap,2025-07-01/2025-12-31,KEYWORD_ILLEGAL_ORGANIZATIONS,,SK,0,0,0,0,0,0,0,,,,,,,
All,Snap,2025-07-01/2025-12-31,KEYWORD_RISK_ENVIRONMENTAL_DAMAGE,,SK,0,0,0,0,0,0,0,,,,,,,
All,Snap,2025-07-01/2025-12-31,KEYWORD_RISK_PUBLIC_HEALTH,,SK,0,0,0,0,0,0,0,,,,,,,
All,Snap,2025-07-01/2025-12-31,KEYWORD_TERRORIST_CONTENT,,SK,0,0,0,0,0,0,0,,,,,,,
All,Snap,2025-07-01/2025-12-31,KEYWORD_OTHER,Persons at large,SK,0,0,0,0,0,0,0,,,,,,,
All,Snap,2025-07-01/2025-12-31,KEYWORD_OTHER,Arson,SK,0,0,0,0,0,0,0,,,,,,,
All,Snap,2025-07-01/2025-12-31,KEYWORD_OTHER,Other Illegal Activities,SK,0,0,0,0,0,0,0,,,,,,,
All,Snap,2025-07-01/2025-12-31,STATEMENT_CATEGORY_SCAMS_AND_FRAUD,,SK,0,0,0,0,0,0,0,,,,,,,
All,Snap,2025-07-01/2025-12-31,KEYWORD_IMPERSONATION_ACCOUNT_HIJACKING,,SK,0,0,0,0,0,0,0,,,,,,,
All,Snap,2025-07-01/2025-12-31,KEYWORD_INAUTHENTIC_ACCOUNTS,,SK,0,0,0,0,0,0,0,,,,,,,
All,Snap,2025-07-01/2025-12-31,KEYWORD_INAUTHENTIC_LISTINGS,,SK,0,0,0,0,0,0,0,,,,,,,
All,Snap,2025-07-01/2025-12-31,KEYWORD_INAUTHENTIC_USER_REVIEWS,,SK,0,0,0,0,0,0,0,,,,,,,
All,Snap,2025-07-01/2025-12-31,KEYWORD_PHISHING,,SK,0,0,0,0,0,0,0,,,,,,,
All,Snap,2025-07-01/2025-12-31,KEYWORD_PYRAMID_SCHEMES,,SK,0,0,0,0,0,0,0,,,,,,,
All,Snap,2025-07-01/2025-12-31,KEYWORD_OTHER,Fraud,SK,0,0,0,0,0,0,0,,,,,,,
All,Snap,2025-07-01/2025-12-31,STATEMENT_CATEGORY_SELF_HARM,,SK,0,0,0,0,0,0,0,,,,,,,
All,Snap,2025-07-01/2025-12-31,KEYWORD_CONTENT_PROMOTING_EATING_DISORDERS,,SK,0,0,0,0,0,0,0,,,,,,,
All,Snap,2025-07-01/2025-12-31,KEYWORD_SELF_MUTILATION,,SK,0,0,0,0,0,0,0,,,,,,,
All,Snap,2025-07-01/2025-12-31,KEYWORD_SUICIDE,,SK,0,0,0,0,0,0,0,,,,,,,
All,Snap,2025-07-01/2025-12-31,KEYWORD_OTHER,Self-harm & Suicide,SK,0,0,0,0,0,0,0,,,,,,,
All,Snap,2025-07-01/2025-12-31,STATEMENT_CATEGORY_UNSAFE_AND_PROHIBITED_PRODUCTS,,SK,0,0,0,0,0,0,0,,,,,,,
All,Snap,2025-07-01/2025-12-31,KEYWORD_PROHIBITED_PRODUCTS,,SK,0,0,0,0,0,0,0,,,,,,,
All,Snap,2025-07-01/2025-12-31,KEYWORD_UNSAFE_PRODUCTS,,SK,0,0,0,0,0,0,0,,,,,,,
All,Snap,2025-07-01/2025-12-31,KEYWORD_OTHER,"Text to detail the ""Other"" keyword.",SK,0,0,0,0,0,0,0,,,,,,,
All,Snap,2025-07-01/2025-12-31,STATEMENT_CATEGORY_VIOLENCE,,SK,0,0,0,0,0,0,0,,,,,,,
All,Snap,2025-07-01/2025-12-31,KEYWORD_COORDINATED_HARM,,SK,0,0,0,0,0,0,0,,,,,,,
All,Snap,2025-07-01/2025-12-31,KEYWORD_INCITEMENT_VIOLENCE_HATRED,,SK,0,0,0,0,0,0,0,,,,,,,
All,Snap,2025-07-01/2025-12-31,KEYWORD_HUMAN_EXPLOITATION,,SK,0,0,0,0,0,0,0,,,,,,,
All,Snap,2025-07-01/2025-12-31,KEYWORD_HUMAN_TRAFFICKING,,SK,0,0,0,0,0,0,0,,,,,,,
All,Snap,2025-07-01/2025-12-31,KEYWORD_TRAFFICKING_WOMEN_GIRLS,,SK,0,0,0,0,0,0,0,,,,,,,
All,Snap,2025-07-01/2025-12-31,KEYWORD_OTHER,Threats & Violence,SK,0,0,0,0,0,0,0,,,,,,,
All,Snap,2025-07-01/2025-12-31,STATEMENT_CATEGORY_NOT_SPECIFIED_ORDER,,SK,0,0,0,0,0,0,0,,,,,,,
