Applicability,Service,Reporting period,Category of illegal content,"Description of the sub-category ""Other""",Scope,Number of orders to act against illegal content received,Number of specific items of information included in the total number of orders to act against illegal content,Median time to inform the authority of the receipt of the order to act against illegal content,Median time to give effect to the order to act against illegal content,Number of orders to provide information,Median time to inform the authority of the receipt of the order to provide information,Median time to give effect to the order to provide information,Contextual information on number of orders to act against illegal content received,Contextual information on number of specific items of information included in the total number of orders to act against illegal content,Contextual information on Median time to inform the authority of the receipt of the order to act against illegal content,Contextual information on Median time to give effect to the order to act against illegal content,Contextual information on Number of orders to provide information,Contextual information on Median time to inform the authority of the receipt of the order to provide information,Contextual information on Median time to give effect to the order to provide information
All,Grindr,2025-02-01/2025-12-31,TOTAL,,194,0,0,0,0,194,134.2,153.6,Grindr received zero takedown orders from EU Member State authorities during the reporting period. Each order to provide information recorded represents one notice received from a law enforcement authority.,,,,Each notice from Law Enforcement represents a sum count of one order.,"After additional staffing was brought on in October, the median time in Q4 to inform the authority of the receipt of the order to provide information dropped to 61.6 hours.","After additional staffing was brought on in October, the median time in Q4 to give effect to the order to provide information dropped to 100 hours."
All,Grindr,2025-02-01/2025-12-31,STATEMENT_CATEGORY_ANIMAL_WELFARE,,0,0,0,0,0,0,0,0,,,,,,,
All,Grindr,2025-02-01/2025-12-31,KEYWORD_ANIMAL_HARM,,0,0,0,0,0,0,0,0,,,,,,,
All,Grindr,2025-02-01/2025-12-31,KEYWORD_UNLAWFUL_SALE_ANIMALS,,0,0,0,0,0,0,0,0,,,,,,,
All,Grindr,2025-02-01/2025-12-31,KEYWORD_OTHER,,0,0,0,0,0,0,0,0,,,,,,,
All,Grindr,2025-02-01/2025-12-31,STATEMENT_CATEGORY_CONSUMER_INFORMATION,,0,0,0,0,0,0,0,0,,,,,,,
All,Grindr,2025-02-01/2025-12-31,KEYWORD_HIDDEN_ADVERTISEMENT,,0,0,0,0,0,0,0,0,,,,,,,
All,Grindr,2025-02-01/2025-12-31,KEYWORD_INSUFFICIENT_INFORMATION_ON_TRADERS,,0,0,0,0,0,0,0,0,,,,,,,
All,Grindr,2025-02-01/2025-12-31,KEYWORD_MISLEADING_INFO_GOODS_SERVICES,,0,0,0,0,0,0,0,0,,,,,,,
All,Grindr,2025-02-01/2025-12-31,KEYWORD_MISLEADING_INFO_CONSUMER_RIGHTS,,0,0,0,0,0,0,0,0,,,,,,,
All,Grindr,2025-02-01/2025-12-31,KEYWORD_NONCOMPLIANCE_PRICING,,0,0,0,0,0,0,0,0,,,,,,,
All,Grindr,2025-02-01/2025-12-31,KEYWORD_OTHER,,0,0,0,0,0,0,0,0,,,,,,,
All,Grindr,2025-02-01/2025-12-31,STATEMENT_CATEGORY_CYBER_VIOLENCE,,13,0,0,0,0,13,270.7607905982906,289.33294871794874,,,,,,,
All,Grindr,2025-02-01/2025-12-31,KEYWORD_CYBER_BULLYING_INTIMIDATION,,4,0,0,0,0,4,460.895,460.895,,,,,,,
All,Grindr,2025-02-01/2025-12-31,KEYWORD_CYBER_HARASSMENT,,7,0,0,0,0,7,174.395754,208.8869048,,,,,,,
All,Grindr,2025-02-01/2025-12-31,KEYWORD_CYBER_INCITEMENT,,0,0,0,0,0,0,0,0,,,,,,,
All,Grindr,2025-02-01/2025-12-31,KEYWORD_CYBER_STALKING,,1,0,0,0,0,1,368.3338889,368.3338889,,,,,,,
All,Grindr,2025-02-01/2025-12-31,KEYWORD_NON_CONSENSUAL_IMAGE_SHARING,,1,0,0,0,0,1,87.20611111,87.20611111,,,,,,,
All,Grindr,2025-02-01/2025-12-31,KEYWORD_NON_CONSENSUAL_MATERIAL_DEEPFAKE,,0,0,0,0,0,0,0,0,,,,,,,
All,Grindr,2025-02-01/2025-12-31,KEYWORD_OTHER,,0,0,0,0,0,0,0,0,,,,,,,
All,Grindr,2025-02-01/2025-12-31,STATEMENT_CATEGORY_CYBER_VIOLENCE_AGAINST_WOMEN,,0,0,0,0,0,0,0,0,,,,,,,
All,Grindr,2025-02-01/2025-12-31,KEYWORD_BULLYING_AGAINST_GIRLS,,0,0,0,0,0,0,0,0,,,,,,,
All,Grindr,2025-02-01/2025-12-31,KEYWORD_CYBER_HARASSMENT_AGAINST_WOMEN,,0,0,0,0,0,0,0,0,,,,,,,
All,Grindr,2025-02-01/2025-12-31,KEYWORD_CYBER_STALKING_AGAINST_WOMEN,,0,0,0,0,0,0,0,0,,,,,,,
All,Grindr,2025-02-01/2025-12-31,KEYWORD_FEMALE_GENDERED_DISINFORMATION,,0,0,0,0,0,0,0,0,,,,,,,
All,Grindr,2025-02-01/2025-12-31,KEYWORD_INCITEMENT_AGAINST_WOMEN,,0,0,0,0,0,0,0,0,,,,,,,
All,Grindr,2025-02-01/2025-12-31,KEYWORD_NON_CONSENSUAL_IMAGE_SHARING_AGAINST_WOMEN,,0,0,0,0,0,0,0,0,,,,,,,
All,Grindr,2025-02-01/2025-12-31,KEYWORD_NON_CONSENSUAL_MATERIAL_DEEPFAKE_AGAINST_WOMEN,,0,0,0,0,0,0,0,0,,,,,,,
All,Grindr,2025-02-01/2025-12-31,KEYWORD_OTHER,,0,0,0,0,0,0,0,0,,,,,,,
All,Grindr,2025-02-01/2025-12-31,STATEMENT_CATEGORY_DATA_PROTECTION_AND_PRIVACY_VIOLATIONS,,0,0,0,0,0,0,0,0,,,,,,,
All,Grindr,2025-02-01/2025-12-31,KEYWORD_BIOMETRIC_DATA_BREACH,,0,0,0,0,0,0,0,0,,,,,,,
All,Grindr,2025-02-01/2025-12-31,KEYWORD_DATA_FALSIFICATION,,0,0,0,0,0,0,0,0,,,,,,,
All,Grindr,2025-02-01/2025-12-31,KEYWORD_MISSING_PROCESSING_GROUND,,0,0,0,0,0,0,0,0,,,,,,,
All,Grindr,2025-02-01/2025-12-31,KEYWORD_RIGHT_TO_BE_FORGOTTEN,,0,0,0,0,0,0,0,0,,,,,,,
All,Grindr,2025-02-01/2025-12-31,KEYWORD_OTHER,,0,0,0,0,0,0,0,0,,,,,,,
All,Grindr,2025-02-01/2025-12-31,STATEMENT_CATEGORY_ILLEGAL_OR_HARMFUL_SPEECH,,0,0,0,0,0,0,0,0,,,,,,,
All,Grindr,2025-02-01/2025-12-31,KEYWORD_DEFAMATION,,0,0,0,0,0,0,0,0,,,,,,,
All,Grindr,2025-02-01/2025-12-31,KEYWORD_DISCRIMINATION,,0,0,0,0,0,0,0,0,,,,,,,
All,Grindr,2025-02-01/2025-12-31,KEYWORD_HATE_SPEECH,,0,0,0,0,0,0,0,0,,,,,,,
All,Grindr,2025-02-01/2025-12-31,KEYWORD_OTHER,,0,0,0,0,0,0,0,0,,,,,,,
All,Grindr,2025-02-01/2025-12-31,STATEMENT_CATEGORY_INTELLECTUAL_PROPERTY_INFRINGEMENTS,,0,0,0,0,0,0,0,0,,,,,,,
All,Grindr,2025-02-01/2025-12-31,KEYWORD_COPYRIGHT_INFRINGEMENT,,0,0,0,0,0,0,0,0,,,,,,,
All,Grindr,2025-02-01/2025-12-31,KEYWORD_DESIGN_INFRINGEMENT,,0,0,0,0,0,0,0,0,,,,,,,
All,Grindr,2025-02-01/2025-12-31,KEYWORD_GEOGRAPHIC_INDICATIONS_INFRINGEMENT,,0,0,0,0,0,0,0,0,,,,,,,
All,Grindr,2025-02-01/2025-12-31,KEYWORD_PATENT_INFRINGEMENT,,0,0,0,0,0,0,0,0,,,,,,,
All,Grindr,2025-02-01/2025-12-31,KEYWORD_TRADE_SECRET_INFRINGEMENT,,0,0,0,0,0,0,0,0,,,,,,,
All,Grindr,2025-02-01/2025-12-31,KEYWORD_TRADEMARK_INFRINGEMENT,,0,0,0,0,0,0,0,0,,,,,,,
All,Grindr,2025-02-01/2025-12-31,KEYWORD_OTHER,,0,0,0,0,0,0,0,0,,,,,,,
All,Grindr,2025-02-01/2025-12-31,STATEMENT_CATEGORY_NEGATIVE_EFFECTS_ON_CIVIC_DISCOURSE_OR_ELECTIONS,,0,0,0,0,0,0,0,0,,,,,,,
All,Grindr,2025-02-01/2025-12-31,KEYWORD_MISINFORMATION_DISINFORMATION,,0,0,0,0,0,0,0,0,,,,,,,
All,Grindr,2025-02-01/2025-12-31,KEYWORD_VIOLATION_EU_LAW,,0,0,0,0,0,0,0,0,,,,,,,
All,Grindr,2025-02-01/2025-12-31,KEYWORD_VIOLATION_NATIONAL_LAW,,0,0,0,0,0,0,0,0,,,,,,,
All,Grindr,2025-02-01/2025-12-31,KEYWORD_OTHER,,0,0,0,0,0,0,0,0,,,,,,,
All,Grindr,2025-02-01/2025-12-31,STATEMENT_CATEGORY_PROTECTION_OF_MINORS,,26,0,0,0,0,26,65.19892094017092,76.60110042735043,,,,,,,
All,Grindr,2025-02-01/2025-12-31,KEYWORD_AGE_SPECIFIC_RESTRICTIONS_MINORS,,0,0,0,0,0,0,0,0,,,,,,,
All,Grindr,2025-02-01/2025-12-31,KEYWORD_CHILD_SEXUAL_ABUSE_MATERIAL,,1,0,0,0,0,1,30.47583333,30.5125,,,,,,,
All,Grindr,2025-02-01/2025-12-31,KEYWORD_CHILD_SEXUAL_ABUSE_MATERIAL_DEEPFAKE,,0,0,0,0,0,0,0,0,,,,,,,
All,Grindr,2025-02-01/2025-12-31,KEYWORD_GROOMING_SEXUAL_ENTICEMENT_MINORS,,25,0,0,0,0,25,66.58784444,78.44464444,,,,,,,
All,Grindr,2025-02-01/2025-12-31,KEYWORD_UNSAFE_CHALLENGES,,0,0,0,0,0,0,0,0,,,,,,,
All,Grindr,2025-02-01/2025-12-31,KEYWORD_OTHER,,0,0,0,0,0,0,0,0,,,,,,,
All,Grindr,2025-02-01/2025-12-31,STATEMENT_CATEGORY_RISK_FOR_PUBLIC_SECURITY,,0,0,0,0,0,0,0,0,,,,,,,
All,Grindr,2025-02-01/2025-12-31,KEYWORD_ILLEGAL_ORGANIZATIONS,,0,0,0,0,0,0,0,0,,,,,,,
All,Grindr,2025-02-01/2025-12-31,KEYWORD_RISK_ENVIRONMENTAL_DAMAGE,,0,0,0,0,0,0,0,0,,,,,,,
All,Grindr,2025-02-01/2025-12-31,KEYWORD_RISK_PUBLIC_HEALTH,,0,0,0,0,0,0,0,0,,,,,,,
All,Grindr,2025-02-01/2025-12-31,KEYWORD_TERRORIST_CONTENT,,0,0,0,0,0,0,0,0,,,,,,,
All,Grindr,2025-02-01/2025-12-31,KEYWORD_OTHER,,0,0,0,0,0,0,0,0,,,,,,,
All,Grindr,2025-02-01/2025-12-31,STATEMENT_CATEGORY_SCAMS_AND_FRAUD,,52,0,0,0,0,52,83.21493589743591,85.70943910256412,,,,,,,
All,Grindr,2025-02-01/2025-12-31,KEYWORD_IMPERSONATION_ACCOUNT_HIJACKING,,4,0,0,0,0,4,105.8463194,105.8607639,,,,,,,
All,Grindr,2025-02-01/2025-12-31,KEYWORD_INAUTHENTIC_ACCOUNTS,,2,0,0,0,0,2,102.7763889,102.7763889,,,,,,,
All,Grindr,2025-02-01/2025-12-31,KEYWORD_INAUTHENTIC_LISTINGS,,0,0,0,0,0,0,0,0,,,,,,,
All,Grindr,2025-02-01/2025-12-31,KEYWORD_INAUTHENTIC_USER_REVIEWS,,0,0,0,0,0,0,0,0,,,,,,,
All,Grindr,2025-02-01/2025-12-31,KEYWORD_PHISHING,,0,0,0,0,0,0,0,0,,,,,,,
All,Grindr,2025-02-01/2025-12-31,KEYWORD_PYRAMID_SCHEMES,,0,0,0,0,0,0,0,0,,,,,,,
All,Grindr,2025-02-01/2025-12-31,KEYWORD_OTHER,"Grindr captured cases of blackmail, extortion, and/or financial fraud in this category.",46,0,0,0,0,46,80.39649155,83.2151087,,,,,,,
All,Grindr,2025-02-01/2025-12-31,STATEMENT_CATEGORY_SELF_HARM,,0,0,0,0,0,0,0,0,,,,,,,
All,Grindr,2025-02-01/2025-12-31,KEYWORD_CONTENT_PROMOTING_EATING_DISORDERS,,0,0,0,0,0,0,0,0,,,,,,,
All,Grindr,2025-02-01/2025-12-31,KEYWORD_SELF_MUTILATION,,0,0,0,0,0,0,0,0,,,,,,,
All,Grindr,2025-02-01/2025-12-31,KEYWORD_SUICIDE,,0,0,0,0,0,0,0,0,,,,,,,
All,Grindr,2025-02-01/2025-12-31,KEYWORD_OTHER,,0,0,0,0,0,0,0,0,,,,,,,
All,Grindr,2025-02-01/2025-12-31,STATEMENT_CATEGORY_UNSAFE_AND_PROHIBITED_PRODUCTS,,2,0,0,0,0,2,25.453055555555558,25.464444444444446,,,,,,,
All,Grindr,2025-02-01/2025-12-31,KEYWORD_PROHIBITED_PRODUCTS,,2,0,0,0,0,2,25.45305556,25.46444444,,,,,,,
All,Grindr,2025-02-01/2025-12-31,KEYWORD_UNSAFE_PRODUCTS,,0,0,0,0,0,0,0,0,,,,,,,
All,Grindr,2025-02-01/2025-12-31,KEYWORD_OTHER,,0,0,0,0,0,0,0,0,,,,,,,
All,Grindr,2025-02-01/2025-12-31,STATEMENT_CATEGORY_VIOLENCE,,97,0,0,0,0,97,163.3866981672394,194.56879438717053,,,,,,,
All,Grindr,2025-02-01/2025-12-31,KEYWORD_COORDINATED_HARM,,0,0,0,0,0,0,0,0,,,,,,,
All,Grindr,2025-02-01/2025-12-31,KEYWORD_INCITEMENT_VIOLENCE_HATRED,,0,0,0,0,0,0,0,0,,,,,,,
All,Grindr,2025-02-01/2025-12-31,KEYWORD_HUMAN_EXPLOITATION,,0,0,0,0,0,0,0,0,,,,,,,
All,Grindr,2025-02-01/2025-12-31,KEYWORD_HUMAN_TRAFFICKING,,1,0,0,0,0,1,346.3063889,346.3063889,,,,,,,
All,Grindr,2025-02-01/2025-12-31,KEYWORD_TRAFFICKING_WOMEN_GIRLS,,0,0,0,0,0,0,0,0,,,,,,,
All,Grindr,2025-02-01/2025-12-31,KEYWORD_OTHER,Grindr captured cases of serious offline incidents in this category.,96,0,0,0,0,96,161.4812847,192.9881944,,,,,,,
All,Grindr,2025-02-01/2025-12-31,STATEMENT_CATEGORY_NOT_SPECIFIED_ORDER,,4,0,0,0,0,4,148.8836806,165.884375,,,,,,,
All,Grindr,2025-02-01/2025-12-31,TOTAL,,AT,0,0,0,0,6,141.14291666666665,141.14902777777777,,,,,,,
All,Grindr,2025-02-01/2025-12-31,STATEMENT_CATEGORY_ANIMAL_WELFARE,,AT,0,0,0,0,0,0,0,,,,,,,
All,Grindr,2025-02-01/2025-12-31,KEYWORD_ANIMAL_HARM,,AT,0,0,0,0,0,0,0,,,,,,,
All,Grindr,2025-02-01/2025-12-31,KEYWORD_UNLAWFUL_SALE_ANIMALS,,AT,0,0,0,0,0,0,0,,,,,,,
All,Grindr,2025-02-01/2025-12-31,KEYWORD_OTHER,,AT,0,0,0,0,0,0,0,,,,,,,
All,Grindr,2025-02-01/2025-12-31,STATEMENT_CATEGORY_CONSUMER_INFORMATION,,AT,0,0,0,0,0,0,0,,,,,,,
All,Grindr,2025-02-01/2025-12-31,KEYWORD_HIDDEN_ADVERTISEMENT,,AT,0,0,0,0,0,0,0,,,,,,,
All,Grindr,2025-02-01/2025-12-31,KEYWORD_INSUFFICIENT_INFORMATION_ON_TRADERS,,AT,0,0,0,0,0,0,0,,,,,,,
All,Grindr,2025-02-01/2025-12-31,KEYWORD_MISLEADING_INFO_GOODS_SERVICES,,AT,0,0,0,0,0,0,0,,,,,,,
All,Grindr,2025-02-01/2025-12-31,KEYWORD_MISLEADING_INFO_CONSUMER_RIGHTS,,AT,0,0,0,0,0,0,0,,,,,,,
All,Grindr,2025-02-01/2025-12-31,KEYWORD_NONCOMPLIANCE_PRICING,,AT,0,0,0,0,0,0,0,,,,,,,
All,Grindr,2025-02-01/2025-12-31,KEYWORD_OTHER,,AT,0,0,0,0,0,0,0,,,,,,,
All,Grindr,2025-02-01/2025-12-31,STATEMENT_CATEGORY_CYBER_VIOLENCE,,AT,0,0,0,0,0,0,0,,,,,,,
All,Grindr,2025-02-01/2025-12-31,KEYWORD_CYBER_BULLYING_INTIMIDATION,,AT,0,0,0,0,0,0,0,,,,,,,
All,Grindr,2025-02-01/2025-12-31,KEYWORD_CYBER_HARASSMENT,,AT,0,0,0,0,0,0,0,,,,,,,
All,Grindr,2025-02-01/2025-12-31,KEYWORD_CYBER_INCITEMENT,,AT,0,0,0,0,0,0,0,,,,,,,
All,Grindr,2025-02-01/2025-12-31,KEYWORD_CYBER_STALKING,,AT,0,0,0,0,0,0,0,,,,,,,
All,Grindr,2025-02-01/2025-12-31,KEYWORD_NON_CONSENSUAL_IMAGE_SHARING,,AT,0,0,0,0,0,0,0,,,,,,,
All,Grindr,2025-02-01/2025-12-31,KEYWORD_NON_CONSENSUAL_MATERIAL_DEEPFAKE,,AT,0,0,0,0,0,0,0,,,,,,,
All,Grindr,2025-02-01/2025-12-31,KEYWORD_OTHER,,AT,0,0,0,0,0,0,0,,,,,,,
All,Grindr,2025-02-01/2025-12-31,STATEMENT_CATEGORY_CYBER_VIOLENCE_AGAINST_WOMEN,,AT,0,0,0,0,0,0,0,,,,,,,
All,Grindr,2025-02-01/2025-12-31,KEYWORD_BULLYING_AGAINST_GIRLS,,AT,0,0,0,0,0,0,0,,,,,,,
All,Grindr,2025-02-01/2025-12-31,KEYWORD_CYBER_HARASSMENT_AGAINST_WOMEN,,AT,0,0,0,0,0,0,0,,,,,,,
All,Grindr,2025-02-01/2025-12-31,KEYWORD_CYBER_STALKING_AGAINST_WOMEN,,AT,0,0,0,0,0,0,0,,,,,,,
All,Grindr,2025-02-01/2025-12-31,KEYWORD_FEMALE_GENDERED_DISINFORMATION,,AT,0,0,0,0,0,0,0,,,,,,,
All,Grindr,2025-02-01/2025-12-31,KEYWORD_INCITEMENT_AGAINST_WOMEN,,AT,0,0,0,0,0,0,0,,,,,,,
All,Grindr,2025-02-01/2025-12-31,KEYWORD_NON_CONSENSUAL_IMAGE_SHARING_AGAINST_WOMEN,,AT,0,0,0,0,0,0,0,,,,,,,
All,Grindr,2025-02-01/2025-12-31,KEYWORD_NON_CONSENSUAL_MATERIAL_DEEPFAKE_AGAINST_WOMEN,,AT,0,0,0,0,0,0,0,,,,,,,
All,Grindr,2025-02-01/2025-12-31,KEYWORD_OTHER,,AT,0,0,0,0,0,0,0,,,,,,,
All,Grindr,2025-02-01/2025-12-31,STATEMENT_CATEGORY_DATA_PROTECTION_AND_PRIVACY_VIOLATIONS,,AT,0,0,0,0,0,0,0,,,,,,,
All,Grindr,2025-02-01/2025-12-31,KEYWORD_BIOMETRIC_DATA_BREACH,,AT,0,0,0,0,0,0,0,,,,,,,
All,Grindr,2025-02-01/2025-12-31,KEYWORD_DATA_FALSIFICATION,,AT,0,0,0,0,0,0,0,,,,,,,
All,Grindr,2025-02-01/2025-12-31,KEYWORD_MISSING_PROCESSING_GROUND,,AT,0,0,0,0,0,0,0,,,,,,,
All,Grindr,2025-02-01/2025-12-31,KEYWORD_RIGHT_TO_BE_FORGOTTEN,,AT,0,0,0,0,0,0,0,,,,,,,
All,Grindr,2025-02-01/2025-12-31,KEYWORD_OTHER,,AT,0,0,0,0,0,0,0,,,,,,,
All,Grindr,2025-02-01/2025-12-31,STATEMENT_CATEGORY_ILLEGAL_OR_HARMFUL_SPEECH,,AT,0,0,0,0,0,0,0,,,,,,,
All,Grindr,2025-02-01/2025-12-31,KEYWORD_DEFAMATION,,AT,0,0,0,0,0,0,0,,,,,,,
All,Grindr,2025-02-01/2025-12-31,KEYWORD_DISCRIMINATION,,AT,0,0,0,0,0,0,0,,,,,,,
All,Grindr,2025-02-01/2025-12-31,KEYWORD_HATE_SPEECH,,AT,0,0,0,0,0,0,0,,,,,,,
All,Grindr,2025-02-01/2025-12-31,KEYWORD_OTHER,,AT,0,0,0,0,0,0,0,,,,,,,
All,Grindr,2025-02-01/2025-12-31,STATEMENT_CATEGORY_INTELLECTUAL_PROPERTY_INFRINGEMENTS,,AT,0,0,0,0,0,0,0,,,,,,,
All,Grindr,2025-02-01/2025-12-31,KEYWORD_COPYRIGHT_INFRINGEMENT,,AT,0,0,0,0,0,0,0,,,,,,,
All,Grindr,2025-02-01/2025-12-31,KEYWORD_DESIGN_INFRINGEMENT,,AT,0,0,0,0,0,0,0,,,,,,,
All,Grindr,2025-02-01/2025-12-31,KEYWORD_GEOGRAPHIC_INDICATIONS_INFRINGEMENT,,AT,0,0,0,0,0,0,0,,,,,,,
All,Grindr,2025-02-01/2025-12-31,KEYWORD_PATENT_INFRINGEMENT,,AT,0,0,0,0,0,0,0,,,,,,,
All,Grindr,2025-02-01/2025-12-31,KEYWORD_TRADE_SECRET_INFRINGEMENT,,AT,0,0,0,0,0,0,0,,,,,,,
All,Grindr,2025-02-01/2025-12-31,KEYWORD_TRADEMARK_INFRINGEMENT,,AT,0,0,0,0,0,0,0,,,,,,,
All,Grindr,2025-02-01/2025-12-31,KEYWORD_OTHER,,AT,0,0,0,0,0,0,0,,,,,,,
All,Grindr,2025-02-01/2025-12-31,STATEMENT_CATEGORY_NEGATIVE_EFFECTS_ON_CIVIC_DISCOURSE_OR_ELECTIONS,,AT,0,0,0,0,0,0,0,,,,,,,
All,Grindr,2025-02-01/2025-12-31,KEYWORD_MISINFORMATION_DISINFORMATION,,AT,0,0,0,0,0,0,0,,,,,,,
All,Grindr,2025-02-01/2025-12-31,KEYWORD_VIOLATION_EU_LAW,,AT,0,0,0,0,0,0,0,,,,,,,
All,Grindr,2025-02-01/2025-12-31,KEYWORD_VIOLATION_NATIONAL_LAW,,AT,0,0,0,0,0,0,0,,,,,,,
All,Grindr,2025-02-01/2025-12-31,KEYWORD_OTHER,,AT,0,0,0,0,0,0,0,,,,,,,
All,Grindr,2025-02-01/2025-12-31,STATEMENT_CATEGORY_PROTECTION_OF_MINORS,,AT,0,0,0,0,1,30.475833333333334,30.5125,,,,,,,
All,Grindr,2025-02-01/2025-12-31,KEYWORD_AGE_SPECIFIC_RESTRICTIONS_MINORS,,AT,0,0,0,0,0,0,0,,,,,,,
All,Grindr,2025-02-01/2025-12-31,KEYWORD_CHILD_SEXUAL_ABUSE_MATERIAL,,AT,0,0,0,0,1,30.47583333,30.5125,,,,,,,
All,Grindr,2025-02-01/2025-12-31,KEYWORD_CHILD_SEXUAL_ABUSE_MATERIAL_DEEPFAKE,,AT,0,0,0,0,0,0,0,,,,,,,
All,Grindr,2025-02-01/2025-12-31,KEYWORD_GROOMING_SEXUAL_ENTICEMENT_MINORS,,AT,0,0,0,0,0,0,0,,,,,,,
All,Grindr,2025-02-01/2025-12-31,KEYWORD_UNSAFE_CHALLENGES,,AT,0,0,0,0,0,0,0,,,,,,,
All,Grindr,2025-02-01/2025-12-31,KEYWORD_OTHER,,AT,0,0,0,0,0,0,0,,,,,,,
All,Grindr,2025-02-01/2025-12-31,STATEMENT_CATEGORY_RISK_FOR_PUBLIC_SECURITY,,AT,0,0,0,0,0,0,0,,,,,,,
All,Grindr,2025-02-01/2025-12-31,KEYWORD_ILLEGAL_ORGANIZATIONS,,AT,0,0,0,0,0,0,0,,,,,,,
All,Grindr,2025-02-01/2025-12-31,KEYWORD_RISK_ENVIRONMENTAL_DAMAGE,,AT,0,0,0,0,0,0,0,,,,,,,
All,Grindr,2025-02-01/2025-12-31,KEYWORD_RISK_PUBLIC_HEALTH,,AT,0,0,0,0,0,0,0,,,,,,,
All,Grindr,2025-02-01/2025-12-31,KEYWORD_TERRORIST_CONTENT,,AT,0,0,0,0,0,0,0,,,,,,,
All,Grindr,2025-02-01/2025-12-31,KEYWORD_OTHER,,AT,0,0,0,0,0,0,0,,,,,,,
All,Grindr,2025-02-01/2025-12-31,STATEMENT_CATEGORY_SCAMS_AND_FRAUD,,AT,0,0,0,0,3,155.99324074074073,155.99324074074073,,,,,,,
All,Grindr,2025-02-01/2025-12-31,KEYWORD_IMPERSONATION_ACCOUNT_HIJACKING,,AT,0,0,0,0,0,0,0,,,,,,,
All,Grindr,2025-02-01/2025-12-31,KEYWORD_INAUTHENTIC_ACCOUNTS,,AT,0,0,0,0,0,0,0,,,,,,,
All,Grindr,2025-02-01/2025-12-31,KEYWORD_INAUTHENTIC_LISTINGS,,AT,0,0,0,0,0,0,0,,,,,,,
All,Grindr,2025-02-01/2025-12-31,KEYWORD_INAUTHENTIC_USER_REVIEWS,,AT,0,0,0,0,0,0,0,,,,,,,
All,Grindr,2025-02-01/2025-12-31,KEYWORD_PHISHING,,AT,0,0,0,0,0,0,0,,,,,,,
All,Grindr,2025-02-01/2025-12-31,KEYWORD_PYRAMID_SCHEMES,,AT,0,0,0,0,0,0,0,,,,,,,
All,Grindr,2025-02-01/2025-12-31,KEYWORD_OTHER,"Grindr captured cases of blackmail, extortion, and/or financial fraud in this category.",AT,0,0,0,0,3,155.9932407,155.9932407,,,,,,,
All,Grindr,2025-02-01/2025-12-31,STATEMENT_CATEGORY_SELF_HARM,,AT,0,0,0,0,0,0,0,,,,,,,
All,Grindr,2025-02-01/2025-12-31,KEYWORD_CONTENT_PROMOTING_EATING_DISORDERS,,AT,0,0,0,0,0,0,0,,,,,,,
All,Grindr,2025-02-01/2025-12-31,KEYWORD_SELF_MUTILATION,,AT,0,0,0,0,0,0,0,,,,,,,
All,Grindr,2025-02-01/2025-12-31,KEYWORD_SUICIDE,,AT,0,0,0,0,0,0,0,,,,,,,
All,Grindr,2025-02-01/2025-12-31,KEYWORD_OTHER,,AT,0,0,0,0,0,0,0,,,,,,,
All,Grindr,2025-02-01/2025-12-31,STATEMENT_CATEGORY_UNSAFE_AND_PROHIBITED_PRODUCTS,,AT,0,0,0,0,0,0,0,,,,,,,
All,Grindr,2025-02-01/2025-12-31,KEYWORD_PROHIBITED_PRODUCTS,,AT,0,0,0,0,0,0,0,,,,,,,
All,Grindr,2025-02-01/2025-12-31,KEYWORD_UNSAFE_PRODUCTS,,AT,0,0,0,0,0,0,0,,,,,,,
All,Grindr,2025-02-01/2025-12-31,KEYWORD_OTHER,,AT,0,0,0,0,0,0,0,,,,,,,
All,Grindr,2025-02-01/2025-12-31,STATEMENT_CATEGORY_VIOLENCE,,AT,0,0,0,0,2,174.20097222222222,174.20097222222222,,,,,,,
All,Grindr,2025-02-01/2025-12-31,KEYWORD_COORDINATED_HARM,,AT,0,0,0,0,0,0,0,,,,,,,
All,Grindr,2025-02-01/2025-12-31,KEYWORD_INCITEMENT_VIOLENCE_HATRED,,AT,0,0,0,0,0,0,0,,,,,,,
All,Grindr,2025-02-01/2025-12-31,KEYWORD_HUMAN_EXPLOITATION,,AT,0,0,0,0,0,0,0,,,,,,,
All,Grindr,2025-02-01/2025-12-31,KEYWORD_HUMAN_TRAFFICKING,,AT,0,0,0,0,1,346.3063889,346.3063889,,,,,,,
All,Grindr,2025-02-01/2025-12-31,KEYWORD_TRAFFICKING_WOMEN_GIRLS,,AT,0,0,0,0,0,0,0,,,,,,,
All,Grindr,2025-02-01/2025-12-31,KEYWORD_OTHER,Grindr captured cases of serious offline incidents in this category.,AT,0,0,0,0,1,2.095555556,2.095555556,,,,,,,
All,Grindr,2025-02-01/2025-12-31,STATEMENT_CATEGORY_NOT_SPECIFIED_ORDER,,AT,0,0,0,0,0,0,0,,,,,,,
All,Grindr,2025-02-01/2025-12-31,TOTAL,,BE,0,0,0,0,2,272.26458333333335,272.26458333333335,,,,,,,
All,Grindr,2025-02-01/2025-12-31,STATEMENT_CATEGORY_ANIMAL_WELFARE,,BE,0,0,0,0,0,0,0,,,,,,,
All,Grindr,2025-02-01/2025-12-31,KEYWORD_ANIMAL_HARM,,BE,0,0,0,0,0,0,0,,,,,,,
All,Grindr,2025-02-01/2025-12-31,KEYWORD_UNLAWFUL_SALE_ANIMALS,,BE,0,0,0,0,0,0,0,,,,,,,
All,Grindr,2025-02-01/2025-12-31,KEYWORD_OTHER,,BE,0,0,0,0,0,0,0,,,,,,,
All,Grindr,2025-02-01/2025-12-31,STATEMENT_CATEGORY_CONSUMER_INFORMATION,,BE,0,0,0,0,0,0,0,,,,,,,
All,Grindr,2025-02-01/2025-12-31,KEYWORD_HIDDEN_ADVERTISEMENT,,BE,0,0,0,0,0,0,0,,,,,,,
All,Grindr,2025-02-01/2025-12-31,KEYWORD_INSUFFICIENT_INFORMATION_ON_TRADERS,,BE,0,0,0,0,0,0,0,,,,,,,
All,Grindr,2025-02-01/2025-12-31,KEYWORD_MISLEADING_INFO_GOODS_SERVICES,,BE,0,0,0,0,0,0,0,,,,,,,
All,Grindr,2025-02-01/2025-12-31,KEYWORD_MISLEADING_INFO_CONSUMER_RIGHTS,,BE,0,0,0,0,0,0,0,,,,,,,
All,Grindr,2025-02-01/2025-12-31,KEYWORD_NONCOMPLIANCE_PRICING,,BE,0,0,0,0,0,0,0,,,,,,,
All,Grindr,2025-02-01/2025-12-31,KEYWORD_OTHER,,BE,0,0,0,0,0,0,0,,,,,,,
All,Grindr,2025-02-01/2025-12-31,STATEMENT_CATEGORY_CYBER_VIOLENCE,,BE,0,0,0,0,0,0,0,,,,,,,
All,Grindr,2025-02-01/2025-12-31,KEYWORD_CYBER_BULLYING_INTIMIDATION,,BE,0,0,0,0,0,0,0,,,,,,,
All,Grindr,2025-02-01/2025-12-31,KEYWORD_CYBER_HARASSMENT,,BE,0,0,0,0,0,0,0,,,,,,,
All,Grindr,2025-02-01/2025-12-31,KEYWORD_CYBER_INCITEMENT,,BE,0,0,0,0,0,0,0,,,,,,,
All,Grindr,2025-02-01/2025-12-31,KEYWORD_CYBER_STALKING,,BE,0,0,0,0,0,0,0,,,,,,,
All,Grindr,2025-02-01/2025-12-31,KEYWORD_NON_CONSENSUAL_IMAGE_SHARING,,BE,0,0,0,0,0,0,0,,,,,,,
All,Grindr,2025-02-01/2025-12-31,KEYWORD_NON_CONSENSUAL_MATERIAL_DEEPFAKE,,BE,0,0,0,0,0,0,0,,,,,,,
All,Grindr,2025-02-01/2025-12-31,KEYWORD_OTHER,,BE,0,0,0,0,0,0,0,,,,,,,
All,Grindr,2025-02-01/2025-12-31,STATEMENT_CATEGORY_CYBER_VIOLENCE_AGAINST_WOMEN,,BE,0,0,0,0,0,0,0,,,,,,,
All,Grindr,2025-02-01/2025-12-31,KEYWORD_BULLYING_AGAINST_GIRLS,,BE,0,0,0,0,0,0,0,,,,,,,
All,Grindr,2025-02-01/2025-12-31,KEYWORD_CYBER_HARASSMENT_AGAINST_WOMEN,,BE,0,0,0,0,0,0,0,,,,,,,
All,Grindr,2025-02-01/2025-12-31,KEYWORD_CYBER_STALKING_AGAINST_WOMEN,,BE,0,0,0,0,0,0,0,,,,,,,
All,Grindr,2025-02-01/2025-12-31,KEYWORD_FEMALE_GENDERED_DISINFORMATION,,BE,0,0,0,0,0,0,0,,,,,,,
All,Grindr,2025-02-01/2025-12-31,KEYWORD_INCITEMENT_AGAINST_WOMEN,,BE,0,0,0,0,0,0,0,,,,,,,
All,Grindr,2025-02-01/2025-12-31,KEYWORD_NON_CONSENSUAL_IMAGE_SHARING_AGAINST_WOMEN,,BE,0,0,0,0,0,0,0,,,,,,,
All,Grindr,2025-02-01/2025-12-31,KEYWORD_NON_CONSENSUAL_MATERIAL_DEEPFAKE_AGAINST_WOMEN,,BE,0,0,0,0,0,0,0,,,,,,,
All,Grindr,2025-02-01/2025-12-31,KEYWORD_OTHER,,BE,0,0,0,0,0,0,0,,,,,,,
All,Grindr,2025-02-01/2025-12-31,STATEMENT_CATEGORY_DATA_PROTECTION_AND_PRIVACY_VIOLATIONS,,BE,0,0,0,0,0,0,0,,,,,,,
All,Grindr,2025-02-01/2025-12-31,KEYWORD_BIOMETRIC_DATA_BREACH,,BE,0,0,0,0,0,0,0,,,,,,,
All,Grindr,2025-02-01/2025-12-31,KEYWORD_DATA_FALSIFICATION,,BE,0,0,0,0,0,0,0,,,,,,,
All,Grindr,2025-02-01/2025-12-31,KEYWORD_MISSING_PROCESSING_GROUND,,BE,0,0,0,0,0,0,0,,,,,,,
All,Grindr,2025-02-01/2025-12-31,KEYWORD_RIGHT_TO_BE_FORGOTTEN,,BE,0,0,0,0,0,0,0,,,,,,,
All,Grindr,2025-02-01/2025-12-31,KEYWORD_OTHER,,BE,0,0,0,0,0,0,0,,,,,,,
All,Grindr,2025-02-01/2025-12-31,STATEMENT_CATEGORY_ILLEGAL_OR_HARMFUL_SPEECH,,BE,0,0,0,0,0,0,0,,,,,,,
All,Grindr,2025-02-01/2025-12-31,KEYWORD_DEFAMATION,,BE,0,0,0,0,0,0,0,,,,,,,
All,Grindr,2025-02-01/2025-12-31,KEYWORD_DISCRIMINATION,,BE,0,0,0,0,0,0,0,,,,,,,
All,Grindr,2025-02-01/2025-12-31,KEYWORD_HATE_SPEECH,,BE,0,0,0,0,0,0,0,,,,,,,
All,Grindr,2025-02-01/2025-12-31,KEYWORD_OTHER,,BE,0,0,0,0,0,0,0,,,,,,,
All,Grindr,2025-02-01/2025-12-31,STATEMENT_CATEGORY_INTELLECTUAL_PROPERTY_INFRINGEMENTS,,BE,0,0,0,0,0,0,0,,,,,,,
All,Grindr,2025-02-01/2025-12-31,KEYWORD_COPYRIGHT_INFRINGEMENT,,BE,0,0,0,0,0,0,0,,,,,,,
All,Grindr,2025-02-01/2025-12-31,KEYWORD_DESIGN_INFRINGEMENT,,BE,0,0,0,0,0,0,0,,,,,,,
All,Grindr,2025-02-01/2025-12-31,KEYWORD_GEOGRAPHIC_INDICATIONS_INFRINGEMENT,,BE,0,0,0,0,0,0,0,,,,,,,
All,Grindr,2025-02-01/2025-12-31,KEYWORD_PATENT_INFRINGEMENT,,BE,0,0,0,0,0,0,0,,,,,,,
All,Grindr,2025-02-01/2025-12-31,KEYWORD_TRADE_SECRET_INFRINGEMENT,,BE,0,0,0,0,0,0,0,,,,,,,
All,Grindr,2025-02-01/2025-12-31,KEYWORD_TRADEMARK_INFRINGEMENT,,BE,0,0,0,0,0,0,0,,,,,,,
All,Grindr,2025-02-01/2025-12-31,KEYWORD_OTHER,,BE,0,0,0,0,0,0,0,,,,,,,
All,Grindr,2025-02-01/2025-12-31,STATEMENT_CATEGORY_NEGATIVE_EFFECTS_ON_CIVIC_DISCOURSE_OR_ELECTIONS,,BE,0,0,0,0,0,0,0,,,,,,,
All,Grindr,2025-02-01/2025-12-31,KEYWORD_MISINFORMATION_DISINFORMATION,,BE,0,0,0,0,0,0,0,,,,,,,
All,Grindr,2025-02-01/2025-12-31,KEYWORD_VIOLATION_EU_LAW,,BE,0,0,0,0,0,0,0,,,,,,,
All,Grindr,2025-02-01/2025-12-31,KEYWORD_VIOLATION_NATIONAL_LAW,,BE,0,0,0,0,0,0,0,,,,,,,
All,Grindr,2025-02-01/2025-12-31,KEYWORD_OTHER,,BE,0,0,0,0,0,0,0,,,,,,,
All,Grindr,2025-02-01/2025-12-31,STATEMENT_CATEGORY_PROTECTION_OF_MINORS,,BE,0,0,0,0,0,0,0,,,,,,,
All,Grindr,2025-02-01/2025-12-31,KEYWORD_AGE_SPECIFIC_RESTRICTIONS_MINORS,,BE,0,0,0,0,0,0,0,,,,,,,
All,Grindr,2025-02-01/2025-12-31,KEYWORD_CHILD_SEXUAL_ABUSE_MATERIAL,,BE,0,0,0,0,0,0,0,,,,,,,
All,Grindr,2025-02-01/2025-12-31,KEYWORD_CHILD_SEXUAL_ABUSE_MATERIAL_DEEPFAKE,,BE,0,0,0,0,0,0,0,,,,,,,
All,Grindr,2025-02-01/2025-12-31,KEYWORD_GROOMING_SEXUAL_ENTICEMENT_MINORS,,BE,0,0,0,0,0,0,0,,,,,,,
All,Grindr,2025-02-01/2025-12-31,KEYWORD_UNSAFE_CHALLENGES,,BE,0,0,0,0,0,0,0,,,,,,,
All,Grindr,2025-02-01/2025-12-31,KEYWORD_OTHER,,BE,0,0,0,0,0,0,0,,,,,,,
All,Grindr,2025-02-01/2025-12-31,STATEMENT_CATEGORY_RISK_FOR_PUBLIC_SECURITY,,BE,0,0,0,0,0,0,0,,,,,,,
All,Grindr,2025-02-01/2025-12-31,KEYWORD_ILLEGAL_ORGANIZATIONS,,BE,0,0,0,0,0,0,0,,,,,,,
All,Grindr,2025-02-01/2025-12-31,KEYWORD_RISK_ENVIRONMENTAL_DAMAGE,,BE,0,0,0,0,0,0,0,,,,,,,
All,Grindr,2025-02-01/2025-12-31,KEYWORD_RISK_PUBLIC_HEALTH,,BE,0,0,0,0,0,0,0,,,,,,,
All,Grindr,2025-02-01/2025-12-31,KEYWORD_TERRORIST_CONTENT,,BE,0,0,0,0,0,0,0,,,,,,,
All,Grindr,2025-02-01/2025-12-31,KEYWORD_OTHER,,BE,0,0,0,0,0,0,0,,,,,,,
All,Grindr,2025-02-01/2025-12-31,STATEMENT_CATEGORY_SCAMS_AND_FRAUD,,BE,0,0,0,0,0,0,0,,,,,,,
All,Grindr,2025-02-01/2025-12-31,KEYWORD_IMPERSONATION_ACCOUNT_HIJACKING,,BE,0,0,0,0,0,0,0,,,,,,,
All,Grindr,2025-02-01/2025-12-31,KEYWORD_INAUTHENTIC_ACCOUNTS,,BE,0,0,0,0,0,0,0,,,,,,,
All,Grindr,2025-02-01/2025-12-31,KEYWORD_INAUTHENTIC_LISTINGS,,BE,0,0,0,0,0,0,0,,,,,,,
All,Grindr,2025-02-01/2025-12-31,KEYWORD_INAUTHENTIC_USER_REVIEWS,,BE,0,0,0,0,0,0,0,,,,,,,
All,Grindr,2025-02-01/2025-12-31,KEYWORD_PHISHING,,BE,0,0,0,0,0,0,0,,,,,,,
All,Grindr,2025-02-01/2025-12-31,KEYWORD_PYRAMID_SCHEMES,,BE,0,0,0,0,0,0,0,,,,,,,
All,Grindr,2025-02-01/2025-12-31,KEYWORD_OTHER,,BE,0,0,0,0,0,0,0,,,,,,,
All,Grindr,2025-02-01/2025-12-31,STATEMENT_CATEGORY_SELF_HARM,,BE,0,0,0,0,0,0,0,,,,,,,
All,Grindr,2025-02-01/2025-12-31,KEYWORD_CONTENT_PROMOTING_EATING_DISORDERS,,BE,0,0,0,0,0,0,0,,,,,,,
All,Grindr,2025-02-01/2025-12-31,KEYWORD_SELF_MUTILATION,,BE,0,0,0,0,0,0,0,,,,,,,
All,Grindr,2025-02-01/2025-12-31,KEYWORD_SUICIDE,,BE,0,0,0,0,0,0,0,,,,,,,
All,Grindr,2025-02-01/2025-12-31,KEYWORD_OTHER,,BE,0,0,0,0,0,0,0,,,,,,,
All,Grindr,2025-02-01/2025-12-31,STATEMENT_CATEGORY_UNSAFE_AND_PROHIBITED_PRODUCTS,,BE,0,0,0,0,0,0,0,,,,,,,
All,Grindr,2025-02-01/2025-12-31,KEYWORD_PROHIBITED_PRODUCTS,,BE,0,0,0,0,0,0,0,,,,,,,
All,Grindr,2025-02-01/2025-12-31,KEYWORD_UNSAFE_PRODUCTS,,BE,0,0,0,0,0,0,0,,,,,,,
All,Grindr,2025-02-01/2025-12-31,KEYWORD_OTHER,,BE,0,0,0,0,0,0,0,,,,,,,
All,Grindr,2025-02-01/2025-12-31,STATEMENT_CATEGORY_VIOLENCE,,BE,0,0,0,0,2,272.26458333333335,272.26458333333335,,,,,,,
All,Grindr,2025-02-01/2025-12-31,KEYWORD_COORDINATED_HARM,,BE,0,0,0,0,0,0,0,,,,,,,
All,Grindr,2025-02-01/2025-12-31,KEYWORD_INCITEMENT_VIOLENCE_HATRED,,BE,0,0,0,0,0,0,0,,,,,,,
All,Grindr,2025-02-01/2025-12-31,KEYWORD_HUMAN_EXPLOITATION,,BE,0,0,0,0,0,0,0,,,,,,,
All,Grindr,2025-02-01/2025-12-31,KEYWORD_HUMAN_TRAFFICKING,,BE,0,0,0,0,0,0,0,,,,,,,
All,Grindr,2025-02-01/2025-12-31,KEYWORD_TRAFFICKING_WOMEN_GIRLS,,BE,0,0,0,0,0,0,0,,,,,,,
All,Grindr,2025-02-01/2025-12-31,KEYWORD_OTHER,Grindr captured cases of serious offline incidents in this category.,BE,0,0,0,0,2,272.26458333333335,272.26458333333335,,,,,,,
All,Grindr,2025-02-01/2025-12-31,STATEMENT_CATEGORY_NOT_SPECIFIED_ORDER,,BE,0,0,0,0,0,0,0,,,,,,,
All,Grindr,2025-02-01/2025-12-31,TOTAL,,CZ,0,0,0,0,3,98.51296296296296,98.51296296296296,,,,,,,
All,Grindr,2025-02-01/2025-12-31,STATEMENT_CATEGORY_ANIMAL_WELFARE,,CZ,0,0,0,0,0,0,0,,,,,,,
All,Grindr,2025-02-01/2025-12-31,KEYWORD_ANIMAL_HARM,,CZ,0,0,0,0,0,0,0,,,,,,,
All,Grindr,2025-02-01/2025-12-31,KEYWORD_UNLAWFUL_SALE_ANIMALS,,CZ,0,0,0,0,0,0,0,,,,,,,
All,Grindr,2025-02-01/2025-12-31,KEYWORD_OTHER,,CZ,0,0,0,0,0,0,0,,,,,,,
All,Grindr,2025-02-01/2025-12-31,STATEMENT_CATEGORY_CONSUMER_INFORMATION,,CZ,0,0,0,0,0,0,0,,,,,,,
All,Grindr,2025-02-01/2025-12-31,KEYWORD_HIDDEN_ADVERTISEMENT,,CZ,0,0,0,0,0,0,0,,,,,,,
All,Grindr,2025-02-01/2025-12-31,KEYWORD_INSUFFICIENT_INFORMATION_ON_TRADERS,,CZ,0,0,0,0,0,0,0,,,,,,,
All,Grindr,2025-02-01/2025-12-31,KEYWORD_MISLEADING_INFO_GOODS_SERVICES,,CZ,0,0,0,0,0,0,0,,,,,,,
All,Grindr,2025-02-01/2025-12-31,KEYWORD_MISLEADING_INFO_CONSUMER_RIGHTS,,CZ,0,0,0,0,0,0,0,,,,,,,
All,Grindr,2025-02-01/2025-12-31,KEYWORD_NONCOMPLIANCE_PRICING,,CZ,0,0,0,0,0,0,0,,,,,,,
All,Grindr,2025-02-01/2025-12-31,KEYWORD_OTHER,,CZ,0,0,0,0,0,0,0,,,,,,,
All,Grindr,2025-02-01/2025-12-31,STATEMENT_CATEGORY_CYBER_VIOLENCE,,CZ,0,0,0,0,0,0,0,,,,,,,
All,Grindr,2025-02-01/2025-12-31,KEYWORD_CYBER_BULLYING_INTIMIDATION,,CZ,0,0,0,0,0,0,0,,,,,,,
All,Grindr,2025-02-01/2025-12-31,KEYWORD_CYBER_HARASSMENT,,CZ,0,0,0,0,0,0,0,,,,,,,
All,Grindr,2025-02-01/2025-12-31,KEYWORD_CYBER_INCITEMENT,,CZ,0,0,0,0,0,0,0,,,,,,,
All,Grindr,2025-02-01/2025-12-31,KEYWORD_CYBER_STALKING,,CZ,0,0,0,0,0,0,0,,,,,,,
All,Grindr,2025-02-01/2025-12-31,KEYWORD_NON_CONSENSUAL_IMAGE_SHARING,,CZ,0,0,0,0,0,0,0,,,,,,,
All,Grindr,2025-02-01/2025-12-31,KEYWORD_NON_CONSENSUAL_MATERIAL_DEEPFAKE,,CZ,0,0,0,0,0,0,0,,,,,,,
All,Grindr,2025-02-01/2025-12-31,KEYWORD_OTHER,,CZ,0,0,0,0,0,0,0,,,,,,,
All,Grindr,2025-02-01/2025-12-31,STATEMENT_CATEGORY_CYBER_VIOLENCE_AGAINST_WOMEN,,CZ,0,0,0,0,0,0,0,,,,,,,
All,Grindr,2025-02-01/2025-12-31,KEYWORD_BULLYING_AGAINST_GIRLS,,CZ,0,0,0,0,0,0,0,,,,,,,
All,Grindr,2025-02-01/2025-12-31,KEYWORD_CYBER_HARASSMENT_AGAINST_WOMEN,,CZ,0,0,0,0,0,0,0,,,,,,,
All,Grindr,2025-02-01/2025-12-31,KEYWORD_CYBER_STALKING_AGAINST_WOMEN,,CZ,0,0,0,0,0,0,0,,,,,,,
All,Grindr,2025-02-01/2025-12-31,KEYWORD_FEMALE_GENDERED_DISINFORMATION,,CZ,0,0,0,0,0,0,0,,,,,,,
All,Grindr,2025-02-01/2025-12-31,KEYWORD_INCITEMENT_AGAINST_WOMEN,,CZ,0,0,0,0,0,0,0,,,,,,,
All,Grindr,2025-02-01/2025-12-31,KEYWORD_NON_CONSENSUAL_IMAGE_SHARING_AGAINST_WOMEN,,CZ,0,0,0,0,0,0,0,,,,,,,
All,Grindr,2025-02-01/2025-12-31,KEYWORD_NON_CONSENSUAL_MATERIAL_DEEPFAKE_AGAINST_WOMEN,,CZ,0,0,0,0,0,0,0,,,,,,,
All,Grindr,2025-02-01/2025-12-31,KEYWORD_OTHER,,CZ,0,0,0,0,0,0,0,,,,,,,
All,Grindr,2025-02-01/2025-12-31,STATEMENT_CATEGORY_DATA_PROTECTION_AND_PRIVACY_VIOLATIONS,,CZ,0,0,0,0,0,0,0,,,,,,,
All,Grindr,2025-02-01/2025-12-31,KEYWORD_BIOMETRIC_DATA_BREACH,,CZ,0,0,0,0,0,0,0,,,,,,,
All,Grindr,2025-02-01/2025-12-31,KEYWORD_DATA_FALSIFICATION,,CZ,0,0,0,0,0,0,0,,,,,,,
All,Grindr,2025-02-01/2025-12-31,KEYWORD_MISSING_PROCESSING_GROUND,,CZ,0,0,0,0,0,0,0,,,,,,,
All,Grindr,2025-02-01/2025-12-31,KEYWORD_RIGHT_TO_BE_FORGOTTEN,,CZ,0,0,0,0,0,0,0,,,,,,,
All,Grindr,2025-02-01/2025-12-31,KEYWORD_OTHER,,CZ,0,0,0,0,0,0,0,,,,,,,
All,Grindr,2025-02-01/2025-12-31,STATEMENT_CATEGORY_ILLEGAL_OR_HARMFUL_SPEECH,,CZ,0,0,0,0,0,0,0,,,,,,,
All,Grindr,2025-02-01/2025-12-31,KEYWORD_DEFAMATION,,CZ,0,0,0,0,0,0,0,,,,,,,
All,Grindr,2025-02-01/2025-12-31,KEYWORD_DISCRIMINATION,,CZ,0,0,0,0,0,0,0,,,,,,,
All,Grindr,2025-02-01/2025-12-31,KEYWORD_HATE_SPEECH,,CZ,0,0,0,0,0,0,0,,,,,,,
All,Grindr,2025-02-01/2025-12-31,KEYWORD_OTHER,,CZ,0,0,0,0,0,0,0,,,,,,,
All,Grindr,2025-02-01/2025-12-31,STATEMENT_CATEGORY_INTELLECTUAL_PROPERTY_INFRINGEMENTS,,CZ,0,0,0,0,0,0,0,,,,,,,
All,Grindr,2025-02-01/2025-12-31,KEYWORD_COPYRIGHT_INFRINGEMENT,,CZ,0,0,0,0,0,0,0,,,,,,,
All,Grindr,2025-02-01/2025-12-31,KEYWORD_DESIGN_INFRINGEMENT,,CZ,0,0,0,0,0,0,0,,,,,,,
All,Grindr,2025-02-01/2025-12-31,KEYWORD_GEOGRAPHIC_INDICATIONS_INFRINGEMENT,,CZ,0,0,0,0,0,0,0,,,,,,,
All,Grindr,2025-02-01/2025-12-31,KEYWORD_PATENT_INFRINGEMENT,,CZ,0,0,0,0,0,0,0,,,,,,,
All,Grindr,2025-02-01/2025-12-31,KEYWORD_TRADE_SECRET_INFRINGEMENT,,CZ,0,0,0,0,0,0,0,,,,,,,
All,Grindr,2025-02-01/2025-12-31,KEYWORD_TRADEMARK_INFRINGEMENT,,CZ,0,0,0,0,0,0,0,,,,,,,
All,Grindr,2025-02-01/2025-12-31,KEYWORD_OTHER,,CZ,0,0,0,0,0,0,0,,,,,,,
All,Grindr,2025-02-01/2025-12-31,STATEMENT_CATEGORY_NEGATIVE_EFFECTS_ON_CIVIC_DISCOURSE_OR_ELECTIONS,,CZ,0,0,0,0,0,0,0,,,,,,,
All,Grindr,2025-02-01/2025-12-31,KEYWORD_MISINFORMATION_DISINFORMATION,,CZ,0,0,0,0,0,0,0,,,,,,,
All,Grindr,2025-02-01/2025-12-31,KEYWORD_VIOLATION_EU_LAW,,CZ,0,0,0,0,0,0,0,,,,,,,
All,Grindr,2025-02-01/2025-12-31,KEYWORD_VIOLATION_NATIONAL_LAW,,CZ,0,0,0,0,0,0,0,,,,,,,
All,Grindr,2025-02-01/2025-12-31,KEYWORD_OTHER,,CZ,0,0,0,0,0,0,0,,,,,,,
All,Grindr,2025-02-01/2025-12-31,STATEMENT_CATEGORY_PROTECTION_OF_MINORS,,CZ,0,0,0,0,0,0,0,,,,,,,
All,Grindr,2025-02-01/2025-12-31,KEYWORD_AGE_SPECIFIC_RESTRICTIONS_MINORS,,CZ,0,0,0,0,0,0,0,,,,,,,
All,Grindr,2025-02-01/2025-12-31,KEYWORD_CHILD_SEXUAL_ABUSE_MATERIAL,,CZ,0,0,0,0,0,0,0,,,,,,,
All,Grindr,2025-02-01/2025-12-31,KEYWORD_CHILD_SEXUAL_ABUSE_MATERIAL_DEEPFAKE,,CZ,0,0,0,0,0,0,0,,,,,,,
All,Grindr,2025-02-01/2025-12-31,KEYWORD_GROOMING_SEXUAL_ENTICEMENT_MINORS,,CZ,0,0,0,0,0,0,0,,,,,,,
All,Grindr,2025-02-01/2025-12-31,KEYWORD_UNSAFE_CHALLENGES,,CZ,0,0,0,0,0,0,0,,,,,,,
All,Grindr,2025-02-01/2025-12-31,KEYWORD_OTHER,,CZ,0,0,0,0,0,0,0,,,,,,,
All,Grindr,2025-02-01/2025-12-31,STATEMENT_CATEGORY_RISK_FOR_PUBLIC_SECURITY,,CZ,0,0,0,0,0,0,0,,,,,,,
All,Grindr,2025-02-01/2025-12-31,KEYWORD_ILLEGAL_ORGANIZATIONS,,CZ,0,0,0,0,0,0,0,,,,,,,
All,Grindr,2025-02-01/2025-12-31,KEYWORD_RISK_ENVIRONMENTAL_DAMAGE,,CZ,0,0,0,0,0,0,0,,,,,,,
All,Grindr,2025-02-01/2025-12-31,KEYWORD_RISK_PUBLIC_HEALTH,,CZ,0,0,0,0,0,0,0,,,,,,,
All,Grindr,2025-02-01/2025-12-31,KEYWORD_TERRORIST_CONTENT,,CZ,0,0,0,0,0,0,0,,,,,,,
All,Grindr,2025-02-01/2025-12-31,KEYWORD_OTHER,,CZ,0,0,0,0,0,0,0,,,,,,,
All,Grindr,2025-02-01/2025-12-31,STATEMENT_CATEGORY_SCAMS_AND_FRAUD,,CZ,0,0,0,0,3,98.51296296296296,98.51296296296296,,,,,,,
All,Grindr,2025-02-01/2025-12-31,KEYWORD_IMPERSONATION_ACCOUNT_HIJACKING,,CZ,0,0,0,0,0,0,0,,,,,,,
All,Grindr,2025-02-01/2025-12-31,KEYWORD_INAUTHENTIC_ACCOUNTS,,CZ,0,0,0,0,0,0,0,,,,,,,
All,Grindr,2025-02-01/2025-12-31,KEYWORD_INAUTHENTIC_LISTINGS,,CZ,0,0,0,0,0,0,0,,,,,,,
All,Grindr,2025-02-01/2025-12-31,KEYWORD_INAUTHENTIC_USER_REVIEWS,,CZ,0,0,0,0,0,0,0,,,,,,,
All,Grindr,2025-02-01/2025-12-31,KEYWORD_PHISHING,,CZ,0,0,0,0,0,0,0,,,,,,,
All,Grindr,2025-02-01/2025-12-31,KEYWORD_PYRAMID_SCHEMES,,CZ,0,0,0,0,0,0,0,,,,,,,
All,Grindr,2025-02-01/2025-12-31,KEYWORD_OTHER,"Grindr captured cases of blackmail, extortion, and/or financial fraud in this category.",CZ,0,0,0,0,3,98.51296296,98.51296296,,,,,,,
All,Grindr,2025-02-01/2025-12-31,STATEMENT_CATEGORY_SELF_HARM,,CZ,0,0,0,0,0,0,0,,,,,,,
All,Grindr,2025-02-01/2025-12-31,KEYWORD_CONTENT_PROMOTING_EATING_DISORDERS,,CZ,0,0,0,0,0,0,0,,,,,,,
All,Grindr,2025-02-01/2025-12-31,KEYWORD_SELF_MUTILATION,,CZ,0,0,0,0,0,0,0,,,,,,,
All,Grindr,2025-02-01/2025-12-31,KEYWORD_SUICIDE,,CZ,0,0,0,0,0,0,0,,,,,,,
All,Grindr,2025-02-01/2025-12-31,KEYWORD_OTHER,,CZ,0,0,0,0,0,0,0,,,,,,,
All,Grindr,2025-02-01/2025-12-31,STATEMENT_CATEGORY_UNSAFE_AND_PROHIBITED_PRODUCTS,,CZ,0,0,0,0,0,0,0,,,,,,,
All,Grindr,2025-02-01/2025-12-31,KEYWORD_PROHIBITED_PRODUCTS,,CZ,0,0,0,0,0,0,0,,,,,,,
All,Grindr,2025-02-01/2025-12-31,KEYWORD_UNSAFE_PRODUCTS,,CZ,0,0,0,0,0,0,0,,,,,,,
All,Grindr,2025-02-01/2025-12-31,KEYWORD_OTHER,,CZ,0,0,0,0,0,0,0,,,,,,,
All,Grindr,2025-02-01/2025-12-31,STATEMENT_CATEGORY_VIOLENCE,,CZ,0,0,0,0,0,0,0,,,,,,,
All,Grindr,2025-02-01/2025-12-31,KEYWORD_COORDINATED_HARM,,CZ,0,0,0,0,0,0,0,,,,,,,
All,Grindr,2025-02-01/2025-12-31,KEYWORD_INCITEMENT_VIOLENCE_HATRED,,CZ,0,0,0,0,0,0,0,,,,,,,
All,Grindr,2025-02-01/2025-12-31,KEYWORD_HUMAN_EXPLOITATION,,CZ,0,0,0,0,0,0,0,,,,,,,
All,Grindr,2025-02-01/2025-12-31,KEYWORD_HUMAN_TRAFFICKING,,CZ,0,0,0,0,0,0,0,,,,,,,
All,Grindr,2025-02-01/2025-12-31,KEYWORD_TRAFFICKING_WOMEN_GIRLS,,CZ,0,0,0,0,0,0,0,,,,,,,
All,Grindr,2025-02-01/2025-12-31,KEYWORD_OTHER,,CZ,0,0,0,0,0,0,0,,,,,,,
All,Grindr,2025-02-01/2025-12-31,STATEMENT_CATEGORY_NOT_SPECIFIED_ORDER,,CZ,0,0,0,0,0,0,0,,,,,,,
All,Grindr,2025-02-01/2025-12-31,TOTAL,,DK,0,0,0,0,2,4.110833333333334,8.614027777777778,,,,,,,
All,Grindr,2025-02-01/2025-12-31,STATEMENT_CATEGORY_ANIMAL_WELFARE,,DK,0,0,0,0,0,0,0,,,,,,,
All,Grindr,2025-02-01/2025-12-31,KEYWORD_ANIMAL_HARM,,DK,0,0,0,0,0,0,0,,,,,,,
All,Grindr,2025-02-01/2025-12-31,KEYWORD_UNLAWFUL_SALE_ANIMALS,,DK,0,0,0,0,0,0,0,,,,,,,
All,Grindr,2025-02-01/2025-12-31,KEYWORD_OTHER,,DK,0,0,0,0,0,0,0,,,,,,,
All,Grindr,2025-02-01/2025-12-31,STATEMENT_CATEGORY_CONSUMER_INFORMATION,,DK,0,0,0,0,0,0,0,,,,,,,
All,Grindr,2025-02-01/2025-12-31,KEYWORD_HIDDEN_ADVERTISEMENT,,DK,0,0,0,0,0,0,0,,,,,,,
All,Grindr,2025-02-01/2025-12-31,KEYWORD_INSUFFICIENT_INFORMATION_ON_TRADERS,,DK,0,0,0,0,0,0,0,,,,,,,
All,Grindr,2025-02-01/2025-12-31,KEYWORD_MISLEADING_INFO_GOODS_SERVICES,,DK,0,0,0,0,0,0,0,,,,,,,
All,Grindr,2025-02-01/2025-12-31,KEYWORD_MISLEADING_INFO_CONSUMER_RIGHTS,,DK,0,0,0,0,0,0,0,,,,,,,
All,Grindr,2025-02-01/2025-12-31,KEYWORD_NONCOMPLIANCE_PRICING,,DK,0,0,0,0,0,0,0,,,,,,,
All,Grindr,2025-02-01/2025-12-31,KEYWORD_OTHER,,DK,0,0,0,0,0,0,0,,,,,,,
All,Grindr,2025-02-01/2025-12-31,STATEMENT_CATEGORY_CYBER_VIOLENCE,,DK,0,0,0,0,0,0,0,,,,,,,
All,Grindr,2025-02-01/2025-12-31,KEYWORD_CYBER_BULLYING_INTIMIDATION,,DK,0,0,0,0,0,0,0,,,,,,,
All,Grindr,2025-02-01/2025-12-31,KEYWORD_CYBER_HARASSMENT,,DK,0,0,0,0,0,0,0,,,,,,,
All,Grindr,2025-02-01/2025-12-31,KEYWORD_CYBER_INCITEMENT,,DK,0,0,0,0,0,0,0,,,,,,,
All,Grindr,2025-02-01/2025-12-31,KEYWORD_CYBER_STALKING,,DK,0,0,0,0,0,0,0,,,,,,,
All,Grindr,2025-02-01/2025-12-31,KEYWORD_NON_CONSENSUAL_IMAGE_SHARING,,DK,0,0,0,0,0,0,0,,,,,,,
All,Grindr,2025-02-01/2025-12-31,KEYWORD_NON_CONSENSUAL_MATERIAL_DEEPFAKE,,DK,0,0,0,0,0,0,0,,,,,,,
All,Grindr,2025-02-01/2025-12-31,KEYWORD_OTHER,,DK,0,0,0,0,0,0,0,,,,,,,
All,Grindr,2025-02-01/2025-12-31,STATEMENT_CATEGORY_CYBER_VIOLENCE_AGAINST_WOMEN,,DK,0,0,0,0,0,0,0,,,,,,,
All,Grindr,2025-02-01/2025-12-31,KEYWORD_BULLYING_AGAINST_GIRLS,,DK,0,0,0,0,0,0,0,,,,,,,
All,Grindr,2025-02-01/2025-12-31,KEYWORD_CYBER_HARASSMENT_AGAINST_WOMEN,,DK,0,0,0,0,0,0,0,,,,,,,
All,Grindr,2025-02-01/2025-12-31,KEYWORD_CYBER_STALKING_AGAINST_WOMEN,,DK,0,0,0,0,0,0,0,,,,,,,
All,Grindr,2025-02-01/2025-12-31,KEYWORD_FEMALE_GENDERED_DISINFORMATION,,DK,0,0,0,0,0,0,0,,,,,,,
All,Grindr,2025-02-01/2025-12-31,KEYWORD_INCITEMENT_AGAINST_WOMEN,,DK,0,0,0,0,0,0,0,,,,,,,
All,Grindr,2025-02-01/2025-12-31,KEYWORD_NON_CONSENSUAL_IMAGE_SHARING_AGAINST_WOMEN,,DK,0,0,0,0,0,0,0,,,,,,,
All,Grindr,2025-02-01/2025-12-31,KEYWORD_NON_CONSENSUAL_MATERIAL_DEEPFAKE_AGAINST_WOMEN,,DK,0,0,0,0,0,0,0,,,,,,,
All,Grindr,2025-02-01/2025-12-31,KEYWORD_OTHER,,DK,0,0,0,0,0,0,0,,,,,,,
All,Grindr,2025-02-01/2025-12-31,STATEMENT_CATEGORY_DATA_PROTECTION_AND_PRIVACY_VIOLATIONS,,DK,0,0,0,0,0,0,0,,,,,,,
All,Grindr,2025-02-01/2025-12-31,KEYWORD_BIOMETRIC_DATA_BREACH,,DK,0,0,0,0,0,0,0,,,,,,,
All,Grindr,2025-02-01/2025-12-31,KEYWORD_DATA_FALSIFICATION,,DK,0,0,0,0,0,0,0,,,,,,,
All,Grindr,2025-02-01/2025-12-31,KEYWORD_MISSING_PROCESSING_GROUND,,DK,0,0,0,0,0,0,0,,,,,,,
All,Grindr,2025-02-01/2025-12-31,KEYWORD_RIGHT_TO_BE_FORGOTTEN,,DK,0,0,0,0,0,0,0,,,,,,,
All,Grindr,2025-02-01/2025-12-31,KEYWORD_OTHER,,DK,0,0,0,0,0,0,0,,,,,,,
All,Grindr,2025-02-01/2025-12-31,STATEMENT_CATEGORY_ILLEGAL_OR_HARMFUL_SPEECH,,DK,0,0,0,0,0,0,0,,,,,,,
All,Grindr,2025-02-01/2025-12-31,KEYWORD_DEFAMATION,,DK,0,0,0,0,0,0,0,,,,,,,
All,Grindr,2025-02-01/2025-12-31,KEYWORD_DISCRIMINATION,,DK,0,0,0,0,0,0,0,,,,,,,
All,Grindr,2025-02-01/2025-12-31,KEYWORD_HATE_SPEECH,,DK,0,0,0,0,0,0,0,,,,,,,
All,Grindr,2025-02-01/2025-12-31,KEYWORD_OTHER,,DK,0,0,0,0,0,0,0,,,,,,,
All,Grindr,2025-02-01/2025-12-31,STATEMENT_CATEGORY_INTELLECTUAL_PROPERTY_INFRINGEMENTS,,DK,0,0,0,0,0,0,0,,,,,,,
All,Grindr,2025-02-01/2025-12-31,KEYWORD_COPYRIGHT_INFRINGEMENT,,DK,0,0,0,0,0,0,0,,,,,,,
All,Grindr,2025-02-01/2025-12-31,KEYWORD_DESIGN_INFRINGEMENT,,DK,0,0,0,0,0,0,0,,,,,,,
All,Grindr,2025-02-01/2025-12-31,KEYWORD_GEOGRAPHIC_INDICATIONS_INFRINGEMENT,,DK,0,0,0,0,0,0,0,,,,,,,
All,Grindr,2025-02-01/2025-12-31,KEYWORD_PATENT_INFRINGEMENT,,DK,0,0,0,0,0,0,0,,,,,,,
All,Grindr,2025-02-01/2025-12-31,KEYWORD_TRADE_SECRET_INFRINGEMENT,,DK,0,0,0,0,0,0,0,,,,,,,
All,Grindr,2025-02-01/2025-12-31,KEYWORD_TRADEMARK_INFRINGEMENT,,DK,0,0,0,0,0,0,0,,,,,,,
All,Grindr,2025-02-01/2025-12-31,KEYWORD_OTHER,,DK,0,0,0,0,0,0,0,,,,,,,
All,Grindr,2025-02-01/2025-12-31,STATEMENT_CATEGORY_NEGATIVE_EFFECTS_ON_CIVIC_DISCOURSE_OR_ELECTIONS,,DK,0,0,0,0,0,0,0,,,,,,,
All,Grindr,2025-02-01/2025-12-31,KEYWORD_MISINFORMATION_DISINFORMATION,,DK,0,0,0,0,0,0,0,,,,,,,
All,Grindr,2025-02-01/2025-12-31,KEYWORD_VIOLATION_EU_LAW,,DK,0,0,0,0,0,0,0,,,,,,,
All,Grindr,2025-02-01/2025-12-31,KEYWORD_VIOLATION_NATIONAL_LAW,,DK,0,0,0,0,0,0,0,,,,,,,
All,Grindr,2025-02-01/2025-12-31,KEYWORD_OTHER,,DK,0,0,0,0,0,0,0,,,,,,,
All,Grindr,2025-02-01/2025-12-31,STATEMENT_CATEGORY_PROTECTION_OF_MINORS,,DK,0,0,0,0,2,4.110833333333334,8.614027777777778,,,,,,,
All,Grindr,2025-02-01/2025-12-31,KEYWORD_AGE_SPECIFIC_RESTRICTIONS_MINORS,,DK,0,0,0,0,0,0,0,,,,,,,
All,Grindr,2025-02-01/2025-12-31,KEYWORD_CHILD_SEXUAL_ABUSE_MATERIAL,,DK,0,0,0,0,0,0,0,,,,,,,
All,Grindr,2025-02-01/2025-12-31,KEYWORD_CHILD_SEXUAL_ABUSE_MATERIAL_DEEPFAKE,,DK,0,0,0,0,0,0,0,,,,,,,
All,Grindr,2025-02-01/2025-12-31,KEYWORD_GROOMING_SEXUAL_ENTICEMENT_MINORS,,DK,0,0,0,0,2,4.110833333,8.614027778,,,,,,,
All,Grindr,2025-02-01/2025-12-31,KEYWORD_UNSAFE_CHALLENGES,,DK,0,0,0,0,0,0,0,,,,,,,
All,Grindr,2025-02-01/2025-12-31,KEYWORD_OTHER,,DK,0,0,0,0,0,0,0,,,,,,,
All,Grindr,2025-02-01/2025-12-31,STATEMENT_CATEGORY_RISK_FOR_PUBLIC_SECURITY,,DK,0,0,0,0,0,0,0,,,,,,,
All,Grindr,2025-02-01/2025-12-31,KEYWORD_ILLEGAL_ORGANIZATIONS,,DK,0,0,0,0,0,0,0,,,,,,,
All,Grindr,2025-02-01/2025-12-31,KEYWORD_RISK_ENVIRONMENTAL_DAMAGE,,DK,0,0,0,0,0,0,0,,,,,,,
All,Grindr,2025-02-01/2025-12-31,KEYWORD_RISK_PUBLIC_HEALTH,,DK,0,0,0,0,0,0,0,,,,,,,
All,Grindr,2025-02-01/2025-12-31,KEYWORD_TERRORIST_CONTENT,,DK,0,0,0,0,0,0,0,,,,,,,
All,Grindr,2025-02-01/2025-12-31,KEYWORD_OTHER,,DK,0,0,0,0,0,0,0,,,,,,,
All,Grindr,2025-02-01/2025-12-31,STATEMENT_CATEGORY_SCAMS_AND_FRAUD,,DK,0,0,0,0,0,0,0,,,,,,,
All,Grindr,2025-02-01/2025-12-31,KEYWORD_IMPERSONATION_ACCOUNT_HIJACKING,,DK,0,0,0,0,0,0,0,,,,,,,
All,Grindr,2025-02-01/2025-12-31,KEYWORD_INAUTHENTIC_ACCOUNTS,,DK,0,0,0,0,0,0,0,,,,,,,
All,Grindr,2025-02-01/2025-12-31,KEYWORD_INAUTHENTIC_LISTINGS,,DK,0,0,0,0,0,0,0,,,,,,,
All,Grindr,2025-02-01/2025-12-31,KEYWORD_INAUTHENTIC_USER_REVIEWS,,DK,0,0,0,0,0,0,0,,,,,,,
All,Grindr,2025-02-01/2025-12-31,KEYWORD_PHISHING,,DK,0,0,0,0,0,0,0,,,,,,,
All,Grindr,2025-02-01/2025-12-31,KEYWORD_PYRAMID_SCHEMES,,DK,0,0,0,0,0,0,0,,,,,,,
All,Grindr,2025-02-01/2025-12-31,KEYWORD_OTHER,,DK,0,0,0,0,0,0,0,,,,,,,
All,Grindr,2025-02-01/2025-12-31,STATEMENT_CATEGORY_SELF_HARM,,DK,0,0,0,0,0,0,0,,,,,,,
All,Grindr,2025-02-01/2025-12-31,KEYWORD_CONTENT_PROMOTING_EATING_DISORDERS,,DK,0,0,0,0,0,0,0,,,,,,,
All,Grindr,2025-02-01/2025-12-31,KEYWORD_SELF_MUTILATION,,DK,0,0,0,0,0,0,0,,,,,,,
All,Grindr,2025-02-01/2025-12-31,KEYWORD_SUICIDE,,DK,0,0,0,0,0,0,0,,,,,,,
All,Grindr,2025-02-01/2025-12-31,KEYWORD_OTHER,,DK,0,0,0,0,0,0,0,,,,,,,
All,Grindr,2025-02-01/2025-12-31,STATEMENT_CATEGORY_UNSAFE_AND_PROHIBITED_PRODUCTS,,DK,0,0,0,0,0,0,0,,,,,,,
All,Grindr,2025-02-01/2025-12-31,KEYWORD_PROHIBITED_PRODUCTS,,DK,0,0,0,0,0,0,0,,,,,,,
All,Grindr,2025-02-01/2025-12-31,KEYWORD_UNSAFE_PRODUCTS,,DK,0,0,0,0,0,0,0,,,,,,,
All,Grindr,2025-02-01/2025-12-31,KEYWORD_OTHER,,DK,0,0,0,0,0,0,0,,,,,,,
All,Grindr,2025-02-01/2025-12-31,STATEMENT_CATEGORY_VIOLENCE,,DK,0,0,0,0,0,0,0,,,,,,,
All,Grindr,2025-02-01/2025-12-31,KEYWORD_COORDINATED_HARM,,DK,0,0,0,0,0,0,0,,,,,,,
All,Grindr,2025-02-01/2025-12-31,KEYWORD_INCITEMENT_VIOLENCE_HATRED,,DK,0,0,0,0,0,0,0,,,,,,,
All,Grindr,2025-02-01/2025-12-31,KEYWORD_HUMAN_EXPLOITATION,,DK,0,0,0,0,0,0,0,,,,,,,
All,Grindr,2025-02-01/2025-12-31,KEYWORD_HUMAN_TRAFFICKING,,DK,0,0,0,0,0,0,0,,,,,,,
All,Grindr,2025-02-01/2025-12-31,KEYWORD_TRAFFICKING_WOMEN_GIRLS,,DK,0,0,0,0,0,0,0,,,,,,,
All,Grindr,2025-02-01/2025-12-31,KEYWORD_OTHER,,DK,0,0,0,0,0,0,0,,,,,,,
All,Grindr,2025-02-01/2025-12-31,STATEMENT_CATEGORY_NOT_SPECIFIED_ORDER,,DK,0,0,0,0,0,0,0,,,,,,,
All,Grindr,2025-02-01/2025-12-31,TOTAL,,FR,0,0,0,0,58,147.33331896551724,170.2381992337165,,,,,,,
All,Grindr,2025-02-01/2025-12-31,STATEMENT_CATEGORY_ANIMAL_WELFARE,,FR,0,0,0,0,0,0,0,,,,,,,
All,Grindr,2025-02-01/2025-12-31,KEYWORD_ANIMAL_HARM,,FR,0,0,0,0,0,0,0,,,,,,,
All,Grindr,2025-02-01/2025-12-31,KEYWORD_UNLAWFUL_SALE_ANIMALS,,FR,0,0,0,0,0,0,0,,,,,,,
All,Grindr,2025-02-01/2025-12-31,KEYWORD_OTHER,,FR,0,0,0,0,0,0,0,,,,,,,
All,Grindr,2025-02-01/2025-12-31,STATEMENT_CATEGORY_CONSUMER_INFORMATION,,FR,0,0,0,0,0,0,0,,,,,,,
All,Grindr,2025-02-01/2025-12-31,KEYWORD_HIDDEN_ADVERTISEMENT,,FR,0,0,0,0,0,0,0,,,,,,,
All,Grindr,2025-02-01/2025-12-31,KEYWORD_INSUFFICIENT_INFORMATION_ON_TRADERS,,FR,0,0,0,0,0,0,0,,,,,,,
All,Grindr,2025-02-01/2025-12-31,KEYWORD_MISLEADING_INFO_GOODS_SERVICES,,FR,0,0,0,0,0,0,0,,,,,,,
All,Grindr,2025-02-01/2025-12-31,KEYWORD_MISLEADING_INFO_CONSUMER_RIGHTS,,FR,0,0,0,0,0,0,0,,,,,,,
All,Grindr,2025-02-01/2025-12-31,KEYWORD_NONCOMPLIANCE_PRICING,,FR,0,0,0,0,0,0,0,,,,,,,
All,Grindr,2025-02-01/2025-12-31,KEYWORD_OTHER,,FR,0,0,0,0,0,0,0,,,,,,,
All,Grindr,2025-02-01/2025-12-31,STATEMENT_CATEGORY_CYBER_VIOLENCE,,FR,0,0,0,0,3,173.25805555555556,253.73740740740743,,,,,,,
All,Grindr,2025-02-01/2025-12-31,KEYWORD_CYBER_BULLYING_INTIMIDATION,,FR,0,0,0,0,0,0,0,,,,,,,
All,Grindr,2025-02-01/2025-12-31,KEYWORD_CYBER_HARASSMENT,,FR,0,0,0,0,3,173.2580556,253.7374074,,,,,,,
All,Grindr,2025-02-01/2025-12-31,KEYWORD_CYBER_INCITEMENT,,FR,0,0,0,0,0,0,0,,,,,,,
All,Grindr,2025-02-01/2025-12-31,KEYWORD_CYBER_STALKING,,FR,0,0,0,0,0,0,0,,,,,,,
All,Grindr,2025-02-01/2025-12-31,KEYWORD_NON_CONSENSUAL_IMAGE_SHARING,,FR,0,0,0,0,0,0,0,,,,,,,
All,Grindr,2025-02-01/2025-12-31,KEYWORD_NON_CONSENSUAL_MATERIAL_DEEPFAKE,,FR,0,0,0,0,0,0,0,,,,,,,
All,Grindr,2025-02-01/2025-12-31,KEYWORD_OTHER,,FR,0,0,0,0,0,0,0,,,,,,,
All,Grindr,2025-02-01/2025-12-31,STATEMENT_CATEGORY_CYBER_VIOLENCE_AGAINST_WOMEN,,FR,0,0,0,0,0,0,0,,,,,,,
All,Grindr,2025-02-01/2025-12-31,KEYWORD_BULLYING_AGAINST_GIRLS,,FR,0,0,0,0,0,0,0,,,,,,,
All,Grindr,2025-02-01/2025-12-31,KEYWORD_CYBER_HARASSMENT_AGAINST_WOMEN,,FR,0,0,0,0,0,0,0,,,,,,,
All,Grindr,2025-02-01/2025-12-31,KEYWORD_CYBER_STALKING_AGAINST_WOMEN,,FR,0,0,0,0,0,0,0,,,,,,,
All,Grindr,2025-02-01/2025-12-31,KEYWORD_FEMALE_GENDERED_DISINFORMATION,,FR,0,0,0,0,0,0,0,,,,,,,
All,Grindr,2025-02-01/2025-12-31,KEYWORD_INCITEMENT_AGAINST_WOMEN,,FR,0,0,0,0,0,0,0,,,,,,,
All,Grindr,2025-02-01/2025-12-31,KEYWORD_NON_CONSENSUAL_IMAGE_SHARING_AGAINST_WOMEN,,FR,0,0,0,0,0,0,0,,,,,,,
All,Grindr,2025-02-01/2025-12-31,KEYWORD_NON_CONSENSUAL_MATERIAL_DEEPFAKE_AGAINST_WOMEN,,FR,0,0,0,0,0,0,0,,,,,,,
All,Grindr,2025-02-01/2025-12-31,KEYWORD_OTHER,,FR,0,0,0,0,0,0,0,,,,,,,
All,Grindr,2025-02-01/2025-12-31,STATEMENT_CATEGORY_DATA_PROTECTION_AND_PRIVACY_VIOLATIONS,,FR,0,0,0,0,0,0,0,,,,,,,
All,Grindr,2025-02-01/2025-12-31,KEYWORD_BIOMETRIC_DATA_BREACH,,FR,0,0,0,0,0,0,0,,,,,,,
All,Grindr,2025-02-01/2025-12-31,KEYWORD_DATA_FALSIFICATION,,FR,0,0,0,0,0,0,0,,,,,,,
All,Grindr,2025-02-01/2025-12-31,KEYWORD_MISSING_PROCESSING_GROUND,,FR,0,0,0,0,0,0,0,,,,,,,
All,Grindr,2025-02-01/2025-12-31,KEYWORD_RIGHT_TO_BE_FORGOTTEN,,FR,0,0,0,0,0,0,0,,,,,,,
All,Grindr,2025-02-01/2025-12-31,KEYWORD_OTHER,,FR,0,0,0,0,0,0,0,,,,,,,
All,Grindr,2025-02-01/2025-12-31,STATEMENT_CATEGORY_ILLEGAL_OR_HARMFUL_SPEECH,,FR,0,0,0,0,0,0,0,,,,,,,
All,Grindr,2025-02-01/2025-12-31,KEYWORD_DEFAMATION,,FR,0,0,0,0,0,0,0,,,,,,,
All,Grindr,2025-02-01/2025-12-31,KEYWORD_DISCRIMINATION,,FR,0,0,0,0,0,0,0,,,,,,,
All,Grindr,2025-02-01/2025-12-31,KEYWORD_HATE_SPEECH,,FR,0,0,0,0,0,0,0,,,,,,,
All,Grindr,2025-02-01/2025-12-31,KEYWORD_OTHER,,FR,0,0,0,0,0,0,0,,,,,,,
All,Grindr,2025-02-01/2025-12-31,STATEMENT_CATEGORY_INTELLECTUAL_PROPERTY_INFRINGEMENTS,,FR,0,0,0,0,0,0,0,,,,,,,
All,Grindr,2025-02-01/2025-12-31,KEYWORD_COPYRIGHT_INFRINGEMENT,,FR,0,0,0,0,0,0,0,,,,,,,
All,Grindr,2025-02-01/2025-12-31,KEYWORD_DESIGN_INFRINGEMENT,,FR,0,0,0,0,0,0,0,,,,,,,
All,Grindr,2025-02-01/2025-12-31,KEYWORD_GEOGRAPHIC_INDICATIONS_INFRINGEMENT,,FR,0,0,0,0,0,0,0,,,,,,,
All,Grindr,2025-02-01/2025-12-31,KEYWORD_PATENT_INFRINGEMENT,,FR,0,0,0,0,0,0,0,,,,,,,
All,Grindr,2025-02-01/2025-12-31,KEYWORD_TRADE_SECRET_INFRINGEMENT,,FR,0,0,0,0,0,0,0,,,,,,,
All,Grindr,2025-02-01/2025-12-31,KEYWORD_TRADEMARK_INFRINGEMENT,,FR,0,0,0,0,0,0,0,,,,,,,
All,Grindr,2025-02-01/2025-12-31,KEYWORD_OTHER,,FR,0,0,0,0,0,0,0,,,,,,,
All,Grindr,2025-02-01/2025-12-31,STATEMENT_CATEGORY_NEGATIVE_EFFECTS_ON_CIVIC_DISCOURSE_OR_ELECTIONS,,FR,0,0,0,0,0,0,0,,,,,,,
All,Grindr,2025-02-01/2025-12-31,KEYWORD_MISINFORMATION_DISINFORMATION,,FR,0,0,0,0,0,0,0,,,,,,,
All,Grindr,2025-02-01/2025-12-31,KEYWORD_VIOLATION_EU_LAW,,FR,0,0,0,0,0,0,0,,,,,,,
All,Grindr,2025-02-01/2025-12-31,KEYWORD_VIOLATION_NATIONAL_LAW,,FR,0,0,0,0,0,0,0,,,,,,,
All,Grindr,2025-02-01/2025-12-31,KEYWORD_OTHER,,FR,0,0,0,0,0,0,0,,,,,,,
All,Grindr,2025-02-01/2025-12-31,STATEMENT_CATEGORY_PROTECTION_OF_MINORS,,FR,0,0,0,0,9,116.31003086419751,147.72685185185185,,,,,,,
All,Grindr,2025-02-01/2025-12-31,KEYWORD_AGE_SPECIFIC_RESTRICTIONS_MINORS,,FR,0,0,0,0,0,0,0,,,,,,,
All,Grindr,2025-02-01/2025-12-31,KEYWORD_CHILD_SEXUAL_ABUSE_MATERIAL,,FR,0,0,0,0,0,0,0,,,,,,,
All,Grindr,2025-02-01/2025-12-31,KEYWORD_CHILD_SEXUAL_ABUSE_MATERIAL_DEEPFAKE,,FR,0,0,0,0,0,0,0,,,,,,,
All,Grindr,2025-02-01/2025-12-31,KEYWORD_GROOMING_SEXUAL_ENTICEMENT_MINORS,,FR,0,0,0,0,9,116.3100309,147.7268519,,,,,,,
All,Grindr,2025-02-01/2025-12-31,KEYWORD_UNSAFE_CHALLENGES,,FR,0,0,0,0,0,0,0,,,,,,,
All,Grindr,2025-02-01/2025-12-31,KEYWORD_OTHER,,FR,0,0,0,0,0,0,0,,,,,,,
All,Grindr,2025-02-01/2025-12-31,STATEMENT_CATEGORY_RISK_FOR_PUBLIC_SECURITY,,FR,0,0,0,0,0,0,0,,,,,,,
All,Grindr,2025-02-01/2025-12-31,KEYWORD_ILLEGAL_ORGANIZATIONS,,FR,0,0,0,0,0,0,0,,,,,,,
All,Grindr,2025-02-01/2025-12-31,KEYWORD_RISK_ENVIRONMENTAL_DAMAGE,,FR,0,0,0,0,0,0,0,,,,,,,
All,Grindr,2025-02-01/2025-12-31,KEYWORD_RISK_PUBLIC_HEALTH,,FR,0,0,0,0,0,0,0,,,,,,,
All,Grindr,2025-02-01/2025-12-31,KEYWORD_TERRORIST_CONTENT,,FR,0,0,0,0,0,0,0,,,,,,,
All,Grindr,2025-02-01/2025-12-31,KEYWORD_OTHER,,FR,0,0,0,0,0,0,0,,,,,,,
All,Grindr,2025-02-01/2025-12-31,STATEMENT_CATEGORY_SCAMS_AND_FRAUD,,FR,0,0,0,0,6,96.58439814814817,96.58685185185188,,,,,,,
All,Grindr,2025-02-01/2025-12-31,KEYWORD_IMPERSONATION_ACCOUNT_HIJACKING,,FR,0,0,0,0,0,0,0,,,,,,,
All,Grindr,2025-02-01/2025-12-31,KEYWORD_INAUTHENTIC_ACCOUNTS,,FR,0,0,0,0,2,102.7763889,102.7763889,,,,,,,
All,Grindr,2025-02-01/2025-12-31,KEYWORD_INAUTHENTIC_LISTINGS,,FR,0,0,0,0,0,0,0,,,,,,,
All,Grindr,2025-02-01/2025-12-31,KEYWORD_INAUTHENTIC_USER_REVIEWS,,FR,0,0,0,0,0,0,0,,,,,,,
All,Grindr,2025-02-01/2025-12-31,KEYWORD_PHISHING,,FR,0,0,0,0,0,0,0,,,,,,,
All,Grindr,2025-02-01/2025-12-31,KEYWORD_PYRAMID_SCHEMES,,FR,0,0,0,0,0,0,0,,,,,,,
All,Grindr,2025-02-01/2025-12-31,KEYWORD_OTHER,"Grindr captured cases of blackmail, extortion, and/or financial fraud in this category.",FR,0,0,0,0,4,93.48840278,93.49208333,,,,,,,
All,Grindr,2025-02-01/2025-12-31,STATEMENT_CATEGORY_SELF_HARM,,FR,0,0,0,0,0,0,0,,,,,,,
All,Grindr,2025-02-01/2025-12-31,KEYWORD_CONTENT_PROMOTING_EATING_DISORDERS,,FR,0,0,0,0,0,0,0,,,,,,,
All,Grindr,2025-02-01/2025-12-31,KEYWORD_SELF_MUTILATION,,FR,0,0,0,0,0,0,0,,,,,,,
All,Grindr,2025-02-01/2025-12-31,KEYWORD_SUICIDE,,FR,0,0,0,0,0,0,0,,,,,,,
All,Grindr,2025-02-01/2025-12-31,KEYWORD_OTHER,,FR,0,0,0,0,0,0,0,,,,,,,
All,Grindr,2025-02-01/2025-12-31,STATEMENT_CATEGORY_UNSAFE_AND_PROHIBITED_PRODUCTS,,FR,0,0,0,0,0,0,0,,,,,,,
All,Grindr,2025-02-01/2025-12-31,KEYWORD_PROHIBITED_PRODUCTS,,FR,0,0,0,0,0,0,0,,,,,,,
All,Grindr,2025-02-01/2025-12-31,KEYWORD_UNSAFE_PRODUCTS,,FR,0,0,0,0,0,0,0,,,,,,,
All,Grindr,2025-02-01/2025-12-31,KEYWORD_OTHER,,FR,0,0,0,0,0,0,0,,,,,,,
All,Grindr,2025-02-01/2025-12-31,STATEMENT_CATEGORY_VIOLENCE,,FR,0,0,0,0,39,161.89776353276358,180.77663817663822,,,,,,,
All,Grindr,2025-02-01/2025-12-31,KEYWORD_COORDINATED_HARM,,FR,0,0,0,0,0,0,0,,,,,,,
All,Grindr,2025-02-01/2025-12-31,KEYWORD_INCITEMENT_VIOLENCE_HATRED,,FR,0,0,0,0,0,0,0,,,,,,,
All,Grindr,2025-02-01/2025-12-31,KEYWORD_HUMAN_EXPLOITATION,,FR,0,0,0,0,0,0,0,,,,,,,
All,Grindr,2025-02-01/2025-12-31,KEYWORD_HUMAN_TRAFFICKING,,FR,0,0,0,0,0,0,0,,,,,,,
All,Grindr,2025-02-01/2025-12-31,KEYWORD_TRAFFICKING_WOMEN_GIRLS,,FR,0,0,0,0,0,0,0,,,,,,,
All,Grindr,2025-02-01/2025-12-31,KEYWORD_OTHER,Grindr captured cases of serious offline incidents in this category.,FR,0,0,0,0,39,161.8977635,180.7766382,,,,,,,
All,Grindr,2025-02-01/2025-12-31,STATEMENT_CATEGORY_NOT_SPECIFIED_ORDER,,FR,0,0,0,0,1,85.24888888888889,153.25166666666667,,,,,,,
All,Grindr,2025-02-01/2025-12-31,TOTAL,,DE,0,0,0,0,45,155.11757407407407,156.81814197530866,,,,,,,
All,Grindr,2025-02-01/2025-12-31,STATEMENT_CATEGORY_ANIMAL_WELFARE,,DE,0,0,0,0,0,0,0,,,,,,,
All,Grindr,2025-02-01/2025-12-31,KEYWORD_ANIMAL_HARM,,DE,0,0,0,0,0,0,0,,,,,,,
All,Grindr,2025-02-01/2025-12-31,KEYWORD_UNLAWFUL_SALE_ANIMALS,,DE,0,0,0,0,0,0,0,,,,,,,
All,Grindr,2025-02-01/2025-12-31,KEYWORD_OTHER,,DE,0,0,0,0,0,0,0,,,,,,,
All,Grindr,2025-02-01/2025-12-31,STATEMENT_CATEGORY_CONSUMER_INFORMATION,,DE,0,0,0,0,0,0,0,,,,,,,
All,Grindr,2025-02-01/2025-12-31,KEYWORD_HIDDEN_ADVERTISEMENT,,DE,0,0,0,0,0,0,0,,,,,,,
All,Grindr,2025-02-01/2025-12-31,KEYWORD_INSUFFICIENT_INFORMATION_ON_TRADERS,,DE,0,0,0,0,0,0,0,,,,,,,
All,Grindr,2025-02-01/2025-12-31,KEYWORD_MISLEADING_INFO_GOODS_SERVICES,,DE,0,0,0,0,0,0,0,,,,,,,
All,Grindr,2025-02-01/2025-12-31,KEYWORD_MISLEADING_INFO_CONSUMER_RIGHTS,,DE,0,0,0,0,0,0,0,,,,,,,
All,Grindr,2025-02-01/2025-12-31,KEYWORD_NONCOMPLIANCE_PRICING,,DE,0,0,0,0,0,0,0,,,,,,,
All,Grindr,2025-02-01/2025-12-31,KEYWORD_OTHER,,DE,0,0,0,0,0,0,0,,,,,,,
All,Grindr,2025-02-01/2025-12-31,STATEMENT_CATEGORY_CYBER_VIOLENCE,,DE,0,0,0,0,2,183.42499999999998,183.42499999999998,,,,,,,
All,Grindr,2025-02-01/2025-12-31,KEYWORD_CYBER_BULLYING_INTIMIDATION,,DE,0,0,0,0,0,0,0,,,,,,,
All,Grindr,2025-02-01/2025-12-31,KEYWORD_CYBER_HARASSMENT,,DE,0,0,0,0,2,183.425,183.425,,,,,,,
All,Grindr,2025-02-01/2025-12-31,KEYWORD_CYBER_INCITEMENT,,DE,0,0,0,0,0,0,0,,,,,,,
All,Grindr,2025-02-01/2025-12-31,KEYWORD_CYBER_STALKING,,DE,0,0,0,0,0,0,0,,,,,,,
All,Grindr,2025-02-01/2025-12-31,KEYWORD_NON_CONSENSUAL_IMAGE_SHARING,,DE,0,0,0,0,0,0,0,,,,,,,
All,Grindr,2025-02-01/2025-12-31,KEYWORD_NON_CONSENSUAL_MATERIAL_DEEPFAKE,,DE,0,0,0,0,0,0,0,,,,,,,
All,Grindr,2025-02-01/2025-12-31,KEYWORD_OTHER,,DE,0,0,0,0,0,0,0,,,,,,,
All,Grindr,2025-02-01/2025-12-31,STATEMENT_CATEGORY_CYBER_VIOLENCE_AGAINST_WOMEN,,DE,0,0,0,0,0,0,0,,,,,,,
All,Grindr,2025-02-01/2025-12-31,KEYWORD_BULLYING_AGAINST_GIRLS,,DE,0,0,0,0,0,0,0,,,,,,,
All,Grindr,2025-02-01/2025-12-31,KEYWORD_CYBER_HARASSMENT_AGAINST_WOMEN,,DE,0,0,0,0,0,0,0,,,,,,,
All,Grindr,2025-02-01/2025-12-31,KEYWORD_CYBER_STALKING_AGAINST_WOMEN,,DE,0,0,0,0,0,0,0,,,,,,,
All,Grindr,2025-02-01/2025-12-31,KEYWORD_FEMALE_GENDERED_DISINFORMATION,,DE,0,0,0,0,0,0,0,,,,,,,
All,Grindr,2025-02-01/2025-12-31,KEYWORD_INCITEMENT_AGAINST_WOMEN,,DE,0,0,0,0,0,0,0,,,,,,,
All,Grindr,2025-02-01/2025-12-31,KEYWORD_NON_CONSENSUAL_IMAGE_SHARING_AGAINST_WOMEN,,DE,0,0,0,0,0,0,0,,,,,,,
All,Grindr,2025-02-01/2025-12-31,KEYWORD_NON_CONSENSUAL_MATERIAL_DEEPFAKE_AGAINST_WOMEN,,DE,0,0,0,0,0,0,0,,,,,,,
All,Grindr,2025-02-01/2025-12-31,KEYWORD_OTHER,,DE,0,0,0,0,0,0,0,,,,,,,
All,Grindr,2025-02-01/2025-12-31,STATEMENT_CATEGORY_DATA_PROTECTION_AND_PRIVACY_VIOLATIONS,,DE,0,0,0,0,0,0,0,,,,,,,
All,Grindr,2025-02-01/2025-12-31,KEYWORD_BIOMETRIC_DATA_BREACH,,DE,0,0,0,0,0,0,0,,,,,,,
All,Grindr,2025-02-01/2025-12-31,KEYWORD_DATA_FALSIFICATION,,DE,0,0,0,0,0,0,0,,,,,,,
All,Grindr,2025-02-01/2025-12-31,KEYWORD_MISSING_PROCESSING_GROUND,,DE,0,0,0,0,0,0,0,,,,,,,
All,Grindr,2025-02-01/2025-12-31,KEYWORD_RIGHT_TO_BE_FORGOTTEN,,DE,0,0,0,0,0,0,0,,,,,,,
All,Grindr,2025-02-01/2025-12-31,KEYWORD_OTHER,,DE,0,0,0,0,0,0,0,,,,,,,
All,Grindr,2025-02-01/2025-12-31,STATEMENT_CATEGORY_ILLEGAL_OR_HARMFUL_SPEECH,,DE,0,0,0,0,0,0,0,,,,,,,
All,Grindr,2025-02-01/2025-12-31,KEYWORD_DEFAMATION,,DE,0,0,0,0,0,0,0,,,,,,,
All,Grindr,2025-02-01/2025-12-31,KEYWORD_DISCRIMINATION,,DE,0,0,0,0,0,0,0,,,,,,,
All,Grindr,2025-02-01/2025-12-31,KEYWORD_HATE_SPEECH,,DE,0,0,0,0,0,0,0,,,,,,,
All,Grindr,2025-02-01/2025-12-31,KEYWORD_OTHER,,DE,0,0,0,0,0,0,0,,,,,,,
All,Grindr,2025-02-01/2025-12-31,STATEMENT_CATEGORY_INTELLECTUAL_PROPERTY_INFRINGEMENTS,,DE,0,0,0,0,0,0,0,,,,,,,
All,Grindr,2025-02-01/2025-12-31,KEYWORD_COPYRIGHT_INFRINGEMENT,,DE,0,0,0,0,0,0,0,,,,,,,
All,Grindr,2025-02-01/2025-12-31,KEYWORD_DESIGN_INFRINGEMENT,,DE,0,0,0,0,0,0,0,,,,,,,
All,Grindr,2025-02-01/2025-12-31,KEYWORD_GEOGRAPHIC_INDICATIONS_INFRINGEMENT,,DE,0,0,0,0,0,0,0,,,,,,,
All,Grindr,2025-02-01/2025-12-31,KEYWORD_PATENT_INFRINGEMENT,,DE,0,0,0,0,0,0,0,,,,,,,
All,Grindr,2025-02-01/2025-12-31,KEYWORD_TRADE_SECRET_INFRINGEMENT,,DE,0,0,0,0,0,0,0,,,,,,,
All,Grindr,2025-02-01/2025-12-31,KEYWORD_TRADEMARK_INFRINGEMENT,,DE,0,0,0,0,0,0,0,,,,,,,
All,Grindr,2025-02-01/2025-12-31,KEYWORD_OTHER,,DE,0,0,0,0,0,0,0,,,,,,,
All,Grindr,2025-02-01/2025-12-31,STATEMENT_CATEGORY_NEGATIVE_EFFECTS_ON_CIVIC_DISCOURSE_OR_ELECTIONS,,DE,0,0,0,0,0,0,0,,,,,,,
All,Grindr,2025-02-01/2025-12-31,KEYWORD_MISINFORMATION_DISINFORMATION,,DE,0,0,0,0,0,0,0,,,,,,,
All,Grindr,2025-02-01/2025-12-31,KEYWORD_VIOLATION_EU_LAW,,DE,0,0,0,0,0,0,0,,,,,,,
All,Grindr,2025-02-01/2025-12-31,KEYWORD_VIOLATION_NATIONAL_LAW,,DE,0,0,0,0,0,0,0,,,,,,,
All,Grindr,2025-02-01/2025-12-31,KEYWORD_OTHER,,DE,0,0,0,0,0,0,0,,,,,,,
All,Grindr,2025-02-01/2025-12-31,STATEMENT_CATEGORY_PROTECTION_OF_MINORS,,DE,0,0,0,0,4,11.710694444444444,11.711666666666666,,,,,,,
All,Grindr,2025-02-01/2025-12-31,KEYWORD_AGE_SPECIFIC_RESTRICTIONS_MINORS,,DE,0,0,0,0,0,0,0,,,,,,,
All,Grindr,2025-02-01/2025-12-31,KEYWORD_CHILD_SEXUAL_ABUSE_MATERIAL,,DE,0,0,0,0,0,0,0,,,,,,,
All,Grindr,2025-02-01/2025-12-31,KEYWORD_CHILD_SEXUAL_ABUSE_MATERIAL_DEEPFAKE,,DE,0,0,0,0,0,0,0,,,,,,,
All,Grindr,2025-02-01/2025-12-31,KEYWORD_GROOMING_SEXUAL_ENTICEMENT_MINORS,,DE,0,0,0,0,4,11.71069444,11.71166667,,,,,,,
All,Grindr,2025-02-01/2025-12-31,KEYWORD_UNSAFE_CHALLENGES,,DE,0,0,0,0,0,0,0,,,,,,,
All,Grindr,2025-02-01/2025-12-31,KEYWORD_OTHER,,DE,0,0,0,0,0,0,0,,,,,,,
All,Grindr,2025-02-01/2025-12-31,STATEMENT_CATEGORY_RISK_FOR_PUBLIC_SECURITY,,DE,0,0,0,0,0,0,0,,,,,,,
All,Grindr,2025-02-01/2025-12-31,KEYWORD_ILLEGAL_ORGANIZATIONS,,DE,0,0,0,0,0,0,0,,,,,,,
All,Grindr,2025-02-01/2025-12-31,KEYWORD_RISK_ENVIRONMENTAL_DAMAGE,,DE,0,0,0,0,0,0,0,,,,,,,
All,Grindr,2025-02-01/2025-12-31,KEYWORD_RISK_PUBLIC_HEALTH,,DE,0,0,0,0,0,0,0,,,,,,,
All,Grindr,2025-02-01/2025-12-31,KEYWORD_TERRORIST_CONTENT,,DE,0,0,0,0,0,0,0,,,,,,,
All,Grindr,2025-02-01/2025-12-31,KEYWORD_OTHER,,DE,0,0,0,0,0,0,0,,,,,,,
All,Grindr,2025-02-01/2025-12-31,STATEMENT_CATEGORY_SCAMS_AND_FRAUD,,DE,0,0,0,0,13,94.46482905982907,94.46773504273506,,,,,,,
All,Grindr,2025-02-01/2025-12-31,KEYWORD_IMPERSONATION_ACCOUNT_HIJACKING,,DE,0,0,0,0,0,0,0,,,,,,,
All,Grindr,2025-02-01/2025-12-31,KEYWORD_INAUTHENTIC_ACCOUNTS,,DE,0,0,0,0,0,0,0,,,,,,,
All,Grindr,2025-02-01/2025-12-31,KEYWORD_INAUTHENTIC_LISTINGS,,DE,0,0,0,0,0,0,0,,,,,,,
All,Grindr,2025-02-01/2025-12-31,KEYWORD_INAUTHENTIC_USER_REVIEWS,,DE,0,0,0,0,0,0,0,,,,,,,
All,Grindr,2025-02-01/2025-12-31,KEYWORD_PHISHING,,DE,0,0,0,0,0,0,0,,,,,,,
All,Grindr,2025-02-01/2025-12-31,KEYWORD_PYRAMID_SCHEMES,,DE,0,0,0,0,0,0,0,,,,,,,
All,Grindr,2025-02-01/2025-12-31,KEYWORD_OTHER,"Grindr captured cases of blackmail, extortion, and/or financial fraud in this category.",DE,0,0,0,0,13,94.46482906,94.46773504,,,,,,,
All,Grindr,2025-02-01/2025-12-31,STATEMENT_CATEGORY_SELF_HARM,,DE,0,0,0,0,0,0,0,,,,,,,
All,Grindr,2025-02-01/2025-12-31,KEYWORD_CONTENT_PROMOTING_EATING_DISORDERS,,DE,0,0,0,0,0,0,0,,,,,,,
All,Grindr,2025-02-01/2025-12-31,KEYWORD_SELF_MUTILATION,,DE,0,0,0,0,0,0,0,,,,,,,
All,Grindr,2025-02-01/2025-12-31,KEYWORD_SUICIDE,,DE,0,0,0,0,0,0,0,,,,,,,
All,Grindr,2025-02-01/2025-12-31,KEYWORD_OTHER,,DE,0,0,0,0,0,0,0,,,,,,,
All,Grindr,2025-02-01/2025-12-31,STATEMENT_CATEGORY_UNSAFE_AND_PROHIBITED_PRODUCTS,,DE,0,0,0,0,1,30.690555555555555,30.690555555555555,,,,,,,
All,Grindr,2025-02-01/2025-12-31,KEYWORD_PROHIBITED_PRODUCTS,,DE,0,0,0,0,1,30.69055556,30.69055556,,,,,,,
All,Grindr,2025-02-01/2025-12-31,KEYWORD_UNSAFE_PRODUCTS,,DE,0,0,0,0,0,0,0,,,,,,,
All,Grindr,2025-02-01/2025-12-31,KEYWORD_OTHER,,DE,0,0,0,0,0,0,0,,,,,,,
All,Grindr,2025-02-01/2025-12-31,STATEMENT_CATEGORY_VIOLENCE,,DE,0,0,0,0,24,206.65013888888885,209.8369675925926,,,,,,,
All,Grindr,2025-02-01/2025-12-31,KEYWORD_COORDINATED_HARM,,DE,0,0,0,0,0,0,0,,,,,,,
All,Grindr,2025-02-01/2025-12-31,KEYWORD_INCITEMENT_VIOLENCE_HATRED,,DE,0,0,0,0,0,0,0,,,,,,,
All,Grindr,2025-02-01/2025-12-31,KEYWORD_HUMAN_EXPLOITATION,,DE,0,0,0,0,0,0,0,,,,,,,
All,Grindr,2025-02-01/2025-12-31,KEYWORD_HUMAN_TRAFFICKING,,DE,0,0,0,0,0,0,0,,,,,,,
All,Grindr,2025-02-01/2025-12-31,KEYWORD_TRAFFICKING_WOMEN_GIRLS,,DE,0,0,0,0,0,0,0,,,,,,,
All,Grindr,2025-02-01/2025-12-31,KEYWORD_OTHER,Grindr captured cases of serious offline incidents in this category.,DE,0,0,0,0,24,206.6501389,209.8369676,,,,,,,
All,Grindr,2025-02-01/2025-12-31,STATEMENT_CATEGORY_NOT_SPECIFIED_ORDER,,DE,0,0,0,0,1,348.2613888888889,348.2613888888889,,,,,,,
All,Grindr,2025-02-01/2025-12-31,TOTAL,,EL,0,0,0,0,3,109.76981481481481,109.81361111111111,,,,,,,
All,Grindr,2025-02-01/2025-12-31,TOTAL,,IE,0,0,0,0,4,19.05131944444444,20.261319444444442,,,,,,,
All,Grindr,2025-02-01/2025-12-31,STATEMENT_CATEGORY_ANIMAL_WELFARE,,IE,0,0,0,0,0,0,0,,,,,,,
All,Grindr,2025-02-01/2025-12-31,KEYWORD_ANIMAL_HARM,,IE,0,0,0,0,0,0,0,,,,,,,
All,Grindr,2025-02-01/2025-12-31,KEYWORD_UNLAWFUL_SALE_ANIMALS,,IE,0,0,0,0,0,0,0,,,,,,,
All,Grindr,2025-02-01/2025-12-31,KEYWORD_OTHER,,IE,0,0,0,0,0,0,0,,,,,,,
All,Grindr,2025-02-01/2025-12-31,STATEMENT_CATEGORY_CONSUMER_INFORMATION,,IE,0,0,0,0,0,0,0,,,,,,,
All,Grindr,2025-02-01/2025-12-31,KEYWORD_HIDDEN_ADVERTISEMENT,,IE,0,0,0,0,0,0,0,,,,,,,
All,Grindr,2025-02-01/2025-12-31,KEYWORD_INSUFFICIENT_INFORMATION_ON_TRADERS,,IE,0,0,0,0,0,0,0,,,,,,,
All,Grindr,2025-02-01/2025-12-31,KEYWORD_MISLEADING_INFO_GOODS_SERVICES,,IE,0,0,0,0,0,0,0,,,,,,,
All,Grindr,2025-02-01/2025-12-31,KEYWORD_MISLEADING_INFO_CONSUMER_RIGHTS,,IE,0,0,0,0,0,0,0,,,,,,,
All,Grindr,2025-02-01/2025-12-31,KEYWORD_NONCOMPLIANCE_PRICING,,IE,0,0,0,0,0,0,0,,,,,,,
All,Grindr,2025-02-01/2025-12-31,KEYWORD_OTHER,,IE,0,0,0,0,0,0,0,,,,,,,
All,Grindr,2025-02-01/2025-12-31,STATEMENT_CATEGORY_CYBER_VIOLENCE,,IE,0,0,0,0,0,0,0,,,,,,,
All,Grindr,2025-02-01/2025-12-31,KEYWORD_CYBER_BULLYING_INTIMIDATION,,IE,0,0,0,0,0,0,0,,,,,,,
All,Grindr,2025-02-01/2025-12-31,KEYWORD_CYBER_HARASSMENT,,IE,0,0,0,0,0,0,0,,,,,,,
All,Grindr,2025-02-01/2025-12-31,KEYWORD_CYBER_INCITEMENT,,IE,0,0,0,0,0,0,0,,,,,,,
All,Grindr,2025-02-01/2025-12-31,KEYWORD_CYBER_STALKING,,IE,0,0,0,0,0,0,0,,,,,,,
All,Grindr,2025-02-01/2025-12-31,KEYWORD_NON_CONSENSUAL_IMAGE_SHARING,,IE,0,0,0,0,0,0,0,,,,,,,
All,Grindr,2025-02-01/2025-12-31,KEYWORD_NON_CONSENSUAL_MATERIAL_DEEPFAKE,,IE,0,0,0,0,0,0,0,,,,,,,
All,Grindr,2025-02-01/2025-12-31,KEYWORD_OTHER,,IE,0,0,0,0,0,0,0,,,,,,,
All,Grindr,2025-02-01/2025-12-31,STATEMENT_CATEGORY_CYBER_VIOLENCE_AGAINST_WOMEN,,IE,0,0,0,0,0,0,0,,,,,,,
All,Grindr,2025-02-01/2025-12-31,KEYWORD_BULLYING_AGAINST_GIRLS,,IE,0,0,0,0,0,0,0,,,,,,,
All,Grindr,2025-02-01/2025-12-31,KEYWORD_CYBER_HARASSMENT_AGAINST_WOMEN,,IE,0,0,0,0,0,0,0,,,,,,,
All,Grindr,2025-02-01/2025-12-31,KEYWORD_CYBER_STALKING_AGAINST_WOMEN,,IE,0,0,0,0,0,0,0,,,,,,,
All,Grindr,2025-02-01/2025-12-31,KEYWORD_FEMALE_GENDERED_DISINFORMATION,,IE,0,0,0,0,0,0,0,,,,,,,
All,Grindr,2025-02-01/2025-12-31,KEYWORD_INCITEMENT_AGAINST_WOMEN,,IE,0,0,0,0,0,0,0,,,,,,,
All,Grindr,2025-02-01/2025-12-31,KEYWORD_NON_CONSENSUAL_IMAGE_SHARING_AGAINST_WOMEN,,IE,0,0,0,0,0,0,0,,,,,,,
All,Grindr,2025-02-01/2025-12-31,KEYWORD_NON_CONSENSUAL_MATERIAL_DEEPFAKE_AGAINST_WOMEN,,IE,0,0,0,0,0,0,0,,,,,,,
All,Grindr,2025-02-01/2025-12-31,KEYWORD_OTHER,,IE,0,0,0,0,0,0,0,,,,,,,
All,Grindr,2025-02-01/2025-12-31,STATEMENT_CATEGORY_DATA_PROTECTION_AND_PRIVACY_VIOLATIONS,,IE,0,0,0,0,0,0,0,,,,,,,
All,Grindr,2025-02-01/2025-12-31,KEYWORD_BIOMETRIC_DATA_BREACH,,IE,0,0,0,0,0,0,0,,,,,,,
All,Grindr,2025-02-01/2025-12-31,KEYWORD_DATA_FALSIFICATION,,IE,0,0,0,0,0,0,0,,,,,,,
All,Grindr,2025-02-01/2025-12-31,KEYWORD_MISSING_PROCESSING_GROUND,,IE,0,0,0,0,0,0,0,,,,,,,
All,Grindr,2025-02-01/2025-12-31,KEYWORD_RIGHT_TO_BE_FORGOTTEN,,IE,0,0,0,0,0,0,0,,,,,,,
All,Grindr,2025-02-01/2025-12-31,KEYWORD_OTHER,,IE,0,0,0,0,0,0,0,,,,,,,
All,Grindr,2025-02-01/2025-12-31,STATEMENT_CATEGORY_ILLEGAL_OR_HARMFUL_SPEECH,,IE,0,0,0,0,0,0,0,,,,,,,
All,Grindr,2025-02-01/2025-12-31,KEYWORD_DEFAMATION,,IE,0,0,0,0,0,0,0,,,,,,,
All,Grindr,2025-02-01/2025-12-31,KEYWORD_DISCRIMINATION,,IE,0,0,0,0,0,0,0,,,,,,,
All,Grindr,2025-02-01/2025-12-31,KEYWORD_HATE_SPEECH,,IE,0,0,0,0,0,0,0,,,,,,,
All,Grindr,2025-02-01/2025-12-31,KEYWORD_OTHER,,IE,0,0,0,0,0,0,0,,,,,,,
All,Grindr,2025-02-01/2025-12-31,STATEMENT_CATEGORY_INTELLECTUAL_PROPERTY_INFRINGEMENTS,,IE,0,0,0,0,0,0,0,,,,,,,
All,Grindr,2025-02-01/2025-12-31,KEYWORD_COPYRIGHT_INFRINGEMENT,,IE,0,0,0,0,0,0,0,,,,,,,
All,Grindr,2025-02-01/2025-12-31,KEYWORD_DESIGN_INFRINGEMENT,,IE,0,0,0,0,0,0,0,,,,,,,
All,Grindr,2025-02-01/2025-12-31,KEYWORD_GEOGRAPHIC_INDICATIONS_INFRINGEMENT,,IE,0,0,0,0,0,0,0,,,,,,,
All,Grindr,2025-02-01/2025-12-31,KEYWORD_PATENT_INFRINGEMENT,,IE,0,0,0,0,0,0,0,,,,,,,
All,Grindr,2025-02-01/2025-12-31,KEYWORD_TRADE_SECRET_INFRINGEMENT,,IE,0,0,0,0,0,0,0,,,,,,,
All,Grindr,2025-02-01/2025-12-31,KEYWORD_TRADEMARK_INFRINGEMENT,,IE,0,0,0,0,0,0,0,,,,,,,
All,Grindr,2025-02-01/2025-12-31,KEYWORD_OTHER,,IE,0,0,0,0,0,0,0,,,,,,,
All,Grindr,2025-02-01/2025-12-31,STATEMENT_CATEGORY_NEGATIVE_EFFECTS_ON_CIVIC_DISCOURSE_OR_ELECTIONS,,IE,0,0,0,0,0,0,0,,,,,,,
All,Grindr,2025-02-01/2025-12-31,KEYWORD_MISINFORMATION_DISINFORMATION,,IE,0,0,0,0,0,0,0,,,,,,,
All,Grindr,2025-02-01/2025-12-31,KEYWORD_VIOLATION_EU_LAW,,IE,0,0,0,0,0,0,0,,,,,,,
All,Grindr,2025-02-01/2025-12-31,KEYWORD_VIOLATION_NATIONAL_LAW,,IE,0,0,0,0,0,0,0,,,,,,,
All,Grindr,2025-02-01/2025-12-31,KEYWORD_OTHER,,IE,0,0,0,0,0,0,0,,,,,,,
All,Grindr,2025-02-01/2025-12-31,STATEMENT_CATEGORY_PROTECTION_OF_MINORS,,IE,0,0,0,0,0,0,0,,,,,,,
All,Grindr,2025-02-01/2025-12-31,KEYWORD_AGE_SPECIFIC_RESTRICTIONS_MINORS,,IE,0,0,0,0,0,0,0,,,,,,,
All,Grindr,2025-02-01/2025-12-31,KEYWORD_CHILD_SEXUAL_ABUSE_MATERIAL,,IE,0,0,0,0,0,0,0,,,,,,,
All,Grindr,2025-02-01/2025-12-31,KEYWORD_CHILD_SEXUAL_ABUSE_MATERIAL_DEEPFAKE,,IE,0,0,0,0,0,0,0,,,,,,,
All,Grindr,2025-02-01/2025-12-31,KEYWORD_GROOMING_SEXUAL_ENTICEMENT_MINORS,,IE,0,0,0,0,0,0,0,,,,,,,
All,Grindr,2025-02-01/2025-12-31,KEYWORD_UNSAFE_CHALLENGES,,IE,0,0,0,0,0,0,0,,,,,,,
All,Grindr,2025-02-01/2025-12-31,KEYWORD_OTHER,,IE,0,0,0,0,0,0,0,,,,,,,
All,Grindr,2025-02-01/2025-12-31,STATEMENT_CATEGORY_RISK_FOR_PUBLIC_SECURITY,,IE,0,0,0,0,0,0,0,,,,,,,
All,Grindr,2025-02-01/2025-12-31,KEYWORD_ILLEGAL_ORGANIZATIONS,,IE,0,0,0,0,0,0,0,,,,,,,
All,Grindr,2025-02-01/2025-12-31,KEYWORD_RISK_ENVIRONMENTAL_DAMAGE,,IE,0,0,0,0,0,0,0,,,,,,,
All,Grindr,2025-02-01/2025-12-31,KEYWORD_RISK_PUBLIC_HEALTH,,IE,0,0,0,0,0,0,0,,,,,,,
All,Grindr,2025-02-01/2025-12-31,KEYWORD_TERRORIST_CONTENT,,IE,0,0,0,0,0,0,0,,,,,,,
All,Grindr,2025-02-01/2025-12-31,KEYWORD_OTHER,,IE,0,0,0,0,0,0,0,,,,,,,
All,Grindr,2025-02-01/2025-12-31,STATEMENT_CATEGORY_SCAMS_AND_FRAUD,,IE,0,0,0,0,2,21.98236111111111,21.98236111111111,,,,,,,
All,Grindr,2025-02-01/2025-12-31,KEYWORD_IMPERSONATION_ACCOUNT_HIJACKING,,IE,0,0,0,0,0,0,0,,,,,,,
All,Grindr,2025-02-01/2025-12-31,KEYWORD_INAUTHENTIC_ACCOUNTS,,IE,0,0,0,0,0,0,0,,,,,,,
All,Grindr,2025-02-01/2025-12-31,KEYWORD_INAUTHENTIC_LISTINGS,,IE,0,0,0,0,0,0,0,,,,,,,
All,Grindr,2025-02-01/2025-12-31,KEYWORD_INAUTHENTIC_USER_REVIEWS,,IE,0,0,0,0,0,0,0,,,,,,,
All,Grindr,2025-02-01/2025-12-31,KEYWORD_PHISHING,,IE,0,0,0,0,0,0,0,,,,,,,
All,Grindr,2025-02-01/2025-12-31,KEYWORD_PYRAMID_SCHEMES,,IE,0,0,0,0,0,0,0,,,,,,,
All,Grindr,2025-02-01/2025-12-31,KEYWORD_OTHER,"Grindr captured cases of blackmail, extortion, and/or financial fraud in this category.",IE,0,0,0,0,2,21.98236111,21.98236111,,,,,,,
All,Grindr,2025-02-01/2025-12-31,STATEMENT_CATEGORY_SELF_HARM,,IE,0,0,0,0,0,0,0,,,,,,,
All,Grindr,2025-02-01/2025-12-31,KEYWORD_CONTENT_PROMOTING_EATING_DISORDERS,,IE,0,0,0,0,0,0,0,,,,,,,
All,Grindr,2025-02-01/2025-12-31,KEYWORD_SELF_MUTILATION,,IE,0,0,0,0,0,0,0,,,,,,,
All,Grindr,2025-02-01/2025-12-31,KEYWORD_SUICIDE,,IE,0,0,0,0,0,0,0,,,,,,,
All,Grindr,2025-02-01/2025-12-31,KEYWORD_OTHER,,IE,0,0,0,0,0,0,0,,,,,,,
All,Grindr,2025-02-01/2025-12-31,STATEMENT_CATEGORY_UNSAFE_AND_PROHIBITED_PRODUCTS,,IE,0,0,0,0,0,0,0,,,,,,,
All,Grindr,2025-02-01/2025-12-31,KEYWORD_PROHIBITED_PRODUCTS,,IE,0,0,0,0,0,0,0,,,,,,,
All,Grindr,2025-02-01/2025-12-31,KEYWORD_UNSAFE_PRODUCTS,,IE,0,0,0,0,0,0,0,,,,,,,
All,Grindr,2025-02-01/2025-12-31,KEYWORD_OTHER,,IE,0,0,0,0,0,0,0,,,,,,,
All,Grindr,2025-02-01/2025-12-31,STATEMENT_CATEGORY_VIOLENCE,,IE,0,0,0,0,2,16.120277777777776,18.540277777777778,,,,,,,
All,Grindr,2025-02-01/2025-12-31,KEYWORD_COORDINATED_HARM,,IE,0,0,0,0,0,0,0,,,,,,,
All,Grindr,2025-02-01/2025-12-31,KEYWORD_INCITEMENT_VIOLENCE_HATRED,,IE,0,0,0,0,0,0,0,,,,,,,
All,Grindr,2025-02-01/2025-12-31,KEYWORD_HUMAN_EXPLOITATION,,IE,0,0,0,0,0,0,0,,,,,,,
All,Grindr,2025-02-01/2025-12-31,KEYWORD_HUMAN_TRAFFICKING,,IE,0,0,0,0,0,0,0,,,,,,,
All,Grindr,2025-02-01/2025-12-31,KEYWORD_TRAFFICKING_WOMEN_GIRLS,,IE,0,0,0,0,0,0,0,,,,,,,
All,Grindr,2025-02-01/2025-12-31,KEYWORD_OTHER,Grindr captured cases of serious offline incidents in this category.,IE,0,0,0,0,2,16.120277777777776,18.540277777777778,,,,,,,
All,Grindr,2025-02-01/2025-12-31,STATEMENT_CATEGORY_NOT_SPECIFIED_ORDER,,IE,0,0,0,0,0,0,0,,,,,,,
All,Grindr,2025-02-01/2025-12-31,TOTAL,,IT,0,0,0,0,9,175.44882716049383,176.05654320987657,,,,,,,
All,Grindr,2025-02-01/2025-12-31,STATEMENT_CATEGORY_ANIMAL_WELFARE,,IT,0,0,0,0,0,0,0,,,,,,,
All,Grindr,2025-02-01/2025-12-31,KEYWORD_ANIMAL_HARM,,IT,0,0,0,0,0,0,0,,,,,,,
All,Grindr,2025-02-01/2025-12-31,KEYWORD_UNLAWFUL_SALE_ANIMALS,,IT,0,0,0,0,0,0,0,,,,,,,
All,Grindr,2025-02-01/2025-12-31,KEYWORD_OTHER,,IT,0,0,0,0,0,0,0,,,,,,,
All,Grindr,2025-02-01/2025-12-31,STATEMENT_CATEGORY_CONSUMER_INFORMATION,,IT,0,0,0,0,0,0,0,,,,,,,
All,Grindr,2025-02-01/2025-12-31,KEYWORD_HIDDEN_ADVERTISEMENT,,IT,0,0,0,0,0,0,0,,,,,,,
All,Grindr,2025-02-01/2025-12-31,KEYWORD_INSUFFICIENT_INFORMATION_ON_TRADERS,,IT,0,0,0,0,0,0,0,,,,,,,
All,Grindr,2025-02-01/2025-12-31,KEYWORD_MISLEADING_INFO_GOODS_SERVICES,,IT,0,0,0,0,0,0,0,,,,,,,
All,Grindr,2025-02-01/2025-12-31,KEYWORD_MISLEADING_INFO_CONSUMER_RIGHTS,,IT,0,0,0,0,0,0,0,,,,,,,
All,Grindr,2025-02-01/2025-12-31,KEYWORD_NONCOMPLIANCE_PRICING,,IT,0,0,0,0,0,0,0,,,,,,,
All,Grindr,2025-02-01/2025-12-31,KEYWORD_OTHER,,IT,0,0,0,0,0,0,0,,,,,,,
All,Grindr,2025-02-01/2025-12-31,STATEMENT_CATEGORY_CYBER_VIOLENCE,,IT,0,0,0,0,0,0,0,,,,,,,
All,Grindr,2025-02-01/2025-12-31,KEYWORD_CYBER_BULLYING_INTIMIDATION,,IT,0,0,0,0,0,0,0,,,,,,,
All,Grindr,2025-02-01/2025-12-31,KEYWORD_CYBER_HARASSMENT,,IT,0,0,0,0,0,0,0,,,,,,,
All,Grindr,2025-02-01/2025-12-31,KEYWORD_CYBER_INCITEMENT,,IT,0,0,0,0,0,0,0,,,,,,,
All,Grindr,2025-02-01/2025-12-31,KEYWORD_CYBER_STALKING,,IT,0,0,0,0,0,0,0,,,,,,,
All,Grindr,2025-02-01/2025-12-31,KEYWORD_NON_CONSENSUAL_IMAGE_SHARING,,IT,0,0,0,0,0,0,0,,,,,,,
All,Grindr,2025-02-01/2025-12-31,KEYWORD_NON_CONSENSUAL_MATERIAL_DEEPFAKE,,IT,0,0,0,0,0,0,0,,,,,,,
All,Grindr,2025-02-01/2025-12-31,KEYWORD_OTHER,,IT,0,0,0,0,0,0,0,,,,,,,
All,Grindr,2025-02-01/2025-12-31,STATEMENT_CATEGORY_CYBER_VIOLENCE_AGAINST_WOMEN,,IT,0,0,0,0,0,0,0,,,,,,,
All,Grindr,2025-02-01/2025-12-31,KEYWORD_BULLYING_AGAINST_GIRLS,,IT,0,0,0,0,0,0,0,,,,,,,
All,Grindr,2025-02-01/2025-12-31,KEYWORD_CYBER_HARASSMENT_AGAINST_WOMEN,,IT,0,0,0,0,0,0,0,,,,,,,
All,Grindr,2025-02-01/2025-12-31,KEYWORD_CYBER_STALKING_AGAINST_WOMEN,,IT,0,0,0,0,0,0,0,,,,,,,
All,Grindr,2025-02-01/2025-12-31,KEYWORD_FEMALE_GENDERED_DISINFORMATION,,IT,0,0,0,0,0,0,0,,,,,,,
All,Grindr,2025-02-01/2025-12-31,KEYWORD_INCITEMENT_AGAINST_WOMEN,,IT,0,0,0,0,0,0,0,,,,,,,
All,Grindr,2025-02-01/2025-12-31,KEYWORD_NON_CONSENSUAL_IMAGE_SHARING_AGAINST_WOMEN,,IT,0,0,0,0,0,0,0,,,,,,,
All,Grindr,2025-02-01/2025-12-31,KEYWORD_NON_CONSENSUAL_MATERIAL_DEEPFAKE_AGAINST_WOMEN,,IT,0,0,0,0,0,0,0,,,,,,,
All,Grindr,2025-02-01/2025-12-31,KEYWORD_OTHER,,IT,0,0,0,0,0,0,0,,,,,,,
All,Grindr,2025-02-01/2025-12-31,STATEMENT_CATEGORY_DATA_PROTECTION_AND_PRIVACY_VIOLATIONS,,IT,0,0,0,0,0,0,0,,,,,,,
All,Grindr,2025-02-01/2025-12-31,KEYWORD_BIOMETRIC_DATA_BREACH,,IT,0,0,0,0,0,0,0,,,,,,,
All,Grindr,2025-02-01/2025-12-31,KEYWORD_DATA_FALSIFICATION,,IT,0,0,0,0,0,0,0,,,,,,,
All,Grindr,2025-02-01/2025-12-31,KEYWORD_MISSING_PROCESSING_GROUND,,IT,0,0,0,0,0,0,0,,,,,,,
All,Grindr,2025-02-01/2025-12-31,KEYWORD_RIGHT_TO_BE_FORGOTTEN,,IT,0,0,0,0,0,0,0,,,,,,,
All,Grindr,2025-02-01/2025-12-31,KEYWORD_OTHER,,IT,0,0,0,0,0,0,0,,,,,,,
All,Grindr,2025-02-01/2025-12-31,STATEMENT_CATEGORY_ILLEGAL_OR_HARMFUL_SPEECH,,IT,0,0,0,0,0,0,0,,,,,,,
All,Grindr,2025-02-01/2025-12-31,KEYWORD_DEFAMATION,,IT,0,0,0,0,0,0,0,,,,,,,
All,Grindr,2025-02-01/2025-12-31,KEYWORD_DISCRIMINATION,,IT,0,0,0,0,0,0,0,,,,,,,
All,Grindr,2025-02-01/2025-12-31,KEYWORD_HATE_SPEECH,,IT,0,0,0,0,0,0,0,,,,,,,
All,Grindr,2025-02-01/2025-12-31,KEYWORD_OTHER,,IT,0,0,0,0,0,0,0,,,,,,,
All,Grindr,2025-02-01/2025-12-31,STATEMENT_CATEGORY_INTELLECTUAL_PROPERTY_INFRINGEMENTS,,IT,0,0,0,0,0,0,0,,,,,,,
All,Grindr,2025-02-01/2025-12-31,KEYWORD_COPYRIGHT_INFRINGEMENT,,IT,0,0,0,0,0,0,0,,,,,,,
All,Grindr,2025-02-01/2025-12-31,KEYWORD_DESIGN_INFRINGEMENT,,IT,0,0,0,0,0,0,0,,,,,,,
All,Grindr,2025-02-01/2025-12-31,KEYWORD_GEOGRAPHIC_INDICATIONS_INFRINGEMENT,,IT,0,0,0,0,0,0,0,,,,,,,
All,Grindr,2025-02-01/2025-12-31,KEYWORD_PATENT_INFRINGEMENT,,IT,0,0,0,0,0,0,0,,,,,,,
All,Grindr,2025-02-01/2025-12-31,KEYWORD_TRADE_SECRET_INFRINGEMENT,,IT,0,0,0,0,0,0,0,,,,,,,
All,Grindr,2025-02-01/2025-12-31,KEYWORD_TRADEMARK_INFRINGEMENT,,IT,0,0,0,0,0,0,0,,,,,,,
All,Grindr,2025-02-01/2025-12-31,KEYWORD_OTHER,,IT,0,0,0,0,0,0,0,,,,,,,
All,Grindr,2025-02-01/2025-12-31,STATEMENT_CATEGORY_NEGATIVE_EFFECTS_ON_CIVIC_DISCOURSE_OR_ELECTIONS,,IT,0,0,0,0,0,0,0,,,,,,,
All,Grindr,2025-02-01/2025-12-31,KEYWORD_MISINFORMATION_DISINFORMATION,,IT,0,0,0,0,0,0,0,,,,,,,
All,Grindr,2025-02-01/2025-12-31,KEYWORD_VIOLATION_EU_LAW,,IT,0,0,0,0,0,0,0,,,,,,,
All,Grindr,2025-02-01/2025-12-31,KEYWORD_VIOLATION_NATIONAL_LAW,,IT,0,0,0,0,0,0,0,,,,,,,
All,Grindr,2025-02-01/2025-12-31,KEYWORD_OTHER,,IT,0,0,0,0,0,0,0,,,,,,,
All,Grindr,2025-02-01/2025-12-31,STATEMENT_CATEGORY_PROTECTION_OF_MINORS,,IT,0,0,0,0,0,0,0,,,,,,,
All,Grindr,2025-02-01/2025-12-31,KEYWORD_AGE_SPECIFIC_RESTRICTIONS_MINORS,,IT,0,0,0,0,0,0,0,,,,,,,
All,Grindr,2025-02-01/2025-12-31,KEYWORD_CHILD_SEXUAL_ABUSE_MATERIAL,,IT,0,0,0,0,0,0,0,,,,,,,
All,Grindr,2025-02-01/2025-12-31,KEYWORD_CHILD_SEXUAL_ABUSE_MATERIAL_DEEPFAKE,,IT,0,0,0,0,0,0,0,,,,,,,
All,Grindr,2025-02-01/2025-12-31,KEYWORD_GROOMING_SEXUAL_ENTICEMENT_MINORS,,IT,0,0,0,0,0,0,0,,,,,,,
All,Grindr,2025-02-01/2025-12-31,KEYWORD_UNSAFE_CHALLENGES,,IT,0,0,0,0,0,0,0,,,,,,,
All,Grindr,2025-02-01/2025-12-31,KEYWORD_OTHER,,IT,0,0,0,0,0,0,0,,,,,,,
All,Grindr,2025-02-01/2025-12-31,STATEMENT_CATEGORY_RISK_FOR_PUBLIC_SECURITY,,IT,0,0,0,0,0,0,0,,,,,,,
All,Grindr,2025-02-01/2025-12-31,KEYWORD_ILLEGAL_ORGANIZATIONS,,IT,0,0,0,0,0,0,0,,,,,,,
All,Grindr,2025-02-01/2025-12-31,KEYWORD_RISK_ENVIRONMENTAL_DAMAGE,,IT,0,0,0,0,0,0,0,,,,,,,
All,Grindr,2025-02-01/2025-12-31,KEYWORD_RISK_PUBLIC_HEALTH,,IT,0,0,0,0,0,0,0,,,,,,,
All,Grindr,2025-02-01/2025-12-31,KEYWORD_TERRORIST_CONTENT,,IT,0,0,0,0,0,0,0,,,,,,,
All,Grindr,2025-02-01/2025-12-31,KEYWORD_OTHER,,IT,0,0,0,0,0,0,0,,,,,,,
All,Grindr,2025-02-01/2025-12-31,STATEMENT_CATEGORY_SCAMS_AND_FRAUD,,IT,0,0,0,0,3,50.08953703703704,50.08953703703704,,,,,,,
All,Grindr,2025-02-01/2025-12-31,KEYWORD_IMPERSONATION_ACCOUNT_HIJACKING,,IT,0,0,0,0,0,0,0,,,,,,,
All,Grindr,2025-02-01/2025-12-31,KEYWORD_INAUTHENTIC_ACCOUNTS,,IT,0,0,0,0,0,0,0,,,,,,,
All,Grindr,2025-02-01/2025-12-31,KEYWORD_INAUTHENTIC_LISTINGS,,IT,0,0,0,0,0,0,0,,,,,,,
All,Grindr,2025-02-01/2025-12-31,KEYWORD_INAUTHENTIC_USER_REVIEWS,,IT,0,0,0,0,0,0,0,,,,,,,
All,Grindr,2025-02-01/2025-12-31,KEYWORD_PHISHING,,IT,0,0,0,0,0,0,0,,,,,,,
All,Grindr,2025-02-01/2025-12-31,KEYWORD_PYRAMID_SCHEMES,,IT,0,0,0,0,0,0,0,,,,,,,
All,Grindr,2025-02-01/2025-12-31,KEYWORD_OTHER,,IT,0,0,0,0,0,0,0,,,,,,,
All,Grindr,2025-02-01/2025-12-31,STATEMENT_CATEGORY_SELF_HARM,,IT,0,0,0,0,0,0,0,,,,,,,
All,Grindr,2025-02-01/2025-12-31,KEYWORD_CONTENT_PROMOTING_EATING_DISORDERS,,IT,0,0,0,0,0,0,0,,,,,,,
All,Grindr,2025-02-01/2025-12-31,KEYWORD_SELF_MUTILATION,,IT,0,0,0,0,0,0,0,,,,,,,
All,Grindr,2025-02-01/2025-12-31,KEYWORD_SUICIDE,,IT,0,0,0,0,0,0,0,,,,,,,
All,Grindr,2025-02-01/2025-12-31,KEYWORD_OTHER,,IT,0,0,0,0,0,0,0,,,,,,,
All,Grindr,2025-02-01/2025-12-31,STATEMENT_CATEGORY_UNSAFE_AND_PROHIBITED_PRODUCTS,,IT,0,0,0,0,0,0,0,,,,,,,
All,Grindr,2025-02-01/2025-12-31,KEYWORD_PROHIBITED_PRODUCTS,,IT,0,0,0,0,3,50.08953704,50.08953704,,,,,,,
All,Grindr,2025-02-01/2025-12-31,KEYWORD_UNSAFE_PRODUCTS,,IT,0,0,0,0,0,0,0,,,,,,,
All,Grindr,2025-02-01/2025-12-31,KEYWORD_OTHER,,IT,0,0,0,0,0,0,0,,,,,,,
All,Grindr,2025-02-01/2025-12-31,STATEMENT_CATEGORY_VIOLENCE,,IT,0,0,0,0,4,316.68659722222225,318.05395833333336,,,,,,,
All,Grindr,2025-02-01/2025-12-31,KEYWORD_COORDINATED_HARM,,IT,0,0,0,0,0,0,0,,,,,,,
All,Grindr,2025-02-01/2025-12-31,KEYWORD_INCITEMENT_VIOLENCE_HATRED,,IT,0,0,0,0,0,0,0,,,,,,,
All,Grindr,2025-02-01/2025-12-31,KEYWORD_HUMAN_EXPLOITATION,,IT,0,0,0,0,0,0,0,,,,,,,
All,Grindr,2025-02-01/2025-12-31,KEYWORD_HUMAN_TRAFFICKING,,IT,0,0,0,0,0,0,0,,,,,,,
All,Grindr,2025-02-01/2025-12-31,KEYWORD_TRAFFICKING_WOMEN_GIRLS,,IT,0,0,0,0,0,0,0,,,,,,,
All,Grindr,2025-02-01/2025-12-31,KEYWORD_OTHER,Grindr captured cases of serious offline incidents in this category.,IT,0,0,0,0,4,316.68659722222225,318.05395833333336,,,,,,,
All,Grindr,2025-02-01/2025-12-31,STATEMENT_CATEGORY_NOT_SPECIFIED_ORDER,,IT,0,0,0,0,2,81.01222222222222,81.01222222222222,,,,,,,
All,Grindr,2025-02-01/2025-12-31,TOTAL,,LT,0,0,0,0,1,521.5663888888889,521.5663888888889,,,,,,,
All,Grindr,2025-02-01/2025-12-31,STATEMENT_CATEGORY_ANIMAL_WELFARE,,LT,0,0,0,0,0,0,0,,,,,,,
All,Grindr,2025-02-01/2025-12-31,KEYWORD_ANIMAL_HARM,,LT,0,0,0,0,0,0,0,,,,,,,
All,Grindr,2025-02-01/2025-12-31,KEYWORD_UNLAWFUL_SALE_ANIMALS,,LT,0,0,0,0,0,0,0,,,,,,,
All,Grindr,2025-02-01/2025-12-31,KEYWORD_OTHER,,LT,0,0,0,0,0,0,0,,,,,,,
All,Grindr,2025-02-01/2025-12-31,STATEMENT_CATEGORY_CONSUMER_INFORMATION,,LT,0,0,0,0,0,0,0,,,,,,,
All,Grindr,2025-02-01/2025-12-31,KEYWORD_HIDDEN_ADVERTISEMENT,,LT,0,0,0,0,0,0,0,,,,,,,
All,Grindr,2025-02-01/2025-12-31,KEYWORD_INSUFFICIENT_INFORMATION_ON_TRADERS,,LT,0,0,0,0,0,0,0,,,,,,,
All,Grindr,2025-02-01/2025-12-31,KEYWORD_MISLEADING_INFO_GOODS_SERVICES,,LT,0,0,0,0,0,0,0,,,,,,,
All,Grindr,2025-02-01/2025-12-31,KEYWORD_MISLEADING_INFO_CONSUMER_RIGHTS,,LT,0,0,0,0,0,0,0,,,,,,,
All,Grindr,2025-02-01/2025-12-31,KEYWORD_NONCOMPLIANCE_PRICING,,LT,0,0,0,0,0,0,0,,,,,,,
All,Grindr,2025-02-01/2025-12-31,KEYWORD_OTHER,,LT,0,0,0,0,0,0,0,,,,,,,
All,Grindr,2025-02-01/2025-12-31,STATEMENT_CATEGORY_CYBER_VIOLENCE,,LT,0,0,0,0,0,0,0,,,,,,,
All,Grindr,2025-02-01/2025-12-31,KEYWORD_CYBER_BULLYING_INTIMIDATION,,LT,0,0,0,0,0,0,0,,,,,,,
All,Grindr,2025-02-01/2025-12-31,KEYWORD_CYBER_HARASSMENT,,LT,0,0,0,0,0,0,0,,,,,,,
All,Grindr,2025-02-01/2025-12-31,KEYWORD_CYBER_INCITEMENT,,LT,0,0,0,0,0,0,0,,,,,,,
All,Grindr,2025-02-01/2025-12-31,KEYWORD_CYBER_STALKING,,LT,0,0,0,0,0,0,0,,,,,,,
All,Grindr,2025-02-01/2025-12-31,KEYWORD_NON_CONSENSUAL_IMAGE_SHARING,,LT,0,0,0,0,0,0,0,,,,,,,
All,Grindr,2025-02-01/2025-12-31,KEYWORD_NON_CONSENSUAL_MATERIAL_DEEPFAKE,,LT,0,0,0,0,0,0,0,,,,,,,
All,Grindr,2025-02-01/2025-12-31,KEYWORD_OTHER,,LT,0,0,0,0,0,0,0,,,,,,,
All,Grindr,2025-02-01/2025-12-31,STATEMENT_CATEGORY_CYBER_VIOLENCE_AGAINST_WOMEN,,LT,0,0,0,0,0,0,0,,,,,,,
All,Grindr,2025-02-01/2025-12-31,KEYWORD_BULLYING_AGAINST_GIRLS,,LT,0,0,0,0,0,0,0,,,,,,,
All,Grindr,2025-02-01/2025-12-31,KEYWORD_CYBER_HARASSMENT_AGAINST_WOMEN,,LT,0,0,0,0,0,0,0,,,,,,,
All,Grindr,2025-02-01/2025-12-31,KEYWORD_CYBER_STALKING_AGAINST_WOMEN,,LT,0,0,0,0,0,0,0,,,,,,,
All,Grindr,2025-02-01/2025-12-31,KEYWORD_FEMALE_GENDERED_DISINFORMATION,,LT,0,0,0,0,0,0,0,,,,,,,
All,Grindr,2025-02-01/2025-12-31,KEYWORD_INCITEMENT_AGAINST_WOMEN,,LT,0,0,0,0,0,0,0,,,,,,,
All,Grindr,2025-02-01/2025-12-31,KEYWORD_NON_CONSENSUAL_IMAGE_SHARING_AGAINST_WOMEN,,LT,0,0,0,0,0,0,0,,,,,,,
All,Grindr,2025-02-01/2025-12-31,KEYWORD_NON_CONSENSUAL_MATERIAL_DEEPFAKE_AGAINST_WOMEN,,LT,0,0,0,0,0,0,0,,,,,,,
All,Grindr,2025-02-01/2025-12-31,KEYWORD_OTHER,,LT,0,0,0,0,0,0,0,,,,,,,
All,Grindr,2025-02-01/2025-12-31,STATEMENT_CATEGORY_DATA_PROTECTION_AND_PRIVACY_VIOLATIONS,,LT,0,0,0,0,0,0,0,,,,,,,
All,Grindr,2025-02-01/2025-12-31,KEYWORD_BIOMETRIC_DATA_BREACH,,LT,0,0,0,0,0,0,0,,,,,,,
All,Grindr,2025-02-01/2025-12-31,KEYWORD_DATA_FALSIFICATION,,LT,0,0,0,0,0,0,0,,,,,,,
All,Grindr,2025-02-01/2025-12-31,KEYWORD_MISSING_PROCESSING_GROUND,,LT,0,0,0,0,0,0,0,,,,,,,
All,Grindr,2025-02-01/2025-12-31,KEYWORD_RIGHT_TO_BE_FORGOTTEN,,LT,0,0,0,0,0,0,0,,,,,,,
All,Grindr,2025-02-01/2025-12-31,KEYWORD_OTHER,,LT,0,0,0,0,0,0,0,,,,,,,
All,Grindr,2025-02-01/2025-12-31,STATEMENT_CATEGORY_ILLEGAL_OR_HARMFUL_SPEECH,,LT,0,0,0,0,0,0,0,,,,,,,
All,Grindr,2025-02-01/2025-12-31,KEYWORD_DEFAMATION,,LT,0,0,0,0,0,0,0,,,,,,,
All,Grindr,2025-02-01/2025-12-31,KEYWORD_DISCRIMINATION,,LT,0,0,0,0,0,0,0,,,,,,,
All,Grindr,2025-02-01/2025-12-31,KEYWORD_HATE_SPEECH,,LT,0,0,0,0,0,0,0,,,,,,,
All,Grindr,2025-02-01/2025-12-31,KEYWORD_OTHER,,LT,0,0,0,0,0,0,0,,,,,,,
All,Grindr,2025-02-01/2025-12-31,STATEMENT_CATEGORY_INTELLECTUAL_PROPERTY_INFRINGEMENTS,,LT,0,0,0,0,0,0,0,,,,,,,
All,Grindr,2025-02-01/2025-12-31,KEYWORD_COPYRIGHT_INFRINGEMENT,,LT,0,0,0,0,0,0,0,,,,,,,
All,Grindr,2025-02-01/2025-12-31,KEYWORD_DESIGN_INFRINGEMENT,,LT,0,0,0,0,0,0,0,,,,,,,
All,Grindr,2025-02-01/2025-12-31,KEYWORD_GEOGRAPHIC_INDICATIONS_INFRINGEMENT,,LT,0,0,0,0,0,0,0,,,,,,,
All,Grindr,2025-02-01/2025-12-31,KEYWORD_PATENT_INFRINGEMENT,,LT,0,0,0,0,0,0,0,,,,,,,
All,Grindr,2025-02-01/2025-12-31,KEYWORD_TRADE_SECRET_INFRINGEMENT,,LT,0,0,0,0,0,0,0,,,,,,,
All,Grindr,2025-02-01/2025-12-31,KEYWORD_TRADEMARK_INFRINGEMENT,,LT,0,0,0,0,0,0,0,,,,,,,
All,Grindr,2025-02-01/2025-12-31,KEYWORD_OTHER,,LT,0,0,0,0,0,0,0,,,,,,,
All,Grindr,2025-02-01/2025-12-31,STATEMENT_CATEGORY_NEGATIVE_EFFECTS_ON_CIVIC_DISCOURSE_OR_ELECTIONS,,LT,0,0,0,0,0,0,0,,,,,,,
All,Grindr,2025-02-01/2025-12-31,KEYWORD_MISINFORMATION_DISINFORMATION,,LT,0,0,0,0,0,0,0,,,,,,,
All,Grindr,2025-02-01/2025-12-31,KEYWORD_VIOLATION_EU_LAW,,LT,0,0,0,0,0,0,0,,,,,,,
All,Grindr,2025-02-01/2025-12-31,KEYWORD_VIOLATION_NATIONAL_LAW,,LT,0,0,0,0,0,0,0,,,,,,,
All,Grindr,2025-02-01/2025-12-31,KEYWORD_OTHER,,LT,0,0,0,0,0,0,0,,,,,,,
All,Grindr,2025-02-01/2025-12-31,STATEMENT_CATEGORY_PROTECTION_OF_MINORS,,LT,0,0,0,0,0,0,0,,,,,,,
All,Grindr,2025-02-01/2025-12-31,KEYWORD_AGE_SPECIFIC_RESTRICTIONS_MINORS,,LT,0,0,0,0,0,0,0,,,,,,,
All,Grindr,2025-02-01/2025-12-31,KEYWORD_CHILD_SEXUAL_ABUSE_MATERIAL,,LT,0,0,0,0,0,0,0,,,,,,,
All,Grindr,2025-02-01/2025-12-31,KEYWORD_CHILD_SEXUAL_ABUSE_MATERIAL_DEEPFAKE,,LT,0,0,0,0,0,0,0,,,,,,,
All,Grindr,2025-02-01/2025-12-31,KEYWORD_GROOMING_SEXUAL_ENTICEMENT_MINORS,,LT,0,0,0,0,0,0,0,,,,,,,
All,Grindr,2025-02-01/2025-12-31,KEYWORD_UNSAFE_CHALLENGES,,LT,0,0,0,0,0,0,0,,,,,,,
All,Grindr,2025-02-01/2025-12-31,KEYWORD_OTHER,,LT,0,0,0,0,0,0,0,,,,,,,
All,Grindr,2025-02-01/2025-12-31,STATEMENT_CATEGORY_RISK_FOR_PUBLIC_SECURITY,,LT,0,0,0,0,0,0,0,,,,,,,
All,Grindr,2025-02-01/2025-12-31,KEYWORD_ILLEGAL_ORGANIZATIONS,,LT,0,0,0,0,0,0,0,,,,,,,
All,Grindr,2025-02-01/2025-12-31,KEYWORD_RISK_ENVIRONMENTAL_DAMAGE,,LT,0,0,0,0,0,0,0,,,,,,,
All,Grindr,2025-02-01/2025-12-31,KEYWORD_RISK_PUBLIC_HEALTH,,LT,0,0,0,0,0,0,0,,,,,,,
All,Grindr,2025-02-01/2025-12-31,KEYWORD_TERRORIST_CONTENT,,LT,0,0,0,0,0,0,0,,,,,,,
All,Grindr,2025-02-01/2025-12-31,KEYWORD_OTHER,,LT,0,0,0,0,0,0,0,,,,,,,
All,Grindr,2025-02-01/2025-12-31,STATEMENT_CATEGORY_SCAMS_AND_FRAUD,,LT,0,0,0,0,0,0,0,,,,,,,
All,Grindr,2025-02-01/2025-12-31,KEYWORD_IMPERSONATION_ACCOUNT_HIJACKING,,LT,0,0,0,0,0,0,0,,,,,,,
All,Grindr,2025-02-01/2025-12-31,KEYWORD_INAUTHENTIC_ACCOUNTS,,LT,0,0,0,0,0,0,0,,,,,,,
All,Grindr,2025-02-01/2025-12-31,KEYWORD_INAUTHENTIC_LISTINGS,,LT,0,0,0,0,0,0,0,,,,,,,
All,Grindr,2025-02-01/2025-12-31,KEYWORD_INAUTHENTIC_USER_REVIEWS,,LT,0,0,0,0,0,0,0,,,,,,,
All,Grindr,2025-02-01/2025-12-31,KEYWORD_PHISHING,,LT,0,0,0,0,0,0,0,,,,,,,
All,Grindr,2025-02-01/2025-12-31,KEYWORD_PYRAMID_SCHEMES,,LT,0,0,0,0,0,0,0,,,,,,,
All,Grindr,2025-02-01/2025-12-31,KEYWORD_OTHER,,LT,0,0,0,0,0,0,0,,,,,,,
All,Grindr,2025-02-01/2025-12-31,STATEMENT_CATEGORY_SELF_HARM,,LT,0,0,0,0,0,0,0,,,,,,,
All,Grindr,2025-02-01/2025-12-31,KEYWORD_CONTENT_PROMOTING_EATING_DISORDERS,,LT,0,0,0,0,0,0,0,,,,,,,
All,Grindr,2025-02-01/2025-12-31,KEYWORD_SELF_MUTILATION,,LT,0,0,0,0,0,0,0,,,,,,,
All,Grindr,2025-02-01/2025-12-31,KEYWORD_SUICIDE,,LT,0,0,0,0,0,0,0,,,,,,,
All,Grindr,2025-02-01/2025-12-31,KEYWORD_OTHER,,LT,0,0,0,0,0,0,0,,,,,,,
All,Grindr,2025-02-01/2025-12-31,STATEMENT_CATEGORY_UNSAFE_AND_PROHIBITED_PRODUCTS,,LT,0,0,0,0,0,0,0,,,,,,,
All,Grindr,2025-02-01/2025-12-31,KEYWORD_PROHIBITED_PRODUCTS,,LT,0,0,0,0,0,0,0,,,,,,,
All,Grindr,2025-02-01/2025-12-31,KEYWORD_UNSAFE_PRODUCTS,,LT,0,0,0,0,0,0,0,,,,,,,
All,Grindr,2025-02-01/2025-12-31,KEYWORD_OTHER,,LT,0,0,0,0,0,0,0,,,,,,,
All,Grindr,2025-02-01/2025-12-31,STATEMENT_CATEGORY_VIOLENCE,,LT,0,0,0,0,1,521.5663888888889,521.5663888888889,,,,,,,
All,Grindr,2025-02-01/2025-12-31,KEYWORD_COORDINATED_HARM,,LT,0,0,0,0,0,0,0,,,,,,,
All,Grindr,2025-02-01/2025-12-31,KEYWORD_INCITEMENT_VIOLENCE_HATRED,,LT,0,0,0,0,0,0,0,,,,,,,
All,Grindr,2025-02-01/2025-12-31,KEYWORD_HUMAN_EXPLOITATION,,LT,0,0,0,0,0,0,0,,,,,,,
All,Grindr,2025-02-01/2025-12-31,KEYWORD_HUMAN_TRAFFICKING,,LT,0,0,0,0,0,0,0,,,,,,,
All,Grindr,2025-02-01/2025-12-31,KEYWORD_TRAFFICKING_WOMEN_GIRLS,,LT,0,0,0,0,0,0,0,,,,,,,
All,Grindr,2025-02-01/2025-12-31,KEYWORD_OTHER,Grindr captured cases of serious offline incidents in this category.,LT,0,0,0,0,1,521.5663889,521.5663889,,,,,,,
All,Grindr,2025-02-01/2025-12-31,STATEMENT_CATEGORY_NOT_SPECIFIED_ORDER,,LT,0,0,0,0,0,0,0,,,,,,,
All,Grindr,2025-02-01/2025-12-31,TOTAL,,MT,0,0,0,0,3,36.747314814814814,36.747314814814814,,,,,,,
All,Grindr,2025-02-01/2025-12-31,STATEMENT_CATEGORY_ANIMAL_WELFARE,,MT,0,0,0,0,0,0,0,,,,,,,
All,Grindr,2025-02-01/2025-12-31,KEYWORD_ANIMAL_HARM,,MT,0,0,0,0,0,0,0,,,,,,,
All,Grindr,2025-02-01/2025-12-31,KEYWORD_UNLAWFUL_SALE_ANIMALS,,MT,0,0,0,0,0,0,0,,,,,,,
All,Grindr,2025-02-01/2025-12-31,KEYWORD_OTHER,,MT,0,0,0,0,0,0,0,,,,,,,
All,Grindr,2025-02-01/2025-12-31,STATEMENT_CATEGORY_CONSUMER_INFORMATION,,MT,0,0,0,0,0,0,0,,,,,,,
All,Grindr,2025-02-01/2025-12-31,KEYWORD_HIDDEN_ADVERTISEMENT,,MT,0,0,0,0,0,0,0,,,,,,,
All,Grindr,2025-02-01/2025-12-31,KEYWORD_INSUFFICIENT_INFORMATION_ON_TRADERS,,MT,0,0,0,0,0,0,0,,,,,,,
All,Grindr,2025-02-01/2025-12-31,KEYWORD_MISLEADING_INFO_GOODS_SERVICES,,MT,0,0,0,0,0,0,0,,,,,,,
All,Grindr,2025-02-01/2025-12-31,KEYWORD_MISLEADING_INFO_CONSUMER_RIGHTS,,MT,0,0,0,0,0,0,0,,,,,,,
All,Grindr,2025-02-01/2025-12-31,KEYWORD_NONCOMPLIANCE_PRICING,,MT,0,0,0,0,0,0,0,,,,,,,
All,Grindr,2025-02-01/2025-12-31,KEYWORD_OTHER,,MT,0,0,0,0,0,0,0,,,,,,,
All,Grindr,2025-02-01/2025-12-31,STATEMENT_CATEGORY_CYBER_VIOLENCE,,MT,0,0,0,0,0,0,0,,,,,,,
All,Grindr,2025-02-01/2025-12-31,KEYWORD_CYBER_BULLYING_INTIMIDATION,,MT,0,0,0,0,0,0,0,,,,,,,
All,Grindr,2025-02-01/2025-12-31,KEYWORD_CYBER_HARASSMENT,,MT,0,0,0,0,0,0,0,,,,,,,
All,Grindr,2025-02-01/2025-12-31,KEYWORD_CYBER_INCITEMENT,,MT,0,0,0,0,0,0,0,,,,,,,
All,Grindr,2025-02-01/2025-12-31,KEYWORD_CYBER_STALKING,,MT,0,0,0,0,0,0,0,,,,,,,
All,Grindr,2025-02-01/2025-12-31,KEYWORD_NON_CONSENSUAL_IMAGE_SHARING,,MT,0,0,0,0,0,0,0,,,,,,,
All,Grindr,2025-02-01/2025-12-31,KEYWORD_NON_CONSENSUAL_MATERIAL_DEEPFAKE,,MT,0,0,0,0,0,0,0,,,,,,,
All,Grindr,2025-02-01/2025-12-31,KEYWORD_OTHER,,MT,0,0,0,0,0,0,0,,,,,,,
All,Grindr,2025-02-01/2025-12-31,STATEMENT_CATEGORY_CYBER_VIOLENCE_AGAINST_WOMEN,,MT,0,0,0,0,0,0,0,,,,,,,
All,Grindr,2025-02-01/2025-12-31,KEYWORD_BULLYING_AGAINST_GIRLS,,MT,0,0,0,0,0,0,0,,,,,,,
All,Grindr,2025-02-01/2025-12-31,KEYWORD_CYBER_HARASSMENT_AGAINST_WOMEN,,MT,0,0,0,0,0,0,0,,,,,,,
All,Grindr,2025-02-01/2025-12-31,KEYWORD_CYBER_STALKING_AGAINST_WOMEN,,MT,0,0,0,0,0,0,0,,,,,,,
All,Grindr,2025-02-01/2025-12-31,KEYWORD_FEMALE_GENDERED_DISINFORMATION,,MT,0,0,0,0,0,0,0,,,,,,,
All,Grindr,2025-02-01/2025-12-31,KEYWORD_INCITEMENT_AGAINST_WOMEN,,MT,0,0,0,0,0,0,0,,,,,,,
All,Grindr,2025-02-01/2025-12-31,KEYWORD_NON_CONSENSUAL_IMAGE_SHARING_AGAINST_WOMEN,,MT,0,0,0,0,0,0,0,,,,,,,
All,Grindr,2025-02-01/2025-12-31,KEYWORD_NON_CONSENSUAL_MATERIAL_DEEPFAKE_AGAINST_WOMEN,,MT,0,0,0,0,0,0,0,,,,,,,
All,Grindr,2025-02-01/2025-12-31,KEYWORD_OTHER,,MT,0,0,0,0,0,0,0,,,,,,,
All,Grindr,2025-02-01/2025-12-31,STATEMENT_CATEGORY_DATA_PROTECTION_AND_PRIVACY_VIOLATIONS,,MT,0,0,0,0,0,0,0,,,,,,,
All,Grindr,2025-02-01/2025-12-31,KEYWORD_BIOMETRIC_DATA_BREACH,,MT,0,0,0,0,0,0,0,,,,,,,
All,Grindr,2025-02-01/2025-12-31,KEYWORD_DATA_FALSIFICATION,,MT,0,0,0,0,0,0,0,,,,,,,
All,Grindr,2025-02-01/2025-12-31,KEYWORD_MISSING_PROCESSING_GROUND,,MT,0,0,0,0,0,0,0,,,,,,,
All,Grindr,2025-02-01/2025-12-31,KEYWORD_RIGHT_TO_BE_FORGOTTEN,,MT,0,0,0,0,0,0,0,,,,,,,
All,Grindr,2025-02-01/2025-12-31,KEYWORD_OTHER,,MT,0,0,0,0,0,0,0,,,,,,,
All,Grindr,2025-02-01/2025-12-31,STATEMENT_CATEGORY_ILLEGAL_OR_HARMFUL_SPEECH,,MT,0,0,0,0,0,0,0,,,,,,,
All,Grindr,2025-02-01/2025-12-31,KEYWORD_DEFAMATION,,MT,0,0,0,0,0,0,0,,,,,,,
All,Grindr,2025-02-01/2025-12-31,KEYWORD_DISCRIMINATION,,MT,0,0,0,0,0,0,0,,,,,,,
All,Grindr,2025-02-01/2025-12-31,KEYWORD_HATE_SPEECH,,MT,0,0,0,0,0,0,0,,,,,,,
All,Grindr,2025-02-01/2025-12-31,KEYWORD_OTHER,,MT,0,0,0,0,0,0,0,,,,,,,
All,Grindr,2025-02-01/2025-12-31,STATEMENT_CATEGORY_INTELLECTUAL_PROPERTY_INFRINGEMENTS,,MT,0,0,0,0,0,0,0,,,,,,,
All,Grindr,2025-02-01/2025-12-31,KEYWORD_COPYRIGHT_INFRINGEMENT,,MT,0,0,0,0,0,0,0,,,,,,,
All,Grindr,2025-02-01/2025-12-31,KEYWORD_DESIGN_INFRINGEMENT,,MT,0,0,0,0,0,0,0,,,,,,,
All,Grindr,2025-02-01/2025-12-31,KEYWORD_GEOGRAPHIC_INDICATIONS_INFRINGEMENT,,MT,0,0,0,0,0,0,0,,,,,,,
All,Grindr,2025-02-01/2025-12-31,KEYWORD_PATENT_INFRINGEMENT,,MT,0,0,0,0,0,0,0,,,,,,,
All,Grindr,2025-02-01/2025-12-31,KEYWORD_TRADE_SECRET_INFRINGEMENT,,MT,0,0,0,0,0,0,0,,,,,,,
All,Grindr,2025-02-01/2025-12-31,KEYWORD_TRADEMARK_INFRINGEMENT,,MT,0,0,0,0,0,0,0,,,,,,,
All,Grindr,2025-02-01/2025-12-31,KEYWORD_OTHER,,MT,0,0,0,0,0,0,0,,,,,,,
All,Grindr,2025-02-01/2025-12-31,STATEMENT_CATEGORY_NEGATIVE_EFFECTS_ON_CIVIC_DISCOURSE_OR_ELECTIONS,,MT,0,0,0,0,0,0,0,,,,,,,
All,Grindr,2025-02-01/2025-12-31,KEYWORD_MISINFORMATION_DISINFORMATION,,MT,0,0,0,0,0,0,0,,,,,,,
All,Grindr,2025-02-01/2025-12-31,KEYWORD_VIOLATION_EU_LAW,,MT,0,0,0,0,0,0,0,,,,,,,
All,Grindr,2025-02-01/2025-12-31,KEYWORD_VIOLATION_NATIONAL_LAW,,MT,0,0,0,0,0,0,0,,,,,,,
All,Grindr,2025-02-01/2025-12-31,KEYWORD_OTHER,,MT,0,0,0,0,0,0,0,,,,,,,
All,Grindr,2025-02-01/2025-12-31,STATEMENT_CATEGORY_PROTECTION_OF_MINORS,,MT,0,0,0,0,0,0,0,,,,,,,
All,Grindr,2025-02-01/2025-12-31,KEYWORD_AGE_SPECIFIC_RESTRICTIONS_MINORS,,MT,0,0,0,0,0,0,0,,,,,,,
All,Grindr,2025-02-01/2025-12-31,KEYWORD_CHILD_SEXUAL_ABUSE_MATERIAL,,MT,0,0,0,0,0,0,0,,,,,,,
All,Grindr,2025-02-01/2025-12-31,KEYWORD_CHILD_SEXUAL_ABUSE_MATERIAL_DEEPFAKE,,MT,0,0,0,0,0,0,0,,,,,,,
All,Grindr,2025-02-01/2025-12-31,KEYWORD_GROOMING_SEXUAL_ENTICEMENT_MINORS,,MT,0,0,0,0,0,0,0,,,,,,,
All,Grindr,2025-02-01/2025-12-31,KEYWORD_UNSAFE_CHALLENGES,,MT,0,0,0,0,0,0,0,,,,,,,
All,Grindr,2025-02-01/2025-12-31,KEYWORD_OTHER,,MT,0,0,0,0,0,0,0,,,,,,,
All,Grindr,2025-02-01/2025-12-31,STATEMENT_CATEGORY_RISK_FOR_PUBLIC_SECURITY,,MT,0,0,0,0,0,0,0,,,,,,,
All,Grindr,2025-02-01/2025-12-31,KEYWORD_ILLEGAL_ORGANIZATIONS,,MT,0,0,0,0,0,0,0,,,,,,,
All,Grindr,2025-02-01/2025-12-31,KEYWORD_RISK_ENVIRONMENTAL_DAMAGE,,MT,0,0,0,0,0,0,0,,,,,,,
All,Grindr,2025-02-01/2025-12-31,KEYWORD_RISK_PUBLIC_HEALTH,,MT,0,0,0,0,0,0,0,,,,,,,
All,Grindr,2025-02-01/2025-12-31,KEYWORD_TERRORIST_CONTENT,,MT,0,0,0,0,0,0,0,,,,,,,
All,Grindr,2025-02-01/2025-12-31,KEYWORD_OTHER,,MT,0,0,0,0,0,0,0,,,,,,,
All,Grindr,2025-02-01/2025-12-31,STATEMENT_CATEGORY_SCAMS_AND_FRAUD,,MT,0,0,0,0,3,36.747314814814814,36.747314814814814,,,,,,,
All,Grindr,2025-02-01/2025-12-31,KEYWORD_IMPERSONATION_ACCOUNT_HIJACKING,,MT,0,0,0,0,0,0,0,,,,,,,
All,Grindr,2025-02-01/2025-12-31,KEYWORD_INAUTHENTIC_ACCOUNTS,,MT,0,0,0,0,0,0,0,,,,,,,
All,Grindr,2025-02-01/2025-12-31,KEYWORD_INAUTHENTIC_LISTINGS,,MT,0,0,0,0,0,0,0,,,,,,,
All,Grindr,2025-02-01/2025-12-31,KEYWORD_INAUTHENTIC_USER_REVIEWS,,MT,0,0,0,0,0,0,0,,,,,,,
All,Grindr,2025-02-01/2025-12-31,KEYWORD_PHISHING,,MT,0,0,0,0,0,0,0,,,,,,,
All,Grindr,2025-02-01/2025-12-31,KEYWORD_PYRAMID_SCHEMES,,MT,0,0,0,0,0,0,0,,,,,,,
All,Grindr,2025-02-01/2025-12-31,KEYWORD_OTHER,,MT,0,0,0,0,0,0,0,,,,,,,
All,Grindr,2025-02-01/2025-12-31,STATEMENT_CATEGORY_SELF_HARM,,MT,0,0,0,0,0,0,0,,,,,,,
All,Grindr,2025-02-01/2025-12-31,KEYWORD_CONTENT_PROMOTING_EATING_DISORDERS,,MT,0,0,0,0,0,0,0,,,,,,,
All,Grindr,2025-02-01/2025-12-31,KEYWORD_SELF_MUTILATION,,MT,0,0,0,0,0,0,0,,,,,,,
All,Grindr,2025-02-01/2025-12-31,KEYWORD_SUICIDE,,MT,0,0,0,0,0,0,0,,,,,,,
All,Grindr,2025-02-01/2025-12-31,KEYWORD_OTHER,,MT,0,0,0,0,0,0,0,,,,,,,
All,Grindr,2025-02-01/2025-12-31,STATEMENT_CATEGORY_UNSAFE_AND_PROHIBITED_PRODUCTS,,MT,0,0,0,0,0,0,0,,,,,,,
All,Grindr,2025-02-01/2025-12-31,KEYWORD_PROHIBITED_PRODUCTS,,MT,0,0,0,0,0,0,0,,,,,,,
All,Grindr,2025-02-01/2025-12-31,KEYWORD_UNSAFE_PRODUCTS,,MT,0,0,0,0,0,0,0,,,,,,,
All,Grindr,2025-02-01/2025-12-31,KEYWORD_OTHER,,MT,0,0,0,0,0,0,0,,,,,,,
All,Grindr,2025-02-01/2025-12-31,STATEMENT_CATEGORY_VIOLENCE,,MT,0,0,0,0,0,0,0,,,,,,,
All,Grindr,2025-02-01/2025-12-31,KEYWORD_COORDINATED_HARM,,MT,0,0,0,0,0,0,0,,,,,,,
All,Grindr,2025-02-01/2025-12-31,KEYWORD_INCITEMENT_VIOLENCE_HATRED,,MT,0,0,0,0,0,0,0,,,,,,,
All,Grindr,2025-02-01/2025-12-31,KEYWORD_HUMAN_EXPLOITATION,,MT,0,0,0,0,0,0,0,,,,,,,
All,Grindr,2025-02-01/2025-12-31,KEYWORD_HUMAN_TRAFFICKING,,MT,0,0,0,0,0,0,0,,,,,,,
All,Grindr,2025-02-01/2025-12-31,KEYWORD_TRAFFICKING_WOMEN_GIRLS,,MT,0,0,0,0,0,0,0,,,,,,,
All,Grindr,2025-02-01/2025-12-31,KEYWORD_OTHER,Grindr captured cases of serious offline incidents in this category.,MT,0,0,0,0,3,36.74731481,36.74731481,,,,,,,
All,Grindr,2025-02-01/2025-12-31,STATEMENT_CATEGORY_NOT_SPECIFIED_ORDER,,MT,0,0,0,0,0,0,0,,,,,,,
All,Grindr,2025-02-01/2025-12-31,TOTAL,,NL,0,0,0,0,4,114.298125,114.298125,,,,,,,
All,Grindr,2025-02-01/2025-12-31,STATEMENT_CATEGORY_ANIMAL_WELFARE,,NL,0,0,0,0,0,0,0,,,,,,,
All,Grindr,2025-02-01/2025-12-31,KEYWORD_ANIMAL_HARM,,NL,0,0,0,0,0,0,0,,,,,,,
All,Grindr,2025-02-01/2025-12-31,KEYWORD_UNLAWFUL_SALE_ANIMALS,,NL,0,0,0,0,0,0,0,,,,,,,
All,Grindr,2025-02-01/2025-12-31,KEYWORD_OTHER,,NL,0,0,0,0,0,0,0,,,,,,,
All,Grindr,2025-02-01/2025-12-31,STATEMENT_CATEGORY_CONSUMER_INFORMATION,,NL,0,0,0,0,0,0,0,,,,,,,
All,Grindr,2025-02-01/2025-12-31,KEYWORD_HIDDEN_ADVERTISEMENT,,NL,0,0,0,0,0,0,0,,,,,,,
All,Grindr,2025-02-01/2025-12-31,KEYWORD_INSUFFICIENT_INFORMATION_ON_TRADERS,,NL,0,0,0,0,0,0,0,,,,,,,
All,Grindr,2025-02-01/2025-12-31,KEYWORD_MISLEADING_INFO_GOODS_SERVICES,,NL,0,0,0,0,0,0,0,,,,,,,
All,Grindr,2025-02-01/2025-12-31,KEYWORD_MISLEADING_INFO_CONSUMER_RIGHTS,,NL,0,0,0,0,0,0,0,,,,,,,
All,Grindr,2025-02-01/2025-12-31,KEYWORD_NONCOMPLIANCE_PRICING,,NL,0,0,0,0,0,0,0,,,,,,,
All,Grindr,2025-02-01/2025-12-31,KEYWORD_OTHER,,NL,0,0,0,0,0,0,0,,,,,,,
All,Grindr,2025-02-01/2025-12-31,STATEMENT_CATEGORY_CYBER_VIOLENCE,,NL,0,0,0,0,1,368.3338888888889,368.3338888888889,,,,,,,
All,Grindr,2025-02-01/2025-12-31,KEYWORD_CYBER_BULLYING_INTIMIDATION,,NL,0,0,0,0,0,0,0,,,,,,,
All,Grindr,2025-02-01/2025-12-31,KEYWORD_CYBER_HARASSMENT,,NL,0,0,0,0,0,0,0,,,,,,,
All,Grindr,2025-02-01/2025-12-31,KEYWORD_CYBER_INCITEMENT,,NL,0,0,0,0,0,0,0,,,,,,,
All,Grindr,2025-02-01/2025-12-31,KEYWORD_CYBER_STALKING,,NL,0,0,0,0,1,368.3338889,368.3338889,,,,,,,
All,Grindr,2025-02-01/2025-12-31,KEYWORD_NON_CONSENSUAL_IMAGE_SHARING,,NL,0,0,0,0,0,0,0,,,,,,,
All,Grindr,2025-02-01/2025-12-31,KEYWORD_NON_CONSENSUAL_MATERIAL_DEEPFAKE,,NL,0,0,0,0,0,0,0,,,,,,,
All,Grindr,2025-02-01/2025-12-31,KEYWORD_OTHER,,NL,0,0,0,0,0,0,0,,,,,,,
All,Grindr,2025-02-01/2025-12-31,STATEMENT_CATEGORY_CYBER_VIOLENCE_AGAINST_WOMEN,,NL,0,0,0,0,0,0,0,,,,,,,
All,Grindr,2025-02-01/2025-12-31,KEYWORD_BULLYING_AGAINST_GIRLS,,NL,0,0,0,0,0,0,0,,,,,,,
All,Grindr,2025-02-01/2025-12-31,KEYWORD_CYBER_HARASSMENT_AGAINST_WOMEN,,NL,0,0,0,0,0,0,0,,,,,,,
All,Grindr,2025-02-01/2025-12-31,KEYWORD_CYBER_STALKING_AGAINST_WOMEN,,NL,0,0,0,0,0,0,0,,,,,,,
All,Grindr,2025-02-01/2025-12-31,KEYWORD_FEMALE_GENDERED_DISINFORMATION,,NL,0,0,0,0,0,0,0,,,,,,,
All,Grindr,2025-02-01/2025-12-31,KEYWORD_INCITEMENT_AGAINST_WOMEN,,NL,0,0,0,0,0,0,0,,,,,,,
All,Grindr,2025-02-01/2025-12-31,KEYWORD_NON_CONSENSUAL_IMAGE_SHARING_AGAINST_WOMEN,,NL,0,0,0,0,0,0,0,,,,,,,
All,Grindr,2025-02-01/2025-12-31,KEYWORD_NON_CONSENSUAL_MATERIAL_DEEPFAKE_AGAINST_WOMEN,,NL,0,0,0,0,0,0,0,,,,,,,
All,Grindr,2025-02-01/2025-12-31,KEYWORD_OTHER,,NL,0,0,0,0,0,0,0,,,,,,,
All,Grindr,2025-02-01/2025-12-31,STATEMENT_CATEGORY_DATA_PROTECTION_AND_PRIVACY_VIOLATIONS,,NL,0,0,0,0,0,0,0,,,,,,,
All,Grindr,2025-02-01/2025-12-31,KEYWORD_BIOMETRIC_DATA_BREACH,,NL,0,0,0,0,0,0,0,,,,,,,
All,Grindr,2025-02-01/2025-12-31,KEYWORD_DATA_FALSIFICATION,,NL,0,0,0,0,0,0,0,,,,,,,
All,Grindr,2025-02-01/2025-12-31,KEYWORD_MISSING_PROCESSING_GROUND,,NL,0,0,0,0,0,0,0,,,,,,,
All,Grindr,2025-02-01/2025-12-31,KEYWORD_RIGHT_TO_BE_FORGOTTEN,,NL,0,0,0,0,0,0,0,,,,,,,
All,Grindr,2025-02-01/2025-12-31,KEYWORD_OTHER,,NL,0,0,0,0,0,0,0,,,,,,,
All,Grindr,2025-02-01/2025-12-31,STATEMENT_CATEGORY_ILLEGAL_OR_HARMFUL_SPEECH,,NL,0,0,0,0,0,0,0,,,,,,,
All,Grindr,2025-02-01/2025-12-31,KEYWORD_DEFAMATION,,NL,0,0,0,0,0,0,0,,,,,,,
All,Grindr,2025-02-01/2025-12-31,KEYWORD_DISCRIMINATION,,NL,0,0,0,0,0,0,0,,,,,,,
All,Grindr,2025-02-01/2025-12-31,KEYWORD_HATE_SPEECH,,NL,0,0,0,0,0,0,0,,,,,,,
All,Grindr,2025-02-01/2025-12-31,KEYWORD_OTHER,,NL,0,0,0,0,0,0,0,,,,,,,
All,Grindr,2025-02-01/2025-12-31,STATEMENT_CATEGORY_INTELLECTUAL_PROPERTY_INFRINGEMENTS,,NL,0,0,0,0,0,0,0,,,,,,,
All,Grindr,2025-02-01/2025-12-31,KEYWORD_COPYRIGHT_INFRINGEMENT,,NL,0,0,0,0,0,0,0,,,,,,,
All,Grindr,2025-02-01/2025-12-31,KEYWORD_DESIGN_INFRINGEMENT,,NL,0,0,0,0,0,0,0,,,,,,,
All,Grindr,2025-02-01/2025-12-31,KEYWORD_GEOGRAPHIC_INDICATIONS_INFRINGEMENT,,NL,0,0,0,0,0,0,0,,,,,,,
All,Grindr,2025-02-01/2025-12-31,KEYWORD_PATENT_INFRINGEMENT,,NL,0,0,0,0,0,0,0,,,,,,,
All,Grindr,2025-02-01/2025-12-31,KEYWORD_TRADE_SECRET_INFRINGEMENT,,NL,0,0,0,0,0,0,0,,,,,,,
All,Grindr,2025-02-01/2025-12-31,KEYWORD_TRADEMARK_INFRINGEMENT,,NL,0,0,0,0,0,0,0,,,,,,,
All,Grindr,2025-02-01/2025-12-31,KEYWORD_OTHER,,NL,0,0,0,0,0,0,0,,,,,,,
All,Grindr,2025-02-01/2025-12-31,STATEMENT_CATEGORY_NEGATIVE_EFFECTS_ON_CIVIC_DISCOURSE_OR_ELECTIONS,,NL,0,0,0,0,0,0,0,,,,,,,
All,Grindr,2025-02-01/2025-12-31,KEYWORD_MISINFORMATION_DISINFORMATION,,NL,0,0,0,0,0,0,0,,,,,,,
All,Grindr,2025-02-01/2025-12-31,KEYWORD_VIOLATION_EU_LAW,,NL,0,0,0,0,0,0,0,,,,,,,
All,Grindr,2025-02-01/2025-12-31,KEYWORD_VIOLATION_NATIONAL_LAW,,NL,0,0,0,0,0,0,0,,,,,,,
All,Grindr,2025-02-01/2025-12-31,KEYWORD_OTHER,,NL,0,0,0,0,0,0,0,,,,,,,
All,Grindr,2025-02-01/2025-12-31,STATEMENT_CATEGORY_PROTECTION_OF_MINORS,,NL,0,0,0,0,1,2.7808333333333333,2.7808333333333333,,,,,,,
All,Grindr,2025-02-01/2025-12-31,KEYWORD_AGE_SPECIFIC_RESTRICTIONS_MINORS,,NL,0,0,0,0,0,0,0,,,,,,,
All,Grindr,2025-02-01/2025-12-31,KEYWORD_CHILD_SEXUAL_ABUSE_MATERIAL,,NL,0,0,0,0,0,0,0,,,,,,,
All,Grindr,2025-02-01/2025-12-31,KEYWORD_CHILD_SEXUAL_ABUSE_MATERIAL_DEEPFAKE,,NL,0,0,0,0,0,0,0,,,,,,,
All,Grindr,2025-02-01/2025-12-31,KEYWORD_GROOMING_SEXUAL_ENTICEMENT_MINORS,,NL,0,0,0,0,1,2.780833333,2.780833333,,,,,,,
All,Grindr,2025-02-01/2025-12-31,KEYWORD_UNSAFE_CHALLENGES,,NL,0,0,0,0,0,0,0,,,,,,,
All,Grindr,2025-02-01/2025-12-31,KEYWORD_OTHER,,NL,0,0,0,0,0,0,0,,,,,,,
All,Grindr,2025-02-01/2025-12-31,STATEMENT_CATEGORY_RISK_FOR_PUBLIC_SECURITY,,NL,0,0,0,0,0,0,0,,,,,,,
All,Grindr,2025-02-01/2025-12-31,KEYWORD_ILLEGAL_ORGANIZATIONS,,NL,0,0,0,0,0,0,0,,,,,,,
All,Grindr,2025-02-01/2025-12-31,KEYWORD_RISK_ENVIRONMENTAL_DAMAGE,,NL,0,0,0,0,0,0,0,,,,,,,
All,Grindr,2025-02-01/2025-12-31,KEYWORD_RISK_PUBLIC_HEALTH,,NL,0,0,0,0,0,0,0,,,,,,,
All,Grindr,2025-02-01/2025-12-31,KEYWORD_TERRORIST_CONTENT,,NL,0,0,0,0,0,0,0,,,,,,,
All,Grindr,2025-02-01/2025-12-31,KEYWORD_OTHER,,NL,0,0,0,0,0,0,0,,,,,,,
All,Grindr,2025-02-01/2025-12-31,STATEMENT_CATEGORY_SCAMS_AND_FRAUD,,NL,0,0,0,0,0,0,0,,,,,,,
All,Grindr,2025-02-01/2025-12-31,KEYWORD_IMPERSONATION_ACCOUNT_HIJACKING,,NL,0,0,0,0,0,0,0,,,,,,,
All,Grindr,2025-02-01/2025-12-31,KEYWORD_INAUTHENTIC_ACCOUNTS,,NL,0,0,0,0,0,0,0,,,,,,,
All,Grindr,2025-02-01/2025-12-31,KEYWORD_INAUTHENTIC_LISTINGS,,NL,0,0,0,0,0,0,0,,,,,,,
All,Grindr,2025-02-01/2025-12-31,KEYWORD_INAUTHENTIC_USER_REVIEWS,,NL,0,0,0,0,0,0,0,,,,,,,
All,Grindr,2025-02-01/2025-12-31,KEYWORD_PHISHING,,NL,0,0,0,0,0,0,0,,,,,,,
All,Grindr,2025-02-01/2025-12-31,KEYWORD_PYRAMID_SCHEMES,,NL,0,0,0,0,0,0,0,,,,,,,
All,Grindr,2025-02-01/2025-12-31,KEYWORD_OTHER,,NL,0,0,0,0,0,0,0,,,,,,,
All,Grindr,2025-02-01/2025-12-31,STATEMENT_CATEGORY_SELF_HARM,,NL,0,0,0,0,0,0,0,,,,,,,
All,Grindr,2025-02-01/2025-12-31,KEYWORD_CONTENT_PROMOTING_EATING_DISORDERS,,NL,0,0,0,0,0,0,0,,,,,,,
All,Grindr,2025-02-01/2025-12-31,KEYWORD_SELF_MUTILATION,,NL,0,0,0,0,0,0,0,,,,,,,
All,Grindr,2025-02-01/2025-12-31,KEYWORD_SUICIDE,,NL,0,0,0,0,0,0,0,,,,,,,
All,Grindr,2025-02-01/2025-12-31,KEYWORD_OTHER,,NL,0,0,0,0,0,0,0,,,,,,,
All,Grindr,2025-02-01/2025-12-31,STATEMENT_CATEGORY_UNSAFE_AND_PROHIBITED_PRODUCTS,,NL,0,0,0,0,0,0,0,,,,,,,
All,Grindr,2025-02-01/2025-12-31,KEYWORD_PROHIBITED_PRODUCTS,,NL,0,0,0,0,0,0,0,,,,,,,
All,Grindr,2025-02-01/2025-12-31,KEYWORD_UNSAFE_PRODUCTS,,NL,0,0,0,0,0,0,0,,,,,,,
All,Grindr,2025-02-01/2025-12-31,KEYWORD_OTHER,,NL,0,0,0,0,0,0,0,,,,,,,
All,Grindr,2025-02-01/2025-12-31,STATEMENT_CATEGORY_VIOLENCE,,NL,0,0,0,0,2,43.03888888888889,43.03888888888889,,,,,,,
All,Grindr,2025-02-01/2025-12-31,KEYWORD_COORDINATED_HARM,,NL,0,0,0,0,0,0,0,,,,,,,
All,Grindr,2025-02-01/2025-12-31,KEYWORD_INCITEMENT_VIOLENCE_HATRED,,NL,0,0,0,0,0,0,0,,,,,,,
All,Grindr,2025-02-01/2025-12-31,KEYWORD_HUMAN_EXPLOITATION,,NL,0,0,0,0,0,0,0,,,,,,,
All,Grindr,2025-02-01/2025-12-31,KEYWORD_HUMAN_TRAFFICKING,,NL,0,0,0,0,0,0,0,,,,,,,
All,Grindr,2025-02-01/2025-12-31,KEYWORD_TRAFFICKING_WOMEN_GIRLS,,NL,0,0,0,0,0,0,0,,,,,,,
All,Grindr,2025-02-01/2025-12-31,KEYWORD_OTHER,Grindr captured cases of serious offline incidents in this category.,NL,0,0,0,0,2,43.03888889,43.03888889,,,,,,,
All,Grindr,2025-02-01/2025-12-31,STATEMENT_CATEGORY_NOT_SPECIFIED_ORDER,,NL,0,0,0,0,0,0,0,,,,,,,
All,Grindr,2025-02-01/2025-12-31,TOTAL,,PL,0,0,0,0,8,50.222569444444446,50.22541666666666,,,,,,,
All,Grindr,2025-02-01/2025-12-31,STATEMENT_CATEGORY_ANIMAL_WELFARE,,PL,0,0,0,0,0,0,0,,,,,,,
All,Grindr,2025-02-01/2025-12-31,KEYWORD_ANIMAL_HARM,,PL,0,0,0,0,0,0,0,,,,,,,
All,Grindr,2025-02-01/2025-12-31,KEYWORD_UNLAWFUL_SALE_ANIMALS,,PL,0,0,0,0,0,0,0,,,,,,,
All,Grindr,2025-02-01/2025-12-31,KEYWORD_OTHER,,PL,0,0,0,0,0,0,0,,,,,,,
All,Grindr,2025-02-01/2025-12-31,STATEMENT_CATEGORY_CONSUMER_INFORMATION,,PL,0,0,0,0,0,0,0,,,,,,,
All,Grindr,2025-02-01/2025-12-31,KEYWORD_HIDDEN_ADVERTISEMENT,,PL,0,0,0,0,0,0,0,,,,,,,
All,Grindr,2025-02-01/2025-12-31,KEYWORD_INSUFFICIENT_INFORMATION_ON_TRADERS,,PL,0,0,0,0,0,0,0,,,,,,,
All,Grindr,2025-02-01/2025-12-31,KEYWORD_MISLEADING_INFO_GOODS_SERVICES,,PL,0,0,0,0,0,0,0,,,,,,,
All,Grindr,2025-02-01/2025-12-31,KEYWORD_MISLEADING_INFO_CONSUMER_RIGHTS,,PL,0,0,0,0,0,0,0,,,,,,,
All,Grindr,2025-02-01/2025-12-31,KEYWORD_NONCOMPLIANCE_PRICING,,PL,0,0,0,0,0,0,0,,,,,,,
All,Grindr,2025-02-01/2025-12-31,KEYWORD_OTHER,,PL,0,0,0,0,0,0,0,,,,,,,
All,Grindr,2025-02-01/2025-12-31,STATEMENT_CATEGORY_CYBER_VIOLENCE,,PL,0,0,0,0,2,65.72777777777777,65.72777777777777,,,,,,,
All,Grindr,2025-02-01/2025-12-31,KEYWORD_CYBER_BULLYING_INTIMIDATION,,PL,0,0,0,0,1,44.24944444,44.24944444,,,,,,,
All,Grindr,2025-02-01/2025-12-31,KEYWORD_CYBER_HARASSMENT,,PL,0,0,0,0,0,0,0,,,,,,,
All,Grindr,2025-02-01/2025-12-31,KEYWORD_CYBER_INCITEMENT,,PL,0,0,0,0,0,0,0,,,,,,,
All,Grindr,2025-02-01/2025-12-31,KEYWORD_CYBER_STALKING,,PL,0,0,0,0,0,0,0,,,,,,,
All,Grindr,2025-02-01/2025-12-31,KEYWORD_NON_CONSENSUAL_IMAGE_SHARING,,PL,0,0,0,0,1,87.20611111,87.20611111,,,,,,,
All,Grindr,2025-02-01/2025-12-31,KEYWORD_NON_CONSENSUAL_MATERIAL_DEEPFAKE,,PL,0,0,0,0,0,0,0,,,,,,,
All,Grindr,2025-02-01/2025-12-31,KEYWORD_OTHER,,PL,0,0,0,0,0,0,0,,,,,,,
All,Grindr,2025-02-01/2025-12-31,STATEMENT_CATEGORY_CYBER_VIOLENCE_AGAINST_WOMEN,,PL,0,0,0,0,0,0,0,,,,,,,
All,Grindr,2025-02-01/2025-12-31,KEYWORD_BULLYING_AGAINST_GIRLS,,PL,0,0,0,0,0,0,0,,,,,,,
All,Grindr,2025-02-01/2025-12-31,KEYWORD_CYBER_HARASSMENT_AGAINST_WOMEN,,PL,0,0,0,0,0,0,0,,,,,,,
All,Grindr,2025-02-01/2025-12-31,KEYWORD_CYBER_STALKING_AGAINST_WOMEN,,PL,0,0,0,0,0,0,0,,,,,,,
All,Grindr,2025-02-01/2025-12-31,KEYWORD_FEMALE_GENDERED_DISINFORMATION,,PL,0,0,0,0,0,0,0,,,,,,,
All,Grindr,2025-02-01/2025-12-31,KEYWORD_INCITEMENT_AGAINST_WOMEN,,PL,0,0,0,0,0,0,0,,,,,,,
All,Grindr,2025-02-01/2025-12-31,KEYWORD_NON_CONSENSUAL_IMAGE_SHARING_AGAINST_WOMEN,,PL,0,0,0,0,0,0,0,,,,,,,
All,Grindr,2025-02-01/2025-12-31,KEYWORD_NON_CONSENSUAL_MATERIAL_DEEPFAKE_AGAINST_WOMEN,,PL,0,0,0,0,0,0,0,,,,,,,
All,Grindr,2025-02-01/2025-12-31,KEYWORD_OTHER,,PL,0,0,0,0,0,0,0,,,,,,,
All,Grindr,2025-02-01/2025-12-31,STATEMENT_CATEGORY_DATA_PROTECTION_AND_PRIVACY_VIOLATIONS,,PL,0,0,0,0,0,0,0,,,,,,,
All,Grindr,2025-02-01/2025-12-31,KEYWORD_BIOMETRIC_DATA_BREACH,,PL,0,0,0,0,0,0,0,,,,,,,
All,Grindr,2025-02-01/2025-12-31,KEYWORD_DATA_FALSIFICATION,,PL,0,0,0,0,0,0,0,,,,,,,
All,Grindr,2025-02-01/2025-12-31,KEYWORD_MISSING_PROCESSING_GROUND,,PL,0,0,0,0,0,0,0,,,,,,,
All,Grindr,2025-02-01/2025-12-31,KEYWORD_RIGHT_TO_BE_FORGOTTEN,,PL,0,0,0,0,0,0,0,,,,,,,
All,Grindr,2025-02-01/2025-12-31,KEYWORD_OTHER,,PL,0,0,0,0,0,0,0,,,,,,,
All,Grindr,2025-02-01/2025-12-31,STATEMENT_CATEGORY_ILLEGAL_OR_HARMFUL_SPEECH,,PL,0,0,0,0,0,0,0,,,,,,,
All,Grindr,2025-02-01/2025-12-31,KEYWORD_DEFAMATION,,PL,0,0,0,0,0,0,0,,,,,,,
All,Grindr,2025-02-01/2025-12-31,KEYWORD_DISCRIMINATION,,PL,0,0,0,0,0,0,0,,,,,,,
All,Grindr,2025-02-01/2025-12-31,KEYWORD_HATE_SPEECH,,PL,0,0,0,0,0,0,0,,,,,,,
All,Grindr,2025-02-01/2025-12-31,KEYWORD_OTHER,,PL,0,0,0,0,0,0,0,,,,,,,
All,Grindr,2025-02-01/2025-12-31,STATEMENT_CATEGORY_INTELLECTUAL_PROPERTY_INFRINGEMENTS,,PL,0,0,0,0,0,0,0,,,,,,,
All,Grindr,2025-02-01/2025-12-31,KEYWORD_COPYRIGHT_INFRINGEMENT,,PL,0,0,0,0,0,0,0,,,,,,,
All,Grindr,2025-02-01/2025-12-31,KEYWORD_DESIGN_INFRINGEMENT,,PL,0,0,0,0,0,0,0,,,,,,,
All,Grindr,2025-02-01/2025-12-31,KEYWORD_GEOGRAPHIC_INDICATIONS_INFRINGEMENT,,PL,0,0,0,0,0,0,0,,,,,,,
All,Grindr,2025-02-01/2025-12-31,KEYWORD_PATENT_INFRINGEMENT,,PL,0,0,0,0,0,0,0,,,,,,,
All,Grindr,2025-02-01/2025-12-31,KEYWORD_TRADE_SECRET_INFRINGEMENT,,PL,0,0,0,0,0,0,0,,,,,,,
All,Grindr,2025-02-01/2025-12-31,KEYWORD_TRADEMARK_INFRINGEMENT,,PL,0,0,0,0,0,0,0,,,,,,,
All,Grindr,2025-02-01/2025-12-31,KEYWORD_OTHER,,PL,0,0,0,0,0,0,0,,,,,,,
All,Grindr,2025-02-01/2025-12-31,STATEMENT_CATEGORY_NEGATIVE_EFFECTS_ON_CIVIC_DISCOURSE_OR_ELECTIONS,,PL,0,0,0,0,0,0,0,,,,,,,
All,Grindr,2025-02-01/2025-12-31,KEYWORD_MISINFORMATION_DISINFORMATION,,PL,0,0,0,0,0,0,0,,,,,,,
All,Grindr,2025-02-01/2025-12-31,KEYWORD_VIOLATION_EU_LAW,,PL,0,0,0,0,0,0,0,,,,,,,
All,Grindr,2025-02-01/2025-12-31,KEYWORD_VIOLATION_NATIONAL_LAW,,PL,0,0,0,0,0,0,0,,,,,,,
All,Grindr,2025-02-01/2025-12-31,KEYWORD_OTHER,,PL,0,0,0,0,0,0,0,,,,,,,
All,Grindr,2025-02-01/2025-12-31,STATEMENT_CATEGORY_PROTECTION_OF_MINORS,,PL,0,0,0,0,0,0,0,,,,,,,
All,Grindr,2025-02-01/2025-12-31,KEYWORD_AGE_SPECIFIC_RESTRICTIONS_MINORS,,PL,0,0,0,0,0,0,0,,,,,,,
All,Grindr,2025-02-01/2025-12-31,KEYWORD_CHILD_SEXUAL_ABUSE_MATERIAL,,PL,0,0,0,0,0,0,0,,,,,,,
All,Grindr,2025-02-01/2025-12-31,KEYWORD_CHILD_SEXUAL_ABUSE_MATERIAL_DEEPFAKE,,PL,0,0,0,0,0,0,0,,,,,,,
All,Grindr,2025-02-01/2025-12-31,KEYWORD_GROOMING_SEXUAL_ENTICEMENT_MINORS,,PL,0,0,0,0,0,0,0,,,,,,,
All,Grindr,2025-02-01/2025-12-31,KEYWORD_UNSAFE_CHALLENGES,,PL,0,0,0,0,0,0,0,,,,,,,
All,Grindr,2025-02-01/2025-12-31,KEYWORD_OTHER,,PL,0,0,0,0,0,0,0,,,,,,,
All,Grindr,2025-02-01/2025-12-31,STATEMENT_CATEGORY_RISK_FOR_PUBLIC_SECURITY,,PL,0,0,0,0,0,0,0,,,,,,,
All,Grindr,2025-02-01/2025-12-31,KEYWORD_ILLEGAL_ORGANIZATIONS,,PL,0,0,0,0,0,0,0,,,,,,,
All,Grindr,2025-02-01/2025-12-31,KEYWORD_RISK_ENVIRONMENTAL_DAMAGE,,PL,0,0,0,0,0,0,0,,,,,,,
All,Grindr,2025-02-01/2025-12-31,KEYWORD_RISK_PUBLIC_HEALTH,,PL,0,0,0,0,0,0,0,,,,,,,
All,Grindr,2025-02-01/2025-12-31,KEYWORD_TERRORIST_CONTENT,,PL,0,0,0,0,0,0,0,,,,,,,
All,Grindr,2025-02-01/2025-12-31,KEYWORD_OTHER,,PL,0,0,0,0,0,0,0,,,,,,,
All,Grindr,2025-02-01/2025-12-31,STATEMENT_CATEGORY_SCAMS_AND_FRAUD,,PL,0,0,0,0,4,52.99916666666667,52.99916666666667,,,,,,,
All,Grindr,2025-02-01/2025-12-31,KEYWORD_IMPERSONATION_ACCOUNT_HIJACKING,,PL,0,0,0,0,0,0,0,,,,,,,
All,Grindr,2025-02-01/2025-12-31,KEYWORD_INAUTHENTIC_ACCOUNTS,,PL,0,0,0,0,0,0,0,,,,,,,
All,Grindr,2025-02-01/2025-12-31,KEYWORD_INAUTHENTIC_LISTINGS,,PL,0,0,0,0,0,0,0,,,,,,,
All,Grindr,2025-02-01/2025-12-31,KEYWORD_INAUTHENTIC_USER_REVIEWS,,PL,0,0,0,0,0,0,0,,,,,,,
All,Grindr,2025-02-01/2025-12-31,KEYWORD_PHISHING,,PL,0,0,0,0,0,0,0,,,,,,,
All,Grindr,2025-02-01/2025-12-31,KEYWORD_PYRAMID_SCHEMES,,PL,0,0,0,0,0,0,0,,,,,,,
All,Grindr,2025-02-01/2025-12-31,KEYWORD_OTHER,"Grindr captured cases of blackmail, extortion, and/or financial fraud in this category.",PL,0,0,0,0,4,52.99916667,52.99916667,,,,,,,
All,Grindr,2025-02-01/2025-12-31,STATEMENT_CATEGORY_SELF_HARM,,PL,0,0,0,0,0,0,0,,,,,,,
All,Grindr,2025-02-01/2025-12-31,KEYWORD_CONTENT_PROMOTING_EATING_DISORDERS,,PL,0,0,0,0,0,0,0,,,,,,,
All,Grindr,2025-02-01/2025-12-31,KEYWORD_SELF_MUTILATION,,PL,0,0,0,0,0,0,0,,,,,,,
All,Grindr,2025-02-01/2025-12-31,KEYWORD_SUICIDE,,PL,0,0,0,0,0,0,0,,,,,,,
All,Grindr,2025-02-01/2025-12-31,KEYWORD_OTHER,,PL,0,0,0,0,0,0,0,,,,,,,
All,Grindr,2025-02-01/2025-12-31,STATEMENT_CATEGORY_UNSAFE_AND_PROHIBITED_PRODUCTS,,PL,0,0,0,0,1,20.215555555555557,20.238333333333333,,,,,,,
All,Grindr,2025-02-01/2025-12-31,KEYWORD_PROHIBITED_PRODUCTS,,PL,0,0,0,0,1,20.21555556,20.23833333,,,,,,,
All,Grindr,2025-02-01/2025-12-31,KEYWORD_UNSAFE_PRODUCTS,,PL,0,0,0,0,0,0,0,,,,,,,
All,Grindr,2025-02-01/2025-12-31,KEYWORD_OTHER,,PL,0,0,0,0,0,0,0,,,,,,,
All,Grindr,2025-02-01/2025-12-31,STATEMENT_CATEGORY_VIOLENCE,,PL,0,0,0,0,1,38.11277777777778,38.11277777777778,,,,,,,
All,Grindr,2025-02-01/2025-12-31,KEYWORD_COORDINATED_HARM,,PL,0,0,0,0,0,0,0,,,,,,,
All,Grindr,2025-02-01/2025-12-31,KEYWORD_INCITEMENT_VIOLENCE_HATRED,,PL,0,0,0,0,0,0,0,,,,,,,
All,Grindr,2025-02-01/2025-12-31,KEYWORD_HUMAN_EXPLOITATION,,PL,0,0,0,0,0,0,0,,,,,,,
All,Grindr,2025-02-01/2025-12-31,KEYWORD_HUMAN_TRAFFICKING,,PL,0,0,0,0,0,0,0,,,,,,,
All,Grindr,2025-02-01/2025-12-31,KEYWORD_TRAFFICKING_WOMEN_GIRLS,,PL,0,0,0,0,0,0,0,,,,,,,
All,Grindr,2025-02-01/2025-12-31,KEYWORD_OTHER,Grindr captured cases of serious offline incidents in this category.,PL,0,0,0,0,1,38.11277778,38.11277778,,,,,,,
All,Grindr,2025-02-01/2025-12-31,STATEMENT_CATEGORY_NOT_SPECIFIED_ORDER,,PL,0,0,0,0,0,0,0,,,,,,,
All,Grindr,2025-02-01/2025-12-31,TOTAL,,PT,0,0,0,0,5,31.850666666666665,31.850666666666665,,,,,,,
All,Grindr,2025-02-01/2025-12-31,STATEMENT_CATEGORY_ANIMAL_WELFARE,,PT,0,0,0,0,0,0,0,,,,,,,
All,Grindr,2025-02-01/2025-12-31,KEYWORD_ANIMAL_HARM,,PT,0,0,0,0,0,0,0,,,,,,,
All,Grindr,2025-02-01/2025-12-31,KEYWORD_UNLAWFUL_SALE_ANIMALS,,PT,0,0,0,0,0,0,0,,,,,,,
All,Grindr,2025-02-01/2025-12-31,KEYWORD_OTHER,,PT,0,0,0,0,0,0,0,,,,,,,
All,Grindr,2025-02-01/2025-12-31,STATEMENT_CATEGORY_CONSUMER_INFORMATION,,PT,0,0,0,0,0,0,0,,,,,,,
All,Grindr,2025-02-01/2025-12-31,KEYWORD_HIDDEN_ADVERTISEMENT,,PT,0,0,0,0,0,0,0,,,,,,,
All,Grindr,2025-02-01/2025-12-31,KEYWORD_INSUFFICIENT_INFORMATION_ON_TRADERS,,PT,0,0,0,0,0,0,0,,,,,,,
All,Grindr,2025-02-01/2025-12-31,KEYWORD_MISLEADING_INFO_GOODS_SERVICES,,PT,0,0,0,0,0,0,0,,,,,,,
All,Grindr,2025-02-01/2025-12-31,KEYWORD_MISLEADING_INFO_CONSUMER_RIGHTS,,PT,0,0,0,0,0,0,0,,,,,,,
All,Grindr,2025-02-01/2025-12-31,KEYWORD_NONCOMPLIANCE_PRICING,,PT,0,0,0,0,0,0,0,,,,,,,
All,Grindr,2025-02-01/2025-12-31,KEYWORD_OTHER,,PT,0,0,0,0,0,0,0,,,,,,,
All,Grindr,2025-02-01/2025-12-31,STATEMENT_CATEGORY_CYBER_VIOLENCE,,PT,0,0,0,0,1,75.28777777777778,75.28777777777778,,,,,,,
All,Grindr,2025-02-01/2025-12-31,KEYWORD_CYBER_BULLYING_INTIMIDATION,,PT,0,0,0,0,1,75.28777778,75.28777778,,,,,,,
All,Grindr,2025-02-01/2025-12-31,KEYWORD_CYBER_HARASSMENT,,PT,0,0,0,0,0,0,0,,,,,,,
All,Grindr,2025-02-01/2025-12-31,KEYWORD_CYBER_INCITEMENT,,PT,0,0,0,0,0,0,0,,,,,,,
All,Grindr,2025-02-01/2025-12-31,KEYWORD_CYBER_STALKING,,PT,0,0,0,0,0,0,0,,,,,,,
All,Grindr,2025-02-01/2025-12-31,KEYWORD_NON_CONSENSUAL_IMAGE_SHARING,,PT,0,0,0,0,0,0,0,,,,,,,
All,Grindr,2025-02-01/2025-12-31,KEYWORD_NON_CONSENSUAL_MATERIAL_DEEPFAKE,,PT,0,0,0,0,0,0,0,,,,,,,
All,Grindr,2025-02-01/2025-12-31,KEYWORD_OTHER,,PT,0,0,0,0,0,0,0,,,,,,,
All,Grindr,2025-02-01/2025-12-31,STATEMENT_CATEGORY_CYBER_VIOLENCE_AGAINST_WOMEN,,PT,0,0,0,0,0,0,0,,,,,,,
All,Grindr,2025-02-01/2025-12-31,KEYWORD_BULLYING_AGAINST_GIRLS,,PT,0,0,0,0,0,0,0,,,,,,,
All,Grindr,2025-02-01/2025-12-31,KEYWORD_CYBER_HARASSMENT_AGAINST_WOMEN,,PT,0,0,0,0,0,0,0,,,,,,,
All,Grindr,2025-02-01/2025-12-31,KEYWORD_CYBER_STALKING_AGAINST_WOMEN,,PT,0,0,0,0,0,0,0,,,,,,,
All,Grindr,2025-02-01/2025-12-31,KEYWORD_FEMALE_GENDERED_DISINFORMATION,,PT,0,0,0,0,0,0,0,,,,,,,
All,Grindr,2025-02-01/2025-12-31,KEYWORD_INCITEMENT_AGAINST_WOMEN,,PT,0,0,0,0,0,0,0,,,,,,,
All,Grindr,2025-02-01/2025-12-31,KEYWORD_NON_CONSENSUAL_IMAGE_SHARING_AGAINST_WOMEN,,PT,0,0,0,0,0,0,0,,,,,,,
All,Grindr,2025-02-01/2025-12-31,KEYWORD_NON_CONSENSUAL_MATERIAL_DEEPFAKE_AGAINST_WOMEN,,PT,0,0,0,0,0,0,0,,,,,,,
All,Grindr,2025-02-01/2025-12-31,KEYWORD_OTHER,,PT,0,0,0,0,0,0,0,,,,,,,
All,Grindr,2025-02-01/2025-12-31,STATEMENT_CATEGORY_DATA_PROTECTION_AND_PRIVACY_VIOLATIONS,,PT,0,0,0,0,0,0,0,,,,,,,
All,Grindr,2025-02-01/2025-12-31,KEYWORD_BIOMETRIC_DATA_BREACH,,PT,0,0,0,0,0,0,0,,,,,,,
All,Grindr,2025-02-01/2025-12-31,KEYWORD_DATA_FALSIFICATION,,PT,0,0,0,0,0,0,0,,,,,,,
All,Grindr,2025-02-01/2025-12-31,KEYWORD_MISSING_PROCESSING_GROUND,,PT,0,0,0,0,0,0,0,,,,,,,
All,Grindr,2025-02-01/2025-12-31,KEYWORD_RIGHT_TO_BE_FORGOTTEN,,PT,0,0,0,0,0,0,0,,,,,,,
All,Grindr,2025-02-01/2025-12-31,KEYWORD_OTHER,,PT,0,0,0,0,0,0,0,,,,,,,
All,Grindr,2025-02-01/2025-12-31,STATEMENT_CATEGORY_ILLEGAL_OR_HARMFUL_SPEECH,,PT,0,0,0,0,0,0,0,,,,,,,
All,Grindr,2025-02-01/2025-12-31,KEYWORD_DEFAMATION,,PT,0,0,0,0,0,0,0,,,,,,,
All,Grindr,2025-02-01/2025-12-31,KEYWORD_DISCRIMINATION,,PT,0,0,0,0,0,0,0,,,,,,,
All,Grindr,2025-02-01/2025-12-31,KEYWORD_HATE_SPEECH,,PT,0,0,0,0,0,0,0,,,,,,,
All,Grindr,2025-02-01/2025-12-31,KEYWORD_OTHER,,PT,0,0,0,0,0,0,0,,,,,,,
All,Grindr,2025-02-01/2025-12-31,STATEMENT_CATEGORY_INTELLECTUAL_PROPERTY_INFRINGEMENTS,,PT,0,0,0,0,0,0,0,,,,,,,
All,Grindr,2025-02-01/2025-12-31,KEYWORD_COPYRIGHT_INFRINGEMENT,,PT,0,0,0,0,0,0,0,,,,,,,
All,Grindr,2025-02-01/2025-12-31,KEYWORD_DESIGN_INFRINGEMENT,,PT,0,0,0,0,0,0,0,,,,,,,
All,Grindr,2025-02-01/2025-12-31,KEYWORD_GEOGRAPHIC_INDICATIONS_INFRINGEMENT,,PT,0,0,0,0,0,0,0,,,,,,,
All,Grindr,2025-02-01/2025-12-31,KEYWORD_PATENT_INFRINGEMENT,,PT,0,0,0,0,0,0,0,,,,,,,
All,Grindr,2025-02-01/2025-12-31,KEYWORD_TRADE_SECRET_INFRINGEMENT,,PT,0,0,0,0,0,0,0,,,,,,,
All,Grindr,2025-02-01/2025-12-31,KEYWORD_TRADEMARK_INFRINGEMENT,,PT,0,0,0,0,0,0,0,,,,,,,
All,Grindr,2025-02-01/2025-12-31,KEYWORD_OTHER,,PT,0,0,0,0,0,0,0,,,,,,,
All,Grindr,2025-02-01/2025-12-31,STATEMENT_CATEGORY_NEGATIVE_EFFECTS_ON_CIVIC_DISCOURSE_OR_ELECTIONS,,PT,0,0,0,0,0,0,0,,,,,,,
All,Grindr,2025-02-01/2025-12-31,KEYWORD_MISINFORMATION_DISINFORMATION,,PT,0,0,0,0,0,0,0,,,,,,,
All,Grindr,2025-02-01/2025-12-31,KEYWORD_VIOLATION_EU_LAW,,PT,0,0,0,0,0,0,0,,,,,,,
All,Grindr,2025-02-01/2025-12-31,KEYWORD_VIOLATION_NATIONAL_LAW,,PT,0,0,0,0,0,0,0,,,,,,,
All,Grindr,2025-02-01/2025-12-31,KEYWORD_OTHER,,PT,0,0,0,0,0,0,0,,,,,,,
All,Grindr,2025-02-01/2025-12-31,STATEMENT_CATEGORY_PROTECTION_OF_MINORS,,PT,0,0,0,0,1,25.794444444444444,25.794444444444444,,,,,,,
All,Grindr,2025-02-01/2025-12-31,KEYWORD_AGE_SPECIFIC_RESTRICTIONS_MINORS,,PT,0,0,0,0,0,0,0,,,,,,,
All,Grindr,2025-02-01/2025-12-31,KEYWORD_CHILD_SEXUAL_ABUSE_MATERIAL,,PT,0,0,0,0,0,0,0,,,,,,,
All,Grindr,2025-02-01/2025-12-31,KEYWORD_CHILD_SEXUAL_ABUSE_MATERIAL_DEEPFAKE,,PT,0,0,0,0,0,0,0,,,,,,,
All,Grindr,2025-02-01/2025-12-31,KEYWORD_GROOMING_SEXUAL_ENTICEMENT_MINORS,,PT,0,0,0,0,1,25.79444444,25.79444444,,,,,,,
All,Grindr,2025-02-01/2025-12-31,KEYWORD_UNSAFE_CHALLENGES,,PT,0,0,0,0,0,0,0,,,,,,,
All,Grindr,2025-02-01/2025-12-31,KEYWORD_OTHER,,PT,0,0,0,0,0,0,0,,,,,,,
All,Grindr,2025-02-01/2025-12-31,STATEMENT_CATEGORY_RISK_FOR_PUBLIC_SECURITY,,PT,0,0,0,0,0,0,0,,,,,,,
All,Grindr,2025-02-01/2025-12-31,KEYWORD_ILLEGAL_ORGANIZATIONS,,PT,0,0,0,0,0,0,0,,,,,,,
All,Grindr,2025-02-01/2025-12-31,KEYWORD_RISK_ENVIRONMENTAL_DAMAGE,,PT,0,0,0,0,0,0,0,,,,,,,
All,Grindr,2025-02-01/2025-12-31,KEYWORD_RISK_PUBLIC_HEALTH,,PT,0,0,0,0,0,0,0,,,,,,,
All,Grindr,2025-02-01/2025-12-31,KEYWORD_TERRORIST_CONTENT,,PT,0,0,0,0,0,0,0,,,,,,,
All,Grindr,2025-02-01/2025-12-31,KEYWORD_OTHER,,PT,0,0,0,0,0,0,0,,,,,,,
All,Grindr,2025-02-01/2025-12-31,STATEMENT_CATEGORY_SCAMS_AND_FRAUD,,PT,0,0,0,0,1,41.98138888888889,41.98138888888889,,,,,,,
All,Grindr,2025-02-01/2025-12-31,KEYWORD_IMPERSONATION_ACCOUNT_HIJACKING,,PT,0,0,0,0,1,41.98138889,41.98138889,,,,,,,
All,Grindr,2025-02-01/2025-12-31,KEYWORD_INAUTHENTIC_ACCOUNTS,,PT,0,0,0,0,0,0,0,,,,,,,
All,Grindr,2025-02-01/2025-12-31,KEYWORD_INAUTHENTIC_LISTINGS,,PT,0,0,0,0,0,0,0,,,,,,,
All,Grindr,2025-02-01/2025-12-31,KEYWORD_INAUTHENTIC_USER_REVIEWS,,PT,0,0,0,0,0,0,0,,,,,,,
All,Grindr,2025-02-01/2025-12-31,KEYWORD_PHISHING,,PT,0,0,0,0,0,0,0,,,,,,,
All,Grindr,2025-02-01/2025-12-31,KEYWORD_PYRAMID_SCHEMES,,PT,0,0,0,0,0,0,0,,,,,,,
All,Grindr,2025-02-01/2025-12-31,KEYWORD_OTHER,,PT,0,0,0,0,0,0,0,,,,,,,
All,Grindr,2025-02-01/2025-12-31,STATEMENT_CATEGORY_SELF_HARM,,PT,0,0,0,0,0,0,0,,,,,,,
All,Grindr,2025-02-01/2025-12-31,KEYWORD_CONTENT_PROMOTING_EATING_DISORDERS,,PT,0,0,0,0,0,0,0,,,,,,,
All,Grindr,2025-02-01/2025-12-31,KEYWORD_SELF_MUTILATION,,PT,0,0,0,0,0,0,0,,,,,,,
All,Grindr,2025-02-01/2025-12-31,KEYWORD_SUICIDE,,PT,0,0,0,0,0,0,0,,,,,,,
All,Grindr,2025-02-01/2025-12-31,KEYWORD_OTHER,,PT,0,0,0,0,0,0,0,,,,,,,
All,Grindr,2025-02-01/2025-12-31,STATEMENT_CATEGORY_UNSAFE_AND_PROHIBITED_PRODUCTS,,PT,0,0,0,0,0,0,0,,,,,,,
All,Grindr,2025-02-01/2025-12-31,KEYWORD_PROHIBITED_PRODUCTS,,PT,0,0,0,0,0,0,0,,,,,,,
All,Grindr,2025-02-01/2025-12-31,KEYWORD_UNSAFE_PRODUCTS,,PT,0,0,0,0,0,0,0,,,,,,,
All,Grindr,2025-02-01/2025-12-31,KEYWORD_OTHER,,PT,0,0,0,0,0,0,0,,,,,,,
All,Grindr,2025-02-01/2025-12-31,STATEMENT_CATEGORY_VIOLENCE,,PT,0,0,0,0,2,8.094861111111111,8.094861111111111,,,,,,,
All,Grindr,2025-02-01/2025-12-31,KEYWORD_COORDINATED_HARM,,PT,0,0,0,0,0,0,0,,,,,,,
All,Grindr,2025-02-01/2025-12-31,KEYWORD_INCITEMENT_VIOLENCE_HATRED,,PT,0,0,0,0,0,0,0,,,,,,,
All,Grindr,2025-02-01/2025-12-31,KEYWORD_HUMAN_EXPLOITATION,,PT,0,0,0,0,0,0,0,,,,,,,
All,Grindr,2025-02-01/2025-12-31,KEYWORD_HUMAN_TRAFFICKING,,PT,0,0,0,0,0,0,0,,,,,,,
All,Grindr,2025-02-01/2025-12-31,KEYWORD_TRAFFICKING_WOMEN_GIRLS,,PT,0,0,0,0,0,0,0,,,,,,,
All,Grindr,2025-02-01/2025-12-31,KEYWORD_OTHER,Grindr captured cases of serious offline incidents in this category.,PT,0,0,0,0,2,8.094861111,8.094861111,,,,,,,
All,Grindr,2025-02-01/2025-12-31,STATEMENT_CATEGORY_NOT_SPECIFIED_ORDER,,PT,0,0,0,0,0,0,0,,,,,,,
All,Grindr,2025-02-01/2025-12-31,TOTAL,,RO,0,0,0,0,2,11.024444444444445,11.025972222222222,,,,,,,
All,Grindr,2025-02-01/2025-12-31,STATEMENT_CATEGORY_ANIMAL_WELFARE,,RO,0,0,0,0,0,0,0,,,,,,,
All,Grindr,2025-02-01/2025-12-31,KEYWORD_ANIMAL_HARM,,RO,0,0,0,0,0,0,0,,,,,,,
All,Grindr,2025-02-01/2025-12-31,KEYWORD_UNLAWFUL_SALE_ANIMALS,,RO,0,0,0,0,0,0,0,,,,,,,
All,Grindr,2025-02-01/2025-12-31,KEYWORD_OTHER,,RO,0,0,0,0,0,0,0,,,,,,,
All,Grindr,2025-02-01/2025-12-31,STATEMENT_CATEGORY_CONSUMER_INFORMATION,,RO,0,0,0,0,0,0,0,,,,,,,
All,Grindr,2025-02-01/2025-12-31,KEYWORD_HIDDEN_ADVERTISEMENT,,RO,0,0,0,0,0,0,0,,,,,,,
All,Grindr,2025-02-01/2025-12-31,KEYWORD_INSUFFICIENT_INFORMATION_ON_TRADERS,,RO,0,0,0,0,0,0,0,,,,,,,
All,Grindr,2025-02-01/2025-12-31,KEYWORD_MISLEADING_INFO_GOODS_SERVICES,,RO,0,0,0,0,0,0,0,,,,,,,
All,Grindr,2025-02-01/2025-12-31,KEYWORD_MISLEADING_INFO_CONSUMER_RIGHTS,,RO,0,0,0,0,0,0,0,,,,,,,
All,Grindr,2025-02-01/2025-12-31,KEYWORD_NONCOMPLIANCE_PRICING,,RO,0,0,0,0,0,0,0,,,,,,,
All,Grindr,2025-02-01/2025-12-31,KEYWORD_OTHER,,RO,0,0,0,0,0,0,0,,,,,,,
All,Grindr,2025-02-01/2025-12-31,STATEMENT_CATEGORY_CYBER_VIOLENCE,,RO,0,0,0,0,0,0,0,,,,,,,
All,Grindr,2025-02-01/2025-12-31,KEYWORD_CYBER_BULLYING_INTIMIDATION,,RO,0,0,0,0,0,0,0,,,,,,,
All,Grindr,2025-02-01/2025-12-31,KEYWORD_CYBER_HARASSMENT,,RO,0,0,0,0,0,0,0,,,,,,,
All,Grindr,2025-02-01/2025-12-31,KEYWORD_CYBER_INCITEMENT,,RO,0,0,0,0,0,0,0,,,,,,,
All,Grindr,2025-02-01/2025-12-31,KEYWORD_CYBER_STALKING,,RO,0,0,0,0,0,0,0,,,,,,,
All,Grindr,2025-02-01/2025-12-31,KEYWORD_NON_CONSENSUAL_IMAGE_SHARING,,RO,0,0,0,0,0,0,0,,,,,,,
All,Grindr,2025-02-01/2025-12-31,KEYWORD_NON_CONSENSUAL_MATERIAL_DEEPFAKE,,RO,0,0,0,0,0,0,0,,,,,,,
All,Grindr,2025-02-01/2025-12-31,KEYWORD_OTHER,,RO,0,0,0,0,0,0,0,,,,,,,
All,Grindr,2025-02-01/2025-12-31,STATEMENT_CATEGORY_CYBER_VIOLENCE_AGAINST_WOMEN,,RO,0,0,0,0,0,0,0,,,,,,,
All,Grindr,2025-02-01/2025-12-31,KEYWORD_BULLYING_AGAINST_GIRLS,,RO,0,0,0,0,0,0,0,,,,,,,
All,Grindr,2025-02-01/2025-12-31,KEYWORD_CYBER_HARASSMENT_AGAINST_WOMEN,,RO,0,0,0,0,0,0,0,,,,,,,
All,Grindr,2025-02-01/2025-12-31,KEYWORD_CYBER_STALKING_AGAINST_WOMEN,,RO,0,0,0,0,0,0,0,,,,,,,
All,Grindr,2025-02-01/2025-12-31,KEYWORD_FEMALE_GENDERED_DISINFORMATION,,RO,0,0,0,0,0,0,0,,,,,,,
All,Grindr,2025-02-01/2025-12-31,KEYWORD_INCITEMENT_AGAINST_WOMEN,,RO,0,0,0,0,0,0,0,,,,,,,
All,Grindr,2025-02-01/2025-12-31,KEYWORD_NON_CONSENSUAL_IMAGE_SHARING_AGAINST_WOMEN,,RO,0,0,0,0,0,0,0,,,,,,,
All,Grindr,2025-02-01/2025-12-31,KEYWORD_NON_CONSENSUAL_MATERIAL_DEEPFAKE_AGAINST_WOMEN,,RO,0,0,0,0,0,0,0,,,,,,,
All,Grindr,2025-02-01/2025-12-31,KEYWORD_OTHER,,RO,0,0,0,0,0,0,0,,,,,,,
All,Grindr,2025-02-01/2025-12-31,STATEMENT_CATEGORY_DATA_PROTECTION_AND_PRIVACY_VIOLATIONS,,RO,0,0,0,0,0,0,0,,,,,,,
All,Grindr,2025-02-01/2025-12-31,KEYWORD_BIOMETRIC_DATA_BREACH,,RO,0,0,0,0,0,0,0,,,,,,,
All,Grindr,2025-02-01/2025-12-31,KEYWORD_DATA_FALSIFICATION,,RO,0,0,0,0,0,0,0,,,,,,,
All,Grindr,2025-02-01/2025-12-31,KEYWORD_MISSING_PROCESSING_GROUND,,RO,0,0,0,0,0,0,0,,,,,,,
All,Grindr,2025-02-01/2025-12-31,KEYWORD_RIGHT_TO_BE_FORGOTTEN,,RO,0,0,0,0,0,0,0,,,,,,,
All,Grindr,2025-02-01/2025-12-31,KEYWORD_OTHER,,RO,0,0,0,0,0,0,0,,,,,,,
All,Grindr,2025-02-01/2025-12-31,STATEMENT_CATEGORY_ILLEGAL_OR_HARMFUL_SPEECH,,RO,0,0,0,0,0,0,0,,,,,,,
All,Grindr,2025-02-01/2025-12-31,KEYWORD_DEFAMATION,,RO,0,0,0,0,0,0,0,,,,,,,
All,Grindr,2025-02-01/2025-12-31,KEYWORD_DISCRIMINATION,,RO,0,0,0,0,0,0,0,,,,,,,
All,Grindr,2025-02-01/2025-12-31,KEYWORD_HATE_SPEECH,,RO,0,0,0,0,0,0,0,,,,,,,
All,Grindr,2025-02-01/2025-12-31,KEYWORD_OTHER,,RO,0,0,0,0,0,0,0,,,,,,,
All,Grindr,2025-02-01/2025-12-31,STATEMENT_CATEGORY_INTELLECTUAL_PROPERTY_INFRINGEMENTS,,RO,0,0,0,0,0,0,0,,,,,,,
All,Grindr,2025-02-01/2025-12-31,KEYWORD_COPYRIGHT_INFRINGEMENT,,RO,0,0,0,0,0,0,0,,,,,,,
All,Grindr,2025-02-01/2025-12-31,KEYWORD_DESIGN_INFRINGEMENT,,RO,0,0,0,0,0,0,0,,,,,,,
All,Grindr,2025-02-01/2025-12-31,KEYWORD_GEOGRAPHIC_INDICATIONS_INFRINGEMENT,,RO,0,0,0,0,0,0,0,,,,,,,
All,Grindr,2025-02-01/2025-12-31,KEYWORD_PATENT_INFRINGEMENT,,RO,0,0,0,0,0,0,0,,,,,,,
All,Grindr,2025-02-01/2025-12-31,KEYWORD_TRADE_SECRET_INFRINGEMENT,,RO,0,0,0,0,0,0,0,,,,,,,
All,Grindr,2025-02-01/2025-12-31,KEYWORD_TRADEMARK_INFRINGEMENT,,RO,0,0,0,0,0,0,0,,,,,,,
All,Grindr,2025-02-01/2025-12-31,KEYWORD_OTHER,,RO,0,0,0,0,0,0,0,,,,,,,
All,Grindr,2025-02-01/2025-12-31,STATEMENT_CATEGORY_NEGATIVE_EFFECTS_ON_CIVIC_DISCOURSE_OR_ELECTIONS,,RO,0,0,0,0,0,0,0,,,,,,,
All,Grindr,2025-02-01/2025-12-31,KEYWORD_MISINFORMATION_DISINFORMATION,,RO,0,0,0,0,0,0,0,,,,,,,
All,Grindr,2025-02-01/2025-12-31,KEYWORD_VIOLATION_EU_LAW,,RO,0,0,0,0,0,0,0,,,,,,,
All,Grindr,2025-02-01/2025-12-31,KEYWORD_VIOLATION_NATIONAL_LAW,,RO,0,0,0,0,0,0,0,,,,,,,
All,Grindr,2025-02-01/2025-12-31,KEYWORD_OTHER,,RO,0,0,0,0,0,0,0,,,,,,,
All,Grindr,2025-02-01/2025-12-31,STATEMENT_CATEGORY_PROTECTION_OF_MINORS,,RO,0,0,0,0,0,0,0,,,,,,,
All,Grindr,2025-02-01/2025-12-31,KEYWORD_AGE_SPECIFIC_RESTRICTIONS_MINORS,,RO,0,0,0,0,0,0,0,,,,,,,
All,Grindr,2025-02-01/2025-12-31,KEYWORD_CHILD_SEXUAL_ABUSE_MATERIAL,,RO,0,0,0,0,0,0,0,,,,,,,
All,Grindr,2025-02-01/2025-12-31,KEYWORD_CHILD_SEXUAL_ABUSE_MATERIAL_DEEPFAKE,,RO,0,0,0,0,0,0,0,,,,,,,
All,Grindr,2025-02-01/2025-12-31,KEYWORD_GROOMING_SEXUAL_ENTICEMENT_MINORS,,RO,0,0,0,0,0,0,0,,,,,,,
All,Grindr,2025-02-01/2025-12-31,KEYWORD_UNSAFE_CHALLENGES,,RO,0,0,0,0,0,0,0,,,,,,,
All,Grindr,2025-02-01/2025-12-31,KEYWORD_OTHER,,RO,0,0,0,0,0,0,0,,,,,,,
All,Grindr,2025-02-01/2025-12-31,STATEMENT_CATEGORY_RISK_FOR_PUBLIC_SECURITY,,RO,0,0,0,0,0,0,0,,,,,,,
All,Grindr,2025-02-01/2025-12-31,KEYWORD_ILLEGAL_ORGANIZATIONS,,RO,0,0,0,0,0,0,0,,,,,,,
All,Grindr,2025-02-01/2025-12-31,KEYWORD_RISK_ENVIRONMENTAL_DAMAGE,,RO,0,0,0,0,0,0,0,,,,,,,
All,Grindr,2025-02-01/2025-12-31,KEYWORD_RISK_PUBLIC_HEALTH,,RO,0,0,0,0,0,0,0,,,,,,,
All,Grindr,2025-02-01/2025-12-31,KEYWORD_TERRORIST_CONTENT,,RO,0,0,0,0,0,0,0,,,,,,,
All,Grindr,2025-02-01/2025-12-31,KEYWORD_OTHER,,RO,0,0,0,0,0,0,0,,,,,,,
All,Grindr,2025-02-01/2025-12-31,STATEMENT_CATEGORY_SCAMS_AND_FRAUD,,RO,0,0,0,0,2,11.024444444444445,11.025972222222222,,,,,,,
All,Grindr,2025-02-01/2025-12-31,KEYWORD_IMPERSONATION_ACCOUNT_HIJACKING,,RO,0,0,0,0,0,0,0,,,,,,,
All,Grindr,2025-02-01/2025-12-31,KEYWORD_INAUTHENTIC_ACCOUNTS,,RO,0,0,0,0,0,0,0,,,,,,,
All,Grindr,2025-02-01/2025-12-31,KEYWORD_INAUTHENTIC_LISTINGS,,RO,0,0,0,0,0,0,0,,,,,,,
All,Grindr,2025-02-01/2025-12-31,KEYWORD_INAUTHENTIC_USER_REVIEWS,,RO,0,0,0,0,0,0,0,,,,,,,
All,Grindr,2025-02-01/2025-12-31,KEYWORD_PHISHING,,RO,0,0,0,0,0,0,0,,,,,,,
All,Grindr,2025-02-01/2025-12-31,KEYWORD_PYRAMID_SCHEMES,,RO,0,0,0,0,0,0,0,,,,,,,
All,Grindr,2025-02-01/2025-12-31,KEYWORD_OTHER,"Grindr captured cases of blackmail, extortion, and/or financial fraud in this category.",RO,0,0,0,0,2,11.02444444,11.02597222,,,,,,,
All,Grindr,2025-02-01/2025-12-31,STATEMENT_CATEGORY_SELF_HARM,,RO,0,0,0,0,0,0,0,,,,,,,
All,Grindr,2025-02-01/2025-12-31,KEYWORD_CONTENT_PROMOTING_EATING_DISORDERS,,RO,0,0,0,0,0,0,0,,,,,,,
All,Grindr,2025-02-01/2025-12-31,KEYWORD_SELF_MUTILATION,,RO,0,0,0,0,0,0,0,,,,,,,
All,Grindr,2025-02-01/2025-12-31,KEYWORD_SUICIDE,,RO,0,0,0,0,0,0,0,,,,,,,
All,Grindr,2025-02-01/2025-12-31,KEYWORD_OTHER,,RO,0,0,0,0,0,0,0,,,,,,,
All,Grindr,2025-02-01/2025-12-31,STATEMENT_CATEGORY_UNSAFE_AND_PROHIBITED_PRODUCTS,,RO,0,0,0,0,0,0,0,,,,,,,
All,Grindr,2025-02-01/2025-12-31,KEYWORD_PROHIBITED_PRODUCTS,,RO,0,0,0,0,0,0,0,,,,,,,
All,Grindr,2025-02-01/2025-12-31,KEYWORD_UNSAFE_PRODUCTS,,RO,0,0,0,0,0,0,0,,,,,,,
All,Grindr,2025-02-01/2025-12-31,KEYWORD_OTHER,,RO,0,0,0,0,0,0,0,,,,,,,
All,Grindr,2025-02-01/2025-12-31,STATEMENT_CATEGORY_VIOLENCE,,RO,0,0,0,0,0,0,0,,,,,,,
All,Grindr,2025-02-01/2025-12-31,KEYWORD_COORDINATED_HARM,,RO,0,0,0,0,0,0,0,,,,,,,
All,Grindr,2025-02-01/2025-12-31,KEYWORD_INCITEMENT_VIOLENCE_HATRED,,RO,0,0,0,0,0,0,0,,,,,,,
All,Grindr,2025-02-01/2025-12-31,KEYWORD_HUMAN_EXPLOITATION,,RO,0,0,0,0,0,0,0,,,,,,,
All,Grindr,2025-02-01/2025-12-31,KEYWORD_HUMAN_TRAFFICKING,,RO,0,0,0,0,0,0,0,,,,,,,
All,Grindr,2025-02-01/2025-12-31,KEYWORD_TRAFFICKING_WOMEN_GIRLS,,RO,0,0,0,0,0,0,0,,,,,,,
All,Grindr,2025-02-01/2025-12-31,KEYWORD_OTHER,,RO,0,0,0,0,0,0,0,,,,,,,
All,Grindr,2025-02-01/2025-12-31,STATEMENT_CATEGORY_NOT_SPECIFIED_ORDER,,RO,0,0,0,0,0,0,0,,,,,,,
All,Grindr,2025-02-01/2025-12-31,TOTAL,,SI,0,0,0,0,3,8.762407407407409,285.71842592592594,,,,,,,
All,Grindr,2025-02-01/2025-12-31,STATEMENT_CATEGORY_ANIMAL_WELFARE,,SI,0,0,0,0,0,0,0,,,,,,,
All,Grindr,2025-02-01/2025-12-31,KEYWORD_ANIMAL_HARM,,SI,0,0,0,0,0,0,0,,,,,,,
All,Grindr,2025-02-01/2025-12-31,KEYWORD_UNLAWFUL_SALE_ANIMALS,,SI,0,0,0,0,0,0,0,,,,,,,
All,Grindr,2025-02-01/2025-12-31,KEYWORD_OTHER,,SI,0,0,0,0,0,0,0,,,,,,,
All,Grindr,2025-02-01/2025-12-31,STATEMENT_CATEGORY_CONSUMER_INFORMATION,,SI,0,0,0,0,0,0,0,,,,,,,
All,Grindr,2025-02-01/2025-12-31,KEYWORD_HIDDEN_ADVERTISEMENT,,SI,0,0,0,0,0,0,0,,,,,,,
All,Grindr,2025-02-01/2025-12-31,KEYWORD_INSUFFICIENT_INFORMATION_ON_TRADERS,,SI,0,0,0,0,0,0,0,,,,,,,
All,Grindr,2025-02-01/2025-12-31,KEYWORD_MISLEADING_INFO_GOODS_SERVICES,,SI,0,0,0,0,0,0,0,,,,,,,
All,Grindr,2025-02-01/2025-12-31,KEYWORD_MISLEADING_INFO_CONSUMER_RIGHTS,,SI,0,0,0,0,0,0,0,,,,,,,
All,Grindr,2025-02-01/2025-12-31,KEYWORD_NONCOMPLIANCE_PRICING,,SI,0,0,0,0,0,0,0,,,,,,,
All,Grindr,2025-02-01/2025-12-31,KEYWORD_OTHER,,SI,0,0,0,0,0,0,0,,,,,,,
All,Grindr,2025-02-01/2025-12-31,STATEMENT_CATEGORY_CYBER_VIOLENCE,,SI,0,0,0,0,0,0,0,,,,,,,
All,Grindr,2025-02-01/2025-12-31,KEYWORD_CYBER_BULLYING_INTIMIDATION,,SI,0,0,0,0,0,0,0,,,,,,,
All,Grindr,2025-02-01/2025-12-31,KEYWORD_CYBER_HARASSMENT,,SI,0,0,0,0,0,0,0,,,,,,,
All,Grindr,2025-02-01/2025-12-31,KEYWORD_CYBER_INCITEMENT,,SI,0,0,0,0,0,0,0,,,,,,,
All,Grindr,2025-02-01/2025-12-31,KEYWORD_CYBER_STALKING,,SI,0,0,0,0,0,0,0,,,,,,,
All,Grindr,2025-02-01/2025-12-31,KEYWORD_NON_CONSENSUAL_IMAGE_SHARING,,SI,0,0,0,0,0,0,0,,,,,,,
All,Grindr,2025-02-01/2025-12-31,KEYWORD_NON_CONSENSUAL_MATERIAL_DEEPFAKE,,SI,0,0,0,0,0,0,0,,,,,,,
All,Grindr,2025-02-01/2025-12-31,KEYWORD_OTHER,,SI,0,0,0,0,0,0,0,,,,,,,
All,Grindr,2025-02-01/2025-12-31,STATEMENT_CATEGORY_CYBER_VIOLENCE_AGAINST_WOMEN,,SI,0,0,0,0,0,0,0,,,,,,,
All,Grindr,2025-02-01/2025-12-31,KEYWORD_BULLYING_AGAINST_GIRLS,,SI,0,0,0,0,0,0,0,,,,,,,
All,Grindr,2025-02-01/2025-12-31,KEYWORD_CYBER_HARASSMENT_AGAINST_WOMEN,,SI,0,0,0,0,0,0,0,,,,,,,
All,Grindr,2025-02-01/2025-12-31,KEYWORD_CYBER_STALKING_AGAINST_WOMEN,,SI,0,0,0,0,0,0,0,,,,,,,
All,Grindr,2025-02-01/2025-12-31,KEYWORD_FEMALE_GENDERED_DISINFORMATION,,SI,0,0,0,0,0,0,0,,,,,,,
All,Grindr,2025-02-01/2025-12-31,KEYWORD_INCITEMENT_AGAINST_WOMEN,,SI,0,0,0,0,0,0,0,,,,,,,
All,Grindr,2025-02-01/2025-12-31,KEYWORD_NON_CONSENSUAL_IMAGE_SHARING_AGAINST_WOMEN,,SI,0,0,0,0,0,0,0,,,,,,,
All,Grindr,2025-02-01/2025-12-31,KEYWORD_NON_CONSENSUAL_MATERIAL_DEEPFAKE_AGAINST_WOMEN,,SI,0,0,0,0,0,0,0,,,,,,,
All,Grindr,2025-02-01/2025-12-31,KEYWORD_OTHER,,SI,0,0,0,0,0,0,0,,,,,,,
All,Grindr,2025-02-01/2025-12-31,STATEMENT_CATEGORY_DATA_PROTECTION_AND_PRIVACY_VIOLATIONS,,SI,0,0,0,0,0,0,0,,,,,,,
All,Grindr,2025-02-01/2025-12-31,KEYWORD_BIOMETRIC_DATA_BREACH,,SI,0,0,0,0,0,0,0,,,,,,,
All,Grindr,2025-02-01/2025-12-31,KEYWORD_DATA_FALSIFICATION,,SI,0,0,0,0,0,0,0,,,,,,,
All,Grindr,2025-02-01/2025-12-31,KEYWORD_MISSING_PROCESSING_GROUND,,SI,0,0,0,0,0,0,0,,,,,,,
All,Grindr,2025-02-01/2025-12-31,KEYWORD_RIGHT_TO_BE_FORGOTTEN,,SI,0,0,0,0,0,0,0,,,,,,,
All,Grindr,2025-02-01/2025-12-31,KEYWORD_OTHER,,SI,0,0,0,0,0,0,0,,,,,,,
All,Grindr,2025-02-01/2025-12-31,STATEMENT_CATEGORY_ILLEGAL_OR_HARMFUL_SPEECH,,SI,0,0,0,0,0,0,0,,,,,,,
All,Grindr,2025-02-01/2025-12-31,KEYWORD_DEFAMATION,,SI,0,0,0,0,0,0,0,,,,,,,
All,Grindr,2025-02-01/2025-12-31,KEYWORD_DISCRIMINATION,,SI,0,0,0,0,0,0,0,,,,,,,
All,Grindr,2025-02-01/2025-12-31,KEYWORD_HATE_SPEECH,,SI,0,0,0,0,0,0,0,,,,,,,
All,Grindr,2025-02-01/2025-12-31,KEYWORD_OTHER,,SI,0,0,0,0,0,0,0,,,,,,,
All,Grindr,2025-02-01/2025-12-31,STATEMENT_CATEGORY_INTELLECTUAL_PROPERTY_INFRINGEMENTS,,SI,0,0,0,0,0,0,0,,,,,,,
All,Grindr,2025-02-01/2025-12-31,KEYWORD_COPYRIGHT_INFRINGEMENT,,SI,0,0,0,0,0,0,0,,,,,,,
All,Grindr,2025-02-01/2025-12-31,KEYWORD_DESIGN_INFRINGEMENT,,SI,0,0,0,0,0,0,0,,,,,,,
All,Grindr,2025-02-01/2025-12-31,KEYWORD_GEOGRAPHIC_INDICATIONS_INFRINGEMENT,,SI,0,0,0,0,0,0,0,,,,,,,
All,Grindr,2025-02-01/2025-12-31,KEYWORD_PATENT_INFRINGEMENT,,SI,0,0,0,0,0,0,0,,,,,,,
All,Grindr,2025-02-01/2025-12-31,KEYWORD_TRADE_SECRET_INFRINGEMENT,,SI,0,0,0,0,0,0,0,,,,,,,
All,Grindr,2025-02-01/2025-12-31,KEYWORD_TRADEMARK_INFRINGEMENT,,SI,0,0,0,0,0,0,0,,,,,,,
All,Grindr,2025-02-01/2025-12-31,KEYWORD_OTHER,,SI,0,0,0,0,0,0,0,,,,,,,
All,Grindr,2025-02-01/2025-12-31,STATEMENT_CATEGORY_NEGATIVE_EFFECTS_ON_CIVIC_DISCOURSE_OR_ELECTIONS,,SI,0,0,0,0,0,0,0,,,,,,,
All,Grindr,2025-02-01/2025-12-31,KEYWORD_MISINFORMATION_DISINFORMATION,,SI,0,0,0,0,0,0,0,,,,,,,
All,Grindr,2025-02-01/2025-12-31,KEYWORD_VIOLATION_EU_LAW,,SI,0,0,0,0,0,0,0,,,,,,,
All,Grindr,2025-02-01/2025-12-31,KEYWORD_VIOLATION_NATIONAL_LAW,,SI,0,0,0,0,0,0,0,,,,,,,
All,Grindr,2025-02-01/2025-12-31,KEYWORD_OTHER,,SI,0,0,0,0,0,0,0,,,,,,,
All,Grindr,2025-02-01/2025-12-31,STATEMENT_CATEGORY_PROTECTION_OF_MINORS,,SI,0,0,0,0,0,0,0,,,,,,,
All,Grindr,2025-02-01/2025-12-31,KEYWORD_AGE_SPECIFIC_RESTRICTIONS_MINORS,,SI,0,0,0,0,0,0,0,,,,,,,
All,Grindr,2025-02-01/2025-12-31,KEYWORD_CHILD_SEXUAL_ABUSE_MATERIAL,,SI,0,0,0,0,0,0,0,,,,,,,
All,Grindr,2025-02-01/2025-12-31,KEYWORD_CHILD_SEXUAL_ABUSE_MATERIAL_DEEPFAKE,,SI,0,0,0,0,0,0,0,,,,,,,
All,Grindr,2025-02-01/2025-12-31,KEYWORD_GROOMING_SEXUAL_ENTICEMENT_MINORS,,SI,0,0,0,0,0,0,0,,,,,,,
All,Grindr,2025-02-01/2025-12-31,KEYWORD_UNSAFE_CHALLENGES,,SI,0,0,0,0,0,0,0,,,,,,,
All,Grindr,2025-02-01/2025-12-31,KEYWORD_OTHER,,SI,0,0,0,0,0,0,0,,,,,,,
All,Grindr,2025-02-01/2025-12-31,STATEMENT_CATEGORY_RISK_FOR_PUBLIC_SECURITY,,SI,0,0,0,0,0,0,0,,,,,,,
All,Grindr,2025-02-01/2025-12-31,KEYWORD_ILLEGAL_ORGANIZATIONS,,SI,0,0,0,0,0,0,0,,,,,,,
All,Grindr,2025-02-01/2025-12-31,KEYWORD_RISK_ENVIRONMENTAL_DAMAGE,,SI,0,0,0,0,0,0,0,,,,,,,
All,Grindr,2025-02-01/2025-12-31,KEYWORD_RISK_PUBLIC_HEALTH,,SI,0,0,0,0,0,0,0,,,,,,,
All,Grindr,2025-02-01/2025-12-31,KEYWORD_TERRORIST_CONTENT,,SI,0,0,0,0,0,0,0,,,,,,,
All,Grindr,2025-02-01/2025-12-31,KEYWORD_OTHER,,SI,0,0,0,0,0,0,0,,,,,,,
All,Grindr,2025-02-01/2025-12-31,STATEMENT_CATEGORY_SCAMS_AND_FRAUD,,SI,0,0,0,0,2,9.052777777777777,9.081666666666667,,,,,,,
All,Grindr,2025-02-01/2025-12-31,KEYWORD_IMPERSONATION_ACCOUNT_HIJACKING,,SI,0,0,0,0,1,10.77972222,10.8375,,,,,,,
All,Grindr,2025-02-01/2025-12-31,KEYWORD_INAUTHENTIC_ACCOUNTS,,SI,0,0,0,0,0,0,0,,,,,,,
All,Grindr,2025-02-01/2025-12-31,KEYWORD_INAUTHENTIC_LISTINGS,,SI,0,0,0,0,0,0,0,,,,,,,
All,Grindr,2025-02-01/2025-12-31,KEYWORD_INAUTHENTIC_USER_REVIEWS,,SI,0,0,0,0,0,0,0,,,,,,,
All,Grindr,2025-02-01/2025-12-31,KEYWORD_PHISHING,,SI,0,0,0,0,0,0,0,,,,,,,
All,Grindr,2025-02-01/2025-12-31,KEYWORD_PYRAMID_SCHEMES,,SI,0,0,0,0,0,0,0,,,,,,,
All,Grindr,2025-02-01/2025-12-31,KEYWORD_OTHER,"Grindr captured cases of blackmail, extortion, and/or financial fraud in this category.",SI,0,0,0,0,1,7.325833333,7.325833333,,,,,,,
All,Grindr,2025-02-01/2025-12-31,STATEMENT_CATEGORY_SELF_HARM,,SI,0,0,0,0,0,0,0,,,,,,,
All,Grindr,2025-02-01/2025-12-31,KEYWORD_CONTENT_PROMOTING_EATING_DISORDERS,,SI,0,0,0,0,0,0,0,,,,,,,
All,Grindr,2025-02-01/2025-12-31,KEYWORD_SELF_MUTILATION,,SI,0,0,0,0,0,0,0,,,,,,,
All,Grindr,2025-02-01/2025-12-31,KEYWORD_SUICIDE,,SI,0,0,0,0,0,0,0,,,,,,,
All,Grindr,2025-02-01/2025-12-31,KEYWORD_OTHER,,SI,0,0,0,0,0,0,0,,,,,,,
All,Grindr,2025-02-01/2025-12-31,STATEMENT_CATEGORY_UNSAFE_AND_PROHIBITED_PRODUCTS,,SI,0,0,0,0,0,0,0,,,,,,,
All,Grindr,2025-02-01/2025-12-31,KEYWORD_PROHIBITED_PRODUCTS,,SI,0,0,0,0,0,0,0,,,,,,,
All,Grindr,2025-02-01/2025-12-31,KEYWORD_UNSAFE_PRODUCTS,,SI,0,0,0,0,0,0,0,,,,,,,
All,Grindr,2025-02-01/2025-12-31,KEYWORD_OTHER,,SI,0,0,0,0,0,0,0,,,,,,,
All,Grindr,2025-02-01/2025-12-31,STATEMENT_CATEGORY_VIOLENCE,,SI,0,0,0,0,1,8.181666666666667,838.9919444444445,,,,,,,
All,Grindr,2025-02-01/2025-12-31,KEYWORD_COORDINATED_HARM,,SI,0,0,0,0,0,0,0,,,,,,,
All,Grindr,2025-02-01/2025-12-31,KEYWORD_INCITEMENT_VIOLENCE_HATRED,,SI,0,0,0,0,0,0,0,,,,,,,
All,Grindr,2025-02-01/2025-12-31,KEYWORD_HUMAN_EXPLOITATION,,SI,0,0,0,0,0,0,0,,,,,,,
All,Grindr,2025-02-01/2025-12-31,KEYWORD_HUMAN_TRAFFICKING,,SI,0,0,0,0,0,0,0,,,,,,,
All,Grindr,2025-02-01/2025-12-31,KEYWORD_TRAFFICKING_WOMEN_GIRLS,,SI,0,0,0,0,0,0,0,,,,,,,
All,Grindr,2025-02-01/2025-12-31,KEYWORD_OTHER,Grindr captured cases of serious offline incidents in this category.,SI,0,0,0,0,1,8.181666667,838.9919444,,,,,,,
All,Grindr,2025-02-01/2025-12-31,STATEMENT_CATEGORY_NOT_SPECIFIED_ORDER,,SI,0,0,0,0,0,0,0,,,,,,,
All,Grindr,2025-02-01/2025-12-31,TOTAL,,ES,0,0,0,0,32,147.21269097222213,190.172109375,,,,,,,
All,Grindr,2025-02-01/2025-12-31,STATEMENT_CATEGORY_ANIMAL_WELFARE,,ES,0,0,0,0,0,0,0,,,,,,,
All,Grindr,2025-02-01/2025-12-31,KEYWORD_ANIMAL_HARM,,ES,0,0,0,0,0,0,0,,,,,,,
All,Grindr,2025-02-01/2025-12-31,KEYWORD_UNLAWFUL_SALE_ANIMALS,,ES,0,0,0,0,0,0,0,,,,,,,
All,Grindr,2025-02-01/2025-12-31,KEYWORD_OTHER,,ES,0,0,0,0,0,0,0,,,,,,,
All,Grindr,2025-02-01/2025-12-31,STATEMENT_CATEGORY_CONSUMER_INFORMATION,,ES,0,0,0,0,0,0,0,,,,,,,
All,Grindr,2025-02-01/2025-12-31,KEYWORD_HIDDEN_ADVERTISEMENT,,ES,0,0,0,0,0,0,0,,,,,,,
All,Grindr,2025-02-01/2025-12-31,KEYWORD_INSUFFICIENT_INFORMATION_ON_TRADERS,,ES,0,0,0,0,0,0,0,,,,,,,
All,Grindr,2025-02-01/2025-12-31,KEYWORD_MISLEADING_INFO_GOODS_SERVICES,,ES,0,0,0,0,0,0,0,,,,,,,
All,Grindr,2025-02-01/2025-12-31,KEYWORD_MISLEADING_INFO_CONSUMER_RIGHTS,,ES,0,0,0,0,0,0,0,,,,,,,
All,Grindr,2025-02-01/2025-12-31,KEYWORD_NONCOMPLIANCE_PRICING,,ES,0,0,0,0,0,0,0,,,,,,,
All,Grindr,2025-02-01/2025-12-31,KEYWORD_OTHER,,ES,0,0,0,0,0,0,0,,,,,,,
All,Grindr,2025-02-01/2025-12-31,STATEMENT_CATEGORY_CYBER_VIOLENCE,,ES,0,0,0,0,4,514.5472222222222,514.5472222222222,,,,,,,
All,Grindr,2025-02-01/2025-12-31,KEYWORD_CYBER_BULLYING_INTIMIDATION,,ES,0,0,0,0,2,862.0213889,862.0213889,,,,,,,
All,Grindr,2025-02-01/2025-12-31,KEYWORD_CYBER_HARASSMENT,,ES,0,0,0,0,2,167.0730556,167.0730556,,,,,,,
All,Grindr,2025-02-01/2025-12-31,KEYWORD_CYBER_INCITEMENT,,ES,0,0,0,0,0,0,0,,,,,,,
All,Grindr,2025-02-01/2025-12-31,KEYWORD_CYBER_STALKING,,ES,0,0,0,0,0,0,0,,,,,,,
All,Grindr,2025-02-01/2025-12-31,KEYWORD_NON_CONSENSUAL_IMAGE_SHARING,,ES,0,0,0,0,0,0,0,,,,,,,
All,Grindr,2025-02-01/2025-12-31,KEYWORD_NON_CONSENSUAL_MATERIAL_DEEPFAKE,,ES,0,0,0,0,0,0,0,,,,,,,
All,Grindr,2025-02-01/2025-12-31,KEYWORD_OTHER,,ES,0,0,0,0,0,0,0,,,,,,,
All,Grindr,2025-02-01/2025-12-31,STATEMENT_CATEGORY_CYBER_VIOLENCE_AGAINST_WOMEN,,ES,0,0,0,0,0,0,0,,,,,,,
All,Grindr,2025-02-01/2025-12-31,KEYWORD_BULLYING_AGAINST_GIRLS,,ES,0,0,0,0,0,0,0,,,,,,,
All,Grindr,2025-02-01/2025-12-31,KEYWORD_CYBER_HARASSMENT_AGAINST_WOMEN,,ES,0,0,0,0,0,0,0,,,,,,,
All,Grindr,2025-02-01/2025-12-31,KEYWORD_CYBER_STALKING_AGAINST_WOMEN,,ES,0,0,0,0,0,0,0,,,,,,,
All,Grindr,2025-02-01/2025-12-31,KEYWORD_FEMALE_GENDERED_DISINFORMATION,,ES,0,0,0,0,0,0,0,,,,,,,
All,Grindr,2025-02-01/2025-12-31,KEYWORD_INCITEMENT_AGAINST_WOMEN,,ES,0,0,0,0,0,0,0,,,,,,,
All,Grindr,2025-02-01/2025-12-31,KEYWORD_NON_CONSENSUAL_IMAGE_SHARING_AGAINST_WOMEN,,ES,0,0,0,0,0,0,0,,,,,,,
All,Grindr,2025-02-01/2025-12-31,KEYWORD_NON_CONSENSUAL_MATERIAL_DEEPFAKE_AGAINST_WOMEN,,ES,0,0,0,0,0,0,0,,,,,,,
All,Grindr,2025-02-01/2025-12-31,KEYWORD_OTHER,,ES,0,0,0,0,0,0,0,,,,,,,
All,Grindr,2025-02-01/2025-12-31,STATEMENT_CATEGORY_DATA_PROTECTION_AND_PRIVACY_VIOLATIONS,,ES,0,0,0,0,0,0,0,,,,,,,
All,Grindr,2025-02-01/2025-12-31,KEYWORD_BIOMETRIC_DATA_BREACH,,ES,0,0,0,0,0,0,0,,,,,,,
All,Grindr,2025-02-01/2025-12-31,KEYWORD_DATA_FALSIFICATION,,ES,0,0,0,0,0,0,0,,,,,,,
All,Grindr,2025-02-01/2025-12-31,KEYWORD_MISSING_PROCESSING_GROUND,,ES,0,0,0,0,0,0,0,,,,,,,
All,Grindr,2025-02-01/2025-12-31,KEYWORD_RIGHT_TO_BE_FORGOTTEN,,ES,0,0,0,0,0,0,0,,,,,,,
All,Grindr,2025-02-01/2025-12-31,KEYWORD_OTHER,,ES,0,0,0,0,0,0,0,,,,,,,
All,Grindr,2025-02-01/2025-12-31,STATEMENT_CATEGORY_ILLEGAL_OR_HARMFUL_SPEECH,,ES,0,0,0,0,0,0,0,,,,,,,
All,Grindr,2025-02-01/2025-12-31,KEYWORD_DEFAMATION,,ES,0,0,0,0,0,0,0,,,,,,,
All,Grindr,2025-02-01/2025-12-31,KEYWORD_DISCRIMINATION,,ES,0,0,0,0,0,0,0,,,,,,,
All,Grindr,2025-02-01/2025-12-31,KEYWORD_HATE_SPEECH,,ES,0,0,0,0,0,0,0,,,,,,,
All,Grindr,2025-02-01/2025-12-31,KEYWORD_OTHER,,ES,0,0,0,0,0,0,0,,,,,,,
All,Grindr,2025-02-01/2025-12-31,STATEMENT_CATEGORY_INTELLECTUAL_PROPERTY_INFRINGEMENTS,,ES,0,0,0,0,0,0,0,,,,,,,
All,Grindr,2025-02-01/2025-12-31,KEYWORD_COPYRIGHT_INFRINGEMENT,,ES,0,0,0,0,0,0,0,,,,,,,
All,Grindr,2025-02-01/2025-12-31,KEYWORD_DESIGN_INFRINGEMENT,,ES,0,0,0,0,0,0,0,,,,,,,
All,Grindr,2025-02-01/2025-12-31,KEYWORD_GEOGRAPHIC_INDICATIONS_INFRINGEMENT,,ES,0,0,0,0,0,0,0,,,,,,,
All,Grindr,2025-02-01/2025-12-31,KEYWORD_PATENT_INFRINGEMENT,,ES,0,0,0,0,0,0,0,,,,,,,
All,Grindr,2025-02-01/2025-12-31,KEYWORD_TRADE_SECRET_INFRINGEMENT,,ES,0,0,0,0,0,0,0,,,,,,,
All,Grindr,2025-02-01/2025-12-31,KEYWORD_TRADEMARK_INFRINGEMENT,,ES,0,0,0,0,0,0,0,,,,,,,
All,Grindr,2025-02-01/2025-12-31,KEYWORD_OTHER,,ES,0,0,0,0,0,0,0,,,,,,,
All,Grindr,2025-02-01/2025-12-31,STATEMENT_CATEGORY_NEGATIVE_EFFECTS_ON_CIVIC_DISCOURSE_OR_ELECTIONS,,ES,0,0,0,0,0,0,0,,,,,,,
All,Grindr,2025-02-01/2025-12-31,KEYWORD_MISINFORMATION_DISINFORMATION,,ES,0,0,0,0,0,0,0,,,,,,,
All,Grindr,2025-02-01/2025-12-31,KEYWORD_VIOLATION_EU_LAW,,ES,0,0,0,0,0,0,0,,,,,,,
All,Grindr,2025-02-01/2025-12-31,KEYWORD_VIOLATION_NATIONAL_LAW,,ES,0,0,0,0,0,0,0,,,,,,,
All,Grindr,2025-02-01/2025-12-31,KEYWORD_OTHER,,ES,0,0,0,0,0,0,0,,,,,,,
All,Grindr,2025-02-01/2025-12-31,STATEMENT_CATEGORY_PROTECTION_OF_MINORS,,ES,0,0,0,0,4,50.531666666666666,51.485486111111115,,,,,,,
All,Grindr,2025-02-01/2025-12-31,KEYWORD_AGE_SPECIFIC_RESTRICTIONS_MINORS,,ES,0,0,0,0,0,0,0,,,,,,,
All,Grindr,2025-02-01/2025-12-31,KEYWORD_CHILD_SEXUAL_ABUSE_MATERIAL,,ES,0,0,0,0,0,0,0,,,,,,,
All,Grindr,2025-02-01/2025-12-31,KEYWORD_CHILD_SEXUAL_ABUSE_MATERIAL_DEEPFAKE,,ES,0,0,0,0,0,0,0,,,,,,,
All,Grindr,2025-02-01/2025-12-31,KEYWORD_GROOMING_SEXUAL_ENTICEMENT_MINORS,,ES,0,0,0,0,4,50.53166667,51.48548611,,,,,,,
All,Grindr,2025-02-01/2025-12-31,KEYWORD_UNSAFE_CHALLENGES,,ES,0,0,0,0,0,0,0,,,,,,,
All,Grindr,2025-02-01/2025-12-31,KEYWORD_OTHER,,ES,0,0,0,0,0,0,0,,,,,,,
All,Grindr,2025-02-01/2025-12-31,STATEMENT_CATEGORY_RISK_FOR_PUBLIC_SECURITY,,ES,0,0,0,0,0,0,0,,,,,,,
All,Grindr,2025-02-01/2025-12-31,KEYWORD_ILLEGAL_ORGANIZATIONS,,ES,0,0,0,0,0,0,0,,,,,,,
All,Grindr,2025-02-01/2025-12-31,KEYWORD_RISK_ENVIRONMENTAL_DAMAGE,,ES,0,0,0,0,0,0,0,,,,,,,
All,Grindr,2025-02-01/2025-12-31,KEYWORD_RISK_PUBLIC_HEALTH,,ES,0,0,0,0,0,0,0,,,,,,,
All,Grindr,2025-02-01/2025-12-31,KEYWORD_TERRORIST_CONTENT,,ES,0,0,0,0,0,0,0,,,,,,,
All,Grindr,2025-02-01/2025-12-31,KEYWORD_OTHER,,ES,0,0,0,0,0,0,0,,,,,,,
All,Grindr,2025-02-01/2025-12-31,STATEMENT_CATEGORY_SCAMS_AND_FRAUD,,ES,0,0,0,0,9,103.69015432098765,103.70154320987655,,,,,,,
All,Grindr,2025-02-01/2025-12-31,KEYWORD_IMPERSONATION_ACCOUNT_HIJACKING,,ES,0,0,0,0,2,185.3120833,185.3120833,,,,,,,
All,Grindr,2025-02-01/2025-12-31,KEYWORD_INAUTHENTIC_ACCOUNTS,,ES,0,0,0,0,0,0,0,,,,,,,
All,Grindr,2025-02-01/2025-12-31,KEYWORD_INAUTHENTIC_LISTINGS,,ES,0,0,0,0,0,0,0,,,,,,,
All,Grindr,2025-02-01/2025-12-31,KEYWORD_INAUTHENTIC_USER_REVIEWS,,ES,0,0,0,0,0,0,0,,,,,,,
All,Grindr,2025-02-01/2025-12-31,KEYWORD_PHISHING,,ES,0,0,0,0,0,0,0,,,,,,,
All,Grindr,2025-02-01/2025-12-31,KEYWORD_PYRAMID_SCHEMES,,ES,0,0,0,0,0,0,0,,,,,,,
All,Grindr,2025-02-01/2025-12-31,KEYWORD_OTHER,"Grindr captured cases of blackmail, extortion, and/or financial fraud in this category.",ES,0,0,0,0,7,80.36960317,80.38424603,,,,,,,
All,Grindr,2025-02-01/2025-12-31,STATEMENT_CATEGORY_SELF_HARM,,ES,0,0,0,0,0,0,0,,,,,,,
All,Grindr,2025-02-01/2025-12-31,KEYWORD_CONTENT_PROMOTING_EATING_DISORDERS,,ES,0,0,0,0,0,0,0,,,,,,,
All,Grindr,2025-02-01/2025-12-31,KEYWORD_SELF_MUTILATION,,ES,0,0,0,0,0,0,0,,,,,,,
All,Grindr,2025-02-01/2025-12-31,KEYWORD_SUICIDE,,ES,0,0,0,0,0,0,0,,,,,,,
All,Grindr,2025-02-01/2025-12-31,KEYWORD_OTHER,,ES,0,0,0,0,0,0,0,,,,,,,
All,Grindr,2025-02-01/2025-12-31,STATEMENT_CATEGORY_UNSAFE_AND_PROHIBITED_PRODUCTS,,ES,0,0,0,0,0,0,0,,,,,,,
All,Grindr,2025-02-01/2025-12-31,KEYWORD_PROHIBITED_PRODUCTS,,ES,0,0,0,0,0,0,0,,,,,,,
All,Grindr,2025-02-01/2025-12-31,KEYWORD_UNSAFE_PRODUCTS,,ES,0,0,0,0,0,0,0,,,,,,,
All,Grindr,2025-02-01/2025-12-31,KEYWORD_OTHER,,ES,0,0,0,0,0,0,0,,,,,,,
All,Grindr,2025-02-01/2025-12-31,STATEMENT_CATEGORY_VIOLENCE,,ES,0,0,0,0,15,101.15194444444445,192.5375185185185,,,,,,,
All,Grindr,2025-02-01/2025-12-31,KEYWORD_COORDINATED_HARM,,ES,0,0,0,0,0,0,0,,,,,,,
All,Grindr,2025-02-01/2025-12-31,KEYWORD_INCITEMENT_VIOLENCE_HATRED,,ES,0,0,0,0,0,0,0,,,,,,,
All,Grindr,2025-02-01/2025-12-31,KEYWORD_HUMAN_EXPLOITATION,,ES,0,0,0,0,0,0,0,,,,,,,
All,Grindr,2025-02-01/2025-12-31,KEYWORD_HUMAN_TRAFFICKING,,ES,0,0,0,0,0,0,0,,,,,,,
All,Grindr,2025-02-01/2025-12-31,KEYWORD_TRAFFICKING_WOMEN_GIRLS,,ES,0,0,0,0,0,0,0,,,,,,,
All,Grindr,2025-02-01/2025-12-31,KEYWORD_OTHER,Grindr captured cases of serious offline incidents in this category.,ES,0,0,0,0,15,101.1519444,192.5375185,,,,,,,
All,Grindr,2025-02-01/2025-12-31,STATEMENT_CATEGORY_NOT_SPECIFIED_ORDER,,ES,0,0,0,0,0,0,0,,,,,,,
All,Grindr,2025-02-01/2025-12-31,TOTAL,,SE,0,0,0,0,4,105.67194444444443,138.22444444444443,,,,,,,
All,Grindr,2025-02-01/2025-12-31,STATEMENT_CATEGORY_ANIMAL_WELFARE,,SE,0,0,0,0,0,0,0,,,,,,,
All,Grindr,2025-02-01/2025-12-31,KEYWORD_ANIMAL_HARM,,SE,0,0,0,0,0,0,0,,,,,,,
All,Grindr,2025-02-01/2025-12-31,KEYWORD_UNLAWFUL_SALE_ANIMALS,,SE,0,0,0,0,0,0,0,,,,,,,
All,Grindr,2025-02-01/2025-12-31,KEYWORD_OTHER,,SE,0,0,0,0,0,0,0,,,,,,,
All,Grindr,2025-02-01/2025-12-31,STATEMENT_CATEGORY_CONSUMER_INFORMATION,,SE,0,0,0,0,0,0,0,,,,,,,
All,Grindr,2025-02-01/2025-12-31,KEYWORD_HIDDEN_ADVERTISEMENT,,SE,0,0,0,0,0,0,0,,,,,,,
All,Grindr,2025-02-01/2025-12-31,KEYWORD_INSUFFICIENT_INFORMATION_ON_TRADERS,,SE,0,0,0,0,0,0,0,,,,,,,
All,Grindr,2025-02-01/2025-12-31,KEYWORD_MISLEADING_INFO_GOODS_SERVICES,,SE,0,0,0,0,0,0,0,,,,,,,
All,Grindr,2025-02-01/2025-12-31,KEYWORD_MISLEADING_INFO_CONSUMER_RIGHTS,,SE,0,0,0,0,0,0,0,,,,,,,
All,Grindr,2025-02-01/2025-12-31,KEYWORD_NONCOMPLIANCE_PRICING,,SE,0,0,0,0,0,0,0,,,,,,,
All,Grindr,2025-02-01/2025-12-31,KEYWORD_OTHER,,SE,0,0,0,0,0,0,0,,,,,,,
All,Grindr,2025-02-01/2025-12-31,STATEMENT_CATEGORY_CYBER_VIOLENCE,,SE,0,0,0,0,0,0,0,,,,,,,
All,Grindr,2025-02-01/2025-12-31,KEYWORD_CYBER_BULLYING_INTIMIDATION,,SE,0,0,0,0,0,0,0,,,,,,,
All,Grindr,2025-02-01/2025-12-31,KEYWORD_CYBER_HARASSMENT,,SE,0,0,0,0,0,0,0,,,,,,,
All,Grindr,2025-02-01/2025-12-31,KEYWORD_CYBER_INCITEMENT,,SE,0,0,0,0,0,0,0,,,,,,,
All,Grindr,2025-02-01/2025-12-31,KEYWORD_CYBER_STALKING,,SE,0,0,0,0,0,0,0,,,,,,,
All,Grindr,2025-02-01/2025-12-31,KEYWORD_NON_CONSENSUAL_IMAGE_SHARING,,SE,0,0,0,0,0,0,0,,,,,,,
All,Grindr,2025-02-01/2025-12-31,KEYWORD_NON_CONSENSUAL_MATERIAL_DEEPFAKE,,SE,0,0,0,0,0,0,0,,,,,,,
All,Grindr,2025-02-01/2025-12-31,KEYWORD_OTHER,,SE,0,0,0,0,0,0,0,,,,,,,
All,Grindr,2025-02-01/2025-12-31,STATEMENT_CATEGORY_CYBER_VIOLENCE_AGAINST_WOMEN,,SE,0,0,0,0,0,0,0,,,,,,,
All,Grindr,2025-02-01/2025-12-31,KEYWORD_BULLYING_AGAINST_GIRLS,,SE,0,0,0,0,0,0,0,,,,,,,
All,Grindr,2025-02-01/2025-12-31,KEYWORD_CYBER_HARASSMENT_AGAINST_WOMEN,,SE,0,0,0,0,0,0,0,,,,,,,
All,Grindr,2025-02-01/2025-12-31,KEYWORD_CYBER_STALKING_AGAINST_WOMEN,,SE,0,0,0,0,0,0,0,,,,,,,
All,Grindr,2025-02-01/2025-12-31,KEYWORD_FEMALE_GENDERED_DISINFORMATION,,SE,0,0,0,0,0,0,0,,,,,,,
All,Grindr,2025-02-01/2025-12-31,KEYWORD_INCITEMENT_AGAINST_WOMEN,,SE,0,0,0,0,0,0,0,,,,,,,
All,Grindr,2025-02-01/2025-12-31,KEYWORD_NON_CONSENSUAL_IMAGE_SHARING_AGAINST_WOMEN,,SE,0,0,0,0,0,0,0,,,,,,,
All,Grindr,2025-02-01/2025-12-31,KEYWORD_NON_CONSENSUAL_MATERIAL_DEEPFAKE_AGAINST_WOMEN,,SE,0,0,0,0,0,0,0,,,,,,,
All,Grindr,2025-02-01/2025-12-31,KEYWORD_OTHER,,SE,0,0,0,0,0,0,0,,,,,,,
All,Grindr,2025-02-01/2025-12-31,STATEMENT_CATEGORY_DATA_PROTECTION_AND_PRIVACY_VIOLATIONS,,SE,0,0,0,0,0,0,0,,,,,,,
All,Grindr,2025-02-01/2025-12-31,KEYWORD_BIOMETRIC_DATA_BREACH,,SE,0,0,0,0,0,0,0,,,,,,,
All,Grindr,2025-02-01/2025-12-31,KEYWORD_DATA_FALSIFICATION,,SE,0,0,0,0,0,0,0,,,,,,,
All,Grindr,2025-02-01/2025-12-31,KEYWORD_MISSING_PROCESSING_GROUND,,SE,0,0,0,0,0,0,0,,,,,,,
All,Grindr,2025-02-01/2025-12-31,KEYWORD_RIGHT_TO_BE_FORGOTTEN,,SE,0,0,0,0,0,0,0,,,,,,,
All,Grindr,2025-02-01/2025-12-31,KEYWORD_OTHER,,SE,0,0,0,0,0,0,0,,,,,,,
All,Grindr,2025-02-01/2025-12-31,STATEMENT_CATEGORY_ILLEGAL_OR_HARMFUL_SPEECH,,SE,0,0,0,0,0,0,0,,,,,,,
All,Grindr,2025-02-01/2025-12-31,KEYWORD_DEFAMATION,,SE,0,0,0,0,0,0,0,,,,,,,
All,Grindr,2025-02-01/2025-12-31,KEYWORD_DISCRIMINATION,,SE,0,0,0,0,0,0,0,,,,,,,
All,Grindr,2025-02-01/2025-12-31,KEYWORD_HATE_SPEECH,,SE,0,0,0,0,0,0,0,,,,,,,
All,Grindr,2025-02-01/2025-12-31,KEYWORD_OTHER,,SE,0,0,0,0,0,0,0,,,,,,,
All,Grindr,2025-02-01/2025-12-31,STATEMENT_CATEGORY_INTELLECTUAL_PROPERTY_INFRINGEMENTS,,SE,0,0,0,0,0,0,0,,,,,,,
All,Grindr,2025-02-01/2025-12-31,KEYWORD_COPYRIGHT_INFRINGEMENT,,SE,0,0,0,0,0,0,0,,,,,,,
All,Grindr,2025-02-01/2025-12-31,KEYWORD_DESIGN_INFRINGEMENT,,SE,0,0,0,0,0,0,0,,,,,,,
All,Grindr,2025-02-01/2025-12-31,KEYWORD_GEOGRAPHIC_INDICATIONS_INFRINGEMENT,,SE,0,0,0,0,0,0,0,,,,,,,
All,Grindr,2025-02-01/2025-12-31,KEYWORD_PATENT_INFRINGEMENT,,SE,0,0,0,0,0,0,0,,,,,,,
All,Grindr,2025-02-01/2025-12-31,KEYWORD_TRADE_SECRET_INFRINGEMENT,,SE,0,0,0,0,0,0,0,,,,,,,
All,Grindr,2025-02-01/2025-12-31,KEYWORD_TRADEMARK_INFRINGEMENT,,SE,0,0,0,0,0,0,0,,,,,,,
All,Grindr,2025-02-01/2025-12-31,KEYWORD_OTHER,,SE,0,0,0,0,0,0,0,,,,,,,
All,Grindr,2025-02-01/2025-12-31,STATEMENT_CATEGORY_NEGATIVE_EFFECTS_ON_CIVIC_DISCOURSE_OR_ELECTIONS,,SE,0,0,0,0,0,0,0,,,,,,,
All,Grindr,2025-02-01/2025-12-31,KEYWORD_MISINFORMATION_DISINFORMATION,,SE,0,0,0,0,0,0,0,,,,,,,
All,Grindr,2025-02-01/2025-12-31,KEYWORD_VIOLATION_EU_LAW,,SE,0,0,0,0,0,0,0,,,,,,,
All,Grindr,2025-02-01/2025-12-31,KEYWORD_VIOLATION_NATIONAL_LAW,,SE,0,0,0,0,0,0,0,,,,,,,
All,Grindr,2025-02-01/2025-12-31,KEYWORD_OTHER,,SE,0,0,0,0,0,0,0,,,,,,,
All,Grindr,2025-02-01/2025-12-31,STATEMENT_CATEGORY_PROTECTION_OF_MINORS,,SE,0,0,0,0,1,2.83,3.5416666666666665,,,,,,,
All,Grindr,2025-02-01/2025-12-31,KEYWORD_AGE_SPECIFIC_RESTRICTIONS_MINORS,,SE,0,0,0,0,0,0,0,,,,,,,
All,Grindr,2025-02-01/2025-12-31,KEYWORD_CHILD_SEXUAL_ABUSE_MATERIAL,,SE,0,0,0,0,0,0,0,,,,,,,
All,Grindr,2025-02-01/2025-12-31,KEYWORD_CHILD_SEXUAL_ABUSE_MATERIAL_DEEPFAKE,,SE,0,0,0,0,0,0,0,,,,,,,
All,Grindr,2025-02-01/2025-12-31,KEYWORD_GROOMING_SEXUAL_ENTICEMENT_MINORS,,SE,0,0,0,0,1,2.83,3.541666667,,,,,,,
All,Grindr,2025-02-01/2025-12-31,KEYWORD_UNSAFE_CHALLENGES,,SE,0,0,0,0,0,0,0,,,,,,,
All,Grindr,2025-02-01/2025-12-31,KEYWORD_OTHER,,SE,0,0,0,0,0,0,0,,,,,,,
All,Grindr,2025-02-01/2025-12-31,STATEMENT_CATEGORY_RISK_FOR_PUBLIC_SECURITY,,SE,0,0,0,0,0,0,0,,,,,,,
All,Grindr,2025-02-01/2025-12-31,KEYWORD_ILLEGAL_ORGANIZATIONS,,SE,0,0,0,0,0,0,0,,,,,,,
All,Grindr,2025-02-01/2025-12-31,KEYWORD_RISK_ENVIRONMENTAL_DAMAGE,,SE,0,0,0,0,0,0,0,,,,,,,
All,Grindr,2025-02-01/2025-12-31,KEYWORD_RISK_PUBLIC_HEALTH,,SE,0,0,0,0,0,0,0,,,,,,,
All,Grindr,2025-02-01/2025-12-31,KEYWORD_TERRORIST_CONTENT,,SE,0,0,0,0,0,0,0,,,,,,,
All,Grindr,2025-02-01/2025-12-31,KEYWORD_OTHER,,SE,0,0,0,0,0,0,0,,,,,,,
All,Grindr,2025-02-01/2025-12-31,STATEMENT_CATEGORY_SCAMS_AND_FRAUD,,SE,0,0,0,0,1,224.28972222222222,353.78805555555556,,,,,,,
All,Grindr,2025-02-01/2025-12-31,KEYWORD_IMPERSONATION_ACCOUNT_HIJACKING,,SE,0,0,0,0,0,0,0,,,,,,,
All,Grindr,2025-02-01/2025-12-31,KEYWORD_INAUTHENTIC_ACCOUNTS,,SE,0,0,0,0,0,0,0,,,,,,,
All,Grindr,2025-02-01/2025-12-31,KEYWORD_INAUTHENTIC_LISTINGS,,SE,0,0,0,0,0,0,0,,,,,,,
All,Grindr,2025-02-01/2025-12-31,KEYWORD_INAUTHENTIC_USER_REVIEWS,,SE,0,0,0,0,0,0,0,,,,,,,
All,Grindr,2025-02-01/2025-12-31,KEYWORD_PHISHING,,SE,0,0,0,0,0,0,0,,,,,,,
All,Grindr,2025-02-01/2025-12-31,KEYWORD_PYRAMID_SCHEMES,,SE,0,0,0,0,0,0,0,,,,,,,
All,Grindr,2025-02-01/2025-12-31,KEYWORD_OTHER,"Grindr captured cases of blackmail, extortion, and/or financial fraud in this category.",SE,0,0,0,0,1,224.2897222,353.7880556,,,,,,,
All,Grindr,2025-02-01/2025-12-31,STATEMENT_CATEGORY_SELF_HARM,,SE,0,0,0,0,0,0,0,,,,,,,
All,Grindr,2025-02-01/2025-12-31,KEYWORD_CONTENT_PROMOTING_EATING_DISORDERS,,SE,0,0,0,0,0,0,0,,,,,,,
All,Grindr,2025-02-01/2025-12-31,KEYWORD_SELF_MUTILATION,,SE,0,0,0,0,0,0,0,,,,,,,
All,Grindr,2025-02-01/2025-12-31,KEYWORD_SUICIDE,,SE,0,0,0,0,0,0,0,,,,,,,
All,Grindr,2025-02-01/2025-12-31,KEYWORD_OTHER,,SE,0,0,0,0,0,0,0,,,,,,,
All,Grindr,2025-02-01/2025-12-31,STATEMENT_CATEGORY_UNSAFE_AND_PROHIBITED_PRODUCTS,,SE,0,0,0,0,0,0,0,,,,,,,
All,Grindr,2025-02-01/2025-12-31,KEYWORD_PROHIBITED_PRODUCTS,,SE,0,0,0,0,0,0,0,,,,,,,
All,Grindr,2025-02-01/2025-12-31,KEYWORD_UNSAFE_PRODUCTS,,SE,0,0,0,0,0,0,0,,,,,,,
All,Grindr,2025-02-01/2025-12-31,KEYWORD_OTHER,,SE,0,0,0,0,0,0,0,,,,,,,
All,Grindr,2025-02-01/2025-12-31,STATEMENT_CATEGORY_VIOLENCE,,SE,0,0,0,0,2,97.78402777777778,97.78402777777778,,,,,,,
All,Grindr,2025-02-01/2025-12-31,KEYWORD_COORDINATED_HARM,,SE,0,0,0,0,0,0,0,,,,,,,
All,Grindr,2025-02-01/2025-12-31,KEYWORD_INCITEMENT_VIOLENCE_HATRED,,SE,0,0,0,0,0,0,0,,,,,,,
All,Grindr,2025-02-01/2025-12-31,KEYWORD_HUMAN_EXPLOITATION,,SE,0,0,0,0,0,0,0,,,,,,,
All,Grindr,2025-02-01/2025-12-31,KEYWORD_HUMAN_TRAFFICKING,,SE,0,0,0,0,0,0,0,,,,,,,
All,Grindr,2025-02-01/2025-12-31,KEYWORD_TRAFFICKING_WOMEN_GIRLS,,SE,0,0,0,0,0,0,0,,,,,,,
All,Grindr,2025-02-01/2025-12-31,KEYWORD_OTHER,Grindr captured cases of serious offline incidents in this category.,SE,0,0,0,0,2,97.78402777777778,97.78402777777778,,,,,,,
All,Grindr,2025-02-01/2025-12-31,STATEMENT_CATEGORY_NOT_SPECIFIED_ORDER,,SE,0,0,0,0,0,0,0,,,,,,,
