Applicability,Service,Reporting period,Category of illegal content,"Description of the sub-category ""Other""",Scope,Number of orders to act against illegal content received,Number of specific items of information included in the total number of orders to act against illegal content,Median time to inform the authority of the receipt of the order to act against illegal content,Median time to give effect to the order to act against illegal content,Number of orders to provide information,Median time to inform the authority of the receipt of the order to provide information,Median time to give effect to the order to provide information,Contextual information on number of orders to act against illegal content received,Contextual information on number of specific items of information included in the total number of orders to act against illegal content,Contextual information on Median time to inform the authority of the receipt of the order to act against illegal content,Contextual information on Median time to give effect to the order to act against illegal content,Contextual information on Number of orders to provide information,Contextual information on Median time to inform the authority of the receipt of the order to provide information,Contextual information on Median time to give effect to the order to provide information
All,pub.dev,2025-07-01/2025-12-31,TOTAL,,TOTAL,0,,,,0,,,,,,,,,
All,pub.dev,2025-07-01/2025-12-31,STATEMENT_CATEGORY_ANIMAL_WELFARE,,TOTAL,,,,,,,,,,,,,,
All,pub.dev,2025-07-01/2025-12-31,KEYWORD_ANIMAL_HARM,,TOTAL,,,,,,,,,,,,,,
All,pub.dev,2025-07-01/2025-12-31,KEYWORD_UNLAWFUL_SALE_ANIMALS,,TOTAL,,,,,,,,,,,,,,
All,pub.dev,2025-07-01/2025-12-31,KEYWORD_OTHER,ANIMAL_CRUELTY,TOTAL,,,,,,,,,,,,,,
All,pub.dev,2025-07-01/2025-12-31,KEYWORD_OTHER,ANIMAL_HARM_AND_UNLAWFUL_SALE,TOTAL,,,,,,,,,,,,,,
All,pub.dev,2025-07-01/2025-12-31,STATEMENT_CATEGORY_CONSUMER_INFORMATION,,TOTAL,,,,,,,,,,,,,,
All,pub.dev,2025-07-01/2025-12-31,KEYWORD_HIDDEN_ADVERTISEMENT,,TOTAL,,,,,,,,,,,,,,
All,pub.dev,2025-07-01/2025-12-31,KEYWORD_INSUFFICIENT_INFORMATION_ON_TRADERS,,TOTAL,,,,,,,,,,,,,,
All,pub.dev,2025-07-01/2025-12-31,KEYWORD_MISLEADING_INFO_GOODS_SERVICES,,TOTAL,,,,,,,,,,,,,,
All,pub.dev,2025-07-01/2025-12-31,KEYWORD_MISLEADING_INFO_CONSUMER_RIGHTS,,TOTAL,,,,,,,,,,,,,,
All,pub.dev,2025-07-01/2025-12-31,KEYWORD_NONCOMPLIANCE_PRICING,,TOTAL,,,,,,,,,,,,,,
All,pub.dev,2025-07-01/2025-12-31,KEYWORD_OTHER,CONSUMER_PROTECTION,TOTAL,,,,,,,,,,,,,,
All,pub.dev,2025-07-01/2025-12-31,KEYWORD_OTHER,MISREPRESENTATION,TOTAL,,,,,,,,,,,,,,
All,pub.dev,2025-07-01/2025-12-31,STATEMENT_CATEGORY_CYBER_VIOLENCE,,TOTAL,,,,,,,,,,,,,,
All,pub.dev,2025-07-01/2025-12-31,KEYWORD_CYBER_BULLYING_INTIMIDATION,,TOTAL,,,,,,,,,,,,,,
All,pub.dev,2025-07-01/2025-12-31,KEYWORD_CYBER_HARASSMENT,,TOTAL,,,,,,,,,,,,,,
All,pub.dev,2025-07-01/2025-12-31,KEYWORD_CYBER_INCITEMENT,,TOTAL,,,,,,,,,,,,,,
All,pub.dev,2025-07-01/2025-12-31,KEYWORD_CYBER_STALKING,,TOTAL,,,,,,,,,,,,,,
All,pub.dev,2025-07-01/2025-12-31,KEYWORD_NON_CONSENSUAL_IMAGE_SHARING,,TOTAL,,,,,,,,,,,,,,
All,pub.dev,2025-07-01/2025-12-31,KEYWORD_NON_CONSENSUAL_MATERIAL_DEEPFAKE,,TOTAL,,,,,,,,,,,,,,
All,pub.dev,2025-07-01/2025-12-31,KEYWORD_OTHER,DOXING,TOTAL,,,,,,,,,,,,,,
All,pub.dev,2025-07-01/2025-12-31,KEYWORD_OTHER,HARASSMENT,TOTAL,,,,,,,,,,,,,,
All,pub.dev,2025-07-01/2025-12-31,KEYWORD_OTHER,HARASSMENT_AND_CYBERBULLYING,TOTAL,,,,,,,,,,,,,,
All,pub.dev,2025-07-01/2025-12-31,KEYWORD_OTHER,HARMFUL_ACTIVITIES,TOTAL,,,,,,,,,,,,,,
All,pub.dev,2025-07-01/2025-12-31,KEYWORD_OTHER,SEXUAL_HARASSMENT,TOTAL,,,,,,,,,,,,,,
All,pub.dev,2025-07-01/2025-12-31,KEYWORD_OTHER,OBSCENITY_OR_PORNOGRAPHY,TOTAL,,,,,,,,,,,,,,
All,pub.dev,2025-07-01/2025-12-31,KEYWORD_OTHER,UNSAFE_CONTENT,TOTAL,,,,,,,,,,,,,,
All,pub.dev,2025-07-01/2025-12-31,STATEMENT_CATEGORY_CYBER_VIOLENCE_AGAINST_WOMEN,,TOTAL,,,,,,,,,,,,,,
All,pub.dev,2025-07-01/2025-12-31,KEYWORD_BULLYING_AGAINST_GIRLS,,TOTAL,,,,,,,,,,,,,,
All,pub.dev,2025-07-01/2025-12-31,KEYWORD_CYBER_HARASSMENT_AGAINST_WOMEN,,TOTAL,,,,,,,,,,,,,,
All,pub.dev,2025-07-01/2025-12-31,KEYWORD_CYBER_STALKING_AGAINST_WOMEN,,TOTAL,,,,,,,,,,,,,,
All,pub.dev,2025-07-01/2025-12-31,KEYWORD_FEMALE_GENDERED_DISINFORMATION,,TOTAL,,,,,,,,,,,,,,
All,pub.dev,2025-07-01/2025-12-31,KEYWORD_INCITEMENT_AGAINST_WOMEN,,TOTAL,,,,,,,,,,,,,,
All,pub.dev,2025-07-01/2025-12-31,KEYWORD_NON_CONSENSUAL_IMAGE_SHARING_AGAINST_WOMEN,,TOTAL,,,,,,,,,,,,,,
All,pub.dev,2025-07-01/2025-12-31,KEYWORD_NON_CONSENSUAL_MATERIAL_DEEPFAKE_AGAINST_WOMEN,,TOTAL,,,,,,,,,,,,,,
All,pub.dev,2025-07-01/2025-12-31,KEYWORD_OTHER,"Text to detail the ""Other"" keyword.",TOTAL,,,,,,,,,,,,,,
All,pub.dev,2025-07-01/2025-12-31,STATEMENT_CATEGORY_DATA_PROTECTION_AND_PRIVACY_VIOLATIONS,,TOTAL,,,,,,,,,,,,,,
All,pub.dev,2025-07-01/2025-12-31,KEYWORD_BIOMETRIC_DATA_BREACH,,TOTAL,,,,,,,,,,,,,,
All,pub.dev,2025-07-01/2025-12-31,KEYWORD_DATA_FALSIFICATION,,TOTAL,,,,,,,,,,,,,,
All,pub.dev,2025-07-01/2025-12-31,KEYWORD_MISSING_PROCESSING_GROUND,,TOTAL,,,,,,,,,,,,,,
All,pub.dev,2025-07-01/2025-12-31,KEYWORD_RIGHT_TO_BE_FORGOTTEN,,TOTAL,,,,,,,,,,,,,,
All,pub.dev,2025-07-01/2025-12-31,KEYWORD_OTHER,DATA_COLLECTION_AND_USE,TOTAL,,,,,,,,,,,,,,
All,pub.dev,2025-07-01/2025-12-31,KEYWORD_OTHER,DISCLOSURE_AND_CONSENT_PRACTICES,TOTAL,,,,,,,,,,,,,,
All,pub.dev,2025-07-01/2025-12-31,KEYWORD_OTHER,GDPR,TOTAL,,,,,,,,,,,,,,
All,pub.dev,2025-07-01/2025-12-31,KEYWORD_OTHER,PERSONAL_INFORMATION,TOTAL,,,,,,,,,,,,,,
All,pub.dev,2025-07-01/2025-12-31,KEYWORD_OTHER,PERSONAL_RIGHTS,TOTAL,,,,,,,,,,,,,,
All,pub.dev,2025-07-01/2025-12-31,KEYWORD_OTHER,PERSONALIZED_ADVERTISING,TOTAL,,,,,,,,,,,,,,
All,pub.dev,2025-07-01/2025-12-31,KEYWORD_OTHER,PRIVACY,TOTAL,,,,,,,,,,,,,,
All,pub.dev,2025-07-01/2025-12-31,KEYWORD_OTHER,PRIVACY_POLICY,TOTAL,,,,,,,,,,,,,,
All,pub.dev,2025-07-01/2025-12-31,KEYWORD_OTHER,UNSECURE_DATA_HANDLING,TOTAL,,,,,,,,,,,,,,
All,pub.dev,2025-07-01/2025-12-31,STATEMENT_CATEGORY_ILLEGAL_OR_HARMFUL_SPEECH,,TOTAL,,,,,,,,,,,,,,
All,pub.dev,2025-07-01/2025-12-31,KEYWORD_DEFAMATION,,TOTAL,,,,,,,,,,,,,,
All,pub.dev,2025-07-01/2025-12-31,KEYWORD_DISCRIMINATION,,TOTAL,,,,,,,,,,,,,,
All,pub.dev,2025-07-01/2025-12-31,KEYWORD_HATE_SPEECH,,TOTAL,,,,,,,,,,,,,,
All,pub.dev,2025-07-01/2025-12-31,KEYWORD_OTHER,HATEFUL_OR_ABUSIVE,TOTAL,,,,,,,,,,,,,,
All,pub.dev,2025-07-01/2025-12-31,KEYWORD_OTHER,ILLEGAL_OR_HARMFUL_SPEECH,TOTAL,,,,,,,,,,,,,,
All,pub.dev,2025-07-01/2025-12-31,KEYWORD_OTHER,OBSCENITY_AND_PROFANITY,TOTAL,,,,,,,,,,,,,,
All,pub.dev,2025-07-01/2025-12-31,KEYWORD_OTHER,OFFENSIVE_CONTENT,TOTAL,,,,,,,,,,,,,,
All,pub.dev,2025-07-01/2025-12-31,KEYWORD_OTHER,UNSAFE_CONTENT,TOTAL,,,,,,,,,,,,,,
All,pub.dev,2025-07-01/2025-12-31,STATEMENT_CATEGORY_INTELLECTUAL_PROPERTY_INFRINGEMENTS,,TOTAL,,,,,,,,,,,,,,
All,pub.dev,2025-07-01/2025-12-31,KEYWORD_COPYRIGHT_INFRINGEMENT,,TOTAL,,,,,,,,,,,,,,
All,pub.dev,2025-07-01/2025-12-31,KEYWORD_DESIGN_INFRINGEMENT,,TOTAL,,,,,,,,,,,,,,
All,pub.dev,2025-07-01/2025-12-31,KEYWORD_GEOGRAPHIC_INDICATIONS_INFRINGEMENT,,TOTAL,,,,,,,,,,,,,,
All,pub.dev,2025-07-01/2025-12-31,KEYWORD_PATENT_INFRINGEMENT,,TOTAL,,,,,,,,,,,,,,
All,pub.dev,2025-07-01/2025-12-31,KEYWORD_TRADE_SECRET_INFRINGEMENT,,TOTAL,,,,,,,,,,,,,,
All,pub.dev,2025-07-01/2025-12-31,KEYWORD_TRADEMARK_INFRINGEMENT,,TOTAL,,,,,,,,,,,,,,
All,pub.dev,2025-07-01/2025-12-31,KEYWORD_OTHER,CIRCUMVENTION,TOTAL,,,,,,,,,,,,,,
All,pub.dev,2025-07-01/2025-12-31,KEYWORD_OTHER,INTELLECTUAL PROPERTY,TOTAL,,,,,,,,,,,,,,
All,pub.dev,2025-07-01/2025-12-31,STATEMENT_CATEGORY_NEGATIVE_EFFECTS_ON_CIVIC_DISCOURSE_OR_ELECTIONS,,TOTAL,,,,,,,,,,,,,,
All,pub.dev,2025-07-01/2025-12-31,KEYWORD_MISINFORMATION_DISINFORMATION,,TOTAL,,,,,,,,,,,,,,
All,pub.dev,2025-07-01/2025-12-31,KEYWORD_VIOLATION_EU_LAW,,TOTAL,,,,,,,,,,,,,,
All,pub.dev,2025-07-01/2025-12-31,KEYWORD_VIOLATION_NATIONAL_LAW,,TOTAL,,,,,,,,,,,,,,
All,pub.dev,2025-07-01/2025-12-31,KEYWORD_OTHER,ELECTORAL,TOTAL,,,,,,,,,,,,,,
All,pub.dev,2025-07-01/2025-12-31,KEYWORD_OTHER,HACKED_POLITICAL_MATERIALS,TOTAL,,,,,,,,,,,,,,
All,pub.dev,2025-07-01/2025-12-31,KEYWORD_OTHER,POLITICAL_CONTENT,TOTAL,,,,,,,,,,,,,,
All,pub.dev,2025-07-01/2025-12-31,KEYWORD_OTHER,SOCIAL_STABILITY,TOTAL,,,,,,,,,,,,,,
All,pub.dev,2025-07-01/2025-12-31,KEYWORD_OTHER,SOCIETAL_VALUES,TOTAL,,,,,,,,,,,,,,
All,pub.dev,2025-07-01/2025-12-31,STATEMENT_CATEGORY_PROTECTION_OF_MINORS,,TOTAL,,,,,,,,,,,,,,
All,pub.dev,2025-07-01/2025-12-31,KEYWORD_AGE_SPECIFIC_RESTRICTIONS_MINORS,,TOTAL,,,,,,,,,,,,,,
All,pub.dev,2025-07-01/2025-12-31,KEYWORD_CHILD_SEXUAL_ABUSE_MATERIAL,,TOTAL,,,,,,,,,,,,,,
All,pub.dev,2025-07-01/2025-12-31,KEYWORD_CHILD_SEXUAL_ABUSE_MATERIAL_DEEPFAKE,,TOTAL,,,,,,,,,,,,,,
All,pub.dev,2025-07-01/2025-12-31,KEYWORD_GROOMING_SEXUAL_ENTICEMENT_MINORS,,TOTAL,,,,,,,,,,,,,,
All,pub.dev,2025-07-01/2025-12-31,KEYWORD_UNSAFE_CHALLENGES,,TOTAL,,,,,,,,,,,,,,
All,pub.dev,2025-07-01/2025-12-31,KEYWORD_OTHER,CHILD_ENDANGERMENT,TOTAL,,,,,,,,,,,,,,
All,pub.dev,2025-07-01/2025-12-31,KEYWORD_OTHER,CHILD_SAFETY,TOTAL,,,,,,,,,,,,,,
All,pub.dev,2025-07-01/2025-12-31,KEYWORD_OTHER,HARMFUL_OR_DANGEROUS_ACTS_CHALLENGES_AND_PRANKS,TOTAL,,,,,,,,,,,,,,
All,pub.dev,2025-07-01/2025-12-31,KEYWORD_OTHER,KNOWN_SERIES,TOTAL,,,,,,,,,,,,,,
All,pub.dev,2025-07-01/2025-12-31,KEYWORD_OTHER,PROTECTION_OF_MINORS,TOTAL,,,,,,,,,,,,,,
All,pub.dev,2025-07-01/2025-12-31,KEYWORD_OTHER,UNAUTHORIZED_IMAGE_OF_MINORS,TOTAL,,,,,,,,,,,,,,
All,pub.dev,2025-07-01/2025-12-31,STATEMENT_CATEGORY_RISK_FOR_PUBLIC_SECURITY,,TOTAL,,,,,,,,,,,,,,
All,pub.dev,2025-07-01/2025-12-31,KEYWORD_ILLEGAL_ORGANIZATIONS,,TOTAL,,,,,,,,,,,,,,
All,pub.dev,2025-07-01/2025-12-31,KEYWORD_RISK_ENVIRONMENTAL_DAMAGE,,TOTAL,,,,,,,,,,,,,,
All,pub.dev,2025-07-01/2025-12-31,KEYWORD_RISK_PUBLIC_HEALTH,,TOTAL,,,,,,,,,,,,,,
All,pub.dev,2025-07-01/2025-12-31,KEYWORD_TERRORIST_CONTENT,,TOTAL,,,,,,,,,,,,,,
All,pub.dev,2025-07-01/2025-12-31,KEYWORD_OTHER,COURT_ORDER,TOTAL,,,,,,,,,,,,,,
All,pub.dev,2025-07-01/2025-12-31,KEYWORD_OTHER,RISK_FOR_PUBLIC_SECURITY,TOTAL,,,,,,,,,,,,,,
All,pub.dev,2025-07-01/2025-12-31,KEYWORD_OTHER,SENSITIVE_EVENTS,TOTAL,,,,,,,,,,,,,,
All,pub.dev,2025-07-01/2025-12-31,KEYWORD_OTHER,VIOLENT_EXTREMISM,TOTAL,,,,,,,,,,,,,,
All,pub.dev,2025-07-01/2025-12-31,KEYWORD_OTHER,WRONGFUL_OR_UNAUTHORIZED_USE_OF_SYMBOLS,TOTAL,,,,,,,,,,,,,,
All,pub.dev,2025-07-01/2025-12-31,STATEMENT_CATEGORY_SCAMS_AND_FRAUD,,TOTAL,,,,,,,,,,,,,,
All,pub.dev,2025-07-01/2025-12-31,KEYWORD_IMPERSONATION_ACCOUNT_HIJACKING,,TOTAL,,,,,,,,,,,,,,
All,pub.dev,2025-07-01/2025-12-31,KEYWORD_INAUTHENTIC_ACCOUNTS,,TOTAL,,,,,,,,,,,,,,
All,pub.dev,2025-07-01/2025-12-31,KEYWORD_INAUTHENTIC_LISTINGS,,TOTAL,,,,,,,,,,,,,,
All,pub.dev,2025-07-01/2025-12-31,KEYWORD_INAUTHENTIC_USER_REVIEWS,,TOTAL,,,,,,,,,,,,,,
All,pub.dev,2025-07-01/2025-12-31,KEYWORD_PHISHING,,TOTAL,,,,,,,,,,,,,,
All,pub.dev,2025-07-01/2025-12-31,KEYWORD_PYRAMID_SCHEMES,,TOTAL,,,,,,,,,,,,,,
All,pub.dev,2025-07-01/2025-12-31,KEYWORD_OTHER,AD_FRAUD_POLICY,TOTAL,,,,,,,,,,,,,,
All,pub.dev,2025-07-01/2025-12-31,KEYWORD_OTHER,ENCOURAGEMENT_OF_DIGITAL_SECURITY_OR_TERMS_OF_SERVICE_VIOLATIONS,TOTAL,,,,,,,,,,,,,,
All,pub.dev,2025-07-01/2025-12-31,KEYWORD_OTHER,FRAUD,TOTAL,,,,,,,,,,,,,,
All,pub.dev,2025-07-01/2025-12-31,KEYWORD_OTHER,MALWARE,TOTAL,,,,,,,,,,,,,,
All,pub.dev,2025-07-01/2025-12-31,KEYWORD_OTHER,MALWARE_AND_PHISHING,TOTAL,,,,,,,,,,,,,,
All,pub.dev,2025-07-01/2025-12-31,KEYWORD_OTHER,MALWARE_AND_SYSTEM_CIRCUMVENTION,TOTAL,,,,,,,,,,,,,,
All,pub.dev,2025-07-01/2025-12-31,KEYWORD_OTHER,MISREPRESENTATION,TOTAL,,,,,,,,,,,,,,
All,pub.dev,2025-07-01/2025-12-31,KEYWORD_OTHER,SCAMS,TOTAL,,,,,,,,,,,,,,
All,pub.dev,2025-07-01/2025-12-31,KEYWORD_OTHER,SOCIAL_ENGINEERING_TACTICS,TOTAL,,,,,,,,,,,,,,
All,pub.dev,2025-07-01/2025-12-31,STATEMENT_CATEGORY_SELF_HARM,,TOTAL,,,,,,,,,,,,,,
All,pub.dev,2025-07-01/2025-12-31,KEYWORD_CONTENT_PROMOTING_EATING_DISORDERS,,TOTAL,,,,,,,,,,,,,,
All,pub.dev,2025-07-01/2025-12-31,KEYWORD_SELF_MUTILATION,,TOTAL,,,,,,,,,,,,,,
All,pub.dev,2025-07-01/2025-12-31,KEYWORD_SUICIDE,,TOTAL,,,,,,,,,,,,,,
All,pub.dev,2025-07-01/2025-12-31,KEYWORD_OTHER,SELF_HARM,TOTAL,,,,,,,,,,,,,,
All,pub.dev,2025-07-01/2025-12-31,KEYWORD_OTHER,SUICIDE_AND_SELF_HARM,TOTAL,,,,,,,,,,,,,,
All,pub.dev,2025-07-01/2025-12-31,STATEMENT_CATEGORY_UNSAFE_AND_PROHIBITED_PRODUCTS,,TOTAL,,,,,,,,,,,,,,
All,pub.dev,2025-07-01/2025-12-31,KEYWORD_PROHIBITED_PRODUCTS,,TOTAL,,,,,,,,,,,,,,
All,pub.dev,2025-07-01/2025-12-31,KEYWORD_UNSAFE_PRODUCTS,,TOTAL,,,,,,,,,,,,,,
All,pub.dev,2025-07-01/2025-12-31,KEYWORD_OTHER,COURT_ORDER,TOTAL,,,,,,,,,,,,,,
All,pub.dev,2025-07-01/2025-12-31,KEYWORD_OTHER,ENABLING_DISHONEST_BEHAVIOR,TOTAL,,,,,,,,,,,,,,
All,pub.dev,2025-07-01/2025-12-31,KEYWORD_OTHER,FIREARMS_AND_ILLEGAL_REGULATED_GOODS_OR_SERVICES,TOTAL,,,,,,,,,,,,,,
All,pub.dev,2025-07-01/2025-12-31,KEYWORD_OTHER,OTHER_LEGAL_NOTICES_OR_ORDERS,TOTAL,,,,,,,,,,,,,,
All,pub.dev,2025-07-01/2025-12-31,KEYWORD_OTHER,UNAUTHORIZED_PHARMACIES,TOTAL,,,,,,,,,,,,,,
All,pub.dev,2025-07-01/2025-12-31,STATEMENT_CATEGORY_VIOLENCE,,TOTAL,,,,,,,,,,,,,,
All,pub.dev,2025-07-01/2025-12-31,KEYWORD_COORDINATED_HARM,,TOTAL,,,,,,,,,,,,,,
All,pub.dev,2025-07-01/2025-12-31,KEYWORD_INCITEMENT_VIOLENCE_HATRED,,TOTAL,,,,,,,,,,,,,,
All,pub.dev,2025-07-01/2025-12-31,KEYWORD_HUMAN_EXPLOITATION,,TOTAL,,,,,,,,,,,,,,
All,pub.dev,2025-07-01/2025-12-31,KEYWORD_HUMAN_TRAFFICKING,,TOTAL,,,,,,,,,,,,,,
All,pub.dev,2025-07-01/2025-12-31,KEYWORD_TRAFFICKING_WOMEN_GIRLS,,TOTAL,,,,,,,,,,,,,,
All,pub.dev,2025-07-01/2025-12-31,KEYWORD_OTHER,DEPICTION_OF VIOLENCE,TOTAL,,,,,,,,,,,,,,
All,pub.dev,2025-07-01/2025-12-31,KEYWORD_OTHER,SHOCKING_CONTENT,TOTAL,,,,,,,,,,,,,,
All,pub.dev,2025-07-01/2025-12-31,KEYWORD_OTHER,VIOLENT_OR_GRAPHIC_CONTENT,TOTAL,,,,,,,,,,,,,,
All,pub.dev,2025-07-01/2025-12-31,STATEMENT_CATEGORY_NOT_SPECIFIED_ORDER,,TOTAL,,,,,,,,,,,,,,
All,pub.dev,2025-07-01/2025-12-31,TOTAL,,AT,,,,,,,,,,,,,,
All,pub.dev,2025-07-01/2025-12-31,STATEMENT_CATEGORY_ANIMAL_WELFARE,,AT,,,,,,,,,,,,,,
All,pub.dev,2025-07-01/2025-12-31,KEYWORD_ANIMAL_HARM,,AT,,,,,,,,,,,,,,
All,pub.dev,2025-07-01/2025-12-31,KEYWORD_UNLAWFUL_SALE_ANIMALS,,AT,,,,,,,,,,,,,,
All,pub.dev,2025-07-01/2025-12-31,KEYWORD_OTHER,ANIMAL_CRUELTY,AT,,,,,,,,,,,,,,
All,pub.dev,2025-07-01/2025-12-31,KEYWORD_OTHER,ANIMAL_HARM_AND_UNLAWFUL_SALE,AT,,,,,,,,,,,,,,
All,pub.dev,2025-07-01/2025-12-31,STATEMENT_CATEGORY_CONSUMER_INFORMATION,,AT,,,,,,,,,,,,,,
All,pub.dev,2025-07-01/2025-12-31,KEYWORD_HIDDEN_ADVERTISEMENT,,AT,,,,,,,,,,,,,,
All,pub.dev,2025-07-01/2025-12-31,KEYWORD_INSUFFICIENT_INFORMATION_ON_TRADERS,,AT,,,,,,,,,,,,,,
All,pub.dev,2025-07-01/2025-12-31,KEYWORD_MISLEADING_INFO_GOODS_SERVICES,,AT,,,,,,,,,,,,,,
All,pub.dev,2025-07-01/2025-12-31,KEYWORD_MISLEADING_INFO_CONSUMER_RIGHTS,,AT,,,,,,,,,,,,,,
All,pub.dev,2025-07-01/2025-12-31,KEYWORD_NONCOMPLIANCE_PRICING,,AT,,,,,,,,,,,,,,
All,pub.dev,2025-07-01/2025-12-31,KEYWORD_OTHER,CONSUMER_PROTECTION,AT,,,,,,,,,,,,,,
All,pub.dev,2025-07-01/2025-12-31,KEYWORD_OTHER,MISREPRESENTATION,AT,,,,,,,,,,,,,,
All,pub.dev,2025-07-01/2025-12-31,STATEMENT_CATEGORY_CYBER_VIOLENCE,,AT,,,,,,,,,,,,,,
All,pub.dev,2025-07-01/2025-12-31,KEYWORD_CYBER_BULLYING_INTIMIDATION,,AT,,,,,,,,,,,,,,
All,pub.dev,2025-07-01/2025-12-31,KEYWORD_CYBER_HARASSMENT,,AT,,,,,,,,,,,,,,
All,pub.dev,2025-07-01/2025-12-31,KEYWORD_CYBER_INCITEMENT,,AT,,,,,,,,,,,,,,
All,pub.dev,2025-07-01/2025-12-31,KEYWORD_CYBER_STALKING,,AT,,,,,,,,,,,,,,
All,pub.dev,2025-07-01/2025-12-31,KEYWORD_NON_CONSENSUAL_IMAGE_SHARING,,AT,,,,,,,,,,,,,,
All,pub.dev,2025-07-01/2025-12-31,KEYWORD_NON_CONSENSUAL_MATERIAL_DEEPFAKE,,AT,,,,,,,,,,,,,,
All,pub.dev,2025-07-01/2025-12-31,KEYWORD_OTHER,DOXING,AT,,,,,,,,,,,,,,
All,pub.dev,2025-07-01/2025-12-31,KEYWORD_OTHER,HARASSMENT,AT,,,,,,,,,,,,,,
All,pub.dev,2025-07-01/2025-12-31,KEYWORD_OTHER,HARASSMENT_AND_CYBERBULLYING,AT,,,,,,,,,,,,,,
All,pub.dev,2025-07-01/2025-12-31,KEYWORD_OTHER,HARMFUL_ACTIVITIES,AT,,,,,,,,,,,,,,
All,pub.dev,2025-07-01/2025-12-31,KEYWORD_OTHER,SEXUAL_HARASSMENT,AT,,,,,,,,,,,,,,
All,pub.dev,2025-07-01/2025-12-31,KEYWORD_OTHER,OBSCENITY_OR_PORNOGRAPHY,AT,,,,,,,,,,,,,,
All,pub.dev,2025-07-01/2025-12-31,KEYWORD_OTHER,UNSAFE_CONTENT,AT,,,,,,,,,,,,,,
All,pub.dev,2025-07-01/2025-12-31,STATEMENT_CATEGORY_CYBER_VIOLENCE_AGAINST_WOMEN,,AT,,,,,,,,,,,,,,
All,pub.dev,2025-07-01/2025-12-31,KEYWORD_BULLYING_AGAINST_GIRLS,,AT,,,,,,,,,,,,,,
All,pub.dev,2025-07-01/2025-12-31,KEYWORD_CYBER_HARASSMENT_AGAINST_WOMEN,,AT,,,,,,,,,,,,,,
All,pub.dev,2025-07-01/2025-12-31,KEYWORD_CYBER_STALKING_AGAINST_WOMEN,,AT,,,,,,,,,,,,,,
All,pub.dev,2025-07-01/2025-12-31,KEYWORD_FEMALE_GENDERED_DISINFORMATION,,AT,,,,,,,,,,,,,,
All,pub.dev,2025-07-01/2025-12-31,KEYWORD_INCITEMENT_AGAINST_WOMEN,,AT,,,,,,,,,,,,,,
All,pub.dev,2025-07-01/2025-12-31,KEYWORD_NON_CONSENSUAL_IMAGE_SHARING_AGAINST_WOMEN,,AT,,,,,,,,,,,,,,
All,pub.dev,2025-07-01/2025-12-31,KEYWORD_NON_CONSENSUAL_MATERIAL_DEEPFAKE_AGAINST_WOMEN,,AT,,,,,,,,,,,,,,
All,pub.dev,2025-07-01/2025-12-31,KEYWORD_OTHER,"Text to detail the ""Other"" keyword.",AT,,,,,,,,,,,,,,
All,pub.dev,2025-07-01/2025-12-31,STATEMENT_CATEGORY_DATA_PROTECTION_AND_PRIVACY_VIOLATIONS,,AT,,,,,,,,,,,,,,
All,pub.dev,2025-07-01/2025-12-31,KEYWORD_BIOMETRIC_DATA_BREACH,,AT,,,,,,,,,,,,,,
All,pub.dev,2025-07-01/2025-12-31,KEYWORD_DATA_FALSIFICATION,,AT,,,,,,,,,,,,,,
All,pub.dev,2025-07-01/2025-12-31,KEYWORD_MISSING_PROCESSING_GROUND,,AT,,,,,,,,,,,,,,
All,pub.dev,2025-07-01/2025-12-31,KEYWORD_RIGHT_TO_BE_FORGOTTEN,,AT,,,,,,,,,,,,,,
All,pub.dev,2025-07-01/2025-12-31,KEYWORD_OTHER,DATA_COLLECTION_AND_USE,AT,,,,,,,,,,,,,,
All,pub.dev,2025-07-01/2025-12-31,KEYWORD_OTHER,DISCLOSURE_AND_CONSENT_PRACTICES,AT,,,,,,,,,,,,,,
All,pub.dev,2025-07-01/2025-12-31,KEYWORD_OTHER,GDPR,AT,,,,,,,,,,,,,,
All,pub.dev,2025-07-01/2025-12-31,KEYWORD_OTHER,PERSONAL_INFORMATION,AT,,,,,,,,,,,,,,
All,pub.dev,2025-07-01/2025-12-31,KEYWORD_OTHER,PERSONAL_RIGHTS,AT,,,,,,,,,,,,,,
All,pub.dev,2025-07-01/2025-12-31,KEYWORD_OTHER,PERSONALIZED_ADVERTISING,AT,,,,,,,,,,,,,,
All,pub.dev,2025-07-01/2025-12-31,KEYWORD_OTHER,PRIVACY,AT,,,,,,,,,,,,,,
All,pub.dev,2025-07-01/2025-12-31,KEYWORD_OTHER,PRIVACY_POLICY,AT,,,,,,,,,,,,,,
All,pub.dev,2025-07-01/2025-12-31,KEYWORD_OTHER,UNSECURE_DATA_HANDLING,AT,,,,,,,,,,,,,,
All,pub.dev,2025-07-01/2025-12-31,STATEMENT_CATEGORY_ILLEGAL_OR_HARMFUL_SPEECH,,AT,,,,,,,,,,,,,,
All,pub.dev,2025-07-01/2025-12-31,KEYWORD_DEFAMATION,,AT,,,,,,,,,,,,,,
All,pub.dev,2025-07-01/2025-12-31,KEYWORD_DISCRIMINATION,,AT,,,,,,,,,,,,,,
All,pub.dev,2025-07-01/2025-12-31,KEYWORD_HATE_SPEECH,,AT,,,,,,,,,,,,,,
All,pub.dev,2025-07-01/2025-12-31,KEYWORD_OTHER,HATEFUL_OR_ABUSIVE,AT,,,,,,,,,,,,,,
All,pub.dev,2025-07-01/2025-12-31,KEYWORD_OTHER,ILLEGAL_OR_HARMFUL_SPEECH,AT,,,,,,,,,,,,,,
All,pub.dev,2025-07-01/2025-12-31,KEYWORD_OTHER,OBSCENITY_AND_PROFANITY,AT,,,,,,,,,,,,,,
All,pub.dev,2025-07-01/2025-12-31,KEYWORD_OTHER,OFFENSIVE_CONTENT,AT,,,,,,,,,,,,,,
All,pub.dev,2025-07-01/2025-12-31,KEYWORD_OTHER,UNSAFE_CONTENT,AT,,,,,,,,,,,,,,
All,pub.dev,2025-07-01/2025-12-31,STATEMENT_CATEGORY_INTELLECTUAL_PROPERTY_INFRINGEMENTS,,AT,,,,,,,,,,,,,,
All,pub.dev,2025-07-01/2025-12-31,KEYWORD_COPYRIGHT_INFRINGEMENT,,AT,,,,,,,,,,,,,,
All,pub.dev,2025-07-01/2025-12-31,KEYWORD_DESIGN_INFRINGEMENT,,AT,,,,,,,,,,,,,,
All,pub.dev,2025-07-01/2025-12-31,KEYWORD_GEOGRAPHIC_INDICATIONS_INFRINGEMENT,,AT,,,,,,,,,,,,,,
All,pub.dev,2025-07-01/2025-12-31,KEYWORD_PATENT_INFRINGEMENT,,AT,,,,,,,,,,,,,,
All,pub.dev,2025-07-01/2025-12-31,KEYWORD_TRADE_SECRET_INFRINGEMENT,,AT,,,,,,,,,,,,,,
All,pub.dev,2025-07-01/2025-12-31,KEYWORD_TRADEMARK_INFRINGEMENT,,AT,,,,,,,,,,,,,,
All,pub.dev,2025-07-01/2025-12-31,KEYWORD_OTHER,CIRCUMVENTION,AT,,,,,,,,,,,,,,
All,pub.dev,2025-07-01/2025-12-31,KEYWORD_OTHER,INTELLECTUAL PROPERTY,AT,,,,,,,,,,,,,,
All,pub.dev,2025-07-01/2025-12-31,STATEMENT_CATEGORY_NEGATIVE_EFFECTS_ON_CIVIC_DISCOURSE_OR_ELECTIONS,,AT,,,,,,,,,,,,,,
All,pub.dev,2025-07-01/2025-12-31,KEYWORD_MISINFORMATION_DISINFORMATION,,AT,,,,,,,,,,,,,,
All,pub.dev,2025-07-01/2025-12-31,KEYWORD_VIOLATION_EU_LAW,,AT,,,,,,,,,,,,,,
All,pub.dev,2025-07-01/2025-12-31,KEYWORD_VIOLATION_NATIONAL_LAW,,AT,,,,,,,,,,,,,,
All,pub.dev,2025-07-01/2025-12-31,KEYWORD_OTHER,ELECTORAL,AT,,,,,,,,,,,,,,
All,pub.dev,2025-07-01/2025-12-31,KEYWORD_OTHER,HACKED_POLITICAL_MATERIALS,AT,,,,,,,,,,,,,,
All,pub.dev,2025-07-01/2025-12-31,KEYWORD_OTHER,POLITICAL_CONTENT,AT,,,,,,,,,,,,,,
All,pub.dev,2025-07-01/2025-12-31,KEYWORD_OTHER,SOCIAL_STABILITY,AT,,,,,,,,,,,,,,
All,pub.dev,2025-07-01/2025-12-31,KEYWORD_OTHER,SOCIETAL_VALUES,AT,,,,,,,,,,,,,,
All,pub.dev,2025-07-01/2025-12-31,STATEMENT_CATEGORY_PROTECTION_OF_MINORS,,AT,,,,,,,,,,,,,,
All,pub.dev,2025-07-01/2025-12-31,KEYWORD_AGE_SPECIFIC_RESTRICTIONS_MINORS,,AT,,,,,,,,,,,,,,
All,pub.dev,2025-07-01/2025-12-31,KEYWORD_CHILD_SEXUAL_ABUSE_MATERIAL,,AT,,,,,,,,,,,,,,
All,pub.dev,2025-07-01/2025-12-31,KEYWORD_CHILD_SEXUAL_ABUSE_MATERIAL_DEEPFAKE,,AT,,,,,,,,,,,,,,
All,pub.dev,2025-07-01/2025-12-31,KEYWORD_GROOMING_SEXUAL_ENTICEMENT_MINORS,,AT,,,,,,,,,,,,,,
All,pub.dev,2025-07-01/2025-12-31,KEYWORD_UNSAFE_CHALLENGES,,AT,,,,,,,,,,,,,,
All,pub.dev,2025-07-01/2025-12-31,KEYWORD_OTHER,CHILD_ENDANGERMENT,AT,,,,,,,,,,,,,,
All,pub.dev,2025-07-01/2025-12-31,KEYWORD_OTHER,CHILD_SAFETY,AT,,,,,,,,,,,,,,
All,pub.dev,2025-07-01/2025-12-31,KEYWORD_OTHER,HARMFUL_OR_DANGEROUS_ACTS_CHALLENGES_AND_PRANKS,AT,,,,,,,,,,,,,,
All,pub.dev,2025-07-01/2025-12-31,KEYWORD_OTHER,KNOWN_SERIES,AT,,,,,,,,,,,,,,
All,pub.dev,2025-07-01/2025-12-31,KEYWORD_OTHER,PROTECTION_OF_MINORS,AT,,,,,,,,,,,,,,
All,pub.dev,2025-07-01/2025-12-31,KEYWORD_OTHER,UNAUTHORIZED_IMAGE_OF_MINORS,AT,,,,,,,,,,,,,,
All,pub.dev,2025-07-01/2025-12-31,STATEMENT_CATEGORY_RISK_FOR_PUBLIC_SECURITY,,AT,,,,,,,,,,,,,,
All,pub.dev,2025-07-01/2025-12-31,KEYWORD_ILLEGAL_ORGANIZATIONS,,AT,,,,,,,,,,,,,,
All,pub.dev,2025-07-01/2025-12-31,KEYWORD_RISK_ENVIRONMENTAL_DAMAGE,,AT,,,,,,,,,,,,,,
All,pub.dev,2025-07-01/2025-12-31,KEYWORD_RISK_PUBLIC_HEALTH,,AT,,,,,,,,,,,,,,
All,pub.dev,2025-07-01/2025-12-31,KEYWORD_TERRORIST_CONTENT,,AT,,,,,,,,,,,,,,
All,pub.dev,2025-07-01/2025-12-31,KEYWORD_OTHER,COURT_ORDER,AT,,,,,,,,,,,,,,
All,pub.dev,2025-07-01/2025-12-31,KEYWORD_OTHER,RISK_FOR_PUBLIC_SECURITY,AT,,,,,,,,,,,,,,
All,pub.dev,2025-07-01/2025-12-31,KEYWORD_OTHER,SENSITIVE_EVENTS,AT,,,,,,,,,,,,,,
All,pub.dev,2025-07-01/2025-12-31,KEYWORD_OTHER,VIOLENT_EXTREMISM,AT,,,,,,,,,,,,,,
All,pub.dev,2025-07-01/2025-12-31,KEYWORD_OTHER,WRONGFUL_OR_UNAUTHORIZED_USE_OF_SYMBOLS,AT,,,,,,,,,,,,,,
All,pub.dev,2025-07-01/2025-12-31,STATEMENT_CATEGORY_SCAMS_AND_FRAUD,,AT,,,,,,,,,,,,,,
All,pub.dev,2025-07-01/2025-12-31,KEYWORD_IMPERSONATION_ACCOUNT_HIJACKING,,AT,,,,,,,,,,,,,,
All,pub.dev,2025-07-01/2025-12-31,KEYWORD_INAUTHENTIC_ACCOUNTS,,AT,,,,,,,,,,,,,,
All,pub.dev,2025-07-01/2025-12-31,KEYWORD_INAUTHENTIC_LISTINGS,,AT,,,,,,,,,,,,,,
All,pub.dev,2025-07-01/2025-12-31,KEYWORD_INAUTHENTIC_USER_REVIEWS,,AT,,,,,,,,,,,,,,
All,pub.dev,2025-07-01/2025-12-31,KEYWORD_PHISHING,,AT,,,,,,,,,,,,,,
All,pub.dev,2025-07-01/2025-12-31,KEYWORD_PYRAMID_SCHEMES,,AT,,,,,,,,,,,,,,
All,pub.dev,2025-07-01/2025-12-31,KEYWORD_OTHER,AD_FRAUD_POLICY,AT,,,,,,,,,,,,,,
All,pub.dev,2025-07-01/2025-12-31,KEYWORD_OTHER,ENCOURAGEMENT_OF_DIGITAL_SECURITY_OR_TERMS_OF_SERVICE_VIOLATIONS,AT,,,,,,,,,,,,,,
All,pub.dev,2025-07-01/2025-12-31,KEYWORD_OTHER,FRAUD,AT,,,,,,,,,,,,,,
All,pub.dev,2025-07-01/2025-12-31,KEYWORD_OTHER,MALWARE,AT,,,,,,,,,,,,,,
All,pub.dev,2025-07-01/2025-12-31,KEYWORD_OTHER,MALWARE_AND_PHISHING,AT,,,,,,,,,,,,,,
All,pub.dev,2025-07-01/2025-12-31,KEYWORD_OTHER,MALWARE_AND_SYSTEM_CIRCUMVENTION,AT,,,,,,,,,,,,,,
All,pub.dev,2025-07-01/2025-12-31,KEYWORD_OTHER,MISREPRESENTATION,AT,,,,,,,,,,,,,,
All,pub.dev,2025-07-01/2025-12-31,KEYWORD_OTHER,SCAMS,AT,,,,,,,,,,,,,,
All,pub.dev,2025-07-01/2025-12-31,KEYWORD_OTHER,SOCIAL_ENGINEERING_TACTICS,AT,,,,,,,,,,,,,,
All,pub.dev,2025-07-01/2025-12-31,STATEMENT_CATEGORY_SELF_HARM,,AT,,,,,,,,,,,,,,
All,pub.dev,2025-07-01/2025-12-31,KEYWORD_CONTENT_PROMOTING_EATING_DISORDERS,,AT,,,,,,,,,,,,,,
All,pub.dev,2025-07-01/2025-12-31,KEYWORD_SELF_MUTILATION,,AT,,,,,,,,,,,,,,
All,pub.dev,2025-07-01/2025-12-31,KEYWORD_SUICIDE,,AT,,,,,,,,,,,,,,
All,pub.dev,2025-07-01/2025-12-31,KEYWORD_OTHER,SELF_HARM,AT,,,,,,,,,,,,,,
All,pub.dev,2025-07-01/2025-12-31,KEYWORD_OTHER,SUICIDE_AND_SELF_HARM,AT,,,,,,,,,,,,,,
All,pub.dev,2025-07-01/2025-12-31,STATEMENT_CATEGORY_UNSAFE_AND_PROHIBITED_PRODUCTS,,AT,,,,,,,,,,,,,,
All,pub.dev,2025-07-01/2025-12-31,KEYWORD_PROHIBITED_PRODUCTS,,AT,,,,,,,,,,,,,,
All,pub.dev,2025-07-01/2025-12-31,KEYWORD_UNSAFE_PRODUCTS,,AT,,,,,,,,,,,,,,
All,pub.dev,2025-07-01/2025-12-31,KEYWORD_OTHER,COURT_ORDER,AT,,,,,,,,,,,,,,
All,pub.dev,2025-07-01/2025-12-31,KEYWORD_OTHER,ENABLING_DISHONEST_BEHAVIOR,AT,,,,,,,,,,,,,,
All,pub.dev,2025-07-01/2025-12-31,KEYWORD_OTHER,FIREARMS_AND_ILLEGAL_REGULATED_GOODS_OR_SERVICES,AT,,,,,,,,,,,,,,
All,pub.dev,2025-07-01/2025-12-31,KEYWORD_OTHER,OTHER_LEGAL_NOTICES_OR_ORDERS,AT,,,,,,,,,,,,,,
All,pub.dev,2025-07-01/2025-12-31,KEYWORD_OTHER,UNAUTHORIZED_PHARMACIES,AT,,,,,,,,,,,,,,
All,pub.dev,2025-07-01/2025-12-31,STATEMENT_CATEGORY_VIOLENCE,,AT,,,,,,,,,,,,,,
All,pub.dev,2025-07-01/2025-12-31,KEYWORD_COORDINATED_HARM,,AT,,,,,,,,,,,,,,
All,pub.dev,2025-07-01/2025-12-31,KEYWORD_INCITEMENT_VIOLENCE_HATRED,,AT,,,,,,,,,,,,,,
All,pub.dev,2025-07-01/2025-12-31,KEYWORD_HUMAN_EXPLOITATION,,AT,,,,,,,,,,,,,,
All,pub.dev,2025-07-01/2025-12-31,KEYWORD_HUMAN_TRAFFICKING,,AT,,,,,,,,,,,,,,
All,pub.dev,2025-07-01/2025-12-31,KEYWORD_TRAFFICKING_WOMEN_GIRLS,,AT,,,,,,,,,,,,,,
All,pub.dev,2025-07-01/2025-12-31,KEYWORD_OTHER,DEPICTION_OF VIOLENCE,AT,,,,,,,,,,,,,,
All,pub.dev,2025-07-01/2025-12-31,KEYWORD_OTHER,SHOCKING_CONTENT,AT,,,,,,,,,,,,,,
All,pub.dev,2025-07-01/2025-12-31,KEYWORD_OTHER,VIOLENT_OR_GRAPHIC_CONTENT,AT,,,,,,,,,,,,,,
All,pub.dev,2025-07-01/2025-12-31,STATEMENT_CATEGORY_NOT_SPECIFIED_ORDER,,AT,,,,,,,,,,,,,,
All,pub.dev,2025-07-01/2025-12-31,TOTAL,,BE,,,,,,,,,,,,,,
All,pub.dev,2025-07-01/2025-12-31,STATEMENT_CATEGORY_ANIMAL_WELFARE,,BE,,,,,,,,,,,,,,
All,pub.dev,2025-07-01/2025-12-31,KEYWORD_ANIMAL_HARM,,BE,,,,,,,,,,,,,,
All,pub.dev,2025-07-01/2025-12-31,KEYWORD_UNLAWFUL_SALE_ANIMALS,,BE,,,,,,,,,,,,,,
All,pub.dev,2025-07-01/2025-12-31,KEYWORD_OTHER,ANIMAL_CRUELTY,BE,,,,,,,,,,,,,,
All,pub.dev,2025-07-01/2025-12-31,KEYWORD_OTHER,ANIMAL_HARM_AND_UNLAWFUL_SALE,BE,,,,,,,,,,,,,,
All,pub.dev,2025-07-01/2025-12-31,STATEMENT_CATEGORY_CONSUMER_INFORMATION,,BE,,,,,,,,,,,,,,
All,pub.dev,2025-07-01/2025-12-31,KEYWORD_HIDDEN_ADVERTISEMENT,,BE,,,,,,,,,,,,,,
All,pub.dev,2025-07-01/2025-12-31,KEYWORD_INSUFFICIENT_INFORMATION_ON_TRADERS,,BE,,,,,,,,,,,,,,
All,pub.dev,2025-07-01/2025-12-31,KEYWORD_MISLEADING_INFO_GOODS_SERVICES,,BE,,,,,,,,,,,,,,
All,pub.dev,2025-07-01/2025-12-31,KEYWORD_MISLEADING_INFO_CONSUMER_RIGHTS,,BE,,,,,,,,,,,,,,
All,pub.dev,2025-07-01/2025-12-31,KEYWORD_NONCOMPLIANCE_PRICING,,BE,,,,,,,,,,,,,,
All,pub.dev,2025-07-01/2025-12-31,KEYWORD_OTHER,CONSUMER_PROTECTION,BE,,,,,,,,,,,,,,
All,pub.dev,2025-07-01/2025-12-31,KEYWORD_OTHER,MISREPRESENTATION,BE,,,,,,,,,,,,,,
All,pub.dev,2025-07-01/2025-12-31,STATEMENT_CATEGORY_CYBER_VIOLENCE,,BE,,,,,,,,,,,,,,
All,pub.dev,2025-07-01/2025-12-31,KEYWORD_CYBER_BULLYING_INTIMIDATION,,BE,,,,,,,,,,,,,,
All,pub.dev,2025-07-01/2025-12-31,KEYWORD_CYBER_HARASSMENT,,BE,,,,,,,,,,,,,,
All,pub.dev,2025-07-01/2025-12-31,KEYWORD_CYBER_INCITEMENT,,BE,,,,,,,,,,,,,,
All,pub.dev,2025-07-01/2025-12-31,KEYWORD_CYBER_STALKING,,BE,,,,,,,,,,,,,,
All,pub.dev,2025-07-01/2025-12-31,KEYWORD_NON_CONSENSUAL_IMAGE_SHARING,,BE,,,,,,,,,,,,,,
All,pub.dev,2025-07-01/2025-12-31,KEYWORD_NON_CONSENSUAL_MATERIAL_DEEPFAKE,,BE,,,,,,,,,,,,,,
All,pub.dev,2025-07-01/2025-12-31,KEYWORD_OTHER,DOXING,BE,,,,,,,,,,,,,,
All,pub.dev,2025-07-01/2025-12-31,KEYWORD_OTHER,HARASSMENT,BE,,,,,,,,,,,,,,
All,pub.dev,2025-07-01/2025-12-31,KEYWORD_OTHER,HARASSMENT_AND_CYBERBULLYING,BE,,,,,,,,,,,,,,
All,pub.dev,2025-07-01/2025-12-31,KEYWORD_OTHER,HARMFUL_ACTIVITIES,BE,,,,,,,,,,,,,,
All,pub.dev,2025-07-01/2025-12-31,KEYWORD_OTHER,SEXUAL_HARASSMENT,BE,,,,,,,,,,,,,,
All,pub.dev,2025-07-01/2025-12-31,KEYWORD_OTHER,OBSCENITY_OR_PORNOGRAPHY,BE,,,,,,,,,,,,,,
All,pub.dev,2025-07-01/2025-12-31,KEYWORD_OTHER,UNSAFE_CONTENT,BE,,,,,,,,,,,,,,
All,pub.dev,2025-07-01/2025-12-31,STATEMENT_CATEGORY_CYBER_VIOLENCE_AGAINST_WOMEN,,BE,,,,,,,,,,,,,,
All,pub.dev,2025-07-01/2025-12-31,KEYWORD_BULLYING_AGAINST_GIRLS,,BE,,,,,,,,,,,,,,
All,pub.dev,2025-07-01/2025-12-31,KEYWORD_CYBER_HARASSMENT_AGAINST_WOMEN,,BE,,,,,,,,,,,,,,
All,pub.dev,2025-07-01/2025-12-31,KEYWORD_CYBER_STALKING_AGAINST_WOMEN,,BE,,,,,,,,,,,,,,
All,pub.dev,2025-07-01/2025-12-31,KEYWORD_FEMALE_GENDERED_DISINFORMATION,,BE,,,,,,,,,,,,,,
All,pub.dev,2025-07-01/2025-12-31,KEYWORD_INCITEMENT_AGAINST_WOMEN,,BE,,,,,,,,,,,,,,
All,pub.dev,2025-07-01/2025-12-31,KEYWORD_NON_CONSENSUAL_IMAGE_SHARING_AGAINST_WOMEN,,BE,,,,,,,,,,,,,,
All,pub.dev,2025-07-01/2025-12-31,KEYWORD_NON_CONSENSUAL_MATERIAL_DEEPFAKE_AGAINST_WOMEN,,BE,,,,,,,,,,,,,,
All,pub.dev,2025-07-01/2025-12-31,KEYWORD_OTHER,"Text to detail the ""Other"" keyword.",BE,,,,,,,,,,,,,,
All,pub.dev,2025-07-01/2025-12-31,STATEMENT_CATEGORY_DATA_PROTECTION_AND_PRIVACY_VIOLATIONS,,BE,,,,,,,,,,,,,,
All,pub.dev,2025-07-01/2025-12-31,KEYWORD_BIOMETRIC_DATA_BREACH,,BE,,,,,,,,,,,,,,
All,pub.dev,2025-07-01/2025-12-31,KEYWORD_DATA_FALSIFICATION,,BE,,,,,,,,,,,,,,
All,pub.dev,2025-07-01/2025-12-31,KEYWORD_MISSING_PROCESSING_GROUND,,BE,,,,,,,,,,,,,,
All,pub.dev,2025-07-01/2025-12-31,KEYWORD_RIGHT_TO_BE_FORGOTTEN,,BE,,,,,,,,,,,,,,
All,pub.dev,2025-07-01/2025-12-31,KEYWORD_OTHER,DATA_COLLECTION_AND_USE,BE,,,,,,,,,,,,,,
All,pub.dev,2025-07-01/2025-12-31,KEYWORD_OTHER,DISCLOSURE_AND_CONSENT_PRACTICES,BE,,,,,,,,,,,,,,
All,pub.dev,2025-07-01/2025-12-31,KEYWORD_OTHER,GDPR,BE,,,,,,,,,,,,,,
All,pub.dev,2025-07-01/2025-12-31,KEYWORD_OTHER,PERSONAL_INFORMATION,BE,,,,,,,,,,,,,,
All,pub.dev,2025-07-01/2025-12-31,KEYWORD_OTHER,PERSONAL_RIGHTS,BE,,,,,,,,,,,,,,
All,pub.dev,2025-07-01/2025-12-31,KEYWORD_OTHER,PERSONALIZED_ADVERTISING,BE,,,,,,,,,,,,,,
All,pub.dev,2025-07-01/2025-12-31,KEYWORD_OTHER,PRIVACY,BE,,,,,,,,,,,,,,
All,pub.dev,2025-07-01/2025-12-31,KEYWORD_OTHER,PRIVACY_POLICY,BE,,,,,,,,,,,,,,
All,pub.dev,2025-07-01/2025-12-31,KEYWORD_OTHER,UNSECURE_DATA_HANDLING,BE,,,,,,,,,,,,,,
All,pub.dev,2025-07-01/2025-12-31,STATEMENT_CATEGORY_ILLEGAL_OR_HARMFUL_SPEECH,,BE,,,,,,,,,,,,,,
All,pub.dev,2025-07-01/2025-12-31,KEYWORD_DEFAMATION,,BE,,,,,,,,,,,,,,
All,pub.dev,2025-07-01/2025-12-31,KEYWORD_DISCRIMINATION,,BE,,,,,,,,,,,,,,
All,pub.dev,2025-07-01/2025-12-31,KEYWORD_HATE_SPEECH,,BE,,,,,,,,,,,,,,
All,pub.dev,2025-07-01/2025-12-31,KEYWORD_OTHER,HATEFUL_OR_ABUSIVE,BE,,,,,,,,,,,,,,
All,pub.dev,2025-07-01/2025-12-31,KEYWORD_OTHER,ILLEGAL_OR_HARMFUL_SPEECH,BE,,,,,,,,,,,,,,
All,pub.dev,2025-07-01/2025-12-31,KEYWORD_OTHER,OBSCENITY_AND_PROFANITY,BE,,,,,,,,,,,,,,
All,pub.dev,2025-07-01/2025-12-31,KEYWORD_OTHER,OFFENSIVE_CONTENT,BE,,,,,,,,,,,,,,
All,pub.dev,2025-07-01/2025-12-31,KEYWORD_OTHER,UNSAFE_CONTENT,BE,,,,,,,,,,,,,,
All,pub.dev,2025-07-01/2025-12-31,STATEMENT_CATEGORY_INTELLECTUAL_PROPERTY_INFRINGEMENTS,,BE,,,,,,,,,,,,,,
All,pub.dev,2025-07-01/2025-12-31,KEYWORD_COPYRIGHT_INFRINGEMENT,,BE,,,,,,,,,,,,,,
All,pub.dev,2025-07-01/2025-12-31,KEYWORD_DESIGN_INFRINGEMENT,,BE,,,,,,,,,,,,,,
All,pub.dev,2025-07-01/2025-12-31,KEYWORD_GEOGRAPHIC_INDICATIONS_INFRINGEMENT,,BE,,,,,,,,,,,,,,
All,pub.dev,2025-07-01/2025-12-31,KEYWORD_PATENT_INFRINGEMENT,,BE,,,,,,,,,,,,,,
All,pub.dev,2025-07-01/2025-12-31,KEYWORD_TRADE_SECRET_INFRINGEMENT,,BE,,,,,,,,,,,,,,
All,pub.dev,2025-07-01/2025-12-31,KEYWORD_TRADEMARK_INFRINGEMENT,,BE,,,,,,,,,,,,,,
All,pub.dev,2025-07-01/2025-12-31,KEYWORD_OTHER,CIRCUMVENTION,BE,,,,,,,,,,,,,,
All,pub.dev,2025-07-01/2025-12-31,KEYWORD_OTHER,INTELLECTUAL PROPERTY,BE,,,,,,,,,,,,,,
All,pub.dev,2025-07-01/2025-12-31,STATEMENT_CATEGORY_NEGATIVE_EFFECTS_ON_CIVIC_DISCOURSE_OR_ELECTIONS,,BE,,,,,,,,,,,,,,
All,pub.dev,2025-07-01/2025-12-31,KEYWORD_MISINFORMATION_DISINFORMATION,,BE,,,,,,,,,,,,,,
All,pub.dev,2025-07-01/2025-12-31,KEYWORD_VIOLATION_EU_LAW,,BE,,,,,,,,,,,,,,
All,pub.dev,2025-07-01/2025-12-31,KEYWORD_VIOLATION_NATIONAL_LAW,,BE,,,,,,,,,,,,,,
All,pub.dev,2025-07-01/2025-12-31,KEYWORD_OTHER,ELECTORAL,BE,,,,,,,,,,,,,,
All,pub.dev,2025-07-01/2025-12-31,KEYWORD_OTHER,HACKED_POLITICAL_MATERIALS,BE,,,,,,,,,,,,,,
All,pub.dev,2025-07-01/2025-12-31,KEYWORD_OTHER,POLITICAL_CONTENT,BE,,,,,,,,,,,,,,
All,pub.dev,2025-07-01/2025-12-31,KEYWORD_OTHER,SOCIAL_STABILITY,BE,,,,,,,,,,,,,,
All,pub.dev,2025-07-01/2025-12-31,KEYWORD_OTHER,SOCIETAL_VALUES,BE,,,,,,,,,,,,,,
All,pub.dev,2025-07-01/2025-12-31,STATEMENT_CATEGORY_PROTECTION_OF_MINORS,,BE,,,,,,,,,,,,,,
All,pub.dev,2025-07-01/2025-12-31,KEYWORD_AGE_SPECIFIC_RESTRICTIONS_MINORS,,BE,,,,,,,,,,,,,,
All,pub.dev,2025-07-01/2025-12-31,KEYWORD_CHILD_SEXUAL_ABUSE_MATERIAL,,BE,,,,,,,,,,,,,,
All,pub.dev,2025-07-01/2025-12-31,KEYWORD_CHILD_SEXUAL_ABUSE_MATERIAL_DEEPFAKE,,BE,,,,,,,,,,,,,,
All,pub.dev,2025-07-01/2025-12-31,KEYWORD_GROOMING_SEXUAL_ENTICEMENT_MINORS,,BE,,,,,,,,,,,,,,
All,pub.dev,2025-07-01/2025-12-31,KEYWORD_UNSAFE_CHALLENGES,,BE,,,,,,,,,,,,,,
All,pub.dev,2025-07-01/2025-12-31,KEYWORD_OTHER,CHILD_ENDANGERMENT,BE,,,,,,,,,,,,,,
All,pub.dev,2025-07-01/2025-12-31,KEYWORD_OTHER,CHILD_SAFETY,BE,,,,,,,,,,,,,,
All,pub.dev,2025-07-01/2025-12-31,KEYWORD_OTHER,HARMFUL_OR_DANGEROUS_ACTS_CHALLENGES_AND_PRANKS,BE,,,,,,,,,,,,,,
All,pub.dev,2025-07-01/2025-12-31,KEYWORD_OTHER,KNOWN_SERIES,BE,,,,,,,,,,,,,,
All,pub.dev,2025-07-01/2025-12-31,KEYWORD_OTHER,PROTECTION_OF_MINORS,BE,,,,,,,,,,,,,,
All,pub.dev,2025-07-01/2025-12-31,KEYWORD_OTHER,UNAUTHORIZED_IMAGE_OF_MINORS,BE,,,,,,,,,,,,,,
All,pub.dev,2025-07-01/2025-12-31,STATEMENT_CATEGORY_RISK_FOR_PUBLIC_SECURITY,,BE,,,,,,,,,,,,,,
All,pub.dev,2025-07-01/2025-12-31,KEYWORD_ILLEGAL_ORGANIZATIONS,,BE,,,,,,,,,,,,,,
All,pub.dev,2025-07-01/2025-12-31,KEYWORD_RISK_ENVIRONMENTAL_DAMAGE,,BE,,,,,,,,,,,,,,
All,pub.dev,2025-07-01/2025-12-31,KEYWORD_RISK_PUBLIC_HEALTH,,BE,,,,,,,,,,,,,,
All,pub.dev,2025-07-01/2025-12-31,KEYWORD_TERRORIST_CONTENT,,BE,,,,,,,,,,,,,,
All,pub.dev,2025-07-01/2025-12-31,KEYWORD_OTHER,COURT_ORDER,BE,,,,,,,,,,,,,,
All,pub.dev,2025-07-01/2025-12-31,KEYWORD_OTHER,RISK_FOR_PUBLIC_SECURITY,BE,,,,,,,,,,,,,,
All,pub.dev,2025-07-01/2025-12-31,KEYWORD_OTHER,SENSITIVE_EVENTS,BE,,,,,,,,,,,,,,
All,pub.dev,2025-07-01/2025-12-31,KEYWORD_OTHER,VIOLENT_EXTREMISM,BE,,,,,,,,,,,,,,
All,pub.dev,2025-07-01/2025-12-31,KEYWORD_OTHER,WRONGFUL_OR_UNAUTHORIZED_USE_OF_SYMBOLS,BE,,,,,,,,,,,,,,
All,pub.dev,2025-07-01/2025-12-31,STATEMENT_CATEGORY_SCAMS_AND_FRAUD,,BE,,,,,,,,,,,,,,
All,pub.dev,2025-07-01/2025-12-31,KEYWORD_IMPERSONATION_ACCOUNT_HIJACKING,,BE,,,,,,,,,,,,,,
All,pub.dev,2025-07-01/2025-12-31,KEYWORD_INAUTHENTIC_ACCOUNTS,,BE,,,,,,,,,,,,,,
All,pub.dev,2025-07-01/2025-12-31,KEYWORD_INAUTHENTIC_LISTINGS,,BE,,,,,,,,,,,,,,
All,pub.dev,2025-07-01/2025-12-31,KEYWORD_INAUTHENTIC_USER_REVIEWS,,BE,,,,,,,,,,,,,,
All,pub.dev,2025-07-01/2025-12-31,KEYWORD_PHISHING,,BE,,,,,,,,,,,,,,
All,pub.dev,2025-07-01/2025-12-31,KEYWORD_PYRAMID_SCHEMES,,BE,,,,,,,,,,,,,,
All,pub.dev,2025-07-01/2025-12-31,KEYWORD_OTHER,AD_FRAUD_POLICY,BE,,,,,,,,,,,,,,
All,pub.dev,2025-07-01/2025-12-31,KEYWORD_OTHER,ENCOURAGEMENT_OF_DIGITAL_SECURITY_OR_TERMS_OF_SERVICE_VIOLATIONS,BE,,,,,,,,,,,,,,
All,pub.dev,2025-07-01/2025-12-31,KEYWORD_OTHER,FRAUD,BE,,,,,,,,,,,,,,
All,pub.dev,2025-07-01/2025-12-31,KEYWORD_OTHER,MALWARE,BE,,,,,,,,,,,,,,
All,pub.dev,2025-07-01/2025-12-31,KEYWORD_OTHER,MALWARE_AND_PHISHING,BE,,,,,,,,,,,,,,
All,pub.dev,2025-07-01/2025-12-31,KEYWORD_OTHER,MALWARE_AND_SYSTEM_CIRCUMVENTION,BE,,,,,,,,,,,,,,
All,pub.dev,2025-07-01/2025-12-31,KEYWORD_OTHER,MISREPRESENTATION,BE,,,,,,,,,,,,,,
All,pub.dev,2025-07-01/2025-12-31,KEYWORD_OTHER,SCAMS,BE,,,,,,,,,,,,,,
All,pub.dev,2025-07-01/2025-12-31,KEYWORD_OTHER,SOCIAL_ENGINEERING_TACTICS,BE,,,,,,,,,,,,,,
All,pub.dev,2025-07-01/2025-12-31,STATEMENT_CATEGORY_SELF_HARM,,BE,,,,,,,,,,,,,,
All,pub.dev,2025-07-01/2025-12-31,KEYWORD_CONTENT_PROMOTING_EATING_DISORDERS,,BE,,,,,,,,,,,,,,
All,pub.dev,2025-07-01/2025-12-31,KEYWORD_SELF_MUTILATION,,BE,,,,,,,,,,,,,,
All,pub.dev,2025-07-01/2025-12-31,KEYWORD_SUICIDE,,BE,,,,,,,,,,,,,,
All,pub.dev,2025-07-01/2025-12-31,KEYWORD_OTHER,SELF_HARM,BE,,,,,,,,,,,,,,
All,pub.dev,2025-07-01/2025-12-31,KEYWORD_OTHER,SUICIDE_AND_SELF_HARM,BE,,,,,,,,,,,,,,
All,pub.dev,2025-07-01/2025-12-31,STATEMENT_CATEGORY_UNSAFE_AND_PROHIBITED_PRODUCTS,,BE,,,,,,,,,,,,,,
All,pub.dev,2025-07-01/2025-12-31,KEYWORD_PROHIBITED_PRODUCTS,,BE,,,,,,,,,,,,,,
All,pub.dev,2025-07-01/2025-12-31,KEYWORD_UNSAFE_PRODUCTS,,BE,,,,,,,,,,,,,,
All,pub.dev,2025-07-01/2025-12-31,KEYWORD_OTHER,COURT_ORDER,BE,,,,,,,,,,,,,,
All,pub.dev,2025-07-01/2025-12-31,KEYWORD_OTHER,ENABLING_DISHONEST_BEHAVIOR,BE,,,,,,,,,,,,,,
All,pub.dev,2025-07-01/2025-12-31,KEYWORD_OTHER,FIREARMS_AND_ILLEGAL_REGULATED_GOODS_OR_SERVICES,BE,,,,,,,,,,,,,,
All,pub.dev,2025-07-01/2025-12-31,KEYWORD_OTHER,OTHER_LEGAL_NOTICES_OR_ORDERS,BE,,,,,,,,,,,,,,
All,pub.dev,2025-07-01/2025-12-31,KEYWORD_OTHER,UNAUTHORIZED_PHARMACIES,BE,,,,,,,,,,,,,,
All,pub.dev,2025-07-01/2025-12-31,STATEMENT_CATEGORY_VIOLENCE,,BE,,,,,,,,,,,,,,
All,pub.dev,2025-07-01/2025-12-31,KEYWORD_COORDINATED_HARM,,BE,,,,,,,,,,,,,,
All,pub.dev,2025-07-01/2025-12-31,KEYWORD_INCITEMENT_VIOLENCE_HATRED,,BE,,,,,,,,,,,,,,
All,pub.dev,2025-07-01/2025-12-31,KEYWORD_HUMAN_EXPLOITATION,,BE,,,,,,,,,,,,,,
All,pub.dev,2025-07-01/2025-12-31,KEYWORD_HUMAN_TRAFFICKING,,BE,,,,,,,,,,,,,,
All,pub.dev,2025-07-01/2025-12-31,KEYWORD_TRAFFICKING_WOMEN_GIRLS,,BE,,,,,,,,,,,,,,
All,pub.dev,2025-07-01/2025-12-31,KEYWORD_OTHER,DEPICTION_OF VIOLENCE,BE,,,,,,,,,,,,,,
All,pub.dev,2025-07-01/2025-12-31,KEYWORD_OTHER,SHOCKING_CONTENT,BE,,,,,,,,,,,,,,
All,pub.dev,2025-07-01/2025-12-31,KEYWORD_OTHER,VIOLENT_OR_GRAPHIC_CONTENT,BE,,,,,,,,,,,,,,
All,pub.dev,2025-07-01/2025-12-31,STATEMENT_CATEGORY_NOT_SPECIFIED_ORDER,,BE,,,,,,,,,,,,,,
All,pub.dev,2025-07-01/2025-12-31,TOTAL,,BG,,,,,,,,,,,,,,
All,pub.dev,2025-07-01/2025-12-31,STATEMENT_CATEGORY_ANIMAL_WELFARE,,BG,,,,,,,,,,,,,,
All,pub.dev,2025-07-01/2025-12-31,KEYWORD_ANIMAL_HARM,,BG,,,,,,,,,,,,,,
All,pub.dev,2025-07-01/2025-12-31,KEYWORD_UNLAWFUL_SALE_ANIMALS,,BG,,,,,,,,,,,,,,
All,pub.dev,2025-07-01/2025-12-31,KEYWORD_OTHER,ANIMAL_CRUELTY,BG,,,,,,,,,,,,,,
All,pub.dev,2025-07-01/2025-12-31,KEYWORD_OTHER,ANIMAL_HARM_AND_UNLAWFUL_SALE,BG,,,,,,,,,,,,,,
All,pub.dev,2025-07-01/2025-12-31,STATEMENT_CATEGORY_CONSUMER_INFORMATION,,BG,,,,,,,,,,,,,,
All,pub.dev,2025-07-01/2025-12-31,KEYWORD_HIDDEN_ADVERTISEMENT,,BG,,,,,,,,,,,,,,
All,pub.dev,2025-07-01/2025-12-31,KEYWORD_INSUFFICIENT_INFORMATION_ON_TRADERS,,BG,,,,,,,,,,,,,,
All,pub.dev,2025-07-01/2025-12-31,KEYWORD_MISLEADING_INFO_GOODS_SERVICES,,BG,,,,,,,,,,,,,,
All,pub.dev,2025-07-01/2025-12-31,KEYWORD_MISLEADING_INFO_CONSUMER_RIGHTS,,BG,,,,,,,,,,,,,,
All,pub.dev,2025-07-01/2025-12-31,KEYWORD_NONCOMPLIANCE_PRICING,,BG,,,,,,,,,,,,,,
All,pub.dev,2025-07-01/2025-12-31,KEYWORD_OTHER,CONSUMER_PROTECTION,BG,,,,,,,,,,,,,,
All,pub.dev,2025-07-01/2025-12-31,KEYWORD_OTHER,MISREPRESENTATION,BG,,,,,,,,,,,,,,
All,pub.dev,2025-07-01/2025-12-31,STATEMENT_CATEGORY_CYBER_VIOLENCE,,BG,,,,,,,,,,,,,,
All,pub.dev,2025-07-01/2025-12-31,KEYWORD_CYBER_BULLYING_INTIMIDATION,,BG,,,,,,,,,,,,,,
All,pub.dev,2025-07-01/2025-12-31,KEYWORD_CYBER_HARASSMENT,,BG,,,,,,,,,,,,,,
All,pub.dev,2025-07-01/2025-12-31,KEYWORD_CYBER_INCITEMENT,,BG,,,,,,,,,,,,,,
All,pub.dev,2025-07-01/2025-12-31,KEYWORD_CYBER_STALKING,,BG,,,,,,,,,,,,,,
All,pub.dev,2025-07-01/2025-12-31,KEYWORD_NON_CONSENSUAL_IMAGE_SHARING,,BG,,,,,,,,,,,,,,
All,pub.dev,2025-07-01/2025-12-31,KEYWORD_NON_CONSENSUAL_MATERIAL_DEEPFAKE,,BG,,,,,,,,,,,,,,
All,pub.dev,2025-07-01/2025-12-31,KEYWORD_OTHER,DOXING,BG,,,,,,,,,,,,,,
All,pub.dev,2025-07-01/2025-12-31,KEYWORD_OTHER,HARASSMENT,BG,,,,,,,,,,,,,,
All,pub.dev,2025-07-01/2025-12-31,KEYWORD_OTHER,HARASSMENT_AND_CYBERBULLYING,BG,,,,,,,,,,,,,,
All,pub.dev,2025-07-01/2025-12-31,KEYWORD_OTHER,HARMFUL_ACTIVITIES,BG,,,,,,,,,,,,,,
All,pub.dev,2025-07-01/2025-12-31,KEYWORD_OTHER,SEXUAL_HARASSMENT,BG,,,,,,,,,,,,,,
All,pub.dev,2025-07-01/2025-12-31,KEYWORD_OTHER,OBSCENITY_OR_PORNOGRAPHY,BG,,,,,,,,,,,,,,
All,pub.dev,2025-07-01/2025-12-31,KEYWORD_OTHER,UNSAFE_CONTENT,BG,,,,,,,,,,,,,,
All,pub.dev,2025-07-01/2025-12-31,STATEMENT_CATEGORY_CYBER_VIOLENCE_AGAINST_WOMEN,,BG,,,,,,,,,,,,,,
All,pub.dev,2025-07-01/2025-12-31,KEYWORD_BULLYING_AGAINST_GIRLS,,BG,,,,,,,,,,,,,,
All,pub.dev,2025-07-01/2025-12-31,KEYWORD_CYBER_HARASSMENT_AGAINST_WOMEN,,BG,,,,,,,,,,,,,,
All,pub.dev,2025-07-01/2025-12-31,KEYWORD_CYBER_STALKING_AGAINST_WOMEN,,BG,,,,,,,,,,,,,,
All,pub.dev,2025-07-01/2025-12-31,KEYWORD_FEMALE_GENDERED_DISINFORMATION,,BG,,,,,,,,,,,,,,
All,pub.dev,2025-07-01/2025-12-31,KEYWORD_INCITEMENT_AGAINST_WOMEN,,BG,,,,,,,,,,,,,,
All,pub.dev,2025-07-01/2025-12-31,KEYWORD_NON_CONSENSUAL_IMAGE_SHARING_AGAINST_WOMEN,,BG,,,,,,,,,,,,,,
All,pub.dev,2025-07-01/2025-12-31,KEYWORD_NON_CONSENSUAL_MATERIAL_DEEPFAKE_AGAINST_WOMEN,,BG,,,,,,,,,,,,,,
All,pub.dev,2025-07-01/2025-12-31,KEYWORD_OTHER,"Text to detail the ""Other"" keyword.",BG,,,,,,,,,,,,,,
All,pub.dev,2025-07-01/2025-12-31,STATEMENT_CATEGORY_DATA_PROTECTION_AND_PRIVACY_VIOLATIONS,,BG,,,,,,,,,,,,,,
All,pub.dev,2025-07-01/2025-12-31,KEYWORD_BIOMETRIC_DATA_BREACH,,BG,,,,,,,,,,,,,,
All,pub.dev,2025-07-01/2025-12-31,KEYWORD_DATA_FALSIFICATION,,BG,,,,,,,,,,,,,,
All,pub.dev,2025-07-01/2025-12-31,KEYWORD_MISSING_PROCESSING_GROUND,,BG,,,,,,,,,,,,,,
All,pub.dev,2025-07-01/2025-12-31,KEYWORD_RIGHT_TO_BE_FORGOTTEN,,BG,,,,,,,,,,,,,,
All,pub.dev,2025-07-01/2025-12-31,KEYWORD_OTHER,DATA_COLLECTION_AND_USE,BG,,,,,,,,,,,,,,
All,pub.dev,2025-07-01/2025-12-31,KEYWORD_OTHER,DISCLOSURE_AND_CONSENT_PRACTICES,BG,,,,,,,,,,,,,,
All,pub.dev,2025-07-01/2025-12-31,KEYWORD_OTHER,GDPR,BG,,,,,,,,,,,,,,
All,pub.dev,2025-07-01/2025-12-31,KEYWORD_OTHER,PERSONAL_INFORMATION,BG,,,,,,,,,,,,,,
All,pub.dev,2025-07-01/2025-12-31,KEYWORD_OTHER,PERSONAL_RIGHTS,BG,,,,,,,,,,,,,,
All,pub.dev,2025-07-01/2025-12-31,KEYWORD_OTHER,PERSONALIZED_ADVERTISING,BG,,,,,,,,,,,,,,
All,pub.dev,2025-07-01/2025-12-31,KEYWORD_OTHER,PRIVACY,BG,,,,,,,,,,,,,,
All,pub.dev,2025-07-01/2025-12-31,KEYWORD_OTHER,PRIVACY_POLICY,BG,,,,,,,,,,,,,,
All,pub.dev,2025-07-01/2025-12-31,KEYWORD_OTHER,UNSECURE_DATA_HANDLING,BG,,,,,,,,,,,,,,
All,pub.dev,2025-07-01/2025-12-31,STATEMENT_CATEGORY_ILLEGAL_OR_HARMFUL_SPEECH,,BG,,,,,,,,,,,,,,
All,pub.dev,2025-07-01/2025-12-31,KEYWORD_DEFAMATION,,BG,,,,,,,,,,,,,,
All,pub.dev,2025-07-01/2025-12-31,KEYWORD_DISCRIMINATION,,BG,,,,,,,,,,,,,,
All,pub.dev,2025-07-01/2025-12-31,KEYWORD_HATE_SPEECH,,BG,,,,,,,,,,,,,,
All,pub.dev,2025-07-01/2025-12-31,KEYWORD_OTHER,HATEFUL_OR_ABUSIVE,BG,,,,,,,,,,,,,,
All,pub.dev,2025-07-01/2025-12-31,KEYWORD_OTHER,ILLEGAL_OR_HARMFUL_SPEECH,BG,,,,,,,,,,,,,,
All,pub.dev,2025-07-01/2025-12-31,KEYWORD_OTHER,OBSCENITY_AND_PROFANITY,BG,,,,,,,,,,,,,,
All,pub.dev,2025-07-01/2025-12-31,KEYWORD_OTHER,OFFENSIVE_CONTENT,BG,,,,,,,,,,,,,,
All,pub.dev,2025-07-01/2025-12-31,KEYWORD_OTHER,UNSAFE_CONTENT,BG,,,,,,,,,,,,,,
All,pub.dev,2025-07-01/2025-12-31,STATEMENT_CATEGORY_INTELLECTUAL_PROPERTY_INFRINGEMENTS,,BG,,,,,,,,,,,,,,
All,pub.dev,2025-07-01/2025-12-31,KEYWORD_COPYRIGHT_INFRINGEMENT,,BG,,,,,,,,,,,,,,
All,pub.dev,2025-07-01/2025-12-31,KEYWORD_DESIGN_INFRINGEMENT,,BG,,,,,,,,,,,,,,
All,pub.dev,2025-07-01/2025-12-31,KEYWORD_GEOGRAPHIC_INDICATIONS_INFRINGEMENT,,BG,,,,,,,,,,,,,,
All,pub.dev,2025-07-01/2025-12-31,KEYWORD_PATENT_INFRINGEMENT,,BG,,,,,,,,,,,,,,
All,pub.dev,2025-07-01/2025-12-31,KEYWORD_TRADE_SECRET_INFRINGEMENT,,BG,,,,,,,,,,,,,,
All,pub.dev,2025-07-01/2025-12-31,KEYWORD_TRADEMARK_INFRINGEMENT,,BG,,,,,,,,,,,,,,
All,pub.dev,2025-07-01/2025-12-31,KEYWORD_OTHER,CIRCUMVENTION,BG,,,,,,,,,,,,,,
All,pub.dev,2025-07-01/2025-12-31,KEYWORD_OTHER,INTELLECTUAL PROPERTY,BG,,,,,,,,,,,,,,
All,pub.dev,2025-07-01/2025-12-31,STATEMENT_CATEGORY_NEGATIVE_EFFECTS_ON_CIVIC_DISCOURSE_OR_ELECTIONS,,BG,,,,,,,,,,,,,,
All,pub.dev,2025-07-01/2025-12-31,KEYWORD_MISINFORMATION_DISINFORMATION,,BG,,,,,,,,,,,,,,
All,pub.dev,2025-07-01/2025-12-31,KEYWORD_VIOLATION_EU_LAW,,BG,,,,,,,,,,,,,,
All,pub.dev,2025-07-01/2025-12-31,KEYWORD_VIOLATION_NATIONAL_LAW,,BG,,,,,,,,,,,,,,
All,pub.dev,2025-07-01/2025-12-31,KEYWORD_OTHER,ELECTORAL,BG,,,,,,,,,,,,,,
All,pub.dev,2025-07-01/2025-12-31,KEYWORD_OTHER,HACKED_POLITICAL_MATERIALS,BG,,,,,,,,,,,,,,
All,pub.dev,2025-07-01/2025-12-31,KEYWORD_OTHER,POLITICAL_CONTENT,BG,,,,,,,,,,,,,,
All,pub.dev,2025-07-01/2025-12-31,KEYWORD_OTHER,SOCIAL_STABILITY,BG,,,,,,,,,,,,,,
All,pub.dev,2025-07-01/2025-12-31,KEYWORD_OTHER,SOCIETAL_VALUES,BG,,,,,,,,,,,,,,
All,pub.dev,2025-07-01/2025-12-31,STATEMENT_CATEGORY_PROTECTION_OF_MINORS,,BG,,,,,,,,,,,,,,
All,pub.dev,2025-07-01/2025-12-31,KEYWORD_AGE_SPECIFIC_RESTRICTIONS_MINORS,,BG,,,,,,,,,,,,,,
All,pub.dev,2025-07-01/2025-12-31,KEYWORD_CHILD_SEXUAL_ABUSE_MATERIAL,,BG,,,,,,,,,,,,,,
All,pub.dev,2025-07-01/2025-12-31,KEYWORD_CHILD_SEXUAL_ABUSE_MATERIAL_DEEPFAKE,,BG,,,,,,,,,,,,,,
All,pub.dev,2025-07-01/2025-12-31,KEYWORD_GROOMING_SEXUAL_ENTICEMENT_MINORS,,BG,,,,,,,,,,,,,,
All,pub.dev,2025-07-01/2025-12-31,KEYWORD_UNSAFE_CHALLENGES,,BG,,,,,,,,,,,,,,
All,pub.dev,2025-07-01/2025-12-31,KEYWORD_OTHER,CHILD_ENDANGERMENT,BG,,,,,,,,,,,,,,
All,pub.dev,2025-07-01/2025-12-31,KEYWORD_OTHER,CHILD_SAFETY,BG,,,,,,,,,,,,,,
All,pub.dev,2025-07-01/2025-12-31,KEYWORD_OTHER,HARMFUL_OR_DANGEROUS_ACTS_CHALLENGES_AND_PRANKS,BG,,,,,,,,,,,,,,
All,pub.dev,2025-07-01/2025-12-31,KEYWORD_OTHER,KNOWN_SERIES,BG,,,,,,,,,,,,,,
All,pub.dev,2025-07-01/2025-12-31,KEYWORD_OTHER,PROTECTION_OF_MINORS,BG,,,,,,,,,,,,,,
All,pub.dev,2025-07-01/2025-12-31,KEYWORD_OTHER,UNAUTHORIZED_IMAGE_OF_MINORS,BG,,,,,,,,,,,,,,
All,pub.dev,2025-07-01/2025-12-31,STATEMENT_CATEGORY_RISK_FOR_PUBLIC_SECURITY,,BG,,,,,,,,,,,,,,
All,pub.dev,2025-07-01/2025-12-31,KEYWORD_ILLEGAL_ORGANIZATIONS,,BG,,,,,,,,,,,,,,
All,pub.dev,2025-07-01/2025-12-31,KEYWORD_RISK_ENVIRONMENTAL_DAMAGE,,BG,,,,,,,,,,,,,,
All,pub.dev,2025-07-01/2025-12-31,KEYWORD_RISK_PUBLIC_HEALTH,,BG,,,,,,,,,,,,,,
All,pub.dev,2025-07-01/2025-12-31,KEYWORD_TERRORIST_CONTENT,,BG,,,,,,,,,,,,,,
All,pub.dev,2025-07-01/2025-12-31,KEYWORD_OTHER,COURT_ORDER,BG,,,,,,,,,,,,,,
All,pub.dev,2025-07-01/2025-12-31,KEYWORD_OTHER,RISK_FOR_PUBLIC_SECURITY,BG,,,,,,,,,,,,,,
All,pub.dev,2025-07-01/2025-12-31,KEYWORD_OTHER,SENSITIVE_EVENTS,BG,,,,,,,,,,,,,,
All,pub.dev,2025-07-01/2025-12-31,KEYWORD_OTHER,VIOLENT_EXTREMISM,BG,,,,,,,,,,,,,,
All,pub.dev,2025-07-01/2025-12-31,KEYWORD_OTHER,WRONGFUL_OR_UNAUTHORIZED_USE_OF_SYMBOLS,BG,,,,,,,,,,,,,,
All,pub.dev,2025-07-01/2025-12-31,STATEMENT_CATEGORY_SCAMS_AND_FRAUD,,BG,,,,,,,,,,,,,,
All,pub.dev,2025-07-01/2025-12-31,KEYWORD_IMPERSONATION_ACCOUNT_HIJACKING,,BG,,,,,,,,,,,,,,
All,pub.dev,2025-07-01/2025-12-31,KEYWORD_INAUTHENTIC_ACCOUNTS,,BG,,,,,,,,,,,,,,
All,pub.dev,2025-07-01/2025-12-31,KEYWORD_INAUTHENTIC_LISTINGS,,BG,,,,,,,,,,,,,,
All,pub.dev,2025-07-01/2025-12-31,KEYWORD_INAUTHENTIC_USER_REVIEWS,,BG,,,,,,,,,,,,,,
All,pub.dev,2025-07-01/2025-12-31,KEYWORD_PHISHING,,BG,,,,,,,,,,,,,,
All,pub.dev,2025-07-01/2025-12-31,KEYWORD_PYRAMID_SCHEMES,,BG,,,,,,,,,,,,,,
All,pub.dev,2025-07-01/2025-12-31,KEYWORD_OTHER,AD_FRAUD_POLICY,BG,,,,,,,,,,,,,,
All,pub.dev,2025-07-01/2025-12-31,KEYWORD_OTHER,ENCOURAGEMENT_OF_DIGITAL_SECURITY_OR_TERMS_OF_SERVICE_VIOLATIONS,BG,,,,,,,,,,,,,,
All,pub.dev,2025-07-01/2025-12-31,KEYWORD_OTHER,FRAUD,BG,,,,,,,,,,,,,,
All,pub.dev,2025-07-01/2025-12-31,KEYWORD_OTHER,MALWARE,BG,,,,,,,,,,,,,,
All,pub.dev,2025-07-01/2025-12-31,KEYWORD_OTHER,MALWARE_AND_PHISHING,BG,,,,,,,,,,,,,,
All,pub.dev,2025-07-01/2025-12-31,KEYWORD_OTHER,MALWARE_AND_SYSTEM_CIRCUMVENTION,BG,,,,,,,,,,,,,,
All,pub.dev,2025-07-01/2025-12-31,KEYWORD_OTHER,MISREPRESENTATION,BG,,,,,,,,,,,,,,
All,pub.dev,2025-07-01/2025-12-31,KEYWORD_OTHER,SCAMS,BG,,,,,,,,,,,,,,
All,pub.dev,2025-07-01/2025-12-31,KEYWORD_OTHER,SOCIAL_ENGINEERING_TACTICS,BG,,,,,,,,,,,,,,
All,pub.dev,2025-07-01/2025-12-31,STATEMENT_CATEGORY_SELF_HARM,,BG,,,,,,,,,,,,,,
All,pub.dev,2025-07-01/2025-12-31,KEYWORD_CONTENT_PROMOTING_EATING_DISORDERS,,BG,,,,,,,,,,,,,,
All,pub.dev,2025-07-01/2025-12-31,KEYWORD_SELF_MUTILATION,,BG,,,,,,,,,,,,,,
All,pub.dev,2025-07-01/2025-12-31,KEYWORD_SUICIDE,,BG,,,,,,,,,,,,,,
All,pub.dev,2025-07-01/2025-12-31,KEYWORD_OTHER,SELF_HARM,BG,,,,,,,,,,,,,,
All,pub.dev,2025-07-01/2025-12-31,KEYWORD_OTHER,SUICIDE_AND_SELF_HARM,BG,,,,,,,,,,,,,,
All,pub.dev,2025-07-01/2025-12-31,STATEMENT_CATEGORY_UNSAFE_AND_PROHIBITED_PRODUCTS,,BG,,,,,,,,,,,,,,
All,pub.dev,2025-07-01/2025-12-31,KEYWORD_PROHIBITED_PRODUCTS,,BG,,,,,,,,,,,,,,
All,pub.dev,2025-07-01/2025-12-31,KEYWORD_UNSAFE_PRODUCTS,,BG,,,,,,,,,,,,,,
All,pub.dev,2025-07-01/2025-12-31,KEYWORD_OTHER,COURT_ORDER,BG,,,,,,,,,,,,,,
All,pub.dev,2025-07-01/2025-12-31,KEYWORD_OTHER,ENABLING_DISHONEST_BEHAVIOR,BG,,,,,,,,,,,,,,
All,pub.dev,2025-07-01/2025-12-31,KEYWORD_OTHER,FIREARMS_AND_ILLEGAL_REGULATED_GOODS_OR_SERVICES,BG,,,,,,,,,,,,,,
All,pub.dev,2025-07-01/2025-12-31,KEYWORD_OTHER,OTHER_LEGAL_NOTICES_OR_ORDERS,BG,,,,,,,,,,,,,,
All,pub.dev,2025-07-01/2025-12-31,KEYWORD_OTHER,UNAUTHORIZED_PHARMACIES,BG,,,,,,,,,,,,,,
All,pub.dev,2025-07-01/2025-12-31,STATEMENT_CATEGORY_VIOLENCE,,BG,,,,,,,,,,,,,,
All,pub.dev,2025-07-01/2025-12-31,KEYWORD_COORDINATED_HARM,,BG,,,,,,,,,,,,,,
All,pub.dev,2025-07-01/2025-12-31,KEYWORD_INCITEMENT_VIOLENCE_HATRED,,BG,,,,,,,,,,,,,,
All,pub.dev,2025-07-01/2025-12-31,KEYWORD_HUMAN_EXPLOITATION,,BG,,,,,,,,,,,,,,
All,pub.dev,2025-07-01/2025-12-31,KEYWORD_HUMAN_TRAFFICKING,,BG,,,,,,,,,,,,,,
All,pub.dev,2025-07-01/2025-12-31,KEYWORD_TRAFFICKING_WOMEN_GIRLS,,BG,,,,,,,,,,,,,,
All,pub.dev,2025-07-01/2025-12-31,KEYWORD_OTHER,DEPICTION_OF VIOLENCE,BG,,,,,,,,,,,,,,
All,pub.dev,2025-07-01/2025-12-31,KEYWORD_OTHER,SHOCKING_CONTENT,BG,,,,,,,,,,,,,,
All,pub.dev,2025-07-01/2025-12-31,KEYWORD_OTHER,VIOLENT_OR_GRAPHIC_CONTENT,BG,,,,,,,,,,,,,,
All,pub.dev,2025-07-01/2025-12-31,STATEMENT_CATEGORY_NOT_SPECIFIED_ORDER,,BG,,,,,,,,,,,,,,
All,pub.dev,2025-07-01/2025-12-31,TOTAL,,HR,,,,,,,,,,,,,,
All,pub.dev,2025-07-01/2025-12-31,STATEMENT_CATEGORY_ANIMAL_WELFARE,,HR,,,,,,,,,,,,,,
All,pub.dev,2025-07-01/2025-12-31,KEYWORD_ANIMAL_HARM,,HR,,,,,,,,,,,,,,
All,pub.dev,2025-07-01/2025-12-31,KEYWORD_UNLAWFUL_SALE_ANIMALS,,HR,,,,,,,,,,,,,,
All,pub.dev,2025-07-01/2025-12-31,KEYWORD_OTHER,ANIMAL_CRUELTY,HR,,,,,,,,,,,,,,
All,pub.dev,2025-07-01/2025-12-31,KEYWORD_OTHER,ANIMAL_HARM_AND_UNLAWFUL_SALE,HR,,,,,,,,,,,,,,
All,pub.dev,2025-07-01/2025-12-31,STATEMENT_CATEGORY_CONSUMER_INFORMATION,,HR,,,,,,,,,,,,,,
All,pub.dev,2025-07-01/2025-12-31,KEYWORD_HIDDEN_ADVERTISEMENT,,HR,,,,,,,,,,,,,,
All,pub.dev,2025-07-01/2025-12-31,KEYWORD_INSUFFICIENT_INFORMATION_ON_TRADERS,,HR,,,,,,,,,,,,,,
All,pub.dev,2025-07-01/2025-12-31,KEYWORD_MISLEADING_INFO_GOODS_SERVICES,,HR,,,,,,,,,,,,,,
All,pub.dev,2025-07-01/2025-12-31,KEYWORD_MISLEADING_INFO_CONSUMER_RIGHTS,,HR,,,,,,,,,,,,,,
All,pub.dev,2025-07-01/2025-12-31,KEYWORD_NONCOMPLIANCE_PRICING,,HR,,,,,,,,,,,,,,
All,pub.dev,2025-07-01/2025-12-31,KEYWORD_OTHER,CONSUMER_PROTECTION,HR,,,,,,,,,,,,,,
All,pub.dev,2025-07-01/2025-12-31,KEYWORD_OTHER,MISREPRESENTATION,HR,,,,,,,,,,,,,,
All,pub.dev,2025-07-01/2025-12-31,STATEMENT_CATEGORY_CYBER_VIOLENCE,,HR,,,,,,,,,,,,,,
All,pub.dev,2025-07-01/2025-12-31,KEYWORD_CYBER_BULLYING_INTIMIDATION,,HR,,,,,,,,,,,,,,
All,pub.dev,2025-07-01/2025-12-31,KEYWORD_CYBER_HARASSMENT,,HR,,,,,,,,,,,,,,
All,pub.dev,2025-07-01/2025-12-31,KEYWORD_CYBER_INCITEMENT,,HR,,,,,,,,,,,,,,
All,pub.dev,2025-07-01/2025-12-31,KEYWORD_CYBER_STALKING,,HR,,,,,,,,,,,,,,
All,pub.dev,2025-07-01/2025-12-31,KEYWORD_NON_CONSENSUAL_IMAGE_SHARING,,HR,,,,,,,,,,,,,,
All,pub.dev,2025-07-01/2025-12-31,KEYWORD_NON_CONSENSUAL_MATERIAL_DEEPFAKE,,HR,,,,,,,,,,,,,,
All,pub.dev,2025-07-01/2025-12-31,KEYWORD_OTHER,DOXING,HR,,,,,,,,,,,,,,
All,pub.dev,2025-07-01/2025-12-31,KEYWORD_OTHER,HARASSMENT,HR,,,,,,,,,,,,,,
All,pub.dev,2025-07-01/2025-12-31,KEYWORD_OTHER,HARASSMENT_AND_CYBERBULLYING,HR,,,,,,,,,,,,,,
All,pub.dev,2025-07-01/2025-12-31,KEYWORD_OTHER,HARMFUL_ACTIVITIES,HR,,,,,,,,,,,,,,
All,pub.dev,2025-07-01/2025-12-31,KEYWORD_OTHER,SEXUAL_HARASSMENT,HR,,,,,,,,,,,,,,
All,pub.dev,2025-07-01/2025-12-31,KEYWORD_OTHER,OBSCENITY_OR_PORNOGRAPHY,HR,,,,,,,,,,,,,,
All,pub.dev,2025-07-01/2025-12-31,KEYWORD_OTHER,UNSAFE_CONTENT,HR,,,,,,,,,,,,,,
All,pub.dev,2025-07-01/2025-12-31,STATEMENT_CATEGORY_CYBER_VIOLENCE_AGAINST_WOMEN,,HR,,,,,,,,,,,,,,
All,pub.dev,2025-07-01/2025-12-31,KEYWORD_BULLYING_AGAINST_GIRLS,,HR,,,,,,,,,,,,,,
All,pub.dev,2025-07-01/2025-12-31,KEYWORD_CYBER_HARASSMENT_AGAINST_WOMEN,,HR,,,,,,,,,,,,,,
All,pub.dev,2025-07-01/2025-12-31,KEYWORD_CYBER_STALKING_AGAINST_WOMEN,,HR,,,,,,,,,,,,,,
All,pub.dev,2025-07-01/2025-12-31,KEYWORD_FEMALE_GENDERED_DISINFORMATION,,HR,,,,,,,,,,,,,,
All,pub.dev,2025-07-01/2025-12-31,KEYWORD_INCITEMENT_AGAINST_WOMEN,,HR,,,,,,,,,,,,,,
All,pub.dev,2025-07-01/2025-12-31,KEYWORD_NON_CONSENSUAL_IMAGE_SHARING_AGAINST_WOMEN,,HR,,,,,,,,,,,,,,
All,pub.dev,2025-07-01/2025-12-31,KEYWORD_NON_CONSENSUAL_MATERIAL_DEEPFAKE_AGAINST_WOMEN,,HR,,,,,,,,,,,,,,
All,pub.dev,2025-07-01/2025-12-31,KEYWORD_OTHER,"Text to detail the ""Other"" keyword.",HR,,,,,,,,,,,,,,
All,pub.dev,2025-07-01/2025-12-31,STATEMENT_CATEGORY_DATA_PROTECTION_AND_PRIVACY_VIOLATIONS,,HR,,,,,,,,,,,,,,
All,pub.dev,2025-07-01/2025-12-31,KEYWORD_BIOMETRIC_DATA_BREACH,,HR,,,,,,,,,,,,,,
All,pub.dev,2025-07-01/2025-12-31,KEYWORD_DATA_FALSIFICATION,,HR,,,,,,,,,,,,,,
All,pub.dev,2025-07-01/2025-12-31,KEYWORD_MISSING_PROCESSING_GROUND,,HR,,,,,,,,,,,,,,
All,pub.dev,2025-07-01/2025-12-31,KEYWORD_RIGHT_TO_BE_FORGOTTEN,,HR,,,,,,,,,,,,,,
All,pub.dev,2025-07-01/2025-12-31,KEYWORD_OTHER,DATA_COLLECTION_AND_USE,HR,,,,,,,,,,,,,,
All,pub.dev,2025-07-01/2025-12-31,KEYWORD_OTHER,DISCLOSURE_AND_CONSENT_PRACTICES,HR,,,,,,,,,,,,,,
All,pub.dev,2025-07-01/2025-12-31,KEYWORD_OTHER,GDPR,HR,,,,,,,,,,,,,,
All,pub.dev,2025-07-01/2025-12-31,KEYWORD_OTHER,PERSONAL_INFORMATION,HR,,,,,,,,,,,,,,
All,pub.dev,2025-07-01/2025-12-31,KEYWORD_OTHER,PERSONAL_RIGHTS,HR,,,,,,,,,,,,,,
All,pub.dev,2025-07-01/2025-12-31,KEYWORD_OTHER,PERSONALIZED_ADVERTISING,HR,,,,,,,,,,,,,,
All,pub.dev,2025-07-01/2025-12-31,KEYWORD_OTHER,PRIVACY,HR,,,,,,,,,,,,,,
All,pub.dev,2025-07-01/2025-12-31,KEYWORD_OTHER,PRIVACY_POLICY,HR,,,,,,,,,,,,,,
All,pub.dev,2025-07-01/2025-12-31,KEYWORD_OTHER,UNSECURE_DATA_HANDLING,HR,,,,,,,,,,,,,,
All,pub.dev,2025-07-01/2025-12-31,STATEMENT_CATEGORY_ILLEGAL_OR_HARMFUL_SPEECH,,HR,,,,,,,,,,,,,,
All,pub.dev,2025-07-01/2025-12-31,KEYWORD_DEFAMATION,,HR,,,,,,,,,,,,,,
All,pub.dev,2025-07-01/2025-12-31,KEYWORD_DISCRIMINATION,,HR,,,,,,,,,,,,,,
All,pub.dev,2025-07-01/2025-12-31,KEYWORD_HATE_SPEECH,,HR,,,,,,,,,,,,,,
All,pub.dev,2025-07-01/2025-12-31,KEYWORD_OTHER,HATEFUL_OR_ABUSIVE,HR,,,,,,,,,,,,,,
All,pub.dev,2025-07-01/2025-12-31,KEYWORD_OTHER,ILLEGAL_OR_HARMFUL_SPEECH,HR,,,,,,,,,,,,,,
All,pub.dev,2025-07-01/2025-12-31,KEYWORD_OTHER,OBSCENITY_AND_PROFANITY,HR,,,,,,,,,,,,,,
All,pub.dev,2025-07-01/2025-12-31,KEYWORD_OTHER,OFFENSIVE_CONTENT,HR,,,,,,,,,,,,,,
All,pub.dev,2025-07-01/2025-12-31,KEYWORD_OTHER,UNSAFE_CONTENT,HR,,,,,,,,,,,,,,
All,pub.dev,2025-07-01/2025-12-31,STATEMENT_CATEGORY_INTELLECTUAL_PROPERTY_INFRINGEMENTS,,HR,,,,,,,,,,,,,,
All,pub.dev,2025-07-01/2025-12-31,KEYWORD_COPYRIGHT_INFRINGEMENT,,HR,,,,,,,,,,,,,,
All,pub.dev,2025-07-01/2025-12-31,KEYWORD_DESIGN_INFRINGEMENT,,HR,,,,,,,,,,,,,,
All,pub.dev,2025-07-01/2025-12-31,KEYWORD_GEOGRAPHIC_INDICATIONS_INFRINGEMENT,,HR,,,,,,,,,,,,,,
All,pub.dev,2025-07-01/2025-12-31,KEYWORD_PATENT_INFRINGEMENT,,HR,,,,,,,,,,,,,,
All,pub.dev,2025-07-01/2025-12-31,KEYWORD_TRADE_SECRET_INFRINGEMENT,,HR,,,,,,,,,,,,,,
All,pub.dev,2025-07-01/2025-12-31,KEYWORD_TRADEMARK_INFRINGEMENT,,HR,,,,,,,,,,,,,,
All,pub.dev,2025-07-01/2025-12-31,KEYWORD_OTHER,CIRCUMVENTION,HR,,,,,,,,,,,,,,
All,pub.dev,2025-07-01/2025-12-31,KEYWORD_OTHER,INTELLECTUAL PROPERTY,HR,,,,,,,,,,,,,,
All,pub.dev,2025-07-01/2025-12-31,STATEMENT_CATEGORY_NEGATIVE_EFFECTS_ON_CIVIC_DISCOURSE_OR_ELECTIONS,,HR,,,,,,,,,,,,,,
All,pub.dev,2025-07-01/2025-12-31,KEYWORD_MISINFORMATION_DISINFORMATION,,HR,,,,,,,,,,,,,,
All,pub.dev,2025-07-01/2025-12-31,KEYWORD_VIOLATION_EU_LAW,,HR,,,,,,,,,,,,,,
All,pub.dev,2025-07-01/2025-12-31,KEYWORD_VIOLATION_NATIONAL_LAW,,HR,,,,,,,,,,,,,,
All,pub.dev,2025-07-01/2025-12-31,KEYWORD_OTHER,ELECTORAL,HR,,,,,,,,,,,,,,
All,pub.dev,2025-07-01/2025-12-31,KEYWORD_OTHER,HACKED_POLITICAL_MATERIALS,HR,,,,,,,,,,,,,,
All,pub.dev,2025-07-01/2025-12-31,KEYWORD_OTHER,POLITICAL_CONTENT,HR,,,,,,,,,,,,,,
All,pub.dev,2025-07-01/2025-12-31,KEYWORD_OTHER,SOCIAL_STABILITY,HR,,,,,,,,,,,,,,
All,pub.dev,2025-07-01/2025-12-31,KEYWORD_OTHER,SOCIETAL_VALUES,HR,,,,,,,,,,,,,,
All,pub.dev,2025-07-01/2025-12-31,STATEMENT_CATEGORY_PROTECTION_OF_MINORS,,HR,,,,,,,,,,,,,,
All,pub.dev,2025-07-01/2025-12-31,KEYWORD_AGE_SPECIFIC_RESTRICTIONS_MINORS,,HR,,,,,,,,,,,,,,
All,pub.dev,2025-07-01/2025-12-31,KEYWORD_CHILD_SEXUAL_ABUSE_MATERIAL,,HR,,,,,,,,,,,,,,
All,pub.dev,2025-07-01/2025-12-31,KEYWORD_CHILD_SEXUAL_ABUSE_MATERIAL_DEEPFAKE,,HR,,,,,,,,,,,,,,
All,pub.dev,2025-07-01/2025-12-31,KEYWORD_GROOMING_SEXUAL_ENTICEMENT_MINORS,,HR,,,,,,,,,,,,,,
All,pub.dev,2025-07-01/2025-12-31,KEYWORD_UNSAFE_CHALLENGES,,HR,,,,,,,,,,,,,,
All,pub.dev,2025-07-01/2025-12-31,KEYWORD_OTHER,CHILD_ENDANGERMENT,HR,,,,,,,,,,,,,,
All,pub.dev,2025-07-01/2025-12-31,KEYWORD_OTHER,CHILD_SAFETY,HR,,,,,,,,,,,,,,
All,pub.dev,2025-07-01/2025-12-31,KEYWORD_OTHER,HARMFUL_OR_DANGEROUS_ACTS_CHALLENGES_AND_PRANKS,HR,,,,,,,,,,,,,,
All,pub.dev,2025-07-01/2025-12-31,KEYWORD_OTHER,KNOWN_SERIES,HR,,,,,,,,,,,,,,
All,pub.dev,2025-07-01/2025-12-31,KEYWORD_OTHER,PROTECTION_OF_MINORS,HR,,,,,,,,,,,,,,
All,pub.dev,2025-07-01/2025-12-31,KEYWORD_OTHER,UNAUTHORIZED_IMAGE_OF_MINORS,HR,,,,,,,,,,,,,,
All,pub.dev,2025-07-01/2025-12-31,STATEMENT_CATEGORY_RISK_FOR_PUBLIC_SECURITY,,HR,,,,,,,,,,,,,,
All,pub.dev,2025-07-01/2025-12-31,KEYWORD_ILLEGAL_ORGANIZATIONS,,HR,,,,,,,,,,,,,,
All,pub.dev,2025-07-01/2025-12-31,KEYWORD_RISK_ENVIRONMENTAL_DAMAGE,,HR,,,,,,,,,,,,,,
All,pub.dev,2025-07-01/2025-12-31,KEYWORD_RISK_PUBLIC_HEALTH,,HR,,,,,,,,,,,,,,
All,pub.dev,2025-07-01/2025-12-31,KEYWORD_TERRORIST_CONTENT,,HR,,,,,,,,,,,,,,
All,pub.dev,2025-07-01/2025-12-31,KEYWORD_OTHER,COURT_ORDER,HR,,,,,,,,,,,,,,
All,pub.dev,2025-07-01/2025-12-31,KEYWORD_OTHER,RISK_FOR_PUBLIC_SECURITY,HR,,,,,,,,,,,,,,
All,pub.dev,2025-07-01/2025-12-31,KEYWORD_OTHER,SENSITIVE_EVENTS,HR,,,,,,,,,,,,,,
All,pub.dev,2025-07-01/2025-12-31,KEYWORD_OTHER,VIOLENT_EXTREMISM,HR,,,,,,,,,,,,,,
All,pub.dev,2025-07-01/2025-12-31,KEYWORD_OTHER,WRONGFUL_OR_UNAUTHORIZED_USE_OF_SYMBOLS,HR,,,,,,,,,,,,,,
All,pub.dev,2025-07-01/2025-12-31,STATEMENT_CATEGORY_SCAMS_AND_FRAUD,,HR,,,,,,,,,,,,,,
All,pub.dev,2025-07-01/2025-12-31,KEYWORD_IMPERSONATION_ACCOUNT_HIJACKING,,HR,,,,,,,,,,,,,,
All,pub.dev,2025-07-01/2025-12-31,KEYWORD_INAUTHENTIC_ACCOUNTS,,HR,,,,,,,,,,,,,,
All,pub.dev,2025-07-01/2025-12-31,KEYWORD_INAUTHENTIC_LISTINGS,,HR,,,,,,,,,,,,,,
All,pub.dev,2025-07-01/2025-12-31,KEYWORD_INAUTHENTIC_USER_REVIEWS,,HR,,,,,,,,,,,,,,
All,pub.dev,2025-07-01/2025-12-31,KEYWORD_PHISHING,,HR,,,,,,,,,,,,,,
All,pub.dev,2025-07-01/2025-12-31,KEYWORD_PYRAMID_SCHEMES,,HR,,,,,,,,,,,,,,
All,pub.dev,2025-07-01/2025-12-31,KEYWORD_OTHER,AD_FRAUD_POLICY,HR,,,,,,,,,,,,,,
All,pub.dev,2025-07-01/2025-12-31,KEYWORD_OTHER,ENCOURAGEMENT_OF_DIGITAL_SECURITY_OR_TERMS_OF_SERVICE_VIOLATIONS,HR,,,,,,,,,,,,,,
All,pub.dev,2025-07-01/2025-12-31,KEYWORD_OTHER,FRAUD,HR,,,,,,,,,,,,,,
All,pub.dev,2025-07-01/2025-12-31,KEYWORD_OTHER,MALWARE,HR,,,,,,,,,,,,,,
All,pub.dev,2025-07-01/2025-12-31,KEYWORD_OTHER,MALWARE_AND_PHISHING,HR,,,,,,,,,,,,,,
All,pub.dev,2025-07-01/2025-12-31,KEYWORD_OTHER,MALWARE_AND_SYSTEM_CIRCUMVENTION,HR,,,,,,,,,,,,,,
All,pub.dev,2025-07-01/2025-12-31,KEYWORD_OTHER,MISREPRESENTATION,HR,,,,,,,,,,,,,,
All,pub.dev,2025-07-01/2025-12-31,KEYWORD_OTHER,SCAMS,HR,,,,,,,,,,,,,,
All,pub.dev,2025-07-01/2025-12-31,KEYWORD_OTHER,SOCIAL_ENGINEERING_TACTICS,HR,,,,,,,,,,,,,,
All,pub.dev,2025-07-01/2025-12-31,STATEMENT_CATEGORY_SELF_HARM,,HR,,,,,,,,,,,,,,
All,pub.dev,2025-07-01/2025-12-31,KEYWORD_CONTENT_PROMOTING_EATING_DISORDERS,,HR,,,,,,,,,,,,,,
All,pub.dev,2025-07-01/2025-12-31,KEYWORD_SELF_MUTILATION,,HR,,,,,,,,,,,,,,
All,pub.dev,2025-07-01/2025-12-31,KEYWORD_SUICIDE,,HR,,,,,,,,,,,,,,
All,pub.dev,2025-07-01/2025-12-31,KEYWORD_OTHER,SELF_HARM,HR,,,,,,,,,,,,,,
All,pub.dev,2025-07-01/2025-12-31,KEYWORD_OTHER,SUICIDE_AND_SELF_HARM,HR,,,,,,,,,,,,,,
All,pub.dev,2025-07-01/2025-12-31,STATEMENT_CATEGORY_UNSAFE_AND_PROHIBITED_PRODUCTS,,HR,,,,,,,,,,,,,,
All,pub.dev,2025-07-01/2025-12-31,KEYWORD_PROHIBITED_PRODUCTS,,HR,,,,,,,,,,,,,,
All,pub.dev,2025-07-01/2025-12-31,KEYWORD_UNSAFE_PRODUCTS,,HR,,,,,,,,,,,,,,
All,pub.dev,2025-07-01/2025-12-31,KEYWORD_OTHER,COURT_ORDER,HR,,,,,,,,,,,,,,
All,pub.dev,2025-07-01/2025-12-31,KEYWORD_OTHER,ENABLING_DISHONEST_BEHAVIOR,HR,,,,,,,,,,,,,,
All,pub.dev,2025-07-01/2025-12-31,KEYWORD_OTHER,FIREARMS_AND_ILLEGAL_REGULATED_GOODS_OR_SERVICES,HR,,,,,,,,,,,,,,
All,pub.dev,2025-07-01/2025-12-31,KEYWORD_OTHER,OTHER_LEGAL_NOTICES_OR_ORDERS,HR,,,,,,,,,,,,,,
All,pub.dev,2025-07-01/2025-12-31,KEYWORD_OTHER,UNAUTHORIZED_PHARMACIES,HR,,,,,,,,,,,,,,
All,pub.dev,2025-07-01/2025-12-31,STATEMENT_CATEGORY_VIOLENCE,,HR,,,,,,,,,,,,,,
All,pub.dev,2025-07-01/2025-12-31,KEYWORD_COORDINATED_HARM,,HR,,,,,,,,,,,,,,
All,pub.dev,2025-07-01/2025-12-31,KEYWORD_INCITEMENT_VIOLENCE_HATRED,,HR,,,,,,,,,,,,,,
All,pub.dev,2025-07-01/2025-12-31,KEYWORD_HUMAN_EXPLOITATION,,HR,,,,,,,,,,,,,,
All,pub.dev,2025-07-01/2025-12-31,KEYWORD_HUMAN_TRAFFICKING,,HR,,,,,,,,,,,,,,
All,pub.dev,2025-07-01/2025-12-31,KEYWORD_TRAFFICKING_WOMEN_GIRLS,,HR,,,,,,,,,,,,,,
All,pub.dev,2025-07-01/2025-12-31,KEYWORD_OTHER,DEPICTION_OF VIOLENCE,HR,,,,,,,,,,,,,,
All,pub.dev,2025-07-01/2025-12-31,KEYWORD_OTHER,SHOCKING_CONTENT,HR,,,,,,,,,,,,,,
All,pub.dev,2025-07-01/2025-12-31,KEYWORD_OTHER,VIOLENT_OR_GRAPHIC_CONTENT,HR,,,,,,,,,,,,,,
All,pub.dev,2025-07-01/2025-12-31,STATEMENT_CATEGORY_NOT_SPECIFIED_ORDER,,HR,,,,,,,,,,,,,,
All,pub.dev,2025-07-01/2025-12-31,TOTAL,,CY,,,,,,,,,,,,,,
All,pub.dev,2025-07-01/2025-12-31,STATEMENT_CATEGORY_ANIMAL_WELFARE,,CY,,,,,,,,,,,,,,
All,pub.dev,2025-07-01/2025-12-31,KEYWORD_ANIMAL_HARM,,CY,,,,,,,,,,,,,,
All,pub.dev,2025-07-01/2025-12-31,KEYWORD_UNLAWFUL_SALE_ANIMALS,,CY,,,,,,,,,,,,,,
All,pub.dev,2025-07-01/2025-12-31,KEYWORD_OTHER,ANIMAL_CRUELTY,CY,,,,,,,,,,,,,,
All,pub.dev,2025-07-01/2025-12-31,KEYWORD_OTHER,ANIMAL_HARM_AND_UNLAWFUL_SALE,CY,,,,,,,,,,,,,,
All,pub.dev,2025-07-01/2025-12-31,STATEMENT_CATEGORY_CONSUMER_INFORMATION,,CY,,,,,,,,,,,,,,
All,pub.dev,2025-07-01/2025-12-31,KEYWORD_HIDDEN_ADVERTISEMENT,,CY,,,,,,,,,,,,,,
All,pub.dev,2025-07-01/2025-12-31,KEYWORD_INSUFFICIENT_INFORMATION_ON_TRADERS,,CY,,,,,,,,,,,,,,
All,pub.dev,2025-07-01/2025-12-31,KEYWORD_MISLEADING_INFO_GOODS_SERVICES,,CY,,,,,,,,,,,,,,
All,pub.dev,2025-07-01/2025-12-31,KEYWORD_MISLEADING_INFO_CONSUMER_RIGHTS,,CY,,,,,,,,,,,,,,
All,pub.dev,2025-07-01/2025-12-31,KEYWORD_NONCOMPLIANCE_PRICING,,CY,,,,,,,,,,,,,,
All,pub.dev,2025-07-01/2025-12-31,KEYWORD_OTHER,CONSUMER_PROTECTION,CY,,,,,,,,,,,,,,
All,pub.dev,2025-07-01/2025-12-31,KEYWORD_OTHER,MISREPRESENTATION,CY,,,,,,,,,,,,,,
All,pub.dev,2025-07-01/2025-12-31,STATEMENT_CATEGORY_CYBER_VIOLENCE,,CY,,,,,,,,,,,,,,
All,pub.dev,2025-07-01/2025-12-31,KEYWORD_CYBER_BULLYING_INTIMIDATION,,CY,,,,,,,,,,,,,,
All,pub.dev,2025-07-01/2025-12-31,KEYWORD_CYBER_HARASSMENT,,CY,,,,,,,,,,,,,,
All,pub.dev,2025-07-01/2025-12-31,KEYWORD_CYBER_INCITEMENT,,CY,,,,,,,,,,,,,,
All,pub.dev,2025-07-01/2025-12-31,KEYWORD_CYBER_STALKING,,CY,,,,,,,,,,,,,,
All,pub.dev,2025-07-01/2025-12-31,KEYWORD_NON_CONSENSUAL_IMAGE_SHARING,,CY,,,,,,,,,,,,,,
All,pub.dev,2025-07-01/2025-12-31,KEYWORD_NON_CONSENSUAL_MATERIAL_DEEPFAKE,,CY,,,,,,,,,,,,,,
All,pub.dev,2025-07-01/2025-12-31,KEYWORD_OTHER,DOXING,CY,,,,,,,,,,,,,,
All,pub.dev,2025-07-01/2025-12-31,KEYWORD_OTHER,HARASSMENT,CY,,,,,,,,,,,,,,
All,pub.dev,2025-07-01/2025-12-31,KEYWORD_OTHER,HARASSMENT_AND_CYBERBULLYING,CY,,,,,,,,,,,,,,
All,pub.dev,2025-07-01/2025-12-31,KEYWORD_OTHER,HARMFUL_ACTIVITIES,CY,,,,,,,,,,,,,,
All,pub.dev,2025-07-01/2025-12-31,KEYWORD_OTHER,SEXUAL_HARASSMENT,CY,,,,,,,,,,,,,,
All,pub.dev,2025-07-01/2025-12-31,KEYWORD_OTHER,OBSCENITY_OR_PORNOGRAPHY,CY,,,,,,,,,,,,,,
All,pub.dev,2025-07-01/2025-12-31,KEYWORD_OTHER,UNSAFE_CONTENT,CY,,,,,,,,,,,,,,
All,pub.dev,2025-07-01/2025-12-31,STATEMENT_CATEGORY_CYBER_VIOLENCE_AGAINST_WOMEN,,CY,,,,,,,,,,,,,,
All,pub.dev,2025-07-01/2025-12-31,KEYWORD_BULLYING_AGAINST_GIRLS,,CY,,,,,,,,,,,,,,
All,pub.dev,2025-07-01/2025-12-31,KEYWORD_CYBER_HARASSMENT_AGAINST_WOMEN,,CY,,,,,,,,,,,,,,
All,pub.dev,2025-07-01/2025-12-31,KEYWORD_CYBER_STALKING_AGAINST_WOMEN,,CY,,,,,,,,,,,,,,
All,pub.dev,2025-07-01/2025-12-31,KEYWORD_FEMALE_GENDERED_DISINFORMATION,,CY,,,,,,,,,,,,,,
All,pub.dev,2025-07-01/2025-12-31,KEYWORD_INCITEMENT_AGAINST_WOMEN,,CY,,,,,,,,,,,,,,
All,pub.dev,2025-07-01/2025-12-31,KEYWORD_NON_CONSENSUAL_IMAGE_SHARING_AGAINST_WOMEN,,CY,,,,,,,,,,,,,,
All,pub.dev,2025-07-01/2025-12-31,KEYWORD_NON_CONSENSUAL_MATERIAL_DEEPFAKE_AGAINST_WOMEN,,CY,,,,,,,,,,,,,,
All,pub.dev,2025-07-01/2025-12-31,KEYWORD_OTHER,"Text to detail the ""Other"" keyword.",CY,,,,,,,,,,,,,,
All,pub.dev,2025-07-01/2025-12-31,STATEMENT_CATEGORY_DATA_PROTECTION_AND_PRIVACY_VIOLATIONS,,CY,,,,,,,,,,,,,,
All,pub.dev,2025-07-01/2025-12-31,KEYWORD_BIOMETRIC_DATA_BREACH,,CY,,,,,,,,,,,,,,
All,pub.dev,2025-07-01/2025-12-31,KEYWORD_DATA_FALSIFICATION,,CY,,,,,,,,,,,,,,
All,pub.dev,2025-07-01/2025-12-31,KEYWORD_MISSING_PROCESSING_GROUND,,CY,,,,,,,,,,,,,,
All,pub.dev,2025-07-01/2025-12-31,KEYWORD_RIGHT_TO_BE_FORGOTTEN,,CY,,,,,,,,,,,,,,
All,pub.dev,2025-07-01/2025-12-31,KEYWORD_OTHER,DATA_COLLECTION_AND_USE,CY,,,,,,,,,,,,,,
All,pub.dev,2025-07-01/2025-12-31,KEYWORD_OTHER,DISCLOSURE_AND_CONSENT_PRACTICES,CY,,,,,,,,,,,,,,
All,pub.dev,2025-07-01/2025-12-31,KEYWORD_OTHER,GDPR,CY,,,,,,,,,,,,,,
All,pub.dev,2025-07-01/2025-12-31,KEYWORD_OTHER,PERSONAL_INFORMATION,CY,,,,,,,,,,,,,,
All,pub.dev,2025-07-01/2025-12-31,KEYWORD_OTHER,PERSONAL_RIGHTS,CY,,,,,,,,,,,,,,
All,pub.dev,2025-07-01/2025-12-31,KEYWORD_OTHER,PERSONALIZED_ADVERTISING,CY,,,,,,,,,,,,,,
All,pub.dev,2025-07-01/2025-12-31,KEYWORD_OTHER,PRIVACY,CY,,,,,,,,,,,,,,
All,pub.dev,2025-07-01/2025-12-31,KEYWORD_OTHER,PRIVACY_POLICY,CY,,,,,,,,,,,,,,
All,pub.dev,2025-07-01/2025-12-31,KEYWORD_OTHER,UNSECURE_DATA_HANDLING,CY,,,,,,,,,,,,,,
All,pub.dev,2025-07-01/2025-12-31,STATEMENT_CATEGORY_ILLEGAL_OR_HARMFUL_SPEECH,,CY,,,,,,,,,,,,,,
All,pub.dev,2025-07-01/2025-12-31,KEYWORD_DEFAMATION,,CY,,,,,,,,,,,,,,
All,pub.dev,2025-07-01/2025-12-31,KEYWORD_DISCRIMINATION,,CY,,,,,,,,,,,,,,
All,pub.dev,2025-07-01/2025-12-31,KEYWORD_HATE_SPEECH,,CY,,,,,,,,,,,,,,
All,pub.dev,2025-07-01/2025-12-31,KEYWORD_OTHER,HATEFUL_OR_ABUSIVE,CY,,,,,,,,,,,,,,
All,pub.dev,2025-07-01/2025-12-31,KEYWORD_OTHER,ILLEGAL_OR_HARMFUL_SPEECH,CY,,,,,,,,,,,,,,
All,pub.dev,2025-07-01/2025-12-31,KEYWORD_OTHER,OBSCENITY_AND_PROFANITY,CY,,,,,,,,,,,,,,
All,pub.dev,2025-07-01/2025-12-31,KEYWORD_OTHER,OFFENSIVE_CONTENT,CY,,,,,,,,,,,,,,
All,pub.dev,2025-07-01/2025-12-31,KEYWORD_OTHER,UNSAFE_CONTENT,CY,,,,,,,,,,,,,,
All,pub.dev,2025-07-01/2025-12-31,STATEMENT_CATEGORY_INTELLECTUAL_PROPERTY_INFRINGEMENTS,,CY,,,,,,,,,,,,,,
All,pub.dev,2025-07-01/2025-12-31,KEYWORD_COPYRIGHT_INFRINGEMENT,,CY,,,,,,,,,,,,,,
All,pub.dev,2025-07-01/2025-12-31,KEYWORD_DESIGN_INFRINGEMENT,,CY,,,,,,,,,,,,,,
All,pub.dev,2025-07-01/2025-12-31,KEYWORD_GEOGRAPHIC_INDICATIONS_INFRINGEMENT,,CY,,,,,,,,,,,,,,
All,pub.dev,2025-07-01/2025-12-31,KEYWORD_PATENT_INFRINGEMENT,,CY,,,,,,,,,,,,,,
All,pub.dev,2025-07-01/2025-12-31,KEYWORD_TRADE_SECRET_INFRINGEMENT,,CY,,,,,,,,,,,,,,
All,pub.dev,2025-07-01/2025-12-31,KEYWORD_TRADEMARK_INFRINGEMENT,,CY,,,,,,,,,,,,,,
All,pub.dev,2025-07-01/2025-12-31,KEYWORD_OTHER,CIRCUMVENTION,CY,,,,,,,,,,,,,,
All,pub.dev,2025-07-01/2025-12-31,KEYWORD_OTHER,INTELLECTUAL PROPERTY,CY,,,,,,,,,,,,,,
All,pub.dev,2025-07-01/2025-12-31,STATEMENT_CATEGORY_NEGATIVE_EFFECTS_ON_CIVIC_DISCOURSE_OR_ELECTIONS,,CY,,,,,,,,,,,,,,
All,pub.dev,2025-07-01/2025-12-31,KEYWORD_MISINFORMATION_DISINFORMATION,,CY,,,,,,,,,,,,,,
All,pub.dev,2025-07-01/2025-12-31,KEYWORD_VIOLATION_EU_LAW,,CY,,,,,,,,,,,,,,
All,pub.dev,2025-07-01/2025-12-31,KEYWORD_VIOLATION_NATIONAL_LAW,,CY,,,,,,,,,,,,,,
All,pub.dev,2025-07-01/2025-12-31,KEYWORD_OTHER,ELECTORAL,CY,,,,,,,,,,,,,,
All,pub.dev,2025-07-01/2025-12-31,KEYWORD_OTHER,HACKED_POLITICAL_MATERIALS,CY,,,,,,,,,,,,,,
All,pub.dev,2025-07-01/2025-12-31,KEYWORD_OTHER,POLITICAL_CONTENT,CY,,,,,,,,,,,,,,
All,pub.dev,2025-07-01/2025-12-31,KEYWORD_OTHER,SOCIAL_STABILITY,CY,,,,,,,,,,,,,,
All,pub.dev,2025-07-01/2025-12-31,KEYWORD_OTHER,SOCIETAL_VALUES,CY,,,,,,,,,,,,,,
All,pub.dev,2025-07-01/2025-12-31,STATEMENT_CATEGORY_PROTECTION_OF_MINORS,,CY,,,,,,,,,,,,,,
All,pub.dev,2025-07-01/2025-12-31,KEYWORD_AGE_SPECIFIC_RESTRICTIONS_MINORS,,CY,,,,,,,,,,,,,,
All,pub.dev,2025-07-01/2025-12-31,KEYWORD_CHILD_SEXUAL_ABUSE_MATERIAL,,CY,,,,,,,,,,,,,,
All,pub.dev,2025-07-01/2025-12-31,KEYWORD_CHILD_SEXUAL_ABUSE_MATERIAL_DEEPFAKE,,CY,,,,,,,,,,,,,,
All,pub.dev,2025-07-01/2025-12-31,KEYWORD_GROOMING_SEXUAL_ENTICEMENT_MINORS,,CY,,,,,,,,,,,,,,
All,pub.dev,2025-07-01/2025-12-31,KEYWORD_UNSAFE_CHALLENGES,,CY,,,,,,,,,,,,,,
All,pub.dev,2025-07-01/2025-12-31,KEYWORD_OTHER,CHILD_ENDANGERMENT,CY,,,,,,,,,,,,,,
All,pub.dev,2025-07-01/2025-12-31,KEYWORD_OTHER,CHILD_SAFETY,CY,,,,,,,,,,,,,,
All,pub.dev,2025-07-01/2025-12-31,KEYWORD_OTHER,HARMFUL_OR_DANGEROUS_ACTS_CHALLENGES_AND_PRANKS,CY,,,,,,,,,,,,,,
All,pub.dev,2025-07-01/2025-12-31,KEYWORD_OTHER,KNOWN_SERIES,CY,,,,,,,,,,,,,,
All,pub.dev,2025-07-01/2025-12-31,KEYWORD_OTHER,PROTECTION_OF_MINORS,CY,,,,,,,,,,,,,,
All,pub.dev,2025-07-01/2025-12-31,KEYWORD_OTHER,UNAUTHORIZED_IMAGE_OF_MINORS,CY,,,,,,,,,,,,,,
All,pub.dev,2025-07-01/2025-12-31,STATEMENT_CATEGORY_RISK_FOR_PUBLIC_SECURITY,,CY,,,,,,,,,,,,,,
All,pub.dev,2025-07-01/2025-12-31,KEYWORD_ILLEGAL_ORGANIZATIONS,,CY,,,,,,,,,,,,,,
All,pub.dev,2025-07-01/2025-12-31,KEYWORD_RISK_ENVIRONMENTAL_DAMAGE,,CY,,,,,,,,,,,,,,
All,pub.dev,2025-07-01/2025-12-31,KEYWORD_RISK_PUBLIC_HEALTH,,CY,,,,,,,,,,,,,,
All,pub.dev,2025-07-01/2025-12-31,KEYWORD_TERRORIST_CONTENT,,CY,,,,,,,,,,,,,,
All,pub.dev,2025-07-01/2025-12-31,KEYWORD_OTHER,COURT_ORDER,CY,,,,,,,,,,,,,,
All,pub.dev,2025-07-01/2025-12-31,KEYWORD_OTHER,RISK_FOR_PUBLIC_SECURITY,CY,,,,,,,,,,,,,,
All,pub.dev,2025-07-01/2025-12-31,KEYWORD_OTHER,SENSITIVE_EVENTS,CY,,,,,,,,,,,,,,
All,pub.dev,2025-07-01/2025-12-31,KEYWORD_OTHER,VIOLENT_EXTREMISM,CY,,,,,,,,,,,,,,
All,pub.dev,2025-07-01/2025-12-31,KEYWORD_OTHER,WRONGFUL_OR_UNAUTHORIZED_USE_OF_SYMBOLS,CY,,,,,,,,,,,,,,
All,pub.dev,2025-07-01/2025-12-31,STATEMENT_CATEGORY_SCAMS_AND_FRAUD,,CY,,,,,,,,,,,,,,
All,pub.dev,2025-07-01/2025-12-31,KEYWORD_IMPERSONATION_ACCOUNT_HIJACKING,,CY,,,,,,,,,,,,,,
All,pub.dev,2025-07-01/2025-12-31,KEYWORD_INAUTHENTIC_ACCOUNTS,,CY,,,,,,,,,,,,,,
All,pub.dev,2025-07-01/2025-12-31,KEYWORD_INAUTHENTIC_LISTINGS,,CY,,,,,,,,,,,,,,
All,pub.dev,2025-07-01/2025-12-31,KEYWORD_INAUTHENTIC_USER_REVIEWS,,CY,,,,,,,,,,,,,,
All,pub.dev,2025-07-01/2025-12-31,KEYWORD_PHISHING,,CY,,,,,,,,,,,,,,
All,pub.dev,2025-07-01/2025-12-31,KEYWORD_PYRAMID_SCHEMES,,CY,,,,,,,,,,,,,,
All,pub.dev,2025-07-01/2025-12-31,KEYWORD_OTHER,AD_FRAUD_POLICY,CY,,,,,,,,,,,,,,
All,pub.dev,2025-07-01/2025-12-31,KEYWORD_OTHER,ENCOURAGEMENT_OF_DIGITAL_SECURITY_OR_TERMS_OF_SERVICE_VIOLATIONS,CY,,,,,,,,,,,,,,
All,pub.dev,2025-07-01/2025-12-31,KEYWORD_OTHER,FRAUD,CY,,,,,,,,,,,,,,
All,pub.dev,2025-07-01/2025-12-31,KEYWORD_OTHER,MALWARE,CY,,,,,,,,,,,,,,
All,pub.dev,2025-07-01/2025-12-31,KEYWORD_OTHER,MALWARE_AND_PHISHING,CY,,,,,,,,,,,,,,
All,pub.dev,2025-07-01/2025-12-31,KEYWORD_OTHER,MALWARE_AND_SYSTEM_CIRCUMVENTION,CY,,,,,,,,,,,,,,
All,pub.dev,2025-07-01/2025-12-31,KEYWORD_OTHER,MISREPRESENTATION,CY,,,,,,,,,,,,,,
All,pub.dev,2025-07-01/2025-12-31,KEYWORD_OTHER,SCAMS,CY,,,,,,,,,,,,,,
All,pub.dev,2025-07-01/2025-12-31,KEYWORD_OTHER,SOCIAL_ENGINEERING_TACTICS,CY,,,,,,,,,,,,,,
All,pub.dev,2025-07-01/2025-12-31,STATEMENT_CATEGORY_SELF_HARM,,CY,,,,,,,,,,,,,,
All,pub.dev,2025-07-01/2025-12-31,KEYWORD_CONTENT_PROMOTING_EATING_DISORDERS,,CY,,,,,,,,,,,,,,
All,pub.dev,2025-07-01/2025-12-31,KEYWORD_SELF_MUTILATION,,CY,,,,,,,,,,,,,,
All,pub.dev,2025-07-01/2025-12-31,KEYWORD_SUICIDE,,CY,,,,,,,,,,,,,,
All,pub.dev,2025-07-01/2025-12-31,KEYWORD_OTHER,SELF_HARM,CY,,,,,,,,,,,,,,
All,pub.dev,2025-07-01/2025-12-31,KEYWORD_OTHER,SUICIDE_AND_SELF_HARM,CY,,,,,,,,,,,,,,
All,pub.dev,2025-07-01/2025-12-31,STATEMENT_CATEGORY_UNSAFE_AND_PROHIBITED_PRODUCTS,,CY,,,,,,,,,,,,,,
All,pub.dev,2025-07-01/2025-12-31,KEYWORD_PROHIBITED_PRODUCTS,,CY,,,,,,,,,,,,,,
All,pub.dev,2025-07-01/2025-12-31,KEYWORD_UNSAFE_PRODUCTS,,CY,,,,,,,,,,,,,,
All,pub.dev,2025-07-01/2025-12-31,KEYWORD_OTHER,COURT_ORDER,CY,,,,,,,,,,,,,,
All,pub.dev,2025-07-01/2025-12-31,KEYWORD_OTHER,ENABLING_DISHONEST_BEHAVIOR,CY,,,,,,,,,,,,,,
All,pub.dev,2025-07-01/2025-12-31,KEYWORD_OTHER,FIREARMS_AND_ILLEGAL_REGULATED_GOODS_OR_SERVICES,CY,,,,,,,,,,,,,,
All,pub.dev,2025-07-01/2025-12-31,KEYWORD_OTHER,OTHER_LEGAL_NOTICES_OR_ORDERS,CY,,,,,,,,,,,,,,
All,pub.dev,2025-07-01/2025-12-31,KEYWORD_OTHER,UNAUTHORIZED_PHARMACIES,CY,,,,,,,,,,,,,,
All,pub.dev,2025-07-01/2025-12-31,STATEMENT_CATEGORY_VIOLENCE,,CY,,,,,,,,,,,,,,
All,pub.dev,2025-07-01/2025-12-31,KEYWORD_COORDINATED_HARM,,CY,,,,,,,,,,,,,,
All,pub.dev,2025-07-01/2025-12-31,KEYWORD_INCITEMENT_VIOLENCE_HATRED,,CY,,,,,,,,,,,,,,
All,pub.dev,2025-07-01/2025-12-31,KEYWORD_HUMAN_EXPLOITATION,,CY,,,,,,,,,,,,,,
All,pub.dev,2025-07-01/2025-12-31,KEYWORD_HUMAN_TRAFFICKING,,CY,,,,,,,,,,,,,,
All,pub.dev,2025-07-01/2025-12-31,KEYWORD_TRAFFICKING_WOMEN_GIRLS,,CY,,,,,,,,,,,,,,
All,pub.dev,2025-07-01/2025-12-31,KEYWORD_OTHER,DEPICTION_OF VIOLENCE,CY,,,,,,,,,,,,,,
All,pub.dev,2025-07-01/2025-12-31,KEYWORD_OTHER,SHOCKING_CONTENT,CY,,,,,,,,,,,,,,
All,pub.dev,2025-07-01/2025-12-31,KEYWORD_OTHER,VIOLENT_OR_GRAPHIC_CONTENT,CY,,,,,,,,,,,,,,
All,pub.dev,2025-07-01/2025-12-31,STATEMENT_CATEGORY_NOT_SPECIFIED_ORDER,,CY,,,,,,,,,,,,,,
All,pub.dev,2025-07-01/2025-12-31,TOTAL,,CZ,,,,,,,,,,,,,,
All,pub.dev,2025-07-01/2025-12-31,STATEMENT_CATEGORY_ANIMAL_WELFARE,,CZ,,,,,,,,,,,,,,
All,pub.dev,2025-07-01/2025-12-31,KEYWORD_ANIMAL_HARM,,CZ,,,,,,,,,,,,,,
All,pub.dev,2025-07-01/2025-12-31,KEYWORD_UNLAWFUL_SALE_ANIMALS,,CZ,,,,,,,,,,,,,,
All,pub.dev,2025-07-01/2025-12-31,KEYWORD_OTHER,ANIMAL_CRUELTY,CZ,,,,,,,,,,,,,,
All,pub.dev,2025-07-01/2025-12-31,KEYWORD_OTHER,ANIMAL_HARM_AND_UNLAWFUL_SALE,CZ,,,,,,,,,,,,,,
All,pub.dev,2025-07-01/2025-12-31,STATEMENT_CATEGORY_CONSUMER_INFORMATION,,CZ,,,,,,,,,,,,,,
All,pub.dev,2025-07-01/2025-12-31,KEYWORD_HIDDEN_ADVERTISEMENT,,CZ,,,,,,,,,,,,,,
All,pub.dev,2025-07-01/2025-12-31,KEYWORD_INSUFFICIENT_INFORMATION_ON_TRADERS,,CZ,,,,,,,,,,,,,,
All,pub.dev,2025-07-01/2025-12-31,KEYWORD_MISLEADING_INFO_GOODS_SERVICES,,CZ,,,,,,,,,,,,,,
All,pub.dev,2025-07-01/2025-12-31,KEYWORD_MISLEADING_INFO_CONSUMER_RIGHTS,,CZ,,,,,,,,,,,,,,
All,pub.dev,2025-07-01/2025-12-31,KEYWORD_NONCOMPLIANCE_PRICING,,CZ,,,,,,,,,,,,,,
All,pub.dev,2025-07-01/2025-12-31,KEYWORD_OTHER,CONSUMER_PROTECTION,CZ,,,,,,,,,,,,,,
All,pub.dev,2025-07-01/2025-12-31,KEYWORD_OTHER,MISREPRESENTATION,CZ,,,,,,,,,,,,,,
All,pub.dev,2025-07-01/2025-12-31,STATEMENT_CATEGORY_CYBER_VIOLENCE,,CZ,,,,,,,,,,,,,,
All,pub.dev,2025-07-01/2025-12-31,KEYWORD_CYBER_BULLYING_INTIMIDATION,,CZ,,,,,,,,,,,,,,
All,pub.dev,2025-07-01/2025-12-31,KEYWORD_CYBER_HARASSMENT,,CZ,,,,,,,,,,,,,,
All,pub.dev,2025-07-01/2025-12-31,KEYWORD_CYBER_INCITEMENT,,CZ,,,,,,,,,,,,,,
All,pub.dev,2025-07-01/2025-12-31,KEYWORD_CYBER_STALKING,,CZ,,,,,,,,,,,,,,
All,pub.dev,2025-07-01/2025-12-31,KEYWORD_NON_CONSENSUAL_IMAGE_SHARING,,CZ,,,,,,,,,,,,,,
All,pub.dev,2025-07-01/2025-12-31,KEYWORD_NON_CONSENSUAL_MATERIAL_DEEPFAKE,,CZ,,,,,,,,,,,,,,
All,pub.dev,2025-07-01/2025-12-31,KEYWORD_OTHER,DOXING,CZ,,,,,,,,,,,,,,
All,pub.dev,2025-07-01/2025-12-31,KEYWORD_OTHER,HARASSMENT,CZ,,,,,,,,,,,,,,
All,pub.dev,2025-07-01/2025-12-31,KEYWORD_OTHER,HARASSMENT_AND_CYBERBULLYING,CZ,,,,,,,,,,,,,,
All,pub.dev,2025-07-01/2025-12-31,KEYWORD_OTHER,HARMFUL_ACTIVITIES,CZ,,,,,,,,,,,,,,
All,pub.dev,2025-07-01/2025-12-31,KEYWORD_OTHER,SEXUAL_HARASSMENT,CZ,,,,,,,,,,,,,,
All,pub.dev,2025-07-01/2025-12-31,KEYWORD_OTHER,OBSCENITY_OR_PORNOGRAPHY,CZ,,,,,,,,,,,,,,
All,pub.dev,2025-07-01/2025-12-31,KEYWORD_OTHER,UNSAFE_CONTENT,CZ,,,,,,,,,,,,,,
All,pub.dev,2025-07-01/2025-12-31,STATEMENT_CATEGORY_CYBER_VIOLENCE_AGAINST_WOMEN,,CZ,,,,,,,,,,,,,,
All,pub.dev,2025-07-01/2025-12-31,KEYWORD_BULLYING_AGAINST_GIRLS,,CZ,,,,,,,,,,,,,,
All,pub.dev,2025-07-01/2025-12-31,KEYWORD_CYBER_HARASSMENT_AGAINST_WOMEN,,CZ,,,,,,,,,,,,,,
All,pub.dev,2025-07-01/2025-12-31,KEYWORD_CYBER_STALKING_AGAINST_WOMEN,,CZ,,,,,,,,,,,,,,
All,pub.dev,2025-07-01/2025-12-31,KEYWORD_FEMALE_GENDERED_DISINFORMATION,,CZ,,,,,,,,,,,,,,
All,pub.dev,2025-07-01/2025-12-31,KEYWORD_INCITEMENT_AGAINST_WOMEN,,CZ,,,,,,,,,,,,,,
All,pub.dev,2025-07-01/2025-12-31,KEYWORD_NON_CONSENSUAL_IMAGE_SHARING_AGAINST_WOMEN,,CZ,,,,,,,,,,,,,,
All,pub.dev,2025-07-01/2025-12-31,KEYWORD_NON_CONSENSUAL_MATERIAL_DEEPFAKE_AGAINST_WOMEN,,CZ,,,,,,,,,,,,,,
All,pub.dev,2025-07-01/2025-12-31,KEYWORD_OTHER,"Text to detail the ""Other"" keyword.",CZ,,,,,,,,,,,,,,
All,pub.dev,2025-07-01/2025-12-31,STATEMENT_CATEGORY_DATA_PROTECTION_AND_PRIVACY_VIOLATIONS,,CZ,,,,,,,,,,,,,,
All,pub.dev,2025-07-01/2025-12-31,KEYWORD_BIOMETRIC_DATA_BREACH,,CZ,,,,,,,,,,,,,,
All,pub.dev,2025-07-01/2025-12-31,KEYWORD_DATA_FALSIFICATION,,CZ,,,,,,,,,,,,,,
All,pub.dev,2025-07-01/2025-12-31,KEYWORD_MISSING_PROCESSING_GROUND,,CZ,,,,,,,,,,,,,,
All,pub.dev,2025-07-01/2025-12-31,KEYWORD_RIGHT_TO_BE_FORGOTTEN,,CZ,,,,,,,,,,,,,,
All,pub.dev,2025-07-01/2025-12-31,KEYWORD_OTHER,DATA_COLLECTION_AND_USE,CZ,,,,,,,,,,,,,,
All,pub.dev,2025-07-01/2025-12-31,KEYWORD_OTHER,DISCLOSURE_AND_CONSENT_PRACTICES,CZ,,,,,,,,,,,,,,
All,pub.dev,2025-07-01/2025-12-31,KEYWORD_OTHER,GDPR,CZ,,,,,,,,,,,,,,
All,pub.dev,2025-07-01/2025-12-31,KEYWORD_OTHER,PERSONAL_INFORMATION,CZ,,,,,,,,,,,,,,
All,pub.dev,2025-07-01/2025-12-31,KEYWORD_OTHER,PERSONAL_RIGHTS,CZ,,,,,,,,,,,,,,
All,pub.dev,2025-07-01/2025-12-31,KEYWORD_OTHER,PERSONALIZED_ADVERTISING,CZ,,,,,,,,,,,,,,
All,pub.dev,2025-07-01/2025-12-31,KEYWORD_OTHER,PRIVACY,CZ,,,,,,,,,,,,,,
All,pub.dev,2025-07-01/2025-12-31,KEYWORD_OTHER,PRIVACY_POLICY,CZ,,,,,,,,,,,,,,
All,pub.dev,2025-07-01/2025-12-31,KEYWORD_OTHER,UNSECURE_DATA_HANDLING,CZ,,,,,,,,,,,,,,
All,pub.dev,2025-07-01/2025-12-31,STATEMENT_CATEGORY_ILLEGAL_OR_HARMFUL_SPEECH,,CZ,,,,,,,,,,,,,,
All,pub.dev,2025-07-01/2025-12-31,KEYWORD_DEFAMATION,,CZ,,,,,,,,,,,,,,
All,pub.dev,2025-07-01/2025-12-31,KEYWORD_DISCRIMINATION,,CZ,,,,,,,,,,,,,,
All,pub.dev,2025-07-01/2025-12-31,KEYWORD_HATE_SPEECH,,CZ,,,,,,,,,,,,,,
All,pub.dev,2025-07-01/2025-12-31,KEYWORD_OTHER,HATEFUL_OR_ABUSIVE,CZ,,,,,,,,,,,,,,
All,pub.dev,2025-07-01/2025-12-31,KEYWORD_OTHER,ILLEGAL_OR_HARMFUL_SPEECH,CZ,,,,,,,,,,,,,,
All,pub.dev,2025-07-01/2025-12-31,KEYWORD_OTHER,OBSCENITY_AND_PROFANITY,CZ,,,,,,,,,,,,,,
All,pub.dev,2025-07-01/2025-12-31,KEYWORD_OTHER,OFFENSIVE_CONTENT,CZ,,,,,,,,,,,,,,
All,pub.dev,2025-07-01/2025-12-31,KEYWORD_OTHER,UNSAFE_CONTENT,CZ,,,,,,,,,,,,,,
All,pub.dev,2025-07-01/2025-12-31,STATEMENT_CATEGORY_INTELLECTUAL_PROPERTY_INFRINGEMENTS,,CZ,,,,,,,,,,,,,,
All,pub.dev,2025-07-01/2025-12-31,KEYWORD_COPYRIGHT_INFRINGEMENT,,CZ,,,,,,,,,,,,,,
All,pub.dev,2025-07-01/2025-12-31,KEYWORD_DESIGN_INFRINGEMENT,,CZ,,,,,,,,,,,,,,
All,pub.dev,2025-07-01/2025-12-31,KEYWORD_GEOGRAPHIC_INDICATIONS_INFRINGEMENT,,CZ,,,,,,,,,,,,,,
All,pub.dev,2025-07-01/2025-12-31,KEYWORD_PATENT_INFRINGEMENT,,CZ,,,,,,,,,,,,,,
All,pub.dev,2025-07-01/2025-12-31,KEYWORD_TRADE_SECRET_INFRINGEMENT,,CZ,,,,,,,,,,,,,,
All,pub.dev,2025-07-01/2025-12-31,KEYWORD_TRADEMARK_INFRINGEMENT,,CZ,,,,,,,,,,,,,,
All,pub.dev,2025-07-01/2025-12-31,KEYWORD_OTHER,CIRCUMVENTION,CZ,,,,,,,,,,,,,,
All,pub.dev,2025-07-01/2025-12-31,KEYWORD_OTHER,INTELLECTUAL PROPERTY,CZ,,,,,,,,,,,,,,
All,pub.dev,2025-07-01/2025-12-31,STATEMENT_CATEGORY_NEGATIVE_EFFECTS_ON_CIVIC_DISCOURSE_OR_ELECTIONS,,CZ,,,,,,,,,,,,,,
All,pub.dev,2025-07-01/2025-12-31,KEYWORD_MISINFORMATION_DISINFORMATION,,CZ,,,,,,,,,,,,,,
All,pub.dev,2025-07-01/2025-12-31,KEYWORD_VIOLATION_EU_LAW,,CZ,,,,,,,,,,,,,,
All,pub.dev,2025-07-01/2025-12-31,KEYWORD_VIOLATION_NATIONAL_LAW,,CZ,,,,,,,,,,,,,,
All,pub.dev,2025-07-01/2025-12-31,KEYWORD_OTHER,ELECTORAL,CZ,,,,,,,,,,,,,,
All,pub.dev,2025-07-01/2025-12-31,KEYWORD_OTHER,HACKED_POLITICAL_MATERIALS,CZ,,,,,,,,,,,,,,
All,pub.dev,2025-07-01/2025-12-31,KEYWORD_OTHER,POLITICAL_CONTENT,CZ,,,,,,,,,,,,,,
All,pub.dev,2025-07-01/2025-12-31,KEYWORD_OTHER,SOCIAL_STABILITY,CZ,,,,,,,,,,,,,,
All,pub.dev,2025-07-01/2025-12-31,KEYWORD_OTHER,SOCIETAL_VALUES,CZ,,,,,,,,,,,,,,
All,pub.dev,2025-07-01/2025-12-31,STATEMENT_CATEGORY_PROTECTION_OF_MINORS,,CZ,,,,,,,,,,,,,,
All,pub.dev,2025-07-01/2025-12-31,KEYWORD_AGE_SPECIFIC_RESTRICTIONS_MINORS,,CZ,,,,,,,,,,,,,,
All,pub.dev,2025-07-01/2025-12-31,KEYWORD_CHILD_SEXUAL_ABUSE_MATERIAL,,CZ,,,,,,,,,,,,,,
All,pub.dev,2025-07-01/2025-12-31,KEYWORD_CHILD_SEXUAL_ABUSE_MATERIAL_DEEPFAKE,,CZ,,,,,,,,,,,,,,
All,pub.dev,2025-07-01/2025-12-31,KEYWORD_GROOMING_SEXUAL_ENTICEMENT_MINORS,,CZ,,,,,,,,,,,,,,
All,pub.dev,2025-07-01/2025-12-31,KEYWORD_UNSAFE_CHALLENGES,,CZ,,,,,,,,,,,,,,
All,pub.dev,2025-07-01/2025-12-31,KEYWORD_OTHER,CHILD_ENDANGERMENT,CZ,,,,,,,,,,,,,,
All,pub.dev,2025-07-01/2025-12-31,KEYWORD_OTHER,CHILD_SAFETY,CZ,,,,,,,,,,,,,,
All,pub.dev,2025-07-01/2025-12-31,KEYWORD_OTHER,HARMFUL_OR_DANGEROUS_ACTS_CHALLENGES_AND_PRANKS,CZ,,,,,,,,,,,,,,
All,pub.dev,2025-07-01/2025-12-31,KEYWORD_OTHER,KNOWN_SERIES,CZ,,,,,,,,,,,,,,
All,pub.dev,2025-07-01/2025-12-31,KEYWORD_OTHER,PROTECTION_OF_MINORS,CZ,,,,,,,,,,,,,,
All,pub.dev,2025-07-01/2025-12-31,KEYWORD_OTHER,UNAUTHORIZED_IMAGE_OF_MINORS,CZ,,,,,,,,,,,,,,
All,pub.dev,2025-07-01/2025-12-31,STATEMENT_CATEGORY_RISK_FOR_PUBLIC_SECURITY,,CZ,,,,,,,,,,,,,,
All,pub.dev,2025-07-01/2025-12-31,KEYWORD_ILLEGAL_ORGANIZATIONS,,CZ,,,,,,,,,,,,,,
All,pub.dev,2025-07-01/2025-12-31,KEYWORD_RISK_ENVIRONMENTAL_DAMAGE,,CZ,,,,,,,,,,,,,,
All,pub.dev,2025-07-01/2025-12-31,KEYWORD_RISK_PUBLIC_HEALTH,,CZ,,,,,,,,,,,,,,
All,pub.dev,2025-07-01/2025-12-31,KEYWORD_TERRORIST_CONTENT,,CZ,,,,,,,,,,,,,,
All,pub.dev,2025-07-01/2025-12-31,KEYWORD_OTHER,COURT_ORDER,CZ,,,,,,,,,,,,,,
All,pub.dev,2025-07-01/2025-12-31,KEYWORD_OTHER,RISK_FOR_PUBLIC_SECURITY,CZ,,,,,,,,,,,,,,
All,pub.dev,2025-07-01/2025-12-31,KEYWORD_OTHER,SENSITIVE_EVENTS,CZ,,,,,,,,,,,,,,
All,pub.dev,2025-07-01/2025-12-31,KEYWORD_OTHER,VIOLENT_EXTREMISM,CZ,,,,,,,,,,,,,,
All,pub.dev,2025-07-01/2025-12-31,KEYWORD_OTHER,WRONGFUL_OR_UNAUTHORIZED_USE_OF_SYMBOLS,CZ,,,,,,,,,,,,,,
All,pub.dev,2025-07-01/2025-12-31,STATEMENT_CATEGORY_SCAMS_AND_FRAUD,,CZ,,,,,,,,,,,,,,
All,pub.dev,2025-07-01/2025-12-31,KEYWORD_IMPERSONATION_ACCOUNT_HIJACKING,,CZ,,,,,,,,,,,,,,
All,pub.dev,2025-07-01/2025-12-31,KEYWORD_INAUTHENTIC_ACCOUNTS,,CZ,,,,,,,,,,,,,,
All,pub.dev,2025-07-01/2025-12-31,KEYWORD_INAUTHENTIC_LISTINGS,,CZ,,,,,,,,,,,,,,
All,pub.dev,2025-07-01/2025-12-31,KEYWORD_INAUTHENTIC_USER_REVIEWS,,CZ,,,,,,,,,,,,,,
All,pub.dev,2025-07-01/2025-12-31,KEYWORD_PHISHING,,CZ,,,,,,,,,,,,,,
All,pub.dev,2025-07-01/2025-12-31,KEYWORD_PYRAMID_SCHEMES,,CZ,,,,,,,,,,,,,,
All,pub.dev,2025-07-01/2025-12-31,KEYWORD_OTHER,AD_FRAUD_POLICY,CZ,,,,,,,,,,,,,,
All,pub.dev,2025-07-01/2025-12-31,KEYWORD_OTHER,ENCOURAGEMENT_OF_DIGITAL_SECURITY_OR_TERMS_OF_SERVICE_VIOLATIONS,CZ,,,,,,,,,,,,,,
All,pub.dev,2025-07-01/2025-12-31,KEYWORD_OTHER,FRAUD,CZ,,,,,,,,,,,,,,
All,pub.dev,2025-07-01/2025-12-31,KEYWORD_OTHER,MALWARE,CZ,,,,,,,,,,,,,,
All,pub.dev,2025-07-01/2025-12-31,KEYWORD_OTHER,MALWARE_AND_PHISHING,CZ,,,,,,,,,,,,,,
All,pub.dev,2025-07-01/2025-12-31,KEYWORD_OTHER,MALWARE_AND_SYSTEM_CIRCUMVENTION,CZ,,,,,,,,,,,,,,
All,pub.dev,2025-07-01/2025-12-31,KEYWORD_OTHER,MISREPRESENTATION,CZ,,,,,,,,,,,,,,
All,pub.dev,2025-07-01/2025-12-31,KEYWORD_OTHER,SCAMS,CZ,,,,,,,,,,,,,,
All,pub.dev,2025-07-01/2025-12-31,KEYWORD_OTHER,SOCIAL_ENGINEERING_TACTICS,CZ,,,,,,,,,,,,,,
All,pub.dev,2025-07-01/2025-12-31,STATEMENT_CATEGORY_SELF_HARM,,CZ,,,,,,,,,,,,,,
All,pub.dev,2025-07-01/2025-12-31,KEYWORD_CONTENT_PROMOTING_EATING_DISORDERS,,CZ,,,,,,,,,,,,,,
All,pub.dev,2025-07-01/2025-12-31,KEYWORD_SELF_MUTILATION,,CZ,,,,,,,,,,,,,,
All,pub.dev,2025-07-01/2025-12-31,KEYWORD_SUICIDE,,CZ,,,,,,,,,,,,,,
All,pub.dev,2025-07-01/2025-12-31,KEYWORD_OTHER,SELF_HARM,CZ,,,,,,,,,,,,,,
All,pub.dev,2025-07-01/2025-12-31,KEYWORD_OTHER,SUICIDE_AND_SELF_HARM,CZ,,,,,,,,,,,,,,
All,pub.dev,2025-07-01/2025-12-31,STATEMENT_CATEGORY_UNSAFE_AND_PROHIBITED_PRODUCTS,,CZ,,,,,,,,,,,,,,
All,pub.dev,2025-07-01/2025-12-31,KEYWORD_PROHIBITED_PRODUCTS,,CZ,,,,,,,,,,,,,,
All,pub.dev,2025-07-01/2025-12-31,KEYWORD_UNSAFE_PRODUCTS,,CZ,,,,,,,,,,,,,,
All,pub.dev,2025-07-01/2025-12-31,KEYWORD_OTHER,COURT_ORDER,CZ,,,,,,,,,,,,,,
All,pub.dev,2025-07-01/2025-12-31,KEYWORD_OTHER,ENABLING_DISHONEST_BEHAVIOR,CZ,,,,,,,,,,,,,,
All,pub.dev,2025-07-01/2025-12-31,KEYWORD_OTHER,FIREARMS_AND_ILLEGAL_REGULATED_GOODS_OR_SERVICES,CZ,,,,,,,,,,,,,,
All,pub.dev,2025-07-01/2025-12-31,KEYWORD_OTHER,OTHER_LEGAL_NOTICES_OR_ORDERS,CZ,,,,,,,,,,,,,,
All,pub.dev,2025-07-01/2025-12-31,KEYWORD_OTHER,UNAUTHORIZED_PHARMACIES,CZ,,,,,,,,,,,,,,
All,pub.dev,2025-07-01/2025-12-31,STATEMENT_CATEGORY_VIOLENCE,,CZ,,,,,,,,,,,,,,
All,pub.dev,2025-07-01/2025-12-31,KEYWORD_COORDINATED_HARM,,CZ,,,,,,,,,,,,,,
All,pub.dev,2025-07-01/2025-12-31,KEYWORD_INCITEMENT_VIOLENCE_HATRED,,CZ,,,,,,,,,,,,,,
All,pub.dev,2025-07-01/2025-12-31,KEYWORD_HUMAN_EXPLOITATION,,CZ,,,,,,,,,,,,,,
All,pub.dev,2025-07-01/2025-12-31,KEYWORD_HUMAN_TRAFFICKING,,CZ,,,,,,,,,,,,,,
All,pub.dev,2025-07-01/2025-12-31,KEYWORD_TRAFFICKING_WOMEN_GIRLS,,CZ,,,,,,,,,,,,,,
All,pub.dev,2025-07-01/2025-12-31,KEYWORD_OTHER,DEPICTION_OF VIOLENCE,CZ,,,,,,,,,,,,,,
All,pub.dev,2025-07-01/2025-12-31,KEYWORD_OTHER,SHOCKING_CONTENT,CZ,,,,,,,,,,,,,,
All,pub.dev,2025-07-01/2025-12-31,KEYWORD_OTHER,VIOLENT_OR_GRAPHIC_CONTENT,CZ,,,,,,,,,,,,,,
All,pub.dev,2025-07-01/2025-12-31,STATEMENT_CATEGORY_NOT_SPECIFIED_ORDER,,CZ,,,,,,,,,,,,,,
All,pub.dev,2025-07-01/2025-12-31,TOTAL,,DK,,,,,,,,,,,,,,
All,pub.dev,2025-07-01/2025-12-31,STATEMENT_CATEGORY_ANIMAL_WELFARE,,DK,,,,,,,,,,,,,,
All,pub.dev,2025-07-01/2025-12-31,KEYWORD_ANIMAL_HARM,,DK,,,,,,,,,,,,,,
All,pub.dev,2025-07-01/2025-12-31,KEYWORD_UNLAWFUL_SALE_ANIMALS,,DK,,,,,,,,,,,,,,
All,pub.dev,2025-07-01/2025-12-31,KEYWORD_OTHER,ANIMAL_CRUELTY,DK,,,,,,,,,,,,,,
All,pub.dev,2025-07-01/2025-12-31,KEYWORD_OTHER,ANIMAL_HARM_AND_UNLAWFUL_SALE,DK,,,,,,,,,,,,,,
All,pub.dev,2025-07-01/2025-12-31,STATEMENT_CATEGORY_CONSUMER_INFORMATION,,DK,,,,,,,,,,,,,,
All,pub.dev,2025-07-01/2025-12-31,KEYWORD_HIDDEN_ADVERTISEMENT,,DK,,,,,,,,,,,,,,
All,pub.dev,2025-07-01/2025-12-31,KEYWORD_INSUFFICIENT_INFORMATION_ON_TRADERS,,DK,,,,,,,,,,,,,,
All,pub.dev,2025-07-01/2025-12-31,KEYWORD_MISLEADING_INFO_GOODS_SERVICES,,DK,,,,,,,,,,,,,,
All,pub.dev,2025-07-01/2025-12-31,KEYWORD_MISLEADING_INFO_CONSUMER_RIGHTS,,DK,,,,,,,,,,,,,,
All,pub.dev,2025-07-01/2025-12-31,KEYWORD_NONCOMPLIANCE_PRICING,,DK,,,,,,,,,,,,,,
All,pub.dev,2025-07-01/2025-12-31,KEYWORD_OTHER,CONSUMER_PROTECTION,DK,,,,,,,,,,,,,,
All,pub.dev,2025-07-01/2025-12-31,KEYWORD_OTHER,MISREPRESENTATION,DK,,,,,,,,,,,,,,
All,pub.dev,2025-07-01/2025-12-31,STATEMENT_CATEGORY_CYBER_VIOLENCE,,DK,,,,,,,,,,,,,,
All,pub.dev,2025-07-01/2025-12-31,KEYWORD_CYBER_BULLYING_INTIMIDATION,,DK,,,,,,,,,,,,,,
All,pub.dev,2025-07-01/2025-12-31,KEYWORD_CYBER_HARASSMENT,,DK,,,,,,,,,,,,,,
All,pub.dev,2025-07-01/2025-12-31,KEYWORD_CYBER_INCITEMENT,,DK,,,,,,,,,,,,,,
All,pub.dev,2025-07-01/2025-12-31,KEYWORD_CYBER_STALKING,,DK,,,,,,,,,,,,,,
All,pub.dev,2025-07-01/2025-12-31,KEYWORD_NON_CONSENSUAL_IMAGE_SHARING,,DK,,,,,,,,,,,,,,
All,pub.dev,2025-07-01/2025-12-31,KEYWORD_NON_CONSENSUAL_MATERIAL_DEEPFAKE,,DK,,,,,,,,,,,,,,
All,pub.dev,2025-07-01/2025-12-31,KEYWORD_OTHER,DOXING,DK,,,,,,,,,,,,,,
All,pub.dev,2025-07-01/2025-12-31,KEYWORD_OTHER,HARASSMENT,DK,,,,,,,,,,,,,,
All,pub.dev,2025-07-01/2025-12-31,KEYWORD_OTHER,HARASSMENT_AND_CYBERBULLYING,DK,,,,,,,,,,,,,,
All,pub.dev,2025-07-01/2025-12-31,KEYWORD_OTHER,HARMFUL_ACTIVITIES,DK,,,,,,,,,,,,,,
All,pub.dev,2025-07-01/2025-12-31,KEYWORD_OTHER,SEXUAL_HARASSMENT,DK,,,,,,,,,,,,,,
All,pub.dev,2025-07-01/2025-12-31,KEYWORD_OTHER,OBSCENITY_OR_PORNOGRAPHY,DK,,,,,,,,,,,,,,
All,pub.dev,2025-07-01/2025-12-31,KEYWORD_OTHER,UNSAFE_CONTENT,DK,,,,,,,,,,,,,,
All,pub.dev,2025-07-01/2025-12-31,STATEMENT_CATEGORY_CYBER_VIOLENCE_AGAINST_WOMEN,,DK,,,,,,,,,,,,,,
All,pub.dev,2025-07-01/2025-12-31,KEYWORD_BULLYING_AGAINST_GIRLS,,DK,,,,,,,,,,,,,,
All,pub.dev,2025-07-01/2025-12-31,KEYWORD_CYBER_HARASSMENT_AGAINST_WOMEN,,DK,,,,,,,,,,,,,,
All,pub.dev,2025-07-01/2025-12-31,KEYWORD_CYBER_STALKING_AGAINST_WOMEN,,DK,,,,,,,,,,,,,,
All,pub.dev,2025-07-01/2025-12-31,KEYWORD_FEMALE_GENDERED_DISINFORMATION,,DK,,,,,,,,,,,,,,
All,pub.dev,2025-07-01/2025-12-31,KEYWORD_INCITEMENT_AGAINST_WOMEN,,DK,,,,,,,,,,,,,,
All,pub.dev,2025-07-01/2025-12-31,KEYWORD_NON_CONSENSUAL_IMAGE_SHARING_AGAINST_WOMEN,,DK,,,,,,,,,,,,,,
All,pub.dev,2025-07-01/2025-12-31,KEYWORD_NON_CONSENSUAL_MATERIAL_DEEPFAKE_AGAINST_WOMEN,,DK,,,,,,,,,,,,,,
All,pub.dev,2025-07-01/2025-12-31,KEYWORD_OTHER,"Text to detail the ""Other"" keyword.",DK,,,,,,,,,,,,,,
All,pub.dev,2025-07-01/2025-12-31,STATEMENT_CATEGORY_DATA_PROTECTION_AND_PRIVACY_VIOLATIONS,,DK,,,,,,,,,,,,,,
All,pub.dev,2025-07-01/2025-12-31,KEYWORD_BIOMETRIC_DATA_BREACH,,DK,,,,,,,,,,,,,,
All,pub.dev,2025-07-01/2025-12-31,KEYWORD_DATA_FALSIFICATION,,DK,,,,,,,,,,,,,,
All,pub.dev,2025-07-01/2025-12-31,KEYWORD_MISSING_PROCESSING_GROUND,,DK,,,,,,,,,,,,,,
All,pub.dev,2025-07-01/2025-12-31,KEYWORD_RIGHT_TO_BE_FORGOTTEN,,DK,,,,,,,,,,,,,,
All,pub.dev,2025-07-01/2025-12-31,KEYWORD_OTHER,DATA_COLLECTION_AND_USE,DK,,,,,,,,,,,,,,
All,pub.dev,2025-07-01/2025-12-31,KEYWORD_OTHER,DISCLOSURE_AND_CONSENT_PRACTICES,DK,,,,,,,,,,,,,,
All,pub.dev,2025-07-01/2025-12-31,KEYWORD_OTHER,GDPR,DK,,,,,,,,,,,,,,
All,pub.dev,2025-07-01/2025-12-31,KEYWORD_OTHER,PERSONAL_INFORMATION,DK,,,,,,,,,,,,,,
All,pub.dev,2025-07-01/2025-12-31,KEYWORD_OTHER,PERSONAL_RIGHTS,DK,,,,,,,,,,,,,,
All,pub.dev,2025-07-01/2025-12-31,KEYWORD_OTHER,PERSONALIZED_ADVERTISING,DK,,,,,,,,,,,,,,
All,pub.dev,2025-07-01/2025-12-31,KEYWORD_OTHER,PRIVACY,DK,,,,,,,,,,,,,,
All,pub.dev,2025-07-01/2025-12-31,KEYWORD_OTHER,PRIVACY_POLICY,DK,,,,,,,,,,,,,,
All,pub.dev,2025-07-01/2025-12-31,KEYWORD_OTHER,UNSECURE_DATA_HANDLING,DK,,,,,,,,,,,,,,
All,pub.dev,2025-07-01/2025-12-31,STATEMENT_CATEGORY_ILLEGAL_OR_HARMFUL_SPEECH,,DK,,,,,,,,,,,,,,
All,pub.dev,2025-07-01/2025-12-31,KEYWORD_DEFAMATION,,DK,,,,,,,,,,,,,,
All,pub.dev,2025-07-01/2025-12-31,KEYWORD_DISCRIMINATION,,DK,,,,,,,,,,,,,,
All,pub.dev,2025-07-01/2025-12-31,KEYWORD_HATE_SPEECH,,DK,,,,,,,,,,,,,,
All,pub.dev,2025-07-01/2025-12-31,KEYWORD_OTHER,HATEFUL_OR_ABUSIVE,DK,,,,,,,,,,,,,,
All,pub.dev,2025-07-01/2025-12-31,KEYWORD_OTHER,ILLEGAL_OR_HARMFUL_SPEECH,DK,,,,,,,,,,,,,,
All,pub.dev,2025-07-01/2025-12-31,KEYWORD_OTHER,OBSCENITY_AND_PROFANITY,DK,,,,,,,,,,,,,,
All,pub.dev,2025-07-01/2025-12-31,KEYWORD_OTHER,OFFENSIVE_CONTENT,DK,,,,,,,,,,,,,,
All,pub.dev,2025-07-01/2025-12-31,KEYWORD_OTHER,UNSAFE_CONTENT,DK,,,,,,,,,,,,,,
All,pub.dev,2025-07-01/2025-12-31,STATEMENT_CATEGORY_INTELLECTUAL_PROPERTY_INFRINGEMENTS,,DK,,,,,,,,,,,,,,
All,pub.dev,2025-07-01/2025-12-31,KEYWORD_COPYRIGHT_INFRINGEMENT,,DK,,,,,,,,,,,,,,
All,pub.dev,2025-07-01/2025-12-31,KEYWORD_DESIGN_INFRINGEMENT,,DK,,,,,,,,,,,,,,
All,pub.dev,2025-07-01/2025-12-31,KEYWORD_GEOGRAPHIC_INDICATIONS_INFRINGEMENT,,DK,,,,,,,,,,,,,,
All,pub.dev,2025-07-01/2025-12-31,KEYWORD_PATENT_INFRINGEMENT,,DK,,,,,,,,,,,,,,
All,pub.dev,2025-07-01/2025-12-31,KEYWORD_TRADE_SECRET_INFRINGEMENT,,DK,,,,,,,,,,,,,,
All,pub.dev,2025-07-01/2025-12-31,KEYWORD_TRADEMARK_INFRINGEMENT,,DK,,,,,,,,,,,,,,
All,pub.dev,2025-07-01/2025-12-31,KEYWORD_OTHER,CIRCUMVENTION,DK,,,,,,,,,,,,,,
All,pub.dev,2025-07-01/2025-12-31,KEYWORD_OTHER,INTELLECTUAL PROPERTY,DK,,,,,,,,,,,,,,
All,pub.dev,2025-07-01/2025-12-31,STATEMENT_CATEGORY_NEGATIVE_EFFECTS_ON_CIVIC_DISCOURSE_OR_ELECTIONS,,DK,,,,,,,,,,,,,,
All,pub.dev,2025-07-01/2025-12-31,KEYWORD_MISINFORMATION_DISINFORMATION,,DK,,,,,,,,,,,,,,
All,pub.dev,2025-07-01/2025-12-31,KEYWORD_VIOLATION_EU_LAW,,DK,,,,,,,,,,,,,,
All,pub.dev,2025-07-01/2025-12-31,KEYWORD_VIOLATION_NATIONAL_LAW,,DK,,,,,,,,,,,,,,
All,pub.dev,2025-07-01/2025-12-31,KEYWORD_OTHER,ELECTORAL,DK,,,,,,,,,,,,,,
All,pub.dev,2025-07-01/2025-12-31,KEYWORD_OTHER,HACKED_POLITICAL_MATERIALS,DK,,,,,,,,,,,,,,
All,pub.dev,2025-07-01/2025-12-31,KEYWORD_OTHER,POLITICAL_CONTENT,DK,,,,,,,,,,,,,,
All,pub.dev,2025-07-01/2025-12-31,KEYWORD_OTHER,SOCIAL_STABILITY,DK,,,,,,,,,,,,,,
All,pub.dev,2025-07-01/2025-12-31,KEYWORD_OTHER,SOCIETAL_VALUES,DK,,,,,,,,,,,,,,
All,pub.dev,2025-07-01/2025-12-31,STATEMENT_CATEGORY_PROTECTION_OF_MINORS,,DK,,,,,,,,,,,,,,
All,pub.dev,2025-07-01/2025-12-31,KEYWORD_AGE_SPECIFIC_RESTRICTIONS_MINORS,,DK,,,,,,,,,,,,,,
All,pub.dev,2025-07-01/2025-12-31,KEYWORD_CHILD_SEXUAL_ABUSE_MATERIAL,,DK,,,,,,,,,,,,,,
All,pub.dev,2025-07-01/2025-12-31,KEYWORD_CHILD_SEXUAL_ABUSE_MATERIAL_DEEPFAKE,,DK,,,,,,,,,,,,,,
All,pub.dev,2025-07-01/2025-12-31,KEYWORD_GROOMING_SEXUAL_ENTICEMENT_MINORS,,DK,,,,,,,,,,,,,,
All,pub.dev,2025-07-01/2025-12-31,KEYWORD_UNSAFE_CHALLENGES,,DK,,,,,,,,,,,,,,
All,pub.dev,2025-07-01/2025-12-31,KEYWORD_OTHER,CHILD_ENDANGERMENT,DK,,,,,,,,,,,,,,
All,pub.dev,2025-07-01/2025-12-31,KEYWORD_OTHER,CHILD_SAFETY,DK,,,,,,,,,,,,,,
All,pub.dev,2025-07-01/2025-12-31,KEYWORD_OTHER,HARMFUL_OR_DANGEROUS_ACTS_CHALLENGES_AND_PRANKS,DK,,,,,,,,,,,,,,
All,pub.dev,2025-07-01/2025-12-31,KEYWORD_OTHER,KNOWN_SERIES,DK,,,,,,,,,,,,,,
All,pub.dev,2025-07-01/2025-12-31,KEYWORD_OTHER,PROTECTION_OF_MINORS,DK,,,,,,,,,,,,,,
All,pub.dev,2025-07-01/2025-12-31,KEYWORD_OTHER,UNAUTHORIZED_IMAGE_OF_MINORS,DK,,,,,,,,,,,,,,
All,pub.dev,2025-07-01/2025-12-31,STATEMENT_CATEGORY_RISK_FOR_PUBLIC_SECURITY,,DK,,,,,,,,,,,,,,
All,pub.dev,2025-07-01/2025-12-31,KEYWORD_ILLEGAL_ORGANIZATIONS,,DK,,,,,,,,,,,,,,
All,pub.dev,2025-07-01/2025-12-31,KEYWORD_RISK_ENVIRONMENTAL_DAMAGE,,DK,,,,,,,,,,,,,,
All,pub.dev,2025-07-01/2025-12-31,KEYWORD_RISK_PUBLIC_HEALTH,,DK,,,,,,,,,,,,,,
All,pub.dev,2025-07-01/2025-12-31,KEYWORD_TERRORIST_CONTENT,,DK,,,,,,,,,,,,,,
All,pub.dev,2025-07-01/2025-12-31,KEYWORD_OTHER,COURT_ORDER,DK,,,,,,,,,,,,,,
All,pub.dev,2025-07-01/2025-12-31,KEYWORD_OTHER,RISK_FOR_PUBLIC_SECURITY,DK,,,,,,,,,,,,,,
All,pub.dev,2025-07-01/2025-12-31,KEYWORD_OTHER,SENSITIVE_EVENTS,DK,,,,,,,,,,,,,,
All,pub.dev,2025-07-01/2025-12-31,KEYWORD_OTHER,VIOLENT_EXTREMISM,DK,,,,,,,,,,,,,,
All,pub.dev,2025-07-01/2025-12-31,KEYWORD_OTHER,WRONGFUL_OR_UNAUTHORIZED_USE_OF_SYMBOLS,DK,,,,,,,,,,,,,,
All,pub.dev,2025-07-01/2025-12-31,STATEMENT_CATEGORY_SCAMS_AND_FRAUD,,DK,,,,,,,,,,,,,,
All,pub.dev,2025-07-01/2025-12-31,KEYWORD_IMPERSONATION_ACCOUNT_HIJACKING,,DK,,,,,,,,,,,,,,
All,pub.dev,2025-07-01/2025-12-31,KEYWORD_INAUTHENTIC_ACCOUNTS,,DK,,,,,,,,,,,,,,
All,pub.dev,2025-07-01/2025-12-31,KEYWORD_INAUTHENTIC_LISTINGS,,DK,,,,,,,,,,,,,,
All,pub.dev,2025-07-01/2025-12-31,KEYWORD_INAUTHENTIC_USER_REVIEWS,,DK,,,,,,,,,,,,,,
All,pub.dev,2025-07-01/2025-12-31,KEYWORD_PHISHING,,DK,,,,,,,,,,,,,,
All,pub.dev,2025-07-01/2025-12-31,KEYWORD_PYRAMID_SCHEMES,,DK,,,,,,,,,,,,,,
All,pub.dev,2025-07-01/2025-12-31,KEYWORD_OTHER,AD_FRAUD_POLICY,DK,,,,,,,,,,,,,,
All,pub.dev,2025-07-01/2025-12-31,KEYWORD_OTHER,ENCOURAGEMENT_OF_DIGITAL_SECURITY_OR_TERMS_OF_SERVICE_VIOLATIONS,DK,,,,,,,,,,,,,,
All,pub.dev,2025-07-01/2025-12-31,KEYWORD_OTHER,FRAUD,DK,,,,,,,,,,,,,,
All,pub.dev,2025-07-01/2025-12-31,KEYWORD_OTHER,MALWARE,DK,,,,,,,,,,,,,,
All,pub.dev,2025-07-01/2025-12-31,KEYWORD_OTHER,MALWARE_AND_PHISHING,DK,,,,,,,,,,,,,,
All,pub.dev,2025-07-01/2025-12-31,KEYWORD_OTHER,MALWARE_AND_SYSTEM_CIRCUMVENTION,DK,,,,,,,,,,,,,,
All,pub.dev,2025-07-01/2025-12-31,KEYWORD_OTHER,MISREPRESENTATION,DK,,,,,,,,,,,,,,
All,pub.dev,2025-07-01/2025-12-31,KEYWORD_OTHER,SCAMS,DK,,,,,,,,,,,,,,
All,pub.dev,2025-07-01/2025-12-31,KEYWORD_OTHER,SOCIAL_ENGINEERING_TACTICS,DK,,,,,,,,,,,,,,
All,pub.dev,2025-07-01/2025-12-31,STATEMENT_CATEGORY_SELF_HARM,,DK,,,,,,,,,,,,,,
All,pub.dev,2025-07-01/2025-12-31,KEYWORD_CONTENT_PROMOTING_EATING_DISORDERS,,DK,,,,,,,,,,,,,,
All,pub.dev,2025-07-01/2025-12-31,KEYWORD_SELF_MUTILATION,,DK,,,,,,,,,,,,,,
All,pub.dev,2025-07-01/2025-12-31,KEYWORD_SUICIDE,,DK,,,,,,,,,,,,,,
All,pub.dev,2025-07-01/2025-12-31,KEYWORD_OTHER,SELF_HARM,DK,,,,,,,,,,,,,,
All,pub.dev,2025-07-01/2025-12-31,KEYWORD_OTHER,SUICIDE_AND_SELF_HARM,DK,,,,,,,,,,,,,,
All,pub.dev,2025-07-01/2025-12-31,STATEMENT_CATEGORY_UNSAFE_AND_PROHIBITED_PRODUCTS,,DK,,,,,,,,,,,,,,
All,pub.dev,2025-07-01/2025-12-31,KEYWORD_PROHIBITED_PRODUCTS,,DK,,,,,,,,,,,,,,
All,pub.dev,2025-07-01/2025-12-31,KEYWORD_UNSAFE_PRODUCTS,,DK,,,,,,,,,,,,,,
All,pub.dev,2025-07-01/2025-12-31,KEYWORD_OTHER,COURT_ORDER,DK,,,,,,,,,,,,,,
All,pub.dev,2025-07-01/2025-12-31,KEYWORD_OTHER,ENABLING_DISHONEST_BEHAVIOR,DK,,,,,,,,,,,,,,
All,pub.dev,2025-07-01/2025-12-31,KEYWORD_OTHER,FIREARMS_AND_ILLEGAL_REGULATED_GOODS_OR_SERVICES,DK,,,,,,,,,,,,,,
All,pub.dev,2025-07-01/2025-12-31,KEYWORD_OTHER,OTHER_LEGAL_NOTICES_OR_ORDERS,DK,,,,,,,,,,,,,,
All,pub.dev,2025-07-01/2025-12-31,KEYWORD_OTHER,UNAUTHORIZED_PHARMACIES,DK,,,,,,,,,,,,,,
All,pub.dev,2025-07-01/2025-12-31,STATEMENT_CATEGORY_VIOLENCE,,DK,,,,,,,,,,,,,,
All,pub.dev,2025-07-01/2025-12-31,KEYWORD_COORDINATED_HARM,,DK,,,,,,,,,,,,,,
All,pub.dev,2025-07-01/2025-12-31,KEYWORD_INCITEMENT_VIOLENCE_HATRED,,DK,,,,,,,,,,,,,,
All,pub.dev,2025-07-01/2025-12-31,KEYWORD_HUMAN_EXPLOITATION,,DK,,,,,,,,,,,,,,
All,pub.dev,2025-07-01/2025-12-31,KEYWORD_HUMAN_TRAFFICKING,,DK,,,,,,,,,,,,,,
All,pub.dev,2025-07-01/2025-12-31,KEYWORD_TRAFFICKING_WOMEN_GIRLS,,DK,,,,,,,,,,,,,,
All,pub.dev,2025-07-01/2025-12-31,KEYWORD_OTHER,DEPICTION_OF VIOLENCE,DK,,,,,,,,,,,,,,
All,pub.dev,2025-07-01/2025-12-31,KEYWORD_OTHER,SHOCKING_CONTENT,DK,,,,,,,,,,,,,,
All,pub.dev,2025-07-01/2025-12-31,KEYWORD_OTHER,VIOLENT_OR_GRAPHIC_CONTENT,DK,,,,,,,,,,,,,,
All,pub.dev,2025-07-01/2025-12-31,STATEMENT_CATEGORY_NOT_SPECIFIED_ORDER,,DK,,,,,,,,,,,,,,
All,pub.dev,2025-07-01/2025-12-31,TOTAL,,EE,,,,,,,,,,,,,,
All,pub.dev,2025-07-01/2025-12-31,STATEMENT_CATEGORY_ANIMAL_WELFARE,,EE,,,,,,,,,,,,,,
All,pub.dev,2025-07-01/2025-12-31,KEYWORD_ANIMAL_HARM,,EE,,,,,,,,,,,,,,
All,pub.dev,2025-07-01/2025-12-31,KEYWORD_UNLAWFUL_SALE_ANIMALS,,EE,,,,,,,,,,,,,,
All,pub.dev,2025-07-01/2025-12-31,KEYWORD_OTHER,ANIMAL_CRUELTY,EE,,,,,,,,,,,,,,
All,pub.dev,2025-07-01/2025-12-31,KEYWORD_OTHER,ANIMAL_HARM_AND_UNLAWFUL_SALE,EE,,,,,,,,,,,,,,
All,pub.dev,2025-07-01/2025-12-31,STATEMENT_CATEGORY_CONSUMER_INFORMATION,,EE,,,,,,,,,,,,,,
All,pub.dev,2025-07-01/2025-12-31,KEYWORD_HIDDEN_ADVERTISEMENT,,EE,,,,,,,,,,,,,,
All,pub.dev,2025-07-01/2025-12-31,KEYWORD_INSUFFICIENT_INFORMATION_ON_TRADERS,,EE,,,,,,,,,,,,,,
All,pub.dev,2025-07-01/2025-12-31,KEYWORD_MISLEADING_INFO_GOODS_SERVICES,,EE,,,,,,,,,,,,,,
All,pub.dev,2025-07-01/2025-12-31,KEYWORD_MISLEADING_INFO_CONSUMER_RIGHTS,,EE,,,,,,,,,,,,,,
All,pub.dev,2025-07-01/2025-12-31,KEYWORD_NONCOMPLIANCE_PRICING,,EE,,,,,,,,,,,,,,
All,pub.dev,2025-07-01/2025-12-31,KEYWORD_OTHER,CONSUMER_PROTECTION,EE,,,,,,,,,,,,,,
All,pub.dev,2025-07-01/2025-12-31,KEYWORD_OTHER,MISREPRESENTATION,EE,,,,,,,,,,,,,,
All,pub.dev,2025-07-01/2025-12-31,STATEMENT_CATEGORY_CYBER_VIOLENCE,,EE,,,,,,,,,,,,,,
All,pub.dev,2025-07-01/2025-12-31,KEYWORD_CYBER_BULLYING_INTIMIDATION,,EE,,,,,,,,,,,,,,
All,pub.dev,2025-07-01/2025-12-31,KEYWORD_CYBER_HARASSMENT,,EE,,,,,,,,,,,,,,
All,pub.dev,2025-07-01/2025-12-31,KEYWORD_CYBER_INCITEMENT,,EE,,,,,,,,,,,,,,
All,pub.dev,2025-07-01/2025-12-31,KEYWORD_CYBER_STALKING,,EE,,,,,,,,,,,,,,
All,pub.dev,2025-07-01/2025-12-31,KEYWORD_NON_CONSENSUAL_IMAGE_SHARING,,EE,,,,,,,,,,,,,,
All,pub.dev,2025-07-01/2025-12-31,KEYWORD_NON_CONSENSUAL_MATERIAL_DEEPFAKE,,EE,,,,,,,,,,,,,,
All,pub.dev,2025-07-01/2025-12-31,KEYWORD_OTHER,DOXING,EE,,,,,,,,,,,,,,
All,pub.dev,2025-07-01/2025-12-31,KEYWORD_OTHER,HARASSMENT,EE,,,,,,,,,,,,,,
All,pub.dev,2025-07-01/2025-12-31,KEYWORD_OTHER,HARASSMENT_AND_CYBERBULLYING,EE,,,,,,,,,,,,,,
All,pub.dev,2025-07-01/2025-12-31,KEYWORD_OTHER,HARMFUL_ACTIVITIES,EE,,,,,,,,,,,,,,
All,pub.dev,2025-07-01/2025-12-31,KEYWORD_OTHER,SEXUAL_HARASSMENT,EE,,,,,,,,,,,,,,
All,pub.dev,2025-07-01/2025-12-31,KEYWORD_OTHER,OBSCENITY_OR_PORNOGRAPHY,EE,,,,,,,,,,,,,,
All,pub.dev,2025-07-01/2025-12-31,KEYWORD_OTHER,UNSAFE_CONTENT,EE,,,,,,,,,,,,,,
All,pub.dev,2025-07-01/2025-12-31,STATEMENT_CATEGORY_CYBER_VIOLENCE_AGAINST_WOMEN,,EE,,,,,,,,,,,,,,
All,pub.dev,2025-07-01/2025-12-31,KEYWORD_BULLYING_AGAINST_GIRLS,,EE,,,,,,,,,,,,,,
All,pub.dev,2025-07-01/2025-12-31,KEYWORD_CYBER_HARASSMENT_AGAINST_WOMEN,,EE,,,,,,,,,,,,,,
All,pub.dev,2025-07-01/2025-12-31,KEYWORD_CYBER_STALKING_AGAINST_WOMEN,,EE,,,,,,,,,,,,,,
All,pub.dev,2025-07-01/2025-12-31,KEYWORD_FEMALE_GENDERED_DISINFORMATION,,EE,,,,,,,,,,,,,,
All,pub.dev,2025-07-01/2025-12-31,KEYWORD_INCITEMENT_AGAINST_WOMEN,,EE,,,,,,,,,,,,,,
All,pub.dev,2025-07-01/2025-12-31,KEYWORD_NON_CONSENSUAL_IMAGE_SHARING_AGAINST_WOMEN,,EE,,,,,,,,,,,,,,
All,pub.dev,2025-07-01/2025-12-31,KEYWORD_NON_CONSENSUAL_MATERIAL_DEEPFAKE_AGAINST_WOMEN,,EE,,,,,,,,,,,,,,
All,pub.dev,2025-07-01/2025-12-31,KEYWORD_OTHER,"Text to detail the ""Other"" keyword.",EE,,,,,,,,,,,,,,
All,pub.dev,2025-07-01/2025-12-31,STATEMENT_CATEGORY_DATA_PROTECTION_AND_PRIVACY_VIOLATIONS,,EE,,,,,,,,,,,,,,
All,pub.dev,2025-07-01/2025-12-31,KEYWORD_BIOMETRIC_DATA_BREACH,,EE,,,,,,,,,,,,,,
All,pub.dev,2025-07-01/2025-12-31,KEYWORD_DATA_FALSIFICATION,,EE,,,,,,,,,,,,,,
All,pub.dev,2025-07-01/2025-12-31,KEYWORD_MISSING_PROCESSING_GROUND,,EE,,,,,,,,,,,,,,
All,pub.dev,2025-07-01/2025-12-31,KEYWORD_RIGHT_TO_BE_FORGOTTEN,,EE,,,,,,,,,,,,,,
All,pub.dev,2025-07-01/2025-12-31,KEYWORD_OTHER,DATA_COLLECTION_AND_USE,EE,,,,,,,,,,,,,,
All,pub.dev,2025-07-01/2025-12-31,KEYWORD_OTHER,DISCLOSURE_AND_CONSENT_PRACTICES,EE,,,,,,,,,,,,,,
All,pub.dev,2025-07-01/2025-12-31,KEYWORD_OTHER,GDPR,EE,,,,,,,,,,,,,,
All,pub.dev,2025-07-01/2025-12-31,KEYWORD_OTHER,PERSONAL_INFORMATION,EE,,,,,,,,,,,,,,
All,pub.dev,2025-07-01/2025-12-31,KEYWORD_OTHER,PERSONAL_RIGHTS,EE,,,,,,,,,,,,,,
All,pub.dev,2025-07-01/2025-12-31,KEYWORD_OTHER,PERSONALIZED_ADVERTISING,EE,,,,,,,,,,,,,,
All,pub.dev,2025-07-01/2025-12-31,KEYWORD_OTHER,PRIVACY,EE,,,,,,,,,,,,,,
All,pub.dev,2025-07-01/2025-12-31,KEYWORD_OTHER,PRIVACY_POLICY,EE,,,,,,,,,,,,,,
All,pub.dev,2025-07-01/2025-12-31,KEYWORD_OTHER,UNSECURE_DATA_HANDLING,EE,,,,,,,,,,,,,,
All,pub.dev,2025-07-01/2025-12-31,STATEMENT_CATEGORY_ILLEGAL_OR_HARMFUL_SPEECH,,EE,,,,,,,,,,,,,,
All,pub.dev,2025-07-01/2025-12-31,KEYWORD_DEFAMATION,,EE,,,,,,,,,,,,,,
All,pub.dev,2025-07-01/2025-12-31,KEYWORD_DISCRIMINATION,,EE,,,,,,,,,,,,,,
All,pub.dev,2025-07-01/2025-12-31,KEYWORD_HATE_SPEECH,,EE,,,,,,,,,,,,,,
All,pub.dev,2025-07-01/2025-12-31,KEYWORD_OTHER,HATEFUL_OR_ABUSIVE,EE,,,,,,,,,,,,,,
All,pub.dev,2025-07-01/2025-12-31,KEYWORD_OTHER,ILLEGAL_OR_HARMFUL_SPEECH,EE,,,,,,,,,,,,,,
All,pub.dev,2025-07-01/2025-12-31,KEYWORD_OTHER,OBSCENITY_AND_PROFANITY,EE,,,,,,,,,,,,,,
All,pub.dev,2025-07-01/2025-12-31,KEYWORD_OTHER,OFFENSIVE_CONTENT,EE,,,,,,,,,,,,,,
All,pub.dev,2025-07-01/2025-12-31,KEYWORD_OTHER,UNSAFE_CONTENT,EE,,,,,,,,,,,,,,
All,pub.dev,2025-07-01/2025-12-31,STATEMENT_CATEGORY_INTELLECTUAL_PROPERTY_INFRINGEMENTS,,EE,,,,,,,,,,,,,,
All,pub.dev,2025-07-01/2025-12-31,KEYWORD_COPYRIGHT_INFRINGEMENT,,EE,,,,,,,,,,,,,,
All,pub.dev,2025-07-01/2025-12-31,KEYWORD_DESIGN_INFRINGEMENT,,EE,,,,,,,,,,,,,,
All,pub.dev,2025-07-01/2025-12-31,KEYWORD_GEOGRAPHIC_INDICATIONS_INFRINGEMENT,,EE,,,,,,,,,,,,,,
All,pub.dev,2025-07-01/2025-12-31,KEYWORD_PATENT_INFRINGEMENT,,EE,,,,,,,,,,,,,,
All,pub.dev,2025-07-01/2025-12-31,KEYWORD_TRADE_SECRET_INFRINGEMENT,,EE,,,,,,,,,,,,,,
All,pub.dev,2025-07-01/2025-12-31,KEYWORD_TRADEMARK_INFRINGEMENT,,EE,,,,,,,,,,,,,,
All,pub.dev,2025-07-01/2025-12-31,KEYWORD_OTHER,CIRCUMVENTION,EE,,,,,,,,,,,,,,
All,pub.dev,2025-07-01/2025-12-31,KEYWORD_OTHER,INTELLECTUAL PROPERTY,EE,,,,,,,,,,,,,,
All,pub.dev,2025-07-01/2025-12-31,STATEMENT_CATEGORY_NEGATIVE_EFFECTS_ON_CIVIC_DISCOURSE_OR_ELECTIONS,,EE,,,,,,,,,,,,,,
All,pub.dev,2025-07-01/2025-12-31,KEYWORD_MISINFORMATION_DISINFORMATION,,EE,,,,,,,,,,,,,,
All,pub.dev,2025-07-01/2025-12-31,KEYWORD_VIOLATION_EU_LAW,,EE,,,,,,,,,,,,,,
All,pub.dev,2025-07-01/2025-12-31,KEYWORD_VIOLATION_NATIONAL_LAW,,EE,,,,,,,,,,,,,,
All,pub.dev,2025-07-01/2025-12-31,KEYWORD_OTHER,ELECTORAL,EE,,,,,,,,,,,,,,
All,pub.dev,2025-07-01/2025-12-31,KEYWORD_OTHER,HACKED_POLITICAL_MATERIALS,EE,,,,,,,,,,,,,,
All,pub.dev,2025-07-01/2025-12-31,KEYWORD_OTHER,POLITICAL_CONTENT,EE,,,,,,,,,,,,,,
All,pub.dev,2025-07-01/2025-12-31,KEYWORD_OTHER,SOCIAL_STABILITY,EE,,,,,,,,,,,,,,
All,pub.dev,2025-07-01/2025-12-31,KEYWORD_OTHER,SOCIETAL_VALUES,EE,,,,,,,,,,,,,,
All,pub.dev,2025-07-01/2025-12-31,STATEMENT_CATEGORY_PROTECTION_OF_MINORS,,EE,,,,,,,,,,,,,,
All,pub.dev,2025-07-01/2025-12-31,KEYWORD_AGE_SPECIFIC_RESTRICTIONS_MINORS,,EE,,,,,,,,,,,,,,
All,pub.dev,2025-07-01/2025-12-31,KEYWORD_CHILD_SEXUAL_ABUSE_MATERIAL,,EE,,,,,,,,,,,,,,
All,pub.dev,2025-07-01/2025-12-31,KEYWORD_CHILD_SEXUAL_ABUSE_MATERIAL_DEEPFAKE,,EE,,,,,,,,,,,,,,
All,pub.dev,2025-07-01/2025-12-31,KEYWORD_GROOMING_SEXUAL_ENTICEMENT_MINORS,,EE,,,,,,,,,,,,,,
All,pub.dev,2025-07-01/2025-12-31,KEYWORD_UNSAFE_CHALLENGES,,EE,,,,,,,,,,,,,,
All,pub.dev,2025-07-01/2025-12-31,KEYWORD_OTHER,CHILD_ENDANGERMENT,EE,,,,,,,,,,,,,,
All,pub.dev,2025-07-01/2025-12-31,KEYWORD_OTHER,CHILD_SAFETY,EE,,,,,,,,,,,,,,
All,pub.dev,2025-07-01/2025-12-31,KEYWORD_OTHER,HARMFUL_OR_DANGEROUS_ACTS_CHALLENGES_AND_PRANKS,EE,,,,,,,,,,,,,,
All,pub.dev,2025-07-01/2025-12-31,KEYWORD_OTHER,KNOWN_SERIES,EE,,,,,,,,,,,,,,
All,pub.dev,2025-07-01/2025-12-31,KEYWORD_OTHER,PROTECTION_OF_MINORS,EE,,,,,,,,,,,,,,
All,pub.dev,2025-07-01/2025-12-31,KEYWORD_OTHER,UNAUTHORIZED_IMAGE_OF_MINORS,EE,,,,,,,,,,,,,,
All,pub.dev,2025-07-01/2025-12-31,STATEMENT_CATEGORY_RISK_FOR_PUBLIC_SECURITY,,EE,,,,,,,,,,,,,,
All,pub.dev,2025-07-01/2025-12-31,KEYWORD_ILLEGAL_ORGANIZATIONS,,EE,,,,,,,,,,,,,,
All,pub.dev,2025-07-01/2025-12-31,KEYWORD_RISK_ENVIRONMENTAL_DAMAGE,,EE,,,,,,,,,,,,,,
All,pub.dev,2025-07-01/2025-12-31,KEYWORD_RISK_PUBLIC_HEALTH,,EE,,,,,,,,,,,,,,
All,pub.dev,2025-07-01/2025-12-31,KEYWORD_TERRORIST_CONTENT,,EE,,,,,,,,,,,,,,
All,pub.dev,2025-07-01/2025-12-31,KEYWORD_OTHER,COURT_ORDER,EE,,,,,,,,,,,,,,
All,pub.dev,2025-07-01/2025-12-31,KEYWORD_OTHER,RISK_FOR_PUBLIC_SECURITY,EE,,,,,,,,,,,,,,
All,pub.dev,2025-07-01/2025-12-31,KEYWORD_OTHER,SENSITIVE_EVENTS,EE,,,,,,,,,,,,,,
All,pub.dev,2025-07-01/2025-12-31,KEYWORD_OTHER,VIOLENT_EXTREMISM,EE,,,,,,,,,,,,,,
All,pub.dev,2025-07-01/2025-12-31,KEYWORD_OTHER,WRONGFUL_OR_UNAUTHORIZED_USE_OF_SYMBOLS,EE,,,,,,,,,,,,,,
All,pub.dev,2025-07-01/2025-12-31,STATEMENT_CATEGORY_SCAMS_AND_FRAUD,,EE,,,,,,,,,,,,,,
All,pub.dev,2025-07-01/2025-12-31,KEYWORD_IMPERSONATION_ACCOUNT_HIJACKING,,EE,,,,,,,,,,,,,,
All,pub.dev,2025-07-01/2025-12-31,KEYWORD_INAUTHENTIC_ACCOUNTS,,EE,,,,,,,,,,,,,,
All,pub.dev,2025-07-01/2025-12-31,KEYWORD_INAUTHENTIC_LISTINGS,,EE,,,,,,,,,,,,,,
All,pub.dev,2025-07-01/2025-12-31,KEYWORD_INAUTHENTIC_USER_REVIEWS,,EE,,,,,,,,,,,,,,
All,pub.dev,2025-07-01/2025-12-31,KEYWORD_PHISHING,,EE,,,,,,,,,,,,,,
All,pub.dev,2025-07-01/2025-12-31,KEYWORD_PYRAMID_SCHEMES,,EE,,,,,,,,,,,,,,
All,pub.dev,2025-07-01/2025-12-31,KEYWORD_OTHER,AD_FRAUD_POLICY,EE,,,,,,,,,,,,,,
All,pub.dev,2025-07-01/2025-12-31,KEYWORD_OTHER,ENCOURAGEMENT_OF_DIGITAL_SECURITY_OR_TERMS_OF_SERVICE_VIOLATIONS,EE,,,,,,,,,,,,,,
All,pub.dev,2025-07-01/2025-12-31,KEYWORD_OTHER,FRAUD,EE,,,,,,,,,,,,,,
All,pub.dev,2025-07-01/2025-12-31,KEYWORD_OTHER,MALWARE,EE,,,,,,,,,,,,,,
All,pub.dev,2025-07-01/2025-12-31,KEYWORD_OTHER,MALWARE_AND_PHISHING,EE,,,,,,,,,,,,,,
All,pub.dev,2025-07-01/2025-12-31,KEYWORD_OTHER,MALWARE_AND_SYSTEM_CIRCUMVENTION,EE,,,,,,,,,,,,,,
All,pub.dev,2025-07-01/2025-12-31,KEYWORD_OTHER,MISREPRESENTATION,EE,,,,,,,,,,,,,,
All,pub.dev,2025-07-01/2025-12-31,KEYWORD_OTHER,SCAMS,EE,,,,,,,,,,,,,,
All,pub.dev,2025-07-01/2025-12-31,KEYWORD_OTHER,SOCIAL_ENGINEERING_TACTICS,EE,,,,,,,,,,,,,,
All,pub.dev,2025-07-01/2025-12-31,STATEMENT_CATEGORY_SELF_HARM,,EE,,,,,,,,,,,,,,
All,pub.dev,2025-07-01/2025-12-31,KEYWORD_CONTENT_PROMOTING_EATING_DISORDERS,,EE,,,,,,,,,,,,,,
All,pub.dev,2025-07-01/2025-12-31,KEYWORD_SELF_MUTILATION,,EE,,,,,,,,,,,,,,
All,pub.dev,2025-07-01/2025-12-31,KEYWORD_SUICIDE,,EE,,,,,,,,,,,,,,
All,pub.dev,2025-07-01/2025-12-31,KEYWORD_OTHER,SELF_HARM,EE,,,,,,,,,,,,,,
All,pub.dev,2025-07-01/2025-12-31,KEYWORD_OTHER,SUICIDE_AND_SELF_HARM,EE,,,,,,,,,,,,,,
All,pub.dev,2025-07-01/2025-12-31,STATEMENT_CATEGORY_UNSAFE_AND_PROHIBITED_PRODUCTS,,EE,,,,,,,,,,,,,,
All,pub.dev,2025-07-01/2025-12-31,KEYWORD_PROHIBITED_PRODUCTS,,EE,,,,,,,,,,,,,,
All,pub.dev,2025-07-01/2025-12-31,KEYWORD_UNSAFE_PRODUCTS,,EE,,,,,,,,,,,,,,
All,pub.dev,2025-07-01/2025-12-31,KEYWORD_OTHER,COURT_ORDER,EE,,,,,,,,,,,,,,
All,pub.dev,2025-07-01/2025-12-31,KEYWORD_OTHER,ENABLING_DISHONEST_BEHAVIOR,EE,,,,,,,,,,,,,,
All,pub.dev,2025-07-01/2025-12-31,KEYWORD_OTHER,FIREARMS_AND_ILLEGAL_REGULATED_GOODS_OR_SERVICES,EE,,,,,,,,,,,,,,
All,pub.dev,2025-07-01/2025-12-31,KEYWORD_OTHER,OTHER_LEGAL_NOTICES_OR_ORDERS,EE,,,,,,,,,,,,,,
All,pub.dev,2025-07-01/2025-12-31,KEYWORD_OTHER,UNAUTHORIZED_PHARMACIES,EE,,,,,,,,,,,,,,
All,pub.dev,2025-07-01/2025-12-31,STATEMENT_CATEGORY_VIOLENCE,,EE,,,,,,,,,,,,,,
All,pub.dev,2025-07-01/2025-12-31,KEYWORD_COORDINATED_HARM,,EE,,,,,,,,,,,,,,
All,pub.dev,2025-07-01/2025-12-31,KEYWORD_INCITEMENT_VIOLENCE_HATRED,,EE,,,,,,,,,,,,,,
All,pub.dev,2025-07-01/2025-12-31,KEYWORD_HUMAN_EXPLOITATION,,EE,,,,,,,,,,,,,,
All,pub.dev,2025-07-01/2025-12-31,KEYWORD_HUMAN_TRAFFICKING,,EE,,,,,,,,,,,,,,
All,pub.dev,2025-07-01/2025-12-31,KEYWORD_TRAFFICKING_WOMEN_GIRLS,,EE,,,,,,,,,,,,,,
All,pub.dev,2025-07-01/2025-12-31,KEYWORD_OTHER,DEPICTION_OF VIOLENCE,EE,,,,,,,,,,,,,,
All,pub.dev,2025-07-01/2025-12-31,KEYWORD_OTHER,SHOCKING_CONTENT,EE,,,,,,,,,,,,,,
All,pub.dev,2025-07-01/2025-12-31,KEYWORD_OTHER,VIOLENT_OR_GRAPHIC_CONTENT,EE,,,,,,,,,,,,,,
All,pub.dev,2025-07-01/2025-12-31,STATEMENT_CATEGORY_NOT_SPECIFIED_ORDER,,EE,,,,,,,,,,,,,,
All,pub.dev,2025-07-01/2025-12-31,TOTAL,,FI,,,,,,,,,,,,,,
All,pub.dev,2025-07-01/2025-12-31,STATEMENT_CATEGORY_ANIMAL_WELFARE,,FI,,,,,,,,,,,,,,
All,pub.dev,2025-07-01/2025-12-31,KEYWORD_ANIMAL_HARM,,FI,,,,,,,,,,,,,,
All,pub.dev,2025-07-01/2025-12-31,KEYWORD_UNLAWFUL_SALE_ANIMALS,,FI,,,,,,,,,,,,,,
All,pub.dev,2025-07-01/2025-12-31,KEYWORD_OTHER,ANIMAL_CRUELTY,FI,,,,,,,,,,,,,,
All,pub.dev,2025-07-01/2025-12-31,KEYWORD_OTHER,ANIMAL_HARM_AND_UNLAWFUL_SALE,FI,,,,,,,,,,,,,,
All,pub.dev,2025-07-01/2025-12-31,STATEMENT_CATEGORY_CONSUMER_INFORMATION,,FI,,,,,,,,,,,,,,
All,pub.dev,2025-07-01/2025-12-31,KEYWORD_HIDDEN_ADVERTISEMENT,,FI,,,,,,,,,,,,,,
All,pub.dev,2025-07-01/2025-12-31,KEYWORD_INSUFFICIENT_INFORMATION_ON_TRADERS,,FI,,,,,,,,,,,,,,
All,pub.dev,2025-07-01/2025-12-31,KEYWORD_MISLEADING_INFO_GOODS_SERVICES,,FI,,,,,,,,,,,,,,
All,pub.dev,2025-07-01/2025-12-31,KEYWORD_MISLEADING_INFO_CONSUMER_RIGHTS,,FI,,,,,,,,,,,,,,
All,pub.dev,2025-07-01/2025-12-31,KEYWORD_NONCOMPLIANCE_PRICING,,FI,,,,,,,,,,,,,,
All,pub.dev,2025-07-01/2025-12-31,KEYWORD_OTHER,CONSUMER_PROTECTION,FI,,,,,,,,,,,,,,
All,pub.dev,2025-07-01/2025-12-31,KEYWORD_OTHER,MISREPRESENTATION,FI,,,,,,,,,,,,,,
All,pub.dev,2025-07-01/2025-12-31,STATEMENT_CATEGORY_CYBER_VIOLENCE,,FI,,,,,,,,,,,,,,
All,pub.dev,2025-07-01/2025-12-31,KEYWORD_CYBER_BULLYING_INTIMIDATION,,FI,,,,,,,,,,,,,,
All,pub.dev,2025-07-01/2025-12-31,KEYWORD_CYBER_HARASSMENT,,FI,,,,,,,,,,,,,,
All,pub.dev,2025-07-01/2025-12-31,KEYWORD_CYBER_INCITEMENT,,FI,,,,,,,,,,,,,,
All,pub.dev,2025-07-01/2025-12-31,KEYWORD_CYBER_STALKING,,FI,,,,,,,,,,,,,,
All,pub.dev,2025-07-01/2025-12-31,KEYWORD_NON_CONSENSUAL_IMAGE_SHARING,,FI,,,,,,,,,,,,,,
All,pub.dev,2025-07-01/2025-12-31,KEYWORD_NON_CONSENSUAL_MATERIAL_DEEPFAKE,,FI,,,,,,,,,,,,,,
All,pub.dev,2025-07-01/2025-12-31,KEYWORD_OTHER,DOXING,FI,,,,,,,,,,,,,,
All,pub.dev,2025-07-01/2025-12-31,KEYWORD_OTHER,HARASSMENT,FI,,,,,,,,,,,,,,
All,pub.dev,2025-07-01/2025-12-31,KEYWORD_OTHER,HARASSMENT_AND_CYBERBULLYING,FI,,,,,,,,,,,,,,
All,pub.dev,2025-07-01/2025-12-31,KEYWORD_OTHER,HARMFUL_ACTIVITIES,FI,,,,,,,,,,,,,,
All,pub.dev,2025-07-01/2025-12-31,KEYWORD_OTHER,SEXUAL_HARASSMENT,FI,,,,,,,,,,,,,,
All,pub.dev,2025-07-01/2025-12-31,KEYWORD_OTHER,OBSCENITY_OR_PORNOGRAPHY,FI,,,,,,,,,,,,,,
All,pub.dev,2025-07-01/2025-12-31,KEYWORD_OTHER,UNSAFE_CONTENT,FI,,,,,,,,,,,,,,
All,pub.dev,2025-07-01/2025-12-31,STATEMENT_CATEGORY_CYBER_VIOLENCE_AGAINST_WOMEN,,FI,,,,,,,,,,,,,,
All,pub.dev,2025-07-01/2025-12-31,KEYWORD_BULLYING_AGAINST_GIRLS,,FI,,,,,,,,,,,,,,
All,pub.dev,2025-07-01/2025-12-31,KEYWORD_CYBER_HARASSMENT_AGAINST_WOMEN,,FI,,,,,,,,,,,,,,
All,pub.dev,2025-07-01/2025-12-31,KEYWORD_CYBER_STALKING_AGAINST_WOMEN,,FI,,,,,,,,,,,,,,
All,pub.dev,2025-07-01/2025-12-31,KEYWORD_FEMALE_GENDERED_DISINFORMATION,,FI,,,,,,,,,,,,,,
All,pub.dev,2025-07-01/2025-12-31,KEYWORD_INCITEMENT_AGAINST_WOMEN,,FI,,,,,,,,,,,,,,
All,pub.dev,2025-07-01/2025-12-31,KEYWORD_NON_CONSENSUAL_IMAGE_SHARING_AGAINST_WOMEN,,FI,,,,,,,,,,,,,,
All,pub.dev,2025-07-01/2025-12-31,KEYWORD_NON_CONSENSUAL_MATERIAL_DEEPFAKE_AGAINST_WOMEN,,FI,,,,,,,,,,,,,,
All,pub.dev,2025-07-01/2025-12-31,KEYWORD_OTHER,"Text to detail the ""Other"" keyword.",FI,,,,,,,,,,,,,,
All,pub.dev,2025-07-01/2025-12-31,STATEMENT_CATEGORY_DATA_PROTECTION_AND_PRIVACY_VIOLATIONS,,FI,,,,,,,,,,,,,,
All,pub.dev,2025-07-01/2025-12-31,KEYWORD_BIOMETRIC_DATA_BREACH,,FI,,,,,,,,,,,,,,
All,pub.dev,2025-07-01/2025-12-31,KEYWORD_DATA_FALSIFICATION,,FI,,,,,,,,,,,,,,
All,pub.dev,2025-07-01/2025-12-31,KEYWORD_MISSING_PROCESSING_GROUND,,FI,,,,,,,,,,,,,,
All,pub.dev,2025-07-01/2025-12-31,KEYWORD_RIGHT_TO_BE_FORGOTTEN,,FI,,,,,,,,,,,,,,
All,pub.dev,2025-07-01/2025-12-31,KEYWORD_OTHER,DATA_COLLECTION_AND_USE,FI,,,,,,,,,,,,,,
All,pub.dev,2025-07-01/2025-12-31,KEYWORD_OTHER,DISCLOSURE_AND_CONSENT_PRACTICES,FI,,,,,,,,,,,,,,
All,pub.dev,2025-07-01/2025-12-31,KEYWORD_OTHER,GDPR,FI,,,,,,,,,,,,,,
All,pub.dev,2025-07-01/2025-12-31,KEYWORD_OTHER,PERSONAL_INFORMATION,FI,,,,,,,,,,,,,,
All,pub.dev,2025-07-01/2025-12-31,KEYWORD_OTHER,PERSONAL_RIGHTS,FI,,,,,,,,,,,,,,
All,pub.dev,2025-07-01/2025-12-31,KEYWORD_OTHER,PERSONALIZED_ADVERTISING,FI,,,,,,,,,,,,,,
All,pub.dev,2025-07-01/2025-12-31,KEYWORD_OTHER,PRIVACY,FI,,,,,,,,,,,,,,
All,pub.dev,2025-07-01/2025-12-31,KEYWORD_OTHER,PRIVACY_POLICY,FI,,,,,,,,,,,,,,
All,pub.dev,2025-07-01/2025-12-31,KEYWORD_OTHER,UNSECURE_DATA_HANDLING,FI,,,,,,,,,,,,,,
All,pub.dev,2025-07-01/2025-12-31,STATEMENT_CATEGORY_ILLEGAL_OR_HARMFUL_SPEECH,,FI,,,,,,,,,,,,,,
All,pub.dev,2025-07-01/2025-12-31,KEYWORD_DEFAMATION,,FI,,,,,,,,,,,,,,
All,pub.dev,2025-07-01/2025-12-31,KEYWORD_DISCRIMINATION,,FI,,,,,,,,,,,,,,
All,pub.dev,2025-07-01/2025-12-31,KEYWORD_HATE_SPEECH,,FI,,,,,,,,,,,,,,
All,pub.dev,2025-07-01/2025-12-31,KEYWORD_OTHER,HATEFUL_OR_ABUSIVE,FI,,,,,,,,,,,,,,
All,pub.dev,2025-07-01/2025-12-31,KEYWORD_OTHER,ILLEGAL_OR_HARMFUL_SPEECH,FI,,,,,,,,,,,,,,
All,pub.dev,2025-07-01/2025-12-31,KEYWORD_OTHER,OBSCENITY_AND_PROFANITY,FI,,,,,,,,,,,,,,
All,pub.dev,2025-07-01/2025-12-31,KEYWORD_OTHER,OFFENSIVE_CONTENT,FI,,,,,,,,,,,,,,
All,pub.dev,2025-07-01/2025-12-31,KEYWORD_OTHER,UNSAFE_CONTENT,FI,,,,,,,,,,,,,,
All,pub.dev,2025-07-01/2025-12-31,STATEMENT_CATEGORY_INTELLECTUAL_PROPERTY_INFRINGEMENTS,,FI,,,,,,,,,,,,,,
All,pub.dev,2025-07-01/2025-12-31,KEYWORD_COPYRIGHT_INFRINGEMENT,,FI,,,,,,,,,,,,,,
All,pub.dev,2025-07-01/2025-12-31,KEYWORD_DESIGN_INFRINGEMENT,,FI,,,,,,,,,,,,,,
All,pub.dev,2025-07-01/2025-12-31,KEYWORD_GEOGRAPHIC_INDICATIONS_INFRINGEMENT,,FI,,,,,,,,,,,,,,
All,pub.dev,2025-07-01/2025-12-31,KEYWORD_PATENT_INFRINGEMENT,,FI,,,,,,,,,,,,,,
All,pub.dev,2025-07-01/2025-12-31,KEYWORD_TRADE_SECRET_INFRINGEMENT,,FI,,,,,,,,,,,,,,
All,pub.dev,2025-07-01/2025-12-31,KEYWORD_TRADEMARK_INFRINGEMENT,,FI,,,,,,,,,,,,,,
All,pub.dev,2025-07-01/2025-12-31,KEYWORD_OTHER,CIRCUMVENTION,FI,,,,,,,,,,,,,,
All,pub.dev,2025-07-01/2025-12-31,KEYWORD_OTHER,INTELLECTUAL PROPERTY,FI,,,,,,,,,,,,,,
All,pub.dev,2025-07-01/2025-12-31,STATEMENT_CATEGORY_NEGATIVE_EFFECTS_ON_CIVIC_DISCOURSE_OR_ELECTIONS,,FI,,,,,,,,,,,,,,
All,pub.dev,2025-07-01/2025-12-31,KEYWORD_MISINFORMATION_DISINFORMATION,,FI,,,,,,,,,,,,,,
All,pub.dev,2025-07-01/2025-12-31,KEYWORD_VIOLATION_EU_LAW,,FI,,,,,,,,,,,,,,
All,pub.dev,2025-07-01/2025-12-31,KEYWORD_VIOLATION_NATIONAL_LAW,,FI,,,,,,,,,,,,,,
All,pub.dev,2025-07-01/2025-12-31,KEYWORD_OTHER,ELECTORAL,FI,,,,,,,,,,,,,,
All,pub.dev,2025-07-01/2025-12-31,KEYWORD_OTHER,HACKED_POLITICAL_MATERIALS,FI,,,,,,,,,,,,,,
All,pub.dev,2025-07-01/2025-12-31,KEYWORD_OTHER,POLITICAL_CONTENT,FI,,,,,,,,,,,,,,
All,pub.dev,2025-07-01/2025-12-31,KEYWORD_OTHER,SOCIAL_STABILITY,FI,,,,,,,,,,,,,,
All,pub.dev,2025-07-01/2025-12-31,KEYWORD_OTHER,SOCIETAL_VALUES,FI,,,,,,,,,,,,,,
All,pub.dev,2025-07-01/2025-12-31,STATEMENT_CATEGORY_PROTECTION_OF_MINORS,,FI,,,,,,,,,,,,,,
All,pub.dev,2025-07-01/2025-12-31,KEYWORD_AGE_SPECIFIC_RESTRICTIONS_MINORS,,FI,,,,,,,,,,,,,,
All,pub.dev,2025-07-01/2025-12-31,KEYWORD_CHILD_SEXUAL_ABUSE_MATERIAL,,FI,,,,,,,,,,,,,,
All,pub.dev,2025-07-01/2025-12-31,KEYWORD_CHILD_SEXUAL_ABUSE_MATERIAL_DEEPFAKE,,FI,,,,,,,,,,,,,,
All,pub.dev,2025-07-01/2025-12-31,KEYWORD_GROOMING_SEXUAL_ENTICEMENT_MINORS,,FI,,,,,,,,,,,,,,
All,pub.dev,2025-07-01/2025-12-31,KEYWORD_UNSAFE_CHALLENGES,,FI,,,,,,,,,,,,,,
All,pub.dev,2025-07-01/2025-12-31,KEYWORD_OTHER,CHILD_ENDANGERMENT,FI,,,,,,,,,,,,,,
All,pub.dev,2025-07-01/2025-12-31,KEYWORD_OTHER,CHILD_SAFETY,FI,,,,,,,,,,,,,,
All,pub.dev,2025-07-01/2025-12-31,KEYWORD_OTHER,HARMFUL_OR_DANGEROUS_ACTS_CHALLENGES_AND_PRANKS,FI,,,,,,,,,,,,,,
All,pub.dev,2025-07-01/2025-12-31,KEYWORD_OTHER,KNOWN_SERIES,FI,,,,,,,,,,,,,,
All,pub.dev,2025-07-01/2025-12-31,KEYWORD_OTHER,PROTECTION_OF_MINORS,FI,,,,,,,,,,,,,,
All,pub.dev,2025-07-01/2025-12-31,KEYWORD_OTHER,UNAUTHORIZED_IMAGE_OF_MINORS,FI,,,,,,,,,,,,,,
All,pub.dev,2025-07-01/2025-12-31,STATEMENT_CATEGORY_RISK_FOR_PUBLIC_SECURITY,,FI,,,,,,,,,,,,,,
All,pub.dev,2025-07-01/2025-12-31,KEYWORD_ILLEGAL_ORGANIZATIONS,,FI,,,,,,,,,,,,,,
All,pub.dev,2025-07-01/2025-12-31,KEYWORD_RISK_ENVIRONMENTAL_DAMAGE,,FI,,,,,,,,,,,,,,
All,pub.dev,2025-07-01/2025-12-31,KEYWORD_RISK_PUBLIC_HEALTH,,FI,,,,,,,,,,,,,,
All,pub.dev,2025-07-01/2025-12-31,KEYWORD_TERRORIST_CONTENT,,FI,,,,,,,,,,,,,,
All,pub.dev,2025-07-01/2025-12-31,KEYWORD_OTHER,COURT_ORDER,FI,,,,,,,,,,,,,,
All,pub.dev,2025-07-01/2025-12-31,KEYWORD_OTHER,RISK_FOR_PUBLIC_SECURITY,FI,,,,,,,,,,,,,,
All,pub.dev,2025-07-01/2025-12-31,KEYWORD_OTHER,SENSITIVE_EVENTS,FI,,,,,,,,,,,,,,
All,pub.dev,2025-07-01/2025-12-31,KEYWORD_OTHER,VIOLENT_EXTREMISM,FI,,,,,,,,,,,,,,
All,pub.dev,2025-07-01/2025-12-31,KEYWORD_OTHER,WRONGFUL_OR_UNAUTHORIZED_USE_OF_SYMBOLS,FI,,,,,,,,,,,,,,
All,pub.dev,2025-07-01/2025-12-31,STATEMENT_CATEGORY_SCAMS_AND_FRAUD,,FI,,,,,,,,,,,,,,
All,pub.dev,2025-07-01/2025-12-31,KEYWORD_IMPERSONATION_ACCOUNT_HIJACKING,,FI,,,,,,,,,,,,,,
All,pub.dev,2025-07-01/2025-12-31,KEYWORD_INAUTHENTIC_ACCOUNTS,,FI,,,,,,,,,,,,,,
All,pub.dev,2025-07-01/2025-12-31,KEYWORD_INAUTHENTIC_LISTINGS,,FI,,,,,,,,,,,,,,
All,pub.dev,2025-07-01/2025-12-31,KEYWORD_INAUTHENTIC_USER_REVIEWS,,FI,,,,,,,,,,,,,,
All,pub.dev,2025-07-01/2025-12-31,KEYWORD_PHISHING,,FI,,,,,,,,,,,,,,
All,pub.dev,2025-07-01/2025-12-31,KEYWORD_PYRAMID_SCHEMES,,FI,,,,,,,,,,,,,,
All,pub.dev,2025-07-01/2025-12-31,KEYWORD_OTHER,AD_FRAUD_POLICY,FI,,,,,,,,,,,,,,
All,pub.dev,2025-07-01/2025-12-31,KEYWORD_OTHER,ENCOURAGEMENT_OF_DIGITAL_SECURITY_OR_TERMS_OF_SERVICE_VIOLATIONS,FI,,,,,,,,,,,,,,
All,pub.dev,2025-07-01/2025-12-31,KEYWORD_OTHER,FRAUD,FI,,,,,,,,,,,,,,
All,pub.dev,2025-07-01/2025-12-31,KEYWORD_OTHER,MALWARE,FI,,,,,,,,,,,,,,
All,pub.dev,2025-07-01/2025-12-31,KEYWORD_OTHER,MALWARE_AND_PHISHING,FI,,,,,,,,,,,,,,
All,pub.dev,2025-07-01/2025-12-31,KEYWORD_OTHER,MALWARE_AND_SYSTEM_CIRCUMVENTION,FI,,,,,,,,,,,,,,
All,pub.dev,2025-07-01/2025-12-31,KEYWORD_OTHER,MISREPRESENTATION,FI,,,,,,,,,,,,,,
All,pub.dev,2025-07-01/2025-12-31,KEYWORD_OTHER,SCAMS,FI,,,,,,,,,,,,,,
All,pub.dev,2025-07-01/2025-12-31,KEYWORD_OTHER,SOCIAL_ENGINEERING_TACTICS,FI,,,,,,,,,,,,,,
All,pub.dev,2025-07-01/2025-12-31,STATEMENT_CATEGORY_SELF_HARM,,FI,,,,,,,,,,,,,,
All,pub.dev,2025-07-01/2025-12-31,KEYWORD_CONTENT_PROMOTING_EATING_DISORDERS,,FI,,,,,,,,,,,,,,
All,pub.dev,2025-07-01/2025-12-31,KEYWORD_SELF_MUTILATION,,FI,,,,,,,,,,,,,,
All,pub.dev,2025-07-01/2025-12-31,KEYWORD_SUICIDE,,FI,,,,,,,,,,,,,,
All,pub.dev,2025-07-01/2025-12-31,KEYWORD_OTHER,SELF_HARM,FI,,,,,,,,,,,,,,
All,pub.dev,2025-07-01/2025-12-31,KEYWORD_OTHER,SUICIDE_AND_SELF_HARM,FI,,,,,,,,,,,,,,
All,pub.dev,2025-07-01/2025-12-31,STATEMENT_CATEGORY_UNSAFE_AND_PROHIBITED_PRODUCTS,,FI,,,,,,,,,,,,,,
All,pub.dev,2025-07-01/2025-12-31,KEYWORD_PROHIBITED_PRODUCTS,,FI,,,,,,,,,,,,,,
All,pub.dev,2025-07-01/2025-12-31,KEYWORD_UNSAFE_PRODUCTS,,FI,,,,,,,,,,,,,,
All,pub.dev,2025-07-01/2025-12-31,KEYWORD_OTHER,COURT_ORDER,FI,,,,,,,,,,,,,,
All,pub.dev,2025-07-01/2025-12-31,KEYWORD_OTHER,ENABLING_DISHONEST_BEHAVIOR,FI,,,,,,,,,,,,,,
All,pub.dev,2025-07-01/2025-12-31,KEYWORD_OTHER,FIREARMS_AND_ILLEGAL_REGULATED_GOODS_OR_SERVICES,FI,,,,,,,,,,,,,,
All,pub.dev,2025-07-01/2025-12-31,KEYWORD_OTHER,OTHER_LEGAL_NOTICES_OR_ORDERS,FI,,,,,,,,,,,,,,
All,pub.dev,2025-07-01/2025-12-31,KEYWORD_OTHER,UNAUTHORIZED_PHARMACIES,FI,,,,,,,,,,,,,,
All,pub.dev,2025-07-01/2025-12-31,STATEMENT_CATEGORY_VIOLENCE,,FI,,,,,,,,,,,,,,
All,pub.dev,2025-07-01/2025-12-31,KEYWORD_COORDINATED_HARM,,FI,,,,,,,,,,,,,,
All,pub.dev,2025-07-01/2025-12-31,KEYWORD_INCITEMENT_VIOLENCE_HATRED,,FI,,,,,,,,,,,,,,
All,pub.dev,2025-07-01/2025-12-31,KEYWORD_HUMAN_EXPLOITATION,,FI,,,,,,,,,,,,,,
All,pub.dev,2025-07-01/2025-12-31,KEYWORD_HUMAN_TRAFFICKING,,FI,,,,,,,,,,,,,,
All,pub.dev,2025-07-01/2025-12-31,KEYWORD_TRAFFICKING_WOMEN_GIRLS,,FI,,,,,,,,,,,,,,
All,pub.dev,2025-07-01/2025-12-31,KEYWORD_OTHER,DEPICTION_OF VIOLENCE,FI,,,,,,,,,,,,,,
All,pub.dev,2025-07-01/2025-12-31,KEYWORD_OTHER,SHOCKING_CONTENT,FI,,,,,,,,,,,,,,
All,pub.dev,2025-07-01/2025-12-31,KEYWORD_OTHER,VIOLENT_OR_GRAPHIC_CONTENT,FI,,,,,,,,,,,,,,
All,pub.dev,2025-07-01/2025-12-31,STATEMENT_CATEGORY_NOT_SPECIFIED_ORDER,,FI,,,,,,,,,,,,,,
All,pub.dev,2025-07-01/2025-12-31,TOTAL,,FR,,,,,,,,,,,,,,
All,pub.dev,2025-07-01/2025-12-31,STATEMENT_CATEGORY_ANIMAL_WELFARE,,FR,,,,,,,,,,,,,,
All,pub.dev,2025-07-01/2025-12-31,KEYWORD_ANIMAL_HARM,,FR,,,,,,,,,,,,,,
All,pub.dev,2025-07-01/2025-12-31,KEYWORD_UNLAWFUL_SALE_ANIMALS,,FR,,,,,,,,,,,,,,
All,pub.dev,2025-07-01/2025-12-31,KEYWORD_OTHER,ANIMAL_CRUELTY,FR,,,,,,,,,,,,,,
All,pub.dev,2025-07-01/2025-12-31,KEYWORD_OTHER,ANIMAL_HARM_AND_UNLAWFUL_SALE,FR,,,,,,,,,,,,,,
All,pub.dev,2025-07-01/2025-12-31,STATEMENT_CATEGORY_CONSUMER_INFORMATION,,FR,,,,,,,,,,,,,,
All,pub.dev,2025-07-01/2025-12-31,KEYWORD_HIDDEN_ADVERTISEMENT,,FR,,,,,,,,,,,,,,
All,pub.dev,2025-07-01/2025-12-31,KEYWORD_INSUFFICIENT_INFORMATION_ON_TRADERS,,FR,,,,,,,,,,,,,,
All,pub.dev,2025-07-01/2025-12-31,KEYWORD_MISLEADING_INFO_GOODS_SERVICES,,FR,,,,,,,,,,,,,,
All,pub.dev,2025-07-01/2025-12-31,KEYWORD_MISLEADING_INFO_CONSUMER_RIGHTS,,FR,,,,,,,,,,,,,,
All,pub.dev,2025-07-01/2025-12-31,KEYWORD_NONCOMPLIANCE_PRICING,,FR,,,,,,,,,,,,,,
All,pub.dev,2025-07-01/2025-12-31,KEYWORD_OTHER,CONSUMER_PROTECTION,FR,,,,,,,,,,,,,,
All,pub.dev,2025-07-01/2025-12-31,KEYWORD_OTHER,MISREPRESENTATION,FR,,,,,,,,,,,,,,
All,pub.dev,2025-07-01/2025-12-31,STATEMENT_CATEGORY_CYBER_VIOLENCE,,FR,,,,,,,,,,,,,,
All,pub.dev,2025-07-01/2025-12-31,KEYWORD_CYBER_BULLYING_INTIMIDATION,,FR,,,,,,,,,,,,,,
All,pub.dev,2025-07-01/2025-12-31,KEYWORD_CYBER_HARASSMENT,,FR,,,,,,,,,,,,,,
All,pub.dev,2025-07-01/2025-12-31,KEYWORD_CYBER_INCITEMENT,,FR,,,,,,,,,,,,,,
All,pub.dev,2025-07-01/2025-12-31,KEYWORD_CYBER_STALKING,,FR,,,,,,,,,,,,,,
All,pub.dev,2025-07-01/2025-12-31,KEYWORD_NON_CONSENSUAL_IMAGE_SHARING,,FR,,,,,,,,,,,,,,
All,pub.dev,2025-07-01/2025-12-31,KEYWORD_NON_CONSENSUAL_MATERIAL_DEEPFAKE,,FR,,,,,,,,,,,,,,
All,pub.dev,2025-07-01/2025-12-31,KEYWORD_OTHER,DOXING,FR,,,,,,,,,,,,,,
All,pub.dev,2025-07-01/2025-12-31,KEYWORD_OTHER,HARASSMENT,FR,,,,,,,,,,,,,,
All,pub.dev,2025-07-01/2025-12-31,KEYWORD_OTHER,HARASSMENT_AND_CYBERBULLYING,FR,,,,,,,,,,,,,,
All,pub.dev,2025-07-01/2025-12-31,KEYWORD_OTHER,HARMFUL_ACTIVITIES,FR,,,,,,,,,,,,,,
All,pub.dev,2025-07-01/2025-12-31,KEYWORD_OTHER,SEXUAL_HARASSMENT,FR,,,,,,,,,,,,,,
All,pub.dev,2025-07-01/2025-12-31,KEYWORD_OTHER,OBSCENITY_OR_PORNOGRAPHY,FR,,,,,,,,,,,,,,
All,pub.dev,2025-07-01/2025-12-31,KEYWORD_OTHER,UNSAFE_CONTENT,FR,,,,,,,,,,,,,,
All,pub.dev,2025-07-01/2025-12-31,STATEMENT_CATEGORY_CYBER_VIOLENCE_AGAINST_WOMEN,,FR,,,,,,,,,,,,,,
All,pub.dev,2025-07-01/2025-12-31,KEYWORD_BULLYING_AGAINST_GIRLS,,FR,,,,,,,,,,,,,,
All,pub.dev,2025-07-01/2025-12-31,KEYWORD_CYBER_HARASSMENT_AGAINST_WOMEN,,FR,,,,,,,,,,,,,,
All,pub.dev,2025-07-01/2025-12-31,KEYWORD_CYBER_STALKING_AGAINST_WOMEN,,FR,,,,,,,,,,,,,,
All,pub.dev,2025-07-01/2025-12-31,KEYWORD_FEMALE_GENDERED_DISINFORMATION,,FR,,,,,,,,,,,,,,
All,pub.dev,2025-07-01/2025-12-31,KEYWORD_INCITEMENT_AGAINST_WOMEN,,FR,,,,,,,,,,,,,,
All,pub.dev,2025-07-01/2025-12-31,KEYWORD_NON_CONSENSUAL_IMAGE_SHARING_AGAINST_WOMEN,,FR,,,,,,,,,,,,,,
All,pub.dev,2025-07-01/2025-12-31,KEYWORD_NON_CONSENSUAL_MATERIAL_DEEPFAKE_AGAINST_WOMEN,,FR,,,,,,,,,,,,,,
All,pub.dev,2025-07-01/2025-12-31,KEYWORD_OTHER,"Text to detail the ""Other"" keyword.",FR,,,,,,,,,,,,,,
All,pub.dev,2025-07-01/2025-12-31,STATEMENT_CATEGORY_DATA_PROTECTION_AND_PRIVACY_VIOLATIONS,,FR,,,,,,,,,,,,,,
All,pub.dev,2025-07-01/2025-12-31,KEYWORD_BIOMETRIC_DATA_BREACH,,FR,,,,,,,,,,,,,,
All,pub.dev,2025-07-01/2025-12-31,KEYWORD_DATA_FALSIFICATION,,FR,,,,,,,,,,,,,,
All,pub.dev,2025-07-01/2025-12-31,KEYWORD_MISSING_PROCESSING_GROUND,,FR,,,,,,,,,,,,,,
All,pub.dev,2025-07-01/2025-12-31,KEYWORD_RIGHT_TO_BE_FORGOTTEN,,FR,,,,,,,,,,,,,,
All,pub.dev,2025-07-01/2025-12-31,KEYWORD_OTHER,DATA_COLLECTION_AND_USE,FR,,,,,,,,,,,,,,
All,pub.dev,2025-07-01/2025-12-31,KEYWORD_OTHER,DISCLOSURE_AND_CONSENT_PRACTICES,FR,,,,,,,,,,,,,,
All,pub.dev,2025-07-01/2025-12-31,KEYWORD_OTHER,GDPR,FR,,,,,,,,,,,,,,
All,pub.dev,2025-07-01/2025-12-31,KEYWORD_OTHER,PERSONAL_INFORMATION,FR,,,,,,,,,,,,,,
All,pub.dev,2025-07-01/2025-12-31,KEYWORD_OTHER,PERSONAL_RIGHTS,FR,,,,,,,,,,,,,,
All,pub.dev,2025-07-01/2025-12-31,KEYWORD_OTHER,PERSONALIZED_ADVERTISING,FR,,,,,,,,,,,,,,
All,pub.dev,2025-07-01/2025-12-31,KEYWORD_OTHER,PRIVACY,FR,,,,,,,,,,,,,,
All,pub.dev,2025-07-01/2025-12-31,KEYWORD_OTHER,PRIVACY_POLICY,FR,,,,,,,,,,,,,,
All,pub.dev,2025-07-01/2025-12-31,KEYWORD_OTHER,UNSECURE_DATA_HANDLING,FR,,,,,,,,,,,,,,
All,pub.dev,2025-07-01/2025-12-31,STATEMENT_CATEGORY_ILLEGAL_OR_HARMFUL_SPEECH,,FR,,,,,,,,,,,,,,
All,pub.dev,2025-07-01/2025-12-31,KEYWORD_DEFAMATION,,FR,,,,,,,,,,,,,,
All,pub.dev,2025-07-01/2025-12-31,KEYWORD_DISCRIMINATION,,FR,,,,,,,,,,,,,,
All,pub.dev,2025-07-01/2025-12-31,KEYWORD_HATE_SPEECH,,FR,,,,,,,,,,,,,,
All,pub.dev,2025-07-01/2025-12-31,KEYWORD_OTHER,HATEFUL_OR_ABUSIVE,FR,,,,,,,,,,,,,,
All,pub.dev,2025-07-01/2025-12-31,KEYWORD_OTHER,ILLEGAL_OR_HARMFUL_SPEECH,FR,,,,,,,,,,,,,,
All,pub.dev,2025-07-01/2025-12-31,KEYWORD_OTHER,OBSCENITY_AND_PROFANITY,FR,,,,,,,,,,,,,,
All,pub.dev,2025-07-01/2025-12-31,KEYWORD_OTHER,OFFENSIVE_CONTENT,FR,,,,,,,,,,,,,,
All,pub.dev,2025-07-01/2025-12-31,KEYWORD_OTHER,UNSAFE_CONTENT,FR,,,,,,,,,,,,,,
All,pub.dev,2025-07-01/2025-12-31,STATEMENT_CATEGORY_INTELLECTUAL_PROPERTY_INFRINGEMENTS,,FR,,,,,,,,,,,,,,
All,pub.dev,2025-07-01/2025-12-31,KEYWORD_COPYRIGHT_INFRINGEMENT,,FR,,,,,,,,,,,,,,
All,pub.dev,2025-07-01/2025-12-31,KEYWORD_DESIGN_INFRINGEMENT,,FR,,,,,,,,,,,,,,
All,pub.dev,2025-07-01/2025-12-31,KEYWORD_GEOGRAPHIC_INDICATIONS_INFRINGEMENT,,FR,,,,,,,,,,,,,,
All,pub.dev,2025-07-01/2025-12-31,KEYWORD_PATENT_INFRINGEMENT,,FR,,,,,,,,,,,,,,
All,pub.dev,2025-07-01/2025-12-31,KEYWORD_TRADE_SECRET_INFRINGEMENT,,FR,,,,,,,,,,,,,,
All,pub.dev,2025-07-01/2025-12-31,KEYWORD_TRADEMARK_INFRINGEMENT,,FR,,,,,,,,,,,,,,
All,pub.dev,2025-07-01/2025-12-31,KEYWORD_OTHER,CIRCUMVENTION,FR,,,,,,,,,,,,,,
All,pub.dev,2025-07-01/2025-12-31,KEYWORD_OTHER,INTELLECTUAL PROPERTY,FR,,,,,,,,,,,,,,
All,pub.dev,2025-07-01/2025-12-31,STATEMENT_CATEGORY_NEGATIVE_EFFECTS_ON_CIVIC_DISCOURSE_OR_ELECTIONS,,FR,,,,,,,,,,,,,,
All,pub.dev,2025-07-01/2025-12-31,KEYWORD_MISINFORMATION_DISINFORMATION,,FR,,,,,,,,,,,,,,
All,pub.dev,2025-07-01/2025-12-31,KEYWORD_VIOLATION_EU_LAW,,FR,,,,,,,,,,,,,,
All,pub.dev,2025-07-01/2025-12-31,KEYWORD_VIOLATION_NATIONAL_LAW,,FR,,,,,,,,,,,,,,
All,pub.dev,2025-07-01/2025-12-31,KEYWORD_OTHER,ELECTORAL,FR,,,,,,,,,,,,,,
All,pub.dev,2025-07-01/2025-12-31,KEYWORD_OTHER,HACKED_POLITICAL_MATERIALS,FR,,,,,,,,,,,,,,
All,pub.dev,2025-07-01/2025-12-31,KEYWORD_OTHER,POLITICAL_CONTENT,FR,,,,,,,,,,,,,,
All,pub.dev,2025-07-01/2025-12-31,KEYWORD_OTHER,SOCIAL_STABILITY,FR,,,,,,,,,,,,,,
All,pub.dev,2025-07-01/2025-12-31,KEYWORD_OTHER,SOCIETAL_VALUES,FR,,,,,,,,,,,,,,
All,pub.dev,2025-07-01/2025-12-31,STATEMENT_CATEGORY_PROTECTION_OF_MINORS,,FR,,,,,,,,,,,,,,
All,pub.dev,2025-07-01/2025-12-31,KEYWORD_AGE_SPECIFIC_RESTRICTIONS_MINORS,,FR,,,,,,,,,,,,,,
All,pub.dev,2025-07-01/2025-12-31,KEYWORD_CHILD_SEXUAL_ABUSE_MATERIAL,,FR,,,,,,,,,,,,,,
All,pub.dev,2025-07-01/2025-12-31,KEYWORD_CHILD_SEXUAL_ABUSE_MATERIAL_DEEPFAKE,,FR,,,,,,,,,,,,,,
All,pub.dev,2025-07-01/2025-12-31,KEYWORD_GROOMING_SEXUAL_ENTICEMENT_MINORS,,FR,,,,,,,,,,,,,,
All,pub.dev,2025-07-01/2025-12-31,KEYWORD_UNSAFE_CHALLENGES,,FR,,,,,,,,,,,,,,
All,pub.dev,2025-07-01/2025-12-31,KEYWORD_OTHER,CHILD_ENDANGERMENT,FR,,,,,,,,,,,,,,
All,pub.dev,2025-07-01/2025-12-31,KEYWORD_OTHER,CHILD_SAFETY,FR,,,,,,,,,,,,,,
All,pub.dev,2025-07-01/2025-12-31,KEYWORD_OTHER,HARMFUL_OR_DANGEROUS_ACTS_CHALLENGES_AND_PRANKS,FR,,,,,,,,,,,,,,
All,pub.dev,2025-07-01/2025-12-31,KEYWORD_OTHER,KNOWN_SERIES,FR,,,,,,,,,,,,,,
All,pub.dev,2025-07-01/2025-12-31,KEYWORD_OTHER,PROTECTION_OF_MINORS,FR,,,,,,,,,,,,,,
All,pub.dev,2025-07-01/2025-12-31,KEYWORD_OTHER,UNAUTHORIZED_IMAGE_OF_MINORS,FR,,,,,,,,,,,,,,
All,pub.dev,2025-07-01/2025-12-31,STATEMENT_CATEGORY_RISK_FOR_PUBLIC_SECURITY,,FR,,,,,,,,,,,,,,
All,pub.dev,2025-07-01/2025-12-31,KEYWORD_ILLEGAL_ORGANIZATIONS,,FR,,,,,,,,,,,,,,
All,pub.dev,2025-07-01/2025-12-31,KEYWORD_RISK_ENVIRONMENTAL_DAMAGE,,FR,,,,,,,,,,,,,,
All,pub.dev,2025-07-01/2025-12-31,KEYWORD_RISK_PUBLIC_HEALTH,,FR,,,,,,,,,,,,,,
All,pub.dev,2025-07-01/2025-12-31,KEYWORD_TERRORIST_CONTENT,,FR,,,,,,,,,,,,,,
All,pub.dev,2025-07-01/2025-12-31,KEYWORD_OTHER,COURT_ORDER,FR,,,,,,,,,,,,,,
All,pub.dev,2025-07-01/2025-12-31,KEYWORD_OTHER,RISK_FOR_PUBLIC_SECURITY,FR,,,,,,,,,,,,,,
All,pub.dev,2025-07-01/2025-12-31,KEYWORD_OTHER,SENSITIVE_EVENTS,FR,,,,,,,,,,,,,,
All,pub.dev,2025-07-01/2025-12-31,KEYWORD_OTHER,VIOLENT_EXTREMISM,FR,,,,,,,,,,,,,,
All,pub.dev,2025-07-01/2025-12-31,KEYWORD_OTHER,WRONGFUL_OR_UNAUTHORIZED_USE_OF_SYMBOLS,FR,,,,,,,,,,,,,,
All,pub.dev,2025-07-01/2025-12-31,STATEMENT_CATEGORY_SCAMS_AND_FRAUD,,FR,,,,,,,,,,,,,,
All,pub.dev,2025-07-01/2025-12-31,KEYWORD_IMPERSONATION_ACCOUNT_HIJACKING,,FR,,,,,,,,,,,,,,
All,pub.dev,2025-07-01/2025-12-31,KEYWORD_INAUTHENTIC_ACCOUNTS,,FR,,,,,,,,,,,,,,
All,pub.dev,2025-07-01/2025-12-31,KEYWORD_INAUTHENTIC_LISTINGS,,FR,,,,,,,,,,,,,,
All,pub.dev,2025-07-01/2025-12-31,KEYWORD_INAUTHENTIC_USER_REVIEWS,,FR,,,,,,,,,,,,,,
All,pub.dev,2025-07-01/2025-12-31,KEYWORD_PHISHING,,FR,,,,,,,,,,,,,,
All,pub.dev,2025-07-01/2025-12-31,KEYWORD_PYRAMID_SCHEMES,,FR,,,,,,,,,,,,,,
All,pub.dev,2025-07-01/2025-12-31,KEYWORD_OTHER,AD_FRAUD_POLICY,FR,,,,,,,,,,,,,,
All,pub.dev,2025-07-01/2025-12-31,KEYWORD_OTHER,ENCOURAGEMENT_OF_DIGITAL_SECURITY_OR_TERMS_OF_SERVICE_VIOLATIONS,FR,,,,,,,,,,,,,,
All,pub.dev,2025-07-01/2025-12-31,KEYWORD_OTHER,FRAUD,FR,,,,,,,,,,,,,,
All,pub.dev,2025-07-01/2025-12-31,KEYWORD_OTHER,MALWARE,FR,,,,,,,,,,,,,,
All,pub.dev,2025-07-01/2025-12-31,KEYWORD_OTHER,MALWARE_AND_PHISHING,FR,,,,,,,,,,,,,,
All,pub.dev,2025-07-01/2025-12-31,KEYWORD_OTHER,MALWARE_AND_SYSTEM_CIRCUMVENTION,FR,,,,,,,,,,,,,,
All,pub.dev,2025-07-01/2025-12-31,KEYWORD_OTHER,MISREPRESENTATION,FR,,,,,,,,,,,,,,
All,pub.dev,2025-07-01/2025-12-31,KEYWORD_OTHER,SCAMS,FR,,,,,,,,,,,,,,
All,pub.dev,2025-07-01/2025-12-31,KEYWORD_OTHER,SOCIAL_ENGINEERING_TACTICS,FR,,,,,,,,,,,,,,
All,pub.dev,2025-07-01/2025-12-31,STATEMENT_CATEGORY_SELF_HARM,,FR,,,,,,,,,,,,,,
All,pub.dev,2025-07-01/2025-12-31,KEYWORD_CONTENT_PROMOTING_EATING_DISORDERS,,FR,,,,,,,,,,,,,,
All,pub.dev,2025-07-01/2025-12-31,KEYWORD_SELF_MUTILATION,,FR,,,,,,,,,,,,,,
All,pub.dev,2025-07-01/2025-12-31,KEYWORD_SUICIDE,,FR,,,,,,,,,,,,,,
All,pub.dev,2025-07-01/2025-12-31,KEYWORD_OTHER,SELF_HARM,FR,,,,,,,,,,,,,,
All,pub.dev,2025-07-01/2025-12-31,KEYWORD_OTHER,SUICIDE_AND_SELF_HARM,FR,,,,,,,,,,,,,,
All,pub.dev,2025-07-01/2025-12-31,STATEMENT_CATEGORY_UNSAFE_AND_PROHIBITED_PRODUCTS,,FR,,,,,,,,,,,,,,
All,pub.dev,2025-07-01/2025-12-31,KEYWORD_PROHIBITED_PRODUCTS,,FR,,,,,,,,,,,,,,
All,pub.dev,2025-07-01/2025-12-31,KEYWORD_UNSAFE_PRODUCTS,,FR,,,,,,,,,,,,,,
All,pub.dev,2025-07-01/2025-12-31,KEYWORD_OTHER,COURT_ORDER,FR,,,,,,,,,,,,,,
All,pub.dev,2025-07-01/2025-12-31,KEYWORD_OTHER,ENABLING_DISHONEST_BEHAVIOR,FR,,,,,,,,,,,,,,
All,pub.dev,2025-07-01/2025-12-31,KEYWORD_OTHER,FIREARMS_AND_ILLEGAL_REGULATED_GOODS_OR_SERVICES,FR,,,,,,,,,,,,,,
All,pub.dev,2025-07-01/2025-12-31,KEYWORD_OTHER,OTHER_LEGAL_NOTICES_OR_ORDERS,FR,,,,,,,,,,,,,,
All,pub.dev,2025-07-01/2025-12-31,KEYWORD_OTHER,UNAUTHORIZED_PHARMACIES,FR,,,,,,,,,,,,,,
All,pub.dev,2025-07-01/2025-12-31,STATEMENT_CATEGORY_VIOLENCE,,FR,,,,,,,,,,,,,,
All,pub.dev,2025-07-01/2025-12-31,KEYWORD_COORDINATED_HARM,,FR,,,,,,,,,,,,,,
All,pub.dev,2025-07-01/2025-12-31,KEYWORD_INCITEMENT_VIOLENCE_HATRED,,FR,,,,,,,,,,,,,,
All,pub.dev,2025-07-01/2025-12-31,KEYWORD_HUMAN_EXPLOITATION,,FR,,,,,,,,,,,,,,
All,pub.dev,2025-07-01/2025-12-31,KEYWORD_HUMAN_TRAFFICKING,,FR,,,,,,,,,,,,,,
All,pub.dev,2025-07-01/2025-12-31,KEYWORD_TRAFFICKING_WOMEN_GIRLS,,FR,,,,,,,,,,,,,,
All,pub.dev,2025-07-01/2025-12-31,KEYWORD_OTHER,DEPICTION_OF VIOLENCE,FR,,,,,,,,,,,,,,
All,pub.dev,2025-07-01/2025-12-31,KEYWORD_OTHER,SHOCKING_CONTENT,FR,,,,,,,,,,,,,,
All,pub.dev,2025-07-01/2025-12-31,KEYWORD_OTHER,VIOLENT_OR_GRAPHIC_CONTENT,FR,,,,,,,,,,,,,,
All,pub.dev,2025-07-01/2025-12-31,STATEMENT_CATEGORY_NOT_SPECIFIED_ORDER,,FR,,,,,,,,,,,,,,
All,pub.dev,2025-07-01/2025-12-31,TOTAL,,DE,,,,,,,,,,,,,,
All,pub.dev,2025-07-01/2025-12-31,STATEMENT_CATEGORY_ANIMAL_WELFARE,,DE,,,,,,,,,,,,,,
All,pub.dev,2025-07-01/2025-12-31,KEYWORD_ANIMAL_HARM,,DE,,,,,,,,,,,,,,
All,pub.dev,2025-07-01/2025-12-31,KEYWORD_UNLAWFUL_SALE_ANIMALS,,DE,,,,,,,,,,,,,,
All,pub.dev,2025-07-01/2025-12-31,KEYWORD_OTHER,ANIMAL_CRUELTY,DE,,,,,,,,,,,,,,
All,pub.dev,2025-07-01/2025-12-31,KEYWORD_OTHER,ANIMAL_HARM_AND_UNLAWFUL_SALE,DE,,,,,,,,,,,,,,
All,pub.dev,2025-07-01/2025-12-31,STATEMENT_CATEGORY_CONSUMER_INFORMATION,,DE,,,,,,,,,,,,,,
All,pub.dev,2025-07-01/2025-12-31,KEYWORD_HIDDEN_ADVERTISEMENT,,DE,,,,,,,,,,,,,,
All,pub.dev,2025-07-01/2025-12-31,KEYWORD_INSUFFICIENT_INFORMATION_ON_TRADERS,,DE,,,,,,,,,,,,,,
All,pub.dev,2025-07-01/2025-12-31,KEYWORD_MISLEADING_INFO_GOODS_SERVICES,,DE,,,,,,,,,,,,,,
All,pub.dev,2025-07-01/2025-12-31,KEYWORD_MISLEADING_INFO_CONSUMER_RIGHTS,,DE,,,,,,,,,,,,,,
All,pub.dev,2025-07-01/2025-12-31,KEYWORD_NONCOMPLIANCE_PRICING,,DE,,,,,,,,,,,,,,
All,pub.dev,2025-07-01/2025-12-31,KEYWORD_OTHER,CONSUMER_PROTECTION,DE,,,,,,,,,,,,,,
All,pub.dev,2025-07-01/2025-12-31,KEYWORD_OTHER,MISREPRESENTATION,DE,,,,,,,,,,,,,,
All,pub.dev,2025-07-01/2025-12-31,STATEMENT_CATEGORY_CYBER_VIOLENCE,,DE,,,,,,,,,,,,,,
All,pub.dev,2025-07-01/2025-12-31,KEYWORD_CYBER_BULLYING_INTIMIDATION,,DE,,,,,,,,,,,,,,
All,pub.dev,2025-07-01/2025-12-31,KEYWORD_CYBER_HARASSMENT,,DE,,,,,,,,,,,,,,
All,pub.dev,2025-07-01/2025-12-31,KEYWORD_CYBER_INCITEMENT,,DE,,,,,,,,,,,,,,
All,pub.dev,2025-07-01/2025-12-31,KEYWORD_CYBER_STALKING,,DE,,,,,,,,,,,,,,
All,pub.dev,2025-07-01/2025-12-31,KEYWORD_NON_CONSENSUAL_IMAGE_SHARING,,DE,,,,,,,,,,,,,,
All,pub.dev,2025-07-01/2025-12-31,KEYWORD_NON_CONSENSUAL_MATERIAL_DEEPFAKE,,DE,,,,,,,,,,,,,,
All,pub.dev,2025-07-01/2025-12-31,KEYWORD_OTHER,DOXING,DE,,,,,,,,,,,,,,
All,pub.dev,2025-07-01/2025-12-31,KEYWORD_OTHER,HARASSMENT,DE,,,,,,,,,,,,,,
All,pub.dev,2025-07-01/2025-12-31,KEYWORD_OTHER,HARASSMENT_AND_CYBERBULLYING,DE,,,,,,,,,,,,,,
All,pub.dev,2025-07-01/2025-12-31,KEYWORD_OTHER,HARMFUL_ACTIVITIES,DE,,,,,,,,,,,,,,
All,pub.dev,2025-07-01/2025-12-31,KEYWORD_OTHER,SEXUAL_HARASSMENT,DE,,,,,,,,,,,,,,
All,pub.dev,2025-07-01/2025-12-31,KEYWORD_OTHER,OBSCENITY_OR_PORNOGRAPHY,DE,,,,,,,,,,,,,,
All,pub.dev,2025-07-01/2025-12-31,KEYWORD_OTHER,UNSAFE_CONTENT,DE,,,,,,,,,,,,,,
All,pub.dev,2025-07-01/2025-12-31,STATEMENT_CATEGORY_CYBER_VIOLENCE_AGAINST_WOMEN,,DE,,,,,,,,,,,,,,
All,pub.dev,2025-07-01/2025-12-31,KEYWORD_BULLYING_AGAINST_GIRLS,,DE,,,,,,,,,,,,,,
All,pub.dev,2025-07-01/2025-12-31,KEYWORD_CYBER_HARASSMENT_AGAINST_WOMEN,,DE,,,,,,,,,,,,,,
All,pub.dev,2025-07-01/2025-12-31,KEYWORD_CYBER_STALKING_AGAINST_WOMEN,,DE,,,,,,,,,,,,,,
All,pub.dev,2025-07-01/2025-12-31,KEYWORD_FEMALE_GENDERED_DISINFORMATION,,DE,,,,,,,,,,,,,,
All,pub.dev,2025-07-01/2025-12-31,KEYWORD_INCITEMENT_AGAINST_WOMEN,,DE,,,,,,,,,,,,,,
All,pub.dev,2025-07-01/2025-12-31,KEYWORD_NON_CONSENSUAL_IMAGE_SHARING_AGAINST_WOMEN,,DE,,,,,,,,,,,,,,
All,pub.dev,2025-07-01/2025-12-31,KEYWORD_NON_CONSENSUAL_MATERIAL_DEEPFAKE_AGAINST_WOMEN,,DE,,,,,,,,,,,,,,
All,pub.dev,2025-07-01/2025-12-31,KEYWORD_OTHER,"Text to detail the ""Other"" keyword.",DE,,,,,,,,,,,,,,
All,pub.dev,2025-07-01/2025-12-31,STATEMENT_CATEGORY_DATA_PROTECTION_AND_PRIVACY_VIOLATIONS,,DE,,,,,,,,,,,,,,
All,pub.dev,2025-07-01/2025-12-31,KEYWORD_BIOMETRIC_DATA_BREACH,,DE,,,,,,,,,,,,,,
All,pub.dev,2025-07-01/2025-12-31,KEYWORD_DATA_FALSIFICATION,,DE,,,,,,,,,,,,,,
All,pub.dev,2025-07-01/2025-12-31,KEYWORD_MISSING_PROCESSING_GROUND,,DE,,,,,,,,,,,,,,
All,pub.dev,2025-07-01/2025-12-31,KEYWORD_RIGHT_TO_BE_FORGOTTEN,,DE,,,,,,,,,,,,,,
All,pub.dev,2025-07-01/2025-12-31,KEYWORD_OTHER,DATA_COLLECTION_AND_USE,DE,,,,,,,,,,,,,,
All,pub.dev,2025-07-01/2025-12-31,KEYWORD_OTHER,DISCLOSURE_AND_CONSENT_PRACTICES,DE,,,,,,,,,,,,,,
All,pub.dev,2025-07-01/2025-12-31,KEYWORD_OTHER,GDPR,DE,,,,,,,,,,,,,,
All,pub.dev,2025-07-01/2025-12-31,KEYWORD_OTHER,PERSONAL_INFORMATION,DE,,,,,,,,,,,,,,
All,pub.dev,2025-07-01/2025-12-31,KEYWORD_OTHER,PERSONAL_RIGHTS,DE,,,,,,,,,,,,,,
All,pub.dev,2025-07-01/2025-12-31,KEYWORD_OTHER,PERSONALIZED_ADVERTISING,DE,,,,,,,,,,,,,,
All,pub.dev,2025-07-01/2025-12-31,KEYWORD_OTHER,PRIVACY,DE,,,,,,,,,,,,,,
All,pub.dev,2025-07-01/2025-12-31,KEYWORD_OTHER,PRIVACY_POLICY,DE,,,,,,,,,,,,,,
All,pub.dev,2025-07-01/2025-12-31,KEYWORD_OTHER,UNSECURE_DATA_HANDLING,DE,,,,,,,,,,,,,,
All,pub.dev,2025-07-01/2025-12-31,STATEMENT_CATEGORY_ILLEGAL_OR_HARMFUL_SPEECH,,DE,,,,,,,,,,,,,,
All,pub.dev,2025-07-01/2025-12-31,KEYWORD_DEFAMATION,,DE,,,,,,,,,,,,,,
All,pub.dev,2025-07-01/2025-12-31,KEYWORD_DISCRIMINATION,,DE,,,,,,,,,,,,,,
All,pub.dev,2025-07-01/2025-12-31,KEYWORD_HATE_SPEECH,,DE,,,,,,,,,,,,,,
All,pub.dev,2025-07-01/2025-12-31,KEYWORD_OTHER,HATEFUL_OR_ABUSIVE,DE,,,,,,,,,,,,,,
All,pub.dev,2025-07-01/2025-12-31,KEYWORD_OTHER,ILLEGAL_OR_HARMFUL_SPEECH,DE,,,,,,,,,,,,,,
All,pub.dev,2025-07-01/2025-12-31,KEYWORD_OTHER,OBSCENITY_AND_PROFANITY,DE,,,,,,,,,,,,,,
All,pub.dev,2025-07-01/2025-12-31,KEYWORD_OTHER,OFFENSIVE_CONTENT,DE,,,,,,,,,,,,,,
All,pub.dev,2025-07-01/2025-12-31,KEYWORD_OTHER,UNSAFE_CONTENT,DE,,,,,,,,,,,,,,
All,pub.dev,2025-07-01/2025-12-31,STATEMENT_CATEGORY_INTELLECTUAL_PROPERTY_INFRINGEMENTS,,DE,,,,,,,,,,,,,,
All,pub.dev,2025-07-01/2025-12-31,KEYWORD_COPYRIGHT_INFRINGEMENT,,DE,,,,,,,,,,,,,,
All,pub.dev,2025-07-01/2025-12-31,KEYWORD_DESIGN_INFRINGEMENT,,DE,,,,,,,,,,,,,,
All,pub.dev,2025-07-01/2025-12-31,KEYWORD_GEOGRAPHIC_INDICATIONS_INFRINGEMENT,,DE,,,,,,,,,,,,,,
All,pub.dev,2025-07-01/2025-12-31,KEYWORD_PATENT_INFRINGEMENT,,DE,,,,,,,,,,,,,,
All,pub.dev,2025-07-01/2025-12-31,KEYWORD_TRADE_SECRET_INFRINGEMENT,,DE,,,,,,,,,,,,,,
All,pub.dev,2025-07-01/2025-12-31,KEYWORD_TRADEMARK_INFRINGEMENT,,DE,,,,,,,,,,,,,,
All,pub.dev,2025-07-01/2025-12-31,KEYWORD_OTHER,CIRCUMVENTION,DE,,,,,,,,,,,,,,
All,pub.dev,2025-07-01/2025-12-31,KEYWORD_OTHER,INTELLECTUAL PROPERTY,DE,,,,,,,,,,,,,,
All,pub.dev,2025-07-01/2025-12-31,STATEMENT_CATEGORY_NEGATIVE_EFFECTS_ON_CIVIC_DISCOURSE_OR_ELECTIONS,,DE,,,,,,,,,,,,,,
All,pub.dev,2025-07-01/2025-12-31,KEYWORD_MISINFORMATION_DISINFORMATION,,DE,,,,,,,,,,,,,,
All,pub.dev,2025-07-01/2025-12-31,KEYWORD_VIOLATION_EU_LAW,,DE,,,,,,,,,,,,,,
All,pub.dev,2025-07-01/2025-12-31,KEYWORD_VIOLATION_NATIONAL_LAW,,DE,,,,,,,,,,,,,,
All,pub.dev,2025-07-01/2025-12-31,KEYWORD_OTHER,ELECTORAL,DE,,,,,,,,,,,,,,
All,pub.dev,2025-07-01/2025-12-31,KEYWORD_OTHER,HACKED_POLITICAL_MATERIALS,DE,,,,,,,,,,,,,,
All,pub.dev,2025-07-01/2025-12-31,KEYWORD_OTHER,POLITICAL_CONTENT,DE,,,,,,,,,,,,,,
All,pub.dev,2025-07-01/2025-12-31,KEYWORD_OTHER,SOCIAL_STABILITY,DE,,,,,,,,,,,,,,
All,pub.dev,2025-07-01/2025-12-31,KEYWORD_OTHER,SOCIETAL_VALUES,DE,,,,,,,,,,,,,,
All,pub.dev,2025-07-01/2025-12-31,STATEMENT_CATEGORY_PROTECTION_OF_MINORS,,DE,,,,,,,,,,,,,,
All,pub.dev,2025-07-01/2025-12-31,KEYWORD_AGE_SPECIFIC_RESTRICTIONS_MINORS,,DE,,,,,,,,,,,,,,
All,pub.dev,2025-07-01/2025-12-31,KEYWORD_CHILD_SEXUAL_ABUSE_MATERIAL,,DE,,,,,,,,,,,,,,
All,pub.dev,2025-07-01/2025-12-31,KEYWORD_CHILD_SEXUAL_ABUSE_MATERIAL_DEEPFAKE,,DE,,,,,,,,,,,,,,
All,pub.dev,2025-07-01/2025-12-31,KEYWORD_GROOMING_SEXUAL_ENTICEMENT_MINORS,,DE,,,,,,,,,,,,,,
All,pub.dev,2025-07-01/2025-12-31,KEYWORD_UNSAFE_CHALLENGES,,DE,,,,,,,,,,,,,,
All,pub.dev,2025-07-01/2025-12-31,KEYWORD_OTHER,CHILD_ENDANGERMENT,DE,,,,,,,,,,,,,,
All,pub.dev,2025-07-01/2025-12-31,KEYWORD_OTHER,CHILD_SAFETY,DE,,,,,,,,,,,,,,
All,pub.dev,2025-07-01/2025-12-31,KEYWORD_OTHER,HARMFUL_OR_DANGEROUS_ACTS_CHALLENGES_AND_PRANKS,DE,,,,,,,,,,,,,,
All,pub.dev,2025-07-01/2025-12-31,KEYWORD_OTHER,KNOWN_SERIES,DE,,,,,,,,,,,,,,
All,pub.dev,2025-07-01/2025-12-31,KEYWORD_OTHER,PROTECTION_OF_MINORS,DE,,,,,,,,,,,,,,
All,pub.dev,2025-07-01/2025-12-31,KEYWORD_OTHER,UNAUTHORIZED_IMAGE_OF_MINORS,DE,,,,,,,,,,,,,,
All,pub.dev,2025-07-01/2025-12-31,STATEMENT_CATEGORY_RISK_FOR_PUBLIC_SECURITY,,DE,,,,,,,,,,,,,,
All,pub.dev,2025-07-01/2025-12-31,KEYWORD_ILLEGAL_ORGANIZATIONS,,DE,,,,,,,,,,,,,,
All,pub.dev,2025-07-01/2025-12-31,KEYWORD_RISK_ENVIRONMENTAL_DAMAGE,,DE,,,,,,,,,,,,,,
All,pub.dev,2025-07-01/2025-12-31,KEYWORD_RISK_PUBLIC_HEALTH,,DE,,,,,,,,,,,,,,
All,pub.dev,2025-07-01/2025-12-31,KEYWORD_TERRORIST_CONTENT,,DE,,,,,,,,,,,,,,
All,pub.dev,2025-07-01/2025-12-31,KEYWORD_OTHER,COURT_ORDER,DE,,,,,,,,,,,,,,
All,pub.dev,2025-07-01/2025-12-31,KEYWORD_OTHER,RISK_FOR_PUBLIC_SECURITY,DE,,,,,,,,,,,,,,
All,pub.dev,2025-07-01/2025-12-31,KEYWORD_OTHER,SENSITIVE_EVENTS,DE,,,,,,,,,,,,,,
All,pub.dev,2025-07-01/2025-12-31,KEYWORD_OTHER,VIOLENT_EXTREMISM,DE,,,,,,,,,,,,,,
All,pub.dev,2025-07-01/2025-12-31,KEYWORD_OTHER,WRONGFUL_OR_UNAUTHORIZED_USE_OF_SYMBOLS,DE,,,,,,,,,,,,,,
All,pub.dev,2025-07-01/2025-12-31,STATEMENT_CATEGORY_SCAMS_AND_FRAUD,,DE,,,,,,,,,,,,,,
All,pub.dev,2025-07-01/2025-12-31,KEYWORD_IMPERSONATION_ACCOUNT_HIJACKING,,DE,,,,,,,,,,,,,,
All,pub.dev,2025-07-01/2025-12-31,KEYWORD_INAUTHENTIC_ACCOUNTS,,DE,,,,,,,,,,,,,,
All,pub.dev,2025-07-01/2025-12-31,KEYWORD_INAUTHENTIC_LISTINGS,,DE,,,,,,,,,,,,,,
All,pub.dev,2025-07-01/2025-12-31,KEYWORD_INAUTHENTIC_USER_REVIEWS,,DE,,,,,,,,,,,,,,
All,pub.dev,2025-07-01/2025-12-31,KEYWORD_PHISHING,,DE,,,,,,,,,,,,,,
All,pub.dev,2025-07-01/2025-12-31,KEYWORD_PYRAMID_SCHEMES,,DE,,,,,,,,,,,,,,
All,pub.dev,2025-07-01/2025-12-31,KEYWORD_OTHER,AD_FRAUD_POLICY,DE,,,,,,,,,,,,,,
All,pub.dev,2025-07-01/2025-12-31,KEYWORD_OTHER,ENCOURAGEMENT_OF_DIGITAL_SECURITY_OR_TERMS_OF_SERVICE_VIOLATIONS,DE,,,,,,,,,,,,,,
All,pub.dev,2025-07-01/2025-12-31,KEYWORD_OTHER,FRAUD,DE,,,,,,,,,,,,,,
All,pub.dev,2025-07-01/2025-12-31,KEYWORD_OTHER,MALWARE,DE,,,,,,,,,,,,,,
All,pub.dev,2025-07-01/2025-12-31,KEYWORD_OTHER,MALWARE_AND_PHISHING,DE,,,,,,,,,,,,,,
All,pub.dev,2025-07-01/2025-12-31,KEYWORD_OTHER,MALWARE_AND_SYSTEM_CIRCUMVENTION,DE,,,,,,,,,,,,,,
All,pub.dev,2025-07-01/2025-12-31,KEYWORD_OTHER,MISREPRESENTATION,DE,,,,,,,,,,,,,,
All,pub.dev,2025-07-01/2025-12-31,KEYWORD_OTHER,SCAMS,DE,,,,,,,,,,,,,,
All,pub.dev,2025-07-01/2025-12-31,KEYWORD_OTHER,SOCIAL_ENGINEERING_TACTICS,DE,,,,,,,,,,,,,,
All,pub.dev,2025-07-01/2025-12-31,STATEMENT_CATEGORY_SELF_HARM,,DE,,,,,,,,,,,,,,
All,pub.dev,2025-07-01/2025-12-31,KEYWORD_CONTENT_PROMOTING_EATING_DISORDERS,,DE,,,,,,,,,,,,,,
All,pub.dev,2025-07-01/2025-12-31,KEYWORD_SELF_MUTILATION,,DE,,,,,,,,,,,,,,
All,pub.dev,2025-07-01/2025-12-31,KEYWORD_SUICIDE,,DE,,,,,,,,,,,,,,
All,pub.dev,2025-07-01/2025-12-31,KEYWORD_OTHER,SELF_HARM,DE,,,,,,,,,,,,,,
All,pub.dev,2025-07-01/2025-12-31,KEYWORD_OTHER,SUICIDE_AND_SELF_HARM,DE,,,,,,,,,,,,,,
All,pub.dev,2025-07-01/2025-12-31,STATEMENT_CATEGORY_UNSAFE_AND_PROHIBITED_PRODUCTS,,DE,,,,,,,,,,,,,,
All,pub.dev,2025-07-01/2025-12-31,KEYWORD_PROHIBITED_PRODUCTS,,DE,,,,,,,,,,,,,,
All,pub.dev,2025-07-01/2025-12-31,KEYWORD_UNSAFE_PRODUCTS,,DE,,,,,,,,,,,,,,
All,pub.dev,2025-07-01/2025-12-31,KEYWORD_OTHER,COURT_ORDER,DE,,,,,,,,,,,,,,
All,pub.dev,2025-07-01/2025-12-31,KEYWORD_OTHER,ENABLING_DISHONEST_BEHAVIOR,DE,,,,,,,,,,,,,,
All,pub.dev,2025-07-01/2025-12-31,KEYWORD_OTHER,FIREARMS_AND_ILLEGAL_REGULATED_GOODS_OR_SERVICES,DE,,,,,,,,,,,,,,
All,pub.dev,2025-07-01/2025-12-31,KEYWORD_OTHER,OTHER_LEGAL_NOTICES_OR_ORDERS,DE,,,,,,,,,,,,,,
All,pub.dev,2025-07-01/2025-12-31,KEYWORD_OTHER,UNAUTHORIZED_PHARMACIES,DE,,,,,,,,,,,,,,
All,pub.dev,2025-07-01/2025-12-31,STATEMENT_CATEGORY_VIOLENCE,,DE,,,,,,,,,,,,,,
All,pub.dev,2025-07-01/2025-12-31,KEYWORD_COORDINATED_HARM,,DE,,,,,,,,,,,,,,
All,pub.dev,2025-07-01/2025-12-31,KEYWORD_INCITEMENT_VIOLENCE_HATRED,,DE,,,,,,,,,,,,,,
All,pub.dev,2025-07-01/2025-12-31,KEYWORD_HUMAN_EXPLOITATION,,DE,,,,,,,,,,,,,,
All,pub.dev,2025-07-01/2025-12-31,KEYWORD_HUMAN_TRAFFICKING,,DE,,,,,,,,,,,,,,
All,pub.dev,2025-07-01/2025-12-31,KEYWORD_TRAFFICKING_WOMEN_GIRLS,,DE,,,,,,,,,,,,,,
All,pub.dev,2025-07-01/2025-12-31,KEYWORD_OTHER,DEPICTION_OF VIOLENCE,DE,,,,,,,,,,,,,,
All,pub.dev,2025-07-01/2025-12-31,KEYWORD_OTHER,SHOCKING_CONTENT,DE,,,,,,,,,,,,,,
All,pub.dev,2025-07-01/2025-12-31,KEYWORD_OTHER,VIOLENT_OR_GRAPHIC_CONTENT,DE,,,,,,,,,,,,,,
All,pub.dev,2025-07-01/2025-12-31,STATEMENT_CATEGORY_NOT_SPECIFIED_ORDER,,DE,,,,,,,,,,,,,,
All,pub.dev,2025-07-01/2025-12-31,TOTAL,,GR,,,,,,,,,,,,,,
All,pub.dev,2025-07-01/2025-12-31,STATEMENT_CATEGORY_ANIMAL_WELFARE,,GR,,,,,,,,,,,,,,
All,pub.dev,2025-07-01/2025-12-31,KEYWORD_ANIMAL_HARM,,GR,,,,,,,,,,,,,,
All,pub.dev,2025-07-01/2025-12-31,KEYWORD_UNLAWFUL_SALE_ANIMALS,,GR,,,,,,,,,,,,,,
All,pub.dev,2025-07-01/2025-12-31,KEYWORD_OTHER,ANIMAL_CRUELTY,GR,,,,,,,,,,,,,,
All,pub.dev,2025-07-01/2025-12-31,KEYWORD_OTHER,ANIMAL_HARM_AND_UNLAWFUL_SALE,GR,,,,,,,,,,,,,,
All,pub.dev,2025-07-01/2025-12-31,STATEMENT_CATEGORY_CONSUMER_INFORMATION,,GR,,,,,,,,,,,,,,
All,pub.dev,2025-07-01/2025-12-31,KEYWORD_HIDDEN_ADVERTISEMENT,,GR,,,,,,,,,,,,,,
All,pub.dev,2025-07-01/2025-12-31,KEYWORD_INSUFFICIENT_INFORMATION_ON_TRADERS,,GR,,,,,,,,,,,,,,
All,pub.dev,2025-07-01/2025-12-31,KEYWORD_MISLEADING_INFO_GOODS_SERVICES,,GR,,,,,,,,,,,,,,
All,pub.dev,2025-07-01/2025-12-31,KEYWORD_MISLEADING_INFO_CONSUMER_RIGHTS,,GR,,,,,,,,,,,,,,
All,pub.dev,2025-07-01/2025-12-31,KEYWORD_NONCOMPLIANCE_PRICING,,GR,,,,,,,,,,,,,,
All,pub.dev,2025-07-01/2025-12-31,KEYWORD_OTHER,CONSUMER_PROTECTION,GR,,,,,,,,,,,,,,
All,pub.dev,2025-07-01/2025-12-31,KEYWORD_OTHER,MISREPRESENTATION,GR,,,,,,,,,,,,,,
All,pub.dev,2025-07-01/2025-12-31,STATEMENT_CATEGORY_CYBER_VIOLENCE,,GR,,,,,,,,,,,,,,
All,pub.dev,2025-07-01/2025-12-31,KEYWORD_CYBER_BULLYING_INTIMIDATION,,GR,,,,,,,,,,,,,,
All,pub.dev,2025-07-01/2025-12-31,KEYWORD_CYBER_HARASSMENT,,GR,,,,,,,,,,,,,,
All,pub.dev,2025-07-01/2025-12-31,KEYWORD_CYBER_INCITEMENT,,GR,,,,,,,,,,,,,,
All,pub.dev,2025-07-01/2025-12-31,KEYWORD_CYBER_STALKING,,GR,,,,,,,,,,,,,,
All,pub.dev,2025-07-01/2025-12-31,KEYWORD_NON_CONSENSUAL_IMAGE_SHARING,,GR,,,,,,,,,,,,,,
All,pub.dev,2025-07-01/2025-12-31,KEYWORD_NON_CONSENSUAL_MATERIAL_DEEPFAKE,,GR,,,,,,,,,,,,,,
All,pub.dev,2025-07-01/2025-12-31,KEYWORD_OTHER,DOXING,GR,,,,,,,,,,,,,,
All,pub.dev,2025-07-01/2025-12-31,KEYWORD_OTHER,HARASSMENT,GR,,,,,,,,,,,,,,
All,pub.dev,2025-07-01/2025-12-31,KEYWORD_OTHER,HARASSMENT_AND_CYBERBULLYING,GR,,,,,,,,,,,,,,
All,pub.dev,2025-07-01/2025-12-31,KEYWORD_OTHER,HARMFUL_ACTIVITIES,GR,,,,,,,,,,,,,,
All,pub.dev,2025-07-01/2025-12-31,KEYWORD_OTHER,SEXUAL_HARASSMENT,GR,,,,,,,,,,,,,,
All,pub.dev,2025-07-01/2025-12-31,KEYWORD_OTHER,OBSCENITY_OR_PORNOGRAPHY,GR,,,,,,,,,,,,,,
All,pub.dev,2025-07-01/2025-12-31,KEYWORD_OTHER,UNSAFE_CONTENT,GR,,,,,,,,,,,,,,
All,pub.dev,2025-07-01/2025-12-31,STATEMENT_CATEGORY_CYBER_VIOLENCE_AGAINST_WOMEN,,GR,,,,,,,,,,,,,,
All,pub.dev,2025-07-01/2025-12-31,KEYWORD_BULLYING_AGAINST_GIRLS,,GR,,,,,,,,,,,,,,
All,pub.dev,2025-07-01/2025-12-31,KEYWORD_CYBER_HARASSMENT_AGAINST_WOMEN,,GR,,,,,,,,,,,,,,
All,pub.dev,2025-07-01/2025-12-31,KEYWORD_CYBER_STALKING_AGAINST_WOMEN,,GR,,,,,,,,,,,,,,
All,pub.dev,2025-07-01/2025-12-31,KEYWORD_FEMALE_GENDERED_DISINFORMATION,,GR,,,,,,,,,,,,,,
All,pub.dev,2025-07-01/2025-12-31,KEYWORD_INCITEMENT_AGAINST_WOMEN,,GR,,,,,,,,,,,,,,
All,pub.dev,2025-07-01/2025-12-31,KEYWORD_NON_CONSENSUAL_IMAGE_SHARING_AGAINST_WOMEN,,GR,,,,,,,,,,,,,,
All,pub.dev,2025-07-01/2025-12-31,KEYWORD_NON_CONSENSUAL_MATERIAL_DEEPFAKE_AGAINST_WOMEN,,GR,,,,,,,,,,,,,,
All,pub.dev,2025-07-01/2025-12-31,KEYWORD_OTHER,"Text to detail the ""Other"" keyword.",GR,,,,,,,,,,,,,,
All,pub.dev,2025-07-01/2025-12-31,STATEMENT_CATEGORY_DATA_PROTECTION_AND_PRIVACY_VIOLATIONS,,GR,,,,,,,,,,,,,,
All,pub.dev,2025-07-01/2025-12-31,KEYWORD_BIOMETRIC_DATA_BREACH,,GR,,,,,,,,,,,,,,
All,pub.dev,2025-07-01/2025-12-31,KEYWORD_DATA_FALSIFICATION,,GR,,,,,,,,,,,,,,
All,pub.dev,2025-07-01/2025-12-31,KEYWORD_MISSING_PROCESSING_GROUND,,GR,,,,,,,,,,,,,,
All,pub.dev,2025-07-01/2025-12-31,KEYWORD_RIGHT_TO_BE_FORGOTTEN,,GR,,,,,,,,,,,,,,
All,pub.dev,2025-07-01/2025-12-31,KEYWORD_OTHER,DATA_COLLECTION_AND_USE,GR,,,,,,,,,,,,,,
All,pub.dev,2025-07-01/2025-12-31,KEYWORD_OTHER,DISCLOSURE_AND_CONSENT_PRACTICES,GR,,,,,,,,,,,,,,
All,pub.dev,2025-07-01/2025-12-31,KEYWORD_OTHER,GDPR,GR,,,,,,,,,,,,,,
All,pub.dev,2025-07-01/2025-12-31,KEYWORD_OTHER,PERSONAL_INFORMATION,GR,,,,,,,,,,,,,,
All,pub.dev,2025-07-01/2025-12-31,KEYWORD_OTHER,PERSONAL_RIGHTS,GR,,,,,,,,,,,,,,
All,pub.dev,2025-07-01/2025-12-31,KEYWORD_OTHER,PERSONALIZED_ADVERTISING,GR,,,,,,,,,,,,,,
All,pub.dev,2025-07-01/2025-12-31,KEYWORD_OTHER,PRIVACY,GR,,,,,,,,,,,,,,
All,pub.dev,2025-07-01/2025-12-31,KEYWORD_OTHER,PRIVACY_POLICY,GR,,,,,,,,,,,,,,
All,pub.dev,2025-07-01/2025-12-31,KEYWORD_OTHER,UNSECURE_DATA_HANDLING,GR,,,,,,,,,,,,,,
All,pub.dev,2025-07-01/2025-12-31,STATEMENT_CATEGORY_ILLEGAL_OR_HARMFUL_SPEECH,,GR,,,,,,,,,,,,,,
All,pub.dev,2025-07-01/2025-12-31,KEYWORD_DEFAMATION,,GR,,,,,,,,,,,,,,
All,pub.dev,2025-07-01/2025-12-31,KEYWORD_DISCRIMINATION,,GR,,,,,,,,,,,,,,
All,pub.dev,2025-07-01/2025-12-31,KEYWORD_HATE_SPEECH,,GR,,,,,,,,,,,,,,
All,pub.dev,2025-07-01/2025-12-31,KEYWORD_OTHER,HATEFUL_OR_ABUSIVE,GR,,,,,,,,,,,,,,
All,pub.dev,2025-07-01/2025-12-31,KEYWORD_OTHER,ILLEGAL_OR_HARMFUL_SPEECH,GR,,,,,,,,,,,,,,
All,pub.dev,2025-07-01/2025-12-31,KEYWORD_OTHER,OBSCENITY_AND_PROFANITY,GR,,,,,,,,,,,,,,
All,pub.dev,2025-07-01/2025-12-31,KEYWORD_OTHER,OFFENSIVE_CONTENT,GR,,,,,,,,,,,,,,
All,pub.dev,2025-07-01/2025-12-31,KEYWORD_OTHER,UNSAFE_CONTENT,GR,,,,,,,,,,,,,,
All,pub.dev,2025-07-01/2025-12-31,STATEMENT_CATEGORY_INTELLECTUAL_PROPERTY_INFRINGEMENTS,,GR,,,,,,,,,,,,,,
All,pub.dev,2025-07-01/2025-12-31,KEYWORD_COPYRIGHT_INFRINGEMENT,,GR,,,,,,,,,,,,,,
All,pub.dev,2025-07-01/2025-12-31,KEYWORD_DESIGN_INFRINGEMENT,,GR,,,,,,,,,,,,,,
All,pub.dev,2025-07-01/2025-12-31,KEYWORD_GEOGRAPHIC_INDICATIONS_INFRINGEMENT,,GR,,,,,,,,,,,,,,
All,pub.dev,2025-07-01/2025-12-31,KEYWORD_PATENT_INFRINGEMENT,,GR,,,,,,,,,,,,,,
All,pub.dev,2025-07-01/2025-12-31,KEYWORD_TRADE_SECRET_INFRINGEMENT,,GR,,,,,,,,,,,,,,
All,pub.dev,2025-07-01/2025-12-31,KEYWORD_TRADEMARK_INFRINGEMENT,,GR,,,,,,,,,,,,,,
All,pub.dev,2025-07-01/2025-12-31,KEYWORD_OTHER,CIRCUMVENTION,GR,,,,,,,,,,,,,,
All,pub.dev,2025-07-01/2025-12-31,KEYWORD_OTHER,INTELLECTUAL PROPERTY,GR,,,,,,,,,,,,,,
All,pub.dev,2025-07-01/2025-12-31,STATEMENT_CATEGORY_NEGATIVE_EFFECTS_ON_CIVIC_DISCOURSE_OR_ELECTIONS,,GR,,,,,,,,,,,,,,
All,pub.dev,2025-07-01/2025-12-31,KEYWORD_MISINFORMATION_DISINFORMATION,,GR,,,,,,,,,,,,,,
All,pub.dev,2025-07-01/2025-12-31,KEYWORD_VIOLATION_EU_LAW,,GR,,,,,,,,,,,,,,
All,pub.dev,2025-07-01/2025-12-31,KEYWORD_VIOLATION_NATIONAL_LAW,,GR,,,,,,,,,,,,,,
All,pub.dev,2025-07-01/2025-12-31,KEYWORD_OTHER,ELECTORAL,GR,,,,,,,,,,,,,,
All,pub.dev,2025-07-01/2025-12-31,KEYWORD_OTHER,HACKED_POLITICAL_MATERIALS,GR,,,,,,,,,,,,,,
All,pub.dev,2025-07-01/2025-12-31,KEYWORD_OTHER,POLITICAL_CONTENT,GR,,,,,,,,,,,,,,
All,pub.dev,2025-07-01/2025-12-31,KEYWORD_OTHER,SOCIAL_STABILITY,GR,,,,,,,,,,,,,,
All,pub.dev,2025-07-01/2025-12-31,KEYWORD_OTHER,SOCIETAL_VALUES,GR,,,,,,,,,,,,,,
All,pub.dev,2025-07-01/2025-12-31,STATEMENT_CATEGORY_PROTECTION_OF_MINORS,,GR,,,,,,,,,,,,,,
All,pub.dev,2025-07-01/2025-12-31,KEYWORD_AGE_SPECIFIC_RESTRICTIONS_MINORS,,GR,,,,,,,,,,,,,,
All,pub.dev,2025-07-01/2025-12-31,KEYWORD_CHILD_SEXUAL_ABUSE_MATERIAL,,GR,,,,,,,,,,,,,,
All,pub.dev,2025-07-01/2025-12-31,KEYWORD_CHILD_SEXUAL_ABUSE_MATERIAL_DEEPFAKE,,GR,,,,,,,,,,,,,,
All,pub.dev,2025-07-01/2025-12-31,KEYWORD_GROOMING_SEXUAL_ENTICEMENT_MINORS,,GR,,,,,,,,,,,,,,
All,pub.dev,2025-07-01/2025-12-31,KEYWORD_UNSAFE_CHALLENGES,,GR,,,,,,,,,,,,,,
All,pub.dev,2025-07-01/2025-12-31,KEYWORD_OTHER,CHILD_ENDANGERMENT,GR,,,,,,,,,,,,,,
All,pub.dev,2025-07-01/2025-12-31,KEYWORD_OTHER,CHILD_SAFETY,GR,,,,,,,,,,,,,,
All,pub.dev,2025-07-01/2025-12-31,KEYWORD_OTHER,HARMFUL_OR_DANGEROUS_ACTS_CHALLENGES_AND_PRANKS,GR,,,,,,,,,,,,,,
All,pub.dev,2025-07-01/2025-12-31,KEYWORD_OTHER,KNOWN_SERIES,GR,,,,,,,,,,,,,,
All,pub.dev,2025-07-01/2025-12-31,KEYWORD_OTHER,PROTECTION_OF_MINORS,GR,,,,,,,,,,,,,,
All,pub.dev,2025-07-01/2025-12-31,KEYWORD_OTHER,UNAUTHORIZED_IMAGE_OF_MINORS,GR,,,,,,,,,,,,,,
All,pub.dev,2025-07-01/2025-12-31,STATEMENT_CATEGORY_RISK_FOR_PUBLIC_SECURITY,,GR,,,,,,,,,,,,,,
All,pub.dev,2025-07-01/2025-12-31,KEYWORD_ILLEGAL_ORGANIZATIONS,,GR,,,,,,,,,,,,,,
All,pub.dev,2025-07-01/2025-12-31,KEYWORD_RISK_ENVIRONMENTAL_DAMAGE,,GR,,,,,,,,,,,,,,
All,pub.dev,2025-07-01/2025-12-31,KEYWORD_RISK_PUBLIC_HEALTH,,GR,,,,,,,,,,,,,,
All,pub.dev,2025-07-01/2025-12-31,KEYWORD_TERRORIST_CONTENT,,GR,,,,,,,,,,,,,,
All,pub.dev,2025-07-01/2025-12-31,KEYWORD_OTHER,COURT_ORDER,GR,,,,,,,,,,,,,,
All,pub.dev,2025-07-01/2025-12-31,KEYWORD_OTHER,RISK_FOR_PUBLIC_SECURITY,GR,,,,,,,,,,,,,,
All,pub.dev,2025-07-01/2025-12-31,KEYWORD_OTHER,SENSITIVE_EVENTS,GR,,,,,,,,,,,,,,
All,pub.dev,2025-07-01/2025-12-31,KEYWORD_OTHER,VIOLENT_EXTREMISM,GR,,,,,,,,,,,,,,
All,pub.dev,2025-07-01/2025-12-31,KEYWORD_OTHER,WRONGFUL_OR_UNAUTHORIZED_USE_OF_SYMBOLS,GR,,,,,,,,,,,,,,
All,pub.dev,2025-07-01/2025-12-31,STATEMENT_CATEGORY_SCAMS_AND_FRAUD,,GR,,,,,,,,,,,,,,
All,pub.dev,2025-07-01/2025-12-31,KEYWORD_IMPERSONATION_ACCOUNT_HIJACKING,,GR,,,,,,,,,,,,,,
All,pub.dev,2025-07-01/2025-12-31,KEYWORD_INAUTHENTIC_ACCOUNTS,,GR,,,,,,,,,,,,,,
All,pub.dev,2025-07-01/2025-12-31,KEYWORD_INAUTHENTIC_LISTINGS,,GR,,,,,,,,,,,,,,
All,pub.dev,2025-07-01/2025-12-31,KEYWORD_INAUTHENTIC_USER_REVIEWS,,GR,,,,,,,,,,,,,,
All,pub.dev,2025-07-01/2025-12-31,KEYWORD_PHISHING,,GR,,,,,,,,,,,,,,
All,pub.dev,2025-07-01/2025-12-31,KEYWORD_PYRAMID_SCHEMES,,GR,,,,,,,,,,,,,,
All,pub.dev,2025-07-01/2025-12-31,KEYWORD_OTHER,AD_FRAUD_POLICY,GR,,,,,,,,,,,,,,
All,pub.dev,2025-07-01/2025-12-31,KEYWORD_OTHER,ENCOURAGEMENT_OF_DIGITAL_SECURITY_OR_TERMS_OF_SERVICE_VIOLATIONS,GR,,,,,,,,,,,,,,
All,pub.dev,2025-07-01/2025-12-31,KEYWORD_OTHER,FRAUD,GR,,,,,,,,,,,,,,
All,pub.dev,2025-07-01/2025-12-31,KEYWORD_OTHER,MALWARE,GR,,,,,,,,,,,,,,
All,pub.dev,2025-07-01/2025-12-31,KEYWORD_OTHER,MALWARE_AND_PHISHING,GR,,,,,,,,,,,,,,
All,pub.dev,2025-07-01/2025-12-31,KEYWORD_OTHER,MALWARE_AND_SYSTEM_CIRCUMVENTION,GR,,,,,,,,,,,,,,
All,pub.dev,2025-07-01/2025-12-31,KEYWORD_OTHER,MISREPRESENTATION,GR,,,,,,,,,,,,,,
All,pub.dev,2025-07-01/2025-12-31,KEYWORD_OTHER,SCAMS,GR,,,,,,,,,,,,,,
All,pub.dev,2025-07-01/2025-12-31,KEYWORD_OTHER,SOCIAL_ENGINEERING_TACTICS,GR,,,,,,,,,,,,,,
All,pub.dev,2025-07-01/2025-12-31,STATEMENT_CATEGORY_SELF_HARM,,GR,,,,,,,,,,,,,,
All,pub.dev,2025-07-01/2025-12-31,KEYWORD_CONTENT_PROMOTING_EATING_DISORDERS,,GR,,,,,,,,,,,,,,
All,pub.dev,2025-07-01/2025-12-31,KEYWORD_SELF_MUTILATION,,GR,,,,,,,,,,,,,,
All,pub.dev,2025-07-01/2025-12-31,KEYWORD_SUICIDE,,GR,,,,,,,,,,,,,,
All,pub.dev,2025-07-01/2025-12-31,KEYWORD_OTHER,SELF_HARM,GR,,,,,,,,,,,,,,
All,pub.dev,2025-07-01/2025-12-31,KEYWORD_OTHER,SUICIDE_AND_SELF_HARM,GR,,,,,,,,,,,,,,
All,pub.dev,2025-07-01/2025-12-31,STATEMENT_CATEGORY_UNSAFE_AND_PROHIBITED_PRODUCTS,,GR,,,,,,,,,,,,,,
All,pub.dev,2025-07-01/2025-12-31,KEYWORD_PROHIBITED_PRODUCTS,,GR,,,,,,,,,,,,,,
All,pub.dev,2025-07-01/2025-12-31,KEYWORD_UNSAFE_PRODUCTS,,GR,,,,,,,,,,,,,,
All,pub.dev,2025-07-01/2025-12-31,KEYWORD_OTHER,COURT_ORDER,GR,,,,,,,,,,,,,,
All,pub.dev,2025-07-01/2025-12-31,KEYWORD_OTHER,ENABLING_DISHONEST_BEHAVIOR,GR,,,,,,,,,,,,,,
All,pub.dev,2025-07-01/2025-12-31,KEYWORD_OTHER,FIREARMS_AND_ILLEGAL_REGULATED_GOODS_OR_SERVICES,GR,,,,,,,,,,,,,,
All,pub.dev,2025-07-01/2025-12-31,KEYWORD_OTHER,OTHER_LEGAL_NOTICES_OR_ORDERS,GR,,,,,,,,,,,,,,
All,pub.dev,2025-07-01/2025-12-31,KEYWORD_OTHER,UNAUTHORIZED_PHARMACIES,GR,,,,,,,,,,,,,,
All,pub.dev,2025-07-01/2025-12-31,STATEMENT_CATEGORY_VIOLENCE,,GR,,,,,,,,,,,,,,
All,pub.dev,2025-07-01/2025-12-31,KEYWORD_COORDINATED_HARM,,GR,,,,,,,,,,,,,,
All,pub.dev,2025-07-01/2025-12-31,KEYWORD_INCITEMENT_VIOLENCE_HATRED,,GR,,,,,,,,,,,,,,
All,pub.dev,2025-07-01/2025-12-31,KEYWORD_HUMAN_EXPLOITATION,,GR,,,,,,,,,,,,,,
All,pub.dev,2025-07-01/2025-12-31,KEYWORD_HUMAN_TRAFFICKING,,GR,,,,,,,,,,,,,,
All,pub.dev,2025-07-01/2025-12-31,KEYWORD_TRAFFICKING_WOMEN_GIRLS,,GR,,,,,,,,,,,,,,
All,pub.dev,2025-07-01/2025-12-31,KEYWORD_OTHER,DEPICTION_OF VIOLENCE,GR,,,,,,,,,,,,,,
All,pub.dev,2025-07-01/2025-12-31,KEYWORD_OTHER,SHOCKING_CONTENT,GR,,,,,,,,,,,,,,
All,pub.dev,2025-07-01/2025-12-31,KEYWORD_OTHER,VIOLENT_OR_GRAPHIC_CONTENT,GR,,,,,,,,,,,,,,
All,pub.dev,2025-07-01/2025-12-31,STATEMENT_CATEGORY_NOT_SPECIFIED_ORDER,,GR,,,,,,,,,,,,,,
All,pub.dev,2025-07-01/2025-12-31,TOTAL,,HU,,,,,,,,,,,,,,
All,pub.dev,2025-07-01/2025-12-31,STATEMENT_CATEGORY_ANIMAL_WELFARE,,HU,,,,,,,,,,,,,,
All,pub.dev,2025-07-01/2025-12-31,KEYWORD_ANIMAL_HARM,,HU,,,,,,,,,,,,,,
All,pub.dev,2025-07-01/2025-12-31,KEYWORD_UNLAWFUL_SALE_ANIMALS,,HU,,,,,,,,,,,,,,
All,pub.dev,2025-07-01/2025-12-31,KEYWORD_OTHER,ANIMAL_CRUELTY,HU,,,,,,,,,,,,,,
All,pub.dev,2025-07-01/2025-12-31,KEYWORD_OTHER,ANIMAL_HARM_AND_UNLAWFUL_SALE,HU,,,,,,,,,,,,,,
All,pub.dev,2025-07-01/2025-12-31,STATEMENT_CATEGORY_CONSUMER_INFORMATION,,HU,,,,,,,,,,,,,,
All,pub.dev,2025-07-01/2025-12-31,KEYWORD_HIDDEN_ADVERTISEMENT,,HU,,,,,,,,,,,,,,
All,pub.dev,2025-07-01/2025-12-31,KEYWORD_INSUFFICIENT_INFORMATION_ON_TRADERS,,HU,,,,,,,,,,,,,,
All,pub.dev,2025-07-01/2025-12-31,KEYWORD_MISLEADING_INFO_GOODS_SERVICES,,HU,,,,,,,,,,,,,,
All,pub.dev,2025-07-01/2025-12-31,KEYWORD_MISLEADING_INFO_CONSUMER_RIGHTS,,HU,,,,,,,,,,,,,,
All,pub.dev,2025-07-01/2025-12-31,KEYWORD_NONCOMPLIANCE_PRICING,,HU,,,,,,,,,,,,,,
All,pub.dev,2025-07-01/2025-12-31,KEYWORD_OTHER,CONSUMER_PROTECTION,HU,,,,,,,,,,,,,,
All,pub.dev,2025-07-01/2025-12-31,KEYWORD_OTHER,MISREPRESENTATION,HU,,,,,,,,,,,,,,
All,pub.dev,2025-07-01/2025-12-31,STATEMENT_CATEGORY_CYBER_VIOLENCE,,HU,,,,,,,,,,,,,,
All,pub.dev,2025-07-01/2025-12-31,KEYWORD_CYBER_BULLYING_INTIMIDATION,,HU,,,,,,,,,,,,,,
All,pub.dev,2025-07-01/2025-12-31,KEYWORD_CYBER_HARASSMENT,,HU,,,,,,,,,,,,,,
All,pub.dev,2025-07-01/2025-12-31,KEYWORD_CYBER_INCITEMENT,,HU,,,,,,,,,,,,,,
All,pub.dev,2025-07-01/2025-12-31,KEYWORD_CYBER_STALKING,,HU,,,,,,,,,,,,,,
All,pub.dev,2025-07-01/2025-12-31,KEYWORD_NON_CONSENSUAL_IMAGE_SHARING,,HU,,,,,,,,,,,,,,
All,pub.dev,2025-07-01/2025-12-31,KEYWORD_NON_CONSENSUAL_MATERIAL_DEEPFAKE,,HU,,,,,,,,,,,,,,
All,pub.dev,2025-07-01/2025-12-31,KEYWORD_OTHER,DOXING,HU,,,,,,,,,,,,,,
All,pub.dev,2025-07-01/2025-12-31,KEYWORD_OTHER,HARASSMENT,HU,,,,,,,,,,,,,,
All,pub.dev,2025-07-01/2025-12-31,KEYWORD_OTHER,HARASSMENT_AND_CYBERBULLYING,HU,,,,,,,,,,,,,,
All,pub.dev,2025-07-01/2025-12-31,KEYWORD_OTHER,HARMFUL_ACTIVITIES,HU,,,,,,,,,,,,,,
All,pub.dev,2025-07-01/2025-12-31,KEYWORD_OTHER,SEXUAL_HARASSMENT,HU,,,,,,,,,,,,,,
All,pub.dev,2025-07-01/2025-12-31,KEYWORD_OTHER,OBSCENITY_OR_PORNOGRAPHY,HU,,,,,,,,,,,,,,
All,pub.dev,2025-07-01/2025-12-31,KEYWORD_OTHER,UNSAFE_CONTENT,HU,,,,,,,,,,,,,,
All,pub.dev,2025-07-01/2025-12-31,STATEMENT_CATEGORY_CYBER_VIOLENCE_AGAINST_WOMEN,,HU,,,,,,,,,,,,,,
All,pub.dev,2025-07-01/2025-12-31,KEYWORD_BULLYING_AGAINST_GIRLS,,HU,,,,,,,,,,,,,,
All,pub.dev,2025-07-01/2025-12-31,KEYWORD_CYBER_HARASSMENT_AGAINST_WOMEN,,HU,,,,,,,,,,,,,,
All,pub.dev,2025-07-01/2025-12-31,KEYWORD_CYBER_STALKING_AGAINST_WOMEN,,HU,,,,,,,,,,,,,,
All,pub.dev,2025-07-01/2025-12-31,KEYWORD_FEMALE_GENDERED_DISINFORMATION,,HU,,,,,,,,,,,,,,
All,pub.dev,2025-07-01/2025-12-31,KEYWORD_INCITEMENT_AGAINST_WOMEN,,HU,,,,,,,,,,,,,,
All,pub.dev,2025-07-01/2025-12-31,KEYWORD_NON_CONSENSUAL_IMAGE_SHARING_AGAINST_WOMEN,,HU,,,,,,,,,,,,,,
All,pub.dev,2025-07-01/2025-12-31,KEYWORD_NON_CONSENSUAL_MATERIAL_DEEPFAKE_AGAINST_WOMEN,,HU,,,,,,,,,,,,,,
All,pub.dev,2025-07-01/2025-12-31,KEYWORD_OTHER,"Text to detail the ""Other"" keyword.",HU,,,,,,,,,,,,,,
All,pub.dev,2025-07-01/2025-12-31,STATEMENT_CATEGORY_DATA_PROTECTION_AND_PRIVACY_VIOLATIONS,,HU,,,,,,,,,,,,,,
All,pub.dev,2025-07-01/2025-12-31,KEYWORD_BIOMETRIC_DATA_BREACH,,HU,,,,,,,,,,,,,,
All,pub.dev,2025-07-01/2025-12-31,KEYWORD_DATA_FALSIFICATION,,HU,,,,,,,,,,,,,,
All,pub.dev,2025-07-01/2025-12-31,KEYWORD_MISSING_PROCESSING_GROUND,,HU,,,,,,,,,,,,,,
All,pub.dev,2025-07-01/2025-12-31,KEYWORD_RIGHT_TO_BE_FORGOTTEN,,HU,,,,,,,,,,,,,,
All,pub.dev,2025-07-01/2025-12-31,KEYWORD_OTHER,DATA_COLLECTION_AND_USE,HU,,,,,,,,,,,,,,
All,pub.dev,2025-07-01/2025-12-31,KEYWORD_OTHER,DISCLOSURE_AND_CONSENT_PRACTICES,HU,,,,,,,,,,,,,,
All,pub.dev,2025-07-01/2025-12-31,KEYWORD_OTHER,GDPR,HU,,,,,,,,,,,,,,
All,pub.dev,2025-07-01/2025-12-31,KEYWORD_OTHER,PERSONAL_INFORMATION,HU,,,,,,,,,,,,,,
All,pub.dev,2025-07-01/2025-12-31,KEYWORD_OTHER,PERSONAL_RIGHTS,HU,,,,,,,,,,,,,,
All,pub.dev,2025-07-01/2025-12-31,KEYWORD_OTHER,PERSONALIZED_ADVERTISING,HU,,,,,,,,,,,,,,
All,pub.dev,2025-07-01/2025-12-31,KEYWORD_OTHER,PRIVACY,HU,,,,,,,,,,,,,,
All,pub.dev,2025-07-01/2025-12-31,KEYWORD_OTHER,PRIVACY_POLICY,HU,,,,,,,,,,,,,,
All,pub.dev,2025-07-01/2025-12-31,KEYWORD_OTHER,UNSECURE_DATA_HANDLING,HU,,,,,,,,,,,,,,
All,pub.dev,2025-07-01/2025-12-31,STATEMENT_CATEGORY_ILLEGAL_OR_HARMFUL_SPEECH,,HU,,,,,,,,,,,,,,
All,pub.dev,2025-07-01/2025-12-31,KEYWORD_DEFAMATION,,HU,,,,,,,,,,,,,,
All,pub.dev,2025-07-01/2025-12-31,KEYWORD_DISCRIMINATION,,HU,,,,,,,,,,,,,,
All,pub.dev,2025-07-01/2025-12-31,KEYWORD_HATE_SPEECH,,HU,,,,,,,,,,,,,,
All,pub.dev,2025-07-01/2025-12-31,KEYWORD_OTHER,HATEFUL_OR_ABUSIVE,HU,,,,,,,,,,,,,,
All,pub.dev,2025-07-01/2025-12-31,KEYWORD_OTHER,ILLEGAL_OR_HARMFUL_SPEECH,HU,,,,,,,,,,,,,,
All,pub.dev,2025-07-01/2025-12-31,KEYWORD_OTHER,OBSCENITY_AND_PROFANITY,HU,,,,,,,,,,,,,,
All,pub.dev,2025-07-01/2025-12-31,KEYWORD_OTHER,OFFENSIVE_CONTENT,HU,,,,,,,,,,,,,,
All,pub.dev,2025-07-01/2025-12-31,KEYWORD_OTHER,UNSAFE_CONTENT,HU,,,,,,,,,,,,,,
All,pub.dev,2025-07-01/2025-12-31,STATEMENT_CATEGORY_INTELLECTUAL_PROPERTY_INFRINGEMENTS,,HU,,,,,,,,,,,,,,
All,pub.dev,2025-07-01/2025-12-31,KEYWORD_COPYRIGHT_INFRINGEMENT,,HU,,,,,,,,,,,,,,
All,pub.dev,2025-07-01/2025-12-31,KEYWORD_DESIGN_INFRINGEMENT,,HU,,,,,,,,,,,,,,
All,pub.dev,2025-07-01/2025-12-31,KEYWORD_GEOGRAPHIC_INDICATIONS_INFRINGEMENT,,HU,,,,,,,,,,,,,,
All,pub.dev,2025-07-01/2025-12-31,KEYWORD_PATENT_INFRINGEMENT,,HU,,,,,,,,,,,,,,
All,pub.dev,2025-07-01/2025-12-31,KEYWORD_TRADE_SECRET_INFRINGEMENT,,HU,,,,,,,,,,,,,,
All,pub.dev,2025-07-01/2025-12-31,KEYWORD_TRADEMARK_INFRINGEMENT,,HU,,,,,,,,,,,,,,
All,pub.dev,2025-07-01/2025-12-31,KEYWORD_OTHER,CIRCUMVENTION,HU,,,,,,,,,,,,,,
All,pub.dev,2025-07-01/2025-12-31,KEYWORD_OTHER,INTELLECTUAL PROPERTY,HU,,,,,,,,,,,,,,
All,pub.dev,2025-07-01/2025-12-31,STATEMENT_CATEGORY_NEGATIVE_EFFECTS_ON_CIVIC_DISCOURSE_OR_ELECTIONS,,HU,,,,,,,,,,,,,,
All,pub.dev,2025-07-01/2025-12-31,KEYWORD_MISINFORMATION_DISINFORMATION,,HU,,,,,,,,,,,,,,
All,pub.dev,2025-07-01/2025-12-31,KEYWORD_VIOLATION_EU_LAW,,HU,,,,,,,,,,,,,,
All,pub.dev,2025-07-01/2025-12-31,KEYWORD_VIOLATION_NATIONAL_LAW,,HU,,,,,,,,,,,,,,
All,pub.dev,2025-07-01/2025-12-31,KEYWORD_OTHER,ELECTORAL,HU,,,,,,,,,,,,,,
All,pub.dev,2025-07-01/2025-12-31,KEYWORD_OTHER,HACKED_POLITICAL_MATERIALS,HU,,,,,,,,,,,,,,
All,pub.dev,2025-07-01/2025-12-31,KEYWORD_OTHER,POLITICAL_CONTENT,HU,,,,,,,,,,,,,,
All,pub.dev,2025-07-01/2025-12-31,KEYWORD_OTHER,SOCIAL_STABILITY,HU,,,,,,,,,,,,,,
All,pub.dev,2025-07-01/2025-12-31,KEYWORD_OTHER,SOCIETAL_VALUES,HU,,,,,,,,,,,,,,
All,pub.dev,2025-07-01/2025-12-31,STATEMENT_CATEGORY_PROTECTION_OF_MINORS,,HU,,,,,,,,,,,,,,
All,pub.dev,2025-07-01/2025-12-31,KEYWORD_AGE_SPECIFIC_RESTRICTIONS_MINORS,,HU,,,,,,,,,,,,,,
All,pub.dev,2025-07-01/2025-12-31,KEYWORD_CHILD_SEXUAL_ABUSE_MATERIAL,,HU,,,,,,,,,,,,,,
All,pub.dev,2025-07-01/2025-12-31,KEYWORD_CHILD_SEXUAL_ABUSE_MATERIAL_DEEPFAKE,,HU,,,,,,,,,,,,,,
All,pub.dev,2025-07-01/2025-12-31,KEYWORD_GROOMING_SEXUAL_ENTICEMENT_MINORS,,HU,,,,,,,,,,,,,,
All,pub.dev,2025-07-01/2025-12-31,KEYWORD_UNSAFE_CHALLENGES,,HU,,,,,,,,,,,,,,
All,pub.dev,2025-07-01/2025-12-31,KEYWORD_OTHER,CHILD_ENDANGERMENT,HU,,,,,,,,,,,,,,
All,pub.dev,2025-07-01/2025-12-31,KEYWORD_OTHER,CHILD_SAFETY,HU,,,,,,,,,,,,,,
All,pub.dev,2025-07-01/2025-12-31,KEYWORD_OTHER,HARMFUL_OR_DANGEROUS_ACTS_CHALLENGES_AND_PRANKS,HU,,,,,,,,,,,,,,
All,pub.dev,2025-07-01/2025-12-31,KEYWORD_OTHER,KNOWN_SERIES,HU,,,,,,,,,,,,,,
All,pub.dev,2025-07-01/2025-12-31,KEYWORD_OTHER,PROTECTION_OF_MINORS,HU,,,,,,,,,,,,,,
All,pub.dev,2025-07-01/2025-12-31,KEYWORD_OTHER,UNAUTHORIZED_IMAGE_OF_MINORS,HU,,,,,,,,,,,,,,
All,pub.dev,2025-07-01/2025-12-31,STATEMENT_CATEGORY_RISK_FOR_PUBLIC_SECURITY,,HU,,,,,,,,,,,,,,
All,pub.dev,2025-07-01/2025-12-31,KEYWORD_ILLEGAL_ORGANIZATIONS,,HU,,,,,,,,,,,,,,
All,pub.dev,2025-07-01/2025-12-31,KEYWORD_RISK_ENVIRONMENTAL_DAMAGE,,HU,,,,,,,,,,,,,,
All,pub.dev,2025-07-01/2025-12-31,KEYWORD_RISK_PUBLIC_HEALTH,,HU,,,,,,,,,,,,,,
All,pub.dev,2025-07-01/2025-12-31,KEYWORD_TERRORIST_CONTENT,,HU,,,,,,,,,,,,,,
All,pub.dev,2025-07-01/2025-12-31,KEYWORD_OTHER,COURT_ORDER,HU,,,,,,,,,,,,,,
All,pub.dev,2025-07-01/2025-12-31,KEYWORD_OTHER,RISK_FOR_PUBLIC_SECURITY,HU,,,,,,,,,,,,,,
All,pub.dev,2025-07-01/2025-12-31,KEYWORD_OTHER,SENSITIVE_EVENTS,HU,,,,,,,,,,,,,,
All,pub.dev,2025-07-01/2025-12-31,KEYWORD_OTHER,VIOLENT_EXTREMISM,HU,,,,,,,,,,,,,,
All,pub.dev,2025-07-01/2025-12-31,KEYWORD_OTHER,WRONGFUL_OR_UNAUTHORIZED_USE_OF_SYMBOLS,HU,,,,,,,,,,,,,,
All,pub.dev,2025-07-01/2025-12-31,STATEMENT_CATEGORY_SCAMS_AND_FRAUD,,HU,,,,,,,,,,,,,,
All,pub.dev,2025-07-01/2025-12-31,KEYWORD_IMPERSONATION_ACCOUNT_HIJACKING,,HU,,,,,,,,,,,,,,
All,pub.dev,2025-07-01/2025-12-31,KEYWORD_INAUTHENTIC_ACCOUNTS,,HU,,,,,,,,,,,,,,
All,pub.dev,2025-07-01/2025-12-31,KEYWORD_INAUTHENTIC_LISTINGS,,HU,,,,,,,,,,,,,,
All,pub.dev,2025-07-01/2025-12-31,KEYWORD_INAUTHENTIC_USER_REVIEWS,,HU,,,,,,,,,,,,,,
All,pub.dev,2025-07-01/2025-12-31,KEYWORD_PHISHING,,HU,,,,,,,,,,,,,,
All,pub.dev,2025-07-01/2025-12-31,KEYWORD_PYRAMID_SCHEMES,,HU,,,,,,,,,,,,,,
All,pub.dev,2025-07-01/2025-12-31,KEYWORD_OTHER,AD_FRAUD_POLICY,HU,,,,,,,,,,,,,,
All,pub.dev,2025-07-01/2025-12-31,KEYWORD_OTHER,ENCOURAGEMENT_OF_DIGITAL_SECURITY_OR_TERMS_OF_SERVICE_VIOLATIONS,HU,,,,,,,,,,,,,,
All,pub.dev,2025-07-01/2025-12-31,KEYWORD_OTHER,FRAUD,HU,,,,,,,,,,,,,,
All,pub.dev,2025-07-01/2025-12-31,KEYWORD_OTHER,MALWARE,HU,,,,,,,,,,,,,,
All,pub.dev,2025-07-01/2025-12-31,KEYWORD_OTHER,MALWARE_AND_PHISHING,HU,,,,,,,,,,,,,,
All,pub.dev,2025-07-01/2025-12-31,KEYWORD_OTHER,MALWARE_AND_SYSTEM_CIRCUMVENTION,HU,,,,,,,,,,,,,,
All,pub.dev,2025-07-01/2025-12-31,KEYWORD_OTHER,MISREPRESENTATION,HU,,,,,,,,,,,,,,
All,pub.dev,2025-07-01/2025-12-31,KEYWORD_OTHER,SCAMS,HU,,,,,,,,,,,,,,
All,pub.dev,2025-07-01/2025-12-31,KEYWORD_OTHER,SOCIAL_ENGINEERING_TACTICS,HU,,,,,,,,,,,,,,
All,pub.dev,2025-07-01/2025-12-31,STATEMENT_CATEGORY_SELF_HARM,,HU,,,,,,,,,,,,,,
All,pub.dev,2025-07-01/2025-12-31,KEYWORD_CONTENT_PROMOTING_EATING_DISORDERS,,HU,,,,,,,,,,,,,,
All,pub.dev,2025-07-01/2025-12-31,KEYWORD_SELF_MUTILATION,,HU,,,,,,,,,,,,,,
All,pub.dev,2025-07-01/2025-12-31,KEYWORD_SUICIDE,,HU,,,,,,,,,,,,,,
All,pub.dev,2025-07-01/2025-12-31,KEYWORD_OTHER,SELF_HARM,HU,,,,,,,,,,,,,,
All,pub.dev,2025-07-01/2025-12-31,KEYWORD_OTHER,SUICIDE_AND_SELF_HARM,HU,,,,,,,,,,,,,,
All,pub.dev,2025-07-01/2025-12-31,STATEMENT_CATEGORY_UNSAFE_AND_PROHIBITED_PRODUCTS,,HU,,,,,,,,,,,,,,
All,pub.dev,2025-07-01/2025-12-31,KEYWORD_PROHIBITED_PRODUCTS,,HU,,,,,,,,,,,,,,
All,pub.dev,2025-07-01/2025-12-31,KEYWORD_UNSAFE_PRODUCTS,,HU,,,,,,,,,,,,,,
All,pub.dev,2025-07-01/2025-12-31,KEYWORD_OTHER,COURT_ORDER,HU,,,,,,,,,,,,,,
All,pub.dev,2025-07-01/2025-12-31,KEYWORD_OTHER,ENABLING_DISHONEST_BEHAVIOR,HU,,,,,,,,,,,,,,
All,pub.dev,2025-07-01/2025-12-31,KEYWORD_OTHER,FIREARMS_AND_ILLEGAL_REGULATED_GOODS_OR_SERVICES,HU,,,,,,,,,,,,,,
All,pub.dev,2025-07-01/2025-12-31,KEYWORD_OTHER,OTHER_LEGAL_NOTICES_OR_ORDERS,HU,,,,,,,,,,,,,,
All,pub.dev,2025-07-01/2025-12-31,KEYWORD_OTHER,UNAUTHORIZED_PHARMACIES,HU,,,,,,,,,,,,,,
All,pub.dev,2025-07-01/2025-12-31,STATEMENT_CATEGORY_VIOLENCE,,HU,,,,,,,,,,,,,,
All,pub.dev,2025-07-01/2025-12-31,KEYWORD_COORDINATED_HARM,,HU,,,,,,,,,,,,,,
All,pub.dev,2025-07-01/2025-12-31,KEYWORD_INCITEMENT_VIOLENCE_HATRED,,HU,,,,,,,,,,,,,,
All,pub.dev,2025-07-01/2025-12-31,KEYWORD_HUMAN_EXPLOITATION,,HU,,,,,,,,,,,,,,
All,pub.dev,2025-07-01/2025-12-31,KEYWORD_HUMAN_TRAFFICKING,,HU,,,,,,,,,,,,,,
All,pub.dev,2025-07-01/2025-12-31,KEYWORD_TRAFFICKING_WOMEN_GIRLS,,HU,,,,,,,,,,,,,,
All,pub.dev,2025-07-01/2025-12-31,KEYWORD_OTHER,DEPICTION_OF VIOLENCE,HU,,,,,,,,,,,,,,
All,pub.dev,2025-07-01/2025-12-31,KEYWORD_OTHER,SHOCKING_CONTENT,HU,,,,,,,,,,,,,,
All,pub.dev,2025-07-01/2025-12-31,KEYWORD_OTHER,VIOLENT_OR_GRAPHIC_CONTENT,HU,,,,,,,,,,,,,,
All,pub.dev,2025-07-01/2025-12-31,STATEMENT_CATEGORY_NOT_SPECIFIED_ORDER,,HU,,,,,,,,,,,,,,
All,pub.dev,2025-07-01/2025-12-31,TOTAL,,IE,,,,,,,,,,,,,,
All,pub.dev,2025-07-01/2025-12-31,STATEMENT_CATEGORY_ANIMAL_WELFARE,,IE,,,,,,,,,,,,,,
All,pub.dev,2025-07-01/2025-12-31,KEYWORD_ANIMAL_HARM,,IE,,,,,,,,,,,,,,
All,pub.dev,2025-07-01/2025-12-31,KEYWORD_UNLAWFUL_SALE_ANIMALS,,IE,,,,,,,,,,,,,,
All,pub.dev,2025-07-01/2025-12-31,KEYWORD_OTHER,ANIMAL_CRUELTY,IE,,,,,,,,,,,,,,
All,pub.dev,2025-07-01/2025-12-31,KEYWORD_OTHER,ANIMAL_HARM_AND_UNLAWFUL_SALE,IE,,,,,,,,,,,,,,
All,pub.dev,2025-07-01/2025-12-31,STATEMENT_CATEGORY_CONSUMER_INFORMATION,,IE,,,,,,,,,,,,,,
All,pub.dev,2025-07-01/2025-12-31,KEYWORD_HIDDEN_ADVERTISEMENT,,IE,,,,,,,,,,,,,,
All,pub.dev,2025-07-01/2025-12-31,KEYWORD_INSUFFICIENT_INFORMATION_ON_TRADERS,,IE,,,,,,,,,,,,,,
All,pub.dev,2025-07-01/2025-12-31,KEYWORD_MISLEADING_INFO_GOODS_SERVICES,,IE,,,,,,,,,,,,,,
All,pub.dev,2025-07-01/2025-12-31,KEYWORD_MISLEADING_INFO_CONSUMER_RIGHTS,,IE,,,,,,,,,,,,,,
All,pub.dev,2025-07-01/2025-12-31,KEYWORD_NONCOMPLIANCE_PRICING,,IE,,,,,,,,,,,,,,
All,pub.dev,2025-07-01/2025-12-31,KEYWORD_OTHER,CONSUMER_PROTECTION,IE,,,,,,,,,,,,,,
All,pub.dev,2025-07-01/2025-12-31,KEYWORD_OTHER,MISREPRESENTATION,IE,,,,,,,,,,,,,,
All,pub.dev,2025-07-01/2025-12-31,STATEMENT_CATEGORY_CYBER_VIOLENCE,,IE,,,,,,,,,,,,,,
All,pub.dev,2025-07-01/2025-12-31,KEYWORD_CYBER_BULLYING_INTIMIDATION,,IE,,,,,,,,,,,,,,
All,pub.dev,2025-07-01/2025-12-31,KEYWORD_CYBER_HARASSMENT,,IE,,,,,,,,,,,,,,
All,pub.dev,2025-07-01/2025-12-31,KEYWORD_CYBER_INCITEMENT,,IE,,,,,,,,,,,,,,
All,pub.dev,2025-07-01/2025-12-31,KEYWORD_CYBER_STALKING,,IE,,,,,,,,,,,,,,
All,pub.dev,2025-07-01/2025-12-31,KEYWORD_NON_CONSENSUAL_IMAGE_SHARING,,IE,,,,,,,,,,,,,,
All,pub.dev,2025-07-01/2025-12-31,KEYWORD_NON_CONSENSUAL_MATERIAL_DEEPFAKE,,IE,,,,,,,,,,,,,,
All,pub.dev,2025-07-01/2025-12-31,KEYWORD_OTHER,DOXING,IE,,,,,,,,,,,,,,
All,pub.dev,2025-07-01/2025-12-31,KEYWORD_OTHER,HARASSMENT,IE,,,,,,,,,,,,,,
All,pub.dev,2025-07-01/2025-12-31,KEYWORD_OTHER,HARASSMENT_AND_CYBERBULLYING,IE,,,,,,,,,,,,,,
All,pub.dev,2025-07-01/2025-12-31,KEYWORD_OTHER,HARMFUL_ACTIVITIES,IE,,,,,,,,,,,,,,
All,pub.dev,2025-07-01/2025-12-31,KEYWORD_OTHER,SEXUAL_HARASSMENT,IE,,,,,,,,,,,,,,
All,pub.dev,2025-07-01/2025-12-31,KEYWORD_OTHER,OBSCENITY_OR_PORNOGRAPHY,IE,,,,,,,,,,,,,,
All,pub.dev,2025-07-01/2025-12-31,KEYWORD_OTHER,UNSAFE_CONTENT,IE,,,,,,,,,,,,,,
All,pub.dev,2025-07-01/2025-12-31,STATEMENT_CATEGORY_CYBER_VIOLENCE_AGAINST_WOMEN,,IE,,,,,,,,,,,,,,
All,pub.dev,2025-07-01/2025-12-31,KEYWORD_BULLYING_AGAINST_GIRLS,,IE,,,,,,,,,,,,,,
All,pub.dev,2025-07-01/2025-12-31,KEYWORD_CYBER_HARASSMENT_AGAINST_WOMEN,,IE,,,,,,,,,,,,,,
All,pub.dev,2025-07-01/2025-12-31,KEYWORD_CYBER_STALKING_AGAINST_WOMEN,,IE,,,,,,,,,,,,,,
All,pub.dev,2025-07-01/2025-12-31,KEYWORD_FEMALE_GENDERED_DISINFORMATION,,IE,,,,,,,,,,,,,,
All,pub.dev,2025-07-01/2025-12-31,KEYWORD_INCITEMENT_AGAINST_WOMEN,,IE,,,,,,,,,,,,,,
All,pub.dev,2025-07-01/2025-12-31,KEYWORD_NON_CONSENSUAL_IMAGE_SHARING_AGAINST_WOMEN,,IE,,,,,,,,,,,,,,
All,pub.dev,2025-07-01/2025-12-31,KEYWORD_NON_CONSENSUAL_MATERIAL_DEEPFAKE_AGAINST_WOMEN,,IE,,,,,,,,,,,,,,
All,pub.dev,2025-07-01/2025-12-31,KEYWORD_OTHER,"Text to detail the ""Other"" keyword.",IE,,,,,,,,,,,,,,
All,pub.dev,2025-07-01/2025-12-31,STATEMENT_CATEGORY_DATA_PROTECTION_AND_PRIVACY_VIOLATIONS,,IE,,,,,,,,,,,,,,
All,pub.dev,2025-07-01/2025-12-31,KEYWORD_BIOMETRIC_DATA_BREACH,,IE,,,,,,,,,,,,,,
All,pub.dev,2025-07-01/2025-12-31,KEYWORD_DATA_FALSIFICATION,,IE,,,,,,,,,,,,,,
All,pub.dev,2025-07-01/2025-12-31,KEYWORD_MISSING_PROCESSING_GROUND,,IE,,,,,,,,,,,,,,
All,pub.dev,2025-07-01/2025-12-31,KEYWORD_RIGHT_TO_BE_FORGOTTEN,,IE,,,,,,,,,,,,,,
All,pub.dev,2025-07-01/2025-12-31,KEYWORD_OTHER,DATA_COLLECTION_AND_USE,IE,,,,,,,,,,,,,,
All,pub.dev,2025-07-01/2025-12-31,KEYWORD_OTHER,DISCLOSURE_AND_CONSENT_PRACTICES,IE,,,,,,,,,,,,,,
All,pub.dev,2025-07-01/2025-12-31,KEYWORD_OTHER,GDPR,IE,,,,,,,,,,,,,,
All,pub.dev,2025-07-01/2025-12-31,KEYWORD_OTHER,PERSONAL_INFORMATION,IE,,,,,,,,,,,,,,
All,pub.dev,2025-07-01/2025-12-31,KEYWORD_OTHER,PERSONAL_RIGHTS,IE,,,,,,,,,,,,,,
All,pub.dev,2025-07-01/2025-12-31,KEYWORD_OTHER,PERSONALIZED_ADVERTISING,IE,,,,,,,,,,,,,,
All,pub.dev,2025-07-01/2025-12-31,KEYWORD_OTHER,PRIVACY,IE,,,,,,,,,,,,,,
All,pub.dev,2025-07-01/2025-12-31,KEYWORD_OTHER,PRIVACY_POLICY,IE,,,,,,,,,,,,,,
All,pub.dev,2025-07-01/2025-12-31,KEYWORD_OTHER,UNSECURE_DATA_HANDLING,IE,,,,,,,,,,,,,,
All,pub.dev,2025-07-01/2025-12-31,STATEMENT_CATEGORY_ILLEGAL_OR_HARMFUL_SPEECH,,IE,,,,,,,,,,,,,,
All,pub.dev,2025-07-01/2025-12-31,KEYWORD_DEFAMATION,,IE,,,,,,,,,,,,,,
All,pub.dev,2025-07-01/2025-12-31,KEYWORD_DISCRIMINATION,,IE,,,,,,,,,,,,,,
All,pub.dev,2025-07-01/2025-12-31,KEYWORD_HATE_SPEECH,,IE,,,,,,,,,,,,,,
All,pub.dev,2025-07-01/2025-12-31,KEYWORD_OTHER,HATEFUL_OR_ABUSIVE,IE,,,,,,,,,,,,,,
All,pub.dev,2025-07-01/2025-12-31,KEYWORD_OTHER,ILLEGAL_OR_HARMFUL_SPEECH,IE,,,,,,,,,,,,,,
All,pub.dev,2025-07-01/2025-12-31,KEYWORD_OTHER,OBSCENITY_AND_PROFANITY,IE,,,,,,,,,,,,,,
All,pub.dev,2025-07-01/2025-12-31,KEYWORD_OTHER,OFFENSIVE_CONTENT,IE,,,,,,,,,,,,,,
All,pub.dev,2025-07-01/2025-12-31,KEYWORD_OTHER,UNSAFE_CONTENT,IE,,,,,,,,,,,,,,
All,pub.dev,2025-07-01/2025-12-31,STATEMENT_CATEGORY_INTELLECTUAL_PROPERTY_INFRINGEMENTS,,IE,,,,,,,,,,,,,,
All,pub.dev,2025-07-01/2025-12-31,KEYWORD_COPYRIGHT_INFRINGEMENT,,IE,,,,,,,,,,,,,,
All,pub.dev,2025-07-01/2025-12-31,KEYWORD_DESIGN_INFRINGEMENT,,IE,,,,,,,,,,,,,,
All,pub.dev,2025-07-01/2025-12-31,KEYWORD_GEOGRAPHIC_INDICATIONS_INFRINGEMENT,,IE,,,,,,,,,,,,,,
All,pub.dev,2025-07-01/2025-12-31,KEYWORD_PATENT_INFRINGEMENT,,IE,,,,,,,,,,,,,,
All,pub.dev,2025-07-01/2025-12-31,KEYWORD_TRADE_SECRET_INFRINGEMENT,,IE,,,,,,,,,,,,,,
All,pub.dev,2025-07-01/2025-12-31,KEYWORD_TRADEMARK_INFRINGEMENT,,IE,,,,,,,,,,,,,,
All,pub.dev,2025-07-01/2025-12-31,KEYWORD_OTHER,CIRCUMVENTION,IE,,,,,,,,,,,,,,
All,pub.dev,2025-07-01/2025-12-31,KEYWORD_OTHER,INTELLECTUAL PROPERTY,IE,,,,,,,,,,,,,,
All,pub.dev,2025-07-01/2025-12-31,STATEMENT_CATEGORY_NEGATIVE_EFFECTS_ON_CIVIC_DISCOURSE_OR_ELECTIONS,,IE,,,,,,,,,,,,,,
All,pub.dev,2025-07-01/2025-12-31,KEYWORD_MISINFORMATION_DISINFORMATION,,IE,,,,,,,,,,,,,,
All,pub.dev,2025-07-01/2025-12-31,KEYWORD_VIOLATION_EU_LAW,,IE,,,,,,,,,,,,,,
All,pub.dev,2025-07-01/2025-12-31,KEYWORD_VIOLATION_NATIONAL_LAW,,IE,,,,,,,,,,,,,,
All,pub.dev,2025-07-01/2025-12-31,KEYWORD_OTHER,ELECTORAL,IE,,,,,,,,,,,,,,
All,pub.dev,2025-07-01/2025-12-31,KEYWORD_OTHER,HACKED_POLITICAL_MATERIALS,IE,,,,,,,,,,,,,,
All,pub.dev,2025-07-01/2025-12-31,KEYWORD_OTHER,POLITICAL_CONTENT,IE,,,,,,,,,,,,,,
All,pub.dev,2025-07-01/2025-12-31,KEYWORD_OTHER,SOCIAL_STABILITY,IE,,,,,,,,,,,,,,
All,pub.dev,2025-07-01/2025-12-31,KEYWORD_OTHER,SOCIETAL_VALUES,IE,,,,,,,,,,,,,,
All,pub.dev,2025-07-01/2025-12-31,STATEMENT_CATEGORY_PROTECTION_OF_MINORS,,IE,,,,,,,,,,,,,,
All,pub.dev,2025-07-01/2025-12-31,KEYWORD_AGE_SPECIFIC_RESTRICTIONS_MINORS,,IE,,,,,,,,,,,,,,
All,pub.dev,2025-07-01/2025-12-31,KEYWORD_CHILD_SEXUAL_ABUSE_MATERIAL,,IE,,,,,,,,,,,,,,
All,pub.dev,2025-07-01/2025-12-31,KEYWORD_CHILD_SEXUAL_ABUSE_MATERIAL_DEEPFAKE,,IE,,,,,,,,,,,,,,
All,pub.dev,2025-07-01/2025-12-31,KEYWORD_GROOMING_SEXUAL_ENTICEMENT_MINORS,,IE,,,,,,,,,,,,,,
All,pub.dev,2025-07-01/2025-12-31,KEYWORD_UNSAFE_CHALLENGES,,IE,,,,,,,,,,,,,,
All,pub.dev,2025-07-01/2025-12-31,KEYWORD_OTHER,CHILD_ENDANGERMENT,IE,,,,,,,,,,,,,,
All,pub.dev,2025-07-01/2025-12-31,KEYWORD_OTHER,CHILD_SAFETY,IE,,,,,,,,,,,,,,
All,pub.dev,2025-07-01/2025-12-31,KEYWORD_OTHER,HARMFUL_OR_DANGEROUS_ACTS_CHALLENGES_AND_PRANKS,IE,,,,,,,,,,,,,,
All,pub.dev,2025-07-01/2025-12-31,KEYWORD_OTHER,KNOWN_SERIES,IE,,,,,,,,,,,,,,
All,pub.dev,2025-07-01/2025-12-31,KEYWORD_OTHER,PROTECTION_OF_MINORS,IE,,,,,,,,,,,,,,
All,pub.dev,2025-07-01/2025-12-31,KEYWORD_OTHER,UNAUTHORIZED_IMAGE_OF_MINORS,IE,,,,,,,,,,,,,,
All,pub.dev,2025-07-01/2025-12-31,STATEMENT_CATEGORY_RISK_FOR_PUBLIC_SECURITY,,IE,,,,,,,,,,,,,,
All,pub.dev,2025-07-01/2025-12-31,KEYWORD_ILLEGAL_ORGANIZATIONS,,IE,,,,,,,,,,,,,,
All,pub.dev,2025-07-01/2025-12-31,KEYWORD_RISK_ENVIRONMENTAL_DAMAGE,,IE,,,,,,,,,,,,,,
All,pub.dev,2025-07-01/2025-12-31,KEYWORD_RISK_PUBLIC_HEALTH,,IE,,,,,,,,,,,,,,
All,pub.dev,2025-07-01/2025-12-31,KEYWORD_TERRORIST_CONTENT,,IE,,,,,,,,,,,,,,
All,pub.dev,2025-07-01/2025-12-31,KEYWORD_OTHER,COURT_ORDER,IE,,,,,,,,,,,,,,
All,pub.dev,2025-07-01/2025-12-31,KEYWORD_OTHER,RISK_FOR_PUBLIC_SECURITY,IE,,,,,,,,,,,,,,
All,pub.dev,2025-07-01/2025-12-31,KEYWORD_OTHER,SENSITIVE_EVENTS,IE,,,,,,,,,,,,,,
All,pub.dev,2025-07-01/2025-12-31,KEYWORD_OTHER,VIOLENT_EXTREMISM,IE,,,,,,,,,,,,,,
All,pub.dev,2025-07-01/2025-12-31,KEYWORD_OTHER,WRONGFUL_OR_UNAUTHORIZED_USE_OF_SYMBOLS,IE,,,,,,,,,,,,,,
All,pub.dev,2025-07-01/2025-12-31,STATEMENT_CATEGORY_SCAMS_AND_FRAUD,,IE,,,,,,,,,,,,,,
All,pub.dev,2025-07-01/2025-12-31,KEYWORD_IMPERSONATION_ACCOUNT_HIJACKING,,IE,,,,,,,,,,,,,,
All,pub.dev,2025-07-01/2025-12-31,KEYWORD_INAUTHENTIC_ACCOUNTS,,IE,,,,,,,,,,,,,,
All,pub.dev,2025-07-01/2025-12-31,KEYWORD_INAUTHENTIC_LISTINGS,,IE,,,,,,,,,,,,,,
All,pub.dev,2025-07-01/2025-12-31,KEYWORD_INAUTHENTIC_USER_REVIEWS,,IE,,,,,,,,,,,,,,
All,pub.dev,2025-07-01/2025-12-31,KEYWORD_PHISHING,,IE,,,,,,,,,,,,,,
All,pub.dev,2025-07-01/2025-12-31,KEYWORD_PYRAMID_SCHEMES,,IE,,,,,,,,,,,,,,
All,pub.dev,2025-07-01/2025-12-31,KEYWORD_OTHER,AD_FRAUD_POLICY,IE,,,,,,,,,,,,,,
All,pub.dev,2025-07-01/2025-12-31,KEYWORD_OTHER,ENCOURAGEMENT_OF_DIGITAL_SECURITY_OR_TERMS_OF_SERVICE_VIOLATIONS,IE,,,,,,,,,,,,,,
All,pub.dev,2025-07-01/2025-12-31,KEYWORD_OTHER,FRAUD,IE,,,,,,,,,,,,,,
All,pub.dev,2025-07-01/2025-12-31,KEYWORD_OTHER,MALWARE,IE,,,,,,,,,,,,,,
All,pub.dev,2025-07-01/2025-12-31,KEYWORD_OTHER,MALWARE_AND_PHISHING,IE,,,,,,,,,,,,,,
All,pub.dev,2025-07-01/2025-12-31,KEYWORD_OTHER,MALWARE_AND_SYSTEM_CIRCUMVENTION,IE,,,,,,,,,,,,,,
All,pub.dev,2025-07-01/2025-12-31,KEYWORD_OTHER,MISREPRESENTATION,IE,,,,,,,,,,,,,,
All,pub.dev,2025-07-01/2025-12-31,KEYWORD_OTHER,SCAMS,IE,,,,,,,,,,,,,,
All,pub.dev,2025-07-01/2025-12-31,KEYWORD_OTHER,SOCIAL_ENGINEERING_TACTICS,IE,,,,,,,,,,,,,,
All,pub.dev,2025-07-01/2025-12-31,STATEMENT_CATEGORY_SELF_HARM,,IE,,,,,,,,,,,,,,
All,pub.dev,2025-07-01/2025-12-31,KEYWORD_CONTENT_PROMOTING_EATING_DISORDERS,,IE,,,,,,,,,,,,,,
All,pub.dev,2025-07-01/2025-12-31,KEYWORD_SELF_MUTILATION,,IE,,,,,,,,,,,,,,
All,pub.dev,2025-07-01/2025-12-31,KEYWORD_SUICIDE,,IE,,,,,,,,,,,,,,
All,pub.dev,2025-07-01/2025-12-31,KEYWORD_OTHER,SELF_HARM,IE,,,,,,,,,,,,,,
All,pub.dev,2025-07-01/2025-12-31,KEYWORD_OTHER,SUICIDE_AND_SELF_HARM,IE,,,,,,,,,,,,,,
All,pub.dev,2025-07-01/2025-12-31,STATEMENT_CATEGORY_UNSAFE_AND_PROHIBITED_PRODUCTS,,IE,,,,,,,,,,,,,,
All,pub.dev,2025-07-01/2025-12-31,KEYWORD_PROHIBITED_PRODUCTS,,IE,,,,,,,,,,,,,,
All,pub.dev,2025-07-01/2025-12-31,KEYWORD_UNSAFE_PRODUCTS,,IE,,,,,,,,,,,,,,
All,pub.dev,2025-07-01/2025-12-31,KEYWORD_OTHER,COURT_ORDER,IE,,,,,,,,,,,,,,
All,pub.dev,2025-07-01/2025-12-31,KEYWORD_OTHER,ENABLING_DISHONEST_BEHAVIOR,IE,,,,,,,,,,,,,,
All,pub.dev,2025-07-01/2025-12-31,KEYWORD_OTHER,FIREARMS_AND_ILLEGAL_REGULATED_GOODS_OR_SERVICES,IE,,,,,,,,,,,,,,
All,pub.dev,2025-07-01/2025-12-31,KEYWORD_OTHER,OTHER_LEGAL_NOTICES_OR_ORDERS,IE,,,,,,,,,,,,,,
All,pub.dev,2025-07-01/2025-12-31,KEYWORD_OTHER,UNAUTHORIZED_PHARMACIES,IE,,,,,,,,,,,,,,
All,pub.dev,2025-07-01/2025-12-31,STATEMENT_CATEGORY_VIOLENCE,,IE,,,,,,,,,,,,,,
All,pub.dev,2025-07-01/2025-12-31,KEYWORD_COORDINATED_HARM,,IE,,,,,,,,,,,,,,
All,pub.dev,2025-07-01/2025-12-31,KEYWORD_INCITEMENT_VIOLENCE_HATRED,,IE,,,,,,,,,,,,,,
All,pub.dev,2025-07-01/2025-12-31,KEYWORD_HUMAN_EXPLOITATION,,IE,,,,,,,,,,,,,,
All,pub.dev,2025-07-01/2025-12-31,KEYWORD_HUMAN_TRAFFICKING,,IE,,,,,,,,,,,,,,
All,pub.dev,2025-07-01/2025-12-31,KEYWORD_TRAFFICKING_WOMEN_GIRLS,,IE,,,,,,,,,,,,,,
All,pub.dev,2025-07-01/2025-12-31,KEYWORD_OTHER,DEPICTION_OF VIOLENCE,IE,,,,,,,,,,,,,,
All,pub.dev,2025-07-01/2025-12-31,KEYWORD_OTHER,SHOCKING_CONTENT,IE,,,,,,,,,,,,,,
All,pub.dev,2025-07-01/2025-12-31,KEYWORD_OTHER,VIOLENT_OR_GRAPHIC_CONTENT,IE,,,,,,,,,,,,,,
All,pub.dev,2025-07-01/2025-12-31,STATEMENT_CATEGORY_NOT_SPECIFIED_ORDER,,IE,,,,,,,,,,,,,,
All,pub.dev,2025-07-01/2025-12-31,TOTAL,,IT,,,,,,,,,,,,,,
All,pub.dev,2025-07-01/2025-12-31,STATEMENT_CATEGORY_ANIMAL_WELFARE,,IT,,,,,,,,,,,,,,
All,pub.dev,2025-07-01/2025-12-31,KEYWORD_ANIMAL_HARM,,IT,,,,,,,,,,,,,,
All,pub.dev,2025-07-01/2025-12-31,KEYWORD_UNLAWFUL_SALE_ANIMALS,,IT,,,,,,,,,,,,,,
All,pub.dev,2025-07-01/2025-12-31,KEYWORD_OTHER,ANIMAL_CRUELTY,IT,,,,,,,,,,,,,,
All,pub.dev,2025-07-01/2025-12-31,KEYWORD_OTHER,ANIMAL_HARM_AND_UNLAWFUL_SALE,IT,,,,,,,,,,,,,,
All,pub.dev,2025-07-01/2025-12-31,STATEMENT_CATEGORY_CONSUMER_INFORMATION,,IT,,,,,,,,,,,,,,
All,pub.dev,2025-07-01/2025-12-31,KEYWORD_HIDDEN_ADVERTISEMENT,,IT,,,,,,,,,,,,,,
All,pub.dev,2025-07-01/2025-12-31,KEYWORD_INSUFFICIENT_INFORMATION_ON_TRADERS,,IT,,,,,,,,,,,,,,
All,pub.dev,2025-07-01/2025-12-31,KEYWORD_MISLEADING_INFO_GOODS_SERVICES,,IT,,,,,,,,,,,,,,
All,pub.dev,2025-07-01/2025-12-31,KEYWORD_MISLEADING_INFO_CONSUMER_RIGHTS,,IT,,,,,,,,,,,,,,
All,pub.dev,2025-07-01/2025-12-31,KEYWORD_NONCOMPLIANCE_PRICING,,IT,,,,,,,,,,,,,,
All,pub.dev,2025-07-01/2025-12-31,KEYWORD_OTHER,CONSUMER_PROTECTION,IT,,,,,,,,,,,,,,
All,pub.dev,2025-07-01/2025-12-31,KEYWORD_OTHER,MISREPRESENTATION,IT,,,,,,,,,,,,,,
All,pub.dev,2025-07-01/2025-12-31,STATEMENT_CATEGORY_CYBER_VIOLENCE,,IT,,,,,,,,,,,,,,
All,pub.dev,2025-07-01/2025-12-31,KEYWORD_CYBER_BULLYING_INTIMIDATION,,IT,,,,,,,,,,,,,,
All,pub.dev,2025-07-01/2025-12-31,KEYWORD_CYBER_HARASSMENT,,IT,,,,,,,,,,,,,,
All,pub.dev,2025-07-01/2025-12-31,KEYWORD_CYBER_INCITEMENT,,IT,,,,,,,,,,,,,,
All,pub.dev,2025-07-01/2025-12-31,KEYWORD_CYBER_STALKING,,IT,,,,,,,,,,,,,,
All,pub.dev,2025-07-01/2025-12-31,KEYWORD_NON_CONSENSUAL_IMAGE_SHARING,,IT,,,,,,,,,,,,,,
All,pub.dev,2025-07-01/2025-12-31,KEYWORD_NON_CONSENSUAL_MATERIAL_DEEPFAKE,,IT,,,,,,,,,,,,,,
All,pub.dev,2025-07-01/2025-12-31,KEYWORD_OTHER,DOXING,IT,,,,,,,,,,,,,,
All,pub.dev,2025-07-01/2025-12-31,KEYWORD_OTHER,HARASSMENT,IT,,,,,,,,,,,,,,
All,pub.dev,2025-07-01/2025-12-31,KEYWORD_OTHER,HARASSMENT_AND_CYBERBULLYING,IT,,,,,,,,,,,,,,
All,pub.dev,2025-07-01/2025-12-31,KEYWORD_OTHER,HARMFUL_ACTIVITIES,IT,,,,,,,,,,,,,,
All,pub.dev,2025-07-01/2025-12-31,KEYWORD_OTHER,SEXUAL_HARASSMENT,IT,,,,,,,,,,,,,,
All,pub.dev,2025-07-01/2025-12-31,KEYWORD_OTHER,OBSCENITY_OR_PORNOGRAPHY,IT,,,,,,,,,,,,,,
All,pub.dev,2025-07-01/2025-12-31,KEYWORD_OTHER,UNSAFE_CONTENT,IT,,,,,,,,,,,,,,
All,pub.dev,2025-07-01/2025-12-31,STATEMENT_CATEGORY_CYBER_VIOLENCE_AGAINST_WOMEN,,IT,,,,,,,,,,,,,,
All,pub.dev,2025-07-01/2025-12-31,KEYWORD_BULLYING_AGAINST_GIRLS,,IT,,,,,,,,,,,,,,
All,pub.dev,2025-07-01/2025-12-31,KEYWORD_CYBER_HARASSMENT_AGAINST_WOMEN,,IT,,,,,,,,,,,,,,
All,pub.dev,2025-07-01/2025-12-31,KEYWORD_CYBER_STALKING_AGAINST_WOMEN,,IT,,,,,,,,,,,,,,
All,pub.dev,2025-07-01/2025-12-31,KEYWORD_FEMALE_GENDERED_DISINFORMATION,,IT,,,,,,,,,,,,,,
All,pub.dev,2025-07-01/2025-12-31,KEYWORD_INCITEMENT_AGAINST_WOMEN,,IT,,,,,,,,,,,,,,
All,pub.dev,2025-07-01/2025-12-31,KEYWORD_NON_CONSENSUAL_IMAGE_SHARING_AGAINST_WOMEN,,IT,,,,,,,,,,,,,,
All,pub.dev,2025-07-01/2025-12-31,KEYWORD_NON_CONSENSUAL_MATERIAL_DEEPFAKE_AGAINST_WOMEN,,IT,,,,,,,,,,,,,,
All,pub.dev,2025-07-01/2025-12-31,KEYWORD_OTHER,"Text to detail the ""Other"" keyword.",IT,,,,,,,,,,,,,,
All,pub.dev,2025-07-01/2025-12-31,STATEMENT_CATEGORY_DATA_PROTECTION_AND_PRIVACY_VIOLATIONS,,IT,,,,,,,,,,,,,,
All,pub.dev,2025-07-01/2025-12-31,KEYWORD_BIOMETRIC_DATA_BREACH,,IT,,,,,,,,,,,,,,
All,pub.dev,2025-07-01/2025-12-31,KEYWORD_DATA_FALSIFICATION,,IT,,,,,,,,,,,,,,
All,pub.dev,2025-07-01/2025-12-31,KEYWORD_MISSING_PROCESSING_GROUND,,IT,,,,,,,,,,,,,,
All,pub.dev,2025-07-01/2025-12-31,KEYWORD_RIGHT_TO_BE_FORGOTTEN,,IT,,,,,,,,,,,,,,
All,pub.dev,2025-07-01/2025-12-31,KEYWORD_OTHER,DATA_COLLECTION_AND_USE,IT,,,,,,,,,,,,,,
All,pub.dev,2025-07-01/2025-12-31,KEYWORD_OTHER,DISCLOSURE_AND_CONSENT_PRACTICES,IT,,,,,,,,,,,,,,
All,pub.dev,2025-07-01/2025-12-31,KEYWORD_OTHER,GDPR,IT,,,,,,,,,,,,,,
All,pub.dev,2025-07-01/2025-12-31,KEYWORD_OTHER,PERSONAL_INFORMATION,IT,,,,,,,,,,,,,,
All,pub.dev,2025-07-01/2025-12-31,KEYWORD_OTHER,PERSONAL_RIGHTS,IT,,,,,,,,,,,,,,
All,pub.dev,2025-07-01/2025-12-31,KEYWORD_OTHER,PERSONALIZED_ADVERTISING,IT,,,,,,,,,,,,,,
All,pub.dev,2025-07-01/2025-12-31,KEYWORD_OTHER,PRIVACY,IT,,,,,,,,,,,,,,
All,pub.dev,2025-07-01/2025-12-31,KEYWORD_OTHER,PRIVACY_POLICY,IT,,,,,,,,,,,,,,
All,pub.dev,2025-07-01/2025-12-31,KEYWORD_OTHER,UNSECURE_DATA_HANDLING,IT,,,,,,,,,,,,,,
All,pub.dev,2025-07-01/2025-12-31,STATEMENT_CATEGORY_ILLEGAL_OR_HARMFUL_SPEECH,,IT,,,,,,,,,,,,,,
All,pub.dev,2025-07-01/2025-12-31,KEYWORD_DEFAMATION,,IT,,,,,,,,,,,,,,
All,pub.dev,2025-07-01/2025-12-31,KEYWORD_DISCRIMINATION,,IT,,,,,,,,,,,,,,
All,pub.dev,2025-07-01/2025-12-31,KEYWORD_HATE_SPEECH,,IT,,,,,,,,,,,,,,
All,pub.dev,2025-07-01/2025-12-31,KEYWORD_OTHER,HATEFUL_OR_ABUSIVE,IT,,,,,,,,,,,,,,
All,pub.dev,2025-07-01/2025-12-31,KEYWORD_OTHER,ILLEGAL_OR_HARMFUL_SPEECH,IT,,,,,,,,,,,,,,
All,pub.dev,2025-07-01/2025-12-31,KEYWORD_OTHER,OBSCENITY_AND_PROFANITY,IT,,,,,,,,,,,,,,
All,pub.dev,2025-07-01/2025-12-31,KEYWORD_OTHER,OFFENSIVE_CONTENT,IT,,,,,,,,,,,,,,
All,pub.dev,2025-07-01/2025-12-31,KEYWORD_OTHER,UNSAFE_CONTENT,IT,,,,,,,,,,,,,,
All,pub.dev,2025-07-01/2025-12-31,STATEMENT_CATEGORY_INTELLECTUAL_PROPERTY_INFRINGEMENTS,,IT,,,,,,,,,,,,,,
All,pub.dev,2025-07-01/2025-12-31,KEYWORD_COPYRIGHT_INFRINGEMENT,,IT,,,,,,,,,,,,,,
All,pub.dev,2025-07-01/2025-12-31,KEYWORD_DESIGN_INFRINGEMENT,,IT,,,,,,,,,,,,,,
All,pub.dev,2025-07-01/2025-12-31,KEYWORD_GEOGRAPHIC_INDICATIONS_INFRINGEMENT,,IT,,,,,,,,,,,,,,
All,pub.dev,2025-07-01/2025-12-31,KEYWORD_PATENT_INFRINGEMENT,,IT,,,,,,,,,,,,,,
All,pub.dev,2025-07-01/2025-12-31,KEYWORD_TRADE_SECRET_INFRINGEMENT,,IT,,,,,,,,,,,,,,
All,pub.dev,2025-07-01/2025-12-31,KEYWORD_TRADEMARK_INFRINGEMENT,,IT,,,,,,,,,,,,,,
All,pub.dev,2025-07-01/2025-12-31,KEYWORD_OTHER,CIRCUMVENTION,IT,,,,,,,,,,,,,,
All,pub.dev,2025-07-01/2025-12-31,KEYWORD_OTHER,INTELLECTUAL PROPERTY,IT,,,,,,,,,,,,,,
All,pub.dev,2025-07-01/2025-12-31,STATEMENT_CATEGORY_NEGATIVE_EFFECTS_ON_CIVIC_DISCOURSE_OR_ELECTIONS,,IT,,,,,,,,,,,,,,
All,pub.dev,2025-07-01/2025-12-31,KEYWORD_MISINFORMATION_DISINFORMATION,,IT,,,,,,,,,,,,,,
All,pub.dev,2025-07-01/2025-12-31,KEYWORD_VIOLATION_EU_LAW,,IT,,,,,,,,,,,,,,
All,pub.dev,2025-07-01/2025-12-31,KEYWORD_VIOLATION_NATIONAL_LAW,,IT,,,,,,,,,,,,,,
All,pub.dev,2025-07-01/2025-12-31,KEYWORD_OTHER,ELECTORAL,IT,,,,,,,,,,,,,,
All,pub.dev,2025-07-01/2025-12-31,KEYWORD_OTHER,HACKED_POLITICAL_MATERIALS,IT,,,,,,,,,,,,,,
All,pub.dev,2025-07-01/2025-12-31,KEYWORD_OTHER,POLITICAL_CONTENT,IT,,,,,,,,,,,,,,
All,pub.dev,2025-07-01/2025-12-31,KEYWORD_OTHER,SOCIAL_STABILITY,IT,,,,,,,,,,,,,,
All,pub.dev,2025-07-01/2025-12-31,KEYWORD_OTHER,SOCIETAL_VALUES,IT,,,,,,,,,,,,,,
All,pub.dev,2025-07-01/2025-12-31,STATEMENT_CATEGORY_PROTECTION_OF_MINORS,,IT,,,,,,,,,,,,,,
All,pub.dev,2025-07-01/2025-12-31,KEYWORD_AGE_SPECIFIC_RESTRICTIONS_MINORS,,IT,,,,,,,,,,,,,,
All,pub.dev,2025-07-01/2025-12-31,KEYWORD_CHILD_SEXUAL_ABUSE_MATERIAL,,IT,,,,,,,,,,,,,,
All,pub.dev,2025-07-01/2025-12-31,KEYWORD_CHILD_SEXUAL_ABUSE_MATERIAL_DEEPFAKE,,IT,,,,,,,,,,,,,,
All,pub.dev,2025-07-01/2025-12-31,KEYWORD_GROOMING_SEXUAL_ENTICEMENT_MINORS,,IT,,,,,,,,,,,,,,
All,pub.dev,2025-07-01/2025-12-31,KEYWORD_UNSAFE_CHALLENGES,,IT,,,,,,,,,,,,,,
All,pub.dev,2025-07-01/2025-12-31,KEYWORD_OTHER,CHILD_ENDANGERMENT,IT,,,,,,,,,,,,,,
All,pub.dev,2025-07-01/2025-12-31,KEYWORD_OTHER,CHILD_SAFETY,IT,,,,,,,,,,,,,,
All,pub.dev,2025-07-01/2025-12-31,KEYWORD_OTHER,HARMFUL_OR_DANGEROUS_ACTS_CHALLENGES_AND_PRANKS,IT,,,,,,,,,,,,,,
All,pub.dev,2025-07-01/2025-12-31,KEYWORD_OTHER,KNOWN_SERIES,IT,,,,,,,,,,,,,,
All,pub.dev,2025-07-01/2025-12-31,KEYWORD_OTHER,PROTECTION_OF_MINORS,IT,,,,,,,,,,,,,,
All,pub.dev,2025-07-01/2025-12-31,KEYWORD_OTHER,UNAUTHORIZED_IMAGE_OF_MINORS,IT,,,,,,,,,,,,,,
All,pub.dev,2025-07-01/2025-12-31,STATEMENT_CATEGORY_RISK_FOR_PUBLIC_SECURITY,,IT,,,,,,,,,,,,,,
All,pub.dev,2025-07-01/2025-12-31,KEYWORD_ILLEGAL_ORGANIZATIONS,,IT,,,,,,,,,,,,,,
All,pub.dev,2025-07-01/2025-12-31,KEYWORD_RISK_ENVIRONMENTAL_DAMAGE,,IT,,,,,,,,,,,,,,
All,pub.dev,2025-07-01/2025-12-31,KEYWORD_RISK_PUBLIC_HEALTH,,IT,,,,,,,,,,,,,,
All,pub.dev,2025-07-01/2025-12-31,KEYWORD_TERRORIST_CONTENT,,IT,,,,,,,,,,,,,,
All,pub.dev,2025-07-01/2025-12-31,KEYWORD_OTHER,COURT_ORDER,IT,,,,,,,,,,,,,,
All,pub.dev,2025-07-01/2025-12-31,KEYWORD_OTHER,RISK_FOR_PUBLIC_SECURITY,IT,,,,,,,,,,,,,,
All,pub.dev,2025-07-01/2025-12-31,KEYWORD_OTHER,SENSITIVE_EVENTS,IT,,,,,,,,,,,,,,
All,pub.dev,2025-07-01/2025-12-31,KEYWORD_OTHER,VIOLENT_EXTREMISM,IT,,,,,,,,,,,,,,
All,pub.dev,2025-07-01/2025-12-31,KEYWORD_OTHER,WRONGFUL_OR_UNAUTHORIZED_USE_OF_SYMBOLS,IT,,,,,,,,,,,,,,
All,pub.dev,2025-07-01/2025-12-31,STATEMENT_CATEGORY_SCAMS_AND_FRAUD,,IT,,,,,,,,,,,,,,
All,pub.dev,2025-07-01/2025-12-31,KEYWORD_IMPERSONATION_ACCOUNT_HIJACKING,,IT,,,,,,,,,,,,,,
All,pub.dev,2025-07-01/2025-12-31,KEYWORD_INAUTHENTIC_ACCOUNTS,,IT,,,,,,,,,,,,,,
All,pub.dev,2025-07-01/2025-12-31,KEYWORD_INAUTHENTIC_LISTINGS,,IT,,,,,,,,,,,,,,
All,pub.dev,2025-07-01/2025-12-31,KEYWORD_INAUTHENTIC_USER_REVIEWS,,IT,,,,,,,,,,,,,,
All,pub.dev,2025-07-01/2025-12-31,KEYWORD_PHISHING,,IT,,,,,,,,,,,,,,
All,pub.dev,2025-07-01/2025-12-31,KEYWORD_PYRAMID_SCHEMES,,IT,,,,,,,,,,,,,,
All,pub.dev,2025-07-01/2025-12-31,KEYWORD_OTHER,AD_FRAUD_POLICY,IT,,,,,,,,,,,,,,
All,pub.dev,2025-07-01/2025-12-31,KEYWORD_OTHER,ENCOURAGEMENT_OF_DIGITAL_SECURITY_OR_TERMS_OF_SERVICE_VIOLATIONS,IT,,,,,,,,,,,,,,
All,pub.dev,2025-07-01/2025-12-31,KEYWORD_OTHER,FRAUD,IT,,,,,,,,,,,,,,
All,pub.dev,2025-07-01/2025-12-31,KEYWORD_OTHER,MALWARE,IT,,,,,,,,,,,,,,
All,pub.dev,2025-07-01/2025-12-31,KEYWORD_OTHER,MALWARE_AND_PHISHING,IT,,,,,,,,,,,,,,
All,pub.dev,2025-07-01/2025-12-31,KEYWORD_OTHER,MALWARE_AND_SYSTEM_CIRCUMVENTION,IT,,,,,,,,,,,,,,
All,pub.dev,2025-07-01/2025-12-31,KEYWORD_OTHER,MISREPRESENTATION,IT,,,,,,,,,,,,,,
All,pub.dev,2025-07-01/2025-12-31,KEYWORD_OTHER,SCAMS,IT,,,,,,,,,,,,,,
All,pub.dev,2025-07-01/2025-12-31,KEYWORD_OTHER,SOCIAL_ENGINEERING_TACTICS,IT,,,,,,,,,,,,,,
All,pub.dev,2025-07-01/2025-12-31,STATEMENT_CATEGORY_SELF_HARM,,IT,,,,,,,,,,,,,,
All,pub.dev,2025-07-01/2025-12-31,KEYWORD_CONTENT_PROMOTING_EATING_DISORDERS,,IT,,,,,,,,,,,,,,
All,pub.dev,2025-07-01/2025-12-31,KEYWORD_SELF_MUTILATION,,IT,,,,,,,,,,,,,,
All,pub.dev,2025-07-01/2025-12-31,KEYWORD_SUICIDE,,IT,,,,,,,,,,,,,,
All,pub.dev,2025-07-01/2025-12-31,KEYWORD_OTHER,SELF_HARM,IT,,,,,,,,,,,,,,
All,pub.dev,2025-07-01/2025-12-31,KEYWORD_OTHER,SUICIDE_AND_SELF_HARM,IT,,,,,,,,,,,,,,
All,pub.dev,2025-07-01/2025-12-31,STATEMENT_CATEGORY_UNSAFE_AND_PROHIBITED_PRODUCTS,,IT,,,,,,,,,,,,,,
All,pub.dev,2025-07-01/2025-12-31,KEYWORD_PROHIBITED_PRODUCTS,,IT,,,,,,,,,,,,,,
All,pub.dev,2025-07-01/2025-12-31,KEYWORD_UNSAFE_PRODUCTS,,IT,,,,,,,,,,,,,,
All,pub.dev,2025-07-01/2025-12-31,KEYWORD_OTHER,COURT_ORDER,IT,,,,,,,,,,,,,,
All,pub.dev,2025-07-01/2025-12-31,KEYWORD_OTHER,ENABLING_DISHONEST_BEHAVIOR,IT,,,,,,,,,,,,,,
All,pub.dev,2025-07-01/2025-12-31,KEYWORD_OTHER,FIREARMS_AND_ILLEGAL_REGULATED_GOODS_OR_SERVICES,IT,,,,,,,,,,,,,,
All,pub.dev,2025-07-01/2025-12-31,KEYWORD_OTHER,OTHER_LEGAL_NOTICES_OR_ORDERS,IT,,,,,,,,,,,,,,
All,pub.dev,2025-07-01/2025-12-31,KEYWORD_OTHER,UNAUTHORIZED_PHARMACIES,IT,,,,,,,,,,,,,,
All,pub.dev,2025-07-01/2025-12-31,STATEMENT_CATEGORY_VIOLENCE,,IT,,,,,,,,,,,,,,
All,pub.dev,2025-07-01/2025-12-31,KEYWORD_COORDINATED_HARM,,IT,,,,,,,,,,,,,,
All,pub.dev,2025-07-01/2025-12-31,KEYWORD_INCITEMENT_VIOLENCE_HATRED,,IT,,,,,,,,,,,,,,
All,pub.dev,2025-07-01/2025-12-31,KEYWORD_HUMAN_EXPLOITATION,,IT,,,,,,,,,,,,,,
All,pub.dev,2025-07-01/2025-12-31,KEYWORD_HUMAN_TRAFFICKING,,IT,,,,,,,,,,,,,,
All,pub.dev,2025-07-01/2025-12-31,KEYWORD_TRAFFICKING_WOMEN_GIRLS,,IT,,,,,,,,,,,,,,
All,pub.dev,2025-07-01/2025-12-31,KEYWORD_OTHER,DEPICTION_OF VIOLENCE,IT,,,,,,,,,,,,,,
All,pub.dev,2025-07-01/2025-12-31,KEYWORD_OTHER,SHOCKING_CONTENT,IT,,,,,,,,,,,,,,
All,pub.dev,2025-07-01/2025-12-31,KEYWORD_OTHER,VIOLENT_OR_GRAPHIC_CONTENT,IT,,,,,,,,,,,,,,
All,pub.dev,2025-07-01/2025-12-31,STATEMENT_CATEGORY_NOT_SPECIFIED_ORDER,,IT,,,,,,,,,,,,,,
All,pub.dev,2025-07-01/2025-12-31,TOTAL,,LV,,,,,,,,,,,,,,
All,pub.dev,2025-07-01/2025-12-31,STATEMENT_CATEGORY_ANIMAL_WELFARE,,LV,,,,,,,,,,,,,,
All,pub.dev,2025-07-01/2025-12-31,KEYWORD_ANIMAL_HARM,,LV,,,,,,,,,,,,,,
All,pub.dev,2025-07-01/2025-12-31,KEYWORD_UNLAWFUL_SALE_ANIMALS,,LV,,,,,,,,,,,,,,
All,pub.dev,2025-07-01/2025-12-31,KEYWORD_OTHER,ANIMAL_CRUELTY,LV,,,,,,,,,,,,,,
All,pub.dev,2025-07-01/2025-12-31,KEYWORD_OTHER,ANIMAL_HARM_AND_UNLAWFUL_SALE,LV,,,,,,,,,,,,,,
All,pub.dev,2025-07-01/2025-12-31,STATEMENT_CATEGORY_CONSUMER_INFORMATION,,LV,,,,,,,,,,,,,,
All,pub.dev,2025-07-01/2025-12-31,KEYWORD_HIDDEN_ADVERTISEMENT,,LV,,,,,,,,,,,,,,
All,pub.dev,2025-07-01/2025-12-31,KEYWORD_INSUFFICIENT_INFORMATION_ON_TRADERS,,LV,,,,,,,,,,,,,,
All,pub.dev,2025-07-01/2025-12-31,KEYWORD_MISLEADING_INFO_GOODS_SERVICES,,LV,,,,,,,,,,,,,,
All,pub.dev,2025-07-01/2025-12-31,KEYWORD_MISLEADING_INFO_CONSUMER_RIGHTS,,LV,,,,,,,,,,,,,,
All,pub.dev,2025-07-01/2025-12-31,KEYWORD_NONCOMPLIANCE_PRICING,,LV,,,,,,,,,,,,,,
All,pub.dev,2025-07-01/2025-12-31,KEYWORD_OTHER,CONSUMER_PROTECTION,LV,,,,,,,,,,,,,,
All,pub.dev,2025-07-01/2025-12-31,KEYWORD_OTHER,MISREPRESENTATION,LV,,,,,,,,,,,,,,
All,pub.dev,2025-07-01/2025-12-31,STATEMENT_CATEGORY_CYBER_VIOLENCE,,LV,,,,,,,,,,,,,,
All,pub.dev,2025-07-01/2025-12-31,KEYWORD_CYBER_BULLYING_INTIMIDATION,,LV,,,,,,,,,,,,,,
All,pub.dev,2025-07-01/2025-12-31,KEYWORD_CYBER_HARASSMENT,,LV,,,,,,,,,,,,,,
All,pub.dev,2025-07-01/2025-12-31,KEYWORD_CYBER_INCITEMENT,,LV,,,,,,,,,,,,,,
All,pub.dev,2025-07-01/2025-12-31,KEYWORD_CYBER_STALKING,,LV,,,,,,,,,,,,,,
All,pub.dev,2025-07-01/2025-12-31,KEYWORD_NON_CONSENSUAL_IMAGE_SHARING,,LV,,,,,,,,,,,,,,
All,pub.dev,2025-07-01/2025-12-31,KEYWORD_NON_CONSENSUAL_MATERIAL_DEEPFAKE,,LV,,,,,,,,,,,,,,
All,pub.dev,2025-07-01/2025-12-31,KEYWORD_OTHER,DOXING,LV,,,,,,,,,,,,,,
All,pub.dev,2025-07-01/2025-12-31,KEYWORD_OTHER,HARASSMENT,LV,,,,,,,,,,,,,,
All,pub.dev,2025-07-01/2025-12-31,KEYWORD_OTHER,HARASSMENT_AND_CYBERBULLYING,LV,,,,,,,,,,,,,,
All,pub.dev,2025-07-01/2025-12-31,KEYWORD_OTHER,HARMFUL_ACTIVITIES,LV,,,,,,,,,,,,,,
All,pub.dev,2025-07-01/2025-12-31,KEYWORD_OTHER,SEXUAL_HARASSMENT,LV,,,,,,,,,,,,,,
All,pub.dev,2025-07-01/2025-12-31,KEYWORD_OTHER,OBSCENITY_OR_PORNOGRAPHY,LV,,,,,,,,,,,,,,
All,pub.dev,2025-07-01/2025-12-31,KEYWORD_OTHER,UNSAFE_CONTENT,LV,,,,,,,,,,,,,,
All,pub.dev,2025-07-01/2025-12-31,STATEMENT_CATEGORY_CYBER_VIOLENCE_AGAINST_WOMEN,,LV,,,,,,,,,,,,,,
All,pub.dev,2025-07-01/2025-12-31,KEYWORD_BULLYING_AGAINST_GIRLS,,LV,,,,,,,,,,,,,,
All,pub.dev,2025-07-01/2025-12-31,KEYWORD_CYBER_HARASSMENT_AGAINST_WOMEN,,LV,,,,,,,,,,,,,,
All,pub.dev,2025-07-01/2025-12-31,KEYWORD_CYBER_STALKING_AGAINST_WOMEN,,LV,,,,,,,,,,,,,,
All,pub.dev,2025-07-01/2025-12-31,KEYWORD_FEMALE_GENDERED_DISINFORMATION,,LV,,,,,,,,,,,,,,
All,pub.dev,2025-07-01/2025-12-31,KEYWORD_INCITEMENT_AGAINST_WOMEN,,LV,,,,,,,,,,,,,,
All,pub.dev,2025-07-01/2025-12-31,KEYWORD_NON_CONSENSUAL_IMAGE_SHARING_AGAINST_WOMEN,,LV,,,,,,,,,,,,,,
All,pub.dev,2025-07-01/2025-12-31,KEYWORD_NON_CONSENSUAL_MATERIAL_DEEPFAKE_AGAINST_WOMEN,,LV,,,,,,,,,,,,,,
All,pub.dev,2025-07-01/2025-12-31,KEYWORD_OTHER,"Text to detail the ""Other"" keyword.",LV,,,,,,,,,,,,,,
All,pub.dev,2025-07-01/2025-12-31,STATEMENT_CATEGORY_DATA_PROTECTION_AND_PRIVACY_VIOLATIONS,,LV,,,,,,,,,,,,,,
All,pub.dev,2025-07-01/2025-12-31,KEYWORD_BIOMETRIC_DATA_BREACH,,LV,,,,,,,,,,,,,,
All,pub.dev,2025-07-01/2025-12-31,KEYWORD_DATA_FALSIFICATION,,LV,,,,,,,,,,,,,,
All,pub.dev,2025-07-01/2025-12-31,KEYWORD_MISSING_PROCESSING_GROUND,,LV,,,,,,,,,,,,,,
All,pub.dev,2025-07-01/2025-12-31,KEYWORD_RIGHT_TO_BE_FORGOTTEN,,LV,,,,,,,,,,,,,,
All,pub.dev,2025-07-01/2025-12-31,KEYWORD_OTHER,DATA_COLLECTION_AND_USE,LV,,,,,,,,,,,,,,
All,pub.dev,2025-07-01/2025-12-31,KEYWORD_OTHER,DISCLOSURE_AND_CONSENT_PRACTICES,LV,,,,,,,,,,,,,,
All,pub.dev,2025-07-01/2025-12-31,KEYWORD_OTHER,GDPR,LV,,,,,,,,,,,,,,
All,pub.dev,2025-07-01/2025-12-31,KEYWORD_OTHER,PERSONAL_INFORMATION,LV,,,,,,,,,,,,,,
All,pub.dev,2025-07-01/2025-12-31,KEYWORD_OTHER,PERSONAL_RIGHTS,LV,,,,,,,,,,,,,,
All,pub.dev,2025-07-01/2025-12-31,KEYWORD_OTHER,PERSONALIZED_ADVERTISING,LV,,,,,,,,,,,,,,
All,pub.dev,2025-07-01/2025-12-31,KEYWORD_OTHER,PRIVACY,LV,,,,,,,,,,,,,,
All,pub.dev,2025-07-01/2025-12-31,KEYWORD_OTHER,PRIVACY_POLICY,LV,,,,,,,,,,,,,,
All,pub.dev,2025-07-01/2025-12-31,KEYWORD_OTHER,UNSECURE_DATA_HANDLING,LV,,,,,,,,,,,,,,
All,pub.dev,2025-07-01/2025-12-31,STATEMENT_CATEGORY_ILLEGAL_OR_HARMFUL_SPEECH,,LV,,,,,,,,,,,,,,
All,pub.dev,2025-07-01/2025-12-31,KEYWORD_DEFAMATION,,LV,,,,,,,,,,,,,,
All,pub.dev,2025-07-01/2025-12-31,KEYWORD_DISCRIMINATION,,LV,,,,,,,,,,,,,,
All,pub.dev,2025-07-01/2025-12-31,KEYWORD_HATE_SPEECH,,LV,,,,,,,,,,,,,,
All,pub.dev,2025-07-01/2025-12-31,KEYWORD_OTHER,HATEFUL_OR_ABUSIVE,LV,,,,,,,,,,,,,,
All,pub.dev,2025-07-01/2025-12-31,KEYWORD_OTHER,ILLEGAL_OR_HARMFUL_SPEECH,LV,,,,,,,,,,,,,,
All,pub.dev,2025-07-01/2025-12-31,KEYWORD_OTHER,OBSCENITY_AND_PROFANITY,LV,,,,,,,,,,,,,,
All,pub.dev,2025-07-01/2025-12-31,KEYWORD_OTHER,OFFENSIVE_CONTENT,LV,,,,,,,,,,,,,,
All,pub.dev,2025-07-01/2025-12-31,KEYWORD_OTHER,UNSAFE_CONTENT,LV,,,,,,,,,,,,,,
All,pub.dev,2025-07-01/2025-12-31,STATEMENT_CATEGORY_INTELLECTUAL_PROPERTY_INFRINGEMENTS,,LV,,,,,,,,,,,,,,
All,pub.dev,2025-07-01/2025-12-31,KEYWORD_COPYRIGHT_INFRINGEMENT,,LV,,,,,,,,,,,,,,
All,pub.dev,2025-07-01/2025-12-31,KEYWORD_DESIGN_INFRINGEMENT,,LV,,,,,,,,,,,,,,
All,pub.dev,2025-07-01/2025-12-31,KEYWORD_GEOGRAPHIC_INDICATIONS_INFRINGEMENT,,LV,,,,,,,,,,,,,,
All,pub.dev,2025-07-01/2025-12-31,KEYWORD_PATENT_INFRINGEMENT,,LV,,,,,,,,,,,,,,
All,pub.dev,2025-07-01/2025-12-31,KEYWORD_TRADE_SECRET_INFRINGEMENT,,LV,,,,,,,,,,,,,,
All,pub.dev,2025-07-01/2025-12-31,KEYWORD_TRADEMARK_INFRINGEMENT,,LV,,,,,,,,,,,,,,
All,pub.dev,2025-07-01/2025-12-31,KEYWORD_OTHER,CIRCUMVENTION,LV,,,,,,,,,,,,,,
All,pub.dev,2025-07-01/2025-12-31,KEYWORD_OTHER,INTELLECTUAL PROPERTY,LV,,,,,,,,,,,,,,
All,pub.dev,2025-07-01/2025-12-31,STATEMENT_CATEGORY_NEGATIVE_EFFECTS_ON_CIVIC_DISCOURSE_OR_ELECTIONS,,LV,,,,,,,,,,,,,,
All,pub.dev,2025-07-01/2025-12-31,KEYWORD_MISINFORMATION_DISINFORMATION,,LV,,,,,,,,,,,,,,
All,pub.dev,2025-07-01/2025-12-31,KEYWORD_VIOLATION_EU_LAW,,LV,,,,,,,,,,,,,,
All,pub.dev,2025-07-01/2025-12-31,KEYWORD_VIOLATION_NATIONAL_LAW,,LV,,,,,,,,,,,,,,
All,pub.dev,2025-07-01/2025-12-31,KEYWORD_OTHER,ELECTORAL,LV,,,,,,,,,,,,,,
All,pub.dev,2025-07-01/2025-12-31,KEYWORD_OTHER,HACKED_POLITICAL_MATERIALS,LV,,,,,,,,,,,,,,
All,pub.dev,2025-07-01/2025-12-31,KEYWORD_OTHER,POLITICAL_CONTENT,LV,,,,,,,,,,,,,,
All,pub.dev,2025-07-01/2025-12-31,KEYWORD_OTHER,SOCIAL_STABILITY,LV,,,,,,,,,,,,,,
All,pub.dev,2025-07-01/2025-12-31,KEYWORD_OTHER,SOCIETAL_VALUES,LV,,,,,,,,,,,,,,
All,pub.dev,2025-07-01/2025-12-31,STATEMENT_CATEGORY_PROTECTION_OF_MINORS,,LV,,,,,,,,,,,,,,
All,pub.dev,2025-07-01/2025-12-31,KEYWORD_AGE_SPECIFIC_RESTRICTIONS_MINORS,,LV,,,,,,,,,,,,,,
All,pub.dev,2025-07-01/2025-12-31,KEYWORD_CHILD_SEXUAL_ABUSE_MATERIAL,,LV,,,,,,,,,,,,,,
All,pub.dev,2025-07-01/2025-12-31,KEYWORD_CHILD_SEXUAL_ABUSE_MATERIAL_DEEPFAKE,,LV,,,,,,,,,,,,,,
All,pub.dev,2025-07-01/2025-12-31,KEYWORD_GROOMING_SEXUAL_ENTICEMENT_MINORS,,LV,,,,,,,,,,,,,,
All,pub.dev,2025-07-01/2025-12-31,KEYWORD_UNSAFE_CHALLENGES,,LV,,,,,,,,,,,,,,
All,pub.dev,2025-07-01/2025-12-31,KEYWORD_OTHER,CHILD_ENDANGERMENT,LV,,,,,,,,,,,,,,
All,pub.dev,2025-07-01/2025-12-31,KEYWORD_OTHER,CHILD_SAFETY,LV,,,,,,,,,,,,,,
All,pub.dev,2025-07-01/2025-12-31,KEYWORD_OTHER,HARMFUL_OR_DANGEROUS_ACTS_CHALLENGES_AND_PRANKS,LV,,,,,,,,,,,,,,
All,pub.dev,2025-07-01/2025-12-31,KEYWORD_OTHER,KNOWN_SERIES,LV,,,,,,,,,,,,,,
All,pub.dev,2025-07-01/2025-12-31,KEYWORD_OTHER,PROTECTION_OF_MINORS,LV,,,,,,,,,,,,,,
All,pub.dev,2025-07-01/2025-12-31,KEYWORD_OTHER,UNAUTHORIZED_IMAGE_OF_MINORS,LV,,,,,,,,,,,,,,
All,pub.dev,2025-07-01/2025-12-31,STATEMENT_CATEGORY_RISK_FOR_PUBLIC_SECURITY,,LV,,,,,,,,,,,,,,
All,pub.dev,2025-07-01/2025-12-31,KEYWORD_ILLEGAL_ORGANIZATIONS,,LV,,,,,,,,,,,,,,
All,pub.dev,2025-07-01/2025-12-31,KEYWORD_RISK_ENVIRONMENTAL_DAMAGE,,LV,,,,,,,,,,,,,,
All,pub.dev,2025-07-01/2025-12-31,KEYWORD_RISK_PUBLIC_HEALTH,,LV,,,,,,,,,,,,,,
All,pub.dev,2025-07-01/2025-12-31,KEYWORD_TERRORIST_CONTENT,,LV,,,,,,,,,,,,,,
All,pub.dev,2025-07-01/2025-12-31,KEYWORD_OTHER,COURT_ORDER,LV,,,,,,,,,,,,,,
All,pub.dev,2025-07-01/2025-12-31,KEYWORD_OTHER,RISK_FOR_PUBLIC_SECURITY,LV,,,,,,,,,,,,,,
All,pub.dev,2025-07-01/2025-12-31,KEYWORD_OTHER,SENSITIVE_EVENTS,LV,,,,,,,,,,,,,,
All,pub.dev,2025-07-01/2025-12-31,KEYWORD_OTHER,VIOLENT_EXTREMISM,LV,,,,,,,,,,,,,,
All,pub.dev,2025-07-01/2025-12-31,KEYWORD_OTHER,WRONGFUL_OR_UNAUTHORIZED_USE_OF_SYMBOLS,LV,,,,,,,,,,,,,,
All,pub.dev,2025-07-01/2025-12-31,STATEMENT_CATEGORY_SCAMS_AND_FRAUD,,LV,,,,,,,,,,,,,,
All,pub.dev,2025-07-01/2025-12-31,KEYWORD_IMPERSONATION_ACCOUNT_HIJACKING,,LV,,,,,,,,,,,,,,
All,pub.dev,2025-07-01/2025-12-31,KEYWORD_INAUTHENTIC_ACCOUNTS,,LV,,,,,,,,,,,,,,
All,pub.dev,2025-07-01/2025-12-31,KEYWORD_INAUTHENTIC_LISTINGS,,LV,,,,,,,,,,,,,,
All,pub.dev,2025-07-01/2025-12-31,KEYWORD_INAUTHENTIC_USER_REVIEWS,,LV,,,,,,,,,,,,,,
All,pub.dev,2025-07-01/2025-12-31,KEYWORD_PHISHING,,LV,,,,,,,,,,,,,,
All,pub.dev,2025-07-01/2025-12-31,KEYWORD_PYRAMID_SCHEMES,,LV,,,,,,,,,,,,,,
All,pub.dev,2025-07-01/2025-12-31,KEYWORD_OTHER,AD_FRAUD_POLICY,LV,,,,,,,,,,,,,,
All,pub.dev,2025-07-01/2025-12-31,KEYWORD_OTHER,ENCOURAGEMENT_OF_DIGITAL_SECURITY_OR_TERMS_OF_SERVICE_VIOLATIONS,LV,,,,,,,,,,,,,,
All,pub.dev,2025-07-01/2025-12-31,KEYWORD_OTHER,FRAUD,LV,,,,,,,,,,,,,,
All,pub.dev,2025-07-01/2025-12-31,KEYWORD_OTHER,MALWARE,LV,,,,,,,,,,,,,,
All,pub.dev,2025-07-01/2025-12-31,KEYWORD_OTHER,MALWARE_AND_PHISHING,LV,,,,,,,,,,,,,,
All,pub.dev,2025-07-01/2025-12-31,KEYWORD_OTHER,MALWARE_AND_SYSTEM_CIRCUMVENTION,LV,,,,,,,,,,,,,,
All,pub.dev,2025-07-01/2025-12-31,KEYWORD_OTHER,MISREPRESENTATION,LV,,,,,,,,,,,,,,
All,pub.dev,2025-07-01/2025-12-31,KEYWORD_OTHER,SCAMS,LV,,,,,,,,,,,,,,
All,pub.dev,2025-07-01/2025-12-31,KEYWORD_OTHER,SOCIAL_ENGINEERING_TACTICS,LV,,,,,,,,,,,,,,
All,pub.dev,2025-07-01/2025-12-31,STATEMENT_CATEGORY_SELF_HARM,,LV,,,,,,,,,,,,,,
All,pub.dev,2025-07-01/2025-12-31,KEYWORD_CONTENT_PROMOTING_EATING_DISORDERS,,LV,,,,,,,,,,,,,,
All,pub.dev,2025-07-01/2025-12-31,KEYWORD_SELF_MUTILATION,,LV,,,,,,,,,,,,,,
All,pub.dev,2025-07-01/2025-12-31,KEYWORD_SUICIDE,,LV,,,,,,,,,,,,,,
All,pub.dev,2025-07-01/2025-12-31,KEYWORD_OTHER,SELF_HARM,LV,,,,,,,,,,,,,,
All,pub.dev,2025-07-01/2025-12-31,KEYWORD_OTHER,SUICIDE_AND_SELF_HARM,LV,,,,,,,,,,,,,,
All,pub.dev,2025-07-01/2025-12-31,STATEMENT_CATEGORY_UNSAFE_AND_PROHIBITED_PRODUCTS,,LV,,,,,,,,,,,,,,
All,pub.dev,2025-07-01/2025-12-31,KEYWORD_PROHIBITED_PRODUCTS,,LV,,,,,,,,,,,,,,
All,pub.dev,2025-07-01/2025-12-31,KEYWORD_UNSAFE_PRODUCTS,,LV,,,,,,,,,,,,,,
All,pub.dev,2025-07-01/2025-12-31,KEYWORD_OTHER,COURT_ORDER,LV,,,,,,,,,,,,,,
All,pub.dev,2025-07-01/2025-12-31,KEYWORD_OTHER,ENABLING_DISHONEST_BEHAVIOR,LV,,,,,,,,,,,,,,
All,pub.dev,2025-07-01/2025-12-31,KEYWORD_OTHER,FIREARMS_AND_ILLEGAL_REGULATED_GOODS_OR_SERVICES,LV,,,,,,,,,,,,,,
All,pub.dev,2025-07-01/2025-12-31,KEYWORD_OTHER,OTHER_LEGAL_NOTICES_OR_ORDERS,LV,,,,,,,,,,,,,,
All,pub.dev,2025-07-01/2025-12-31,KEYWORD_OTHER,UNAUTHORIZED_PHARMACIES,LV,,,,,,,,,,,,,,
All,pub.dev,2025-07-01/2025-12-31,STATEMENT_CATEGORY_VIOLENCE,,LV,,,,,,,,,,,,,,
All,pub.dev,2025-07-01/2025-12-31,KEYWORD_COORDINATED_HARM,,LV,,,,,,,,,,,,,,
All,pub.dev,2025-07-01/2025-12-31,KEYWORD_INCITEMENT_VIOLENCE_HATRED,,LV,,,,,,,,,,,,,,
All,pub.dev,2025-07-01/2025-12-31,KEYWORD_HUMAN_EXPLOITATION,,LV,,,,,,,,,,,,,,
All,pub.dev,2025-07-01/2025-12-31,KEYWORD_HUMAN_TRAFFICKING,,LV,,,,,,,,,,,,,,
All,pub.dev,2025-07-01/2025-12-31,KEYWORD_TRAFFICKING_WOMEN_GIRLS,,LV,,,,,,,,,,,,,,
All,pub.dev,2025-07-01/2025-12-31,KEYWORD_OTHER,DEPICTION_OF VIOLENCE,LV,,,,,,,,,,,,,,
All,pub.dev,2025-07-01/2025-12-31,KEYWORD_OTHER,SHOCKING_CONTENT,LV,,,,,,,,,,,,,,
All,pub.dev,2025-07-01/2025-12-31,KEYWORD_OTHER,VIOLENT_OR_GRAPHIC_CONTENT,LV,,,,,,,,,,,,,,
All,pub.dev,2025-07-01/2025-12-31,STATEMENT_CATEGORY_NOT_SPECIFIED_ORDER,,LV,,,,,,,,,,,,,,
All,pub.dev,2025-07-01/2025-12-31,TOTAL,,LT,,,,,,,,,,,,,,
All,pub.dev,2025-07-01/2025-12-31,STATEMENT_CATEGORY_ANIMAL_WELFARE,,LT,,,,,,,,,,,,,,
All,pub.dev,2025-07-01/2025-12-31,KEYWORD_ANIMAL_HARM,,LT,,,,,,,,,,,,,,
All,pub.dev,2025-07-01/2025-12-31,KEYWORD_UNLAWFUL_SALE_ANIMALS,,LT,,,,,,,,,,,,,,
All,pub.dev,2025-07-01/2025-12-31,KEYWORD_OTHER,ANIMAL_CRUELTY,LT,,,,,,,,,,,,,,
All,pub.dev,2025-07-01/2025-12-31,KEYWORD_OTHER,ANIMAL_HARM_AND_UNLAWFUL_SALE,LT,,,,,,,,,,,,,,
All,pub.dev,2025-07-01/2025-12-31,STATEMENT_CATEGORY_CONSUMER_INFORMATION,,LT,,,,,,,,,,,,,,
All,pub.dev,2025-07-01/2025-12-31,KEYWORD_HIDDEN_ADVERTISEMENT,,LT,,,,,,,,,,,,,,
All,pub.dev,2025-07-01/2025-12-31,KEYWORD_INSUFFICIENT_INFORMATION_ON_TRADERS,,LT,,,,,,,,,,,,,,
All,pub.dev,2025-07-01/2025-12-31,KEYWORD_MISLEADING_INFO_GOODS_SERVICES,,LT,,,,,,,,,,,,,,
All,pub.dev,2025-07-01/2025-12-31,KEYWORD_MISLEADING_INFO_CONSUMER_RIGHTS,,LT,,,,,,,,,,,,,,
All,pub.dev,2025-07-01/2025-12-31,KEYWORD_NONCOMPLIANCE_PRICING,,LT,,,,,,,,,,,,,,
All,pub.dev,2025-07-01/2025-12-31,KEYWORD_OTHER,CONSUMER_PROTECTION,LT,,,,,,,,,,,,,,
All,pub.dev,2025-07-01/2025-12-31,KEYWORD_OTHER,MISREPRESENTATION,LT,,,,,,,,,,,,,,
All,pub.dev,2025-07-01/2025-12-31,STATEMENT_CATEGORY_CYBER_VIOLENCE,,LT,,,,,,,,,,,,,,
All,pub.dev,2025-07-01/2025-12-31,KEYWORD_CYBER_BULLYING_INTIMIDATION,,LT,,,,,,,,,,,,,,
All,pub.dev,2025-07-01/2025-12-31,KEYWORD_CYBER_HARASSMENT,,LT,,,,,,,,,,,,,,
All,pub.dev,2025-07-01/2025-12-31,KEYWORD_CYBER_INCITEMENT,,LT,,,,,,,,,,,,,,
All,pub.dev,2025-07-01/2025-12-31,KEYWORD_CYBER_STALKING,,LT,,,,,,,,,,,,,,
All,pub.dev,2025-07-01/2025-12-31,KEYWORD_NON_CONSENSUAL_IMAGE_SHARING,,LT,,,,,,,,,,,,,,
All,pub.dev,2025-07-01/2025-12-31,KEYWORD_NON_CONSENSUAL_MATERIAL_DEEPFAKE,,LT,,,,,,,,,,,,,,
All,pub.dev,2025-07-01/2025-12-31,KEYWORD_OTHER,DOXING,LT,,,,,,,,,,,,,,
All,pub.dev,2025-07-01/2025-12-31,KEYWORD_OTHER,HARASSMENT,LT,,,,,,,,,,,,,,
All,pub.dev,2025-07-01/2025-12-31,KEYWORD_OTHER,HARASSMENT_AND_CYBERBULLYING,LT,,,,,,,,,,,,,,
All,pub.dev,2025-07-01/2025-12-31,KEYWORD_OTHER,HARMFUL_ACTIVITIES,LT,,,,,,,,,,,,,,
All,pub.dev,2025-07-01/2025-12-31,KEYWORD_OTHER,SEXUAL_HARASSMENT,LT,,,,,,,,,,,,,,
All,pub.dev,2025-07-01/2025-12-31,KEYWORD_OTHER,OBSCENITY_OR_PORNOGRAPHY,LT,,,,,,,,,,,,,,
All,pub.dev,2025-07-01/2025-12-31,KEYWORD_OTHER,UNSAFE_CONTENT,LT,,,,,,,,,,,,,,
All,pub.dev,2025-07-01/2025-12-31,STATEMENT_CATEGORY_CYBER_VIOLENCE_AGAINST_WOMEN,,LT,,,,,,,,,,,,,,
All,pub.dev,2025-07-01/2025-12-31,KEYWORD_BULLYING_AGAINST_GIRLS,,LT,,,,,,,,,,,,,,
All,pub.dev,2025-07-01/2025-12-31,KEYWORD_CYBER_HARASSMENT_AGAINST_WOMEN,,LT,,,,,,,,,,,,,,
All,pub.dev,2025-07-01/2025-12-31,KEYWORD_CYBER_STALKING_AGAINST_WOMEN,,LT,,,,,,,,,,,,,,
All,pub.dev,2025-07-01/2025-12-31,KEYWORD_FEMALE_GENDERED_DISINFORMATION,,LT,,,,,,,,,,,,,,
All,pub.dev,2025-07-01/2025-12-31,KEYWORD_INCITEMENT_AGAINST_WOMEN,,LT,,,,,,,,,,,,,,
All,pub.dev,2025-07-01/2025-12-31,KEYWORD_NON_CONSENSUAL_IMAGE_SHARING_AGAINST_WOMEN,,LT,,,,,,,,,,,,,,
All,pub.dev,2025-07-01/2025-12-31,KEYWORD_NON_CONSENSUAL_MATERIAL_DEEPFAKE_AGAINST_WOMEN,,LT,,,,,,,,,,,,,,
All,pub.dev,2025-07-01/2025-12-31,KEYWORD_OTHER,"Text to detail the ""Other"" keyword.",LT,,,,,,,,,,,,,,
All,pub.dev,2025-07-01/2025-12-31,STATEMENT_CATEGORY_DATA_PROTECTION_AND_PRIVACY_VIOLATIONS,,LT,,,,,,,,,,,,,,
All,pub.dev,2025-07-01/2025-12-31,KEYWORD_BIOMETRIC_DATA_BREACH,,LT,,,,,,,,,,,,,,
All,pub.dev,2025-07-01/2025-12-31,KEYWORD_DATA_FALSIFICATION,,LT,,,,,,,,,,,,,,
All,pub.dev,2025-07-01/2025-12-31,KEYWORD_MISSING_PROCESSING_GROUND,,LT,,,,,,,,,,,,,,
All,pub.dev,2025-07-01/2025-12-31,KEYWORD_RIGHT_TO_BE_FORGOTTEN,,LT,,,,,,,,,,,,,,
All,pub.dev,2025-07-01/2025-12-31,KEYWORD_OTHER,DATA_COLLECTION_AND_USE,LT,,,,,,,,,,,,,,
All,pub.dev,2025-07-01/2025-12-31,KEYWORD_OTHER,DISCLOSURE_AND_CONSENT_PRACTICES,LT,,,,,,,,,,,,,,
All,pub.dev,2025-07-01/2025-12-31,KEYWORD_OTHER,GDPR,LT,,,,,,,,,,,,,,
All,pub.dev,2025-07-01/2025-12-31,KEYWORD_OTHER,PERSONAL_INFORMATION,LT,,,,,,,,,,,,,,
All,pub.dev,2025-07-01/2025-12-31,KEYWORD_OTHER,PERSONAL_RIGHTS,LT,,,,,,,,,,,,,,
All,pub.dev,2025-07-01/2025-12-31,KEYWORD_OTHER,PERSONALIZED_ADVERTISING,LT,,,,,,,,,,,,,,
All,pub.dev,2025-07-01/2025-12-31,KEYWORD_OTHER,PRIVACY,LT,,,,,,,,,,,,,,
All,pub.dev,2025-07-01/2025-12-31,KEYWORD_OTHER,PRIVACY_POLICY,LT,,,,,,,,,,,,,,
All,pub.dev,2025-07-01/2025-12-31,KEYWORD_OTHER,UNSECURE_DATA_HANDLING,LT,,,,,,,,,,,,,,
All,pub.dev,2025-07-01/2025-12-31,STATEMENT_CATEGORY_ILLEGAL_OR_HARMFUL_SPEECH,,LT,,,,,,,,,,,,,,
All,pub.dev,2025-07-01/2025-12-31,KEYWORD_DEFAMATION,,LT,,,,,,,,,,,,,,
All,pub.dev,2025-07-01/2025-12-31,KEYWORD_DISCRIMINATION,,LT,,,,,,,,,,,,,,
All,pub.dev,2025-07-01/2025-12-31,KEYWORD_HATE_SPEECH,,LT,,,,,,,,,,,,,,
All,pub.dev,2025-07-01/2025-12-31,KEYWORD_OTHER,HATEFUL_OR_ABUSIVE,LT,,,,,,,,,,,,,,
All,pub.dev,2025-07-01/2025-12-31,KEYWORD_OTHER,ILLEGAL_OR_HARMFUL_SPEECH,LT,,,,,,,,,,,,,,
All,pub.dev,2025-07-01/2025-12-31,KEYWORD_OTHER,OBSCENITY_AND_PROFANITY,LT,,,,,,,,,,,,,,
All,pub.dev,2025-07-01/2025-12-31,KEYWORD_OTHER,OFFENSIVE_CONTENT,LT,,,,,,,,,,,,,,
All,pub.dev,2025-07-01/2025-12-31,KEYWORD_OTHER,UNSAFE_CONTENT,LT,,,,,,,,,,,,,,
All,pub.dev,2025-07-01/2025-12-31,STATEMENT_CATEGORY_INTELLECTUAL_PROPERTY_INFRINGEMENTS,,LT,,,,,,,,,,,,,,
All,pub.dev,2025-07-01/2025-12-31,KEYWORD_COPYRIGHT_INFRINGEMENT,,LT,,,,,,,,,,,,,,
All,pub.dev,2025-07-01/2025-12-31,KEYWORD_DESIGN_INFRINGEMENT,,LT,,,,,,,,,,,,,,
All,pub.dev,2025-07-01/2025-12-31,KEYWORD_GEOGRAPHIC_INDICATIONS_INFRINGEMENT,,LT,,,,,,,,,,,,,,
All,pub.dev,2025-07-01/2025-12-31,KEYWORD_PATENT_INFRINGEMENT,,LT,,,,,,,,,,,,,,
All,pub.dev,2025-07-01/2025-12-31,KEYWORD_TRADE_SECRET_INFRINGEMENT,,LT,,,,,,,,,,,,,,
All,pub.dev,2025-07-01/2025-12-31,KEYWORD_TRADEMARK_INFRINGEMENT,,LT,,,,,,,,,,,,,,
All,pub.dev,2025-07-01/2025-12-31,KEYWORD_OTHER,CIRCUMVENTION,LT,,,,,,,,,,,,,,
All,pub.dev,2025-07-01/2025-12-31,KEYWORD_OTHER,INTELLECTUAL PROPERTY,LT,,,,,,,,,,,,,,
All,pub.dev,2025-07-01/2025-12-31,STATEMENT_CATEGORY_NEGATIVE_EFFECTS_ON_CIVIC_DISCOURSE_OR_ELECTIONS,,LT,,,,,,,,,,,,,,
All,pub.dev,2025-07-01/2025-12-31,KEYWORD_MISINFORMATION_DISINFORMATION,,LT,,,,,,,,,,,,,,
All,pub.dev,2025-07-01/2025-12-31,KEYWORD_VIOLATION_EU_LAW,,LT,,,,,,,,,,,,,,
All,pub.dev,2025-07-01/2025-12-31,KEYWORD_VIOLATION_NATIONAL_LAW,,LT,,,,,,,,,,,,,,
All,pub.dev,2025-07-01/2025-12-31,KEYWORD_OTHER,ELECTORAL,LT,,,,,,,,,,,,,,
All,pub.dev,2025-07-01/2025-12-31,KEYWORD_OTHER,HACKED_POLITICAL_MATERIALS,LT,,,,,,,,,,,,,,
All,pub.dev,2025-07-01/2025-12-31,KEYWORD_OTHER,POLITICAL_CONTENT,LT,,,,,,,,,,,,,,
All,pub.dev,2025-07-01/2025-12-31,KEYWORD_OTHER,SOCIAL_STABILITY,LT,,,,,,,,,,,,,,
All,pub.dev,2025-07-01/2025-12-31,KEYWORD_OTHER,SOCIETAL_VALUES,LT,,,,,,,,,,,,,,
All,pub.dev,2025-07-01/2025-12-31,STATEMENT_CATEGORY_PROTECTION_OF_MINORS,,LT,,,,,,,,,,,,,,
All,pub.dev,2025-07-01/2025-12-31,KEYWORD_AGE_SPECIFIC_RESTRICTIONS_MINORS,,LT,,,,,,,,,,,,,,
All,pub.dev,2025-07-01/2025-12-31,KEYWORD_CHILD_SEXUAL_ABUSE_MATERIAL,,LT,,,,,,,,,,,,,,
All,pub.dev,2025-07-01/2025-12-31,KEYWORD_CHILD_SEXUAL_ABUSE_MATERIAL_DEEPFAKE,,LT,,,,,,,,,,,,,,
All,pub.dev,2025-07-01/2025-12-31,KEYWORD_GROOMING_SEXUAL_ENTICEMENT_MINORS,,LT,,,,,,,,,,,,,,
All,pub.dev,2025-07-01/2025-12-31,KEYWORD_UNSAFE_CHALLENGES,,LT,,,,,,,,,,,,,,
All,pub.dev,2025-07-01/2025-12-31,KEYWORD_OTHER,CHILD_ENDANGERMENT,LT,,,,,,,,,,,,,,
All,pub.dev,2025-07-01/2025-12-31,KEYWORD_OTHER,CHILD_SAFETY,LT,,,,,,,,,,,,,,
All,pub.dev,2025-07-01/2025-12-31,KEYWORD_OTHER,HARMFUL_OR_DANGEROUS_ACTS_CHALLENGES_AND_PRANKS,LT,,,,,,,,,,,,,,
All,pub.dev,2025-07-01/2025-12-31,KEYWORD_OTHER,KNOWN_SERIES,LT,,,,,,,,,,,,,,
All,pub.dev,2025-07-01/2025-12-31,KEYWORD_OTHER,PROTECTION_OF_MINORS,LT,,,,,,,,,,,,,,
All,pub.dev,2025-07-01/2025-12-31,KEYWORD_OTHER,UNAUTHORIZED_IMAGE_OF_MINORS,LT,,,,,,,,,,,,,,
All,pub.dev,2025-07-01/2025-12-31,STATEMENT_CATEGORY_RISK_FOR_PUBLIC_SECURITY,,LT,,,,,,,,,,,,,,
All,pub.dev,2025-07-01/2025-12-31,KEYWORD_ILLEGAL_ORGANIZATIONS,,LT,,,,,,,,,,,,,,
All,pub.dev,2025-07-01/2025-12-31,KEYWORD_RISK_ENVIRONMENTAL_DAMAGE,,LT,,,,,,,,,,,,,,
All,pub.dev,2025-07-01/2025-12-31,KEYWORD_RISK_PUBLIC_HEALTH,,LT,,,,,,,,,,,,,,
All,pub.dev,2025-07-01/2025-12-31,KEYWORD_TERRORIST_CONTENT,,LT,,,,,,,,,,,,,,
All,pub.dev,2025-07-01/2025-12-31,KEYWORD_OTHER,COURT_ORDER,LT,,,,,,,,,,,,,,
All,pub.dev,2025-07-01/2025-12-31,KEYWORD_OTHER,RISK_FOR_PUBLIC_SECURITY,LT,,,,,,,,,,,,,,
All,pub.dev,2025-07-01/2025-12-31,KEYWORD_OTHER,SENSITIVE_EVENTS,LT,,,,,,,,,,,,,,
All,pub.dev,2025-07-01/2025-12-31,KEYWORD_OTHER,VIOLENT_EXTREMISM,LT,,,,,,,,,,,,,,
All,pub.dev,2025-07-01/2025-12-31,KEYWORD_OTHER,WRONGFUL_OR_UNAUTHORIZED_USE_OF_SYMBOLS,LT,,,,,,,,,,,,,,
All,pub.dev,2025-07-01/2025-12-31,STATEMENT_CATEGORY_SCAMS_AND_FRAUD,,LT,,,,,,,,,,,,,,
All,pub.dev,2025-07-01/2025-12-31,KEYWORD_IMPERSONATION_ACCOUNT_HIJACKING,,LT,,,,,,,,,,,,,,
All,pub.dev,2025-07-01/2025-12-31,KEYWORD_INAUTHENTIC_ACCOUNTS,,LT,,,,,,,,,,,,,,
All,pub.dev,2025-07-01/2025-12-31,KEYWORD_INAUTHENTIC_LISTINGS,,LT,,,,,,,,,,,,,,
All,pub.dev,2025-07-01/2025-12-31,KEYWORD_INAUTHENTIC_USER_REVIEWS,,LT,,,,,,,,,,,,,,
All,pub.dev,2025-07-01/2025-12-31,KEYWORD_PHISHING,,LT,,,,,,,,,,,,,,
All,pub.dev,2025-07-01/2025-12-31,KEYWORD_PYRAMID_SCHEMES,,LT,,,,,,,,,,,,,,
All,pub.dev,2025-07-01/2025-12-31,KEYWORD_OTHER,AD_FRAUD_POLICY,LT,,,,,,,,,,,,,,
All,pub.dev,2025-07-01/2025-12-31,KEYWORD_OTHER,ENCOURAGEMENT_OF_DIGITAL_SECURITY_OR_TERMS_OF_SERVICE_VIOLATIONS,LT,,,,,,,,,,,,,,
All,pub.dev,2025-07-01/2025-12-31,KEYWORD_OTHER,FRAUD,LT,,,,,,,,,,,,,,
All,pub.dev,2025-07-01/2025-12-31,KEYWORD_OTHER,MALWARE,LT,,,,,,,,,,,,,,
All,pub.dev,2025-07-01/2025-12-31,KEYWORD_OTHER,MALWARE_AND_PHISHING,LT,,,,,,,,,,,,,,
All,pub.dev,2025-07-01/2025-12-31,KEYWORD_OTHER,MALWARE_AND_SYSTEM_CIRCUMVENTION,LT,,,,,,,,,,,,,,
All,pub.dev,2025-07-01/2025-12-31,KEYWORD_OTHER,MISREPRESENTATION,LT,,,,,,,,,,,,,,
All,pub.dev,2025-07-01/2025-12-31,KEYWORD_OTHER,SCAMS,LT,,,,,,,,,,,,,,
All,pub.dev,2025-07-01/2025-12-31,KEYWORD_OTHER,SOCIAL_ENGINEERING_TACTICS,LT,,,,,,,,,,,,,,
All,pub.dev,2025-07-01/2025-12-31,STATEMENT_CATEGORY_SELF_HARM,,LT,,,,,,,,,,,,,,
All,pub.dev,2025-07-01/2025-12-31,KEYWORD_CONTENT_PROMOTING_EATING_DISORDERS,,LT,,,,,,,,,,,,,,
All,pub.dev,2025-07-01/2025-12-31,KEYWORD_SELF_MUTILATION,,LT,,,,,,,,,,,,,,
All,pub.dev,2025-07-01/2025-12-31,KEYWORD_SUICIDE,,LT,,,,,,,,,,,,,,
All,pub.dev,2025-07-01/2025-12-31,KEYWORD_OTHER,SELF_HARM,LT,,,,,,,,,,,,,,
All,pub.dev,2025-07-01/2025-12-31,KEYWORD_OTHER,SUICIDE_AND_SELF_HARM,LT,,,,,,,,,,,,,,
All,pub.dev,2025-07-01/2025-12-31,STATEMENT_CATEGORY_UNSAFE_AND_PROHIBITED_PRODUCTS,,LT,,,,,,,,,,,,,,
All,pub.dev,2025-07-01/2025-12-31,KEYWORD_PROHIBITED_PRODUCTS,,LT,,,,,,,,,,,,,,
All,pub.dev,2025-07-01/2025-12-31,KEYWORD_UNSAFE_PRODUCTS,,LT,,,,,,,,,,,,,,
All,pub.dev,2025-07-01/2025-12-31,KEYWORD_OTHER,COURT_ORDER,LT,,,,,,,,,,,,,,
All,pub.dev,2025-07-01/2025-12-31,KEYWORD_OTHER,ENABLING_DISHONEST_BEHAVIOR,LT,,,,,,,,,,,,,,
All,pub.dev,2025-07-01/2025-12-31,KEYWORD_OTHER,FIREARMS_AND_ILLEGAL_REGULATED_GOODS_OR_SERVICES,LT,,,,,,,,,,,,,,
All,pub.dev,2025-07-01/2025-12-31,KEYWORD_OTHER,OTHER_LEGAL_NOTICES_OR_ORDERS,LT,,,,,,,,,,,,,,
All,pub.dev,2025-07-01/2025-12-31,KEYWORD_OTHER,UNAUTHORIZED_PHARMACIES,LT,,,,,,,,,,,,,,
All,pub.dev,2025-07-01/2025-12-31,STATEMENT_CATEGORY_VIOLENCE,,LT,,,,,,,,,,,,,,
All,pub.dev,2025-07-01/2025-12-31,KEYWORD_COORDINATED_HARM,,LT,,,,,,,,,,,,,,
All,pub.dev,2025-07-01/2025-12-31,KEYWORD_INCITEMENT_VIOLENCE_HATRED,,LT,,,,,,,,,,,,,,
All,pub.dev,2025-07-01/2025-12-31,KEYWORD_HUMAN_EXPLOITATION,,LT,,,,,,,,,,,,,,
All,pub.dev,2025-07-01/2025-12-31,KEYWORD_HUMAN_TRAFFICKING,,LT,,,,,,,,,,,,,,
All,pub.dev,2025-07-01/2025-12-31,KEYWORD_TRAFFICKING_WOMEN_GIRLS,,LT,,,,,,,,,,,,,,
All,pub.dev,2025-07-01/2025-12-31,KEYWORD_OTHER,DEPICTION_OF VIOLENCE,LT,,,,,,,,,,,,,,
All,pub.dev,2025-07-01/2025-12-31,KEYWORD_OTHER,SHOCKING_CONTENT,LT,,,,,,,,,,,,,,
All,pub.dev,2025-07-01/2025-12-31,KEYWORD_OTHER,VIOLENT_OR_GRAPHIC_CONTENT,LT,,,,,,,,,,,,,,
All,pub.dev,2025-07-01/2025-12-31,STATEMENT_CATEGORY_NOT_SPECIFIED_ORDER,,LT,,,,,,,,,,,,,,
All,pub.dev,2025-07-01/2025-12-31,TOTAL,,LU,,,,,,,,,,,,,,
All,pub.dev,2025-07-01/2025-12-31,STATEMENT_CATEGORY_ANIMAL_WELFARE,,LU,,,,,,,,,,,,,,
All,pub.dev,2025-07-01/2025-12-31,KEYWORD_ANIMAL_HARM,,LU,,,,,,,,,,,,,,
All,pub.dev,2025-07-01/2025-12-31,KEYWORD_UNLAWFUL_SALE_ANIMALS,,LU,,,,,,,,,,,,,,
All,pub.dev,2025-07-01/2025-12-31,KEYWORD_OTHER,ANIMAL_CRUELTY,LU,,,,,,,,,,,,,,
All,pub.dev,2025-07-01/2025-12-31,KEYWORD_OTHER,ANIMAL_HARM_AND_UNLAWFUL_SALE,LU,,,,,,,,,,,,,,
All,pub.dev,2025-07-01/2025-12-31,STATEMENT_CATEGORY_CONSUMER_INFORMATION,,LU,,,,,,,,,,,,,,
All,pub.dev,2025-07-01/2025-12-31,KEYWORD_HIDDEN_ADVERTISEMENT,,LU,,,,,,,,,,,,,,
All,pub.dev,2025-07-01/2025-12-31,KEYWORD_INSUFFICIENT_INFORMATION_ON_TRADERS,,LU,,,,,,,,,,,,,,
All,pub.dev,2025-07-01/2025-12-31,KEYWORD_MISLEADING_INFO_GOODS_SERVICES,,LU,,,,,,,,,,,,,,
All,pub.dev,2025-07-01/2025-12-31,KEYWORD_MISLEADING_INFO_CONSUMER_RIGHTS,,LU,,,,,,,,,,,,,,
All,pub.dev,2025-07-01/2025-12-31,KEYWORD_NONCOMPLIANCE_PRICING,,LU,,,,,,,,,,,,,,
All,pub.dev,2025-07-01/2025-12-31,KEYWORD_OTHER,CONSUMER_PROTECTION,LU,,,,,,,,,,,,,,
All,pub.dev,2025-07-01/2025-12-31,KEYWORD_OTHER,MISREPRESENTATION,LU,,,,,,,,,,,,,,
All,pub.dev,2025-07-01/2025-12-31,STATEMENT_CATEGORY_CYBER_VIOLENCE,,LU,,,,,,,,,,,,,,
All,pub.dev,2025-07-01/2025-12-31,KEYWORD_CYBER_BULLYING_INTIMIDATION,,LU,,,,,,,,,,,,,,
All,pub.dev,2025-07-01/2025-12-31,KEYWORD_CYBER_HARASSMENT,,LU,,,,,,,,,,,,,,
All,pub.dev,2025-07-01/2025-12-31,KEYWORD_CYBER_INCITEMENT,,LU,,,,,,,,,,,,,,
All,pub.dev,2025-07-01/2025-12-31,KEYWORD_CYBER_STALKING,,LU,,,,,,,,,,,,,,
All,pub.dev,2025-07-01/2025-12-31,KEYWORD_NON_CONSENSUAL_IMAGE_SHARING,,LU,,,,,,,,,,,,,,
All,pub.dev,2025-07-01/2025-12-31,KEYWORD_NON_CONSENSUAL_MATERIAL_DEEPFAKE,,LU,,,,,,,,,,,,,,
All,pub.dev,2025-07-01/2025-12-31,KEYWORD_OTHER,DOXING,LU,,,,,,,,,,,,,,
All,pub.dev,2025-07-01/2025-12-31,KEYWORD_OTHER,HARASSMENT,LU,,,,,,,,,,,,,,
All,pub.dev,2025-07-01/2025-12-31,KEYWORD_OTHER,HARASSMENT_AND_CYBERBULLYING,LU,,,,,,,,,,,,,,
All,pub.dev,2025-07-01/2025-12-31,KEYWORD_OTHER,HARMFUL_ACTIVITIES,LU,,,,,,,,,,,,,,
All,pub.dev,2025-07-01/2025-12-31,KEYWORD_OTHER,SEXUAL_HARASSMENT,LU,,,,,,,,,,,,,,
All,pub.dev,2025-07-01/2025-12-31,KEYWORD_OTHER,OBSCENITY_OR_PORNOGRAPHY,LU,,,,,,,,,,,,,,
All,pub.dev,2025-07-01/2025-12-31,KEYWORD_OTHER,UNSAFE_CONTENT,LU,,,,,,,,,,,,,,
All,pub.dev,2025-07-01/2025-12-31,STATEMENT_CATEGORY_CYBER_VIOLENCE_AGAINST_WOMEN,,LU,,,,,,,,,,,,,,
All,pub.dev,2025-07-01/2025-12-31,KEYWORD_BULLYING_AGAINST_GIRLS,,LU,,,,,,,,,,,,,,
All,pub.dev,2025-07-01/2025-12-31,KEYWORD_CYBER_HARASSMENT_AGAINST_WOMEN,,LU,,,,,,,,,,,,,,
All,pub.dev,2025-07-01/2025-12-31,KEYWORD_CYBER_STALKING_AGAINST_WOMEN,,LU,,,,,,,,,,,,,,
All,pub.dev,2025-07-01/2025-12-31,KEYWORD_FEMALE_GENDERED_DISINFORMATION,,LU,,,,,,,,,,,,,,
All,pub.dev,2025-07-01/2025-12-31,KEYWORD_INCITEMENT_AGAINST_WOMEN,,LU,,,,,,,,,,,,,,
All,pub.dev,2025-07-01/2025-12-31,KEYWORD_NON_CONSENSUAL_IMAGE_SHARING_AGAINST_WOMEN,,LU,,,,,,,,,,,,,,
All,pub.dev,2025-07-01/2025-12-31,KEYWORD_NON_CONSENSUAL_MATERIAL_DEEPFAKE_AGAINST_WOMEN,,LU,,,,,,,,,,,,,,
All,pub.dev,2025-07-01/2025-12-31,KEYWORD_OTHER,"Text to detail the ""Other"" keyword.",LU,,,,,,,,,,,,,,
All,pub.dev,2025-07-01/2025-12-31,STATEMENT_CATEGORY_DATA_PROTECTION_AND_PRIVACY_VIOLATIONS,,LU,,,,,,,,,,,,,,
All,pub.dev,2025-07-01/2025-12-31,KEYWORD_BIOMETRIC_DATA_BREACH,,LU,,,,,,,,,,,,,,
All,pub.dev,2025-07-01/2025-12-31,KEYWORD_DATA_FALSIFICATION,,LU,,,,,,,,,,,,,,
All,pub.dev,2025-07-01/2025-12-31,KEYWORD_MISSING_PROCESSING_GROUND,,LU,,,,,,,,,,,,,,
All,pub.dev,2025-07-01/2025-12-31,KEYWORD_RIGHT_TO_BE_FORGOTTEN,,LU,,,,,,,,,,,,,,
All,pub.dev,2025-07-01/2025-12-31,KEYWORD_OTHER,DATA_COLLECTION_AND_USE,LU,,,,,,,,,,,,,,
All,pub.dev,2025-07-01/2025-12-31,KEYWORD_OTHER,DISCLOSURE_AND_CONSENT_PRACTICES,LU,,,,,,,,,,,,,,
All,pub.dev,2025-07-01/2025-12-31,KEYWORD_OTHER,GDPR,LU,,,,,,,,,,,,,,
All,pub.dev,2025-07-01/2025-12-31,KEYWORD_OTHER,PERSONAL_INFORMATION,LU,,,,,,,,,,,,,,
All,pub.dev,2025-07-01/2025-12-31,KEYWORD_OTHER,PERSONAL_RIGHTS,LU,,,,,,,,,,,,,,
All,pub.dev,2025-07-01/2025-12-31,KEYWORD_OTHER,PERSONALIZED_ADVERTISING,LU,,,,,,,,,,,,,,
All,pub.dev,2025-07-01/2025-12-31,KEYWORD_OTHER,PRIVACY,LU,,,,,,,,,,,,,,
All,pub.dev,2025-07-01/2025-12-31,KEYWORD_OTHER,PRIVACY_POLICY,LU,,,,,,,,,,,,,,
All,pub.dev,2025-07-01/2025-12-31,KEYWORD_OTHER,UNSECURE_DATA_HANDLING,LU,,,,,,,,,,,,,,
All,pub.dev,2025-07-01/2025-12-31,STATEMENT_CATEGORY_ILLEGAL_OR_HARMFUL_SPEECH,,LU,,,,,,,,,,,,,,
All,pub.dev,2025-07-01/2025-12-31,KEYWORD_DEFAMATION,,LU,,,,,,,,,,,,,,
All,pub.dev,2025-07-01/2025-12-31,KEYWORD_DISCRIMINATION,,LU,,,,,,,,,,,,,,
All,pub.dev,2025-07-01/2025-12-31,KEYWORD_HATE_SPEECH,,LU,,,,,,,,,,,,,,
All,pub.dev,2025-07-01/2025-12-31,KEYWORD_OTHER,HATEFUL_OR_ABUSIVE,LU,,,,,,,,,,,,,,
All,pub.dev,2025-07-01/2025-12-31,KEYWORD_OTHER,ILLEGAL_OR_HARMFUL_SPEECH,LU,,,,,,,,,,,,,,
All,pub.dev,2025-07-01/2025-12-31,KEYWORD_OTHER,OBSCENITY_AND_PROFANITY,LU,,,,,,,,,,,,,,
All,pub.dev,2025-07-01/2025-12-31,KEYWORD_OTHER,OFFENSIVE_CONTENT,LU,,,,,,,,,,,,,,
All,pub.dev,2025-07-01/2025-12-31,KEYWORD_OTHER,UNSAFE_CONTENT,LU,,,,,,,,,,,,,,
All,pub.dev,2025-07-01/2025-12-31,STATEMENT_CATEGORY_INTELLECTUAL_PROPERTY_INFRINGEMENTS,,LU,,,,,,,,,,,,,,
All,pub.dev,2025-07-01/2025-12-31,KEYWORD_COPYRIGHT_INFRINGEMENT,,LU,,,,,,,,,,,,,,
All,pub.dev,2025-07-01/2025-12-31,KEYWORD_DESIGN_INFRINGEMENT,,LU,,,,,,,,,,,,,,
All,pub.dev,2025-07-01/2025-12-31,KEYWORD_GEOGRAPHIC_INDICATIONS_INFRINGEMENT,,LU,,,,,,,,,,,,,,
All,pub.dev,2025-07-01/2025-12-31,KEYWORD_PATENT_INFRINGEMENT,,LU,,,,,,,,,,,,,,
All,pub.dev,2025-07-01/2025-12-31,KEYWORD_TRADE_SECRET_INFRINGEMENT,,LU,,,,,,,,,,,,,,
All,pub.dev,2025-07-01/2025-12-31,KEYWORD_TRADEMARK_INFRINGEMENT,,LU,,,,,,,,,,,,,,
All,pub.dev,2025-07-01/2025-12-31,KEYWORD_OTHER,CIRCUMVENTION,LU,,,,,,,,,,,,,,
All,pub.dev,2025-07-01/2025-12-31,KEYWORD_OTHER,INTELLECTUAL PROPERTY,LU,,,,,,,,,,,,,,
All,pub.dev,2025-07-01/2025-12-31,STATEMENT_CATEGORY_NEGATIVE_EFFECTS_ON_CIVIC_DISCOURSE_OR_ELECTIONS,,LU,,,,,,,,,,,,,,
All,pub.dev,2025-07-01/2025-12-31,KEYWORD_MISINFORMATION_DISINFORMATION,,LU,,,,,,,,,,,,,,
All,pub.dev,2025-07-01/2025-12-31,KEYWORD_VIOLATION_EU_LAW,,LU,,,,,,,,,,,,,,
All,pub.dev,2025-07-01/2025-12-31,KEYWORD_VIOLATION_NATIONAL_LAW,,LU,,,,,,,,,,,,,,
All,pub.dev,2025-07-01/2025-12-31,KEYWORD_OTHER,ELECTORAL,LU,,,,,,,,,,,,,,
All,pub.dev,2025-07-01/2025-12-31,KEYWORD_OTHER,HACKED_POLITICAL_MATERIALS,LU,,,,,,,,,,,,,,
All,pub.dev,2025-07-01/2025-12-31,KEYWORD_OTHER,POLITICAL_CONTENT,LU,,,,,,,,,,,,,,
All,pub.dev,2025-07-01/2025-12-31,KEYWORD_OTHER,SOCIAL_STABILITY,LU,,,,,,,,,,,,,,
All,pub.dev,2025-07-01/2025-12-31,KEYWORD_OTHER,SOCIETAL_VALUES,LU,,,,,,,,,,,,,,
All,pub.dev,2025-07-01/2025-12-31,STATEMENT_CATEGORY_PROTECTION_OF_MINORS,,LU,,,,,,,,,,,,,,
All,pub.dev,2025-07-01/2025-12-31,KEYWORD_AGE_SPECIFIC_RESTRICTIONS_MINORS,,LU,,,,,,,,,,,,,,
All,pub.dev,2025-07-01/2025-12-31,KEYWORD_CHILD_SEXUAL_ABUSE_MATERIAL,,LU,,,,,,,,,,,,,,
All,pub.dev,2025-07-01/2025-12-31,KEYWORD_CHILD_SEXUAL_ABUSE_MATERIAL_DEEPFAKE,,LU,,,,,,,,,,,,,,
All,pub.dev,2025-07-01/2025-12-31,KEYWORD_GROOMING_SEXUAL_ENTICEMENT_MINORS,,LU,,,,,,,,,,,,,,
All,pub.dev,2025-07-01/2025-12-31,KEYWORD_UNSAFE_CHALLENGES,,LU,,,,,,,,,,,,,,
All,pub.dev,2025-07-01/2025-12-31,KEYWORD_OTHER,CHILD_ENDANGERMENT,LU,,,,,,,,,,,,,,
All,pub.dev,2025-07-01/2025-12-31,KEYWORD_OTHER,CHILD_SAFETY,LU,,,,,,,,,,,,,,
All,pub.dev,2025-07-01/2025-12-31,KEYWORD_OTHER,HARMFUL_OR_DANGEROUS_ACTS_CHALLENGES_AND_PRANKS,LU,,,,,,,,,,,,,,
All,pub.dev,2025-07-01/2025-12-31,KEYWORD_OTHER,KNOWN_SERIES,LU,,,,,,,,,,,,,,
All,pub.dev,2025-07-01/2025-12-31,KEYWORD_OTHER,PROTECTION_OF_MINORS,LU,,,,,,,,,,,,,,
All,pub.dev,2025-07-01/2025-12-31,KEYWORD_OTHER,UNAUTHORIZED_IMAGE_OF_MINORS,LU,,,,,,,,,,,,,,
All,pub.dev,2025-07-01/2025-12-31,STATEMENT_CATEGORY_RISK_FOR_PUBLIC_SECURITY,,LU,,,,,,,,,,,,,,
All,pub.dev,2025-07-01/2025-12-31,KEYWORD_ILLEGAL_ORGANIZATIONS,,LU,,,,,,,,,,,,,,
All,pub.dev,2025-07-01/2025-12-31,KEYWORD_RISK_ENVIRONMENTAL_DAMAGE,,LU,,,,,,,,,,,,,,
All,pub.dev,2025-07-01/2025-12-31,KEYWORD_RISK_PUBLIC_HEALTH,,LU,,,,,,,,,,,,,,
All,pub.dev,2025-07-01/2025-12-31,KEYWORD_TERRORIST_CONTENT,,LU,,,,,,,,,,,,,,
All,pub.dev,2025-07-01/2025-12-31,KEYWORD_OTHER,COURT_ORDER,LU,,,,,,,,,,,,,,
All,pub.dev,2025-07-01/2025-12-31,KEYWORD_OTHER,RISK_FOR_PUBLIC_SECURITY,LU,,,,,,,,,,,,,,
All,pub.dev,2025-07-01/2025-12-31,KEYWORD_OTHER,SENSITIVE_EVENTS,LU,,,,,,,,,,,,,,
All,pub.dev,2025-07-01/2025-12-31,KEYWORD_OTHER,VIOLENT_EXTREMISM,LU,,,,,,,,,,,,,,
All,pub.dev,2025-07-01/2025-12-31,KEYWORD_OTHER,WRONGFUL_OR_UNAUTHORIZED_USE_OF_SYMBOLS,LU,,,,,,,,,,,,,,
All,pub.dev,2025-07-01/2025-12-31,STATEMENT_CATEGORY_SCAMS_AND_FRAUD,,LU,,,,,,,,,,,,,,
All,pub.dev,2025-07-01/2025-12-31,KEYWORD_IMPERSONATION_ACCOUNT_HIJACKING,,LU,,,,,,,,,,,,,,
All,pub.dev,2025-07-01/2025-12-31,KEYWORD_INAUTHENTIC_ACCOUNTS,,LU,,,,,,,,,,,,,,
All,pub.dev,2025-07-01/2025-12-31,KEYWORD_INAUTHENTIC_LISTINGS,,LU,,,,,,,,,,,,,,
All,pub.dev,2025-07-01/2025-12-31,KEYWORD_INAUTHENTIC_USER_REVIEWS,,LU,,,,,,,,,,,,,,
All,pub.dev,2025-07-01/2025-12-31,KEYWORD_PHISHING,,LU,,,,,,,,,,,,,,
All,pub.dev,2025-07-01/2025-12-31,KEYWORD_PYRAMID_SCHEMES,,LU,,,,,,,,,,,,,,
All,pub.dev,2025-07-01/2025-12-31,KEYWORD_OTHER,AD_FRAUD_POLICY,LU,,,,,,,,,,,,,,
All,pub.dev,2025-07-01/2025-12-31,KEYWORD_OTHER,ENCOURAGEMENT_OF_DIGITAL_SECURITY_OR_TERMS_OF_SERVICE_VIOLATIONS,LU,,,,,,,,,,,,,,
All,pub.dev,2025-07-01/2025-12-31,KEYWORD_OTHER,FRAUD,LU,,,,,,,,,,,,,,
All,pub.dev,2025-07-01/2025-12-31,KEYWORD_OTHER,MALWARE,LU,,,,,,,,,,,,,,
All,pub.dev,2025-07-01/2025-12-31,KEYWORD_OTHER,MALWARE_AND_PHISHING,LU,,,,,,,,,,,,,,
All,pub.dev,2025-07-01/2025-12-31,KEYWORD_OTHER,MALWARE_AND_SYSTEM_CIRCUMVENTION,LU,,,,,,,,,,,,,,
All,pub.dev,2025-07-01/2025-12-31,KEYWORD_OTHER,MISREPRESENTATION,LU,,,,,,,,,,,,,,
All,pub.dev,2025-07-01/2025-12-31,KEYWORD_OTHER,SCAMS,LU,,,,,,,,,,,,,,
All,pub.dev,2025-07-01/2025-12-31,KEYWORD_OTHER,SOCIAL_ENGINEERING_TACTICS,LU,,,,,,,,,,,,,,
All,pub.dev,2025-07-01/2025-12-31,STATEMENT_CATEGORY_SELF_HARM,,LU,,,,,,,,,,,,,,
All,pub.dev,2025-07-01/2025-12-31,KEYWORD_CONTENT_PROMOTING_EATING_DISORDERS,,LU,,,,,,,,,,,,,,
All,pub.dev,2025-07-01/2025-12-31,KEYWORD_SELF_MUTILATION,,LU,,,,,,,,,,,,,,
All,pub.dev,2025-07-01/2025-12-31,KEYWORD_SUICIDE,,LU,,,,,,,,,,,,,,
All,pub.dev,2025-07-01/2025-12-31,KEYWORD_OTHER,SELF_HARM,LU,,,,,,,,,,,,,,
All,pub.dev,2025-07-01/2025-12-31,KEYWORD_OTHER,SUICIDE_AND_SELF_HARM,LU,,,,,,,,,,,,,,
All,pub.dev,2025-07-01/2025-12-31,STATEMENT_CATEGORY_UNSAFE_AND_PROHIBITED_PRODUCTS,,LU,,,,,,,,,,,,,,
All,pub.dev,2025-07-01/2025-12-31,KEYWORD_PROHIBITED_PRODUCTS,,LU,,,,,,,,,,,,,,
All,pub.dev,2025-07-01/2025-12-31,KEYWORD_UNSAFE_PRODUCTS,,LU,,,,,,,,,,,,,,
All,pub.dev,2025-07-01/2025-12-31,KEYWORD_OTHER,COURT_ORDER,LU,,,,,,,,,,,,,,
All,pub.dev,2025-07-01/2025-12-31,KEYWORD_OTHER,ENABLING_DISHONEST_BEHAVIOR,LU,,,,,,,,,,,,,,
All,pub.dev,2025-07-01/2025-12-31,KEYWORD_OTHER,FIREARMS_AND_ILLEGAL_REGULATED_GOODS_OR_SERVICES,LU,,,,,,,,,,,,,,
All,pub.dev,2025-07-01/2025-12-31,KEYWORD_OTHER,OTHER_LEGAL_NOTICES_OR_ORDERS,LU,,,,,,,,,,,,,,
All,pub.dev,2025-07-01/2025-12-31,KEYWORD_OTHER,UNAUTHORIZED_PHARMACIES,LU,,,,,,,,,,,,,,
All,pub.dev,2025-07-01/2025-12-31,STATEMENT_CATEGORY_VIOLENCE,,LU,,,,,,,,,,,,,,
All,pub.dev,2025-07-01/2025-12-31,KEYWORD_COORDINATED_HARM,,LU,,,,,,,,,,,,,,
All,pub.dev,2025-07-01/2025-12-31,KEYWORD_INCITEMENT_VIOLENCE_HATRED,,LU,,,,,,,,,,,,,,
All,pub.dev,2025-07-01/2025-12-31,KEYWORD_HUMAN_EXPLOITATION,,LU,,,,,,,,,,,,,,
All,pub.dev,2025-07-01/2025-12-31,KEYWORD_HUMAN_TRAFFICKING,,LU,,,,,,,,,,,,,,
All,pub.dev,2025-07-01/2025-12-31,KEYWORD_TRAFFICKING_WOMEN_GIRLS,,LU,,,,,,,,,,,,,,
All,pub.dev,2025-07-01/2025-12-31,KEYWORD_OTHER,DEPICTION_OF VIOLENCE,LU,,,,,,,,,,,,,,
All,pub.dev,2025-07-01/2025-12-31,KEYWORD_OTHER,SHOCKING_CONTENT,LU,,,,,,,,,,,,,,
All,pub.dev,2025-07-01/2025-12-31,KEYWORD_OTHER,VIOLENT_OR_GRAPHIC_CONTENT,LU,,,,,,,,,,,,,,
All,pub.dev,2025-07-01/2025-12-31,STATEMENT_CATEGORY_NOT_SPECIFIED_ORDER,,LU,,,,,,,,,,,,,,
All,pub.dev,2025-07-01/2025-12-31,TOTAL,,MT,,,,,,,,,,,,,,
All,pub.dev,2025-07-01/2025-12-31,STATEMENT_CATEGORY_ANIMAL_WELFARE,,MT,,,,,,,,,,,,,,
All,pub.dev,2025-07-01/2025-12-31,KEYWORD_ANIMAL_HARM,,MT,,,,,,,,,,,,,,
All,pub.dev,2025-07-01/2025-12-31,KEYWORD_UNLAWFUL_SALE_ANIMALS,,MT,,,,,,,,,,,,,,
All,pub.dev,2025-07-01/2025-12-31,KEYWORD_OTHER,ANIMAL_CRUELTY,MT,,,,,,,,,,,,,,
All,pub.dev,2025-07-01/2025-12-31,KEYWORD_OTHER,ANIMAL_HARM_AND_UNLAWFUL_SALE,MT,,,,,,,,,,,,,,
All,pub.dev,2025-07-01/2025-12-31,STATEMENT_CATEGORY_CONSUMER_INFORMATION,,MT,,,,,,,,,,,,,,
All,pub.dev,2025-07-01/2025-12-31,KEYWORD_HIDDEN_ADVERTISEMENT,,MT,,,,,,,,,,,,,,
All,pub.dev,2025-07-01/2025-12-31,KEYWORD_INSUFFICIENT_INFORMATION_ON_TRADERS,,MT,,,,,,,,,,,,,,
All,pub.dev,2025-07-01/2025-12-31,KEYWORD_MISLEADING_INFO_GOODS_SERVICES,,MT,,,,,,,,,,,,,,
All,pub.dev,2025-07-01/2025-12-31,KEYWORD_MISLEADING_INFO_CONSUMER_RIGHTS,,MT,,,,,,,,,,,,,,
All,pub.dev,2025-07-01/2025-12-31,KEYWORD_NONCOMPLIANCE_PRICING,,MT,,,,,,,,,,,,,,
All,pub.dev,2025-07-01/2025-12-31,KEYWORD_OTHER,CONSUMER_PROTECTION,MT,,,,,,,,,,,,,,
All,pub.dev,2025-07-01/2025-12-31,KEYWORD_OTHER,MISREPRESENTATION,MT,,,,,,,,,,,,,,
All,pub.dev,2025-07-01/2025-12-31,STATEMENT_CATEGORY_CYBER_VIOLENCE,,MT,,,,,,,,,,,,,,
All,pub.dev,2025-07-01/2025-12-31,KEYWORD_CYBER_BULLYING_INTIMIDATION,,MT,,,,,,,,,,,,,,
All,pub.dev,2025-07-01/2025-12-31,KEYWORD_CYBER_HARASSMENT,,MT,,,,,,,,,,,,,,
All,pub.dev,2025-07-01/2025-12-31,KEYWORD_CYBER_INCITEMENT,,MT,,,,,,,,,,,,,,
All,pub.dev,2025-07-01/2025-12-31,KEYWORD_CYBER_STALKING,,MT,,,,,,,,,,,,,,
All,pub.dev,2025-07-01/2025-12-31,KEYWORD_NON_CONSENSUAL_IMAGE_SHARING,,MT,,,,,,,,,,,,,,
All,pub.dev,2025-07-01/2025-12-31,KEYWORD_NON_CONSENSUAL_MATERIAL_DEEPFAKE,,MT,,,,,,,,,,,,,,
All,pub.dev,2025-07-01/2025-12-31,KEYWORD_OTHER,DOXING,MT,,,,,,,,,,,,,,
All,pub.dev,2025-07-01/2025-12-31,KEYWORD_OTHER,HARASSMENT,MT,,,,,,,,,,,,,,
All,pub.dev,2025-07-01/2025-12-31,KEYWORD_OTHER,HARASSMENT_AND_CYBERBULLYING,MT,,,,,,,,,,,,,,
All,pub.dev,2025-07-01/2025-12-31,KEYWORD_OTHER,HARMFUL_ACTIVITIES,MT,,,,,,,,,,,,,,
All,pub.dev,2025-07-01/2025-12-31,KEYWORD_OTHER,SEXUAL_HARASSMENT,MT,,,,,,,,,,,,,,
All,pub.dev,2025-07-01/2025-12-31,KEYWORD_OTHER,OBSCENITY_OR_PORNOGRAPHY,MT,,,,,,,,,,,,,,
All,pub.dev,2025-07-01/2025-12-31,KEYWORD_OTHER,UNSAFE_CONTENT,MT,,,,,,,,,,,,,,
All,pub.dev,2025-07-01/2025-12-31,STATEMENT_CATEGORY_CYBER_VIOLENCE_AGAINST_WOMEN,,MT,,,,,,,,,,,,,,
All,pub.dev,2025-07-01/2025-12-31,KEYWORD_BULLYING_AGAINST_GIRLS,,MT,,,,,,,,,,,,,,
All,pub.dev,2025-07-01/2025-12-31,KEYWORD_CYBER_HARASSMENT_AGAINST_WOMEN,,MT,,,,,,,,,,,,,,
All,pub.dev,2025-07-01/2025-12-31,KEYWORD_CYBER_STALKING_AGAINST_WOMEN,,MT,,,,,,,,,,,,,,
All,pub.dev,2025-07-01/2025-12-31,KEYWORD_FEMALE_GENDERED_DISINFORMATION,,MT,,,,,,,,,,,,,,
All,pub.dev,2025-07-01/2025-12-31,KEYWORD_INCITEMENT_AGAINST_WOMEN,,MT,,,,,,,,,,,,,,
All,pub.dev,2025-07-01/2025-12-31,KEYWORD_NON_CONSENSUAL_IMAGE_SHARING_AGAINST_WOMEN,,MT,,,,,,,,,,,,,,
All,pub.dev,2025-07-01/2025-12-31,KEYWORD_NON_CONSENSUAL_MATERIAL_DEEPFAKE_AGAINST_WOMEN,,MT,,,,,,,,,,,,,,
All,pub.dev,2025-07-01/2025-12-31,KEYWORD_OTHER,"Text to detail the ""Other"" keyword.",MT,,,,,,,,,,,,,,
All,pub.dev,2025-07-01/2025-12-31,STATEMENT_CATEGORY_DATA_PROTECTION_AND_PRIVACY_VIOLATIONS,,MT,,,,,,,,,,,,,,
All,pub.dev,2025-07-01/2025-12-31,KEYWORD_BIOMETRIC_DATA_BREACH,,MT,,,,,,,,,,,,,,
All,pub.dev,2025-07-01/2025-12-31,KEYWORD_DATA_FALSIFICATION,,MT,,,,,,,,,,,,,,
All,pub.dev,2025-07-01/2025-12-31,KEYWORD_MISSING_PROCESSING_GROUND,,MT,,,,,,,,,,,,,,
All,pub.dev,2025-07-01/2025-12-31,KEYWORD_RIGHT_TO_BE_FORGOTTEN,,MT,,,,,,,,,,,,,,
All,pub.dev,2025-07-01/2025-12-31,KEYWORD_OTHER,DATA_COLLECTION_AND_USE,MT,,,,,,,,,,,,,,
All,pub.dev,2025-07-01/2025-12-31,KEYWORD_OTHER,DISCLOSURE_AND_CONSENT_PRACTICES,MT,,,,,,,,,,,,,,
All,pub.dev,2025-07-01/2025-12-31,KEYWORD_OTHER,GDPR,MT,,,,,,,,,,,,,,
All,pub.dev,2025-07-01/2025-12-31,KEYWORD_OTHER,PERSONAL_INFORMATION,MT,,,,,,,,,,,,,,
All,pub.dev,2025-07-01/2025-12-31,KEYWORD_OTHER,PERSONAL_RIGHTS,MT,,,,,,,,,,,,,,
All,pub.dev,2025-07-01/2025-12-31,KEYWORD_OTHER,PERSONALIZED_ADVERTISING,MT,,,,,,,,,,,,,,
All,pub.dev,2025-07-01/2025-12-31,KEYWORD_OTHER,PRIVACY,MT,,,,,,,,,,,,,,
All,pub.dev,2025-07-01/2025-12-31,KEYWORD_OTHER,PRIVACY_POLICY,MT,,,,,,,,,,,,,,
All,pub.dev,2025-07-01/2025-12-31,KEYWORD_OTHER,UNSECURE_DATA_HANDLING,MT,,,,,,,,,,,,,,
All,pub.dev,2025-07-01/2025-12-31,STATEMENT_CATEGORY_ILLEGAL_OR_HARMFUL_SPEECH,,MT,,,,,,,,,,,,,,
All,pub.dev,2025-07-01/2025-12-31,KEYWORD_DEFAMATION,,MT,,,,,,,,,,,,,,
All,pub.dev,2025-07-01/2025-12-31,KEYWORD_DISCRIMINATION,,MT,,,,,,,,,,,,,,
All,pub.dev,2025-07-01/2025-12-31,KEYWORD_HATE_SPEECH,,MT,,,,,,,,,,,,,,
All,pub.dev,2025-07-01/2025-12-31,KEYWORD_OTHER,HATEFUL_OR_ABUSIVE,MT,,,,,,,,,,,,,,
All,pub.dev,2025-07-01/2025-12-31,KEYWORD_OTHER,ILLEGAL_OR_HARMFUL_SPEECH,MT,,,,,,,,,,,,,,
All,pub.dev,2025-07-01/2025-12-31,KEYWORD_OTHER,OBSCENITY_AND_PROFANITY,MT,,,,,,,,,,,,,,
All,pub.dev,2025-07-01/2025-12-31,KEYWORD_OTHER,OFFENSIVE_CONTENT,MT,,,,,,,,,,,,,,
All,pub.dev,2025-07-01/2025-12-31,KEYWORD_OTHER,UNSAFE_CONTENT,MT,,,,,,,,,,,,,,
All,pub.dev,2025-07-01/2025-12-31,STATEMENT_CATEGORY_INTELLECTUAL_PROPERTY_INFRINGEMENTS,,MT,,,,,,,,,,,,,,
All,pub.dev,2025-07-01/2025-12-31,KEYWORD_COPYRIGHT_INFRINGEMENT,,MT,,,,,,,,,,,,,,
All,pub.dev,2025-07-01/2025-12-31,KEYWORD_DESIGN_INFRINGEMENT,,MT,,,,,,,,,,,,,,
All,pub.dev,2025-07-01/2025-12-31,KEYWORD_GEOGRAPHIC_INDICATIONS_INFRINGEMENT,,MT,,,,,,,,,,,,,,
All,pub.dev,2025-07-01/2025-12-31,KEYWORD_PATENT_INFRINGEMENT,,MT,,,,,,,,,,,,,,
All,pub.dev,2025-07-01/2025-12-31,KEYWORD_TRADE_SECRET_INFRINGEMENT,,MT,,,,,,,,,,,,,,
All,pub.dev,2025-07-01/2025-12-31,KEYWORD_TRADEMARK_INFRINGEMENT,,MT,,,,,,,,,,,,,,
All,pub.dev,2025-07-01/2025-12-31,KEYWORD_OTHER,CIRCUMVENTION,MT,,,,,,,,,,,,,,
All,pub.dev,2025-07-01/2025-12-31,KEYWORD_OTHER,INTELLECTUAL PROPERTY,MT,,,,,,,,,,,,,,
All,pub.dev,2025-07-01/2025-12-31,STATEMENT_CATEGORY_NEGATIVE_EFFECTS_ON_CIVIC_DISCOURSE_OR_ELECTIONS,,MT,,,,,,,,,,,,,,
All,pub.dev,2025-07-01/2025-12-31,KEYWORD_MISINFORMATION_DISINFORMATION,,MT,,,,,,,,,,,,,,
All,pub.dev,2025-07-01/2025-12-31,KEYWORD_VIOLATION_EU_LAW,,MT,,,,,,,,,,,,,,
All,pub.dev,2025-07-01/2025-12-31,KEYWORD_VIOLATION_NATIONAL_LAW,,MT,,,,,,,,,,,,,,
All,pub.dev,2025-07-01/2025-12-31,KEYWORD_OTHER,ELECTORAL,MT,,,,,,,,,,,,,,
All,pub.dev,2025-07-01/2025-12-31,KEYWORD_OTHER,HACKED_POLITICAL_MATERIALS,MT,,,,,,,,,,,,,,
All,pub.dev,2025-07-01/2025-12-31,KEYWORD_OTHER,POLITICAL_CONTENT,MT,,,,,,,,,,,,,,
All,pub.dev,2025-07-01/2025-12-31,KEYWORD_OTHER,SOCIAL_STABILITY,MT,,,,,,,,,,,,,,
All,pub.dev,2025-07-01/2025-12-31,KEYWORD_OTHER,SOCIETAL_VALUES,MT,,,,,,,,,,,,,,
All,pub.dev,2025-07-01/2025-12-31,STATEMENT_CATEGORY_PROTECTION_OF_MINORS,,MT,,,,,,,,,,,,,,
All,pub.dev,2025-07-01/2025-12-31,KEYWORD_AGE_SPECIFIC_RESTRICTIONS_MINORS,,MT,,,,,,,,,,,,,,
All,pub.dev,2025-07-01/2025-12-31,KEYWORD_CHILD_SEXUAL_ABUSE_MATERIAL,,MT,,,,,,,,,,,,,,
All,pub.dev,2025-07-01/2025-12-31,KEYWORD_CHILD_SEXUAL_ABUSE_MATERIAL_DEEPFAKE,,MT,,,,,,,,,,,,,,
All,pub.dev,2025-07-01/2025-12-31,KEYWORD_GROOMING_SEXUAL_ENTICEMENT_MINORS,,MT,,,,,,,,,,,,,,
All,pub.dev,2025-07-01/2025-12-31,KEYWORD_UNSAFE_CHALLENGES,,MT,,,,,,,,,,,,,,
All,pub.dev,2025-07-01/2025-12-31,KEYWORD_OTHER,CHILD_ENDANGERMENT,MT,,,,,,,,,,,,,,
All,pub.dev,2025-07-01/2025-12-31,KEYWORD_OTHER,CHILD_SAFETY,MT,,,,,,,,,,,,,,
All,pub.dev,2025-07-01/2025-12-31,KEYWORD_OTHER,HARMFUL_OR_DANGEROUS_ACTS_CHALLENGES_AND_PRANKS,MT,,,,,,,,,,,,,,
All,pub.dev,2025-07-01/2025-12-31,KEYWORD_OTHER,KNOWN_SERIES,MT,,,,,,,,,,,,,,
All,pub.dev,2025-07-01/2025-12-31,KEYWORD_OTHER,PROTECTION_OF_MINORS,MT,,,,,,,,,,,,,,
All,pub.dev,2025-07-01/2025-12-31,KEYWORD_OTHER,UNAUTHORIZED_IMAGE_OF_MINORS,MT,,,,,,,,,,,,,,
All,pub.dev,2025-07-01/2025-12-31,STATEMENT_CATEGORY_RISK_FOR_PUBLIC_SECURITY,,MT,,,,,,,,,,,,,,
All,pub.dev,2025-07-01/2025-12-31,KEYWORD_ILLEGAL_ORGANIZATIONS,,MT,,,,,,,,,,,,,,
All,pub.dev,2025-07-01/2025-12-31,KEYWORD_RISK_ENVIRONMENTAL_DAMAGE,,MT,,,,,,,,,,,,,,
All,pub.dev,2025-07-01/2025-12-31,KEYWORD_RISK_PUBLIC_HEALTH,,MT,,,,,,,,,,,,,,
All,pub.dev,2025-07-01/2025-12-31,KEYWORD_TERRORIST_CONTENT,,MT,,,,,,,,,,,,,,
All,pub.dev,2025-07-01/2025-12-31,KEYWORD_OTHER,COURT_ORDER,MT,,,,,,,,,,,,,,
All,pub.dev,2025-07-01/2025-12-31,KEYWORD_OTHER,RISK_FOR_PUBLIC_SECURITY,MT,,,,,,,,,,,,,,
All,pub.dev,2025-07-01/2025-12-31,KEYWORD_OTHER,SENSITIVE_EVENTS,MT,,,,,,,,,,,,,,
All,pub.dev,2025-07-01/2025-12-31,KEYWORD_OTHER,VIOLENT_EXTREMISM,MT,,,,,,,,,,,,,,
All,pub.dev,2025-07-01/2025-12-31,KEYWORD_OTHER,WRONGFUL_OR_UNAUTHORIZED_USE_OF_SYMBOLS,MT,,,,,,,,,,,,,,
All,pub.dev,2025-07-01/2025-12-31,STATEMENT_CATEGORY_SCAMS_AND_FRAUD,,MT,,,,,,,,,,,,,,
All,pub.dev,2025-07-01/2025-12-31,KEYWORD_IMPERSONATION_ACCOUNT_HIJACKING,,MT,,,,,,,,,,,,,,
All,pub.dev,2025-07-01/2025-12-31,KEYWORD_INAUTHENTIC_ACCOUNTS,,MT,,,,,,,,,,,,,,
All,pub.dev,2025-07-01/2025-12-31,KEYWORD_INAUTHENTIC_LISTINGS,,MT,,,,,,,,,,,,,,
All,pub.dev,2025-07-01/2025-12-31,KEYWORD_INAUTHENTIC_USER_REVIEWS,,MT,,,,,,,,,,,,,,
All,pub.dev,2025-07-01/2025-12-31,KEYWORD_PHISHING,,MT,,,,,,,,,,,,,,
All,pub.dev,2025-07-01/2025-12-31,KEYWORD_PYRAMID_SCHEMES,,MT,,,,,,,,,,,,,,
All,pub.dev,2025-07-01/2025-12-31,KEYWORD_OTHER,AD_FRAUD_POLICY,MT,,,,,,,,,,,,,,
All,pub.dev,2025-07-01/2025-12-31,KEYWORD_OTHER,ENCOURAGEMENT_OF_DIGITAL_SECURITY_OR_TERMS_OF_SERVICE_VIOLATIONS,MT,,,,,,,,,,,,,,
All,pub.dev,2025-07-01/2025-12-31,KEYWORD_OTHER,FRAUD,MT,,,,,,,,,,,,,,
All,pub.dev,2025-07-01/2025-12-31,KEYWORD_OTHER,MALWARE,MT,,,,,,,,,,,,,,
All,pub.dev,2025-07-01/2025-12-31,KEYWORD_OTHER,MALWARE_AND_PHISHING,MT,,,,,,,,,,,,,,
All,pub.dev,2025-07-01/2025-12-31,KEYWORD_OTHER,MALWARE_AND_SYSTEM_CIRCUMVENTION,MT,,,,,,,,,,,,,,
All,pub.dev,2025-07-01/2025-12-31,KEYWORD_OTHER,MISREPRESENTATION,MT,,,,,,,,,,,,,,
All,pub.dev,2025-07-01/2025-12-31,KEYWORD_OTHER,SCAMS,MT,,,,,,,,,,,,,,
All,pub.dev,2025-07-01/2025-12-31,KEYWORD_OTHER,SOCIAL_ENGINEERING_TACTICS,MT,,,,,,,,,,,,,,
All,pub.dev,2025-07-01/2025-12-31,STATEMENT_CATEGORY_SELF_HARM,,MT,,,,,,,,,,,,,,
All,pub.dev,2025-07-01/2025-12-31,KEYWORD_CONTENT_PROMOTING_EATING_DISORDERS,,MT,,,,,,,,,,,,,,
All,pub.dev,2025-07-01/2025-12-31,KEYWORD_SELF_MUTILATION,,MT,,,,,,,,,,,,,,
All,pub.dev,2025-07-01/2025-12-31,KEYWORD_SUICIDE,,MT,,,,,,,,,,,,,,
All,pub.dev,2025-07-01/2025-12-31,KEYWORD_OTHER,SELF_HARM,MT,,,,,,,,,,,,,,
All,pub.dev,2025-07-01/2025-12-31,KEYWORD_OTHER,SUICIDE_AND_SELF_HARM,MT,,,,,,,,,,,,,,
All,pub.dev,2025-07-01/2025-12-31,STATEMENT_CATEGORY_UNSAFE_AND_PROHIBITED_PRODUCTS,,MT,,,,,,,,,,,,,,
All,pub.dev,2025-07-01/2025-12-31,KEYWORD_PROHIBITED_PRODUCTS,,MT,,,,,,,,,,,,,,
All,pub.dev,2025-07-01/2025-12-31,KEYWORD_UNSAFE_PRODUCTS,,MT,,,,,,,,,,,,,,
All,pub.dev,2025-07-01/2025-12-31,KEYWORD_OTHER,COURT_ORDER,MT,,,,,,,,,,,,,,
All,pub.dev,2025-07-01/2025-12-31,KEYWORD_OTHER,ENABLING_DISHONEST_BEHAVIOR,MT,,,,,,,,,,,,,,
All,pub.dev,2025-07-01/2025-12-31,KEYWORD_OTHER,FIREARMS_AND_ILLEGAL_REGULATED_GOODS_OR_SERVICES,MT,,,,,,,,,,,,,,
All,pub.dev,2025-07-01/2025-12-31,KEYWORD_OTHER,OTHER_LEGAL_NOTICES_OR_ORDERS,MT,,,,,,,,,,,,,,
All,pub.dev,2025-07-01/2025-12-31,KEYWORD_OTHER,UNAUTHORIZED_PHARMACIES,MT,,,,,,,,,,,,,,
All,pub.dev,2025-07-01/2025-12-31,STATEMENT_CATEGORY_VIOLENCE,,MT,,,,,,,,,,,,,,
All,pub.dev,2025-07-01/2025-12-31,KEYWORD_COORDINATED_HARM,,MT,,,,,,,,,,,,,,
All,pub.dev,2025-07-01/2025-12-31,KEYWORD_INCITEMENT_VIOLENCE_HATRED,,MT,,,,,,,,,,,,,,
All,pub.dev,2025-07-01/2025-12-31,KEYWORD_HUMAN_EXPLOITATION,,MT,,,,,,,,,,,,,,
All,pub.dev,2025-07-01/2025-12-31,KEYWORD_HUMAN_TRAFFICKING,,MT,,,,,,,,,,,,,,
All,pub.dev,2025-07-01/2025-12-31,KEYWORD_TRAFFICKING_WOMEN_GIRLS,,MT,,,,,,,,,,,,,,
All,pub.dev,2025-07-01/2025-12-31,KEYWORD_OTHER,DEPICTION_OF VIOLENCE,MT,,,,,,,,,,,,,,
All,pub.dev,2025-07-01/2025-12-31,KEYWORD_OTHER,SHOCKING_CONTENT,MT,,,,,,,,,,,,,,
All,pub.dev,2025-07-01/2025-12-31,KEYWORD_OTHER,VIOLENT_OR_GRAPHIC_CONTENT,MT,,,,,,,,,,,,,,
All,pub.dev,2025-07-01/2025-12-31,STATEMENT_CATEGORY_NOT_SPECIFIED_ORDER,,MT,,,,,,,,,,,,,,
All,pub.dev,2025-07-01/2025-12-31,TOTAL,,NL,,,,,,,,,,,,,,
All,pub.dev,2025-07-01/2025-12-31,STATEMENT_CATEGORY_ANIMAL_WELFARE,,NL,,,,,,,,,,,,,,
All,pub.dev,2025-07-01/2025-12-31,KEYWORD_ANIMAL_HARM,,NL,,,,,,,,,,,,,,
All,pub.dev,2025-07-01/2025-12-31,KEYWORD_UNLAWFUL_SALE_ANIMALS,,NL,,,,,,,,,,,,,,
All,pub.dev,2025-07-01/2025-12-31,KEYWORD_OTHER,ANIMAL_CRUELTY,NL,,,,,,,,,,,,,,
All,pub.dev,2025-07-01/2025-12-31,KEYWORD_OTHER,ANIMAL_HARM_AND_UNLAWFUL_SALE,NL,,,,,,,,,,,,,,
All,pub.dev,2025-07-01/2025-12-31,STATEMENT_CATEGORY_CONSUMER_INFORMATION,,NL,,,,,,,,,,,,,,
All,pub.dev,2025-07-01/2025-12-31,KEYWORD_HIDDEN_ADVERTISEMENT,,NL,,,,,,,,,,,,,,
All,pub.dev,2025-07-01/2025-12-31,KEYWORD_INSUFFICIENT_INFORMATION_ON_TRADERS,,NL,,,,,,,,,,,,,,
All,pub.dev,2025-07-01/2025-12-31,KEYWORD_MISLEADING_INFO_GOODS_SERVICES,,NL,,,,,,,,,,,,,,
All,pub.dev,2025-07-01/2025-12-31,KEYWORD_MISLEADING_INFO_CONSUMER_RIGHTS,,NL,,,,,,,,,,,,,,
All,pub.dev,2025-07-01/2025-12-31,KEYWORD_NONCOMPLIANCE_PRICING,,NL,,,,,,,,,,,,,,
All,pub.dev,2025-07-01/2025-12-31,KEYWORD_OTHER,CONSUMER_PROTECTION,NL,,,,,,,,,,,,,,
All,pub.dev,2025-07-01/2025-12-31,KEYWORD_OTHER,MISREPRESENTATION,NL,,,,,,,,,,,,,,
All,pub.dev,2025-07-01/2025-12-31,STATEMENT_CATEGORY_CYBER_VIOLENCE,,NL,,,,,,,,,,,,,,
All,pub.dev,2025-07-01/2025-12-31,KEYWORD_CYBER_BULLYING_INTIMIDATION,,NL,,,,,,,,,,,,,,
All,pub.dev,2025-07-01/2025-12-31,KEYWORD_CYBER_HARASSMENT,,NL,,,,,,,,,,,,,,
All,pub.dev,2025-07-01/2025-12-31,KEYWORD_CYBER_INCITEMENT,,NL,,,,,,,,,,,,,,
All,pub.dev,2025-07-01/2025-12-31,KEYWORD_CYBER_STALKING,,NL,,,,,,,,,,,,,,
All,pub.dev,2025-07-01/2025-12-31,KEYWORD_NON_CONSENSUAL_IMAGE_SHARING,,NL,,,,,,,,,,,,,,
All,pub.dev,2025-07-01/2025-12-31,KEYWORD_NON_CONSENSUAL_MATERIAL_DEEPFAKE,,NL,,,,,,,,,,,,,,
All,pub.dev,2025-07-01/2025-12-31,KEYWORD_OTHER,DOXING,NL,,,,,,,,,,,,,,
All,pub.dev,2025-07-01/2025-12-31,KEYWORD_OTHER,HARASSMENT,NL,,,,,,,,,,,,,,
All,pub.dev,2025-07-01/2025-12-31,KEYWORD_OTHER,HARASSMENT_AND_CYBERBULLYING,NL,,,,,,,,,,,,,,
All,pub.dev,2025-07-01/2025-12-31,KEYWORD_OTHER,HARMFUL_ACTIVITIES,NL,,,,,,,,,,,,,,
All,pub.dev,2025-07-01/2025-12-31,KEYWORD_OTHER,SEXUAL_HARASSMENT,NL,,,,,,,,,,,,,,
All,pub.dev,2025-07-01/2025-12-31,KEYWORD_OTHER,OBSCENITY_OR_PORNOGRAPHY,NL,,,,,,,,,,,,,,
All,pub.dev,2025-07-01/2025-12-31,KEYWORD_OTHER,UNSAFE_CONTENT,NL,,,,,,,,,,,,,,
All,pub.dev,2025-07-01/2025-12-31,STATEMENT_CATEGORY_CYBER_VIOLENCE_AGAINST_WOMEN,,NL,,,,,,,,,,,,,,
All,pub.dev,2025-07-01/2025-12-31,KEYWORD_BULLYING_AGAINST_GIRLS,,NL,,,,,,,,,,,,,,
All,pub.dev,2025-07-01/2025-12-31,KEYWORD_CYBER_HARASSMENT_AGAINST_WOMEN,,NL,,,,,,,,,,,,,,
All,pub.dev,2025-07-01/2025-12-31,KEYWORD_CYBER_STALKING_AGAINST_WOMEN,,NL,,,,,,,,,,,,,,
All,pub.dev,2025-07-01/2025-12-31,KEYWORD_FEMALE_GENDERED_DISINFORMATION,,NL,,,,,,,,,,,,,,
All,pub.dev,2025-07-01/2025-12-31,KEYWORD_INCITEMENT_AGAINST_WOMEN,,NL,,,,,,,,,,,,,,
All,pub.dev,2025-07-01/2025-12-31,KEYWORD_NON_CONSENSUAL_IMAGE_SHARING_AGAINST_WOMEN,,NL,,,,,,,,,,,,,,
All,pub.dev,2025-07-01/2025-12-31,KEYWORD_NON_CONSENSUAL_MATERIAL_DEEPFAKE_AGAINST_WOMEN,,NL,,,,,,,,,,,,,,
All,pub.dev,2025-07-01/2025-12-31,KEYWORD_OTHER,"Text to detail the ""Other"" keyword.",NL,,,,,,,,,,,,,,
All,pub.dev,2025-07-01/2025-12-31,STATEMENT_CATEGORY_DATA_PROTECTION_AND_PRIVACY_VIOLATIONS,,NL,,,,,,,,,,,,,,
All,pub.dev,2025-07-01/2025-12-31,KEYWORD_BIOMETRIC_DATA_BREACH,,NL,,,,,,,,,,,,,,
All,pub.dev,2025-07-01/2025-12-31,KEYWORD_DATA_FALSIFICATION,,NL,,,,,,,,,,,,,,
All,pub.dev,2025-07-01/2025-12-31,KEYWORD_MISSING_PROCESSING_GROUND,,NL,,,,,,,,,,,,,,
All,pub.dev,2025-07-01/2025-12-31,KEYWORD_RIGHT_TO_BE_FORGOTTEN,,NL,,,,,,,,,,,,,,
All,pub.dev,2025-07-01/2025-12-31,KEYWORD_OTHER,DATA_COLLECTION_AND_USE,NL,,,,,,,,,,,,,,
All,pub.dev,2025-07-01/2025-12-31,KEYWORD_OTHER,DISCLOSURE_AND_CONSENT_PRACTICES,NL,,,,,,,,,,,,,,
All,pub.dev,2025-07-01/2025-12-31,KEYWORD_OTHER,GDPR,NL,,,,,,,,,,,,,,
All,pub.dev,2025-07-01/2025-12-31,KEYWORD_OTHER,PERSONAL_INFORMATION,NL,,,,,,,,,,,,,,
All,pub.dev,2025-07-01/2025-12-31,KEYWORD_OTHER,PERSONAL_RIGHTS,NL,,,,,,,,,,,,,,
All,pub.dev,2025-07-01/2025-12-31,KEYWORD_OTHER,PERSONALIZED_ADVERTISING,NL,,,,,,,,,,,,,,
All,pub.dev,2025-07-01/2025-12-31,KEYWORD_OTHER,PRIVACY,NL,,,,,,,,,,,,,,
All,pub.dev,2025-07-01/2025-12-31,KEYWORD_OTHER,PRIVACY_POLICY,NL,,,,,,,,,,,,,,
All,pub.dev,2025-07-01/2025-12-31,KEYWORD_OTHER,UNSECURE_DATA_HANDLING,NL,,,,,,,,,,,,,,
All,pub.dev,2025-07-01/2025-12-31,STATEMENT_CATEGORY_ILLEGAL_OR_HARMFUL_SPEECH,,NL,,,,,,,,,,,,,,
All,pub.dev,2025-07-01/2025-12-31,KEYWORD_DEFAMATION,,NL,,,,,,,,,,,,,,
All,pub.dev,2025-07-01/2025-12-31,KEYWORD_DISCRIMINATION,,NL,,,,,,,,,,,,,,
All,pub.dev,2025-07-01/2025-12-31,KEYWORD_HATE_SPEECH,,NL,,,,,,,,,,,,,,
All,pub.dev,2025-07-01/2025-12-31,KEYWORD_OTHER,HATEFUL_OR_ABUSIVE,NL,,,,,,,,,,,,,,
All,pub.dev,2025-07-01/2025-12-31,KEYWORD_OTHER,ILLEGAL_OR_HARMFUL_SPEECH,NL,,,,,,,,,,,,,,
All,pub.dev,2025-07-01/2025-12-31,KEYWORD_OTHER,OBSCENITY_AND_PROFANITY,NL,,,,,,,,,,,,,,
All,pub.dev,2025-07-01/2025-12-31,KEYWORD_OTHER,OFFENSIVE_CONTENT,NL,,,,,,,,,,,,,,
All,pub.dev,2025-07-01/2025-12-31,KEYWORD_OTHER,UNSAFE_CONTENT,NL,,,,,,,,,,,,,,
All,pub.dev,2025-07-01/2025-12-31,STATEMENT_CATEGORY_INTELLECTUAL_PROPERTY_INFRINGEMENTS,,NL,,,,,,,,,,,,,,
All,pub.dev,2025-07-01/2025-12-31,KEYWORD_COPYRIGHT_INFRINGEMENT,,NL,,,,,,,,,,,,,,
All,pub.dev,2025-07-01/2025-12-31,KEYWORD_DESIGN_INFRINGEMENT,,NL,,,,,,,,,,,,,,
All,pub.dev,2025-07-01/2025-12-31,KEYWORD_GEOGRAPHIC_INDICATIONS_INFRINGEMENT,,NL,,,,,,,,,,,,,,
All,pub.dev,2025-07-01/2025-12-31,KEYWORD_PATENT_INFRINGEMENT,,NL,,,,,,,,,,,,,,
All,pub.dev,2025-07-01/2025-12-31,KEYWORD_TRADE_SECRET_INFRINGEMENT,,NL,,,,,,,,,,,,,,
All,pub.dev,2025-07-01/2025-12-31,KEYWORD_TRADEMARK_INFRINGEMENT,,NL,,,,,,,,,,,,,,
All,pub.dev,2025-07-01/2025-12-31,KEYWORD_OTHER,CIRCUMVENTION,NL,,,,,,,,,,,,,,
All,pub.dev,2025-07-01/2025-12-31,KEYWORD_OTHER,INTELLECTUAL PROPERTY,NL,,,,,,,,,,,,,,
All,pub.dev,2025-07-01/2025-12-31,STATEMENT_CATEGORY_NEGATIVE_EFFECTS_ON_CIVIC_DISCOURSE_OR_ELECTIONS,,NL,,,,,,,,,,,,,,
All,pub.dev,2025-07-01/2025-12-31,KEYWORD_MISINFORMATION_DISINFORMATION,,NL,,,,,,,,,,,,,,
All,pub.dev,2025-07-01/2025-12-31,KEYWORD_VIOLATION_EU_LAW,,NL,,,,,,,,,,,,,,
All,pub.dev,2025-07-01/2025-12-31,KEYWORD_VIOLATION_NATIONAL_LAW,,NL,,,,,,,,,,,,,,
All,pub.dev,2025-07-01/2025-12-31,KEYWORD_OTHER,ELECTORAL,NL,,,,,,,,,,,,,,
All,pub.dev,2025-07-01/2025-12-31,KEYWORD_OTHER,HACKED_POLITICAL_MATERIALS,NL,,,,,,,,,,,,,,
All,pub.dev,2025-07-01/2025-12-31,KEYWORD_OTHER,POLITICAL_CONTENT,NL,,,,,,,,,,,,,,
All,pub.dev,2025-07-01/2025-12-31,KEYWORD_OTHER,SOCIAL_STABILITY,NL,,,,,,,,,,,,,,
All,pub.dev,2025-07-01/2025-12-31,KEYWORD_OTHER,SOCIETAL_VALUES,NL,,,,,,,,,,,,,,
All,pub.dev,2025-07-01/2025-12-31,STATEMENT_CATEGORY_PROTECTION_OF_MINORS,,NL,,,,,,,,,,,,,,
All,pub.dev,2025-07-01/2025-12-31,KEYWORD_AGE_SPECIFIC_RESTRICTIONS_MINORS,,NL,,,,,,,,,,,,,,
All,pub.dev,2025-07-01/2025-12-31,KEYWORD_CHILD_SEXUAL_ABUSE_MATERIAL,,NL,,,,,,,,,,,,,,
All,pub.dev,2025-07-01/2025-12-31,KEYWORD_CHILD_SEXUAL_ABUSE_MATERIAL_DEEPFAKE,,NL,,,,,,,,,,,,,,
All,pub.dev,2025-07-01/2025-12-31,KEYWORD_GROOMING_SEXUAL_ENTICEMENT_MINORS,,NL,,,,,,,,,,,,,,
All,pub.dev,2025-07-01/2025-12-31,KEYWORD_UNSAFE_CHALLENGES,,NL,,,,,,,,,,,,,,
All,pub.dev,2025-07-01/2025-12-31,KEYWORD_OTHER,CHILD_ENDANGERMENT,NL,,,,,,,,,,,,,,
All,pub.dev,2025-07-01/2025-12-31,KEYWORD_OTHER,CHILD_SAFETY,NL,,,,,,,,,,,,,,
All,pub.dev,2025-07-01/2025-12-31,KEYWORD_OTHER,HARMFUL_OR_DANGEROUS_ACTS_CHALLENGES_AND_PRANKS,NL,,,,,,,,,,,,,,
All,pub.dev,2025-07-01/2025-12-31,KEYWORD_OTHER,KNOWN_SERIES,NL,,,,,,,,,,,,,,
All,pub.dev,2025-07-01/2025-12-31,KEYWORD_OTHER,PROTECTION_OF_MINORS,NL,,,,,,,,,,,,,,
All,pub.dev,2025-07-01/2025-12-31,KEYWORD_OTHER,UNAUTHORIZED_IMAGE_OF_MINORS,NL,,,,,,,,,,,,,,
All,pub.dev,2025-07-01/2025-12-31,STATEMENT_CATEGORY_RISK_FOR_PUBLIC_SECURITY,,NL,,,,,,,,,,,,,,
All,pub.dev,2025-07-01/2025-12-31,KEYWORD_ILLEGAL_ORGANIZATIONS,,NL,,,,,,,,,,,,,,
All,pub.dev,2025-07-01/2025-12-31,KEYWORD_RISK_ENVIRONMENTAL_DAMAGE,,NL,,,,,,,,,,,,,,
All,pub.dev,2025-07-01/2025-12-31,KEYWORD_RISK_PUBLIC_HEALTH,,NL,,,,,,,,,,,,,,
All,pub.dev,2025-07-01/2025-12-31,KEYWORD_TERRORIST_CONTENT,,NL,,,,,,,,,,,,,,
All,pub.dev,2025-07-01/2025-12-31,KEYWORD_OTHER,COURT_ORDER,NL,,,,,,,,,,,,,,
All,pub.dev,2025-07-01/2025-12-31,KEYWORD_OTHER,RISK_FOR_PUBLIC_SECURITY,NL,,,,,,,,,,,,,,
All,pub.dev,2025-07-01/2025-12-31,KEYWORD_OTHER,SENSITIVE_EVENTS,NL,,,,,,,,,,,,,,
All,pub.dev,2025-07-01/2025-12-31,KEYWORD_OTHER,VIOLENT_EXTREMISM,NL,,,,,,,,,,,,,,
All,pub.dev,2025-07-01/2025-12-31,KEYWORD_OTHER,WRONGFUL_OR_UNAUTHORIZED_USE_OF_SYMBOLS,NL,,,,,,,,,,,,,,
All,pub.dev,2025-07-01/2025-12-31,STATEMENT_CATEGORY_SCAMS_AND_FRAUD,,NL,,,,,,,,,,,,,,
All,pub.dev,2025-07-01/2025-12-31,KEYWORD_IMPERSONATION_ACCOUNT_HIJACKING,,NL,,,,,,,,,,,,,,
All,pub.dev,2025-07-01/2025-12-31,KEYWORD_INAUTHENTIC_ACCOUNTS,,NL,,,,,,,,,,,,,,
All,pub.dev,2025-07-01/2025-12-31,KEYWORD_INAUTHENTIC_LISTINGS,,NL,,,,,,,,,,,,,,
All,pub.dev,2025-07-01/2025-12-31,KEYWORD_INAUTHENTIC_USER_REVIEWS,,NL,,,,,,,,,,,,,,
All,pub.dev,2025-07-01/2025-12-31,KEYWORD_PHISHING,,NL,,,,,,,,,,,,,,
All,pub.dev,2025-07-01/2025-12-31,KEYWORD_PYRAMID_SCHEMES,,NL,,,,,,,,,,,,,,
All,pub.dev,2025-07-01/2025-12-31,KEYWORD_OTHER,AD_FRAUD_POLICY,NL,,,,,,,,,,,,,,
All,pub.dev,2025-07-01/2025-12-31,KEYWORD_OTHER,ENCOURAGEMENT_OF_DIGITAL_SECURITY_OR_TERMS_OF_SERVICE_VIOLATIONS,NL,,,,,,,,,,,,,,
All,pub.dev,2025-07-01/2025-12-31,KEYWORD_OTHER,FRAUD,NL,,,,,,,,,,,,,,
All,pub.dev,2025-07-01/2025-12-31,KEYWORD_OTHER,MALWARE,NL,,,,,,,,,,,,,,
All,pub.dev,2025-07-01/2025-12-31,KEYWORD_OTHER,MALWARE_AND_PHISHING,NL,,,,,,,,,,,,,,
All,pub.dev,2025-07-01/2025-12-31,KEYWORD_OTHER,MALWARE_AND_SYSTEM_CIRCUMVENTION,NL,,,,,,,,,,,,,,
All,pub.dev,2025-07-01/2025-12-31,KEYWORD_OTHER,MISREPRESENTATION,NL,,,,,,,,,,,,,,
All,pub.dev,2025-07-01/2025-12-31,KEYWORD_OTHER,SCAMS,NL,,,,,,,,,,,,,,
All,pub.dev,2025-07-01/2025-12-31,KEYWORD_OTHER,SOCIAL_ENGINEERING_TACTICS,NL,,,,,,,,,,,,,,
All,pub.dev,2025-07-01/2025-12-31,STATEMENT_CATEGORY_SELF_HARM,,NL,,,,,,,,,,,,,,
All,pub.dev,2025-07-01/2025-12-31,KEYWORD_CONTENT_PROMOTING_EATING_DISORDERS,,NL,,,,,,,,,,,,,,
All,pub.dev,2025-07-01/2025-12-31,KEYWORD_SELF_MUTILATION,,NL,,,,,,,,,,,,,,
All,pub.dev,2025-07-01/2025-12-31,KEYWORD_SUICIDE,,NL,,,,,,,,,,,,,,
All,pub.dev,2025-07-01/2025-12-31,KEYWORD_OTHER,SELF_HARM,NL,,,,,,,,,,,,,,
All,pub.dev,2025-07-01/2025-12-31,KEYWORD_OTHER,SUICIDE_AND_SELF_HARM,NL,,,,,,,,,,,,,,
All,pub.dev,2025-07-01/2025-12-31,STATEMENT_CATEGORY_UNSAFE_AND_PROHIBITED_PRODUCTS,,NL,,,,,,,,,,,,,,
All,pub.dev,2025-07-01/2025-12-31,KEYWORD_PROHIBITED_PRODUCTS,,NL,,,,,,,,,,,,,,
All,pub.dev,2025-07-01/2025-12-31,KEYWORD_UNSAFE_PRODUCTS,,NL,,,,,,,,,,,,,,
All,pub.dev,2025-07-01/2025-12-31,KEYWORD_OTHER,COURT_ORDER,NL,,,,,,,,,,,,,,
All,pub.dev,2025-07-01/2025-12-31,KEYWORD_OTHER,ENABLING_DISHONEST_BEHAVIOR,NL,,,,,,,,,,,,,,
All,pub.dev,2025-07-01/2025-12-31,KEYWORD_OTHER,FIREARMS_AND_ILLEGAL_REGULATED_GOODS_OR_SERVICES,NL,,,,,,,,,,,,,,
All,pub.dev,2025-07-01/2025-12-31,KEYWORD_OTHER,OTHER_LEGAL_NOTICES_OR_ORDERS,NL,,,,,,,,,,,,,,
All,pub.dev,2025-07-01/2025-12-31,KEYWORD_OTHER,UNAUTHORIZED_PHARMACIES,NL,,,,,,,,,,,,,,
All,pub.dev,2025-07-01/2025-12-31,STATEMENT_CATEGORY_VIOLENCE,,NL,,,,,,,,,,,,,,
All,pub.dev,2025-07-01/2025-12-31,KEYWORD_COORDINATED_HARM,,NL,,,,,,,,,,,,,,
All,pub.dev,2025-07-01/2025-12-31,KEYWORD_INCITEMENT_VIOLENCE_HATRED,,NL,,,,,,,,,,,,,,
All,pub.dev,2025-07-01/2025-12-31,KEYWORD_HUMAN_EXPLOITATION,,NL,,,,,,,,,,,,,,
All,pub.dev,2025-07-01/2025-12-31,KEYWORD_HUMAN_TRAFFICKING,,NL,,,,,,,,,,,,,,
All,pub.dev,2025-07-01/2025-12-31,KEYWORD_TRAFFICKING_WOMEN_GIRLS,,NL,,,,,,,,,,,,,,
All,pub.dev,2025-07-01/2025-12-31,KEYWORD_OTHER,DEPICTION_OF VIOLENCE,NL,,,,,,,,,,,,,,
All,pub.dev,2025-07-01/2025-12-31,KEYWORD_OTHER,SHOCKING_CONTENT,NL,,,,,,,,,,,,,,
All,pub.dev,2025-07-01/2025-12-31,KEYWORD_OTHER,VIOLENT_OR_GRAPHIC_CONTENT,NL,,,,,,,,,,,,,,
All,pub.dev,2025-07-01/2025-12-31,STATEMENT_CATEGORY_NOT_SPECIFIED_ORDER,,NL,,,,,,,,,,,,,,
All,pub.dev,2025-07-01/2025-12-31,TOTAL,,PL,,,,,,,,,,,,,,
All,pub.dev,2025-07-01/2025-12-31,STATEMENT_CATEGORY_ANIMAL_WELFARE,,PL,,,,,,,,,,,,,,
All,pub.dev,2025-07-01/2025-12-31,KEYWORD_ANIMAL_HARM,,PL,,,,,,,,,,,,,,
All,pub.dev,2025-07-01/2025-12-31,KEYWORD_UNLAWFUL_SALE_ANIMALS,,PL,,,,,,,,,,,,,,
All,pub.dev,2025-07-01/2025-12-31,KEYWORD_OTHER,ANIMAL_CRUELTY,PL,,,,,,,,,,,,,,
All,pub.dev,2025-07-01/2025-12-31,KEYWORD_OTHER,ANIMAL_HARM_AND_UNLAWFUL_SALE,PL,,,,,,,,,,,,,,
All,pub.dev,2025-07-01/2025-12-31,STATEMENT_CATEGORY_CONSUMER_INFORMATION,,PL,,,,,,,,,,,,,,
All,pub.dev,2025-07-01/2025-12-31,KEYWORD_HIDDEN_ADVERTISEMENT,,PL,,,,,,,,,,,,,,
All,pub.dev,2025-07-01/2025-12-31,KEYWORD_INSUFFICIENT_INFORMATION_ON_TRADERS,,PL,,,,,,,,,,,,,,
All,pub.dev,2025-07-01/2025-12-31,KEYWORD_MISLEADING_INFO_GOODS_SERVICES,,PL,,,,,,,,,,,,,,
All,pub.dev,2025-07-01/2025-12-31,KEYWORD_MISLEADING_INFO_CONSUMER_RIGHTS,,PL,,,,,,,,,,,,,,
All,pub.dev,2025-07-01/2025-12-31,KEYWORD_NONCOMPLIANCE_PRICING,,PL,,,,,,,,,,,,,,
All,pub.dev,2025-07-01/2025-12-31,KEYWORD_OTHER,CONSUMER_PROTECTION,PL,,,,,,,,,,,,,,
All,pub.dev,2025-07-01/2025-12-31,KEYWORD_OTHER,MISREPRESENTATION,PL,,,,,,,,,,,,,,
All,pub.dev,2025-07-01/2025-12-31,STATEMENT_CATEGORY_CYBER_VIOLENCE,,PL,,,,,,,,,,,,,,
All,pub.dev,2025-07-01/2025-12-31,KEYWORD_CYBER_BULLYING_INTIMIDATION,,PL,,,,,,,,,,,,,,
All,pub.dev,2025-07-01/2025-12-31,KEYWORD_CYBER_HARASSMENT,,PL,,,,,,,,,,,,,,
All,pub.dev,2025-07-01/2025-12-31,KEYWORD_CYBER_INCITEMENT,,PL,,,,,,,,,,,,,,
All,pub.dev,2025-07-01/2025-12-31,KEYWORD_CYBER_STALKING,,PL,,,,,,,,,,,,,,
All,pub.dev,2025-07-01/2025-12-31,KEYWORD_NON_CONSENSUAL_IMAGE_SHARING,,PL,,,,,,,,,,,,,,
All,pub.dev,2025-07-01/2025-12-31,KEYWORD_NON_CONSENSUAL_MATERIAL_DEEPFAKE,,PL,,,,,,,,,,,,,,
All,pub.dev,2025-07-01/2025-12-31,KEYWORD_OTHER,DOXING,PL,,,,,,,,,,,,,,
All,pub.dev,2025-07-01/2025-12-31,KEYWORD_OTHER,HARASSMENT,PL,,,,,,,,,,,,,,
All,pub.dev,2025-07-01/2025-12-31,KEYWORD_OTHER,HARASSMENT_AND_CYBERBULLYING,PL,,,,,,,,,,,,,,
All,pub.dev,2025-07-01/2025-12-31,KEYWORD_OTHER,HARMFUL_ACTIVITIES,PL,,,,,,,,,,,,,,
All,pub.dev,2025-07-01/2025-12-31,KEYWORD_OTHER,SEXUAL_HARASSMENT,PL,,,,,,,,,,,,,,
All,pub.dev,2025-07-01/2025-12-31,KEYWORD_OTHER,OBSCENITY_OR_PORNOGRAPHY,PL,,,,,,,,,,,,,,
All,pub.dev,2025-07-01/2025-12-31,KEYWORD_OTHER,UNSAFE_CONTENT,PL,,,,,,,,,,,,,,
All,pub.dev,2025-07-01/2025-12-31,STATEMENT_CATEGORY_CYBER_VIOLENCE_AGAINST_WOMEN,,PL,,,,,,,,,,,,,,
All,pub.dev,2025-07-01/2025-12-31,KEYWORD_BULLYING_AGAINST_GIRLS,,PL,,,,,,,,,,,,,,
All,pub.dev,2025-07-01/2025-12-31,KEYWORD_CYBER_HARASSMENT_AGAINST_WOMEN,,PL,,,,,,,,,,,,,,
All,pub.dev,2025-07-01/2025-12-31,KEYWORD_CYBER_STALKING_AGAINST_WOMEN,,PL,,,,,,,,,,,,,,
All,pub.dev,2025-07-01/2025-12-31,KEYWORD_FEMALE_GENDERED_DISINFORMATION,,PL,,,,,,,,,,,,,,
All,pub.dev,2025-07-01/2025-12-31,KEYWORD_INCITEMENT_AGAINST_WOMEN,,PL,,,,,,,,,,,,,,
All,pub.dev,2025-07-01/2025-12-31,KEYWORD_NON_CONSENSUAL_IMAGE_SHARING_AGAINST_WOMEN,,PL,,,,,,,,,,,,,,
All,pub.dev,2025-07-01/2025-12-31,KEYWORD_NON_CONSENSUAL_MATERIAL_DEEPFAKE_AGAINST_WOMEN,,PL,,,,,,,,,,,,,,
All,pub.dev,2025-07-01/2025-12-31,KEYWORD_OTHER,"Text to detail the ""Other"" keyword.",PL,,,,,,,,,,,,,,
All,pub.dev,2025-07-01/2025-12-31,STATEMENT_CATEGORY_DATA_PROTECTION_AND_PRIVACY_VIOLATIONS,,PL,,,,,,,,,,,,,,
All,pub.dev,2025-07-01/2025-12-31,KEYWORD_BIOMETRIC_DATA_BREACH,,PL,,,,,,,,,,,,,,
All,pub.dev,2025-07-01/2025-12-31,KEYWORD_DATA_FALSIFICATION,,PL,,,,,,,,,,,,,,
All,pub.dev,2025-07-01/2025-12-31,KEYWORD_MISSING_PROCESSING_GROUND,,PL,,,,,,,,,,,,,,
All,pub.dev,2025-07-01/2025-12-31,KEYWORD_RIGHT_TO_BE_FORGOTTEN,,PL,,,,,,,,,,,,,,
All,pub.dev,2025-07-01/2025-12-31,KEYWORD_OTHER,DATA_COLLECTION_AND_USE,PL,,,,,,,,,,,,,,
All,pub.dev,2025-07-01/2025-12-31,KEYWORD_OTHER,DISCLOSURE_AND_CONSENT_PRACTICES,PL,,,,,,,,,,,,,,
All,pub.dev,2025-07-01/2025-12-31,KEYWORD_OTHER,GDPR,PL,,,,,,,,,,,,,,
All,pub.dev,2025-07-01/2025-12-31,KEYWORD_OTHER,PERSONAL_INFORMATION,PL,,,,,,,,,,,,,,
All,pub.dev,2025-07-01/2025-12-31,KEYWORD_OTHER,PERSONAL_RIGHTS,PL,,,,,,,,,,,,,,
All,pub.dev,2025-07-01/2025-12-31,KEYWORD_OTHER,PERSONALIZED_ADVERTISING,PL,,,,,,,,,,,,,,
All,pub.dev,2025-07-01/2025-12-31,KEYWORD_OTHER,PRIVACY,PL,,,,,,,,,,,,,,
All,pub.dev,2025-07-01/2025-12-31,KEYWORD_OTHER,PRIVACY_POLICY,PL,,,,,,,,,,,,,,
All,pub.dev,2025-07-01/2025-12-31,KEYWORD_OTHER,UNSECURE_DATA_HANDLING,PL,,,,,,,,,,,,,,
All,pub.dev,2025-07-01/2025-12-31,STATEMENT_CATEGORY_ILLEGAL_OR_HARMFUL_SPEECH,,PL,,,,,,,,,,,,,,
All,pub.dev,2025-07-01/2025-12-31,KEYWORD_DEFAMATION,,PL,,,,,,,,,,,,,,
All,pub.dev,2025-07-01/2025-12-31,KEYWORD_DISCRIMINATION,,PL,,,,,,,,,,,,,,
All,pub.dev,2025-07-01/2025-12-31,KEYWORD_HATE_SPEECH,,PL,,,,,,,,,,,,,,
All,pub.dev,2025-07-01/2025-12-31,KEYWORD_OTHER,HATEFUL_OR_ABUSIVE,PL,,,,,,,,,,,,,,
All,pub.dev,2025-07-01/2025-12-31,KEYWORD_OTHER,ILLEGAL_OR_HARMFUL_SPEECH,PL,,,,,,,,,,,,,,
All,pub.dev,2025-07-01/2025-12-31,KEYWORD_OTHER,OBSCENITY_AND_PROFANITY,PL,,,,,,,,,,,,,,
All,pub.dev,2025-07-01/2025-12-31,KEYWORD_OTHER,OFFENSIVE_CONTENT,PL,,,,,,,,,,,,,,
All,pub.dev,2025-07-01/2025-12-31,KEYWORD_OTHER,UNSAFE_CONTENT,PL,,,,,,,,,,,,,,
All,pub.dev,2025-07-01/2025-12-31,STATEMENT_CATEGORY_INTELLECTUAL_PROPERTY_INFRINGEMENTS,,PL,,,,,,,,,,,,,,
All,pub.dev,2025-07-01/2025-12-31,KEYWORD_COPYRIGHT_INFRINGEMENT,,PL,,,,,,,,,,,,,,
All,pub.dev,2025-07-01/2025-12-31,KEYWORD_DESIGN_INFRINGEMENT,,PL,,,,,,,,,,,,,,
All,pub.dev,2025-07-01/2025-12-31,KEYWORD_GEOGRAPHIC_INDICATIONS_INFRINGEMENT,,PL,,,,,,,,,,,,,,
All,pub.dev,2025-07-01/2025-12-31,KEYWORD_PATENT_INFRINGEMENT,,PL,,,,,,,,,,,,,,
All,pub.dev,2025-07-01/2025-12-31,KEYWORD_TRADE_SECRET_INFRINGEMENT,,PL,,,,,,,,,,,,,,
All,pub.dev,2025-07-01/2025-12-31,KEYWORD_TRADEMARK_INFRINGEMENT,,PL,,,,,,,,,,,,,,
All,pub.dev,2025-07-01/2025-12-31,KEYWORD_OTHER,CIRCUMVENTION,PL,,,,,,,,,,,,,,
All,pub.dev,2025-07-01/2025-12-31,KEYWORD_OTHER,INTELLECTUAL PROPERTY,PL,,,,,,,,,,,,,,
All,pub.dev,2025-07-01/2025-12-31,STATEMENT_CATEGORY_NEGATIVE_EFFECTS_ON_CIVIC_DISCOURSE_OR_ELECTIONS,,PL,,,,,,,,,,,,,,
All,pub.dev,2025-07-01/2025-12-31,KEYWORD_MISINFORMATION_DISINFORMATION,,PL,,,,,,,,,,,,,,
All,pub.dev,2025-07-01/2025-12-31,KEYWORD_VIOLATION_EU_LAW,,PL,,,,,,,,,,,,,,
All,pub.dev,2025-07-01/2025-12-31,KEYWORD_VIOLATION_NATIONAL_LAW,,PL,,,,,,,,,,,,,,
All,pub.dev,2025-07-01/2025-12-31,KEYWORD_OTHER,ELECTORAL,PL,,,,,,,,,,,,,,
All,pub.dev,2025-07-01/2025-12-31,KEYWORD_OTHER,HACKED_POLITICAL_MATERIALS,PL,,,,,,,,,,,,,,
All,pub.dev,2025-07-01/2025-12-31,KEYWORD_OTHER,POLITICAL_CONTENT,PL,,,,,,,,,,,,,,
All,pub.dev,2025-07-01/2025-12-31,KEYWORD_OTHER,SOCIAL_STABILITY,PL,,,,,,,,,,,,,,
All,pub.dev,2025-07-01/2025-12-31,KEYWORD_OTHER,SOCIETAL_VALUES,PL,,,,,,,,,,,,,,
All,pub.dev,2025-07-01/2025-12-31,STATEMENT_CATEGORY_PROTECTION_OF_MINORS,,PL,,,,,,,,,,,,,,
All,pub.dev,2025-07-01/2025-12-31,KEYWORD_AGE_SPECIFIC_RESTRICTIONS_MINORS,,PL,,,,,,,,,,,,,,
All,pub.dev,2025-07-01/2025-12-31,KEYWORD_CHILD_SEXUAL_ABUSE_MATERIAL,,PL,,,,,,,,,,,,,,
All,pub.dev,2025-07-01/2025-12-31,KEYWORD_CHILD_SEXUAL_ABUSE_MATERIAL_DEEPFAKE,,PL,,,,,,,,,,,,,,
All,pub.dev,2025-07-01/2025-12-31,KEYWORD_GROOMING_SEXUAL_ENTICEMENT_MINORS,,PL,,,,,,,,,,,,,,
All,pub.dev,2025-07-01/2025-12-31,KEYWORD_UNSAFE_CHALLENGES,,PL,,,,,,,,,,,,,,
All,pub.dev,2025-07-01/2025-12-31,KEYWORD_OTHER,CHILD_ENDANGERMENT,PL,,,,,,,,,,,,,,
All,pub.dev,2025-07-01/2025-12-31,KEYWORD_OTHER,CHILD_SAFETY,PL,,,,,,,,,,,,,,
All,pub.dev,2025-07-01/2025-12-31,KEYWORD_OTHER,HARMFUL_OR_DANGEROUS_ACTS_CHALLENGES_AND_PRANKS,PL,,,,,,,,,,,,,,
All,pub.dev,2025-07-01/2025-12-31,KEYWORD_OTHER,KNOWN_SERIES,PL,,,,,,,,,,,,,,
All,pub.dev,2025-07-01/2025-12-31,KEYWORD_OTHER,PROTECTION_OF_MINORS,PL,,,,,,,,,,,,,,
All,pub.dev,2025-07-01/2025-12-31,KEYWORD_OTHER,UNAUTHORIZED_IMAGE_OF_MINORS,PL,,,,,,,,,,,,,,
All,pub.dev,2025-07-01/2025-12-31,STATEMENT_CATEGORY_RISK_FOR_PUBLIC_SECURITY,,PL,,,,,,,,,,,,,,
All,pub.dev,2025-07-01/2025-12-31,KEYWORD_ILLEGAL_ORGANIZATIONS,,PL,,,,,,,,,,,,,,
All,pub.dev,2025-07-01/2025-12-31,KEYWORD_RISK_ENVIRONMENTAL_DAMAGE,,PL,,,,,,,,,,,,,,
All,pub.dev,2025-07-01/2025-12-31,KEYWORD_RISK_PUBLIC_HEALTH,,PL,,,,,,,,,,,,,,
All,pub.dev,2025-07-01/2025-12-31,KEYWORD_TERRORIST_CONTENT,,PL,,,,,,,,,,,,,,
All,pub.dev,2025-07-01/2025-12-31,KEYWORD_OTHER,COURT_ORDER,PL,,,,,,,,,,,,,,
All,pub.dev,2025-07-01/2025-12-31,KEYWORD_OTHER,RISK_FOR_PUBLIC_SECURITY,PL,,,,,,,,,,,,,,
All,pub.dev,2025-07-01/2025-12-31,KEYWORD_OTHER,SENSITIVE_EVENTS,PL,,,,,,,,,,,,,,
All,pub.dev,2025-07-01/2025-12-31,KEYWORD_OTHER,VIOLENT_EXTREMISM,PL,,,,,,,,,,,,,,
All,pub.dev,2025-07-01/2025-12-31,KEYWORD_OTHER,WRONGFUL_OR_UNAUTHORIZED_USE_OF_SYMBOLS,PL,,,,,,,,,,,,,,
All,pub.dev,2025-07-01/2025-12-31,STATEMENT_CATEGORY_SCAMS_AND_FRAUD,,PL,,,,,,,,,,,,,,
All,pub.dev,2025-07-01/2025-12-31,KEYWORD_IMPERSONATION_ACCOUNT_HIJACKING,,PL,,,,,,,,,,,,,,
All,pub.dev,2025-07-01/2025-12-31,KEYWORD_INAUTHENTIC_ACCOUNTS,,PL,,,,,,,,,,,,,,
All,pub.dev,2025-07-01/2025-12-31,KEYWORD_INAUTHENTIC_LISTINGS,,PL,,,,,,,,,,,,,,
All,pub.dev,2025-07-01/2025-12-31,KEYWORD_INAUTHENTIC_USER_REVIEWS,,PL,,,,,,,,,,,,,,
All,pub.dev,2025-07-01/2025-12-31,KEYWORD_PHISHING,,PL,,,,,,,,,,,,,,
All,pub.dev,2025-07-01/2025-12-31,KEYWORD_PYRAMID_SCHEMES,,PL,,,,,,,,,,,,,,
All,pub.dev,2025-07-01/2025-12-31,KEYWORD_OTHER,AD_FRAUD_POLICY,PL,,,,,,,,,,,,,,
All,pub.dev,2025-07-01/2025-12-31,KEYWORD_OTHER,ENCOURAGEMENT_OF_DIGITAL_SECURITY_OR_TERMS_OF_SERVICE_VIOLATIONS,PL,,,,,,,,,,,,,,
All,pub.dev,2025-07-01/2025-12-31,KEYWORD_OTHER,FRAUD,PL,,,,,,,,,,,,,,
All,pub.dev,2025-07-01/2025-12-31,KEYWORD_OTHER,MALWARE,PL,,,,,,,,,,,,,,
All,pub.dev,2025-07-01/2025-12-31,KEYWORD_OTHER,MALWARE_AND_PHISHING,PL,,,,,,,,,,,,,,
All,pub.dev,2025-07-01/2025-12-31,KEYWORD_OTHER,MALWARE_AND_SYSTEM_CIRCUMVENTION,PL,,,,,,,,,,,,,,
All,pub.dev,2025-07-01/2025-12-31,KEYWORD_OTHER,MISREPRESENTATION,PL,,,,,,,,,,,,,,
All,pub.dev,2025-07-01/2025-12-31,KEYWORD_OTHER,SCAMS,PL,,,,,,,,,,,,,,
All,pub.dev,2025-07-01/2025-12-31,KEYWORD_OTHER,SOCIAL_ENGINEERING_TACTICS,PL,,,,,,,,,,,,,,
All,pub.dev,2025-07-01/2025-12-31,STATEMENT_CATEGORY_SELF_HARM,,PL,,,,,,,,,,,,,,
All,pub.dev,2025-07-01/2025-12-31,KEYWORD_CONTENT_PROMOTING_EATING_DISORDERS,,PL,,,,,,,,,,,,,,
All,pub.dev,2025-07-01/2025-12-31,KEYWORD_SELF_MUTILATION,,PL,,,,,,,,,,,,,,
All,pub.dev,2025-07-01/2025-12-31,KEYWORD_SUICIDE,,PL,,,,,,,,,,,,,,
All,pub.dev,2025-07-01/2025-12-31,KEYWORD_OTHER,SELF_HARM,PL,,,,,,,,,,,,,,
All,pub.dev,2025-07-01/2025-12-31,KEYWORD_OTHER,SUICIDE_AND_SELF_HARM,PL,,,,,,,,,,,,,,
All,pub.dev,2025-07-01/2025-12-31,STATEMENT_CATEGORY_UNSAFE_AND_PROHIBITED_PRODUCTS,,PL,,,,,,,,,,,,,,
All,pub.dev,2025-07-01/2025-12-31,KEYWORD_PROHIBITED_PRODUCTS,,PL,,,,,,,,,,,,,,
All,pub.dev,2025-07-01/2025-12-31,KEYWORD_UNSAFE_PRODUCTS,,PL,,,,,,,,,,,,,,
All,pub.dev,2025-07-01/2025-12-31,KEYWORD_OTHER,COURT_ORDER,PL,,,,,,,,,,,,,,
All,pub.dev,2025-07-01/2025-12-31,KEYWORD_OTHER,ENABLING_DISHONEST_BEHAVIOR,PL,,,,,,,,,,,,,,
All,pub.dev,2025-07-01/2025-12-31,KEYWORD_OTHER,FIREARMS_AND_ILLEGAL_REGULATED_GOODS_OR_SERVICES,PL,,,,,,,,,,,,,,
All,pub.dev,2025-07-01/2025-12-31,KEYWORD_OTHER,OTHER_LEGAL_NOTICES_OR_ORDERS,PL,,,,,,,,,,,,,,
All,pub.dev,2025-07-01/2025-12-31,KEYWORD_OTHER,UNAUTHORIZED_PHARMACIES,PL,,,,,,,,,,,,,,
All,pub.dev,2025-07-01/2025-12-31,STATEMENT_CATEGORY_VIOLENCE,,PL,,,,,,,,,,,,,,
All,pub.dev,2025-07-01/2025-12-31,KEYWORD_COORDINATED_HARM,,PL,,,,,,,,,,,,,,
All,pub.dev,2025-07-01/2025-12-31,KEYWORD_INCITEMENT_VIOLENCE_HATRED,,PL,,,,,,,,,,,,,,
All,pub.dev,2025-07-01/2025-12-31,KEYWORD_HUMAN_EXPLOITATION,,PL,,,,,,,,,,,,,,
All,pub.dev,2025-07-01/2025-12-31,KEYWORD_HUMAN_TRAFFICKING,,PL,,,,,,,,,,,,,,
All,pub.dev,2025-07-01/2025-12-31,KEYWORD_TRAFFICKING_WOMEN_GIRLS,,PL,,,,,,,,,,,,,,
All,pub.dev,2025-07-01/2025-12-31,KEYWORD_OTHER,DEPICTION_OF VIOLENCE,PL,,,,,,,,,,,,,,
All,pub.dev,2025-07-01/2025-12-31,KEYWORD_OTHER,SHOCKING_CONTENT,PL,,,,,,,,,,,,,,
All,pub.dev,2025-07-01/2025-12-31,KEYWORD_OTHER,VIOLENT_OR_GRAPHIC_CONTENT,PL,,,,,,,,,,,,,,
All,pub.dev,2025-07-01/2025-12-31,STATEMENT_CATEGORY_NOT_SPECIFIED_ORDER,,PL,,,,,,,,,,,,,,
All,pub.dev,2025-07-01/2025-12-31,TOTAL,,PT,,,,,,,,,,,,,,
All,pub.dev,2025-07-01/2025-12-31,STATEMENT_CATEGORY_ANIMAL_WELFARE,,PT,,,,,,,,,,,,,,
All,pub.dev,2025-07-01/2025-12-31,KEYWORD_ANIMAL_HARM,,PT,,,,,,,,,,,,,,
All,pub.dev,2025-07-01/2025-12-31,KEYWORD_UNLAWFUL_SALE_ANIMALS,,PT,,,,,,,,,,,,,,
All,pub.dev,2025-07-01/2025-12-31,KEYWORD_OTHER,ANIMAL_CRUELTY,PT,,,,,,,,,,,,,,
All,pub.dev,2025-07-01/2025-12-31,KEYWORD_OTHER,ANIMAL_HARM_AND_UNLAWFUL_SALE,PT,,,,,,,,,,,,,,
All,pub.dev,2025-07-01/2025-12-31,STATEMENT_CATEGORY_CONSUMER_INFORMATION,,PT,,,,,,,,,,,,,,
All,pub.dev,2025-07-01/2025-12-31,KEYWORD_HIDDEN_ADVERTISEMENT,,PT,,,,,,,,,,,,,,
All,pub.dev,2025-07-01/2025-12-31,KEYWORD_INSUFFICIENT_INFORMATION_ON_TRADERS,,PT,,,,,,,,,,,,,,
All,pub.dev,2025-07-01/2025-12-31,KEYWORD_MISLEADING_INFO_GOODS_SERVICES,,PT,,,,,,,,,,,,,,
All,pub.dev,2025-07-01/2025-12-31,KEYWORD_MISLEADING_INFO_CONSUMER_RIGHTS,,PT,,,,,,,,,,,,,,
All,pub.dev,2025-07-01/2025-12-31,KEYWORD_NONCOMPLIANCE_PRICING,,PT,,,,,,,,,,,,,,
All,pub.dev,2025-07-01/2025-12-31,KEYWORD_OTHER,CONSUMER_PROTECTION,PT,,,,,,,,,,,,,,
All,pub.dev,2025-07-01/2025-12-31,KEYWORD_OTHER,MISREPRESENTATION,PT,,,,,,,,,,,,,,
All,pub.dev,2025-07-01/2025-12-31,STATEMENT_CATEGORY_CYBER_VIOLENCE,,PT,,,,,,,,,,,,,,
All,pub.dev,2025-07-01/2025-12-31,KEYWORD_CYBER_BULLYING_INTIMIDATION,,PT,,,,,,,,,,,,,,
All,pub.dev,2025-07-01/2025-12-31,KEYWORD_CYBER_HARASSMENT,,PT,,,,,,,,,,,,,,
All,pub.dev,2025-07-01/2025-12-31,KEYWORD_CYBER_INCITEMENT,,PT,,,,,,,,,,,,,,
All,pub.dev,2025-07-01/2025-12-31,KEYWORD_CYBER_STALKING,,PT,,,,,,,,,,,,,,
All,pub.dev,2025-07-01/2025-12-31,KEYWORD_NON_CONSENSUAL_IMAGE_SHARING,,PT,,,,,,,,,,,,,,
All,pub.dev,2025-07-01/2025-12-31,KEYWORD_NON_CONSENSUAL_MATERIAL_DEEPFAKE,,PT,,,,,,,,,,,,,,
All,pub.dev,2025-07-01/2025-12-31,KEYWORD_OTHER,DOXING,PT,,,,,,,,,,,,,,
All,pub.dev,2025-07-01/2025-12-31,KEYWORD_OTHER,HARASSMENT,PT,,,,,,,,,,,,,,
All,pub.dev,2025-07-01/2025-12-31,KEYWORD_OTHER,HARASSMENT_AND_CYBERBULLYING,PT,,,,,,,,,,,,,,
All,pub.dev,2025-07-01/2025-12-31,KEYWORD_OTHER,HARMFUL_ACTIVITIES,PT,,,,,,,,,,,,,,
All,pub.dev,2025-07-01/2025-12-31,KEYWORD_OTHER,SEXUAL_HARASSMENT,PT,,,,,,,,,,,,,,
All,pub.dev,2025-07-01/2025-12-31,KEYWORD_OTHER,OBSCENITY_OR_PORNOGRAPHY,PT,,,,,,,,,,,,,,
All,pub.dev,2025-07-01/2025-12-31,KEYWORD_OTHER,UNSAFE_CONTENT,PT,,,,,,,,,,,,,,
All,pub.dev,2025-07-01/2025-12-31,STATEMENT_CATEGORY_CYBER_VIOLENCE_AGAINST_WOMEN,,PT,,,,,,,,,,,,,,
All,pub.dev,2025-07-01/2025-12-31,KEYWORD_BULLYING_AGAINST_GIRLS,,PT,,,,,,,,,,,,,,
All,pub.dev,2025-07-01/2025-12-31,KEYWORD_CYBER_HARASSMENT_AGAINST_WOMEN,,PT,,,,,,,,,,,,,,
All,pub.dev,2025-07-01/2025-12-31,KEYWORD_CYBER_STALKING_AGAINST_WOMEN,,PT,,,,,,,,,,,,,,
All,pub.dev,2025-07-01/2025-12-31,KEYWORD_FEMALE_GENDERED_DISINFORMATION,,PT,,,,,,,,,,,,,,
All,pub.dev,2025-07-01/2025-12-31,KEYWORD_INCITEMENT_AGAINST_WOMEN,,PT,,,,,,,,,,,,,,
All,pub.dev,2025-07-01/2025-12-31,KEYWORD_NON_CONSENSUAL_IMAGE_SHARING_AGAINST_WOMEN,,PT,,,,,,,,,,,,,,
All,pub.dev,2025-07-01/2025-12-31,KEYWORD_NON_CONSENSUAL_MATERIAL_DEEPFAKE_AGAINST_WOMEN,,PT,,,,,,,,,,,,,,
All,pub.dev,2025-07-01/2025-12-31,KEYWORD_OTHER,"Text to detail the ""Other"" keyword.",PT,,,,,,,,,,,,,,
All,pub.dev,2025-07-01/2025-12-31,STATEMENT_CATEGORY_DATA_PROTECTION_AND_PRIVACY_VIOLATIONS,,PT,,,,,,,,,,,,,,
All,pub.dev,2025-07-01/2025-12-31,KEYWORD_BIOMETRIC_DATA_BREACH,,PT,,,,,,,,,,,,,,
All,pub.dev,2025-07-01/2025-12-31,KEYWORD_DATA_FALSIFICATION,,PT,,,,,,,,,,,,,,
All,pub.dev,2025-07-01/2025-12-31,KEYWORD_MISSING_PROCESSING_GROUND,,PT,,,,,,,,,,,,,,
All,pub.dev,2025-07-01/2025-12-31,KEYWORD_RIGHT_TO_BE_FORGOTTEN,,PT,,,,,,,,,,,,,,
All,pub.dev,2025-07-01/2025-12-31,KEYWORD_OTHER,DATA_COLLECTION_AND_USE,PT,,,,,,,,,,,,,,
All,pub.dev,2025-07-01/2025-12-31,KEYWORD_OTHER,DISCLOSURE_AND_CONSENT_PRACTICES,PT,,,,,,,,,,,,,,
All,pub.dev,2025-07-01/2025-12-31,KEYWORD_OTHER,GDPR,PT,,,,,,,,,,,,,,
All,pub.dev,2025-07-01/2025-12-31,KEYWORD_OTHER,PERSONAL_INFORMATION,PT,,,,,,,,,,,,,,
All,pub.dev,2025-07-01/2025-12-31,KEYWORD_OTHER,PERSONAL_RIGHTS,PT,,,,,,,,,,,,,,
All,pub.dev,2025-07-01/2025-12-31,KEYWORD_OTHER,PERSONALIZED_ADVERTISING,PT,,,,,,,,,,,,,,
All,pub.dev,2025-07-01/2025-12-31,KEYWORD_OTHER,PRIVACY,PT,,,,,,,,,,,,,,
All,pub.dev,2025-07-01/2025-12-31,KEYWORD_OTHER,PRIVACY_POLICY,PT,,,,,,,,,,,,,,
All,pub.dev,2025-07-01/2025-12-31,KEYWORD_OTHER,UNSECURE_DATA_HANDLING,PT,,,,,,,,,,,,,,
All,pub.dev,2025-07-01/2025-12-31,STATEMENT_CATEGORY_ILLEGAL_OR_HARMFUL_SPEECH,,PT,,,,,,,,,,,,,,
All,pub.dev,2025-07-01/2025-12-31,KEYWORD_DEFAMATION,,PT,,,,,,,,,,,,,,
All,pub.dev,2025-07-01/2025-12-31,KEYWORD_DISCRIMINATION,,PT,,,,,,,,,,,,,,
All,pub.dev,2025-07-01/2025-12-31,KEYWORD_HATE_SPEECH,,PT,,,,,,,,,,,,,,
All,pub.dev,2025-07-01/2025-12-31,KEYWORD_OTHER,HATEFUL_OR_ABUSIVE,PT,,,,,,,,,,,,,,
All,pub.dev,2025-07-01/2025-12-31,KEYWORD_OTHER,ILLEGAL_OR_HARMFUL_SPEECH,PT,,,,,,,,,,,,,,
All,pub.dev,2025-07-01/2025-12-31,KEYWORD_OTHER,OBSCENITY_AND_PROFANITY,PT,,,,,,,,,,,,,,
All,pub.dev,2025-07-01/2025-12-31,KEYWORD_OTHER,OFFENSIVE_CONTENT,PT,,,,,,,,,,,,,,
All,pub.dev,2025-07-01/2025-12-31,KEYWORD_OTHER,UNSAFE_CONTENT,PT,,,,,,,,,,,,,,
All,pub.dev,2025-07-01/2025-12-31,STATEMENT_CATEGORY_INTELLECTUAL_PROPERTY_INFRINGEMENTS,,PT,,,,,,,,,,,,,,
All,pub.dev,2025-07-01/2025-12-31,KEYWORD_COPYRIGHT_INFRINGEMENT,,PT,,,,,,,,,,,,,,
All,pub.dev,2025-07-01/2025-12-31,KEYWORD_DESIGN_INFRINGEMENT,,PT,,,,,,,,,,,,,,
All,pub.dev,2025-07-01/2025-12-31,KEYWORD_GEOGRAPHIC_INDICATIONS_INFRINGEMENT,,PT,,,,,,,,,,,,,,
All,pub.dev,2025-07-01/2025-12-31,KEYWORD_PATENT_INFRINGEMENT,,PT,,,,,,,,,,,,,,
All,pub.dev,2025-07-01/2025-12-31,KEYWORD_TRADE_SECRET_INFRINGEMENT,,PT,,,,,,,,,,,,,,
All,pub.dev,2025-07-01/2025-12-31,KEYWORD_TRADEMARK_INFRINGEMENT,,PT,,,,,,,,,,,,,,
All,pub.dev,2025-07-01/2025-12-31,KEYWORD_OTHER,CIRCUMVENTION,PT,,,,,,,,,,,,,,
All,pub.dev,2025-07-01/2025-12-31,KEYWORD_OTHER,INTELLECTUAL PROPERTY,PT,,,,,,,,,,,,,,
All,pub.dev,2025-07-01/2025-12-31,STATEMENT_CATEGORY_NEGATIVE_EFFECTS_ON_CIVIC_DISCOURSE_OR_ELECTIONS,,PT,,,,,,,,,,,,,,
All,pub.dev,2025-07-01/2025-12-31,KEYWORD_MISINFORMATION_DISINFORMATION,,PT,,,,,,,,,,,,,,
All,pub.dev,2025-07-01/2025-12-31,KEYWORD_VIOLATION_EU_LAW,,PT,,,,,,,,,,,,,,
All,pub.dev,2025-07-01/2025-12-31,KEYWORD_VIOLATION_NATIONAL_LAW,,PT,,,,,,,,,,,,,,
All,pub.dev,2025-07-01/2025-12-31,KEYWORD_OTHER,ELECTORAL,PT,,,,,,,,,,,,,,
All,pub.dev,2025-07-01/2025-12-31,KEYWORD_OTHER,HACKED_POLITICAL_MATERIALS,PT,,,,,,,,,,,,,,
All,pub.dev,2025-07-01/2025-12-31,KEYWORD_OTHER,POLITICAL_CONTENT,PT,,,,,,,,,,,,,,
All,pub.dev,2025-07-01/2025-12-31,KEYWORD_OTHER,SOCIAL_STABILITY,PT,,,,,,,,,,,,,,
All,pub.dev,2025-07-01/2025-12-31,KEYWORD_OTHER,SOCIETAL_VALUES,PT,,,,,,,,,,,,,,
All,pub.dev,2025-07-01/2025-12-31,STATEMENT_CATEGORY_PROTECTION_OF_MINORS,,PT,,,,,,,,,,,,,,
All,pub.dev,2025-07-01/2025-12-31,KEYWORD_AGE_SPECIFIC_RESTRICTIONS_MINORS,,PT,,,,,,,,,,,,,,
All,pub.dev,2025-07-01/2025-12-31,KEYWORD_CHILD_SEXUAL_ABUSE_MATERIAL,,PT,,,,,,,,,,,,,,
All,pub.dev,2025-07-01/2025-12-31,KEYWORD_CHILD_SEXUAL_ABUSE_MATERIAL_DEEPFAKE,,PT,,,,,,,,,,,,,,
All,pub.dev,2025-07-01/2025-12-31,KEYWORD_GROOMING_SEXUAL_ENTICEMENT_MINORS,,PT,,,,,,,,,,,,,,
All,pub.dev,2025-07-01/2025-12-31,KEYWORD_UNSAFE_CHALLENGES,,PT,,,,,,,,,,,,,,
All,pub.dev,2025-07-01/2025-12-31,KEYWORD_OTHER,CHILD_ENDANGERMENT,PT,,,,,,,,,,,,,,
All,pub.dev,2025-07-01/2025-12-31,KEYWORD_OTHER,CHILD_SAFETY,PT,,,,,,,,,,,,,,
All,pub.dev,2025-07-01/2025-12-31,KEYWORD_OTHER,HARMFUL_OR_DANGEROUS_ACTS_CHALLENGES_AND_PRANKS,PT,,,,,,,,,,,,,,
All,pub.dev,2025-07-01/2025-12-31,KEYWORD_OTHER,KNOWN_SERIES,PT,,,,,,,,,,,,,,
All,pub.dev,2025-07-01/2025-12-31,KEYWORD_OTHER,PROTECTION_OF_MINORS,PT,,,,,,,,,,,,,,
All,pub.dev,2025-07-01/2025-12-31,KEYWORD_OTHER,UNAUTHORIZED_IMAGE_OF_MINORS,PT,,,,,,,,,,,,,,
All,pub.dev,2025-07-01/2025-12-31,STATEMENT_CATEGORY_RISK_FOR_PUBLIC_SECURITY,,PT,,,,,,,,,,,,,,
All,pub.dev,2025-07-01/2025-12-31,KEYWORD_ILLEGAL_ORGANIZATIONS,,PT,,,,,,,,,,,,,,
All,pub.dev,2025-07-01/2025-12-31,KEYWORD_RISK_ENVIRONMENTAL_DAMAGE,,PT,,,,,,,,,,,,,,
All,pub.dev,2025-07-01/2025-12-31,KEYWORD_RISK_PUBLIC_HEALTH,,PT,,,,,,,,,,,,,,
All,pub.dev,2025-07-01/2025-12-31,KEYWORD_TERRORIST_CONTENT,,PT,,,,,,,,,,,,,,
All,pub.dev,2025-07-01/2025-12-31,KEYWORD_OTHER,COURT_ORDER,PT,,,,,,,,,,,,,,
All,pub.dev,2025-07-01/2025-12-31,KEYWORD_OTHER,RISK_FOR_PUBLIC_SECURITY,PT,,,,,,,,,,,,,,
All,pub.dev,2025-07-01/2025-12-31,KEYWORD_OTHER,SENSITIVE_EVENTS,PT,,,,,,,,,,,,,,
All,pub.dev,2025-07-01/2025-12-31,KEYWORD_OTHER,VIOLENT_EXTREMISM,PT,,,,,,,,,,,,,,
All,pub.dev,2025-07-01/2025-12-31,KEYWORD_OTHER,WRONGFUL_OR_UNAUTHORIZED_USE_OF_SYMBOLS,PT,,,,,,,,,,,,,,
All,pub.dev,2025-07-01/2025-12-31,STATEMENT_CATEGORY_SCAMS_AND_FRAUD,,PT,,,,,,,,,,,,,,
All,pub.dev,2025-07-01/2025-12-31,KEYWORD_IMPERSONATION_ACCOUNT_HIJACKING,,PT,,,,,,,,,,,,,,
All,pub.dev,2025-07-01/2025-12-31,KEYWORD_INAUTHENTIC_ACCOUNTS,,PT,,,,,,,,,,,,,,
All,pub.dev,2025-07-01/2025-12-31,KEYWORD_INAUTHENTIC_LISTINGS,,PT,,,,,,,,,,,,,,
All,pub.dev,2025-07-01/2025-12-31,KEYWORD_INAUTHENTIC_USER_REVIEWS,,PT,,,,,,,,,,,,,,
All,pub.dev,2025-07-01/2025-12-31,KEYWORD_PHISHING,,PT,,,,,,,,,,,,,,
All,pub.dev,2025-07-01/2025-12-31,KEYWORD_PYRAMID_SCHEMES,,PT,,,,,,,,,,,,,,
All,pub.dev,2025-07-01/2025-12-31,KEYWORD_OTHER,AD_FRAUD_POLICY,PT,,,,,,,,,,,,,,
All,pub.dev,2025-07-01/2025-12-31,KEYWORD_OTHER,ENCOURAGEMENT_OF_DIGITAL_SECURITY_OR_TERMS_OF_SERVICE_VIOLATIONS,PT,,,,,,,,,,,,,,
All,pub.dev,2025-07-01/2025-12-31,KEYWORD_OTHER,FRAUD,PT,,,,,,,,,,,,,,
All,pub.dev,2025-07-01/2025-12-31,KEYWORD_OTHER,MALWARE,PT,,,,,,,,,,,,,,
All,pub.dev,2025-07-01/2025-12-31,KEYWORD_OTHER,MALWARE_AND_PHISHING,PT,,,,,,,,,,,,,,
All,pub.dev,2025-07-01/2025-12-31,KEYWORD_OTHER,MALWARE_AND_SYSTEM_CIRCUMVENTION,PT,,,,,,,,,,,,,,
All,pub.dev,2025-07-01/2025-12-31,KEYWORD_OTHER,MISREPRESENTATION,PT,,,,,,,,,,,,,,
All,pub.dev,2025-07-01/2025-12-31,KEYWORD_OTHER,SCAMS,PT,,,,,,,,,,,,,,
All,pub.dev,2025-07-01/2025-12-31,KEYWORD_OTHER,SOCIAL_ENGINEERING_TACTICS,PT,,,,,,,,,,,,,,
All,pub.dev,2025-07-01/2025-12-31,STATEMENT_CATEGORY_SELF_HARM,,PT,,,,,,,,,,,,,,
All,pub.dev,2025-07-01/2025-12-31,KEYWORD_CONTENT_PROMOTING_EATING_DISORDERS,,PT,,,,,,,,,,,,,,
All,pub.dev,2025-07-01/2025-12-31,KEYWORD_SELF_MUTILATION,,PT,,,,,,,,,,,,,,
All,pub.dev,2025-07-01/2025-12-31,KEYWORD_SUICIDE,,PT,,,,,,,,,,,,,,
All,pub.dev,2025-07-01/2025-12-31,KEYWORD_OTHER,SELF_HARM,PT,,,,,,,,,,,,,,
All,pub.dev,2025-07-01/2025-12-31,KEYWORD_OTHER,SUICIDE_AND_SELF_HARM,PT,,,,,,,,,,,,,,
All,pub.dev,2025-07-01/2025-12-31,STATEMENT_CATEGORY_UNSAFE_AND_PROHIBITED_PRODUCTS,,PT,,,,,,,,,,,,,,
All,pub.dev,2025-07-01/2025-12-31,KEYWORD_PROHIBITED_PRODUCTS,,PT,,,,,,,,,,,,,,
All,pub.dev,2025-07-01/2025-12-31,KEYWORD_UNSAFE_PRODUCTS,,PT,,,,,,,,,,,,,,
All,pub.dev,2025-07-01/2025-12-31,KEYWORD_OTHER,COURT_ORDER,PT,,,,,,,,,,,,,,
All,pub.dev,2025-07-01/2025-12-31,KEYWORD_OTHER,ENABLING_DISHONEST_BEHAVIOR,PT,,,,,,,,,,,,,,
All,pub.dev,2025-07-01/2025-12-31,KEYWORD_OTHER,FIREARMS_AND_ILLEGAL_REGULATED_GOODS_OR_SERVICES,PT,,,,,,,,,,,,,,
All,pub.dev,2025-07-01/2025-12-31,KEYWORD_OTHER,OTHER_LEGAL_NOTICES_OR_ORDERS,PT,,,,,,,,,,,,,,
All,pub.dev,2025-07-01/2025-12-31,KEYWORD_OTHER,UNAUTHORIZED_PHARMACIES,PT,,,,,,,,,,,,,,
All,pub.dev,2025-07-01/2025-12-31,STATEMENT_CATEGORY_VIOLENCE,,PT,,,,,,,,,,,,,,
All,pub.dev,2025-07-01/2025-12-31,KEYWORD_COORDINATED_HARM,,PT,,,,,,,,,,,,,,
All,pub.dev,2025-07-01/2025-12-31,KEYWORD_INCITEMENT_VIOLENCE_HATRED,,PT,,,,,,,,,,,,,,
All,pub.dev,2025-07-01/2025-12-31,KEYWORD_HUMAN_EXPLOITATION,,PT,,,,,,,,,,,,,,
All,pub.dev,2025-07-01/2025-12-31,KEYWORD_HUMAN_TRAFFICKING,,PT,,,,,,,,,,,,,,
All,pub.dev,2025-07-01/2025-12-31,KEYWORD_TRAFFICKING_WOMEN_GIRLS,,PT,,,,,,,,,,,,,,
All,pub.dev,2025-07-01/2025-12-31,KEYWORD_OTHER,DEPICTION_OF VIOLENCE,PT,,,,,,,,,,,,,,
All,pub.dev,2025-07-01/2025-12-31,KEYWORD_OTHER,SHOCKING_CONTENT,PT,,,,,,,,,,,,,,
All,pub.dev,2025-07-01/2025-12-31,KEYWORD_OTHER,VIOLENT_OR_GRAPHIC_CONTENT,PT,,,,,,,,,,,,,,
All,pub.dev,2025-07-01/2025-12-31,STATEMENT_CATEGORY_NOT_SPECIFIED_ORDER,,PT,,,,,,,,,,,,,,
All,pub.dev,2025-07-01/2025-12-31,TOTAL,,RO,,,,,,,,,,,,,,
All,pub.dev,2025-07-01/2025-12-31,STATEMENT_CATEGORY_ANIMAL_WELFARE,,RO,,,,,,,,,,,,,,
All,pub.dev,2025-07-01/2025-12-31,KEYWORD_ANIMAL_HARM,,RO,,,,,,,,,,,,,,
All,pub.dev,2025-07-01/2025-12-31,KEYWORD_UNLAWFUL_SALE_ANIMALS,,RO,,,,,,,,,,,,,,
All,pub.dev,2025-07-01/2025-12-31,KEYWORD_OTHER,ANIMAL_CRUELTY,RO,,,,,,,,,,,,,,
All,pub.dev,2025-07-01/2025-12-31,KEYWORD_OTHER,ANIMAL_HARM_AND_UNLAWFUL_SALE,RO,,,,,,,,,,,,,,
All,pub.dev,2025-07-01/2025-12-31,STATEMENT_CATEGORY_CONSUMER_INFORMATION,,RO,,,,,,,,,,,,,,
All,pub.dev,2025-07-01/2025-12-31,KEYWORD_HIDDEN_ADVERTISEMENT,,RO,,,,,,,,,,,,,,
All,pub.dev,2025-07-01/2025-12-31,KEYWORD_INSUFFICIENT_INFORMATION_ON_TRADERS,,RO,,,,,,,,,,,,,,
All,pub.dev,2025-07-01/2025-12-31,KEYWORD_MISLEADING_INFO_GOODS_SERVICES,,RO,,,,,,,,,,,,,,
All,pub.dev,2025-07-01/2025-12-31,KEYWORD_MISLEADING_INFO_CONSUMER_RIGHTS,,RO,,,,,,,,,,,,,,
All,pub.dev,2025-07-01/2025-12-31,KEYWORD_NONCOMPLIANCE_PRICING,,RO,,,,,,,,,,,,,,
All,pub.dev,2025-07-01/2025-12-31,KEYWORD_OTHER,CONSUMER_PROTECTION,RO,,,,,,,,,,,,,,
All,pub.dev,2025-07-01/2025-12-31,KEYWORD_OTHER,MISREPRESENTATION,RO,,,,,,,,,,,,,,
All,pub.dev,2025-07-01/2025-12-31,STATEMENT_CATEGORY_CYBER_VIOLENCE,,RO,,,,,,,,,,,,,,
All,pub.dev,2025-07-01/2025-12-31,KEYWORD_CYBER_BULLYING_INTIMIDATION,,RO,,,,,,,,,,,,,,
All,pub.dev,2025-07-01/2025-12-31,KEYWORD_CYBER_HARASSMENT,,RO,,,,,,,,,,,,,,
All,pub.dev,2025-07-01/2025-12-31,KEYWORD_CYBER_INCITEMENT,,RO,,,,,,,,,,,,,,
All,pub.dev,2025-07-01/2025-12-31,KEYWORD_CYBER_STALKING,,RO,,,,,,,,,,,,,,
All,pub.dev,2025-07-01/2025-12-31,KEYWORD_NON_CONSENSUAL_IMAGE_SHARING,,RO,,,,,,,,,,,,,,
All,pub.dev,2025-07-01/2025-12-31,KEYWORD_NON_CONSENSUAL_MATERIAL_DEEPFAKE,,RO,,,,,,,,,,,,,,
All,pub.dev,2025-07-01/2025-12-31,KEYWORD_OTHER,DOXING,RO,,,,,,,,,,,,,,
All,pub.dev,2025-07-01/2025-12-31,KEYWORD_OTHER,HARASSMENT,RO,,,,,,,,,,,,,,
All,pub.dev,2025-07-01/2025-12-31,KEYWORD_OTHER,HARASSMENT_AND_CYBERBULLYING,RO,,,,,,,,,,,,,,
All,pub.dev,2025-07-01/2025-12-31,KEYWORD_OTHER,HARMFUL_ACTIVITIES,RO,,,,,,,,,,,,,,
All,pub.dev,2025-07-01/2025-12-31,KEYWORD_OTHER,SEXUAL_HARASSMENT,RO,,,,,,,,,,,,,,
All,pub.dev,2025-07-01/2025-12-31,KEYWORD_OTHER,OBSCENITY_OR_PORNOGRAPHY,RO,,,,,,,,,,,,,,
All,pub.dev,2025-07-01/2025-12-31,KEYWORD_OTHER,UNSAFE_CONTENT,RO,,,,,,,,,,,,,,
All,pub.dev,2025-07-01/2025-12-31,STATEMENT_CATEGORY_CYBER_VIOLENCE_AGAINST_WOMEN,,RO,,,,,,,,,,,,,,
All,pub.dev,2025-07-01/2025-12-31,KEYWORD_BULLYING_AGAINST_GIRLS,,RO,,,,,,,,,,,,,,
All,pub.dev,2025-07-01/2025-12-31,KEYWORD_CYBER_HARASSMENT_AGAINST_WOMEN,,RO,,,,,,,,,,,,,,
All,pub.dev,2025-07-01/2025-12-31,KEYWORD_CYBER_STALKING_AGAINST_WOMEN,,RO,,,,,,,,,,,,,,
All,pub.dev,2025-07-01/2025-12-31,KEYWORD_FEMALE_GENDERED_DISINFORMATION,,RO,,,,,,,,,,,,,,
All,pub.dev,2025-07-01/2025-12-31,KEYWORD_INCITEMENT_AGAINST_WOMEN,,RO,,,,,,,,,,,,,,
All,pub.dev,2025-07-01/2025-12-31,KEYWORD_NON_CONSENSUAL_IMAGE_SHARING_AGAINST_WOMEN,,RO,,,,,,,,,,,,,,
All,pub.dev,2025-07-01/2025-12-31,KEYWORD_NON_CONSENSUAL_MATERIAL_DEEPFAKE_AGAINST_WOMEN,,RO,,,,,,,,,,,,,,
All,pub.dev,2025-07-01/2025-12-31,KEYWORD_OTHER,"Text to detail the ""Other"" keyword.",RO,,,,,,,,,,,,,,
All,pub.dev,2025-07-01/2025-12-31,STATEMENT_CATEGORY_DATA_PROTECTION_AND_PRIVACY_VIOLATIONS,,RO,,,,,,,,,,,,,,
All,pub.dev,2025-07-01/2025-12-31,KEYWORD_BIOMETRIC_DATA_BREACH,,RO,,,,,,,,,,,,,,
All,pub.dev,2025-07-01/2025-12-31,KEYWORD_DATA_FALSIFICATION,,RO,,,,,,,,,,,,,,
All,pub.dev,2025-07-01/2025-12-31,KEYWORD_MISSING_PROCESSING_GROUND,,RO,,,,,,,,,,,,,,
All,pub.dev,2025-07-01/2025-12-31,KEYWORD_RIGHT_TO_BE_FORGOTTEN,,RO,,,,,,,,,,,,,,
All,pub.dev,2025-07-01/2025-12-31,KEYWORD_OTHER,DATA_COLLECTION_AND_USE,RO,,,,,,,,,,,,,,
All,pub.dev,2025-07-01/2025-12-31,KEYWORD_OTHER,DISCLOSURE_AND_CONSENT_PRACTICES,RO,,,,,,,,,,,,,,
All,pub.dev,2025-07-01/2025-12-31,KEYWORD_OTHER,GDPR,RO,,,,,,,,,,,,,,
All,pub.dev,2025-07-01/2025-12-31,KEYWORD_OTHER,PERSONAL_INFORMATION,RO,,,,,,,,,,,,,,
All,pub.dev,2025-07-01/2025-12-31,KEYWORD_OTHER,PERSONAL_RIGHTS,RO,,,,,,,,,,,,,,
All,pub.dev,2025-07-01/2025-12-31,KEYWORD_OTHER,PERSONALIZED_ADVERTISING,RO,,,,,,,,,,,,,,
All,pub.dev,2025-07-01/2025-12-31,KEYWORD_OTHER,PRIVACY,RO,,,,,,,,,,,,,,
All,pub.dev,2025-07-01/2025-12-31,KEYWORD_OTHER,PRIVACY_POLICY,RO,,,,,,,,,,,,,,
All,pub.dev,2025-07-01/2025-12-31,KEYWORD_OTHER,UNSECURE_DATA_HANDLING,RO,,,,,,,,,,,,,,
All,pub.dev,2025-07-01/2025-12-31,STATEMENT_CATEGORY_ILLEGAL_OR_HARMFUL_SPEECH,,RO,,,,,,,,,,,,,,
All,pub.dev,2025-07-01/2025-12-31,KEYWORD_DEFAMATION,,RO,,,,,,,,,,,,,,
All,pub.dev,2025-07-01/2025-12-31,KEYWORD_DISCRIMINATION,,RO,,,,,,,,,,,,,,
All,pub.dev,2025-07-01/2025-12-31,KEYWORD_HATE_SPEECH,,RO,,,,,,,,,,,,,,
All,pub.dev,2025-07-01/2025-12-31,KEYWORD_OTHER,HATEFUL_OR_ABUSIVE,RO,,,,,,,,,,,,,,
All,pub.dev,2025-07-01/2025-12-31,KEYWORD_OTHER,ILLEGAL_OR_HARMFUL_SPEECH,RO,,,,,,,,,,,,,,
All,pub.dev,2025-07-01/2025-12-31,KEYWORD_OTHER,OBSCENITY_AND_PROFANITY,RO,,,,,,,,,,,,,,
All,pub.dev,2025-07-01/2025-12-31,KEYWORD_OTHER,OFFENSIVE_CONTENT,RO,,,,,,,,,,,,,,
All,pub.dev,2025-07-01/2025-12-31,KEYWORD_OTHER,UNSAFE_CONTENT,RO,,,,,,,,,,,,,,
All,pub.dev,2025-07-01/2025-12-31,STATEMENT_CATEGORY_INTELLECTUAL_PROPERTY_INFRINGEMENTS,,RO,,,,,,,,,,,,,,
All,pub.dev,2025-07-01/2025-12-31,KEYWORD_COPYRIGHT_INFRINGEMENT,,RO,,,,,,,,,,,,,,
All,pub.dev,2025-07-01/2025-12-31,KEYWORD_DESIGN_INFRINGEMENT,,RO,,,,,,,,,,,,,,
All,pub.dev,2025-07-01/2025-12-31,KEYWORD_GEOGRAPHIC_INDICATIONS_INFRINGEMENT,,RO,,,,,,,,,,,,,,
All,pub.dev,2025-07-01/2025-12-31,KEYWORD_PATENT_INFRINGEMENT,,RO,,,,,,,,,,,,,,
All,pub.dev,2025-07-01/2025-12-31,KEYWORD_TRADE_SECRET_INFRINGEMENT,,RO,,,,,,,,,,,,,,
All,pub.dev,2025-07-01/2025-12-31,KEYWORD_TRADEMARK_INFRINGEMENT,,RO,,,,,,,,,,,,,,
All,pub.dev,2025-07-01/2025-12-31,KEYWORD_OTHER,CIRCUMVENTION,RO,,,,,,,,,,,,,,
All,pub.dev,2025-07-01/2025-12-31,KEYWORD_OTHER,INTELLECTUAL PROPERTY,RO,,,,,,,,,,,,,,
All,pub.dev,2025-07-01/2025-12-31,STATEMENT_CATEGORY_NEGATIVE_EFFECTS_ON_CIVIC_DISCOURSE_OR_ELECTIONS,,RO,,,,,,,,,,,,,,
All,pub.dev,2025-07-01/2025-12-31,KEYWORD_MISINFORMATION_DISINFORMATION,,RO,,,,,,,,,,,,,,
All,pub.dev,2025-07-01/2025-12-31,KEYWORD_VIOLATION_EU_LAW,,RO,,,,,,,,,,,,,,
All,pub.dev,2025-07-01/2025-12-31,KEYWORD_VIOLATION_NATIONAL_LAW,,RO,,,,,,,,,,,,,,
All,pub.dev,2025-07-01/2025-12-31,KEYWORD_OTHER,ELECTORAL,RO,,,,,,,,,,,,,,
All,pub.dev,2025-07-01/2025-12-31,KEYWORD_OTHER,HACKED_POLITICAL_MATERIALS,RO,,,,,,,,,,,,,,
All,pub.dev,2025-07-01/2025-12-31,KEYWORD_OTHER,POLITICAL_CONTENT,RO,,,,,,,,,,,,,,
All,pub.dev,2025-07-01/2025-12-31,KEYWORD_OTHER,SOCIAL_STABILITY,RO,,,,,,,,,,,,,,
All,pub.dev,2025-07-01/2025-12-31,KEYWORD_OTHER,SOCIETAL_VALUES,RO,,,,,,,,,,,,,,
All,pub.dev,2025-07-01/2025-12-31,STATEMENT_CATEGORY_PROTECTION_OF_MINORS,,RO,,,,,,,,,,,,,,
All,pub.dev,2025-07-01/2025-12-31,KEYWORD_AGE_SPECIFIC_RESTRICTIONS_MINORS,,RO,,,,,,,,,,,,,,
All,pub.dev,2025-07-01/2025-12-31,KEYWORD_CHILD_SEXUAL_ABUSE_MATERIAL,,RO,,,,,,,,,,,,,,
All,pub.dev,2025-07-01/2025-12-31,KEYWORD_CHILD_SEXUAL_ABUSE_MATERIAL_DEEPFAKE,,RO,,,,,,,,,,,,,,
All,pub.dev,2025-07-01/2025-12-31,KEYWORD_GROOMING_SEXUAL_ENTICEMENT_MINORS,,RO,,,,,,,,,,,,,,
All,pub.dev,2025-07-01/2025-12-31,KEYWORD_UNSAFE_CHALLENGES,,RO,,,,,,,,,,,,,,
All,pub.dev,2025-07-01/2025-12-31,KEYWORD_OTHER,CHILD_ENDANGERMENT,RO,,,,,,,,,,,,,,
All,pub.dev,2025-07-01/2025-12-31,KEYWORD_OTHER,CHILD_SAFETY,RO,,,,,,,,,,,,,,
All,pub.dev,2025-07-01/2025-12-31,KEYWORD_OTHER,HARMFUL_OR_DANGEROUS_ACTS_CHALLENGES_AND_PRANKS,RO,,,,,,,,,,,,,,
All,pub.dev,2025-07-01/2025-12-31,KEYWORD_OTHER,KNOWN_SERIES,RO,,,,,,,,,,,,,,
All,pub.dev,2025-07-01/2025-12-31,KEYWORD_OTHER,PROTECTION_OF_MINORS,RO,,,,,,,,,,,,,,
All,pub.dev,2025-07-01/2025-12-31,KEYWORD_OTHER,UNAUTHORIZED_IMAGE_OF_MINORS,RO,,,,,,,,,,,,,,
All,pub.dev,2025-07-01/2025-12-31,STATEMENT_CATEGORY_RISK_FOR_PUBLIC_SECURITY,,RO,,,,,,,,,,,,,,
All,pub.dev,2025-07-01/2025-12-31,KEYWORD_ILLEGAL_ORGANIZATIONS,,RO,,,,,,,,,,,,,,
All,pub.dev,2025-07-01/2025-12-31,KEYWORD_RISK_ENVIRONMENTAL_DAMAGE,,RO,,,,,,,,,,,,,,
All,pub.dev,2025-07-01/2025-12-31,KEYWORD_RISK_PUBLIC_HEALTH,,RO,,,,,,,,,,,,,,
All,pub.dev,2025-07-01/2025-12-31,KEYWORD_TERRORIST_CONTENT,,RO,,,,,,,,,,,,,,
All,pub.dev,2025-07-01/2025-12-31,KEYWORD_OTHER,COURT_ORDER,RO,,,,,,,,,,,,,,
All,pub.dev,2025-07-01/2025-12-31,KEYWORD_OTHER,RISK_FOR_PUBLIC_SECURITY,RO,,,,,,,,,,,,,,
All,pub.dev,2025-07-01/2025-12-31,KEYWORD_OTHER,SENSITIVE_EVENTS,RO,,,,,,,,,,,,,,
All,pub.dev,2025-07-01/2025-12-31,KEYWORD_OTHER,VIOLENT_EXTREMISM,RO,,,,,,,,,,,,,,
All,pub.dev,2025-07-01/2025-12-31,KEYWORD_OTHER,WRONGFUL_OR_UNAUTHORIZED_USE_OF_SYMBOLS,RO,,,,,,,,,,,,,,
All,pub.dev,2025-07-01/2025-12-31,STATEMENT_CATEGORY_SCAMS_AND_FRAUD,,RO,,,,,,,,,,,,,,
All,pub.dev,2025-07-01/2025-12-31,KEYWORD_IMPERSONATION_ACCOUNT_HIJACKING,,RO,,,,,,,,,,,,,,
All,pub.dev,2025-07-01/2025-12-31,KEYWORD_INAUTHENTIC_ACCOUNTS,,RO,,,,,,,,,,,,,,
All,pub.dev,2025-07-01/2025-12-31,KEYWORD_INAUTHENTIC_LISTINGS,,RO,,,,,,,,,,,,,,
All,pub.dev,2025-07-01/2025-12-31,KEYWORD_INAUTHENTIC_USER_REVIEWS,,RO,,,,,,,,,,,,,,
All,pub.dev,2025-07-01/2025-12-31,KEYWORD_PHISHING,,RO,,,,,,,,,,,,,,
All,pub.dev,2025-07-01/2025-12-31,KEYWORD_PYRAMID_SCHEMES,,RO,,,,,,,,,,,,,,
All,pub.dev,2025-07-01/2025-12-31,KEYWORD_OTHER,AD_FRAUD_POLICY,RO,,,,,,,,,,,,,,
All,pub.dev,2025-07-01/2025-12-31,KEYWORD_OTHER,ENCOURAGEMENT_OF_DIGITAL_SECURITY_OR_TERMS_OF_SERVICE_VIOLATIONS,RO,,,,,,,,,,,,,,
All,pub.dev,2025-07-01/2025-12-31,KEYWORD_OTHER,FRAUD,RO,,,,,,,,,,,,,,
All,pub.dev,2025-07-01/2025-12-31,KEYWORD_OTHER,MALWARE,RO,,,,,,,,,,,,,,
All,pub.dev,2025-07-01/2025-12-31,KEYWORD_OTHER,MALWARE_AND_PHISHING,RO,,,,,,,,,,,,,,
All,pub.dev,2025-07-01/2025-12-31,KEYWORD_OTHER,MALWARE_AND_SYSTEM_CIRCUMVENTION,RO,,,,,,,,,,,,,,
All,pub.dev,2025-07-01/2025-12-31,KEYWORD_OTHER,MISREPRESENTATION,RO,,,,,,,,,,,,,,
All,pub.dev,2025-07-01/2025-12-31,KEYWORD_OTHER,SCAMS,RO,,,,,,,,,,,,,,
All,pub.dev,2025-07-01/2025-12-31,KEYWORD_OTHER,SOCIAL_ENGINEERING_TACTICS,RO,,,,,,,,,,,,,,
All,pub.dev,2025-07-01/2025-12-31,STATEMENT_CATEGORY_SELF_HARM,,RO,,,,,,,,,,,,,,
All,pub.dev,2025-07-01/2025-12-31,KEYWORD_CONTENT_PROMOTING_EATING_DISORDERS,,RO,,,,,,,,,,,,,,
All,pub.dev,2025-07-01/2025-12-31,KEYWORD_SELF_MUTILATION,,RO,,,,,,,,,,,,,,
All,pub.dev,2025-07-01/2025-12-31,KEYWORD_SUICIDE,,RO,,,,,,,,,,,,,,
All,pub.dev,2025-07-01/2025-12-31,KEYWORD_OTHER,SELF_HARM,RO,,,,,,,,,,,,,,
All,pub.dev,2025-07-01/2025-12-31,KEYWORD_OTHER,SUICIDE_AND_SELF_HARM,RO,,,,,,,,,,,,,,
All,pub.dev,2025-07-01/2025-12-31,STATEMENT_CATEGORY_UNSAFE_AND_PROHIBITED_PRODUCTS,,RO,,,,,,,,,,,,,,
All,pub.dev,2025-07-01/2025-12-31,KEYWORD_PROHIBITED_PRODUCTS,,RO,,,,,,,,,,,,,,
All,pub.dev,2025-07-01/2025-12-31,KEYWORD_UNSAFE_PRODUCTS,,RO,,,,,,,,,,,,,,
All,pub.dev,2025-07-01/2025-12-31,KEYWORD_OTHER,COURT_ORDER,RO,,,,,,,,,,,,,,
All,pub.dev,2025-07-01/2025-12-31,KEYWORD_OTHER,ENABLING_DISHONEST_BEHAVIOR,RO,,,,,,,,,,,,,,
All,pub.dev,2025-07-01/2025-12-31,KEYWORD_OTHER,FIREARMS_AND_ILLEGAL_REGULATED_GOODS_OR_SERVICES,RO,,,,,,,,,,,,,,
All,pub.dev,2025-07-01/2025-12-31,KEYWORD_OTHER,OTHER_LEGAL_NOTICES_OR_ORDERS,RO,,,,,,,,,,,,,,
All,pub.dev,2025-07-01/2025-12-31,KEYWORD_OTHER,UNAUTHORIZED_PHARMACIES,RO,,,,,,,,,,,,,,
All,pub.dev,2025-07-01/2025-12-31,STATEMENT_CATEGORY_VIOLENCE,,RO,,,,,,,,,,,,,,
All,pub.dev,2025-07-01/2025-12-31,KEYWORD_COORDINATED_HARM,,RO,,,,,,,,,,,,,,
All,pub.dev,2025-07-01/2025-12-31,KEYWORD_INCITEMENT_VIOLENCE_HATRED,,RO,,,,,,,,,,,,,,
All,pub.dev,2025-07-01/2025-12-31,KEYWORD_HUMAN_EXPLOITATION,,RO,,,,,,,,,,,,,,
All,pub.dev,2025-07-01/2025-12-31,KEYWORD_HUMAN_TRAFFICKING,,RO,,,,,,,,,,,,,,
All,pub.dev,2025-07-01/2025-12-31,KEYWORD_TRAFFICKING_WOMEN_GIRLS,,RO,,,,,,,,,,,,,,
All,pub.dev,2025-07-01/2025-12-31,KEYWORD_OTHER,DEPICTION_OF VIOLENCE,RO,,,,,,,,,,,,,,
All,pub.dev,2025-07-01/2025-12-31,KEYWORD_OTHER,SHOCKING_CONTENT,RO,,,,,,,,,,,,,,
All,pub.dev,2025-07-01/2025-12-31,KEYWORD_OTHER,VIOLENT_OR_GRAPHIC_CONTENT,RO,,,,,,,,,,,,,,
All,pub.dev,2025-07-01/2025-12-31,STATEMENT_CATEGORY_NOT_SPECIFIED_ORDER,,RO,,,,,,,,,,,,,,
All,pub.dev,2025-07-01/2025-12-31,TOTAL,,SK,,,,,,,,,,,,,,
All,pub.dev,2025-07-01/2025-12-31,STATEMENT_CATEGORY_ANIMAL_WELFARE,,SK,,,,,,,,,,,,,,
All,pub.dev,2025-07-01/2025-12-31,KEYWORD_ANIMAL_HARM,,SK,,,,,,,,,,,,,,
All,pub.dev,2025-07-01/2025-12-31,KEYWORD_UNLAWFUL_SALE_ANIMALS,,SK,,,,,,,,,,,,,,
All,pub.dev,2025-07-01/2025-12-31,KEYWORD_OTHER,ANIMAL_CRUELTY,SK,,,,,,,,,,,,,,
All,pub.dev,2025-07-01/2025-12-31,KEYWORD_OTHER,ANIMAL_HARM_AND_UNLAWFUL_SALE,SK,,,,,,,,,,,,,,
All,pub.dev,2025-07-01/2025-12-31,STATEMENT_CATEGORY_CONSUMER_INFORMATION,,SK,,,,,,,,,,,,,,
All,pub.dev,2025-07-01/2025-12-31,KEYWORD_HIDDEN_ADVERTISEMENT,,SK,,,,,,,,,,,,,,
All,pub.dev,2025-07-01/2025-12-31,KEYWORD_INSUFFICIENT_INFORMATION_ON_TRADERS,,SK,,,,,,,,,,,,,,
All,pub.dev,2025-07-01/2025-12-31,KEYWORD_MISLEADING_INFO_GOODS_SERVICES,,SK,,,,,,,,,,,,,,
All,pub.dev,2025-07-01/2025-12-31,KEYWORD_MISLEADING_INFO_CONSUMER_RIGHTS,,SK,,,,,,,,,,,,,,
All,pub.dev,2025-07-01/2025-12-31,KEYWORD_NONCOMPLIANCE_PRICING,,SK,,,,,,,,,,,,,,
All,pub.dev,2025-07-01/2025-12-31,KEYWORD_OTHER,CONSUMER_PROTECTION,SK,,,,,,,,,,,,,,
All,pub.dev,2025-07-01/2025-12-31,KEYWORD_OTHER,MISREPRESENTATION,SK,,,,,,,,,,,,,,
All,pub.dev,2025-07-01/2025-12-31,STATEMENT_CATEGORY_CYBER_VIOLENCE,,SK,,,,,,,,,,,,,,
All,pub.dev,2025-07-01/2025-12-31,KEYWORD_CYBER_BULLYING_INTIMIDATION,,SK,,,,,,,,,,,,,,
All,pub.dev,2025-07-01/2025-12-31,KEYWORD_CYBER_HARASSMENT,,SK,,,,,,,,,,,,,,
All,pub.dev,2025-07-01/2025-12-31,KEYWORD_CYBER_INCITEMENT,,SK,,,,,,,,,,,,,,
All,pub.dev,2025-07-01/2025-12-31,KEYWORD_CYBER_STALKING,,SK,,,,,,,,,,,,,,
All,pub.dev,2025-07-01/2025-12-31,KEYWORD_NON_CONSENSUAL_IMAGE_SHARING,,SK,,,,,,,,,,,,,,
All,pub.dev,2025-07-01/2025-12-31,KEYWORD_NON_CONSENSUAL_MATERIAL_DEEPFAKE,,SK,,,,,,,,,,,,,,
All,pub.dev,2025-07-01/2025-12-31,KEYWORD_OTHER,DOXING,SK,,,,,,,,,,,,,,
All,pub.dev,2025-07-01/2025-12-31,KEYWORD_OTHER,HARASSMENT,SK,,,,,,,,,,,,,,
All,pub.dev,2025-07-01/2025-12-31,KEYWORD_OTHER,HARASSMENT_AND_CYBERBULLYING,SK,,,,,,,,,,,,,,
All,pub.dev,2025-07-01/2025-12-31,KEYWORD_OTHER,HARMFUL_ACTIVITIES,SK,,,,,,,,,,,,,,
All,pub.dev,2025-07-01/2025-12-31,KEYWORD_OTHER,SEXUAL_HARASSMENT,SK,,,,,,,,,,,,,,
All,pub.dev,2025-07-01/2025-12-31,KEYWORD_OTHER,OBSCENITY_OR_PORNOGRAPHY,SK,,,,,,,,,,,,,,
All,pub.dev,2025-07-01/2025-12-31,KEYWORD_OTHER,UNSAFE_CONTENT,SK,,,,,,,,,,,,,,
All,pub.dev,2025-07-01/2025-12-31,STATEMENT_CATEGORY_CYBER_VIOLENCE_AGAINST_WOMEN,,SK,,,,,,,,,,,,,,
All,pub.dev,2025-07-01/2025-12-31,KEYWORD_BULLYING_AGAINST_GIRLS,,SK,,,,,,,,,,,,,,
All,pub.dev,2025-07-01/2025-12-31,KEYWORD_CYBER_HARASSMENT_AGAINST_WOMEN,,SK,,,,,,,,,,,,,,
All,pub.dev,2025-07-01/2025-12-31,KEYWORD_CYBER_STALKING_AGAINST_WOMEN,,SK,,,,,,,,,,,,,,
All,pub.dev,2025-07-01/2025-12-31,KEYWORD_FEMALE_GENDERED_DISINFORMATION,,SK,,,,,,,,,,,,,,
All,pub.dev,2025-07-01/2025-12-31,KEYWORD_INCITEMENT_AGAINST_WOMEN,,SK,,,,,,,,,,,,,,
All,pub.dev,2025-07-01/2025-12-31,KEYWORD_NON_CONSENSUAL_IMAGE_SHARING_AGAINST_WOMEN,,SK,,,,,,,,,,,,,,
All,pub.dev,2025-07-01/2025-12-31,KEYWORD_NON_CONSENSUAL_MATERIAL_DEEPFAKE_AGAINST_WOMEN,,SK,,,,,,,,,,,,,,
All,pub.dev,2025-07-01/2025-12-31,KEYWORD_OTHER,"Text to detail the ""Other"" keyword.",SK,,,,,,,,,,,,,,
All,pub.dev,2025-07-01/2025-12-31,STATEMENT_CATEGORY_DATA_PROTECTION_AND_PRIVACY_VIOLATIONS,,SK,,,,,,,,,,,,,,
All,pub.dev,2025-07-01/2025-12-31,KEYWORD_BIOMETRIC_DATA_BREACH,,SK,,,,,,,,,,,,,,
All,pub.dev,2025-07-01/2025-12-31,KEYWORD_DATA_FALSIFICATION,,SK,,,,,,,,,,,,,,
All,pub.dev,2025-07-01/2025-12-31,KEYWORD_MISSING_PROCESSING_GROUND,,SK,,,,,,,,,,,,,,
All,pub.dev,2025-07-01/2025-12-31,KEYWORD_RIGHT_TO_BE_FORGOTTEN,,SK,,,,,,,,,,,,,,
All,pub.dev,2025-07-01/2025-12-31,KEYWORD_OTHER,DATA_COLLECTION_AND_USE,SK,,,,,,,,,,,,,,
All,pub.dev,2025-07-01/2025-12-31,KEYWORD_OTHER,DISCLOSURE_AND_CONSENT_PRACTICES,SK,,,,,,,,,,,,,,
All,pub.dev,2025-07-01/2025-12-31,KEYWORD_OTHER,GDPR,SK,,,,,,,,,,,,,,
All,pub.dev,2025-07-01/2025-12-31,KEYWORD_OTHER,PERSONAL_INFORMATION,SK,,,,,,,,,,,,,,
All,pub.dev,2025-07-01/2025-12-31,KEYWORD_OTHER,PERSONAL_RIGHTS,SK,,,,,,,,,,,,,,
All,pub.dev,2025-07-01/2025-12-31,KEYWORD_OTHER,PERSONALIZED_ADVERTISING,SK,,,,,,,,,,,,,,
All,pub.dev,2025-07-01/2025-12-31,KEYWORD_OTHER,PRIVACY,SK,,,,,,,,,,,,,,
All,pub.dev,2025-07-01/2025-12-31,KEYWORD_OTHER,PRIVACY_POLICY,SK,,,,,,,,,,,,,,
All,pub.dev,2025-07-01/2025-12-31,KEYWORD_OTHER,UNSECURE_DATA_HANDLING,SK,,,,,,,,,,,,,,
All,pub.dev,2025-07-01/2025-12-31,STATEMENT_CATEGORY_ILLEGAL_OR_HARMFUL_SPEECH,,SK,,,,,,,,,,,,,,
All,pub.dev,2025-07-01/2025-12-31,KEYWORD_DEFAMATION,,SK,,,,,,,,,,,,,,
All,pub.dev,2025-07-01/2025-12-31,KEYWORD_DISCRIMINATION,,SK,,,,,,,,,,,,,,
All,pub.dev,2025-07-01/2025-12-31,KEYWORD_HATE_SPEECH,,SK,,,,,,,,,,,,,,
All,pub.dev,2025-07-01/2025-12-31,KEYWORD_OTHER,HATEFUL_OR_ABUSIVE,SK,,,,,,,,,,,,,,
All,pub.dev,2025-07-01/2025-12-31,KEYWORD_OTHER,ILLEGAL_OR_HARMFUL_SPEECH,SK,,,,,,,,,,,,,,
All,pub.dev,2025-07-01/2025-12-31,KEYWORD_OTHER,OBSCENITY_AND_PROFANITY,SK,,,,,,,,,,,,,,
All,pub.dev,2025-07-01/2025-12-31,KEYWORD_OTHER,OFFENSIVE_CONTENT,SK,,,,,,,,,,,,,,
All,pub.dev,2025-07-01/2025-12-31,KEYWORD_OTHER,UNSAFE_CONTENT,SK,,,,,,,,,,,,,,
All,pub.dev,2025-07-01/2025-12-31,STATEMENT_CATEGORY_INTELLECTUAL_PROPERTY_INFRINGEMENTS,,SK,,,,,,,,,,,,,,
All,pub.dev,2025-07-01/2025-12-31,KEYWORD_COPYRIGHT_INFRINGEMENT,,SK,,,,,,,,,,,,,,
All,pub.dev,2025-07-01/2025-12-31,KEYWORD_DESIGN_INFRINGEMENT,,SK,,,,,,,,,,,,,,
All,pub.dev,2025-07-01/2025-12-31,KEYWORD_GEOGRAPHIC_INDICATIONS_INFRINGEMENT,,SK,,,,,,,,,,,,,,
All,pub.dev,2025-07-01/2025-12-31,KEYWORD_PATENT_INFRINGEMENT,,SK,,,,,,,,,,,,,,
All,pub.dev,2025-07-01/2025-12-31,KEYWORD_TRADE_SECRET_INFRINGEMENT,,SK,,,,,,,,,,,,,,
All,pub.dev,2025-07-01/2025-12-31,KEYWORD_TRADEMARK_INFRINGEMENT,,SK,,,,,,,,,,,,,,
All,pub.dev,2025-07-01/2025-12-31,KEYWORD_OTHER,CIRCUMVENTION,SK,,,,,,,,,,,,,,
All,pub.dev,2025-07-01/2025-12-31,KEYWORD_OTHER,INTELLECTUAL PROPERTY,SK,,,,,,,,,,,,,,
All,pub.dev,2025-07-01/2025-12-31,STATEMENT_CATEGORY_NEGATIVE_EFFECTS_ON_CIVIC_DISCOURSE_OR_ELECTIONS,,SK,,,,,,,,,,,,,,
All,pub.dev,2025-07-01/2025-12-31,KEYWORD_MISINFORMATION_DISINFORMATION,,SK,,,,,,,,,,,,,,
All,pub.dev,2025-07-01/2025-12-31,KEYWORD_VIOLATION_EU_LAW,,SK,,,,,,,,,,,,,,
All,pub.dev,2025-07-01/2025-12-31,KEYWORD_VIOLATION_NATIONAL_LAW,,SK,,,,,,,,,,,,,,
All,pub.dev,2025-07-01/2025-12-31,KEYWORD_OTHER,ELECTORAL,SK,,,,,,,,,,,,,,
All,pub.dev,2025-07-01/2025-12-31,KEYWORD_OTHER,HACKED_POLITICAL_MATERIALS,SK,,,,,,,,,,,,,,
All,pub.dev,2025-07-01/2025-12-31,KEYWORD_OTHER,POLITICAL_CONTENT,SK,,,,,,,,,,,,,,
All,pub.dev,2025-07-01/2025-12-31,KEYWORD_OTHER,SOCIAL_STABILITY,SK,,,,,,,,,,,,,,
All,pub.dev,2025-07-01/2025-12-31,KEYWORD_OTHER,SOCIETAL_VALUES,SK,,,,,,,,,,,,,,
All,pub.dev,2025-07-01/2025-12-31,STATEMENT_CATEGORY_PROTECTION_OF_MINORS,,SK,,,,,,,,,,,,,,
All,pub.dev,2025-07-01/2025-12-31,KEYWORD_AGE_SPECIFIC_RESTRICTIONS_MINORS,,SK,,,,,,,,,,,,,,
All,pub.dev,2025-07-01/2025-12-31,KEYWORD_CHILD_SEXUAL_ABUSE_MATERIAL,,SK,,,,,,,,,,,,,,
All,pub.dev,2025-07-01/2025-12-31,KEYWORD_CHILD_SEXUAL_ABUSE_MATERIAL_DEEPFAKE,,SK,,,,,,,,,,,,,,
All,pub.dev,2025-07-01/2025-12-31,KEYWORD_GROOMING_SEXUAL_ENTICEMENT_MINORS,,SK,,,,,,,,,,,,,,
All,pub.dev,2025-07-01/2025-12-31,KEYWORD_UNSAFE_CHALLENGES,,SK,,,,,,,,,,,,,,
All,pub.dev,2025-07-01/2025-12-31,KEYWORD_OTHER,CHILD_ENDANGERMENT,SK,,,,,,,,,,,,,,
All,pub.dev,2025-07-01/2025-12-31,KEYWORD_OTHER,CHILD_SAFETY,SK,,,,,,,,,,,,,,
All,pub.dev,2025-07-01/2025-12-31,KEYWORD_OTHER,HARMFUL_OR_DANGEROUS_ACTS_CHALLENGES_AND_PRANKS,SK,,,,,,,,,,,,,,
All,pub.dev,2025-07-01/2025-12-31,KEYWORD_OTHER,KNOWN_SERIES,SK,,,,,,,,,,,,,,
All,pub.dev,2025-07-01/2025-12-31,KEYWORD_OTHER,PROTECTION_OF_MINORS,SK,,,,,,,,,,,,,,
All,pub.dev,2025-07-01/2025-12-31,KEYWORD_OTHER,UNAUTHORIZED_IMAGE_OF_MINORS,SK,,,,,,,,,,,,,,
All,pub.dev,2025-07-01/2025-12-31,STATEMENT_CATEGORY_RISK_FOR_PUBLIC_SECURITY,,SK,,,,,,,,,,,,,,
All,pub.dev,2025-07-01/2025-12-31,KEYWORD_ILLEGAL_ORGANIZATIONS,,SK,,,,,,,,,,,,,,
All,pub.dev,2025-07-01/2025-12-31,KEYWORD_RISK_ENVIRONMENTAL_DAMAGE,,SK,,,,,,,,,,,,,,
All,pub.dev,2025-07-01/2025-12-31,KEYWORD_RISK_PUBLIC_HEALTH,,SK,,,,,,,,,,,,,,
All,pub.dev,2025-07-01/2025-12-31,KEYWORD_TERRORIST_CONTENT,,SK,,,,,,,,,,,,,,
All,pub.dev,2025-07-01/2025-12-31,KEYWORD_OTHER,COURT_ORDER,SK,,,,,,,,,,,,,,
All,pub.dev,2025-07-01/2025-12-31,KEYWORD_OTHER,RISK_FOR_PUBLIC_SECURITY,SK,,,,,,,,,,,,,,
All,pub.dev,2025-07-01/2025-12-31,KEYWORD_OTHER,SENSITIVE_EVENTS,SK,,,,,,,,,,,,,,
All,pub.dev,2025-07-01/2025-12-31,KEYWORD_OTHER,VIOLENT_EXTREMISM,SK,,,,,,,,,,,,,,
All,pub.dev,2025-07-01/2025-12-31,KEYWORD_OTHER,WRONGFUL_OR_UNAUTHORIZED_USE_OF_SYMBOLS,SK,,,,,,,,,,,,,,
All,pub.dev,2025-07-01/2025-12-31,STATEMENT_CATEGORY_SCAMS_AND_FRAUD,,SK,,,,,,,,,,,,,,
All,pub.dev,2025-07-01/2025-12-31,KEYWORD_IMPERSONATION_ACCOUNT_HIJACKING,,SK,,,,,,,,,,,,,,
All,pub.dev,2025-07-01/2025-12-31,KEYWORD_INAUTHENTIC_ACCOUNTS,,SK,,,,,,,,,,,,,,
All,pub.dev,2025-07-01/2025-12-31,KEYWORD_INAUTHENTIC_LISTINGS,,SK,,,,,,,,,,,,,,
All,pub.dev,2025-07-01/2025-12-31,KEYWORD_INAUTHENTIC_USER_REVIEWS,,SK,,,,,,,,,,,,,,
All,pub.dev,2025-07-01/2025-12-31,KEYWORD_PHISHING,,SK,,,,,,,,,,,,,,
All,pub.dev,2025-07-01/2025-12-31,KEYWORD_PYRAMID_SCHEMES,,SK,,,,,,,,,,,,,,
All,pub.dev,2025-07-01/2025-12-31,KEYWORD_OTHER,AD_FRAUD_POLICY,SK,,,,,,,,,,,,,,
All,pub.dev,2025-07-01/2025-12-31,KEYWORD_OTHER,ENCOURAGEMENT_OF_DIGITAL_SECURITY_OR_TERMS_OF_SERVICE_VIOLATIONS,SK,,,,,,,,,,,,,,
All,pub.dev,2025-07-01/2025-12-31,KEYWORD_OTHER,FRAUD,SK,,,,,,,,,,,,,,
All,pub.dev,2025-07-01/2025-12-31,KEYWORD_OTHER,MALWARE,SK,,,,,,,,,,,,,,
All,pub.dev,2025-07-01/2025-12-31,KEYWORD_OTHER,MALWARE_AND_PHISHING,SK,,,,,,,,,,,,,,
All,pub.dev,2025-07-01/2025-12-31,KEYWORD_OTHER,MALWARE_AND_SYSTEM_CIRCUMVENTION,SK,,,,,,,,,,,,,,
All,pub.dev,2025-07-01/2025-12-31,KEYWORD_OTHER,MISREPRESENTATION,SK,,,,,,,,,,,,,,
All,pub.dev,2025-07-01/2025-12-31,KEYWORD_OTHER,SCAMS,SK,,,,,,,,,,,,,,
All,pub.dev,2025-07-01/2025-12-31,KEYWORD_OTHER,SOCIAL_ENGINEERING_TACTICS,SK,,,,,,,,,,,,,,
All,pub.dev,2025-07-01/2025-12-31,STATEMENT_CATEGORY_SELF_HARM,,SK,,,,,,,,,,,,,,
All,pub.dev,2025-07-01/2025-12-31,KEYWORD_CONTENT_PROMOTING_EATING_DISORDERS,,SK,,,,,,,,,,,,,,
All,pub.dev,2025-07-01/2025-12-31,KEYWORD_SELF_MUTILATION,,SK,,,,,,,,,,,,,,
All,pub.dev,2025-07-01/2025-12-31,KEYWORD_SUICIDE,,SK,,,,,,,,,,,,,,
All,pub.dev,2025-07-01/2025-12-31,KEYWORD_OTHER,SELF_HARM,SK,,,,,,,,,,,,,,
All,pub.dev,2025-07-01/2025-12-31,KEYWORD_OTHER,SUICIDE_AND_SELF_HARM,SK,,,,,,,,,,,,,,
All,pub.dev,2025-07-01/2025-12-31,STATEMENT_CATEGORY_UNSAFE_AND_PROHIBITED_PRODUCTS,,SK,,,,,,,,,,,,,,
All,pub.dev,2025-07-01/2025-12-31,KEYWORD_PROHIBITED_PRODUCTS,,SK,,,,,,,,,,,,,,
All,pub.dev,2025-07-01/2025-12-31,KEYWORD_UNSAFE_PRODUCTS,,SK,,,,,,,,,,,,,,
All,pub.dev,2025-07-01/2025-12-31,KEYWORD_OTHER,COURT_ORDER,SK,,,,,,,,,,,,,,
All,pub.dev,2025-07-01/2025-12-31,KEYWORD_OTHER,ENABLING_DISHONEST_BEHAVIOR,SK,,,,,,,,,,,,,,
All,pub.dev,2025-07-01/2025-12-31,KEYWORD_OTHER,FIREARMS_AND_ILLEGAL_REGULATED_GOODS_OR_SERVICES,SK,,,,,,,,,,,,,,
All,pub.dev,2025-07-01/2025-12-31,KEYWORD_OTHER,OTHER_LEGAL_NOTICES_OR_ORDERS,SK,,,,,,,,,,,,,,
All,pub.dev,2025-07-01/2025-12-31,KEYWORD_OTHER,UNAUTHORIZED_PHARMACIES,SK,,,,,,,,,,,,,,
All,pub.dev,2025-07-01/2025-12-31,STATEMENT_CATEGORY_VIOLENCE,,SK,,,,,,,,,,,,,,
All,pub.dev,2025-07-01/2025-12-31,KEYWORD_COORDINATED_HARM,,SK,,,,,,,,,,,,,,
All,pub.dev,2025-07-01/2025-12-31,KEYWORD_INCITEMENT_VIOLENCE_HATRED,,SK,,,,,,,,,,,,,,
All,pub.dev,2025-07-01/2025-12-31,KEYWORD_HUMAN_EXPLOITATION,,SK,,,,,,,,,,,,,,
All,pub.dev,2025-07-01/2025-12-31,KEYWORD_HUMAN_TRAFFICKING,,SK,,,,,,,,,,,,,,
All,pub.dev,2025-07-01/2025-12-31,KEYWORD_TRAFFICKING_WOMEN_GIRLS,,SK,,,,,,,,,,,,,,
All,pub.dev,2025-07-01/2025-12-31,KEYWORD_OTHER,DEPICTION_OF VIOLENCE,SK,,,,,,,,,,,,,,
All,pub.dev,2025-07-01/2025-12-31,KEYWORD_OTHER,SHOCKING_CONTENT,SK,,,,,,,,,,,,,,
All,pub.dev,2025-07-01/2025-12-31,KEYWORD_OTHER,VIOLENT_OR_GRAPHIC_CONTENT,SK,,,,,,,,,,,,,,
All,pub.dev,2025-07-01/2025-12-31,STATEMENT_CATEGORY_NOT_SPECIFIED_ORDER,,SK,,,,,,,,,,,,,,
All,pub.dev,2025-07-01/2025-12-31,TOTAL,,SI,,,,,,,,,,,,,,
All,pub.dev,2025-07-01/2025-12-31,STATEMENT_CATEGORY_ANIMAL_WELFARE,,SI,,,,,,,,,,,,,,
All,pub.dev,2025-07-01/2025-12-31,KEYWORD_ANIMAL_HARM,,SI,,,,,,,,,,,,,,
All,pub.dev,2025-07-01/2025-12-31,KEYWORD_UNLAWFUL_SALE_ANIMALS,,SI,,,,,,,,,,,,,,
All,pub.dev,2025-07-01/2025-12-31,KEYWORD_OTHER,ANIMAL_CRUELTY,SI,,,,,,,,,,,,,,
All,pub.dev,2025-07-01/2025-12-31,KEYWORD_OTHER,ANIMAL_HARM_AND_UNLAWFUL_SALE,SI,,,,,,,,,,,,,,
All,pub.dev,2025-07-01/2025-12-31,STATEMENT_CATEGORY_CONSUMER_INFORMATION,,SI,,,,,,,,,,,,,,
All,pub.dev,2025-07-01/2025-12-31,KEYWORD_HIDDEN_ADVERTISEMENT,,SI,,,,,,,,,,,,,,
All,pub.dev,2025-07-01/2025-12-31,KEYWORD_INSUFFICIENT_INFORMATION_ON_TRADERS,,SI,,,,,,,,,,,,,,
All,pub.dev,2025-07-01/2025-12-31,KEYWORD_MISLEADING_INFO_GOODS_SERVICES,,SI,,,,,,,,,,,,,,
All,pub.dev,2025-07-01/2025-12-31,KEYWORD_MISLEADING_INFO_CONSUMER_RIGHTS,,SI,,,,,,,,,,,,,,
All,pub.dev,2025-07-01/2025-12-31,KEYWORD_NONCOMPLIANCE_PRICING,,SI,,,,,,,,,,,,,,
All,pub.dev,2025-07-01/2025-12-31,KEYWORD_OTHER,CONSUMER_PROTECTION,SI,,,,,,,,,,,,,,
All,pub.dev,2025-07-01/2025-12-31,KEYWORD_OTHER,MISREPRESENTATION,SI,,,,,,,,,,,,,,
All,pub.dev,2025-07-01/2025-12-31,STATEMENT_CATEGORY_CYBER_VIOLENCE,,SI,,,,,,,,,,,,,,
All,pub.dev,2025-07-01/2025-12-31,KEYWORD_CYBER_BULLYING_INTIMIDATION,,SI,,,,,,,,,,,,,,
All,pub.dev,2025-07-01/2025-12-31,KEYWORD_CYBER_HARASSMENT,,SI,,,,,,,,,,,,,,
All,pub.dev,2025-07-01/2025-12-31,KEYWORD_CYBER_INCITEMENT,,SI,,,,,,,,,,,,,,
All,pub.dev,2025-07-01/2025-12-31,KEYWORD_CYBER_STALKING,,SI,,,,,,,,,,,,,,
All,pub.dev,2025-07-01/2025-12-31,KEYWORD_NON_CONSENSUAL_IMAGE_SHARING,,SI,,,,,,,,,,,,,,
All,pub.dev,2025-07-01/2025-12-31,KEYWORD_NON_CONSENSUAL_MATERIAL_DEEPFAKE,,SI,,,,,,,,,,,,,,
All,pub.dev,2025-07-01/2025-12-31,KEYWORD_OTHER,DOXING,SI,,,,,,,,,,,,,,
All,pub.dev,2025-07-01/2025-12-31,KEYWORD_OTHER,HARASSMENT,SI,,,,,,,,,,,,,,
All,pub.dev,2025-07-01/2025-12-31,KEYWORD_OTHER,HARASSMENT_AND_CYBERBULLYING,SI,,,,,,,,,,,,,,
All,pub.dev,2025-07-01/2025-12-31,KEYWORD_OTHER,HARMFUL_ACTIVITIES,SI,,,,,,,,,,,,,,
All,pub.dev,2025-07-01/2025-12-31,KEYWORD_OTHER,SEXUAL_HARASSMENT,SI,,,,,,,,,,,,,,
All,pub.dev,2025-07-01/2025-12-31,KEYWORD_OTHER,OBSCENITY_OR_PORNOGRAPHY,SI,,,,,,,,,,,,,,
All,pub.dev,2025-07-01/2025-12-31,KEYWORD_OTHER,UNSAFE_CONTENT,SI,,,,,,,,,,,,,,
All,pub.dev,2025-07-01/2025-12-31,STATEMENT_CATEGORY_CYBER_VIOLENCE_AGAINST_WOMEN,,SI,,,,,,,,,,,,,,
All,pub.dev,2025-07-01/2025-12-31,KEYWORD_BULLYING_AGAINST_GIRLS,,SI,,,,,,,,,,,,,,
All,pub.dev,2025-07-01/2025-12-31,KEYWORD_CYBER_HARASSMENT_AGAINST_WOMEN,,SI,,,,,,,,,,,,,,
All,pub.dev,2025-07-01/2025-12-31,KEYWORD_CYBER_STALKING_AGAINST_WOMEN,,SI,,,,,,,,,,,,,,
All,pub.dev,2025-07-01/2025-12-31,KEYWORD_FEMALE_GENDERED_DISINFORMATION,,SI,,,,,,,,,,,,,,
All,pub.dev,2025-07-01/2025-12-31,KEYWORD_INCITEMENT_AGAINST_WOMEN,,SI,,,,,,,,,,,,,,
All,pub.dev,2025-07-01/2025-12-31,KEYWORD_NON_CONSENSUAL_IMAGE_SHARING_AGAINST_WOMEN,,SI,,,,,,,,,,,,,,
All,pub.dev,2025-07-01/2025-12-31,KEYWORD_NON_CONSENSUAL_MATERIAL_DEEPFAKE_AGAINST_WOMEN,,SI,,,,,,,,,,,,,,
All,pub.dev,2025-07-01/2025-12-31,KEYWORD_OTHER,"Text to detail the ""Other"" keyword.",SI,,,,,,,,,,,,,,
All,pub.dev,2025-07-01/2025-12-31,STATEMENT_CATEGORY_DATA_PROTECTION_AND_PRIVACY_VIOLATIONS,,SI,,,,,,,,,,,,,,
All,pub.dev,2025-07-01/2025-12-31,KEYWORD_BIOMETRIC_DATA_BREACH,,SI,,,,,,,,,,,,,,
All,pub.dev,2025-07-01/2025-12-31,KEYWORD_DATA_FALSIFICATION,,SI,,,,,,,,,,,,,,
All,pub.dev,2025-07-01/2025-12-31,KEYWORD_MISSING_PROCESSING_GROUND,,SI,,,,,,,,,,,,,,
All,pub.dev,2025-07-01/2025-12-31,KEYWORD_RIGHT_TO_BE_FORGOTTEN,,SI,,,,,,,,,,,,,,
All,pub.dev,2025-07-01/2025-12-31,KEYWORD_OTHER,DATA_COLLECTION_AND_USE,SI,,,,,,,,,,,,,,
All,pub.dev,2025-07-01/2025-12-31,KEYWORD_OTHER,DISCLOSURE_AND_CONSENT_PRACTICES,SI,,,,,,,,,,,,,,
All,pub.dev,2025-07-01/2025-12-31,KEYWORD_OTHER,GDPR,SI,,,,,,,,,,,,,,
All,pub.dev,2025-07-01/2025-12-31,KEYWORD_OTHER,PERSONAL_INFORMATION,SI,,,,,,,,,,,,,,
All,pub.dev,2025-07-01/2025-12-31,KEYWORD_OTHER,PERSONAL_RIGHTS,SI,,,,,,,,,,,,,,
All,pub.dev,2025-07-01/2025-12-31,KEYWORD_OTHER,PERSONALIZED_ADVERTISING,SI,,,,,,,,,,,,,,
All,pub.dev,2025-07-01/2025-12-31,KEYWORD_OTHER,PRIVACY,SI,,,,,,,,,,,,,,
All,pub.dev,2025-07-01/2025-12-31,KEYWORD_OTHER,PRIVACY_POLICY,SI,,,,,,,,,,,,,,
All,pub.dev,2025-07-01/2025-12-31,KEYWORD_OTHER,UNSECURE_DATA_HANDLING,SI,,,,,,,,,,,,,,
All,pub.dev,2025-07-01/2025-12-31,STATEMENT_CATEGORY_ILLEGAL_OR_HARMFUL_SPEECH,,SI,,,,,,,,,,,,,,
All,pub.dev,2025-07-01/2025-12-31,KEYWORD_DEFAMATION,,SI,,,,,,,,,,,,,,
All,pub.dev,2025-07-01/2025-12-31,KEYWORD_DISCRIMINATION,,SI,,,,,,,,,,,,,,
All,pub.dev,2025-07-01/2025-12-31,KEYWORD_HATE_SPEECH,,SI,,,,,,,,,,,,,,
All,pub.dev,2025-07-01/2025-12-31,KEYWORD_OTHER,HATEFUL_OR_ABUSIVE,SI,,,,,,,,,,,,,,
All,pub.dev,2025-07-01/2025-12-31,KEYWORD_OTHER,ILLEGAL_OR_HARMFUL_SPEECH,SI,,,,,,,,,,,,,,
All,pub.dev,2025-07-01/2025-12-31,KEYWORD_OTHER,OBSCENITY_AND_PROFANITY,SI,,,,,,,,,,,,,,
All,pub.dev,2025-07-01/2025-12-31,KEYWORD_OTHER,OFFENSIVE_CONTENT,SI,,,,,,,,,,,,,,
All,pub.dev,2025-07-01/2025-12-31,KEYWORD_OTHER,UNSAFE_CONTENT,SI,,,,,,,,,,,,,,
All,pub.dev,2025-07-01/2025-12-31,STATEMENT_CATEGORY_INTELLECTUAL_PROPERTY_INFRINGEMENTS,,SI,,,,,,,,,,,,,,
All,pub.dev,2025-07-01/2025-12-31,KEYWORD_COPYRIGHT_INFRINGEMENT,,SI,,,,,,,,,,,,,,
All,pub.dev,2025-07-01/2025-12-31,KEYWORD_DESIGN_INFRINGEMENT,,SI,,,,,,,,,,,,,,
All,pub.dev,2025-07-01/2025-12-31,KEYWORD_GEOGRAPHIC_INDICATIONS_INFRINGEMENT,,SI,,,,,,,,,,,,,,
All,pub.dev,2025-07-01/2025-12-31,KEYWORD_PATENT_INFRINGEMENT,,SI,,,,,,,,,,,,,,
All,pub.dev,2025-07-01/2025-12-31,KEYWORD_TRADE_SECRET_INFRINGEMENT,,SI,,,,,,,,,,,,,,
All,pub.dev,2025-07-01/2025-12-31,KEYWORD_TRADEMARK_INFRINGEMENT,,SI,,,,,,,,,,,,,,
All,pub.dev,2025-07-01/2025-12-31,KEYWORD_OTHER,CIRCUMVENTION,SI,,,,,,,,,,,,,,
All,pub.dev,2025-07-01/2025-12-31,KEYWORD_OTHER,INTELLECTUAL PROPERTY,SI,,,,,,,,,,,,,,
All,pub.dev,2025-07-01/2025-12-31,STATEMENT_CATEGORY_NEGATIVE_EFFECTS_ON_CIVIC_DISCOURSE_OR_ELECTIONS,,SI,,,,,,,,,,,,,,
All,pub.dev,2025-07-01/2025-12-31,KEYWORD_MISINFORMATION_DISINFORMATION,,SI,,,,,,,,,,,,,,
All,pub.dev,2025-07-01/2025-12-31,KEYWORD_VIOLATION_EU_LAW,,SI,,,,,,,,,,,,,,
All,pub.dev,2025-07-01/2025-12-31,KEYWORD_VIOLATION_NATIONAL_LAW,,SI,,,,,,,,,,,,,,
All,pub.dev,2025-07-01/2025-12-31,KEYWORD_OTHER,ELECTORAL,SI,,,,,,,,,,,,,,
All,pub.dev,2025-07-01/2025-12-31,KEYWORD_OTHER,HACKED_POLITICAL_MATERIALS,SI,,,,,,,,,,,,,,
All,pub.dev,2025-07-01/2025-12-31,KEYWORD_OTHER,POLITICAL_CONTENT,SI,,,,,,,,,,,,,,
All,pub.dev,2025-07-01/2025-12-31,KEYWORD_OTHER,SOCIAL_STABILITY,SI,,,,,,,,,,,,,,
All,pub.dev,2025-07-01/2025-12-31,KEYWORD_OTHER,SOCIETAL_VALUES,SI,,,,,,,,,,,,,,
All,pub.dev,2025-07-01/2025-12-31,STATEMENT_CATEGORY_PROTECTION_OF_MINORS,,SI,,,,,,,,,,,,,,
All,pub.dev,2025-07-01/2025-12-31,KEYWORD_AGE_SPECIFIC_RESTRICTIONS_MINORS,,SI,,,,,,,,,,,,,,
All,pub.dev,2025-07-01/2025-12-31,KEYWORD_CHILD_SEXUAL_ABUSE_MATERIAL,,SI,,,,,,,,,,,,,,
All,pub.dev,2025-07-01/2025-12-31,KEYWORD_CHILD_SEXUAL_ABUSE_MATERIAL_DEEPFAKE,,SI,,,,,,,,,,,,,,
All,pub.dev,2025-07-01/2025-12-31,KEYWORD_GROOMING_SEXUAL_ENTICEMENT_MINORS,,SI,,,,,,,,,,,,,,
All,pub.dev,2025-07-01/2025-12-31,KEYWORD_UNSAFE_CHALLENGES,,SI,,,,,,,,,,,,,,
All,pub.dev,2025-07-01/2025-12-31,KEYWORD_OTHER,CHILD_ENDANGERMENT,SI,,,,,,,,,,,,,,
All,pub.dev,2025-07-01/2025-12-31,KEYWORD_OTHER,CHILD_SAFETY,SI,,,,,,,,,,,,,,
All,pub.dev,2025-07-01/2025-12-31,KEYWORD_OTHER,HARMFUL_OR_DANGEROUS_ACTS_CHALLENGES_AND_PRANKS,SI,,,,,,,,,,,,,,
All,pub.dev,2025-07-01/2025-12-31,KEYWORD_OTHER,KNOWN_SERIES,SI,,,,,,,,,,,,,,
All,pub.dev,2025-07-01/2025-12-31,KEYWORD_OTHER,PROTECTION_OF_MINORS,SI,,,,,,,,,,,,,,
All,pub.dev,2025-07-01/2025-12-31,KEYWORD_OTHER,UNAUTHORIZED_IMAGE_OF_MINORS,SI,,,,,,,,,,,,,,
All,pub.dev,2025-07-01/2025-12-31,STATEMENT_CATEGORY_RISK_FOR_PUBLIC_SECURITY,,SI,,,,,,,,,,,,,,
All,pub.dev,2025-07-01/2025-12-31,KEYWORD_ILLEGAL_ORGANIZATIONS,,SI,,,,,,,,,,,,,,
All,pub.dev,2025-07-01/2025-12-31,KEYWORD_RISK_ENVIRONMENTAL_DAMAGE,,SI,,,,,,,,,,,,,,
All,pub.dev,2025-07-01/2025-12-31,KEYWORD_RISK_PUBLIC_HEALTH,,SI,,,,,,,,,,,,,,
All,pub.dev,2025-07-01/2025-12-31,KEYWORD_TERRORIST_CONTENT,,SI,,,,,,,,,,,,,,
All,pub.dev,2025-07-01/2025-12-31,KEYWORD_OTHER,COURT_ORDER,SI,,,,,,,,,,,,,,
All,pub.dev,2025-07-01/2025-12-31,KEYWORD_OTHER,RISK_FOR_PUBLIC_SECURITY,SI,,,,,,,,,,,,,,
All,pub.dev,2025-07-01/2025-12-31,KEYWORD_OTHER,SENSITIVE_EVENTS,SI,,,,,,,,,,,,,,
All,pub.dev,2025-07-01/2025-12-31,KEYWORD_OTHER,VIOLENT_EXTREMISM,SI,,,,,,,,,,,,,,
All,pub.dev,2025-07-01/2025-12-31,KEYWORD_OTHER,WRONGFUL_OR_UNAUTHORIZED_USE_OF_SYMBOLS,SI,,,,,,,,,,,,,,
All,pub.dev,2025-07-01/2025-12-31,STATEMENT_CATEGORY_SCAMS_AND_FRAUD,,SI,,,,,,,,,,,,,,
All,pub.dev,2025-07-01/2025-12-31,KEYWORD_IMPERSONATION_ACCOUNT_HIJACKING,,SI,,,,,,,,,,,,,,
All,pub.dev,2025-07-01/2025-12-31,KEYWORD_INAUTHENTIC_ACCOUNTS,,SI,,,,,,,,,,,,,,
All,pub.dev,2025-07-01/2025-12-31,KEYWORD_INAUTHENTIC_LISTINGS,,SI,,,,,,,,,,,,,,
All,pub.dev,2025-07-01/2025-12-31,KEYWORD_INAUTHENTIC_USER_REVIEWS,,SI,,,,,,,,,,,,,,
All,pub.dev,2025-07-01/2025-12-31,KEYWORD_PHISHING,,SI,,,,,,,,,,,,,,
All,pub.dev,2025-07-01/2025-12-31,KEYWORD_PYRAMID_SCHEMES,,SI,,,,,,,,,,,,,,
All,pub.dev,2025-07-01/2025-12-31,KEYWORD_OTHER,AD_FRAUD_POLICY,SI,,,,,,,,,,,,,,
All,pub.dev,2025-07-01/2025-12-31,KEYWORD_OTHER,ENCOURAGEMENT_OF_DIGITAL_SECURITY_OR_TERMS_OF_SERVICE_VIOLATIONS,SI,,,,,,,,,,,,,,
All,pub.dev,2025-07-01/2025-12-31,KEYWORD_OTHER,FRAUD,SI,,,,,,,,,,,,,,
All,pub.dev,2025-07-01/2025-12-31,KEYWORD_OTHER,MALWARE,SI,,,,,,,,,,,,,,
All,pub.dev,2025-07-01/2025-12-31,KEYWORD_OTHER,MALWARE_AND_PHISHING,SI,,,,,,,,,,,,,,
All,pub.dev,2025-07-01/2025-12-31,KEYWORD_OTHER,MALWARE_AND_SYSTEM_CIRCUMVENTION,SI,,,,,,,,,,,,,,
All,pub.dev,2025-07-01/2025-12-31,KEYWORD_OTHER,MISREPRESENTATION,SI,,,,,,,,,,,,,,
All,pub.dev,2025-07-01/2025-12-31,KEYWORD_OTHER,SCAMS,SI,,,,,,,,,,,,,,
All,pub.dev,2025-07-01/2025-12-31,KEYWORD_OTHER,SOCIAL_ENGINEERING_TACTICS,SI,,,,,,,,,,,,,,
All,pub.dev,2025-07-01/2025-12-31,STATEMENT_CATEGORY_SELF_HARM,,SI,,,,,,,,,,,,,,
All,pub.dev,2025-07-01/2025-12-31,KEYWORD_CONTENT_PROMOTING_EATING_DISORDERS,,SI,,,,,,,,,,,,,,
All,pub.dev,2025-07-01/2025-12-31,KEYWORD_SELF_MUTILATION,,SI,,,,,,,,,,,,,,
All,pub.dev,2025-07-01/2025-12-31,KEYWORD_SUICIDE,,SI,,,,,,,,,,,,,,
All,pub.dev,2025-07-01/2025-12-31,KEYWORD_OTHER,SELF_HARM,SI,,,,,,,,,,,,,,
All,pub.dev,2025-07-01/2025-12-31,KEYWORD_OTHER,SUICIDE_AND_SELF_HARM,SI,,,,,,,,,,,,,,
All,pub.dev,2025-07-01/2025-12-31,STATEMENT_CATEGORY_UNSAFE_AND_PROHIBITED_PRODUCTS,,SI,,,,,,,,,,,,,,
All,pub.dev,2025-07-01/2025-12-31,KEYWORD_PROHIBITED_PRODUCTS,,SI,,,,,,,,,,,,,,
All,pub.dev,2025-07-01/2025-12-31,KEYWORD_UNSAFE_PRODUCTS,,SI,,,,,,,,,,,,,,
All,pub.dev,2025-07-01/2025-12-31,KEYWORD_OTHER,COURT_ORDER,SI,,,,,,,,,,,,,,
All,pub.dev,2025-07-01/2025-12-31,KEYWORD_OTHER,ENABLING_DISHONEST_BEHAVIOR,SI,,,,,,,,,,,,,,
All,pub.dev,2025-07-01/2025-12-31,KEYWORD_OTHER,FIREARMS_AND_ILLEGAL_REGULATED_GOODS_OR_SERVICES,SI,,,,,,,,,,,,,,
All,pub.dev,2025-07-01/2025-12-31,KEYWORD_OTHER,OTHER_LEGAL_NOTICES_OR_ORDERS,SI,,,,,,,,,,,,,,
All,pub.dev,2025-07-01/2025-12-31,KEYWORD_OTHER,UNAUTHORIZED_PHARMACIES,SI,,,,,,,,,,,,,,
All,pub.dev,2025-07-01/2025-12-31,STATEMENT_CATEGORY_VIOLENCE,,SI,,,,,,,,,,,,,,
All,pub.dev,2025-07-01/2025-12-31,KEYWORD_COORDINATED_HARM,,SI,,,,,,,,,,,,,,
All,pub.dev,2025-07-01/2025-12-31,KEYWORD_INCITEMENT_VIOLENCE_HATRED,,SI,,,,,,,,,,,,,,
All,pub.dev,2025-07-01/2025-12-31,KEYWORD_HUMAN_EXPLOITATION,,SI,,,,,,,,,,,,,,
All,pub.dev,2025-07-01/2025-12-31,KEYWORD_HUMAN_TRAFFICKING,,SI,,,,,,,,,,,,,,
All,pub.dev,2025-07-01/2025-12-31,KEYWORD_TRAFFICKING_WOMEN_GIRLS,,SI,,,,,,,,,,,,,,
All,pub.dev,2025-07-01/2025-12-31,KEYWORD_OTHER,DEPICTION_OF VIOLENCE,SI,,,,,,,,,,,,,,
All,pub.dev,2025-07-01/2025-12-31,KEYWORD_OTHER,SHOCKING_CONTENT,SI,,,,,,,,,,,,,,
All,pub.dev,2025-07-01/2025-12-31,KEYWORD_OTHER,VIOLENT_OR_GRAPHIC_CONTENT,SI,,,,,,,,,,,,,,
All,pub.dev,2025-07-01/2025-12-31,STATEMENT_CATEGORY_NOT_SPECIFIED_ORDER,,SI,,,,,,,,,,,,,,
All,pub.dev,2025-07-01/2025-12-31,TOTAL,,ES,,,,,,,,,,,,,,
All,pub.dev,2025-07-01/2025-12-31,STATEMENT_CATEGORY_ANIMAL_WELFARE,,ES,,,,,,,,,,,,,,
All,pub.dev,2025-07-01/2025-12-31,KEYWORD_ANIMAL_HARM,,ES,,,,,,,,,,,,,,
All,pub.dev,2025-07-01/2025-12-31,KEYWORD_UNLAWFUL_SALE_ANIMALS,,ES,,,,,,,,,,,,,,
All,pub.dev,2025-07-01/2025-12-31,KEYWORD_OTHER,ANIMAL_CRUELTY,ES,,,,,,,,,,,,,,
All,pub.dev,2025-07-01/2025-12-31,KEYWORD_OTHER,ANIMAL_HARM_AND_UNLAWFUL_SALE,ES,,,,,,,,,,,,,,
All,pub.dev,2025-07-01/2025-12-31,STATEMENT_CATEGORY_CONSUMER_INFORMATION,,ES,,,,,,,,,,,,,,
All,pub.dev,2025-07-01/2025-12-31,KEYWORD_HIDDEN_ADVERTISEMENT,,ES,,,,,,,,,,,,,,
All,pub.dev,2025-07-01/2025-12-31,KEYWORD_INSUFFICIENT_INFORMATION_ON_TRADERS,,ES,,,,,,,,,,,,,,
All,pub.dev,2025-07-01/2025-12-31,KEYWORD_MISLEADING_INFO_GOODS_SERVICES,,ES,,,,,,,,,,,,,,
All,pub.dev,2025-07-01/2025-12-31,KEYWORD_MISLEADING_INFO_CONSUMER_RIGHTS,,ES,,,,,,,,,,,,,,
All,pub.dev,2025-07-01/2025-12-31,KEYWORD_NONCOMPLIANCE_PRICING,,ES,,,,,,,,,,,,,,
All,pub.dev,2025-07-01/2025-12-31,KEYWORD_OTHER,CONSUMER_PROTECTION,ES,,,,,,,,,,,,,,
All,pub.dev,2025-07-01/2025-12-31,KEYWORD_OTHER,MISREPRESENTATION,ES,,,,,,,,,,,,,,
All,pub.dev,2025-07-01/2025-12-31,STATEMENT_CATEGORY_CYBER_VIOLENCE,,ES,,,,,,,,,,,,,,
All,pub.dev,2025-07-01/2025-12-31,KEYWORD_CYBER_BULLYING_INTIMIDATION,,ES,,,,,,,,,,,,,,
All,pub.dev,2025-07-01/2025-12-31,KEYWORD_CYBER_HARASSMENT,,ES,,,,,,,,,,,,,,
All,pub.dev,2025-07-01/2025-12-31,KEYWORD_CYBER_INCITEMENT,,ES,,,,,,,,,,,,,,
All,pub.dev,2025-07-01/2025-12-31,KEYWORD_CYBER_STALKING,,ES,,,,,,,,,,,,,,
All,pub.dev,2025-07-01/2025-12-31,KEYWORD_NON_CONSENSUAL_IMAGE_SHARING,,ES,,,,,,,,,,,,,,
All,pub.dev,2025-07-01/2025-12-31,KEYWORD_NON_CONSENSUAL_MATERIAL_DEEPFAKE,,ES,,,,,,,,,,,,,,
All,pub.dev,2025-07-01/2025-12-31,KEYWORD_OTHER,DOXING,ES,,,,,,,,,,,,,,
All,pub.dev,2025-07-01/2025-12-31,KEYWORD_OTHER,HARASSMENT,ES,,,,,,,,,,,,,,
All,pub.dev,2025-07-01/2025-12-31,KEYWORD_OTHER,HARASSMENT_AND_CYBERBULLYING,ES,,,,,,,,,,,,,,
All,pub.dev,2025-07-01/2025-12-31,KEYWORD_OTHER,HARMFUL_ACTIVITIES,ES,,,,,,,,,,,,,,
All,pub.dev,2025-07-01/2025-12-31,KEYWORD_OTHER,SEXUAL_HARASSMENT,ES,,,,,,,,,,,,,,
All,pub.dev,2025-07-01/2025-12-31,KEYWORD_OTHER,OBSCENITY_OR_PORNOGRAPHY,ES,,,,,,,,,,,,,,
All,pub.dev,2025-07-01/2025-12-31,KEYWORD_OTHER,UNSAFE_CONTENT,ES,,,,,,,,,,,,,,
All,pub.dev,2025-07-01/2025-12-31,STATEMENT_CATEGORY_CYBER_VIOLENCE_AGAINST_WOMEN,,ES,,,,,,,,,,,,,,
All,pub.dev,2025-07-01/2025-12-31,KEYWORD_BULLYING_AGAINST_GIRLS,,ES,,,,,,,,,,,,,,
All,pub.dev,2025-07-01/2025-12-31,KEYWORD_CYBER_HARASSMENT_AGAINST_WOMEN,,ES,,,,,,,,,,,,,,
All,pub.dev,2025-07-01/2025-12-31,KEYWORD_CYBER_STALKING_AGAINST_WOMEN,,ES,,,,,,,,,,,,,,
All,pub.dev,2025-07-01/2025-12-31,KEYWORD_FEMALE_GENDERED_DISINFORMATION,,ES,,,,,,,,,,,,,,
All,pub.dev,2025-07-01/2025-12-31,KEYWORD_INCITEMENT_AGAINST_WOMEN,,ES,,,,,,,,,,,,,,
All,pub.dev,2025-07-01/2025-12-31,KEYWORD_NON_CONSENSUAL_IMAGE_SHARING_AGAINST_WOMEN,,ES,,,,,,,,,,,,,,
All,pub.dev,2025-07-01/2025-12-31,KEYWORD_NON_CONSENSUAL_MATERIAL_DEEPFAKE_AGAINST_WOMEN,,ES,,,,,,,,,,,,,,
All,pub.dev,2025-07-01/2025-12-31,KEYWORD_OTHER,"Text to detail the ""Other"" keyword.",ES,,,,,,,,,,,,,,
All,pub.dev,2025-07-01/2025-12-31,STATEMENT_CATEGORY_DATA_PROTECTION_AND_PRIVACY_VIOLATIONS,,ES,,,,,,,,,,,,,,
All,pub.dev,2025-07-01/2025-12-31,KEYWORD_BIOMETRIC_DATA_BREACH,,ES,,,,,,,,,,,,,,
All,pub.dev,2025-07-01/2025-12-31,KEYWORD_DATA_FALSIFICATION,,ES,,,,,,,,,,,,,,
All,pub.dev,2025-07-01/2025-12-31,KEYWORD_MISSING_PROCESSING_GROUND,,ES,,,,,,,,,,,,,,
All,pub.dev,2025-07-01/2025-12-31,KEYWORD_RIGHT_TO_BE_FORGOTTEN,,ES,,,,,,,,,,,,,,
All,pub.dev,2025-07-01/2025-12-31,KEYWORD_OTHER,DATA_COLLECTION_AND_USE,ES,,,,,,,,,,,,,,
All,pub.dev,2025-07-01/2025-12-31,KEYWORD_OTHER,DISCLOSURE_AND_CONSENT_PRACTICES,ES,,,,,,,,,,,,,,
All,pub.dev,2025-07-01/2025-12-31,KEYWORD_OTHER,GDPR,ES,,,,,,,,,,,,,,
All,pub.dev,2025-07-01/2025-12-31,KEYWORD_OTHER,PERSONAL_INFORMATION,ES,,,,,,,,,,,,,,
All,pub.dev,2025-07-01/2025-12-31,KEYWORD_OTHER,PERSONAL_RIGHTS,ES,,,,,,,,,,,,,,
All,pub.dev,2025-07-01/2025-12-31,KEYWORD_OTHER,PERSONALIZED_ADVERTISING,ES,,,,,,,,,,,,,,
All,pub.dev,2025-07-01/2025-12-31,KEYWORD_OTHER,PRIVACY,ES,,,,,,,,,,,,,,
All,pub.dev,2025-07-01/2025-12-31,KEYWORD_OTHER,PRIVACY_POLICY,ES,,,,,,,,,,,,,,
All,pub.dev,2025-07-01/2025-12-31,KEYWORD_OTHER,UNSECURE_DATA_HANDLING,ES,,,,,,,,,,,,,,
All,pub.dev,2025-07-01/2025-12-31,STATEMENT_CATEGORY_ILLEGAL_OR_HARMFUL_SPEECH,,ES,,,,,,,,,,,,,,
All,pub.dev,2025-07-01/2025-12-31,KEYWORD_DEFAMATION,,ES,,,,,,,,,,,,,,
All,pub.dev,2025-07-01/2025-12-31,KEYWORD_DISCRIMINATION,,ES,,,,,,,,,,,,,,
All,pub.dev,2025-07-01/2025-12-31,KEYWORD_HATE_SPEECH,,ES,,,,,,,,,,,,,,
All,pub.dev,2025-07-01/2025-12-31,KEYWORD_OTHER,HATEFUL_OR_ABUSIVE,ES,,,,,,,,,,,,,,
All,pub.dev,2025-07-01/2025-12-31,KEYWORD_OTHER,ILLEGAL_OR_HARMFUL_SPEECH,ES,,,,,,,,,,,,,,
All,pub.dev,2025-07-01/2025-12-31,KEYWORD_OTHER,OBSCENITY_AND_PROFANITY,ES,,,,,,,,,,,,,,
All,pub.dev,2025-07-01/2025-12-31,KEYWORD_OTHER,OFFENSIVE_CONTENT,ES,,,,,,,,,,,,,,
All,pub.dev,2025-07-01/2025-12-31,KEYWORD_OTHER,UNSAFE_CONTENT,ES,,,,,,,,,,,,,,
All,pub.dev,2025-07-01/2025-12-31,STATEMENT_CATEGORY_INTELLECTUAL_PROPERTY_INFRINGEMENTS,,ES,,,,,,,,,,,,,,
All,pub.dev,2025-07-01/2025-12-31,KEYWORD_COPYRIGHT_INFRINGEMENT,,ES,,,,,,,,,,,,,,
All,pub.dev,2025-07-01/2025-12-31,KEYWORD_DESIGN_INFRINGEMENT,,ES,,,,,,,,,,,,,,
All,pub.dev,2025-07-01/2025-12-31,KEYWORD_GEOGRAPHIC_INDICATIONS_INFRINGEMENT,,ES,,,,,,,,,,,,,,
All,pub.dev,2025-07-01/2025-12-31,KEYWORD_PATENT_INFRINGEMENT,,ES,,,,,,,,,,,,,,
All,pub.dev,2025-07-01/2025-12-31,KEYWORD_TRADE_SECRET_INFRINGEMENT,,ES,,,,,,,,,,,,,,
All,pub.dev,2025-07-01/2025-12-31,KEYWORD_TRADEMARK_INFRINGEMENT,,ES,,,,,,,,,,,,,,
All,pub.dev,2025-07-01/2025-12-31,KEYWORD_OTHER,CIRCUMVENTION,ES,,,,,,,,,,,,,,
All,pub.dev,2025-07-01/2025-12-31,KEYWORD_OTHER,INTELLECTUAL PROPERTY,ES,,,,,,,,,,,,,,
All,pub.dev,2025-07-01/2025-12-31,STATEMENT_CATEGORY_NEGATIVE_EFFECTS_ON_CIVIC_DISCOURSE_OR_ELECTIONS,,ES,,,,,,,,,,,,,,
All,pub.dev,2025-07-01/2025-12-31,KEYWORD_MISINFORMATION_DISINFORMATION,,ES,,,,,,,,,,,,,,
All,pub.dev,2025-07-01/2025-12-31,KEYWORD_VIOLATION_EU_LAW,,ES,,,,,,,,,,,,,,
All,pub.dev,2025-07-01/2025-12-31,KEYWORD_VIOLATION_NATIONAL_LAW,,ES,,,,,,,,,,,,,,
All,pub.dev,2025-07-01/2025-12-31,KEYWORD_OTHER,ELECTORAL,ES,,,,,,,,,,,,,,
All,pub.dev,2025-07-01/2025-12-31,KEYWORD_OTHER,HACKED_POLITICAL_MATERIALS,ES,,,,,,,,,,,,,,
All,pub.dev,2025-07-01/2025-12-31,KEYWORD_OTHER,POLITICAL_CONTENT,ES,,,,,,,,,,,,,,
All,pub.dev,2025-07-01/2025-12-31,KEYWORD_OTHER,SOCIAL_STABILITY,ES,,,,,,,,,,,,,,
All,pub.dev,2025-07-01/2025-12-31,KEYWORD_OTHER,SOCIETAL_VALUES,ES,,,,,,,,,,,,,,
All,pub.dev,2025-07-01/2025-12-31,STATEMENT_CATEGORY_PROTECTION_OF_MINORS,,ES,,,,,,,,,,,,,,
All,pub.dev,2025-07-01/2025-12-31,KEYWORD_AGE_SPECIFIC_RESTRICTIONS_MINORS,,ES,,,,,,,,,,,,,,
All,pub.dev,2025-07-01/2025-12-31,KEYWORD_CHILD_SEXUAL_ABUSE_MATERIAL,,ES,,,,,,,,,,,,,,
All,pub.dev,2025-07-01/2025-12-31,KEYWORD_CHILD_SEXUAL_ABUSE_MATERIAL_DEEPFAKE,,ES,,,,,,,,,,,,,,
All,pub.dev,2025-07-01/2025-12-31,KEYWORD_GROOMING_SEXUAL_ENTICEMENT_MINORS,,ES,,,,,,,,,,,,,,
All,pub.dev,2025-07-01/2025-12-31,KEYWORD_UNSAFE_CHALLENGES,,ES,,,,,,,,,,,,,,
All,pub.dev,2025-07-01/2025-12-31,KEYWORD_OTHER,CHILD_ENDANGERMENT,ES,,,,,,,,,,,,,,
All,pub.dev,2025-07-01/2025-12-31,KEYWORD_OTHER,CHILD_SAFETY,ES,,,,,,,,,,,,,,
All,pub.dev,2025-07-01/2025-12-31,KEYWORD_OTHER,HARMFUL_OR_DANGEROUS_ACTS_CHALLENGES_AND_PRANKS,ES,,,,,,,,,,,,,,
All,pub.dev,2025-07-01/2025-12-31,KEYWORD_OTHER,KNOWN_SERIES,ES,,,,,,,,,,,,,,
All,pub.dev,2025-07-01/2025-12-31,KEYWORD_OTHER,PROTECTION_OF_MINORS,ES,,,,,,,,,,,,,,
All,pub.dev,2025-07-01/2025-12-31,KEYWORD_OTHER,UNAUTHORIZED_IMAGE_OF_MINORS,ES,,,,,,,,,,,,,,
All,pub.dev,2025-07-01/2025-12-31,STATEMENT_CATEGORY_RISK_FOR_PUBLIC_SECURITY,,ES,,,,,,,,,,,,,,
All,pub.dev,2025-07-01/2025-12-31,KEYWORD_ILLEGAL_ORGANIZATIONS,,ES,,,,,,,,,,,,,,
All,pub.dev,2025-07-01/2025-12-31,KEYWORD_RISK_ENVIRONMENTAL_DAMAGE,,ES,,,,,,,,,,,,,,
All,pub.dev,2025-07-01/2025-12-31,KEYWORD_RISK_PUBLIC_HEALTH,,ES,,,,,,,,,,,,,,
All,pub.dev,2025-07-01/2025-12-31,KEYWORD_TERRORIST_CONTENT,,ES,,,,,,,,,,,,,,
All,pub.dev,2025-07-01/2025-12-31,KEYWORD_OTHER,COURT_ORDER,ES,,,,,,,,,,,,,,
All,pub.dev,2025-07-01/2025-12-31,KEYWORD_OTHER,RISK_FOR_PUBLIC_SECURITY,ES,,,,,,,,,,,,,,
All,pub.dev,2025-07-01/2025-12-31,KEYWORD_OTHER,SENSITIVE_EVENTS,ES,,,,,,,,,,,,,,
All,pub.dev,2025-07-01/2025-12-31,KEYWORD_OTHER,VIOLENT_EXTREMISM,ES,,,,,,,,,,,,,,
All,pub.dev,2025-07-01/2025-12-31,KEYWORD_OTHER,WRONGFUL_OR_UNAUTHORIZED_USE_OF_SYMBOLS,ES,,,,,,,,,,,,,,
All,pub.dev,2025-07-01/2025-12-31,STATEMENT_CATEGORY_SCAMS_AND_FRAUD,,ES,,,,,,,,,,,,,,
All,pub.dev,2025-07-01/2025-12-31,KEYWORD_IMPERSONATION_ACCOUNT_HIJACKING,,ES,,,,,,,,,,,,,,
All,pub.dev,2025-07-01/2025-12-31,KEYWORD_INAUTHENTIC_ACCOUNTS,,ES,,,,,,,,,,,,,,
All,pub.dev,2025-07-01/2025-12-31,KEYWORD_INAUTHENTIC_LISTINGS,,ES,,,,,,,,,,,,,,
All,pub.dev,2025-07-01/2025-12-31,KEYWORD_INAUTHENTIC_USER_REVIEWS,,ES,,,,,,,,,,,,,,
All,pub.dev,2025-07-01/2025-12-31,KEYWORD_PHISHING,,ES,,,,,,,,,,,,,,
All,pub.dev,2025-07-01/2025-12-31,KEYWORD_PYRAMID_SCHEMES,,ES,,,,,,,,,,,,,,
All,pub.dev,2025-07-01/2025-12-31,KEYWORD_OTHER,AD_FRAUD_POLICY,ES,,,,,,,,,,,,,,
All,pub.dev,2025-07-01/2025-12-31,KEYWORD_OTHER,ENCOURAGEMENT_OF_DIGITAL_SECURITY_OR_TERMS_OF_SERVICE_VIOLATIONS,ES,,,,,,,,,,,,,,
All,pub.dev,2025-07-01/2025-12-31,KEYWORD_OTHER,FRAUD,ES,,,,,,,,,,,,,,
All,pub.dev,2025-07-01/2025-12-31,KEYWORD_OTHER,MALWARE,ES,,,,,,,,,,,,,,
All,pub.dev,2025-07-01/2025-12-31,KEYWORD_OTHER,MALWARE_AND_PHISHING,ES,,,,,,,,,,,,,,
All,pub.dev,2025-07-01/2025-12-31,KEYWORD_OTHER,MALWARE_AND_SYSTEM_CIRCUMVENTION,ES,,,,,,,,,,,,,,
All,pub.dev,2025-07-01/2025-12-31,KEYWORD_OTHER,MISREPRESENTATION,ES,,,,,,,,,,,,,,
All,pub.dev,2025-07-01/2025-12-31,KEYWORD_OTHER,SCAMS,ES,,,,,,,,,,,,,,
All,pub.dev,2025-07-01/2025-12-31,KEYWORD_OTHER,SOCIAL_ENGINEERING_TACTICS,ES,,,,,,,,,,,,,,
All,pub.dev,2025-07-01/2025-12-31,STATEMENT_CATEGORY_SELF_HARM,,ES,,,,,,,,,,,,,,
All,pub.dev,2025-07-01/2025-12-31,KEYWORD_CONTENT_PROMOTING_EATING_DISORDERS,,ES,,,,,,,,,,,,,,
All,pub.dev,2025-07-01/2025-12-31,KEYWORD_SELF_MUTILATION,,ES,,,,,,,,,,,,,,
All,pub.dev,2025-07-01/2025-12-31,KEYWORD_SUICIDE,,ES,,,,,,,,,,,,,,
All,pub.dev,2025-07-01/2025-12-31,KEYWORD_OTHER,SELF_HARM,ES,,,,,,,,,,,,,,
All,pub.dev,2025-07-01/2025-12-31,KEYWORD_OTHER,SUICIDE_AND_SELF_HARM,ES,,,,,,,,,,,,,,
All,pub.dev,2025-07-01/2025-12-31,STATEMENT_CATEGORY_UNSAFE_AND_PROHIBITED_PRODUCTS,,ES,,,,,,,,,,,,,,
All,pub.dev,2025-07-01/2025-12-31,KEYWORD_PROHIBITED_PRODUCTS,,ES,,,,,,,,,,,,,,
All,pub.dev,2025-07-01/2025-12-31,KEYWORD_UNSAFE_PRODUCTS,,ES,,,,,,,,,,,,,,
All,pub.dev,2025-07-01/2025-12-31,KEYWORD_OTHER,COURT_ORDER,ES,,,,,,,,,,,,,,
All,pub.dev,2025-07-01/2025-12-31,KEYWORD_OTHER,ENABLING_DISHONEST_BEHAVIOR,ES,,,,,,,,,,,,,,
All,pub.dev,2025-07-01/2025-12-31,KEYWORD_OTHER,FIREARMS_AND_ILLEGAL_REGULATED_GOODS_OR_SERVICES,ES,,,,,,,,,,,,,,
All,pub.dev,2025-07-01/2025-12-31,KEYWORD_OTHER,OTHER_LEGAL_NOTICES_OR_ORDERS,ES,,,,,,,,,,,,,,
All,pub.dev,2025-07-01/2025-12-31,KEYWORD_OTHER,UNAUTHORIZED_PHARMACIES,ES,,,,,,,,,,,,,,
All,pub.dev,2025-07-01/2025-12-31,STATEMENT_CATEGORY_VIOLENCE,,ES,,,,,,,,,,,,,,
All,pub.dev,2025-07-01/2025-12-31,KEYWORD_COORDINATED_HARM,,ES,,,,,,,,,,,,,,
All,pub.dev,2025-07-01/2025-12-31,KEYWORD_INCITEMENT_VIOLENCE_HATRED,,ES,,,,,,,,,,,,,,
All,pub.dev,2025-07-01/2025-12-31,KEYWORD_HUMAN_EXPLOITATION,,ES,,,,,,,,,,,,,,
All,pub.dev,2025-07-01/2025-12-31,KEYWORD_HUMAN_TRAFFICKING,,ES,,,,,,,,,,,,,,
All,pub.dev,2025-07-01/2025-12-31,KEYWORD_TRAFFICKING_WOMEN_GIRLS,,ES,,,,,,,,,,,,,,
All,pub.dev,2025-07-01/2025-12-31,KEYWORD_OTHER,DEPICTION_OF VIOLENCE,ES,,,,,,,,,,,,,,
All,pub.dev,2025-07-01/2025-12-31,KEYWORD_OTHER,SHOCKING_CONTENT,ES,,,,,,,,,,,,,,
All,pub.dev,2025-07-01/2025-12-31,KEYWORD_OTHER,VIOLENT_OR_GRAPHIC_CONTENT,ES,,,,,,,,,,,,,,
All,pub.dev,2025-07-01/2025-12-31,STATEMENT_CATEGORY_NOT_SPECIFIED_ORDER,,ES,,,,,,,,,,,,,,
All,pub.dev,2025-07-01/2025-12-31,TOTAL,,SE,,,,,,,,,,,,,,
All,pub.dev,2025-07-01/2025-12-31,STATEMENT_CATEGORY_ANIMAL_WELFARE,,SE,,,,,,,,,,,,,,
All,pub.dev,2025-07-01/2025-12-31,KEYWORD_ANIMAL_HARM,,SE,,,,,,,,,,,,,,
All,pub.dev,2025-07-01/2025-12-31,KEYWORD_UNLAWFUL_SALE_ANIMALS,,SE,,,,,,,,,,,,,,
All,pub.dev,2025-07-01/2025-12-31,KEYWORD_OTHER,ANIMAL_CRUELTY,SE,,,,,,,,,,,,,,
All,pub.dev,2025-07-01/2025-12-31,KEYWORD_OTHER,ANIMAL_HARM_AND_UNLAWFUL_SALE,SE,,,,,,,,,,,,,,
All,pub.dev,2025-07-01/2025-12-31,STATEMENT_CATEGORY_CONSUMER_INFORMATION,,SE,,,,,,,,,,,,,,
All,pub.dev,2025-07-01/2025-12-31,KEYWORD_HIDDEN_ADVERTISEMENT,,SE,,,,,,,,,,,,,,
All,pub.dev,2025-07-01/2025-12-31,KEYWORD_INSUFFICIENT_INFORMATION_ON_TRADERS,,SE,,,,,,,,,,,,,,
All,pub.dev,2025-07-01/2025-12-31,KEYWORD_MISLEADING_INFO_GOODS_SERVICES,,SE,,,,,,,,,,,,,,
All,pub.dev,2025-07-01/2025-12-31,KEYWORD_MISLEADING_INFO_CONSUMER_RIGHTS,,SE,,,,,,,,,,,,,,
All,pub.dev,2025-07-01/2025-12-31,KEYWORD_NONCOMPLIANCE_PRICING,,SE,,,,,,,,,,,,,,
All,pub.dev,2025-07-01/2025-12-31,KEYWORD_OTHER,CONSUMER_PROTECTION,SE,,,,,,,,,,,,,,
All,pub.dev,2025-07-01/2025-12-31,KEYWORD_OTHER,MISREPRESENTATION,SE,,,,,,,,,,,,,,
All,pub.dev,2025-07-01/2025-12-31,STATEMENT_CATEGORY_CYBER_VIOLENCE,,SE,,,,,,,,,,,,,,
All,pub.dev,2025-07-01/2025-12-31,KEYWORD_CYBER_BULLYING_INTIMIDATION,,SE,,,,,,,,,,,,,,
All,pub.dev,2025-07-01/2025-12-31,KEYWORD_CYBER_HARASSMENT,,SE,,,,,,,,,,,,,,
All,pub.dev,2025-07-01/2025-12-31,KEYWORD_CYBER_INCITEMENT,,SE,,,,,,,,,,,,,,
All,pub.dev,2025-07-01/2025-12-31,KEYWORD_CYBER_STALKING,,SE,,,,,,,,,,,,,,
All,pub.dev,2025-07-01/2025-12-31,KEYWORD_NON_CONSENSUAL_IMAGE_SHARING,,SE,,,,,,,,,,,,,,
All,pub.dev,2025-07-01/2025-12-31,KEYWORD_NON_CONSENSUAL_MATERIAL_DEEPFAKE,,SE,,,,,,,,,,,,,,
All,pub.dev,2025-07-01/2025-12-31,KEYWORD_OTHER,DOXING,SE,,,,,,,,,,,,,,
All,pub.dev,2025-07-01/2025-12-31,KEYWORD_OTHER,HARASSMENT,SE,,,,,,,,,,,,,,
All,pub.dev,2025-07-01/2025-12-31,KEYWORD_OTHER,HARASSMENT_AND_CYBERBULLYING,SE,,,,,,,,,,,,,,
All,pub.dev,2025-07-01/2025-12-31,KEYWORD_OTHER,HARMFUL_ACTIVITIES,SE,,,,,,,,,,,,,,
All,pub.dev,2025-07-01/2025-12-31,KEYWORD_OTHER,SEXUAL_HARASSMENT,SE,,,,,,,,,,,,,,
All,pub.dev,2025-07-01/2025-12-31,KEYWORD_OTHER,OBSCENITY_OR_PORNOGRAPHY,SE,,,,,,,,,,,,,,
All,pub.dev,2025-07-01/2025-12-31,KEYWORD_OTHER,UNSAFE_CONTENT,SE,,,,,,,,,,,,,,
All,pub.dev,2025-07-01/2025-12-31,STATEMENT_CATEGORY_CYBER_VIOLENCE_AGAINST_WOMEN,,SE,,,,,,,,,,,,,,
All,pub.dev,2025-07-01/2025-12-31,KEYWORD_BULLYING_AGAINST_GIRLS,,SE,,,,,,,,,,,,,,
All,pub.dev,2025-07-01/2025-12-31,KEYWORD_CYBER_HARASSMENT_AGAINST_WOMEN,,SE,,,,,,,,,,,,,,
All,pub.dev,2025-07-01/2025-12-31,KEYWORD_CYBER_STALKING_AGAINST_WOMEN,,SE,,,,,,,,,,,,,,
All,pub.dev,2025-07-01/2025-12-31,KEYWORD_FEMALE_GENDERED_DISINFORMATION,,SE,,,,,,,,,,,,,,
All,pub.dev,2025-07-01/2025-12-31,KEYWORD_INCITEMENT_AGAINST_WOMEN,,SE,,,,,,,,,,,,,,
All,pub.dev,2025-07-01/2025-12-31,KEYWORD_NON_CONSENSUAL_IMAGE_SHARING_AGAINST_WOMEN,,SE,,,,,,,,,,,,,,
All,pub.dev,2025-07-01/2025-12-31,KEYWORD_NON_CONSENSUAL_MATERIAL_DEEPFAKE_AGAINST_WOMEN,,SE,,,,,,,,,,,,,,
All,pub.dev,2025-07-01/2025-12-31,KEYWORD_OTHER,"Text to detail the ""Other"" keyword.",SE,,,,,,,,,,,,,,
All,pub.dev,2025-07-01/2025-12-31,STATEMENT_CATEGORY_DATA_PROTECTION_AND_PRIVACY_VIOLATIONS,,SE,,,,,,,,,,,,,,
All,pub.dev,2025-07-01/2025-12-31,KEYWORD_BIOMETRIC_DATA_BREACH,,SE,,,,,,,,,,,,,,
All,pub.dev,2025-07-01/2025-12-31,KEYWORD_DATA_FALSIFICATION,,SE,,,,,,,,,,,,,,
All,pub.dev,2025-07-01/2025-12-31,KEYWORD_MISSING_PROCESSING_GROUND,,SE,,,,,,,,,,,,,,
All,pub.dev,2025-07-01/2025-12-31,KEYWORD_RIGHT_TO_BE_FORGOTTEN,,SE,,,,,,,,,,,,,,
All,pub.dev,2025-07-01/2025-12-31,KEYWORD_OTHER,DATA_COLLECTION_AND_USE,SE,,,,,,,,,,,,,,
All,pub.dev,2025-07-01/2025-12-31,KEYWORD_OTHER,DISCLOSURE_AND_CONSENT_PRACTICES,SE,,,,,,,,,,,,,,
All,pub.dev,2025-07-01/2025-12-31,KEYWORD_OTHER,GDPR,SE,,,,,,,,,,,,,,
All,pub.dev,2025-07-01/2025-12-31,KEYWORD_OTHER,PERSONAL_INFORMATION,SE,,,,,,,,,,,,,,
All,pub.dev,2025-07-01/2025-12-31,KEYWORD_OTHER,PERSONAL_RIGHTS,SE,,,,,,,,,,,,,,
All,pub.dev,2025-07-01/2025-12-31,KEYWORD_OTHER,PERSONALIZED_ADVERTISING,SE,,,,,,,,,,,,,,
All,pub.dev,2025-07-01/2025-12-31,KEYWORD_OTHER,PRIVACY,SE,,,,,,,,,,,,,,
All,pub.dev,2025-07-01/2025-12-31,KEYWORD_OTHER,PRIVACY_POLICY,SE,,,,,,,,,,,,,,
All,pub.dev,2025-07-01/2025-12-31,KEYWORD_OTHER,UNSECURE_DATA_HANDLING,SE,,,,,,,,,,,,,,
All,pub.dev,2025-07-01/2025-12-31,STATEMENT_CATEGORY_ILLEGAL_OR_HARMFUL_SPEECH,,SE,,,,,,,,,,,,,,
All,pub.dev,2025-07-01/2025-12-31,KEYWORD_DEFAMATION,,SE,,,,,,,,,,,,,,
All,pub.dev,2025-07-01/2025-12-31,KEYWORD_DISCRIMINATION,,SE,,,,,,,,,,,,,,
All,pub.dev,2025-07-01/2025-12-31,KEYWORD_HATE_SPEECH,,SE,,,,,,,,,,,,,,
All,pub.dev,2025-07-01/2025-12-31,KEYWORD_OTHER,HATEFUL_OR_ABUSIVE,SE,,,,,,,,,,,,,,
All,pub.dev,2025-07-01/2025-12-31,KEYWORD_OTHER,ILLEGAL_OR_HARMFUL_SPEECH,SE,,,,,,,,,,,,,,
All,pub.dev,2025-07-01/2025-12-31,KEYWORD_OTHER,OBSCENITY_AND_PROFANITY,SE,,,,,,,,,,,,,,
All,pub.dev,2025-07-01/2025-12-31,KEYWORD_OTHER,OFFENSIVE_CONTENT,SE,,,,,,,,,,,,,,
All,pub.dev,2025-07-01/2025-12-31,KEYWORD_OTHER,UNSAFE_CONTENT,SE,,,,,,,,,,,,,,
All,pub.dev,2025-07-01/2025-12-31,STATEMENT_CATEGORY_INTELLECTUAL_PROPERTY_INFRINGEMENTS,,SE,,,,,,,,,,,,,,
All,pub.dev,2025-07-01/2025-12-31,KEYWORD_COPYRIGHT_INFRINGEMENT,,SE,,,,,,,,,,,,,,
All,pub.dev,2025-07-01/2025-12-31,KEYWORD_DESIGN_INFRINGEMENT,,SE,,,,,,,,,,,,,,
All,pub.dev,2025-07-01/2025-12-31,KEYWORD_GEOGRAPHIC_INDICATIONS_INFRINGEMENT,,SE,,,,,,,,,,,,,,
All,pub.dev,2025-07-01/2025-12-31,KEYWORD_PATENT_INFRINGEMENT,,SE,,,,,,,,,,,,,,
All,pub.dev,2025-07-01/2025-12-31,KEYWORD_TRADE_SECRET_INFRINGEMENT,,SE,,,,,,,,,,,,,,
All,pub.dev,2025-07-01/2025-12-31,KEYWORD_TRADEMARK_INFRINGEMENT,,SE,,,,,,,,,,,,,,
All,pub.dev,2025-07-01/2025-12-31,KEYWORD_OTHER,CIRCUMVENTION,SE,,,,,,,,,,,,,,
All,pub.dev,2025-07-01/2025-12-31,KEYWORD_OTHER,INTELLECTUAL PROPERTY,SE,,,,,,,,,,,,,,
All,pub.dev,2025-07-01/2025-12-31,STATEMENT_CATEGORY_NEGATIVE_EFFECTS_ON_CIVIC_DISCOURSE_OR_ELECTIONS,,SE,,,,,,,,,,,,,,
All,pub.dev,2025-07-01/2025-12-31,KEYWORD_MISINFORMATION_DISINFORMATION,,SE,,,,,,,,,,,,,,
All,pub.dev,2025-07-01/2025-12-31,KEYWORD_VIOLATION_EU_LAW,,SE,,,,,,,,,,,,,,
All,pub.dev,2025-07-01/2025-12-31,KEYWORD_VIOLATION_NATIONAL_LAW,,SE,,,,,,,,,,,,,,
All,pub.dev,2025-07-01/2025-12-31,KEYWORD_OTHER,ELECTORAL,SE,,,,,,,,,,,,,,
All,pub.dev,2025-07-01/2025-12-31,KEYWORD_OTHER,HACKED_POLITICAL_MATERIALS,SE,,,,,,,,,,,,,,
All,pub.dev,2025-07-01/2025-12-31,KEYWORD_OTHER,POLITICAL_CONTENT,SE,,,,,,,,,,,,,,
All,pub.dev,2025-07-01/2025-12-31,KEYWORD_OTHER,SOCIAL_STABILITY,SE,,,,,,,,,,,,,,
All,pub.dev,2025-07-01/2025-12-31,KEYWORD_OTHER,SOCIETAL_VALUES,SE,,,,,,,,,,,,,,
All,pub.dev,2025-07-01/2025-12-31,STATEMENT_CATEGORY_PROTECTION_OF_MINORS,,SE,,,,,,,,,,,,,,
All,pub.dev,2025-07-01/2025-12-31,KEYWORD_AGE_SPECIFIC_RESTRICTIONS_MINORS,,SE,,,,,,,,,,,,,,
All,pub.dev,2025-07-01/2025-12-31,KEYWORD_CHILD_SEXUAL_ABUSE_MATERIAL,,SE,,,,,,,,,,,,,,
All,pub.dev,2025-07-01/2025-12-31,KEYWORD_CHILD_SEXUAL_ABUSE_MATERIAL_DEEPFAKE,,SE,,,,,,,,,,,,,,
All,pub.dev,2025-07-01/2025-12-31,KEYWORD_GROOMING_SEXUAL_ENTICEMENT_MINORS,,SE,,,,,,,,,,,,,,
All,pub.dev,2025-07-01/2025-12-31,KEYWORD_UNSAFE_CHALLENGES,,SE,,,,,,,,,,,,,,
All,pub.dev,2025-07-01/2025-12-31,KEYWORD_OTHER,CHILD_ENDANGERMENT,SE,,,,,,,,,,,,,,
All,pub.dev,2025-07-01/2025-12-31,KEYWORD_OTHER,CHILD_SAFETY,SE,,,,,,,,,,,,,,
All,pub.dev,2025-07-01/2025-12-31,KEYWORD_OTHER,HARMFUL_OR_DANGEROUS_ACTS_CHALLENGES_AND_PRANKS,SE,,,,,,,,,,,,,,
All,pub.dev,2025-07-01/2025-12-31,KEYWORD_OTHER,KNOWN_SERIES,SE,,,,,,,,,,,,,,
All,pub.dev,2025-07-01/2025-12-31,KEYWORD_OTHER,PROTECTION_OF_MINORS,SE,,,,,,,,,,,,,,
All,pub.dev,2025-07-01/2025-12-31,KEYWORD_OTHER,UNAUTHORIZED_IMAGE_OF_MINORS,SE,,,,,,,,,,,,,,
All,pub.dev,2025-07-01/2025-12-31,STATEMENT_CATEGORY_RISK_FOR_PUBLIC_SECURITY,,SE,,,,,,,,,,,,,,
All,pub.dev,2025-07-01/2025-12-31,KEYWORD_ILLEGAL_ORGANIZATIONS,,SE,,,,,,,,,,,,,,
All,pub.dev,2025-07-01/2025-12-31,KEYWORD_RISK_ENVIRONMENTAL_DAMAGE,,SE,,,,,,,,,,,,,,
All,pub.dev,2025-07-01/2025-12-31,KEYWORD_RISK_PUBLIC_HEALTH,,SE,,,,,,,,,,,,,,
All,pub.dev,2025-07-01/2025-12-31,KEYWORD_TERRORIST_CONTENT,,SE,,,,,,,,,,,,,,
All,pub.dev,2025-07-01/2025-12-31,KEYWORD_OTHER,COURT_ORDER,SE,,,,,,,,,,,,,,
All,pub.dev,2025-07-01/2025-12-31,KEYWORD_OTHER,RISK_FOR_PUBLIC_SECURITY,SE,,,,,,,,,,,,,,
All,pub.dev,2025-07-01/2025-12-31,KEYWORD_OTHER,SENSITIVE_EVENTS,SE,,,,,,,,,,,,,,
All,pub.dev,2025-07-01/2025-12-31,KEYWORD_OTHER,VIOLENT_EXTREMISM,SE,,,,,,,,,,,,,,
All,pub.dev,2025-07-01/2025-12-31,KEYWORD_OTHER,WRONGFUL_OR_UNAUTHORIZED_USE_OF_SYMBOLS,SE,,,,,,,,,,,,,,
All,pub.dev,2025-07-01/2025-12-31,STATEMENT_CATEGORY_SCAMS_AND_FRAUD,,SE,,,,,,,,,,,,,,
All,pub.dev,2025-07-01/2025-12-31,KEYWORD_IMPERSONATION_ACCOUNT_HIJACKING,,SE,,,,,,,,,,,,,,
All,pub.dev,2025-07-01/2025-12-31,KEYWORD_INAUTHENTIC_ACCOUNTS,,SE,,,,,,,,,,,,,,
All,pub.dev,2025-07-01/2025-12-31,KEYWORD_INAUTHENTIC_LISTINGS,,SE,,,,,,,,,,,,,,
All,pub.dev,2025-07-01/2025-12-31,KEYWORD_INAUTHENTIC_USER_REVIEWS,,SE,,,,,,,,,,,,,,
All,pub.dev,2025-07-01/2025-12-31,KEYWORD_PHISHING,,SE,,,,,,,,,,,,,,
All,pub.dev,2025-07-01/2025-12-31,KEYWORD_PYRAMID_SCHEMES,,SE,,,,,,,,,,,,,,
All,pub.dev,2025-07-01/2025-12-31,KEYWORD_OTHER,AD_FRAUD_POLICY,SE,,,,,,,,,,,,,,
All,pub.dev,2025-07-01/2025-12-31,KEYWORD_OTHER,ENCOURAGEMENT_OF_DIGITAL_SECURITY_OR_TERMS_OF_SERVICE_VIOLATIONS,SE,,,,,,,,,,,,,,
All,pub.dev,2025-07-01/2025-12-31,KEYWORD_OTHER,FRAUD,SE,,,,,,,,,,,,,,
All,pub.dev,2025-07-01/2025-12-31,KEYWORD_OTHER,MALWARE,SE,,,,,,,,,,,,,,
All,pub.dev,2025-07-01/2025-12-31,KEYWORD_OTHER,MALWARE_AND_PHISHING,SE,,,,,,,,,,,,,,
All,pub.dev,2025-07-01/2025-12-31,KEYWORD_OTHER,MALWARE_AND_SYSTEM_CIRCUMVENTION,SE,,,,,,,,,,,,,,
All,pub.dev,2025-07-01/2025-12-31,KEYWORD_OTHER,MISREPRESENTATION,SE,,,,,,,,,,,,,,
All,pub.dev,2025-07-01/2025-12-31,KEYWORD_OTHER,SCAMS,SE,,,,,,,,,,,,,,
All,pub.dev,2025-07-01/2025-12-31,KEYWORD_OTHER,SOCIAL_ENGINEERING_TACTICS,SE,,,,,,,,,,,,,,
All,pub.dev,2025-07-01/2025-12-31,STATEMENT_CATEGORY_SELF_HARM,,SE,,,,,,,,,,,,,,
All,pub.dev,2025-07-01/2025-12-31,KEYWORD_CONTENT_PROMOTING_EATING_DISORDERS,,SE,,,,,,,,,,,,,,
All,pub.dev,2025-07-01/2025-12-31,KEYWORD_SELF_MUTILATION,,SE,,,,,,,,,,,,,,
All,pub.dev,2025-07-01/2025-12-31,KEYWORD_SUICIDE,,SE,,,,,,,,,,,,,,
All,pub.dev,2025-07-01/2025-12-31,KEYWORD_OTHER,SELF_HARM,SE,,,,,,,,,,,,,,
All,pub.dev,2025-07-01/2025-12-31,KEYWORD_OTHER,SUICIDE_AND_SELF_HARM,SE,,,,,,,,,,,,,,
All,pub.dev,2025-07-01/2025-12-31,STATEMENT_CATEGORY_UNSAFE_AND_PROHIBITED_PRODUCTS,,SE,,,,,,,,,,,,,,
All,pub.dev,2025-07-01/2025-12-31,KEYWORD_PROHIBITED_PRODUCTS,,SE,,,,,,,,,,,,,,
All,pub.dev,2025-07-01/2025-12-31,KEYWORD_UNSAFE_PRODUCTS,,SE,,,,,,,,,,,,,,
All,pub.dev,2025-07-01/2025-12-31,KEYWORD_OTHER,COURT_ORDER,SE,,,,,,,,,,,,,,
All,pub.dev,2025-07-01/2025-12-31,KEYWORD_OTHER,ENABLING_DISHONEST_BEHAVIOR,SE,,,,,,,,,,,,,,
All,pub.dev,2025-07-01/2025-12-31,KEYWORD_OTHER,FIREARMS_AND_ILLEGAL_REGULATED_GOODS_OR_SERVICES,SE,,,,,,,,,,,,,,
All,pub.dev,2025-07-01/2025-12-31,KEYWORD_OTHER,OTHER_LEGAL_NOTICES_OR_ORDERS,SE,,,,,,,,,,,,,,
All,pub.dev,2025-07-01/2025-12-31,KEYWORD_OTHER,UNAUTHORIZED_PHARMACIES,SE,,,,,,,,,,,,,,
All,pub.dev,2025-07-01/2025-12-31,STATEMENT_CATEGORY_VIOLENCE,,SE,,,,,,,,,,,,,,
All,pub.dev,2025-07-01/2025-12-31,KEYWORD_COORDINATED_HARM,,SE,,,,,,,,,,,,,,
All,pub.dev,2025-07-01/2025-12-31,KEYWORD_INCITEMENT_VIOLENCE_HATRED,,SE,,,,,,,,,,,,,,
All,pub.dev,2025-07-01/2025-12-31,KEYWORD_HUMAN_EXPLOITATION,,SE,,,,,,,,,,,,,,
All,pub.dev,2025-07-01/2025-12-31,KEYWORD_HUMAN_TRAFFICKING,,SE,,,,,,,,,,,,,,
All,pub.dev,2025-07-01/2025-12-31,KEYWORD_TRAFFICKING_WOMEN_GIRLS,,SE,,,,,,,,,,,,,,
All,pub.dev,2025-07-01/2025-12-31,KEYWORD_OTHER,DEPICTION_OF VIOLENCE,SE,,,,,,,,,,,,,,
All,pub.dev,2025-07-01/2025-12-31,KEYWORD_OTHER,SHOCKING_CONTENT,SE,,,,,,,,,,,,,,
All,pub.dev,2025-07-01/2025-12-31,KEYWORD_OTHER,VIOLENT_OR_GRAPHIC_CONTENT,SE,,,,,,,,,,,,,,
All,pub.dev,2025-07-01/2025-12-31,STATEMENT_CATEGORY_NOT_SPECIFIED_ORDER,,SE,,,,,,,,,,,,,,
