Applicability,Service,Reporting period,Category of illegal content,"Description of the sub-category ""Other""",Scope,Number of orders to act against illegal content received,Number of specific items of information included in the total number of orders to act against illegal content,Median time to inform the authority of the receipt of the order to act against illegal content,Median time to give effect to the order to act against illegal content,Number of orders to provide information,Median time to inform the authority of the receipt of the order to provide information,Median time to give effect to the order to provide information,Contextual information on number of orders to act against illegal content received,Contextual information on number of specific items of information included in the total number of orders to act against illegal content,Contextual information on Median time to inform the authority of the receipt of the order to act against illegal content,Contextual information on Median time to give effect to the order to act against illegal content,Contextual information on Number of orders to provide information,Contextual information on Median time to inform the authority of the receipt of the order to provide information,Contextual information on Median time to give effect to the order to provide information
All,Facebook,2025-07-01/2025-12-31,TOTAL,,TOTAL,"1,358","2,158",0.0,33.6,2383,0,123.01,,,Automated responses are sent to inform the authority of the receipt of Authority Orders to act against allegedly illegal content as well as Authority Orders to provide information.,The median time taken to give effect to the Member States’ Authorities’ Orders to act against alleged illegal content considers the time between submission and actions taken on the basis of the law or the terms and conditions of the service. Member States’ Authorities’ Orders not resulting in an action taken are not included in the calculation. ,"Metrics relating to ‘orders to provide information’ solely concern Article 10 orders for the Facebook service, categorised by the type of reported illegality under investigation or prosecution, as typically self-selected by Member States’ Authorities at the time of submission via the Article 11 DSA Point of Contact. 

Meta does not take responsibility for any misleading, inaccurate, or incomplete reporting by the Member States’ Authorities. Furthermore, the submission of Article 10 orders does not of itself reflect the existence of illegality.  

Please note that Article 10 orders are a small subset of the user data requests Meta receives from Member States’ authorities and, accordingly, the associated metrics may not be representative of the nature and extent of all requests Meta receives. For a more comprehensive record of government requests for user data, we recommend referring to global transparency reports from Meta.",,"Please note that the ‘median time to give effect’ to orders to provide information is calculated based on the interval between valid receipt of an Article 10 order and Meta giving effect to it. This metric excludes orders where no data was produced, and – where applicable – the time passed for Meta to respond to the requesting authority to seek clarification, further context or resolution of formal defects with respect to the order. 

Please note that Article 10 orders are a small subset of the user data requests Meta receives from Member States’ authorities and, accordingly, the associated metrics may not be representative of the nature and extent of all requests Meta receives. For a more comprehensive record of government requests for user data, we recommend referring to global transparency reports from Meta."
All,Facebook,2025-07-01/2025-12-31,STATEMENT_CATEGORY_ANIMAL_WELFARE,,TOTAL,0,0,0.0,0.0,0,0,0.00,,,,,,,
All,Facebook,2025-07-01/2025-12-31,KEYWORD_ANIMAL_HARM,,TOTAL,0,0,0.0,0.0,0,0,0.00,,,,,,,
All,Facebook,2025-07-01/2025-12-31,KEYWORD_UNLAWFUL_SALE_ANIMALS,,TOTAL,0,0,0.0,0.0,0,0,0.00,,,,,,,
All,Facebook,2025-07-01/2025-12-31,STATEMENT_CATEGORY_CONSUMER_INFORMATION,,TOTAL,0,0,0.0,0.0,4,0,642.97,,,,,,,
All,Facebook,2025-07-01/2025-12-31,KEYWORD_HIDDEN_ADVERTISEMENT,,TOTAL,0,0,0.0,0.0,0,0,0.00,,,,,,,
All,Facebook,2025-07-01/2025-12-31,KEYWORD_INSUFFICIENT_INFORMATION_ON_TRADERS,,TOTAL,0,0,0.0,0.0,3,0,642.97,,,,,,,
All,Facebook,2025-07-01/2025-12-31,KEYWORD_MISLEADING_INFO_GOODS_SERVICES,,TOTAL,0,0,0.0,0.0,1,0,,,,,,,,
All,Facebook,2025-07-01/2025-12-31,KEYWORD_MISLEADING_INFO_CONSUMER_RIGHTS,,TOTAL,0,0,0.0,0.0,0,0,0.00,,,,,,,
All,Facebook,2025-07-01/2025-12-31,KEYWORD_NONCOMPLIANCE_PRICING,,TOTAL,0,0,0.0,0.0,0,0,0.00,,,,,,,
All,Facebook,2025-07-01/2025-12-31,KEYWORD_OTHER_ADVERTISING,Added category to capture Article 10 data requests alleging advertisement(s) as the reason for the request.,TOTAL,0,0,0.0,0.0,0,0,0.00,,,,,,,
All,Facebook,2025-07-01/2025-12-31,KEYWORD_OTHER_DISCRIMINATORY_PRACTICES,Added category to record Article 9 member state order submissions alleging discriminatory practices.,TOTAL,0,0,0.0,0.0,0,0,0.00,,,,,,,
All,Facebook,2025-07-01/2025-12-31,KEYWORD_OTHER_LEAD_ADS,This row was added for use in other parts of our report. We have included it here for consistency across the report.,TOTAL,0,0,0.0,0.0,0,0,0.00,,,,,,,
All,Facebook,2025-07-01/2025-12-31,KEYWORD_OTHER_CRYPTOCURRENCY,This row was added for use in other parts of our report. We have included it here for consistency across the report.,TOTAL,0,0,0.0,0.0,0,0,0.00,,,,,,,
All,Facebook,2025-07-01/2025-12-31,KEYWORD_OTHER_PAYER_BENEFICIARY,Added category to record Article 9 member state order submissions alleging payer and beneficiary violations.,TOTAL,0,0,0.0,0.0,0,0,0.00,,,,,,,
All,Facebook,2025-07-01/2025-12-31,KEYWORD_OTHER_CONSUMER_INFRINGEMENTS,This row was added for use in other parts of our report. We have included it here for consistency across the report.,TOTAL,0,0,0.0,0.0,0,0,0.00,,,,,,,
All,Facebook,2025-07-01/2025-12-31,STATEMENT_CATEGORY_CYBER_VIOLENCE,,TOTAL,40,57,0.0,96.4,159,0,110.57,,,,,,,
All,Facebook,2025-07-01/2025-12-31,KEYWORD_CYBER_BULLYING_INTIMIDATION,,TOTAL,0,0,0.0,0.0,46,0,85.20,,,,,,,
All,Facebook,2025-07-01/2025-12-31,KEYWORD_CYBER_HARASSMENT,Category is inclusive of Article 9 member state orders and Article 10 data requests related to bullying and harassment.,TOTAL,40,57,0.0,96.4,113,0,121.44,,,,,,,
All,Facebook,2025-07-01/2025-12-31,KEYWORD_CYBER_INCITEMENT,,TOTAL,0,0,0.0,0.0,0,0,0.00,,,,,,,
All,Facebook,2025-07-01/2025-12-31,KEYWORD_CYBER_STALKING,,TOTAL,0,0,0.0,0.0,0,0,0.00,,,,,,,
All,Facebook,2025-07-01/2025-12-31,KEYWORD_NON_CONSENSUAL_IMAGE_SHARING,,TOTAL,0,0,0.0,0.0,0,0,0.00,,,,,,,
All,Facebook,2025-07-01/2025-12-31,KEYWORD_NON_CONSENSUAL_MATERIAL_DEEPFAKE,,TOTAL,0,0,0.0,0.0,0,0,0.00,,,,,,,
All,Facebook,2025-07-01/2025-12-31,STATEMENT_CATEGORY_CYBER_VIOLENCE_AGAINST_WOMEN,,TOTAL,0,0,0.0,0.0,0,0,0.00,,,,,,,
All,Facebook,2025-07-01/2025-12-31,KEYWORD_BULLYING_AGAINST_GIRLS,,TOTAL,0,0,0.0,0.0,0,0,0.00,,,,,,,
All,Facebook,2025-07-01/2025-12-31,KEYWORD_CYBER_HARASSMENT_AGAINST_WOMEN,,TOTAL,0,0,0.0,0.0,0,0,0.00,,,,,,,
All,Facebook,2025-07-01/2025-12-31,KEYWORD_CYBER_STALKING_AGAINST_WOMEN,,TOTAL,0,0,0.0,0.0,0,0,0.00,,,,,,,
All,Facebook,2025-07-01/2025-12-31,KEYWORD_FEMALE_GENDERED_DISINFORMATION,,TOTAL,0,0,0.0,0.0,0,0,0.00,,,,,,,
All,Facebook,2025-07-01/2025-12-31,KEYWORD_INCITEMENT_AGAINST_WOMEN,,TOTAL,0,0,0.0,0.0,0,0,0.00,,,,,,,
All,Facebook,2025-07-01/2025-12-31,KEYWORD_NON_CONSENSUAL_IMAGE_SHARING_AGAINST_WOMEN,,TOTAL,0,0,0.0,0.0,0,0,0.00,,,,,,,
All,Facebook,2025-07-01/2025-12-31,KEYWORD_NON_CONSENSUAL_MATERIAL_DEEPFAKE_AGAINST_WOMEN,,TOTAL,0,0,0.0,0.0,0,0,0.00,,,,,,,
All,Facebook,2025-07-01/2025-12-31,STATEMENT_CATEGORY_DATA_PROTECTION_AND_PRIVACY_VIOLATIONS,,TOTAL,0,0,0.0,0.0,0,0,0.00,,,,,,,
All,Facebook,2025-07-01/2025-12-31,KEYWORD_BIOMETRIC_DATA_BREACH,,TOTAL,0,0,0.0,0.0,0,0,0.00,,,,,,,
All,Facebook,2025-07-01/2025-12-31,KEYWORD_DATA_FALSIFICATION,,TOTAL,0,0,0.0,0.0,0,0,0.00,,,,,,,
All,Facebook,2025-07-01/2025-12-31,KEYWORD_MISSING_PROCESSING_GROUND,,TOTAL,0,0,0.0,0.0,0,0,0.00,,,,,,,
All,Facebook,2025-07-01/2025-12-31,KEYWORD_RIGHT_TO_BE_FORGOTTEN,,TOTAL,0,0,0.0,0.0,0,0,0.00,,,,,,,
All,Facebook,2025-07-01/2025-12-31,KEYWORD_OTHER_PRIVACY,Added category to record Article 9 member state order submissions alleging privacy violations.,TOTAL,0,0,0.0,0.0,0,0,0.00,,,,,,,
All,Facebook,2025-07-01/2025-12-31,KEYWORD_OTHER_DATA_PROTECTION,Added category to record Article 9 member state order submissions alleging data protection violations.,TOTAL,0,0,0.0,0.0,0,0,0.00,,,,,,,
All,Facebook,2025-07-01/2025-12-31,STATEMENT_CATEGORY_ILLEGAL_OR_HARMFUL_SPEECH,,TOTAL,231,289,0.0,26.9,672,0,171.20,,,,,,,
All,Facebook,2025-07-01/2025-12-31,KEYWORD_DEFAMATION,,TOTAL,0,0,0.0,0.0,211,0,134.30,,,,,,,
All,Facebook,2025-07-01/2025-12-31,KEYWORD_DISCRIMINATION,,TOTAL,0,0,0.0,0.0,0,0,0.00,,,,,,,
All,Facebook,2025-07-01/2025-12-31,KEYWORD_HATE_SPEECH,,TOTAL,231,289,0.0,26.9,461,0,177.41,,,,,,,
All,Facebook,2025-07-01/2025-12-31,KEYWORD_OTHER_PROFANITY,This row was added for use in other parts of our report. We have included it here for consistency across the report.,TOTAL,0,0,0.0,0.0,0,0,0.00,,,,,,,
All,Facebook,2025-07-01/2025-12-31,KEYWORD_OTHER_ILLEGALITY,This row was added for use in other parts of our report. We have included it here for consistency across the report.,TOTAL,0,0,0.0,0.0,0,0,0.00,,,,,,,
All,Facebook,2025-07-01/2025-12-31,STATEMENT_CATEGORY_INTELLECTUAL_PROPERTY_INFRINGEMENTS,,TOTAL,0,0,0.0,0.0,20,0,123.05,,,,,,,
All,Facebook,2025-07-01/2025-12-31,KEYWORD_COPYRIGHT_INFRINGEMENT,,TOTAL,0,0,0.0,0.0,0,0,0.00,,,,,,,
All,Facebook,2025-07-01/2025-12-31,KEYWORD_DESIGN_INFRINGEMENT,,TOTAL,0,0,0.0,0.0,0,0,0.00,,,,,,,
All,Facebook,2025-07-01/2025-12-31,KEYWORD_GEOGRAPHIC_INDICATIONS_INFRINGEMENT,,TOTAL,0,0,0.0,0.0,0,0,0.00,,,,,,,
All,Facebook,2025-07-01/2025-12-31,KEYWORD_PATENT_INFRINGEMENT,,TOTAL,0,0,0.0,0.0,0,0,0.00,,,,,,,
All,Facebook,2025-07-01/2025-12-31,KEYWORD_TRADE_SECRET_INFRINGEMENT,,TOTAL,0,0,0.0,0.0,0,0,0.00,,,,,,,
All,Facebook,2025-07-01/2025-12-31,KEYWORD_TRADEMARK_INFRINGEMENT,,TOTAL,0,0,0.0,0.0,0,0,0.00,,,,,,,
All,Facebook,2025-07-01/2025-12-31,KEYWORD_OTHER_INTELLECTUAL_PROPERTY_INFRINGEMENTS_THIRD_PARTY_VIOLATION_OR_DATA_VIOLATION,"Added category to capture Article 9 member state order submissions alleging intellectual property content violations, Article 10 member state order submissions alleging intellectual property or data violations.",TOTAL,0,0,0.0,0.0,20,0,123.05,,,,,,,
All,Facebook,2025-07-01/2025-12-31,STATEMENT_CATEGORY_NEGATIVE_EFFECTS_ON_CIVIC_DISCOURSE_OR_ELECTIONS,,TOTAL,0,0,0.0,0.0,0,0,0.00,,,,,,,
All,Facebook,2025-07-01/2025-12-31,KEYWORD_MISINFORMATION_DISINFORMATION,,TOTAL,0,0,0.0,0.0,0,0,0.00,,,,,,,
All,Facebook,2025-07-01/2025-12-31,KEYWORD_VIOLATION_EU_LAW,,TOTAL,0,0,0.0,0.0,0,0,0.00,,,,,,,
All,Facebook,2025-07-01/2025-12-31,KEYWORD_VIOLATION_NATIONAL_LAW,,TOTAL,0,0,0.0,0.0,0,0,0.00,,,,,,,
All,Facebook,2025-07-01/2025-12-31,KEYWORD_OTHER_POLITICAL_ADVERTISING,Added category to record Article 9 member state order submissions alleging political advertising content violations.,TOTAL,0,0,0.0,0.0,0,0,0.00,,,,,,,
All,Facebook,2025-07-01/2025-12-31,KEYWORD_OTHER_INELIGIBLE_USER,This row was added for use in other parts of our report. We have included it here for consistency across the report.,TOTAL,0,0,0.0,0.0,0,0,0.00,,,,,,,
All,Facebook,2025-07-01/2025-12-31,KEYWORD_OTHER_CIVIC_DISCOURSE,This row was added for use in other parts of our report. We have included it here for consistency across the report.,TOTAL,0,0,0.0,0.0,0,0,0.00,,,,,,,
All,Facebook,2025-07-01/2025-12-31,STATEMENT_CATEGORY_PROTECTION_OF_MINORS,,TOTAL,8,14,0.0,236.8,125,0,95.80,,,,,,,
All,Facebook,2025-07-01/2025-12-31,KEYWORD_AGE_SPECIFIC_RESTRICTIONS_MINORS,,TOTAL,0,0,0.0,0.0,0,0,0.00,,,,,,,
All,Facebook,2025-07-01/2025-12-31,KEYWORD_CHILD_SEXUAL_ABUSE_MATERIAL,,TOTAL,8,14,0.0,236.8,125,0,95.80,,,,,,,
All,Facebook,2025-07-01/2025-12-31,KEYWORD_CHILD_SEXUAL_ABUSE_MATERIAL_DEEPFAKE,,TOTAL,0,0,0.0,0.0,0,0,0.00,,,,,,,
All,Facebook,2025-07-01/2025-12-31,KEYWORD_GROOMING_SEXUAL_ENTICEMENT_MINORS,,TOTAL,0,0,0.0,0.0,0,0,0.00,,,,,,,
All,Facebook,2025-07-01/2025-12-31,KEYWORD_UNSAFE_CHALLENGES,,TOTAL,0,0,0.0,0.0,0,0,0.00,,,,,,,
All,Facebook,2025-07-01/2025-12-31,STATEMENT_CATEGORY_RISK_FOR_PUBLIC_SECURITY,,TOTAL,33,59,0.0,34.0,157,0,99.67,,,,,,,
All,Facebook,2025-07-01/2025-12-31,KEYWORD_ILLEGAL_ORGANIZATIONS,,TOTAL,0,0,0.0,0.0,0,0,0.00,,,,,,,
All,Facebook,2025-07-01/2025-12-31,KEYWORD_RISK_ENVIRONMENTAL_DAMAGE,,TOTAL,0,0,0.0,0.0,0,0,0.00,,,,,,,
All,Facebook,2025-07-01/2025-12-31,KEYWORD_RISK_PUBLIC_HEALTH,,TOTAL,0,0,0.0,0.0,0,0,0.00,,,,,,,
All,Facebook,2025-07-01/2025-12-31,KEYWORD_TERRORIST_CONTENT,,TOTAL,33,59,0.0,34.0,34,0,90.51,,,,,,,
All,Facebook,2025-07-01/2025-12-31,KEYWORD_OTHER_FUGITIVE,Added category to record Article 10 member state order submissions to provide information alleging a fugitive as the reason for the request.,TOTAL,0,0,0.0,0.0,50,0,101.83,,,,,,,
All,Facebook,2025-07-01/2025-12-31,KEYWORD_OTHER_TRESPASS_PROPERTY_AND_ENVIRONMENTAL_DAMAGE,Added category to record Article 10 member state order submissions to provide information alleging property or environmental damage as the reason for the request.,TOTAL,0,0,0.0,0.0,73,0,95.85,,,,,,,
All,Facebook,2025-07-01/2025-12-31,KEYWORD_OTHER_PUBLIC_SECURITY,This row was added for use in other parts of our report. We have included it here for consistency across the report.,TOTAL,0,0,0.0,0.0,0,0,0.00,,,,,,,
All,Facebook,2025-07-01/2025-12-31,STATEMENT_CATEGORY_SCAMS_AND_FRAUD,,TOTAL,701,"1,309",0.0,46.1,796,0,119.55,,,,,,,
All,Facebook,2025-07-01/2025-12-31,KEYWORD_IMPERSONATION_ACCOUNT_HIJACKING,,TOTAL,146,79,0.0,240.9,197,0,143.09,,,,,,,
All,Facebook,2025-07-01/2025-12-31,KEYWORD_INAUTHENTIC_ACCOUNTS,,TOTAL,127,126,0.0,72.2,0,0,0.00,,,,,,,
All,Facebook,2025-07-01/2025-12-31,KEYWORD_INAUTHENTIC_LISTINGS,,TOTAL,0,0,0.0,0.0,0,0,0.00,,,,,,,
All,Facebook,2025-07-01/2025-12-31,KEYWORD_INAUTHENTIC_USER_REVIEWS,,TOTAL,0,0,0.0,0.0,0,0,0.00,,,,,,,
All,Facebook,2025-07-01/2025-12-31,KEYWORD_PHISHING,,TOTAL,0,0,0.0,0.0,0,0,0.00,,,,,,,
All,Facebook,2025-07-01/2025-12-31,KEYWORD_PYRAMID_SCHEMES,,TOTAL,0,0,0.0,0.0,0,0,0.00,,,,,,,
All,Facebook,2025-07-01/2025-12-31,KEYWORD_OTHER_FINANCIAL_FRAUDS_SCAMS,Added category to record Article 10 member state order submissions to provide information alleging financial fraud and scams as the reason for the request.,TOTAL,0,0,0.0,0.0,599,0,115.41,,,,,,,
All,Facebook,2025-07-01/2025-12-31,KEYWORD_OTHER_FRAUD_AND_DECEPTION,Added category to record Article 9 member state order submissions alleging fraud.,TOTAL,428,"1,117",0.0,35.1,0,0,0.00,,,,,,,
All,Facebook,2025-07-01/2025-12-31,KEYWORD_OTHER_SPAM,Added category to record Article 9 member state order submissions alleging spam.,TOTAL,0,0,0.0,0.0,0,0,0.00,,,,,,,
All,Facebook,2025-07-01/2025-12-31,KEYWORD_OTHER_GAMBLING,This row was added for use in other parts of our report. We have included it here for consistency across the report.,TOTAL,0,0,0.0,0.0,0,0,0.00,,,,,,,
All,Facebook,2025-07-01/2025-12-31,KEYWORD_OTHER_FAKE_ENGAGEMENT,This row was added for use in other parts of our report. We have included it here for consistency across the report.,TOTAL,0,0,0.0,0.0,0,0,0.00,,,,,,,
All,Facebook,2025-07-01/2025-12-31,STATEMENT_CATEGORY_SELF_HARM,,TOTAL,1,2,0.0,,1,0,555.89,,,,,,,
All,Facebook,2025-07-01/2025-12-31,KEYWORD_CONTENT_PROMOTING_EATING_DISORDERS,,TOTAL,0,0,0.0,0.0,0,0,0.00,,,,,,,
All,Facebook,2025-07-01/2025-12-31,KEYWORD_SELF_MUTILATION,,TOTAL,0,0,0.0,0.0,0,0,0.00,,,,,,,
All,Facebook,2025-07-01/2025-12-31,KEYWORD_SUICIDE,,TOTAL,1,2,0.0,,1,0,555.89,,,,,,,
All,Facebook,2025-07-01/2025-12-31,STATEMENT_CATEGORY_UNSAFE_AND_PROHIBITED_PRODUCTS,,TOTAL,0,0,0.0,0.0,165,0,88.85,,,,,,,
All,Facebook,2025-07-01/2025-12-31,KEYWORD_PROHIBITED_PRODUCTS,"Category is inclusive of Article 9 member state orders and Article 10 data requests related to drugs, firearms and other prohibited products.",TOTAL,0,0,0.0,0.0,165,0,88.85,,,,,,,
All,Facebook,2025-07-01/2025-12-31,KEYWORD_UNSAFE_PRODUCTS,,TOTAL,0,0,0.0,0.0,0,0,0.00,,,,,,,
All,Facebook,2025-07-01/2025-12-31,KEYWORD_OTHER_GOODS_SERVICES_NOT_PERMITTED,"Added category to record Article 9 member state order submissions alleging unsafe substances, tobacco, alcohol, unsafe medical products, or unsafe financial services.",TOTAL,0,0,0.0,0.0,0,0,0.00,,,,,,,
All,Facebook,2025-07-01/2025-12-31,KEYWORD_OTHER_STOLEN_GOODS,This row was added for use in other parts of our report. We have included it here for consistency across the report.,TOTAL,0,0,0.0,0.0,0,0,0.00,,,,,,,
All,Facebook,2025-07-01/2025-12-31,KEYWORD_OTHER_VEHICLE_ACCESSORIES,This row was added for use in other parts of our report. We have included it here for consistency across the report.,TOTAL,0,0,0.0,0.0,0,0,0.00,,,,,,,
All,Facebook,2025-07-01/2025-12-31,KEYWORD_OTHER_NUDITY_SEXUAL_ACTIVITY,Added category to capture Article 9 member state order submissions alleging nudity or sexual activity.,TOTAL,0,0,0.0,0.0,0,0,0.00,,,,,,,
All,Facebook,2025-07-01/2025-12-31,STATEMENT_CATEGORY_VIOLENCE,,TOTAL,72,80,0.0,16.6,284,0,124.54,,,,,,,
All,Facebook,2025-07-01/2025-12-31,KEYWORD_COORDINATED_HARM,,TOTAL,0,0,0.0,0.0,9,0,124.54,,,,,,,
All,Facebook,2025-07-01/2025-12-31,KEYWORD_INCITEMENT_VIOLENCE_HATRED,Category is inclusive of Article 10 data requests alleging the threat of violence as the reason for the request.,TOTAL,60,60,0.0,11.2,0,0,0.00,,,,,,,
All,Facebook,2025-07-01/2025-12-31,KEYWORD_HUMAN_EXPLOITATION,,TOTAL,10,18,0.0,35.8,26,0,94.35,,,,,,,
All,Facebook,2025-07-01/2025-12-31,KEYWORD_HUMAN_TRAFFICKING,,TOTAL,2,2,0.0,48.4,13,0,126.24,,,,,,,
All,Facebook,2025-07-01/2025-12-31,KEYWORD_TRAFFICKING_WOMEN_GIRLS,,TOTAL,0,0,0.0,0.0,0,0,0.00,,,,,,,
All,Facebook,2025-07-01/2025-12-31,KEYWORD_OTHER_MURDER,Added category to record Article 10 member state order submissions to provide information alleging murder as the reason for the request.,TOTAL,0,0,0.0,0.0,41,0,143.22,,,,,,,
All,Facebook,2025-07-01/2025-12-31,KEYWORD_OTHER_KIDNAPPED_OR_MISSING_PERSON,Added category to record Article 10 member state order submissions to provide information alleging kidnapping or missing person as the reason for the request.,TOTAL,0,0,0.0,0.0,16,0,89.36,,,,,,,
All,Facebook,2025-07-01/2025-12-31,KEYWORD_OTHER_PHYSICAL_ASSAULT,Added category to record Article 10 member state order submissions to provide information alleging physical assault as the reason for the request.,TOTAL,0,0,0.0,0.0,14,0,115.52,,,,,,,
All,Facebook,2025-07-01/2025-12-31,KEYWORD_OTHER_SEX_CRIME_SEXUAL_ASSAULT,Added category to record Article 10 member state order submissions to provide information alleging a sex crime or sexual assault as the reason for the request.,TOTAL,0,0,0.0,0.0,24,0,94.05,,,,,,,
All,Facebook,2025-07-01/2025-12-31,KEYWORD_OTHER_GRAPHIC_VIOLENCE,Added category to record Article 9 member state order submissions alleging graphic violence.,TOTAL,0,0,0.0,0.0,0,0,0.00,,,,,,,
All,Facebook,2025-07-01/2025-12-31,KEYWORD_OTHER_THREATS_OF_VIOLENCE,Added category to record Article 10 member state order submissions alleging threats of violence.,TOTAL,0,0,0.0,0.0,141,0,148.32,,,,,,,
All,Facebook,2025-07-01/2025-12-31,STATEMENT_CATEGORY_NOT_SPECIFIED_ORDER,,TOTAL,272,389,0.0,30.6,0,0,0.00,,,,,,,
All,Facebook,2025-07-01/2025-12-31,TOTAL,,AT,0,0,0.0,0.0,2,0,,,,,,,,
,,,,,BE,5,13,0.0,33.2,0,0,0.00,,,,,,,
,,,,,BG,92,74,0.0,82.8,0,0,0.00,,,,,,,
,,,,,CY,47,51,0.0,48.0,0,0,0.00,,,,,,,
,,,,,CZ,0,0,0.0,0.0,0,0,0.00,,,,,,,
,,,,,DE,421,547,0.0,19.5,1051,0,138.26,,,,,,,
,,,,,DK,13,14,0.0,96.4,0,0,0.00,,,,,,,
,,,,,EE,2,5,0.0,36.7,6,0,167.88,,,,,,,
,,,,,EL,3,5,0.0,,3,0,,,,,,,,
,,,,,ES,8,5,0.0,,9,0,89.36,,,,,,,
,,,,,FI,0,0,0.0,0.0,0,0,0.00,,,,,,,
,,,,,FR,10,13,0.0,96.7,188,0,120.82,,,,,,,
,,,,,HR,1,4,0.0,139.9,1,0,148.31,,,,,,,
,,,,,HU,1,1,0.0,,137,0,150.28,,,,,,,
,,,,,IE,23,46,0.0,20.1,50,0,120.76,,,,,,,
,,,,,IT,227,187,0.0,75.6,148,0,120.54,,,,,,,
,,,,,LT,462,"1,115",0.0,36.8,0,0,0.00,,,,,,,
,,,,,LU,0,0,0.0,0.0,0,0,0.00,,,,,,,
,,,,,LV,0,0,0.0,0.0,0,0,0.00,,,,,,,
,,,,,MT,15,21,0.0,71.5,13,0,121.36,,,,,,,
,,,,,NL,6,6,0.0,51.0,1,0,,,,,,,,
,,,,,PL,9,14,0.0,,672,0,101.62,,,,,,,
,,,,,PT,1,1,0.0,,49,0,162.36,,,,,,,
,,,,,RO,10,37,0.0,30.3,50,0,141.80,,,,,,,
,,,,,SE,2,3,0.0,,0,0,0.00,,,,,,,
,,,,,SI,0,0,0.0,0.0,3,0,146.21,,,,,,,
,,,,,SK,0,0,0.0,0.0,0,0,0.00,,,,,,,
All,Facebook,2025-07-01/2025-12-31,STATEMENT_CATEGORY_ANIMAL_WELFARE,2162,AT,0,0,0.0,0.0,0,0,0.00,,,,,,,
,,,,,BE,0,0,0.0,0.0,0,0,0.00,,,,,,,
,,,,,BG,0,0,0.0,0.0,0,0,0.00,,,,,,,
,,,,,CY,0,0,0.0,0.0,0,0,0.00,,,,,,,
,,,,,CZ,0,0,0.0,0.0,0,0,0.00,,,,,,,
,,,,,DE,0,0,0.0,0.0,0,0,0.00,,,,,,,
,,,,,DK,0,0,0.0,0.0,0,0,0.00,,,,,,,
,,,,,EE,0,0,0.0,0.0,0,0,0.00,,,,,,,
,,,,,EL,0,0,0.0,0.0,0,0,0.00,,,,,,,
,,,,,ES,0,0,0.0,0.0,0,0,0.00,,,,,,,
,,,,,FI,0,0,0.0,0.0,0,0,0.00,,,,,,,
,,,,,FR,0,0,0.0,0.0,0,0,0.00,,,,,,,
,,,,,HR,0,0,0.0,0.0,0,0,0.00,,,,,,,
,,,,,HU,0,0,0.0,0.0,0,0,0.00,,,,,,,
,,,,,IE,0,0,0.0,0.0,0,0,0.00,,,,,,,
,,,,,IT,0,0,0.0,0.0,0,0,0.00,,,,,,,
,,,,,LT,0,0,0.0,0.0,0,0,0.00,,,,,,,
,,,,,LU,0,0,0.0,0.0,0,0,0.00,,,,,,,
,,,,,LV,0,0,0.0,0.0,0,0,0.00,,,,,,,
,,,,,MT,0,0,0.0,0.0,0,0,0.00,,,,,,,
,,,,,NL,0,0,0.0,0.0,0,0,0.00,,,,,,,
,,,,,PL,0,0,0.0,0.0,0,0,0.00,,,,,,,
,,,,,PT,0,0,0.0,0.0,0,0,0.00,,,,,,,
,,,,,RO,0,0,0.0,0.0,0,0,0.00,,,,,,,
,,,,,SE,0,0,0.0,0.0,0,0,0.00,,,,,,,
,,,,,SI,0,0,0.0,0.0,0,0,0.00,,,,,,,
,,,,,SK,0,0,0.0,0.0,0,0,0.00,,,,,,,
All,Facebook,2025-07-01/2025-12-31,KEYWORD_ANIMAL_HARM,,AT,0,0,0.0,0.0,0,0,0.00,,,,,,,
,,,,,BE,0,0,0.0,0.0,0,0,0.00,,,,,,,
,,,,,BG,0,0,0.0,0.0,0,0,0.00,,,,,,,
,,,,,CY,0,0,0.0,0.0,0,0,0.00,,,,,,,
,,,,,CZ,0,0,0.0,0.0,0,0,0.00,,,,,,,
,,,,,DE,0,0,0.0,0.0,0,0,0.00,,,,,,,
,,,,,DK,0,0,0.0,0.0,0,0,0.00,,,,,,,
,,,,,EE,0,0,0.0,0.0,0,0,0.00,,,,,,,
,,,,,EL,0,0,0.0,0.0,0,0,0.00,,,,,,,
,,,,,ES,0,0,0.0,0.0,0,0,0.00,,,,,,,
,,,,,FI,0,0,0.0,0.0,0,0,0.00,,,,,,,
,,,,,FR,0,0,0.0,0.0,0,0,0.00,,,,,,,
,,,,,HR,0,0,0.0,0.0,0,0,0.00,,,,,,,
,,,,,HU,0,0,0.0,0.0,0,0,0.00,,,,,,,
,,,,,IE,0,0,0.0,0.0,0,0,0.00,,,,,,,
,,,,,IT,0,0,0.0,0.0,0,0,0.00,,,,,,,
,,,,,LT,0,0,0.0,0.0,0,0,0.00,,,,,,,
,,,,,LU,0,0,0.0,0.0,0,0,0.00,,,,,,,
,,,,,LV,0,0,0.0,0.0,0,0,0.00,,,,,,,
,,,,,MT,0,0,0.0,0.0,0,0,0.00,,,,,,,
,,,,,NL,0,0,0.0,0.0,0,0,0.00,,,,,,,
,,,,,PL,0,0,0.0,0.0,0,0,0.00,,,,,,,
,,,,,PT,0,0,0.0,0.0,0,0,0.00,,,,,,,
,,,,,RO,0,0,0.0,0.0,0,0,0.00,,,,,,,
,,,,,SE,0,0,0.0,0.0,0,0,0.00,,,,,,,
,,,,,SI,0,0,0.0,0.0,0,0,0.00,,,,,,,
,,,,,SK,0,0,0.0,0.0,0,0,0.00,,,,,,,
All,Facebook,2025-07-01/2025-12-31,KEYWORD_UNLAWFUL_SALE_ANIMALS,,AT,0,0,0.0,0.0,0,0,0.00,,,,,,,
,,,,,BE,0,0,0.0,0.0,0,0,0.00,,,,,,,
,,,,,BG,0,0,0.0,0.0,0,0,0.00,,,,,,,
,,,,,CY,0,0,0.0,0.0,0,0,0.00,,,,,,,
,,,,,CZ,0,0,0.0,0.0,0,0,0.00,,,,,,,
,,,,,DE,0,0,0.0,0.0,0,0,0.00,,,,,,,
,,,,,DK,0,0,0.0,0.0,0,0,0.00,,,,,,,
,,,,,EE,0,0,0.0,0.0,0,0,0.00,,,,,,,
,,,,,EL,0,0,0.0,0.0,0,0,0.00,,,,,,,
,,,,,ES,0,0,0.0,0.0,0,0,0.00,,,,,,,
,,,,,FI,0,0,0.0,0.0,0,0,0.00,,,,,,,
,,,,,FR,0,0,0.0,0.0,0,0,0.00,,,,,,,
,,,,,HR,0,0,0.0,0.0,0,0,0.00,,,,,,,
,,,,,HU,0,0,0.0,0.0,0,0,0.00,,,,,,,
,,,,,IE,0,0,0.0,0.0,0,0,0.00,,,,,,,
,,,,,IT,0,0,0.0,0.0,0,0,0.00,,,,,,,
,,,,,LT,0,0,0.0,0.0,0,0,0.00,,,,,,,
,,,,,LU,0,0,0.0,0.0,0,0,0.00,,,,,,,
,,,,,LV,0,0,0.0,0.0,0,0,0.00,,,,,,,
,,,,,MT,0,0,0.0,0.0,0,0,0.00,,,,,,,
,,,,,NL,0,0,0.0,0.0,0,0,0.00,,,,,,,
,,,,,PL,0,0,0.0,0.0,0,0,0.00,,,,,,,
,,,,,PT,0,0,0.0,0.0,0,0,0.00,,,,,,,
,,,,,RO,0,0,0.0,0.0,0,0,0.00,,,,,,,
,,,,,SE,0,0,0.0,0.0,0,0,0.00,,,,,,,
,,,,,SI,0,0,0.0,0.0,0,0,0.00,,,,,,,
,,,,,SK,0,0,0.0,0.0,0,0,0.00,,,,,,,
All,"Facebook

























",2025-07-01/2025-12-31,STATEMENT_CATEGORY_CONSUMER_INFORMATION,,AT,0,0,0.0,0.0,0,0,0.00,,,,,,,
,,,,,BE,0,0,0.0,0.0,0,0,0.00,,,,,,,
,,,,,BG,0,0,0.0,0.0,0,0,0.00,,,,,,,
,,,,,CY,0,0,0.0,0.0,0,0,0.00,,,,,,,
,,,,,CZ,0,0,0.0,0.0,0,0,0.00,,,,,,,
,,,,,DE,0,0,0.0,0.0,3,0,642.97,,,,,,,
,,,,,DK,0,0,0.0,0.0,0,0,0.00,,,,,,,
,,,,,EE,0,0,0.0,0.0,1,0,,,,,,,,
,,,,,EL,0,0,0.0,0.0,0,0,0.00,,,,,,,
,,,,,ES,0,0,0.0,0.0,0,0,0.00,,,,,,,
,,,,,FI,0,0,0.0,0.0,0,0,0.00,,,,,,,
,,,,,FR,0,0,0.0,0.0,0,0,0.00,,,,,,,
,,,,,HR,0,0,0.0,0.0,0,0,0.00,,,,,,,
,,,,,HU,0,0,0.0,0.0,0,0,0.00,,,,,,,
,,,,,IE,0,0,0.0,0.0,0,0,0.00,,,,,,,
,,,,,IT,0,0,0.0,0.0,0,0,0.00,,,,,,,
,,,,,LT,0,0,0.0,0.0,0,0,0.00,,,,,,,
,,,,,LU,0,0,0.0,0.0,0,0,0.00,,,,,,,
,,,,,LV,0,0,0.0,0.0,0,0,0.00,,,,,,,
,,,,,MT,0,0,0.0,0.0,0,0,0.00,,,,,,,
,,,,,NL,0,0,0.0,0.0,0,0,0.00,,,,,,,
,,,,,PL,0,0,0.0,0.0,0,0,0.00,,,,,,,
,,,,,PT,0,0,0.0,0.0,0,0,0.00,,,,,,,
,,,,,RO,0,0,0.0,0.0,0,0,0.00,,,,,,,
,,,,,SE,0,0,0.0,0.0,0,0,0.00,,,,,,,
,,,,,SI,0,0,0.0,0.0,0,0,0.00,,,,,,,
,,,,,SK,0,0,0.0,0.0,0,0,0.00,,,,,,,
All,Facebook,2025-07-01/2025-12-31,KEYWORD_HIDDEN_ADVERTISEMENT,,AT,0,0,0.0,0.0,0,0,0.00,,,,,,,
,,,,,BE,0,0,0.0,0.0,0,0,0.00,,,,,,,
,,,,,BG,0,0,0.0,0.0,0,0,0.00,,,,,,,
,,,,,CY,0,0,0.0,0.0,0,0,0.00,,,,,,,
,,,,,CZ,0,0,0.0,0.0,0,0,0.00,,,,,,,
,,,,,DE,0,0,0.0,0.0,0,0,0.00,,,,,,,
,,,,,DK,0,0,0.0,0.0,0,0,0.00,,,,,,,
,,,,,EE,0,0,0.0,0.0,0,0,0.00,,,,,,,
,,,,,EL,0,0,0.0,0.0,0,0,0.00,,,,,,,
,,,,,ES,0,0,0.0,0.0,0,0,0.00,,,,,,,
,,,,,FI,0,0,0.0,0.0,0,0,0.00,,,,,,,
,,,,,FR,0,0,0.0,0.0,0,0,0.00,,,,,,,
,,,,,HR,0,0,0.0,0.0,0,0,0.00,,,,,,,
,,,,,HU,0,0,0.0,0.0,0,0,0.00,,,,,,,
,,,,,IE,0,0,0.0,0.0,0,0,0.00,,,,,,,
,,,,,IT,0,0,0.0,0.0,0,0,0.00,,,,,,,
,,,,,LT,0,0,0.0,0.0,0,0,0.00,,,,,,,
,,,,,LU,0,0,0.0,0.0,0,0,0.00,,,,,,,
,,,,,LV,0,0,0.0,0.0,0,0,0.00,,,,,,,
,,,,,MT,0,0,0.0,0.0,0,0,0.00,,,,,,,
,,,,,NL,0,0,0.0,0.0,0,0,0.00,,,,,,,
,,,,,PL,0,0,0.0,0.0,0,0,0.00,,,,,,,
,,,,,PT,0,0,0.0,0.0,0,0,0.00,,,,,,,
,,,,,RO,0,0,0.0,0.0,0,0,0.00,,,,,,,
,,,,,SE,0,0,0.0,0.0,0,0,0.00,,,,,,,
,,,,,SI,0,0,0.0,0.0,0,0,0.00,,,,,,,
,,,,,SK,0,0,0.0,0.0,0,0,0.00,,,,,,,
All,Facebook,2025-07-01/2025-12-31,KEYWORD_INSUFFICIENT_INFORMATION_ON_TRADERS,,AT,0,0,0.0,0.0,0,0,0.00,,,,,,,
,,,,,BE,0,0,0.0,0.0,0,0,0.00,,,,,,,
,,,,,BG,0,0,0.0,0.0,0,0,0.00,,,,,,,
,,,,,CY,0,0,0.0,0.0,0,0,0.00,,,,,,,
,,,,,CZ,0,0,0.0,0.0,0,0,0.00,,,,,,,
,,,,,DE,0,0,0.0,0.0,3,0,642.97,,,,,,,
,,,,,DK,0,0,0.0,0.0,0,0,0.00,,,,,,,
,,,,,EE,0,0,0.0,0.0,0,0,0.00,,,,,,,
,,,,,EL,0,0,0.0,0.0,0,0,0.00,,,,,,,
,,,,,ES,0,0,0.0,0.0,0,0,0.00,,,,,,,
,,,,,FI,0,0,0.0,0.0,0,0,0.00,,,,,,,
,,,,,FR,0,0,0.0,0.0,0,0,0.00,,,,,,,
,,,,,HR,0,0,0.0,0.0,0,0,0.00,,,,,,,
,,,,,HU,0,0,0.0,0.0,0,0,0.00,,,,,,,
,,,,,IE,0,0,0.0,0.0,0,0,0.00,,,,,,,
,,,,,IT,0,0,0.0,0.0,0,0,0.00,,,,,,,
,,,,,LT,0,0,0.0,0.0,0,0,0.00,,,,,,,
,,,,,LU,0,0,0.0,0.0,0,0,0.00,,,,,,,
,,,,,LV,0,0,0.0,0.0,0,0,0.00,,,,,,,
,,,,,MT,0,0,0.0,0.0,0,0,0.00,,,,,,,
,,,,,NL,0,0,0.0,0.0,0,0,0.00,,,,,,,
,,,,,PL,0,0,0.0,0.0,0,0,0.00,,,,,,,
,,,,,PT,0,0,0.0,0.0,0,0,0.00,,,,,,,
,,,,,RO,0,0,0.0,0.0,0,0,0.00,,,,,,,
,,,,,SE,0,0,0.0,0.0,0,0,0.00,,,,,,,
,,,,,SI,0,0,0.0,0.0,0,0,0.00,,,,,,,
,,,,,SK,0,0,0.0,0.0,0,0,0.00,,,,,,,
All,Facebook,2025-07-01/2025-12-31,KEYWORD_MISLEADING_INFO_GOODS_SERVICES,,AT,0,0,0.0,0.0,0,0,0.00,,,,,,,
,,,,,BE,0,0,0.0,0.0,0,0,0.00,,,,,,,
,,,,,BG,0,0,0.0,0.0,0,0,0.00,,,,,,,
,,,,,CY,0,0,0.0,0.0,0,0,0.00,,,,,,,
,,,,,CZ,0,0,0.0,0.0,0,0,0.00,,,,,,,
,,,,,DE,0,0,0.0,0.0,0,0,0.00,,,,,,,
,,,,,DK,0,0,0.0,0.0,0,0,0.00,,,,,,,
,,,,,EE,0,0,0.0,0.0,1,0,,,,,,,,
,,,,,EL,0,0,0.0,0.0,0,0,0.00,,,,,,,
,,,,,ES,0,0,0.0,0.0,0,0,0.00,,,,,,,
,,,,,FI,0,0,0.0,0.0,0,0,0.00,,,,,,,
,,,,,FR,0,0,0.0,0.0,0,0,0.00,,,,,,,
,,,,,HR,0,0,0.0,0.0,0,0,0.00,,,,,,,
,,,,,HU,0,0,0.0,0.0,0,0,0.00,,,,,,,
,,,,,IE,0,0,0.0,0.0,0,0,0.00,,,,,,,
,,,,,IT,0,0,0.0,0.0,0,0,0.00,,,,,,,
,,,,,LT,0,0,0.0,0.0,0,0,0.00,,,,,,,
,,,,,LU,0,0,0.0,0.0,0,0,0.00,,,,,,,
,,,,,LV,0,0,0.0,0.0,0,0,0.00,,,,,,,
,,,,,MT,0,0,0.0,0.0,0,0,0.00,,,,,,,
,,,,,NL,0,0,0.0,0.0,0,0,0.00,,,,,,,
,,,,,PL,0,0,0.0,0.0,0,0,0.00,,,,,,,
,,,,,PT,0,0,0.0,0.0,0,0,0.00,,,,,,,
,,,,,RO,0,0,0.0,0.0,0,0,0.00,,,,,,,
,,,,,SE,0,0,0.0,0.0,0,0,0.00,,,,,,,
,,,,,SI,0,0,0.0,0.0,0,0,0.00,,,,,,,
,,,,,SK,0,0,0.0,0.0,0,0,0.00,,,,,,,
All,Facebook,2025-07-01/2025-12-31,KEYWORD_MISLEADING_INFO_CONSUMER_RIGHTS,,AT,0,0,0.0,0.0,0,0,0.00,,,,,,,
,,,,,BE,0,0,0.0,0.0,0,0,0.00,,,,,,,
,,,,,BG,0,0,0.0,0.0,0,0,0.00,,,,,,,
,,,,,CY,0,0,0.0,0.0,0,0,0.00,,,,,,,
,,,,,CZ,0,0,0.0,0.0,0,0,0.00,,,,,,,
,,,,,DE,0,0,0.0,0.0,0,0,0.00,,,,,,,
,,,,,DK,0,0,0.0,0.0,0,0,0.00,,,,,,,
,,,,,EE,0,0,0.0,0.0,0,0,0.00,,,,,,,
,,,,,EL,0,0,0.0,0.0,0,0,0.00,,,,,,,
,,,,,ES,0,0,0.0,0.0,0,0,0.00,,,,,,,
,,,,,FI,0,0,0.0,0.0,0,0,0.00,,,,,,,
,,,,,FR,0,0,0.0,0.0,0,0,0.00,,,,,,,
,,,,,HR,0,0,0.0,0.0,0,0,0.00,,,,,,,
,,,,,HU,0,0,0.0,0.0,0,0,0.00,,,,,,,
,,,,,IE,0,0,0.0,0.0,0,0,0.00,,,,,,,
,,,,,IT,0,0,0.0,0.0,0,0,0.00,,,,,,,
,,,,,LT,0,0,0.0,0.0,0,0,0.00,,,,,,,
,,,,,LU,0,0,0.0,0.0,0,0,0.00,,,,,,,
,,,,,LV,0,0,0.0,0.0,0,0,0.00,,,,,,,
,,,,,MT,0,0,0.0,0.0,0,0,0.00,,,,,,,
,,,,,NL,0,0,0.0,0.0,0,0,0.00,,,,,,,
,,,,,PL,0,0,0.0,0.0,0,0,0.00,,,,,,,
,,,,,PT,0,0,0.0,0.0,0,0,0.00,,,,,,,
,,,,,RO,0,0,0.0,0.0,0,0,0.00,,,,,,,
,,,,,SE,0,0,0.0,0.0,0,0,0.00,,,,,,,
,,,,,SI,0,0,0.0,0.0,0,0,0.00,,,,,,,
,,,,,SK,0,0,0.0,0.0,0,0,0.00,,,,,,,
All,Facebook,2025-07-01/2025-12-31,KEYWORD_NONCOMPLIANCE_PRICING,,AT,0,0,0.0,0.0,0,0,0.00,,,,,,,
,,,,,BE,0,0,0.0,0.0,0,0,0.00,,,,,,,
,,,,,BG,0,0,0.0,0.0,0,0,0.00,,,,,,,
,,,,,CY,0,0,0.0,0.0,0,0,0.00,,,,,,,
,,,,,CZ,0,0,0.0,0.0,0,0,0.00,,,,,,,
,,,,,DE,0,0,0.0,0.0,0,0,0.00,,,,,,,
,,,,,DK,0,0,0.0,0.0,0,0,0.00,,,,,,,
,,,,,EE,0,0,0.0,0.0,0,0,0.00,,,,,,,
,,,,,EL,0,0,0.0,0.0,0,0,0.00,,,,,,,
,,,,,ES,0,0,0.0,0.0,0,0,0.00,,,,,,,
,,,,,FI,0,0,0.0,0.0,0,0,0.00,,,,,,,
,,,,,FR,0,0,0.0,0.0,0,0,0.00,,,,,,,
,,,,,HR,0,0,0.0,0.0,0,0,0.00,,,,,,,
,,,,,HU,0,0,0.0,0.0,0,0,0.00,,,,,,,
,,,,,IE,0,0,0.0,0.0,0,0,0.00,,,,,,,
,,,,,IT,0,0,0.0,0.0,0,0,0.00,,,,,,,
,,,,,LT,0,0,0.0,0.0,0,0,0.00,,,,,,,
,,,,,LU,0,0,0.0,0.0,0,0,0.00,,,,,,,
,,,,,LV,0,0,0.0,0.0,0,0,0.00,,,,,,,
,,,,,MT,0,0,0.0,0.0,0,0,0.00,,,,,,,
,,,,,NL,0,0,0.0,0.0,0,0,0.00,,,,,,,
,,,,,PL,0,0,0.0,0.0,0,0,0.00,,,,,,,
,,,,,PT,0,0,0.0,0.0,0,0,0.00,,,,,,,
,,,,,RO,0,0,0.0,0.0,0,0,0.00,,,,,,,
,,,,,SE,0,0,0.0,0.0,0,0,0.00,,,,,,,
,,,,,SI,0,0,0.0,0.0,0,0,0.00,,,,,,,
,,,,,SK,0,0,0.0,0.0,0,0,0.00,,,,,,,
All,Facebook,2025-07-01/2025-12-31,KEYWORD_OTHER_ADVERTISING,Added category to capture Article 10 data requests alleging advertisement(s) as the reason for the request.,AT,0,0,0.0,0.0,0,0,0.00,,,,,,,
,,,,,BE,0,0,0.0,0.0,0,0,0.00,,,,,,,
,,,,,BG,0,0,0.0,0.0,0,0,0.00,,,,,,,
,,,,,CY,0,0,0.0,0.0,0,0,0.00,,,,,,,
,,,,,CZ,0,0,0.0,0.0,0,0,0.00,,,,,,,
,,,,,DE,0,0,0.0,0.0,0,0,0.00,,,,,,,
,,,,,DK,0,0,0.0,0.0,0,0,0.00,,,,,,,
,,,,,EE,0,0,0.0,0.0,0,0,0.00,,,,,,,
,,,,,EL,0,0,0.0,0.0,0,0,0.00,,,,,,,
,,,,,ES,0,0,0.0,0.0,0,0,0.00,,,,,,,
,,,,,FI,0,0,0.0,0.0,0,0,0.00,,,,,,,
,,,,,FR,0,0,0.0,0.0,0,0,0.00,,,,,,,
,,,,,HR,0,0,0.0,0.0,0,0,0.00,,,,,,,
,,,,,HU,0,0,0.0,0.0,0,0,0.00,,,,,,,
,,,,,IE,0,0,0.0,0.0,0,0,0.00,,,,,,,
,,,,,IT,0,0,0.0,0.0,0,0,0.00,,,,,,,
,,,,,LT,0,0,0.0,0.0,0,0,0.00,,,,,,,
,,,,,LU,0,0,0.0,0.0,0,0,0.00,,,,,,,
,,,,,LV,0,0,0.0,0.0,0,0,0.00,,,,,,,
,,,,,MT,0,0,0.0,0.0,0,0,0.00,,,,,,,
,,,,,NL,0,0,0.0,0.0,0,0,0.00,,,,,,,
,,,,,PL,0,0,0.0,0.0,0,0,0.00,,,,,,,
,,,,,PT,0,0,0.0,0.0,0,0,0.00,,,,,,,
,,,,,RO,0,0,0.0,0.0,0,0,0.00,,,,,,,
,,,,,SE,0,0,0.0,0.0,0,0,0.00,,,,,,,
,,,,,SI,0,0,0.0,0.0,0,0,0.00,,,,,,,
,,,,,SK,0,0,0.0,0.0,0,0,0.00,,,,,,,
All,Facebook,2025-07-01/2025-12-31,KEYWORD_OTHER_DISCRIMINATORY_PRACTICES,Added category to record Article 9 member state order submissions alleging discriminatory practices.,AT,0,0,0.0,0.0,0,0,0.00,,,,,,,
,,,,,BE,0,0,0.0,0.0,0,0,0.00,,,,,,,
,,,,,BG,0,0,0.0,0.0,0,0,0.00,,,,,,,
,,,,,CY,0,0,0.0,0.0,0,0,0.00,,,,,,,
,,,,,CZ,0,0,0.0,0.0,0,0,0.00,,,,,,,
,,,,,DE,0,0,0.0,0.0,0,0,0.00,,,,,,,
,,,,,DK,0,0,0.0,0.0,0,0,0.00,,,,,,,
,,,,,EE,0,0,0.0,0.0,0,0,0.00,,,,,,,
,,,,,EL,0,0,0.0,0.0,0,0,0.00,,,,,,,
,,,,,ES,0,0,0.0,0.0,0,0,0.00,,,,,,,
,,,,,FI,0,0,0.0,0.0,0,0,0.00,,,,,,,
,,,,,FR,0,0,0.0,0.0,0,0,0.00,,,,,,,
,,,,,HR,0,0,0.0,0.0,0,0,0.00,,,,,,,
,,,,,HU,0,0,0.0,0.0,0,0,0.00,,,,,,,
,,,,,IE,0,0,0.0,0.0,0,0,0.00,,,,,,,
,,,,,IT,0,0,0.0,0.0,0,0,0.00,,,,,,,
,,,,,LT,0,0,0.0,0.0,0,0,0.00,,,,,,,
,,,,,LU,0,0,0.0,0.0,0,0,0.00,,,,,,,
,,,,,LV,0,0,0.0,0.0,0,0,0.00,,,,,,,
,,,,,MT,0,0,0.0,0.0,0,0,0.00,,,,,,,
,,,,,NL,0,0,0.0,0.0,0,0,0.00,,,,,,,
,,,,,PL,0,0,0.0,0.0,0,0,0.00,,,,,,,
,,,,,PT,0,0,0.0,0.0,0,0,0.00,,,,,,,
,,,,,RO,0,0,0.0,0.0,0,0,0.00,,,,,,,
,,,,,SE,0,0,0.0,0.0,0,0,0.00,,,,,,,
,,,,,SI,0,0,0.0,0.0,0,0,0.00,,,,,,,
,,,,,SK,0,0,0.0,0.0,0,0,0.00,,,,,,,
All,Facebook,2025-07-01/2025-12-31,KEYWORD_OTHER_LEAD_ADS,This row was added for use in other parts of our report. We have included it here for consistency across the report.,AT,0,0,0.0,0.0,0,0,0.00,,,,,,,
,,,,,BE,0,0,0.0,0.0,0,0,0.00,,,,,,,
,,,,,BG,0,0,0.0,0.0,0,0,0.00,,,,,,,
,,,,,CY,0,0,0.0,0.0,0,0,0.00,,,,,,,
,,,,,CZ,0,0,0.0,0.0,0,0,0.00,,,,,,,
,,,,,DE,0,0,0.0,0.0,0,0,0.00,,,,,,,
,,,,,DK,0,0,0.0,0.0,0,0,0.00,,,,,,,
,,,,,EE,0,0,0.0,0.0,0,0,0.00,,,,,,,
,,,,,EL,0,0,0.0,0.0,0,0,0.00,,,,,,,
,,,,,ES,0,0,0.0,0.0,0,0,0.00,,,,,,,
,,,,,FI,0,0,0.0,0.0,0,0,0.00,,,,,,,
,,,,,FR,0,0,0.0,0.0,0,0,0.00,,,,,,,
,,,,,HR,0,0,0.0,0.0,0,0,0.00,,,,,,,
,,,,,HU,0,0,0.0,0.0,0,0,0.00,,,,,,,
,,,,,IE,0,0,0.0,0.0,0,0,0.00,,,,,,,
,,,,,IT,0,0,0.0,0.0,0,0,0.00,,,,,,,
,,,,,LT,0,0,0.0,0.0,0,0,0.00,,,,,,,
,,,,,LU,0,0,0.0,0.0,0,0,0.00,,,,,,,
,,,,,LV,0,0,0.0,0.0,0,0,0.00,,,,,,,
,,,,,MT,0,0,0.0,0.0,0,0,0.00,,,,,,,
,,,,,NL,0,0,0.0,0.0,0,0,0.00,,,,,,,
,,,,,PL,0,0,0.0,0.0,0,0,0.00,,,,,,,
,,,,,PT,0,0,0.0,0.0,0,0,0.00,,,,,,,
,,,,,RO,0,0,0.0,0.0,0,0,0.00,,,,,,,
,,,,,SE,0,0,0.0,0.0,0,0,0.00,,,,,,,
,,,,,SI,0,0,0.0,0.0,0,0,0.00,,,,,,,
,,,,,SK,0,0,0.0,0.0,0,0,0.00,,,,,,,
All,Facebook,2025-07-01/2025-12-31,KEYWORD_OTHER_CRYPTOCURRENCY,This row was added for use in other parts of our report. We have included it here for consistency across the report.,AT,0,0,0.0,0.0,0,0,0.00,,,,,,,
,,,,,BE,0,0,0.0,0.0,0,0,0.00,,,,,,,
,,,,,BG,0,0,0.0,0.0,0,0,0.00,,,,,,,
,,,,,CY,0,0,0.0,0.0,0,0,0.00,,,,,,,
,,,,,CZ,0,0,0.0,0.0,0,0,0.00,,,,,,,
,,,,,DE,0,0,0.0,0.0,0,0,0.00,,,,,,,
,,,,,DK,0,0,0.0,0.0,0,0,0.00,,,,,,,
,,,,,EE,0,0,0.0,0.0,0,0,0.00,,,,,,,
,,,,,EL,0,0,0.0,0.0,0,0,0.00,,,,,,,
,,,,,ES,0,0,0.0,0.0,0,0,0.00,,,,,,,
,,,,,FI,0,0,0.0,0.0,0,0,0.00,,,,,,,
,,,,,FR,0,0,0.0,0.0,0,0,0.00,,,,,,,
,,,,,HR,0,0,0.0,0.0,0,0,0.00,,,,,,,
,,,,,HU,0,0,0.0,0.0,0,0,0.00,,,,,,,
,,,,,IE,0,0,0.0,0.0,0,0,0.00,,,,,,,
,,,,,IT,0,0,0.0,0.0,0,0,0.00,,,,,,,
,,,,,LT,0,0,0.0,0.0,0,0,0.00,,,,,,,
,,,,,LU,0,0,0.0,0.0,0,0,0.00,,,,,,,
,,,,,LV,0,0,0.0,0.0,0,0,0.00,,,,,,,
,,,,,MT,0,0,0.0,0.0,0,0,0.00,,,,,,,
,,,,,NL,0,0,0.0,0.0,0,0,0.00,,,,,,,
,,,,,PL,0,0,0.0,0.0,0,0,0.00,,,,,,,
,,,,,PT,0,0,0.0,0.0,0,0,0.00,,,,,,,
,,,,,RO,0,0,0.0,0.0,0,0,0.00,,,,,,,
,,,,,SE,0,0,0.0,0.0,0,0,0.00,,,,,,,
,,,,,SI,0,0,0.0,0.0,0,0,0.00,,,,,,,
,,,,,SK,0,0,0.0,0.0,0,0,0.00,,,,,,,
All,Facebook,2025-07-01/2025-12-31,KEYWORD_OTHER_PAYER_BENEFICIARY,Added category to record Article 9 member state order submissions alleging payer and beneficiary violations.,AT,0,0,0.0,0.0,0,0,0.00,,,,,,,
,,,,,BE,0,0,0.0,0.0,0,0,0.00,,,,,,,
,,,,,BG,0,0,0.0,0.0,0,0,0.00,,,,,,,
,,,,,CY,0,0,0.0,0.0,0,0,0.00,,,,,,,
,,,,,CZ,0,0,0.0,0.0,0,0,0.00,,,,,,,
,,,,,DE,0,0,0.0,0.0,0,0,0.00,,,,,,,
,,,,,DK,0,0,0.0,0.0,0,0,0.00,,,,,,,
,,,,,EE,0,0,0.0,0.0,0,0,0.00,,,,,,,
,,,,,EL,0,0,0.0,0.0,0,0,0.00,,,,,,,
,,,,,ES,0,0,0.0,0.0,0,0,0.00,,,,,,,
,,,,,FI,0,0,0.0,0.0,0,0,0.00,,,,,,,
,,,,,FR,0,0,0.0,0.0,0,0,0.00,,,,,,,
,,,,,HR,0,0,0.0,0.0,0,0,0.00,,,,,,,
,,,,,HU,0,0,0.0,0.0,0,0,0.00,,,,,,,
,,,,,IE,0,0,0.0,0.0,0,0,0.00,,,,,,,
,,,,,IT,0,0,0.0,0.0,0,0,0.00,,,,,,,
,,,,,LT,0,0,0.0,0.0,0,0,0.00,,,,,,,
,,,,,LU,0,0,0.0,0.0,0,0,0.00,,,,,,,
,,,,,LV,0,0,0.0,0.0,0,0,0.00,,,,,,,
,,,,,MT,0,0,0.0,0.0,0,0,0.00,,,,,,,
,,,,,NL,0,0,0.0,0.0,0,0,0.00,,,,,,,
,,,,,PL,0,0,0.0,0.0,0,0,0.00,,,,,,,
,,,,,PT,0,0,0.0,0.0,0,0,0.00,,,,,,,
,,,,,RO,0,0,0.0,0.0,0,0,0.00,,,,,,,
,,,,,SE,0,0,0.0,0.0,0,0,0.00,,,,,,,
,,,,,SI,0,0,0.0,0.0,0,0,0.00,,,,,,,
,,,,,SK,0,0,0.0,0.0,0,0,0.00,,,,,,,
All,Facebook,2025-07-01/2025-12-31,KEYWORD_OTHER_CONSUMER_INFRINGEMENTS,This row was added for use in other parts of our report. We have included it here for consistency across the report.,AT,0,0,0.0,0.0,0,0,0.00,,,,,,,
,,,,,BE,0,0,0.0,0.0,0,0,0.00,,,,,,,
,,,,,BG,0,0,0.0,0.0,0,0,0.00,,,,,,,
,,,,,CY,0,0,0.0,0.0,0,0,0.00,,,,,,,
,,,,,CZ,0,0,0.0,0.0,0,0,0.00,,,,,,,
,,,,,DE,0,0,0.0,0.0,0,0,0.00,,,,,,,
,,,,,DK,0,0,0.0,0.0,0,0,0.00,,,,,,,
,,,,,EE,0,0,0.0,0.0,0,0,0.00,,,,,,,
,,,,,EL,0,0,0.0,0.0,0,0,0.00,,,,,,,
,,,,,ES,0,0,0.0,0.0,0,0,0.00,,,,,,,
,,,,,FI,0,0,0.0,0.0,0,0,0.00,,,,,,,
,,,,,FR,0,0,0.0,0.0,0,0,0.00,,,,,,,
,,,,,HR,0,0,0.0,0.0,0,0,0.00,,,,,,,
,,,,,HU,0,0,0.0,0.0,0,0,0.00,,,,,,,
,,,,,IE,0,0,0.0,0.0,0,0,0.00,,,,,,,
,,,,,IT,0,0,0.0,0.0,0,0,0.00,,,,,,,
,,,,,LT,0,0,0.0,0.0,0,0,0.00,,,,,,,
,,,,,LU,0,0,0.0,0.0,0,0,0.00,,,,,,,
,,,,,LV,0,0,0.0,0.0,0,0,0.00,,,,,,,
,,,,,MT,0,0,0.0,0.0,0,0,0.00,,,,,,,
,,,,,NL,0,0,0.0,0.0,0,0,0.00,,,,,,,
,,,,,PL,0,0,0.0,0.0,0,0,0.00,,,,,,,
,,,,,PT,0,0,0.0,0.0,0,0,0.00,,,,,,,
,,,,,RO,0,0,0.0,0.0,0,0,0.00,,,,,,,
,,,,,SE,0,0,0.0,0.0,0,0,0.00,,,,,,,
,,,,,SI,0,0,0.0,0.0,0,0,0.00,,,,,,,
,,,,,SK,0,0,0.0,0.0,0,0,0.00,,,,,,,
All,Facebook,2025-07-01/2025-12-31,STATEMENT_CATEGORY_CYBER_VIOLENCE,,AT,0,0,0.0,0.0,0,0,0.00,,,,,,,
,,,,,BE,0,0,0.0,0.0,0,0,0.00,,,,,,,
,,,,,BG,4,6,0.0,140.6,0,0,0.00,,,,,,,
,,,,,CY,17,22,0.0,24.3,0,0,0.00,,,,,,,
,,,,,CZ,0,0,0.0,0.0,0,0,0.00,,,,,,,
,,,,,DE,0,0,0.0,0.0,33,0,97.70,,,,,,,
,,,,,DK,3,4,0.0,96.4,0,0,0.00,,,,,,,
,,,,,EE,0,0,0.0,0.0,0,0,0.00,,,,,,,
,,,,,EL,0,0,0.0,0.0,0,0,0.00,,,,,,,
,,,,,ES,1,1,0.0,,3,0,148.86,,,,,,,
,,,,,FI,0,0,0.0,0.0,0,0,0.00,,,,,,,
,,,,,FR,1,3,0.0,,20,0,91.77,,,,,,,
,,,,,HR,0,0,0.0,0.0,0,0,0.00,,,,,,,
,,,,,HU,0,0,0.0,0.0,15,0,163.29,,,,,,,
,,,,,IE,2,10,0.0,0.2,8,0,52.62,,,,,,,
,,,,,IT,5,3,0.0,206.3,32,0,120.25,,,,,,,
,,,,,LT,5,6,0.0,,0,0,0.00,,,,,,,
,,,,,LU,0,0,0.0,0.0,0,0,0.00,,,,,,,
,,,,,LV,0,0,0.0,0.0,0,0,0.00,,,,,,,
,,,,,MT,0,0,0.0,0.0,3,0,123.20,,,,,,,
,,,,,NL,2,2,0.0,145.2,0,0,0.00,,,,,,,
,,,,,PL,0,0,0.0,0.0,35,0,98.07,,,,,,,
,,,,,PT,0,0,0.0,0.0,6,0,173.07,,,,,,,
,,,,,RO,0,0,0.0,0.0,4,0,164.53,,,,,,,
,,,,,SE,0,0,0.0,0.0,0,0,0.00,,,,,,,
,,,,,SI,0,0,0.0,0.0,0,0,0.00,,,,,,,
,,,,,SK,0,0,0.0,0.0,0,0,0.00,,,,,,,
All,Facebook,2025-07-01/2025-12-31,KEYWORD_CYBER_BULLYING_INTIMIDATION,,AT,0,0,0.0,0.0,0,0,0.00,,,,,,,
,,,,,BE,0,0,0.0,0.0,0,0,0.00,,,,,,,
,,,,,BG,0,0,0.0,0.0,0,0,0.00,,,,,,,
,,,,,CY,0,0,0.0,0.0,0,0,0.00,,,,,,,
,,,,,CZ,0,0,0.0,0.0,0,0,0.00,,,,,,,
,,,,,DE,0,0,0.0,0.0,12,0,47.74,,,,,,,
,,,,,DK,0,0,0.0,0.0,0,0,0.00,,,,,,,
,,,,,EE,0,0,0.0,0.0,0,0,0.00,,,,,,,
,,,,,EL,0,0,0.0,0.0,0,0,0.00,,,,,,,
,,,,,ES,0,0,0.0,0.0,0,0,0.00,,,,,,,
,,,,,FI,0,0,0.0,0.0,0,0,0.00,,,,,,,
,,,,,FR,0,0,0.0,0.0,2,0,44.87,,,,,,,
,,,,,HR,0,0,0.0,0.0,0,0,0.00,,,,,,,
,,,,,HU,0,0,0.0,0.0,2,0,170.14,,,,,,,
,,,,,IE,0,0,0.0,0.0,0,0,0.00,,,,,,,
,,,,,IT,0,0,0.0,0.0,11,0,101.67,,,,,,,
,,,,,LT,0,0,0.0,0.0,0,0,0.00,,,,,,,
,,,,,LU,0,0,0.0,0.0,0,0,0.00,,,,,,,
,,,,,LV,0,0,0.0,0.0,0,0,0.00,,,,,,,
,,,,,MT,0,0,0.0,0.0,2,0,123.20,,,,,,,
,,,,,NL,0,0,0.0,0.0,0,0,0.00,,,,,,,
,,,,,PL,0,0,0.0,0.0,13,0,54.14,,,,,,,
,,,,,PT,0,0,0.0,0.0,2,0,209.88,,,,,,,
,,,,,RO,0,0,0.0,0.0,2,0,163.02,,,,,,,
,,,,,SE,0,0,0.0,0.0,0,0,0.00,,,,,,,
,,,,,SI,0,0,0.0,0.0,0,0,0.00,,,,,,,
,,,,,SK,0,0,0.0,0.0,0,0,0.00,,,,,,,
All,Facebook,2025-07-01/2025-12-31,KEYWORD_CYBER_HARASSMENT,Category is inclusive of Article 9 member state orders and Article 10 data requests related to bullying and harassment.,AT,0,0,0.0,0.0,0,0,0.00,,,,,,,
,,,,,BE,0,0,0.0,0.0,0,0,0.00,,,,,,,
,,,,,BG,4,6,0.0,140.6,0,0,0.00,,,,,,,
,,,,,CY,17,22,0.0,24.3,0,0,0.00,,,,,,,
,,,,,CZ,0,0,0.0,0.0,0,0,0.00,,,,,,,
,,,,,DE,0,0,0.0,0.0,21,0,167.37,,,,,,,
,,,,,DK,3,4,0.0,96.4,0,0,0.00,,,,,,,
,,,,,EE,0,0,0.0,0.0,0,0,0.00,,,,,,,
,,,,,EL,0,0,0.0,0.0,0,0,0.00,,,,,,,
,,,,,ES,1,1,0.0,,3,0,148.86,,,,,,,
,,,,,FI,0,0,0.0,0.0,0,0,0.00,,,,,,,
,,,,,FR,1,3,0.0,,18,0,93.13,,,,,,,
,,,,,HR,0,0,0.0,0.0,0,0,0.00,,,,,,,
,,,,,HU,0,0,0.0,0.0,13,0,163.29,,,,,,,
,,,,,IE,2,10,0.0,0.2,8,0,52.62,,,,,,,
,,,,,IT,5,3,0.0,206.3,21,0,148.71,,,,,,,
,,,,,LT,5,6,0.0,,0,0,0.00,,,,,,,
,,,,,LU,0,0,0.0,0.0,0,0,0.00,,,,,,,
,,,,,LV,0,0,0.0,0.0,0,0,0.00,,,,,,,
,,,,,MT,0,0,0.0,0.0,1,0,145.20,,,,,,,
,,,,,NL,2,2,0.0,145.2,0,0,0.00,,,,,,,
,,,,,PL,0,0,0.0,0.0,22,0,129.13,,,,,,,
,,,,,PT,0,0,0.0,0.0,4,0,173.07,,,,,,,
,,,,,RO,0,0,0.0,0.0,2,0,164.53,,,,,,,
,,,,,SE,0,0,0.0,0.0,0,0,0.00,,,,,,,
,,,,,SI,0,0,0.0,0.0,0,0,0.00,,,,,,,
,,,,,SK,0,0,0.0,0.0,0,0,0.00,,,,,,,
All,Facebook,2025-07-01/2025-12-31,KEYWORD_CYBER_INCITEMENT,,AT,0,0,0.0,0.0,0,0,0.00,,,,,,,
,,,,,BE,0,0,0.0,0.0,0,0,0.00,,,,,,,
,,,,,BG,0,0,0.0,0.0,0,0,0.00,,,,,,,
,,,,,CY,0,0,0.0,0.0,0,0,0.00,,,,,,,
,,,,,CZ,0,0,0.0,0.0,0,0,0.00,,,,,,,
,,,,,DE,0,0,0.0,0.0,0,0,0.00,,,,,,,
,,,,,DK,0,0,0.0,0.0,0,0,0.00,,,,,,,
,,,,,EE,0,0,0.0,0.0,0,0,0.00,,,,,,,
,,,,,EL,0,0,0.0,0.0,0,0,0.00,,,,,,,
,,,,,ES,0,0,0.0,0.0,0,0,0.00,,,,,,,
,,,,,FI,0,0,0.0,0.0,0,0,0.00,,,,,,,
,,,,,FR,0,0,0.0,0.0,0,0,0.00,,,,,,,
,,,,,HR,0,0,0.0,0.0,0,0,0.00,,,,,,,
,,,,,HU,0,0,0.0,0.0,0,0,0.00,,,,,,,
,,,,,IE,0,0,0.0,0.0,0,0,0.00,,,,,,,
,,,,,IT,0,0,0.0,0.0,0,0,0.00,,,,,,,
,,,,,LT,0,0,0.0,0.0,0,0,0.00,,,,,,,
,,,,,LU,0,0,0.0,0.0,0,0,0.00,,,,,,,
,,,,,LV,0,0,0.0,0.0,0,0,0.00,,,,,,,
,,,,,MT,0,0,0.0,0.0,0,0,0.00,,,,,,,
,,,,,NL,0,0,0.0,0.0,0,0,0.00,,,,,,,
,,,,,PL,0,0,0.0,0.0,0,0,0.00,,,,,,,
,,,,,PT,0,0,0.0,0.0,0,0,0.00,,,,,,,
,,,,,RO,0,0,0.0,0.0,0,0,0.00,,,,,,,
,,,,,SE,0,0,0.0,0.0,0,0,0.00,,,,,,,
,,,,,SI,0,0,0.0,0.0,0,0,0.00,,,,,,,
,,,,,SK,0,0,0.0,0.0,0,0,0.00,,,,,,,
All,Facebook,2025-07-01/2025-12-31,KEYWORD_CYBER_STALKING,,AT,0,0,0.0,0.0,0,0,0.00,,,,,,,
,,,,,BE,0,0,0.0,0.0,0,0,0.00,,,,,,,
,,,,,BG,0,0,0.0,0.0,0,0,0.00,,,,,,,
,,,,,CY,0,0,0.0,0.0,0,0,0.00,,,,,,,
,,,,,CZ,0,0,0.0,0.0,0,0,0.00,,,,,,,
,,,,,DE,0,0,0.0,0.0,0,0,0.00,,,,,,,
,,,,,DK,0,0,0.0,0.0,0,0,0.00,,,,,,,
,,,,,EE,0,0,0.0,0.0,0,0,0.00,,,,,,,
,,,,,EL,0,0,0.0,0.0,0,0,0.00,,,,,,,
,,,,,ES,0,0,0.0,0.0,0,0,0.00,,,,,,,
,,,,,FI,0,0,0.0,0.0,0,0,0.00,,,,,,,
,,,,,FR,0,0,0.0,0.0,0,0,0.00,,,,,,,
,,,,,HR,0,0,0.0,0.0,0,0,0.00,,,,,,,
,,,,,HU,0,0,0.0,0.0,0,0,0.00,,,,,,,
,,,,,IE,0,0,0.0,0.0,0,0,0.00,,,,,,,
,,,,,IT,0,0,0.0,0.0,0,0,0.00,,,,,,,
,,,,,LT,0,0,0.0,0.0,0,0,0.00,,,,,,,
,,,,,LU,0,0,0.0,0.0,0,0,0.00,,,,,,,
,,,,,LV,0,0,0.0,0.0,0,0,0.00,,,,,,,
,,,,,MT,0,0,0.0,0.0,0,0,0.00,,,,,,,
,,,,,NL,0,0,0.0,0.0,0,0,0.00,,,,,,,
,,,,,PL,0,0,0.0,0.0,0,0,0.00,,,,,,,
,,,,,PT,0,0,0.0,0.0,0,0,0.00,,,,,,,
,,,,,RO,0,0,0.0,0.0,0,0,0.00,,,,,,,
,,,,,SE,0,0,0.0,0.0,0,0,0.00,,,,,,,
,,,,,SI,0,0,0.0,0.0,0,0,0.00,,,,,,,
,,,,,SK,0,0,0.0,0.0,0,0,0.00,,,,,,,
All,Facebook,2025-07-01/2025-12-31,KEYWORD_NON_CONSENSUAL_IMAGE_SHARING,,AT,0,0,0.0,0.0,0,0,0.00,,,,,,,
,,,,,BE,0,0,0.0,0.0,0,0,0.00,,,,,,,
,,,,,BG,0,0,0.0,0.0,0,0,0.00,,,,,,,
,,,,,CY,0,0,0.0,0.0,0,0,0.00,,,,,,,
,,,,,CZ,0,0,0.0,0.0,0,0,0.00,,,,,,,
,,,,,DE,0,0,0.0,0.0,0,0,0.00,,,,,,,
,,,,,DK,0,0,0.0,0.0,0,0,0.00,,,,,,,
,,,,,EE,0,0,0.0,0.0,0,0,0.00,,,,,,,
,,,,,EL,0,0,0.0,0.0,0,0,0.00,,,,,,,
,,,,,ES,0,0,0.0,0.0,0,0,0.00,,,,,,,
,,,,,FI,0,0,0.0,0.0,0,0,0.00,,,,,,,
,,,,,FR,0,0,0.0,0.0,0,0,0.00,,,,,,,
,,,,,HR,0,0,0.0,0.0,0,0,0.00,,,,,,,
,,,,,HU,0,0,0.0,0.0,0,0,0.00,,,,,,,
,,,,,IE,0,0,0.0,0.0,0,0,0.00,,,,,,,
,,,,,IT,0,0,0.0,0.0,0,0,0.00,,,,,,,
,,,,,LT,0,0,0.0,0.0,0,0,0.00,,,,,,,
,,,,,LU,0,0,0.0,0.0,0,0,0.00,,,,,,,
,,,,,LV,0,0,0.0,0.0,0,0,0.00,,,,,,,
,,,,,MT,0,0,0.0,0.0,0,0,0.00,,,,,,,
,,,,,NL,0,0,0.0,0.0,0,0,0.00,,,,,,,
,,,,,PL,0,0,0.0,0.0,0,0,0.00,,,,,,,
,,,,,PT,0,0,0.0,0.0,0,0,0.00,,,,,,,
,,,,,RO,0,0,0.0,0.0,0,0,0.00,,,,,,,
,,,,,SE,0,0,0.0,0.0,0,0,0.00,,,,,,,
,,,,,SI,0,0,0.0,0.0,0,0,0.00,,,,,,,
,,,,,SK,0,0,0.0,0.0,0,0,0.00,,,,,,,
All,Facebook,2025-07-01/2025-12-31,KEYWORD_NON_CONSENSUAL_MATERIAL_DEEPFAKE,,AT,0,0,0.0,0.0,0,0,0.00,,,,,,,
,,,,,BE,0,0,0.0,0.0,0,0,0.00,,,,,,,
,,,,,BG,0,0,0.0,0.0,0,0,0.00,,,,,,,
,,,,,CY,0,0,0.0,0.0,0,0,0.00,,,,,,,
,,,,,CZ,0,0,0.0,0.0,0,0,0.00,,,,,,,
,,,,,DE,0,0,0.0,0.0,0,0,0.00,,,,,,,
,,,,,DK,0,0,0.0,0.0,0,0,0.00,,,,,,,
,,,,,EE,0,0,0.0,0.0,0,0,0.00,,,,,,,
,,,,,EL,0,0,0.0,0.0,0,0,0.00,,,,,,,
,,,,,ES,0,0,0.0,0.0,0,0,0.00,,,,,,,
,,,,,FI,0,0,0.0,0.0,0,0,0.00,,,,,,,
,,,,,FR,0,0,0.0,0.0,0,0,0.00,,,,,,,
,,,,,HR,0,0,0.0,0.0,0,0,0.00,,,,,,,
,,,,,HU,0,0,0.0,0.0,0,0,0.00,,,,,,,
,,,,,IE,0,0,0.0,0.0,0,0,0.00,,,,,,,
,,,,,IT,0,0,0.0,0.0,0,0,0.00,,,,,,,
,,,,,LT,0,0,0.0,0.0,0,0,0.00,,,,,,,
,,,,,LU,0,0,0.0,0.0,0,0,0.00,,,,,,,
,,,,,LV,0,0,0.0,0.0,0,0,0.00,,,,,,,
,,,,,MT,0,0,0.0,0.0,0,0,0.00,,,,,,,
,,,,,NL,0,0,0.0,0.0,0,0,0.00,,,,,,,
,,,,,PL,0,0,0.0,0.0,0,0,0.00,,,,,,,
,,,,,PT,0,0,0.0,0.0,0,0,0.00,,,,,,,
,,,,,RO,0,0,0.0,0.0,0,0,0.00,,,,,,,
,,,,,SE,0,0,0.0,0.0,0,0,0.00,,,,,,,
,,,,,SI,0,0,0.0,0.0,0,0,0.00,,,,,,,
,,,,,SK,0,0,0.0,0.0,0,0,0.00,,,,,,,
All,Facebook,2025-07-01/2025-12-31,STATEMENT_CATEGORY_CYBER_VIOLENCE_AGAINST_WOMEN,,AT,0,0,0.0,0.0,0,0,0.00,,,,,,,
,,,,,BE,0,0,0.0,0.0,0,0,0.00,,,,,,,
,,,,,BG,0,0,0.0,0.0,0,0,0.00,,,,,,,
,,,,,CY,0,0,0.0,0.0,0,0,0.00,,,,,,,
,,,,,CZ,0,0,0.0,0.0,0,0,0.00,,,,,,,
,,,,,DE,0,0,0.0,0.0,0,0,0.00,,,,,,,
,,,,,DK,0,0,0.0,0.0,0,0,0.00,,,,,,,
,,,,,EE,0,0,0.0,0.0,0,0,0.00,,,,,,,
,,,,,EL,0,0,0.0,0.0,0,0,0.00,,,,,,,
,,,,,ES,0,0,0.0,0.0,0,0,0.00,,,,,,,
,,,,,FI,0,0,0.0,0.0,0,0,0.00,,,,,,,
,,,,,FR,0,0,0.0,0.0,0,0,0.00,,,,,,,
,,,,,HR,0,0,0.0,0.0,0,0,0.00,,,,,,,
,,,,,HU,0,0,0.0,0.0,0,0,0.00,,,,,,,
,,,,,IE,0,0,0.0,0.0,0,0,0.00,,,,,,,
,,,,,IT,0,0,0.0,0.0,0,0,0.00,,,,,,,
,,,,,LT,0,0,0.0,0.0,0,0,0.00,,,,,,,
,,,,,LU,0,0,0.0,0.0,0,0,0.00,,,,,,,
,,,,,LV,0,0,0.0,0.0,0,0,0.00,,,,,,,
,,,,,MT,0,0,0.0,0.0,0,0,0.00,,,,,,,
,,,,,NL,0,0,0.0,0.0,0,0,0.00,,,,,,,
,,,,,PL,0,0,0.0,0.0,0,0,0.00,,,,,,,
,,,,,PT,0,0,0.0,0.0,0,0,0.00,,,,,,,
,,,,,RO,0,0,0.0,0.0,0,0,0.00,,,,,,,
,,,,,SE,0,0,0.0,0.0,0,0,0.00,,,,,,,
,,,,,SI,0,0,0.0,0.0,0,0,0.00,,,,,,,
,,,,,SK,0,0,0.0,0.0,0,0,0.00,,,,,,,
All,Facebook,2025-07-01/2025-12-31,KEYWORD_BULLYING_AGAINST_GIRLS,,AT,0,0,0.0,0.0,0,0,0.00,,,,,,,
,,,,,BE,0,0,0.0,0.0,0,0,0.00,,,,,,,
,,,,,BG,0,0,0.0,0.0,0,0,0.00,,,,,,,
,,,,,CY,0,0,0.0,0.0,0,0,0.00,,,,,,,
,,,,,CZ,0,0,0.0,0.0,0,0,0.00,,,,,,,
,,,,,DE,0,0,0.0,0.0,0,0,0.00,,,,,,,
,,,,,DK,0,0,0.0,0.0,0,0,0.00,,,,,,,
,,,,,EE,0,0,0.0,0.0,0,0,0.00,,,,,,,
,,,,,EL,0,0,0.0,0.0,0,0,0.00,,,,,,,
,,,,,ES,0,0,0.0,0.0,0,0,0.00,,,,,,,
,,,,,FI,0,0,0.0,0.0,0,0,0.00,,,,,,,
,,,,,FR,0,0,0.0,0.0,0,0,0.00,,,,,,,
,,,,,HR,0,0,0.0,0.0,0,0,0.00,,,,,,,
,,,,,HU,0,0,0.0,0.0,0,0,0.00,,,,,,,
,,,,,IE,0,0,0.0,0.0,0,0,0.00,,,,,,,
,,,,,IT,0,0,0.0,0.0,0,0,0.00,,,,,,,
,,,,,LT,0,0,0.0,0.0,0,0,0.00,,,,,,,
,,,,,LU,0,0,0.0,0.0,0,0,0.00,,,,,,,
,,,,,LV,0,0,0.0,0.0,0,0,0.00,,,,,,,
,,,,,MT,0,0,0.0,0.0,0,0,0.00,,,,,,,
,,,,,NL,0,0,0.0,0.0,0,0,0.00,,,,,,,
,,,,,PL,0,0,0.0,0.0,0,0,0.00,,,,,,,
,,,,,PT,0,0,0.0,0.0,0,0,0.00,,,,,,,
,,,,,RO,0,0,0.0,0.0,0,0,0.00,,,,,,,
,,,,,SE,0,0,0.0,0.0,0,0,0.00,,,,,,,
,,,,,SI,0,0,0.0,0.0,0,0,0.00,,,,,,,
,,,,,SK,0,0,0.0,0.0,0,0,0.00,,,,,,,
All,Facebook,2025-07-01/2025-12-31,KEYWORD_CYBER_HARASSMENT_AGAINST_WOMEN,,AT,0,0,0.0,0.0,0,0,0.00,,,,,,,
,,,,,BE,0,0,0.0,0.0,0,0,0.00,,,,,,,
,,,,,BG,0,0,0.0,0.0,0,0,0.00,,,,,,,
,,,,,CY,0,0,0.0,0.0,0,0,0.00,,,,,,,
,,,,,CZ,0,0,0.0,0.0,0,0,0.00,,,,,,,
,,,,,DE,0,0,0.0,0.0,0,0,0.00,,,,,,,
,,,,,DK,0,0,0.0,0.0,0,0,0.00,,,,,,,
,,,,,EE,0,0,0.0,0.0,0,0,0.00,,,,,,,
,,,,,EL,0,0,0.0,0.0,0,0,0.00,,,,,,,
,,,,,ES,0,0,0.0,0.0,0,0,0.00,,,,,,,
,,,,,FI,0,0,0.0,0.0,0,0,0.00,,,,,,,
,,,,,FR,0,0,0.0,0.0,0,0,0.00,,,,,,,
,,,,,HR,0,0,0.0,0.0,0,0,0.00,,,,,,,
,,,,,HU,0,0,0.0,0.0,0,0,0.00,,,,,,,
,,,,,IE,0,0,0.0,0.0,0,0,0.00,,,,,,,
,,,,,IT,0,0,0.0,0.0,0,0,0.00,,,,,,,
,,,,,LT,0,0,0.0,0.0,0,0,0.00,,,,,,,
,,,,,LU,0,0,0.0,0.0,0,0,0.00,,,,,,,
,,,,,LV,0,0,0.0,0.0,0,0,0.00,,,,,,,
,,,,,MT,0,0,0.0,0.0,0,0,0.00,,,,,,,
,,,,,NL,0,0,0.0,0.0,0,0,0.00,,,,,,,
,,,,,PL,0,0,0.0,0.0,0,0,0.00,,,,,,,
,,,,,PT,0,0,0.0,0.0,0,0,0.00,,,,,,,
,,,,,RO,0,0,0.0,0.0,0,0,0.00,,,,,,,
,,,,,SE,0,0,0.0,0.0,0,0,0.00,,,,,,,
,,,,,SI,0,0,0.0,0.0,0,0,0.00,,,,,,,
,,,,,SK,0,0,0.0,0.0,0,0,0.00,,,,,,,
All,Facebook,2025-07-01/2025-12-31,KEYWORD_CYBER_STALKING_AGAINST_WOMEN,,AT,0,0,0.0,0.0,0,0,0.00,,,,,,,
,,,,,BE,0,0,0.0,0.0,0,0,0.00,,,,,,,
,,,,,BG,0,0,0.0,0.0,0,0,0.00,,,,,,,
,,,,,CY,0,0,0.0,0.0,0,0,0.00,,,,,,,
,,,,,CZ,0,0,0.0,0.0,0,0,0.00,,,,,,,
,,,,,DE,0,0,0.0,0.0,0,0,0.00,,,,,,,
,,,,,DK,0,0,0.0,0.0,0,0,0.00,,,,,,,
,,,,,EE,0,0,0.0,0.0,0,0,0.00,,,,,,,
,,,,,EL,0,0,0.0,0.0,0,0,0.00,,,,,,,
,,,,,ES,0,0,0.0,0.0,0,0,0.00,,,,,,,
,,,,,FI,0,0,0.0,0.0,0,0,0.00,,,,,,,
,,,,,FR,0,0,0.0,0.0,0,0,0.00,,,,,,,
,,,,,HR,0,0,0.0,0.0,0,0,0.00,,,,,,,
,,,,,HU,0,0,0.0,0.0,0,0,0.00,,,,,,,
,,,,,IE,0,0,0.0,0.0,0,0,0.00,,,,,,,
,,,,,IT,0,0,0.0,0.0,0,0,0.00,,,,,,,
,,,,,LT,0,0,0.0,0.0,0,0,0.00,,,,,,,
,,,,,LU,0,0,0.0,0.0,0,0,0.00,,,,,,,
,,,,,LV,0,0,0.0,0.0,0,0,0.00,,,,,,,
,,,,,MT,0,0,0.0,0.0,0,0,0.00,,,,,,,
,,,,,NL,0,0,0.0,0.0,0,0,0.00,,,,,,,
,,,,,PL,0,0,0.0,0.0,0,0,0.00,,,,,,,
,,,,,PT,0,0,0.0,0.0,0,0,0.00,,,,,,,
,,,,,RO,0,0,0.0,0.0,0,0,0.00,,,,,,,
,,,,,SE,0,0,0.0,0.0,0,0,0.00,,,,,,,
,,,,,SI,0,0,0.0,0.0,0,0,0.00,,,,,,,
,,,,,SK,0,0,0.0,0.0,0,0,0.00,,,,,,,
All,Facebook,2025-07-01/2025-12-31,KEYWORD_FEMALE_GENDERED_DISINFORMATION,,AT,0,0,0.0,0.0,0,0,0.00,,,,,,,
,,,,,BE,0,0,0.0,0.0,0,0,0.00,,,,,,,
,,,,,BG,0,0,0.0,0.0,0,0,0.00,,,,,,,
,,,,,CY,0,0,0.0,0.0,0,0,0.00,,,,,,,
,,,,,CZ,0,0,0.0,0.0,0,0,0.00,,,,,,,
,,,,,DE,0,0,0.0,0.0,0,0,0.00,,,,,,,
,,,,,DK,0,0,0.0,0.0,0,0,0.00,,,,,,,
,,,,,EE,0,0,0.0,0.0,0,0,0.00,,,,,,,
,,,,,EL,0,0,0.0,0.0,0,0,0.00,,,,,,,
,,,,,ES,0,0,0.0,0.0,0,0,0.00,,,,,,,
,,,,,FI,0,0,0.0,0.0,0,0,0.00,,,,,,,
,,,,,FR,0,0,0.0,0.0,0,0,0.00,,,,,,,
,,,,,HR,0,0,0.0,0.0,0,0,0.00,,,,,,,
,,,,,HU,0,0,0.0,0.0,0,0,0.00,,,,,,,
,,,,,IE,0,0,0.0,0.0,0,0,0.00,,,,,,,
,,,,,IT,0,0,0.0,0.0,0,0,0.00,,,,,,,
,,,,,LT,0,0,0.0,0.0,0,0,0.00,,,,,,,
,,,,,LU,0,0,0.0,0.0,0,0,0.00,,,,,,,
,,,,,LV,0,0,0.0,0.0,0,0,0.00,,,,,,,
,,,,,MT,0,0,0.0,0.0,0,0,0.00,,,,,,,
,,,,,NL,0,0,0.0,0.0,0,0,0.00,,,,,,,
,,,,,PL,0,0,0.0,0.0,0,0,0.00,,,,,,,
,,,,,PT,0,0,0.0,0.0,0,0,0.00,,,,,,,
,,,,,RO,0,0,0.0,0.0,0,0,0.00,,,,,,,
,,,,,SE,0,0,0.0,0.0,0,0,0.00,,,,,,,
,,,,,SI,0,0,0.0,0.0,0,0,0.00,,,,,,,
,,,,,SK,0,0,0.0,0.0,0,0,0.00,,,,,,,
All,Facebook,2025-07-01/2025-12-31,KEYWORD_INCITEMENT_AGAINST_WOMEN,,AT,0,0,0.0,0.0,0,0,0.00,,,,,,,
,,,,,BE,0,0,0.0,0.0,0,0,0.00,,,,,,,
,,,,,BG,0,0,0.0,0.0,0,0,0.00,,,,,,,
,,,,,CY,0,0,0.0,0.0,0,0,0.00,,,,,,,
,,,,,CZ,0,0,0.0,0.0,0,0,0.00,,,,,,,
,,,,,DE,0,0,0.0,0.0,0,0,0.00,,,,,,,
,,,,,DK,0,0,0.0,0.0,0,0,0.00,,,,,,,
,,,,,EE,0,0,0.0,0.0,0,0,0.00,,,,,,,
,,,,,EL,0,0,0.0,0.0,0,0,0.00,,,,,,,
,,,,,ES,0,0,0.0,0.0,0,0,0.00,,,,,,,
,,,,,FI,0,0,0.0,0.0,0,0,0.00,,,,,,,
,,,,,FR,0,0,0.0,0.0,0,0,0.00,,,,,,,
,,,,,HR,0,0,0.0,0.0,0,0,0.00,,,,,,,
,,,,,HU,0,0,0.0,0.0,0,0,0.00,,,,,,,
,,,,,IE,0,0,0.0,0.0,0,0,0.00,,,,,,,
,,,,,IT,0,0,0.0,0.0,0,0,0.00,,,,,,,
,,,,,LT,0,0,0.0,0.0,0,0,0.00,,,,,,,
,,,,,LU,0,0,0.0,0.0,0,0,0.00,,,,,,,
,,,,,LV,0,0,0.0,0.0,0,0,0.00,,,,,,,
,,,,,MT,0,0,0.0,0.0,0,0,0.00,,,,,,,
,,,,,NL,0,0,0.0,0.0,0,0,0.00,,,,,,,
,,,,,PL,0,0,0.0,0.0,0,0,0.00,,,,,,,
,,,,,PT,0,0,0.0,0.0,0,0,0.00,,,,,,,
,,,,,RO,0,0,0.0,0.0,0,0,0.00,,,,,,,
,,,,,SE,0,0,0.0,0.0,0,0,0.00,,,,,,,
,,,,,SI,0,0,0.0,0.0,0,0,0.00,,,,,,,
,,,,,SK,0,0,0.0,0.0,0,0,0.00,,,,,,,
All,Facebook,2025-07-01/2025-12-31,KEYWORD_NON_CONSENSUAL_IMAGE_SHARING_AGAINST_WOMEN,,AT,0,0,0.0,0.0,0,0,0.00,,,,,,,
,,,,,BE,0,0,0.0,0.0,0,0,0.00,,,,,,,
,,,,,BG,0,0,0.0,0.0,0,0,0.00,,,,,,,
,,,,,CY,0,0,0.0,0.0,0,0,0.00,,,,,,,
,,,,,CZ,0,0,0.0,0.0,0,0,0.00,,,,,,,
,,,,,DE,0,0,0.0,0.0,0,0,0.00,,,,,,,
,,,,,DK,0,0,0.0,0.0,0,0,0.00,,,,,,,
,,,,,EE,0,0,0.0,0.0,0,0,0.00,,,,,,,
,,,,,EL,0,0,0.0,0.0,0,0,0.00,,,,,,,
,,,,,ES,0,0,0.0,0.0,0,0,0.00,,,,,,,
,,,,,FI,0,0,0.0,0.0,0,0,0.00,,,,,,,
,,,,,FR,0,0,0.0,0.0,0,0,0.00,,,,,,,
,,,,,HR,0,0,0.0,0.0,0,0,0.00,,,,,,,
,,,,,HU,0,0,0.0,0.0,0,0,0.00,,,,,,,
,,,,,IE,0,0,0.0,0.0,0,0,0.00,,,,,,,
,,,,,IT,0,0,0.0,0.0,0,0,0.00,,,,,,,
,,,,,LT,0,0,0.0,0.0,0,0,0.00,,,,,,,
,,,,,LU,0,0,0.0,0.0,0,0,0.00,,,,,,,
,,,,,LV,0,0,0.0,0.0,0,0,0.00,,,,,,,
,,,,,MT,0,0,0.0,0.0,0,0,0.00,,,,,,,
,,,,,NL,0,0,0.0,0.0,0,0,0.00,,,,,,,
,,,,,PL,0,0,0.0,0.0,0,0,0.00,,,,,,,
,,,,,PT,0,0,0.0,0.0,0,0,0.00,,,,,,,
,,,,,RO,0,0,0.0,0.0,0,0,0.00,,,,,,,
,,,,,SE,0,0,0.0,0.0,0,0,0.00,,,,,,,
,,,,,SI,0,0,0.0,0.0,0,0,0.00,,,,,,,
,,,,,SK,0,0,0.0,0.0,0,0,0.00,,,,,,,
All,Facebook,2025-07-01/2025-12-31,KEYWORD_NON_CONSENSUAL_MATERIAL_DEEPFAKE_AGAINST_WOMEN,,AT,0,0,0.0,0.0,0,0,0.00,,,,,,,
,,,,,BE,0,0,0.0,0.0,0,0,0.00,,,,,,,
,,,,,BG,0,0,0.0,0.0,0,0,0.00,,,,,,,
,,,,,CY,0,0,0.0,0.0,0,0,0.00,,,,,,,
,,,,,CZ,0,0,0.0,0.0,0,0,0.00,,,,,,,
,,,,,DE,0,0,0.0,0.0,0,0,0.00,,,,,,,
,,,,,DK,0,0,0.0,0.0,0,0,0.00,,,,,,,
,,,,,EE,0,0,0.0,0.0,0,0,0.00,,,,,,,
,,,,,EL,0,0,0.0,0.0,0,0,0.00,,,,,,,
,,,,,ES,0,0,0.0,0.0,0,0,0.00,,,,,,,
,,,,,FI,0,0,0.0,0.0,0,0,0.00,,,,,,,
,,,,,FR,0,0,0.0,0.0,0,0,0.00,,,,,,,
,,,,,HR,0,0,0.0,0.0,0,0,0.00,,,,,,,
,,,,,HU,0,0,0.0,0.0,0,0,0.00,,,,,,,
,,,,,IE,0,0,0.0,0.0,0,0,0.00,,,,,,,
,,,,,IT,0,0,0.0,0.0,0,0,0.00,,,,,,,
,,,,,LT,0,0,0.0,0.0,0,0,0.00,,,,,,,
,,,,,LU,0,0,0.0,0.0,0,0,0.00,,,,,,,
,,,,,LV,0,0,0.0,0.0,0,0,0.00,,,,,,,
,,,,,MT,0,0,0.0,0.0,0,0,0.00,,,,,,,
,,,,,NL,0,0,0.0,0.0,0,0,0.00,,,,,,,
,,,,,PL,0,0,0.0,0.0,0,0,0.00,,,,,,,
,,,,,PT,0,0,0.0,0.0,0,0,0.00,,,,,,,
,,,,,RO,0,0,0.0,0.0,0,0,0.00,,,,,,,
,,,,,SE,0,0,0.0,0.0,0,0,0.00,,,,,,,
,,,,,SI,0,0,0.0,0.0,0,0,0.00,,,,,,,
,,,,,SK,0,0,0.0,0.0,0,0,0.00,,,,,,,
All,Facebook,2025-07-01/2025-12-31,STATEMENT_CATEGORY_DATA_PROTECTION_AND_PRIVACY_VIOLATIONS,,AT,0,0,0.0,0.0,0,0,0.00,,,,,,,
,,,,,BE,0,0,0.0,0.0,0,0,0.00,,,,,,,
,,,,,BG,0,0,0.0,0.0,0,0,0.00,,,,,,,
,,,,,CY,0,0,0.0,0.0,0,0,0.00,,,,,,,
,,,,,CZ,0,0,0.0,0.0,0,0,0.00,,,,,,,
,,,,,DE,0,0,0.0,0.0,0,0,0.00,,,,,,,
,,,,,DK,0,0,0.0,0.0,0,0,0.00,,,,,,,
,,,,,EE,0,0,0.0,0.0,0,0,0.00,,,,,,,
,,,,,EL,0,0,0.0,0.0,0,0,0.00,,,,,,,
,,,,,ES,0,0,0.0,0.0,0,0,0.00,,,,,,,
,,,,,FI,0,0,0.0,0.0,0,0,0.00,,,,,,,
,,,,,FR,0,0,0.0,0.0,0,0,0.00,,,,,,,
,,,,,HR,0,0,0.0,0.0,0,0,0.00,,,,,,,
,,,,,HU,0,0,0.0,0.0,0,0,0.00,,,,,,,
,,,,,IE,0,0,0.0,0.0,0,0,0.00,,,,,,,
,,,,,IT,0,0,0.0,0.0,0,0,0.00,,,,,,,
,,,,,LT,0,0,0.0,0.0,0,0,0.00,,,,,,,
,,,,,LU,0,0,0.0,0.0,0,0,0.00,,,,,,,
,,,,,LV,0,0,0.0,0.0,0,0,0.00,,,,,,,
,,,,,MT,0,0,0.0,0.0,0,0,0.00,,,,,,,
,,,,,NL,0,0,0.0,0.0,0,0,0.00,,,,,,,
,,,,,PL,0,0,0.0,0.0,0,0,0.00,,,,,,,
,,,,,PT,0,0,0.0,0.0,0,0,0.00,,,,,,,
,,,,,RO,0,0,0.0,0.0,0,0,0.00,,,,,,,
,,,,,SE,0,0,0.0,0.0,0,0,0.00,,,,,,,
,,,,,SI,0,0,0.0,0.0,0,0,0.00,,,,,,,
,,,,,SK,0,0,0.0,0.0,0,0,0.00,,,,,,,
All,Facebook,2025-07-01/2025-12-31,KEYWORD_BIOMETRIC_DATA_BREACH,,AT,0,0,0.0,0.0,0,0,0.00,,,,,,,
,,,,,BE,0,0,0.0,0.0,0,0,0.00,,,,,,,
,,,,,BG,0,0,0.0,0.0,0,0,0.00,,,,,,,
,,,,,CY,0,0,0.0,0.0,0,0,0.00,,,,,,,
,,,,,CZ,0,0,0.0,0.0,0,0,0.00,,,,,,,
,,,,,DE,0,0,0.0,0.0,0,0,0.00,,,,,,,
,,,,,DK,0,0,0.0,0.0,0,0,0.00,,,,,,,
,,,,,EE,0,0,0.0,0.0,0,0,0.00,,,,,,,
,,,,,EL,0,0,0.0,0.0,0,0,0.00,,,,,,,
,,,,,ES,0,0,0.0,0.0,0,0,0.00,,,,,,,
,,,,,FI,0,0,0.0,0.0,0,0,0.00,,,,,,,
,,,,,FR,0,0,0.0,0.0,0,0,0.00,,,,,,,
,,,,,HR,0,0,0.0,0.0,0,0,0.00,,,,,,,
,,,,,HU,0,0,0.0,0.0,0,0,0.00,,,,,,,
,,,,,IE,0,0,0.0,0.0,0,0,0.00,,,,,,,
,,,,,IT,0,0,0.0,0.0,0,0,0.00,,,,,,,
,,,,,LT,0,0,0.0,0.0,0,0,0.00,,,,,,,
,,,,,LU,0,0,0.0,0.0,0,0,0.00,,,,,,,
,,,,,LV,0,0,0.0,0.0,0,0,0.00,,,,,,,
,,,,,MT,0,0,0.0,0.0,0,0,0.00,,,,,,,
,,,,,NL,0,0,0.0,0.0,0,0,0.00,,,,,,,
,,,,,PL,0,0,0.0,0.0,0,0,0.00,,,,,,,
,,,,,PT,0,0,0.0,0.0,0,0,0.00,,,,,,,
,,,,,RO,0,0,0.0,0.0,0,0,0.00,,,,,,,
,,,,,SE,0,0,0.0,0.0,0,0,0.00,,,,,,,
,,,,,SI,0,0,0.0,0.0,0,0,0.00,,,,,,,
,,,,,SK,0,0,0.0,0.0,0,0,0.00,,,,,,,
All,Facebook,2025-07-01/2025-12-31,KEYWORD_DATA_FALSIFICATION,,AT,0,0,0.0,0.0,0,0,0.00,,,,,,,
,,,,,BE,0,0,0.0,0.0,0,0,0.00,,,,,,,
,,,,,BG,0,0,0.0,0.0,0,0,0.00,,,,,,,
,,,,,CY,0,0,0.0,0.0,0,0,0.00,,,,,,,
,,,,,CZ,0,0,0.0,0.0,0,0,0.00,,,,,,,
,,,,,DE,0,0,0.0,0.0,0,0,0.00,,,,,,,
,,,,,DK,0,0,0.0,0.0,0,0,0.00,,,,,,,
,,,,,EE,0,0,0.0,0.0,0,0,0.00,,,,,,,
,,,,,EL,0,0,0.0,0.0,0,0,0.00,,,,,,,
,,,,,ES,0,0,0.0,0.0,0,0,0.00,,,,,,,
,,,,,FI,0,0,0.0,0.0,0,0,0.00,,,,,,,
,,,,,FR,0,0,0.0,0.0,0,0,0.00,,,,,,,
,,,,,HR,0,0,0.0,0.0,0,0,0.00,,,,,,,
,,,,,HU,0,0,0.0,0.0,0,0,0.00,,,,,,,
,,,,,IE,0,0,0.0,0.0,0,0,0.00,,,,,,,
,,,,,IT,0,0,0.0,0.0,0,0,0.00,,,,,,,
,,,,,LT,0,0,0.0,0.0,0,0,0.00,,,,,,,
,,,,,LU,0,0,0.0,0.0,0,0,0.00,,,,,,,
,,,,,LV,0,0,0.0,0.0,0,0,0.00,,,,,,,
,,,,,MT,0,0,0.0,0.0,0,0,0.00,,,,,,,
,,,,,NL,0,0,0.0,0.0,0,0,0.00,,,,,,,
,,,,,PL,0,0,0.0,0.0,0,0,0.00,,,,,,,
,,,,,PT,0,0,0.0,0.0,0,0,0.00,,,,,,,
,,,,,RO,0,0,0.0,0.0,0,0,0.00,,,,,,,
,,,,,SE,0,0,0.0,0.0,0,0,0.00,,,,,,,
,,,,,SI,0,0,0.0,0.0,0,0,0.00,,,,,,,
,,,,,SK,0,0,0.0,0.0,0,0,0.00,,,,,,,
All,Facebook,2025-07-01/2025-12-31,KEYWORD_MISSING_PROCESSING_GROUND,,AT,0,0,0.0,0.0,0,0,0.00,,,,,,,
,,,,,BE,0,0,0.0,0.0,0,0,0.00,,,,,,,
,,,,,BG,0,0,0.0,0.0,0,0,0.00,,,,,,,
,,,,,CY,0,0,0.0,0.0,0,0,0.00,,,,,,,
,,,,,CZ,0,0,0.0,0.0,0,0,0.00,,,,,,,
,,,,,DE,0,0,0.0,0.0,0,0,0.00,,,,,,,
,,,,,DK,0,0,0.0,0.0,0,0,0.00,,,,,,,
,,,,,EE,0,0,0.0,0.0,0,0,0.00,,,,,,,
,,,,,EL,0,0,0.0,0.0,0,0,0.00,,,,,,,
,,,,,ES,0,0,0.0,0.0,0,0,0.00,,,,,,,
,,,,,FI,0,0,0.0,0.0,0,0,0.00,,,,,,,
,,,,,FR,0,0,0.0,0.0,0,0,0.00,,,,,,,
,,,,,HR,0,0,0.0,0.0,0,0,0.00,,,,,,,
,,,,,HU,0,0,0.0,0.0,0,0,0.00,,,,,,,
,,,,,IE,0,0,0.0,0.0,0,0,0.00,,,,,,,
,,,,,IT,0,0,0.0,0.0,0,0,0.00,,,,,,,
,,,,,LT,0,0,0.0,0.0,0,0,0.00,,,,,,,
,,,,,LU,0,0,0.0,0.0,0,0,0.00,,,,,,,
,,,,,LV,0,0,0.0,0.0,0,0,0.00,,,,,,,
,,,,,MT,0,0,0.0,0.0,0,0,0.00,,,,,,,
,,,,,NL,0,0,0.0,0.0,0,0,0.00,,,,,,,
,,,,,PL,0,0,0.0,0.0,0,0,0.00,,,,,,,
,,,,,PT,0,0,0.0,0.0,0,0,0.00,,,,,,,
,,,,,RO,0,0,0.0,0.0,0,0,0.00,,,,,,,
,,,,,SE,0,0,0.0,0.0,0,0,0.00,,,,,,,
,,,,,SI,0,0,0.0,0.0,0,0,0.00,,,,,,,
,,,,,SK,0,0,0.0,0.0,0,0,0.00,,,,,,,
All,Facebook,2025-07-01/2025-12-31,KEYWORD_RIGHT_TO_BE_FORGOTTEN,,AT,0,0,0.0,0.0,0,0,0.00,,,,,,,
,,,,,BE,0,0,0.0,0.0,0,0,0.00,,,,,,,
,,,,,BG,0,0,0.0,0.0,0,0,0.00,,,,,,,
,,,,,CY,0,0,0.0,0.0,0,0,0.00,,,,,,,
,,,,,CZ,0,0,0.0,0.0,0,0,0.00,,,,,,,
,,,,,DE,0,0,0.0,0.0,0,0,0.00,,,,,,,
,,,,,DK,0,0,0.0,0.0,0,0,0.00,,,,,,,
,,,,,EE,0,0,0.0,0.0,0,0,0.00,,,,,,,
,,,,,EL,0,0,0.0,0.0,0,0,0.00,,,,,,,
,,,,,ES,0,0,0.0,0.0,0,0,0.00,,,,,,,
,,,,,FI,0,0,0.0,0.0,0,0,0.00,,,,,,,
,,,,,FR,0,0,0.0,0.0,0,0,0.00,,,,,,,
,,,,,HR,0,0,0.0,0.0,0,0,0.00,,,,,,,
,,,,,HU,0,0,0.0,0.0,0,0,0.00,,,,,,,
,,,,,IE,0,0,0.0,0.0,0,0,0.00,,,,,,,
,,,,,IT,0,0,0.0,0.0,0,0,0.00,,,,,,,
,,,,,LT,0,0,0.0,0.0,0,0,0.00,,,,,,,
,,,,,LU,0,0,0.0,0.0,0,0,0.00,,,,,,,
,,,,,LV,0,0,0.0,0.0,0,0,0.00,,,,,,,
,,,,,MT,0,0,0.0,0.0,0,0,0.00,,,,,,,
,,,,,NL,0,0,0.0,0.0,0,0,0.00,,,,,,,
,,,,,PL,0,0,0.0,0.0,0,0,0.00,,,,,,,
,,,,,PT,0,0,0.0,0.0,0,0,0.00,,,,,,,
,,,,,RO,0,0,0.0,0.0,0,0,0.00,,,,,,,
,,,,,SE,0,0,0.0,0.0,0,0,0.00,,,,,,,
,,,,,SI,0,0,0.0,0.0,0,0,0.00,,,,,,,
,,,,,SK,0,0,0.0,0.0,0,0,0.00,,,,,,,
All,Facebook,2025-07-01/2025-12-31,KEYWORD_OTHER_PRIVACY,Added category to record Article 9 member state order submissions alleging privacy violations.,AT,0,0,0.0,0.0,0,0,0.00,,,,,,,
,,,,,BE,0,0,0.0,0.0,0,0,0.00,,,,,,,
,,,,,BG,0,0,0.0,0.0,0,0,0.00,,,,,,,
,,,,,CY,0,0,0.0,0.0,0,0,0.00,,,,,,,
,,,,,CZ,0,0,0.0,0.0,0,0,0.00,,,,,,,
,,,,,DE,0,0,0.0,0.0,0,0,0.00,,,,,,,
,,,,,DK,0,0,0.0,0.0,0,0,0.00,,,,,,,
,,,,,EE,0,0,0.0,0.0,0,0,0.00,,,,,,,
,,,,,EL,0,0,0.0,0.0,0,0,0.00,,,,,,,
,,,,,ES,0,0,0.0,0.0,0,0,0.00,,,,,,,
,,,,,FI,0,0,0.0,0.0,0,0,0.00,,,,,,,
,,,,,FR,0,0,0.0,0.0,0,0,0.00,,,,,,,
,,,,,HR,0,0,0.0,0.0,0,0,0.00,,,,,,,
,,,,,HU,0,0,0.0,0.0,0,0,0.00,,,,,,,
,,,,,IE,0,0,0.0,0.0,0,0,0.00,,,,,,,
,,,,,IT,0,0,0.0,0.0,0,0,0.00,,,,,,,
,,,,,LT,0,0,0.0,0.0,0,0,0.00,,,,,,,
,,,,,LU,0,0,0.0,0.0,0,0,0.00,,,,,,,
,,,,,LV,0,0,0.0,0.0,0,0,0.00,,,,,,,
,,,,,MT,0,0,0.0,0.0,0,0,0.00,,,,,,,
,,,,,NL,0,0,0.0,0.0,0,0,0.00,,,,,,,
,,,,,PL,0,0,0.0,0.0,0,0,0.00,,,,,,,
,,,,,PT,0,0,0.0,0.0,0,0,0.00,,,,,,,
,,,,,RO,0,0,0.0,0.0,0,0,0.00,,,,,,,
,,,,,SE,0,0,0.0,0.0,0,0,0.00,,,,,,,
,,,,,SI,0,0,0.0,0.0,0,0,0.00,,,,,,,
,,,,,SK,0,0,0.0,0.0,0,0,0.00,,,,,,,
All,Facebook,2025-07-01/2025-12-31,KEYWORD_OTHER_DATA_PROTECTION,Added category to record Article 9 member state order submissions alleging data protection violations.,AT,0,0,0.0,0.0,0,0,0.00,,,,,,,
,,,,,BE,0,0,0.0,0.0,0,0,0.00,,,,,,,
,,,,,BG,0,0,0.0,0.0,0,0,0.00,,,,,,,
,,,,,CY,0,0,0.0,0.0,0,0,0.00,,,,,,,
,,,,,CZ,0,0,0.0,0.0,0,0,0.00,,,,,,,
,,,,,DE,0,0,0.0,0.0,0,0,0.00,,,,,,,
,,,,,DK,0,0,0.0,0.0,0,0,0.00,,,,,,,
,,,,,EE,0,0,0.0,0.0,0,0,0.00,,,,,,,
,,,,,EL,0,0,0.0,0.0,0,0,0.00,,,,,,,
,,,,,ES,0,0,0.0,0.0,0,0,0.00,,,,,,,
,,,,,FI,0,0,0.0,0.0,0,0,0.00,,,,,,,
,,,,,FR,0,0,0.0,0.0,0,0,0.00,,,,,,,
,,,,,HR,0,0,0.0,0.0,0,0,0.00,,,,,,,
,,,,,HU,0,0,0.0,0.0,0,0,0.00,,,,,,,
,,,,,IE,0,0,0.0,0.0,0,0,0.00,,,,,,,
,,,,,IT,0,0,0.0,0.0,0,0,0.00,,,,,,,
,,,,,LT,0,0,0.0,0.0,0,0,0.00,,,,,,,
,,,,,LU,0,0,0.0,0.0,0,0,0.00,,,,,,,
,,,,,LV,0,0,0.0,0.0,0,0,0.00,,,,,,,
,,,,,MT,0,0,0.0,0.0,0,0,0.00,,,,,,,
,,,,,NL,0,0,0.0,0.0,0,0,0.00,,,,,,,
,,,,,PL,0,0,0.0,0.0,0,0,0.00,,,,,,,
,,,,,PT,0,0,0.0,0.0,0,0,0.00,,,,,,,
,,,,,RO,0,0,0.0,0.0,0,0,0.00,,,,,,,
,,,,,SE,0,0,0.0,0.0,0,0,0.00,,,,,,,
,,,,,SI,0,0,0.0,0.0,0,0,0.00,,,,,,,
,,,,,SK,0,0,0.0,0.0,0,0,0.00,,,,,,,
All,Facebook,2025-07-01/2025-12-31,STATEMENT_CATEGORY_ILLEGAL_OR_HARMFUL_SPEECH,,AT,0,0,0.0,0.0,0,0,0.00,,,,,,,
,,,,,BE,1,1,0.0,0.1,0,0,0.00,,,,,,,
,,,,,BG,11,11,0.0,97.7,0,0,0.00,,,,,,,
,,,,,CY,4,4,0.0,,0,0,0.00,,,,,,,
,,,,,CZ,0,0,0.0,0.0,0,0,0.00,,,,,,,
,,,,,DE,200,254,0.0,27.0,522,0,171.49,,,,,,,
,,,,,DK,0,0,0.0,0.0,0,0,0.00,,,,,,,
,,,,,EE,0,0,0.0,0.0,0,0,0.00,,,,,,,
,,,,,EL,3,5,0.0,,2,0,,,,,,,,
,,,,,ES,0,0,0.0,0.0,0,0,0.00,,,,,,,
,,,,,FI,0,0,0.0,0.0,0,0,0.00,,,,,,,
,,,,,FR,1,1,0.0,96.7,43,0,164.78,,,,,,,
,,,,,HR,0,0,0.0,0.0,0,0,0.00,,,,,,,
,,,,,HU,0,0,0.0,0.0,6,0,,,,,,,,
,,,,,IE,0,0,0.0,0.0,0,0,0.00,,,,,,,
,,,,,IT,6,8,0.0,0.4,28,0,120.74,,,,,,,
,,,,,LT,3,3,0.0,,0,0,0.00,,,,,,,
,,,,,LU,0,0,0.0,0.0,0,0,0.00,,,,,,,
,,,,,LV,0,0,0.0,0.0,0,0,0.00,,,,,,,
,,,,,MT,1,1,0.0,,0,0,0.00,,,,,,,
,,,,,NL,0,0,0.0,0.0,0,0,0.00,,,,,,,
,,,,,PL,1,1,0.0,,57,0,379.45,,,,,,,
,,,,,PT,0,0,0.0,0.0,11,0,,,,,,,,
,,,,,RO,0,0,0.0,0.0,3,0,75.03,,,,,,,
,,,,,SE,0,0,0.0,0.0,0,0,0.00,,,,,,,
,,,,,SI,0,0,0.0,0.0,0,0,0.00,,,,,,,
,,,,,SK,0,0,0.0,0.0,0,0,0.00,,,,,,,
All,Facebook,2025-07-01/2025-12-31,KEYWORD_DEFAMATION,,AT,0,0,0.0,0.0,0,0,0.00,,,,,,,
,,,,,BE,0,0,0.0,0.0,0,0,0.00,,,,,,,
,,,,,BG,0,0,0.0,0.0,0,0,0.00,,,,,,,
,,,,,CY,0,0,0.0,0.0,0,0,0.00,,,,,,,
,,,,,CZ,0,0,0.0,0.0,0,0,0.00,,,,,,,
,,,,,DE,0,0,0.0,0.0,81,0,134.30,,,,,,,
,,,,,DK,0,0,0.0,0.0,0,0,0.00,,,,,,,
,,,,,EE,0,0,0.0,0.0,0,0,0.00,,,,,,,
,,,,,EL,0,0,0.0,0.0,1,0,,,,,,,,
,,,,,ES,0,0,0.0,0.0,0,0,0.00,,,,,,,
,,,,,FI,0,0,0.0,0.0,0,0,0.00,,,,,,,
,,,,,FR,0,0,0.0,0.0,40,0,,,,,,,,
,,,,,HR,0,0,0.0,0.0,0,0,0.00,,,,,,,
,,,,,HU,0,0,0.0,0.0,5,0,,,,,,,,
,,,,,IE,0,0,0.0,0.0,0,0,0.00,,,,,,,
,,,,,IT,0,0,0.0,0.0,26,0,,,,,,,,
,,,,,LT,0,0,0.0,0.0,0,0,0.00,,,,,,,
,,,,,LU,0,0,0.0,0.0,0,0,0.00,,,,,,,
,,,,,LV,0,0,0.0,0.0,0,0,0.00,,,,,,,
,,,,,MT,0,0,0.0,0.0,0,0,0.00,,,,,,,
,,,,,NL,0,0,0.0,0.0,0,0,0.00,,,,,,,
,,,,,PL,0,0,0.0,0.0,47,0,379.45,,,,,,,
,,,,,PT,0,0,0.0,0.0,11,0,,,,,,,,
,,,,,RO,0,0,0.0,0.0,0,0,0.00,,,,,,,
,,,,,SE,0,0,0.0,0.0,0,0,0.00,,,,,,,
,,,,,SI,0,0,0.0,0.0,0,0,0.00,,,,,,,
,,,,,SK,0,0,0.0,0.0,0,0,0.00,,,,,,,
All,Facebook,2025-07-01/2025-12-31,KEYWORD_DISCRIMINATION,,AT,0,0,0.0,0.0,0,0,0.00,,,,,,,
,,,,,BE,0,0,0.0,0.0,0,0,0.00,,,,,,,
,,,,,BG,0,0,0.0,0.0,0,0,0.00,,,,,,,
,,,,,CY,0,0,0.0,0.0,0,0,0.00,,,,,,,
,,,,,CZ,0,0,0.0,0.0,0,0,0.00,,,,,,,
,,,,,DE,0,0,0.0,0.0,0,0,0.00,,,,,,,
,,,,,DK,0,0,0.0,0.0,0,0,0.00,,,,,,,
,,,,,EE,0,0,0.0,0.0,0,0,0.00,,,,,,,
,,,,,EL,0,0,0.0,0.0,0,0,0.00,,,,,,,
,,,,,ES,0,0,0.0,0.0,0,0,0.00,,,,,,,
,,,,,FI,0,0,0.0,0.0,0,0,0.00,,,,,,,
,,,,,FR,0,0,0.0,0.0,0,0,0.00,,,,,,,
,,,,,HR,0,0,0.0,0.0,0,0,0.00,,,,,,,
,,,,,HU,0,0,0.0,0.0,0,0,0.00,,,,,,,
,,,,,IE,0,0,0.0,0.0,0,0,0.00,,,,,,,
,,,,,IT,0,0,0.0,0.0,0,0,0.00,,,,,,,
,,,,,LT,0,0,0.0,0.0,0,0,0.00,,,,,,,
,,,,,LU,0,0,0.0,0.0,0,0,0.00,,,,,,,
,,,,,LV,0,0,0.0,0.0,0,0,0.00,,,,,,,
,,,,,MT,0,0,0.0,0.0,0,0,0.00,,,,,,,
,,,,,NL,0,0,0.0,0.0,0,0,0.00,,,,,,,
,,,,,PL,0,0,0.0,0.0,0,0,0.00,,,,,,,
,,,,,PT,0,0,0.0,0.0,0,0,0.00,,,,,,,
,,,,,RO,0,0,0.0,0.0,0,0,0.00,,,,,,,
,,,,,SE,0,0,0.0,0.0,0,0,0.00,,,,,,,
,,,,,SI,0,0,0.0,0.0,0,0,0.00,,,,,,,
,,,,,SK,0,0,0.0,0.0,0,0,0.00,,,,,,,
All,Facebook,2025-07-01/2025-12-31,KEYWORD_HATE_SPEECH,,AT,0,0,0.0,0.0,0,0,0.00,,,,,,,
,,,,,BE,1,1,0.0,0.1,0,0,0.00,,,,,,,
,,,,,BG,11,11,0.0,97.7,0,0,0.00,,,,,,,
,,,,,CY,4,4,0.0,,0,0,0.00,,,,,,,
,,,,,CZ,0,0,0.0,0.0,0,0,0.00,,,,,,,
,,,,,DE,200,254,0.0,27.0,441,0,177.48,,,,,,,
,,,,,DK,0,0,0.0,0.0,0,0,0.00,,,,,,,
,,,,,EE,0,0,0.0,0.0,0,0,0.00,,,,,,,
,,,,,EL,3,5,0.0,,1,0,,,,,,,,
,,,,,ES,0,0,0.0,0.0,0,0,0.00,,,,,,,
,,,,,FI,0,0,0.0,0.0,0,0,0.00,,,,,,,
,,,,,FR,1,1,0.0,96.7,3,0,164.78,,,,,,,
,,,,,HR,0,0,0.0,0.0,0,0,0.00,,,,,,,
,,,,,HU,0,0,0.0,0.0,1,0,,,,,,,,
,,,,,IE,0,0,0.0,0.0,0,0,0.00,,,,,,,
,,,,,IT,6,8,0.0,0.4,2,0,120.74,,,,,,,
,,,,,LT,3,3,0.0,,0,0,0.00,,,,,,,
,,,,,LU,0,0,0.0,0.0,0,0,0.00,,,,,,,
,,,,,LV,0,0,0.0,0.0,0,0,0.00,,,,,,,
,,,,,MT,1,1,0.0,,0,0,0.00,,,,,,,
,,,,,NL,0,0,0.0,0.0,0,0,0.00,,,,,,,
,,,,,PL,1,1,0.0,,10,0,,,,,,,,
,,,,,PT,0,0,0.0,0.0,0,0,0.00,,,,,,,
,,,,,RO,0,0,0.0,0.0,3,0,75.03,,,,,,,
,,,,,SE,0,0,0.0,0.0,0,0,0.00,,,,,,,
,,,,,SI,0,0,0.0,0.0,0,0,0.00,,,,,,,
,,,,,SK,0,0,0.0,0.0,0,0,0.00,,,,,,,
All,Facebook,2025-07-01/2025-12-31,KEYWORD_OTHER_PROFANITY,This row was added for use in other parts of our report. We have included it here for consistency across the report.,AT,0,0,0.0,0.0,0,0,0.00,,,,,,,
,,,,,BE,0,0,0.0,0.0,0,0,0.00,,,,,,,
,,,,,BG,0,0,0.0,0.0,0,0,0.00,,,,,,,
,,,,,CY,0,0,0.0,0.0,0,0,0.00,,,,,,,
,,,,,CZ,0,0,0.0,0.0,0,0,0.00,,,,,,,
,,,,,DE,0,0,0.0,0.0,0,0,0.00,,,,,,,
,,,,,DK,0,0,0.0,0.0,0,0,0.00,,,,,,,
,,,,,EE,0,0,0.0,0.0,0,0,0.00,,,,,,,
,,,,,EL,0,0,0.0,0.0,0,0,0.00,,,,,,,
,,,,,ES,0,0,0.0,0.0,0,0,0.00,,,,,,,
,,,,,FI,0,0,0.0,0.0,0,0,0.00,,,,,,,
,,,,,FR,0,0,0.0,0.0,0,0,0.00,,,,,,,
,,,,,HR,0,0,0.0,0.0,0,0,0.00,,,,,,,
,,,,,HU,0,0,0.0,0.0,0,0,0.00,,,,,,,
,,,,,IE,0,0,0.0,0.0,0,0,0.00,,,,,,,
,,,,,IT,0,0,0.0,0.0,0,0,0.00,,,,,,,
,,,,,LT,0,0,0.0,0.0,0,0,0.00,,,,,,,
,,,,,LU,0,0,0.0,0.0,0,0,0.00,,,,,,,
,,,,,LV,0,0,0.0,0.0,0,0,0.00,,,,,,,
,,,,,MT,0,0,0.0,0.0,0,0,0.00,,,,,,,
,,,,,NL,0,0,0.0,0.0,0,0,0.00,,,,,,,
,,,,,PL,0,0,0.0,0.0,0,0,0.00,,,,,,,
,,,,,PT,0,0,0.0,0.0,0,0,0.00,,,,,,,
,,,,,RO,0,0,0.0,0.0,0,0,0.00,,,,,,,
,,,,,SE,0,0,0.0,0.0,0,0,0.00,,,,,,,
,,,,,SI,0,0,0.0,0.0,0,0,0.00,,,,,,,
,,,,,SK,0,0,0.0,0.0,0,0,0.00,,,,,,,
All,Facebook,2025-07-01/2025-12-31,KEYWORD_OTHER_ILLEGALITY,This row was added for use in other parts of our report. We have included it here for consistency across the report.,AT,0,0,0.0,0.0,0,0,0.00,,,,,,,
,,,,,BE,0,0,0.0,0.0,0,0,0.00,,,,,,,
,,,,,BG,0,0,0.0,0.0,0,0,0.00,,,,,,,
,,,,,CY,0,0,0.0,0.0,0,0,0.00,,,,,,,
,,,,,CZ,0,0,0.0,0.0,0,0,0.00,,,,,,,
,,,,,DE,0,0,0.0,0.0,0,0,0.00,,,,,,,
,,,,,DK,0,0,0.0,0.0,0,0,0.00,,,,,,,
,,,,,EE,0,0,0.0,0.0,0,0,0.00,,,,,,,
,,,,,EL,0,0,0.0,0.0,0,0,0.00,,,,,,,
,,,,,ES,0,0,0.0,0.0,0,0,0.00,,,,,,,
,,,,,FI,0,0,0.0,0.0,0,0,0.00,,,,,,,
,,,,,FR,0,0,0.0,0.0,0,0,0.00,,,,,,,
,,,,,HR,0,0,0.0,0.0,0,0,0.00,,,,,,,
,,,,,HU,0,0,0.0,0.0,0,0,0.00,,,,,,,
,,,,,IE,0,0,0.0,0.0,0,0,0.00,,,,,,,
,,,,,IT,0,0,0.0,0.0,0,0,0.00,,,,,,,
,,,,,LT,0,0,0.0,0.0,0,0,0.00,,,,,,,
,,,,,LU,0,0,0.0,0.0,0,0,0.00,,,,,,,
,,,,,LV,0,0,0.0,0.0,0,0,0.00,,,,,,,
,,,,,MT,0,0,0.0,0.0,0,0,0.00,,,,,,,
,,,,,NL,0,0,0.0,0.0,0,0,0.00,,,,,,,
,,,,,PL,0,0,0.0,0.0,0,0,0.00,,,,,,,
,,,,,PT,0,0,0.0,0.0,0,0,0.00,,,,,,,
,,,,,RO,0,0,0.0,0.0,0,0,0.00,,,,,,,
,,,,,SE,0,0,0.0,0.0,0,0,0.00,,,,,,,
,,,,,SI,0,0,0.0,0.0,0,0,0.00,,,,,,,
,,,,,SK,0,0,0.0,0.0,0,0,0.00,,,,,,,
All,Facebook,2025-07-01/2025-12-31,STATEMENT_CATEGORY_INTELLECTUAL_PROPERTY_INFRINGEMENTS,,AT,0,0,0.0,0.0,0,0,0.00,,,,,,,
,,,,,BE,0,0,0.0,0.0,0,0,0.00,,,,,,,
,,,,,BG,0,0,0.0,0.0,0,0,0.00,,,,,,,
,,,,,CY,0,0,0.0,0.0,0,0,0.00,,,,,,,
,,,,,CZ,0,0,0.0,0.0,0,0,0.00,,,,,,,
,,,,,DE,0,0,0.0,0.0,5,0,49.19,,,,,,,
,,,,,DK,0,0,0.0,0.0,0,0,0.00,,,,,,,
,,,,,EE,0,0,0.0,0.0,0,0,0.00,,,,,,,
,,,,,EL,0,0,0.0,0.0,0,0,0.00,,,,,,,
,,,,,ES,0,0,0.0,0.0,0,0,0.00,,,,,,,
,,,,,FI,0,0,0.0,0.0,0,0,0.00,,,,,,,
,,,,,FR,0,0,0.0,0.0,6,0,164.43,,,,,,,
,,,,,HR,0,0,0.0,0.0,0,0,0.00,,,,,,,
,,,,,HU,0,0,0.0,0.0,0,0,0.00,,,,,,,
,,,,,IE,0,0,0.0,0.0,0,0,0.00,,,,,,,
,,,,,IT,0,0,0.0,0.0,0,0,0.00,,,,,,,
,,,,,LT,0,0,0.0,0.0,0,0,0.00,,,,,,,
,,,,,LU,0,0,0.0,0.0,0,0,0.00,,,,,,,
,,,,,LV,0,0,0.0,0.0,0,0,0.00,,,,,,,
,,,,,MT,0,0,0.0,0.0,0,0,0.00,,,,,,,
,,,,,NL,0,0,0.0,0.0,0,0,0.00,,,,,,,
,,,,,PL,0,0,0.0,0.0,8,0,88.47,,,,,,,
,,,,,PT,0,0,0.0,0.0,0,0,0.00,,,,,,,
,,,,,RO,0,0,0.0,0.0,1,0,73.57,,,,,,,
,,,,,SE,0,0,0.0,0.0,0,0,0.00,,,,,,,
,,,,,SI,0,0,0.0,0.0,0,0,0.00,,,,,,,
,,,,,SK,0,0,0.0,0.0,0,0,0.00,,,,,,,
All,Facebook,2025-07-01/2025-12-31,KEYWORD_COPYRIGHT_INFRINGEMENT,,AT,0,0,0.0,0.0,0,0,0.00,,,,,,,
,,,,,BE,0,0,0.0,0.0,0,0,0.00,,,,,,,
,,,,,BG,0,0,0.0,0.0,0,0,0.00,,,,,,,
,,,,,CY,0,0,0.0,0.0,0,0,0.00,,,,,,,
,,,,,CZ,0,0,0.0,0.0,0,0,0.00,,,,,,,
,,,,,DE,0,0,0.0,0.0,0,0,0.00,,,,,,,
,,,,,DK,0,0,0.0,0.0,0,0,0.00,,,,,,,
,,,,,EE,0,0,0.0,0.0,0,0,0.00,,,,,,,
,,,,,EL,0,0,0.0,0.0,0,0,0.00,,,,,,,
,,,,,ES,0,0,0.0,0.0,0,0,0.00,,,,,,,
,,,,,FI,0,0,0.0,0.0,0,0,0.00,,,,,,,
,,,,,FR,0,0,0.0,0.0,0,0,0.00,,,,,,,
,,,,,HR,0,0,0.0,0.0,0,0,0.00,,,,,,,
,,,,,HU,0,0,0.0,0.0,0,0,0.00,,,,,,,
,,,,,IE,0,0,0.0,0.0,0,0,0.00,,,,,,,
,,,,,IT,0,0,0.0,0.0,0,0,0.00,,,,,,,
,,,,,LT,0,0,0.0,0.0,0,0,0.00,,,,,,,
,,,,,LU,0,0,0.0,0.0,0,0,0.00,,,,,,,
,,,,,LV,0,0,0.0,0.0,0,0,0.00,,,,,,,
,,,,,MT,0,0,0.0,0.0,0,0,0.00,,,,,,,
,,,,,NL,0,0,0.0,0.0,0,0,0.00,,,,,,,
,,,,,PL,0,0,0.0,0.0,0,0,0.00,,,,,,,
,,,,,PT,0,0,0.0,0.0,0,0,0.00,,,,,,,
,,,,,RO,0,0,0.0,0.0,0,0,0.00,,,,,,,
,,,,,SE,0,0,0.0,0.0,0,0,0.00,,,,,,,
,,,,,SI,0,0,0.0,0.0,0,0,0.00,,,,,,,
,,,,,SK,0,0,0.0,0.0,0,0,0.00,,,,,,,
All,Facebook,2025-07-01/2025-12-31,KEYWORD_DESIGN_INFRINGEMENT,,AT,0,0,0.0,0.0,0,0,0.00,,,,,,,
,,,,,BE,0,0,0.0,0.0,0,0,0.00,,,,,,,
,,,,,BG,0,0,0.0,0.0,0,0,0.00,,,,,,,
,,,,,CY,0,0,0.0,0.0,0,0,0.00,,,,,,,
,,,,,CZ,0,0,0.0,0.0,0,0,0.00,,,,,,,
,,,,,DE,0,0,0.0,0.0,0,0,0.00,,,,,,,
,,,,,DK,0,0,0.0,0.0,0,0,0.00,,,,,,,
,,,,,EE,0,0,0.0,0.0,0,0,0.00,,,,,,,
,,,,,EL,0,0,0.0,0.0,0,0,0.00,,,,,,,
,,,,,ES,0,0,0.0,0.0,0,0,0.00,,,,,,,
,,,,,FI,0,0,0.0,0.0,0,0,0.00,,,,,,,
,,,,,FR,0,0,0.0,0.0,0,0,0.00,,,,,,,
,,,,,HR,0,0,0.0,0.0,0,0,0.00,,,,,,,
,,,,,HU,0,0,0.0,0.0,0,0,0.00,,,,,,,
,,,,,IE,0,0,0.0,0.0,0,0,0.00,,,,,,,
,,,,,IT,0,0,0.0,0.0,0,0,0.00,,,,,,,
,,,,,LT,0,0,0.0,0.0,0,0,0.00,,,,,,,
,,,,,LU,0,0,0.0,0.0,0,0,0.00,,,,,,,
,,,,,LV,0,0,0.0,0.0,0,0,0.00,,,,,,,
,,,,,MT,0,0,0.0,0.0,0,0,0.00,,,,,,,
,,,,,NL,0,0,0.0,0.0,0,0,0.00,,,,,,,
,,,,,PL,0,0,0.0,0.0,0,0,0.00,,,,,,,
,,,,,PT,0,0,0.0,0.0,0,0,0.00,,,,,,,
,,,,,RO,0,0,0.0,0.0,0,0,0.00,,,,,,,
,,,,,SE,0,0,0.0,0.0,0,0,0.00,,,,,,,
,,,,,SI,0,0,0.0,0.0,0,0,0.00,,,,,,,
,,,,,SK,0,0,0.0,0.0,0,0,0.00,,,,,,,
All,Facebook,2025-07-01/2025-12-31,KEYWORD_GEOGRAPHIC_INDICATIONS_INFRINGEMENT,,AT,0,0,0.0,0.0,0,0,0.00,,,,,,,
,,,,,BE,0,0,0.0,0.0,0,0,0.00,,,,,,,
,,,,,BG,0,0,0.0,0.0,0,0,0.00,,,,,,,
,,,,,CY,0,0,0.0,0.0,0,0,0.00,,,,,,,
,,,,,CZ,0,0,0.0,0.0,0,0,0.00,,,,,,,
,,,,,DE,0,0,0.0,0.0,0,0,0.00,,,,,,,
,,,,,DK,0,0,0.0,0.0,0,0,0.00,,,,,,,
,,,,,EE,0,0,0.0,0.0,0,0,0.00,,,,,,,
,,,,,EL,0,0,0.0,0.0,0,0,0.00,,,,,,,
,,,,,ES,0,0,0.0,0.0,0,0,0.00,,,,,,,
,,,,,FI,0,0,0.0,0.0,0,0,0.00,,,,,,,
,,,,,FR,0,0,0.0,0.0,0,0,0.00,,,,,,,
,,,,,HR,0,0,0.0,0.0,0,0,0.00,,,,,,,
,,,,,HU,0,0,0.0,0.0,0,0,0.00,,,,,,,
,,,,,IE,0,0,0.0,0.0,0,0,0.00,,,,,,,
,,,,,IT,0,0,0.0,0.0,0,0,0.00,,,,,,,
,,,,,LT,0,0,0.0,0.0,0,0,0.00,,,,,,,
,,,,,LU,0,0,0.0,0.0,0,0,0.00,,,,,,,
,,,,,LV,0,0,0.0,0.0,0,0,0.00,,,,,,,
,,,,,MT,0,0,0.0,0.0,0,0,0.00,,,,,,,
,,,,,NL,0,0,0.0,0.0,0,0,0.00,,,,,,,
,,,,,PL,0,0,0.0,0.0,0,0,0.00,,,,,,,
,,,,,PT,0,0,0.0,0.0,0,0,0.00,,,,,,,
,,,,,RO,0,0,0.0,0.0,0,0,0.00,,,,,,,
,,,,,SE,0,0,0.0,0.0,0,0,0.00,,,,,,,
,,,,,SI,0,0,0.0,0.0,0,0,0.00,,,,,,,
,,,,,SK,0,0,0.0,0.0,0,0,0.00,,,,,,,
All,Facebook,2025-07-01/2025-12-31,KEYWORD_PATENT_INFRINGEMENT,,AT,0,0,0.0,0.0,0,0,0.00,,,,,,,
,,,,,BE,0,0,0.0,0.0,0,0,0.00,,,,,,,
,,,,,BG,0,0,0.0,0.0,0,0,0.00,,,,,,,
,,,,,CY,0,0,0.0,0.0,0,0,0.00,,,,,,,
,,,,,CZ,0,0,0.0,0.0,0,0,0.00,,,,,,,
,,,,,DE,0,0,0.0,0.0,0,0,0.00,,,,,,,
,,,,,DK,0,0,0.0,0.0,0,0,0.00,,,,,,,
,,,,,EE,0,0,0.0,0.0,0,0,0.00,,,,,,,
,,,,,EL,0,0,0.0,0.0,0,0,0.00,,,,,,,
,,,,,ES,0,0,0.0,0.0,0,0,0.00,,,,,,,
,,,,,FI,0,0,0.0,0.0,0,0,0.00,,,,,,,
,,,,,FR,0,0,0.0,0.0,0,0,0.00,,,,,,,
,,,,,HR,0,0,0.0,0.0,0,0,0.00,,,,,,,
,,,,,HU,0,0,0.0,0.0,0,0,0.00,,,,,,,
,,,,,IE,0,0,0.0,0.0,0,0,0.00,,,,,,,
,,,,,IT,0,0,0.0,0.0,0,0,0.00,,,,,,,
,,,,,LT,0,0,0.0,0.0,0,0,0.00,,,,,,,
,,,,,LU,0,0,0.0,0.0,0,0,0.00,,,,,,,
,,,,,LV,0,0,0.0,0.0,0,0,0.00,,,,,,,
,,,,,MT,0,0,0.0,0.0,0,0,0.00,,,,,,,
,,,,,NL,0,0,0.0,0.0,0,0,0.00,,,,,,,
,,,,,PL,0,0,0.0,0.0,0,0,0.00,,,,,,,
,,,,,PT,0,0,0.0,0.0,0,0,0.00,,,,,,,
,,,,,RO,0,0,0.0,0.0,0,0,0.00,,,,,,,
,,,,,SE,0,0,0.0,0.0,0,0,0.00,,,,,,,
,,,,,SI,0,0,0.0,0.0,0,0,0.00,,,,,,,
,,,,,SK,0,0,0.0,0.0,0,0,0.00,,,,,,,
All,Facebook,2025-07-01/2025-12-31,KEYWORD_TRADE_SECRET_INFRINGEMENT,,AT,0,0,0.0,0.0,0,0,0.00,,,,,,,
,,,,,BE,0,0,0.0,0.0,0,0,0.00,,,,,,,
,,,,,BG,0,0,0.0,0.0,0,0,0.00,,,,,,,
,,,,,CY,0,0,0.0,0.0,0,0,0.00,,,,,,,
,,,,,CZ,0,0,0.0,0.0,0,0,0.00,,,,,,,
,,,,,DE,0,0,0.0,0.0,0,0,0.00,,,,,,,
,,,,,DK,0,0,0.0,0.0,0,0,0.00,,,,,,,
,,,,,EE,0,0,0.0,0.0,0,0,0.00,,,,,,,
,,,,,EL,0,0,0.0,0.0,0,0,0.00,,,,,,,
,,,,,ES,0,0,0.0,0.0,0,0,0.00,,,,,,,
,,,,,FI,0,0,0.0,0.0,0,0,0.00,,,,,,,
,,,,,FR,0,0,0.0,0.0,0,0,0.00,,,,,,,
,,,,,HR,0,0,0.0,0.0,0,0,0.00,,,,,,,
,,,,,HU,0,0,0.0,0.0,0,0,0.00,,,,,,,
,,,,,IE,0,0,0.0,0.0,0,0,0.00,,,,,,,
,,,,,IT,0,0,0.0,0.0,0,0,0.00,,,,,,,
,,,,,LT,0,0,0.0,0.0,0,0,0.00,,,,,,,
,,,,,LU,0,0,0.0,0.0,0,0,0.00,,,,,,,
,,,,,LV,0,0,0.0,0.0,0,0,0.00,,,,,,,
,,,,,MT,0,0,0.0,0.0,0,0,0.00,,,,,,,
,,,,,NL,0,0,0.0,0.0,0,0,0.00,,,,,,,
,,,,,PL,0,0,0.0,0.0,0,0,0.00,,,,,,,
,,,,,PT,0,0,0.0,0.0,0,0,0.00,,,,,,,
,,,,,RO,0,0,0.0,0.0,0,0,0.00,,,,,,,
,,,,,SE,0,0,0.0,0.0,0,0,0.00,,,,,,,
,,,,,SI,0,0,0.0,0.0,0,0,0.00,,,,,,,
,,,,,SK,0,0,0.0,0.0,0,0,0.00,,,,,,,
All,Facebook,2025-07-01/2025-12-31,KEYWORD_TRADEMARK_INFRINGEMENT,,AT,0,0,0.0,0.0,0,0,0.00,,,,,,,
,,,,,BE,0,0,0.0,0.0,0,0,0.00,,,,,,,
,,,,,BG,0,0,0.0,0.0,0,0,0.00,,,,,,,
,,,,,CY,0,0,0.0,0.0,0,0,0.00,,,,,,,
,,,,,CZ,0,0,0.0,0.0,0,0,0.00,,,,,,,
,,,,,DE,0,0,0.0,0.0,0,0,0.00,,,,,,,
,,,,,DK,0,0,0.0,0.0,0,0,0.00,,,,,,,
,,,,,EE,0,0,0.0,0.0,0,0,0.00,,,,,,,
,,,,,EL,0,0,0.0,0.0,0,0,0.00,,,,,,,
,,,,,ES,0,0,0.0,0.0,0,0,0.00,,,,,,,
,,,,,FI,0,0,0.0,0.0,0,0,0.00,,,,,,,
,,,,,FR,0,0,0.0,0.0,0,0,0.00,,,,,,,
,,,,,HR,0,0,0.0,0.0,0,0,0.00,,,,,,,
,,,,,HU,0,0,0.0,0.0,0,0,0.00,,,,,,,
,,,,,IE,0,0,0.0,0.0,0,0,0.00,,,,,,,
,,,,,IT,0,0,0.0,0.0,0,0,0.00,,,,,,,
,,,,,LT,0,0,0.0,0.0,0,0,0.00,,,,,,,
,,,,,LU,0,0,0.0,0.0,0,0,0.00,,,,,,,
,,,,,LV,0,0,0.0,0.0,0,0,0.00,,,,,,,
,,,,,MT,0,0,0.0,0.0,0,0,0.00,,,,,,,
,,,,,NL,0,0,0.0,0.0,0,0,0.00,,,,,,,
,,,,,PL,0,0,0.0,0.0,0,0,0.00,,,,,,,
,,,,,PT,0,0,0.0,0.0,0,0,0.00,,,,,,,
,,,,,RO,0,0,0.0,0.0,0,0,0.00,,,,,,,
,,,,,SE,0,0,0.0,0.0,0,0,0.00,,,,,,,
,,,,,SI,0,0,0.0,0.0,0,0,0.00,,,,,,,
,,,,,SK,0,0,0.0,0.0,0,0,0.00,,,,,,,
All,Facebook,2025-07-01/2025-12-31,KEYWORD_OTHER_INTELLECTUAL_PROPERTY_INFRINGEMENTS_THIRD_PARTY_VIOLATION_OR_DATA_VIOLATION,"Added category to capture Article 9 member state order submissions alleging intellectual property content violations, Article 10 member state order submissions alleging intellectual property or data violations.",AT,0,0,0.0,0.0,0,0,0.00,,,,,,,
,,,,,BE,0,0,0.0,0.0,0,0,0.00,,,,,,,
,,,,,BG,0,0,0.0,0.0,0,0,0.00,,,,,,,
,,,,,CY,0,0,0.0,0.0,0,0,0.00,,,,,,,
,,,,,CZ,0,0,0.0,0.0,0,0,0.00,,,,,,,
,,,,,DE,0,0,0.0,0.0,5,0,49.19,,,,,,,
,,,,,DK,0,0,0.0,0.0,0,0,0.00,,,,,,,
,,,,,EE,0,0,0.0,0.0,0,0,0.00,,,,,,,
,,,,,EL,0,0,0.0,0.0,0,0,0.00,,,,,,,
,,,,,ES,0,0,0.0,0.0,0,0,0.00,,,,,,,
,,,,,FI,0,0,0.0,0.0,0,0,0.00,,,,,,,
,,,,,FR,0,0,0.0,0.0,6,0,164.43,,,,,,,
,,,,,HR,0,0,0.0,0.0,0,0,0.00,,,,,,,
,,,,,HU,0,0,0.0,0.0,0,0,0.00,,,,,,,
,,,,,IE,0,0,0.0,0.0,0,0,0.00,,,,,,,
,,,,,IT,0,0,0.0,0.0,0,0,0.00,,,,,,,
,,,,,LT,0,0,0.0,0.0,0,0,0.00,,,,,,,
,,,,,LU,0,0,0.0,0.0,0,0,0.00,,,,,,,
,,,,,LV,0,0,0.0,0.0,0,0,0.00,,,,,,,
,,,,,MT,0,0,0.0,0.0,0,0,0.00,,,,,,,
,,,,,NL,0,0,0.0,0.0,0,0,0.00,,,,,,,
,,,,,PL,0,0,0.0,0.0,8,0,88.47,,,,,,,
,,,,,PT,0,0,0.0,0.0,0,0,0.00,,,,,,,
,,,,,RO,0,0,0.0,0.0,1,0,73.57,,,,,,,
,,,,,SE,0,0,0.0,0.0,0,0,0.00,,,,,,,
,,,,,SI,0,0,0.0,0.0,0,0,0.00,,,,,,,
,,,,,SK,0,0,0.0,0.0,0,0,0.00,,,,,,,
All,Facebook,2025-07-01/2025-12-31,STATEMENT_CATEGORY_NEGATIVE_EFFECTS_ON_CIVIC_DISCOURSE_OR_ELECTIONS,,AT,0,0,0.0,0.0,0,0,0.00,,,,,,,
,,,,,BE,0,0,0.0,0.0,0,0,0.00,,,,,,,
,,,,,BG,0,0,0.0,0.0,0,0,0.00,,,,,,,
,,,,,CY,0,0,0.0,0.0,0,0,0.00,,,,,,,
,,,,,CZ,0,0,0.0,0.0,0,0,0.00,,,,,,,
,,,,,DE,0,0,0.0,0.0,0,0,0.00,,,,,,,
,,,,,DK,0,0,0.0,0.0,0,0,0.00,,,,,,,
,,,,,EE,0,0,0.0,0.0,0,0,0.00,,,,,,,
,,,,,EL,0,0,0.0,0.0,0,0,0.00,,,,,,,
,,,,,ES,0,0,0.0,0.0,0,0,0.00,,,,,,,
,,,,,FI,0,0,0.0,0.0,0,0,0.00,,,,,,,
,,,,,FR,0,0,0.0,0.0,0,0,0.00,,,,,,,
,,,,,HR,0,0,0.0,0.0,0,0,0.00,,,,,,,
,,,,,HU,0,0,0.0,0.0,0,0,0.00,,,,,,,
,,,,,IE,0,0,0.0,0.0,0,0,0.00,,,,,,,
,,,,,IT,0,0,0.0,0.0,0,0,0.00,,,,,,,
,,,,,LT,0,0,0.0,0.0,0,0,0.00,,,,,,,
,,,,,LU,0,0,0.0,0.0,0,0,0.00,,,,,,,
,,,,,LV,0,0,0.0,0.0,0,0,0.00,,,,,,,
,,,,,MT,0,0,0.0,0.0,0,0,0.00,,,,,,,
,,,,,NL,0,0,0.0,0.0,0,0,0.00,,,,,,,
,,,,,PL,0,0,0.0,0.0,0,0,0.00,,,,,,,
,,,,,PT,0,0,0.0,0.0,0,0,0.00,,,,,,,
,,,,,RO,0,0,0.0,0.0,0,0,0.00,,,,,,,
,,,,,SE,0,0,0.0,0.0,0,0,0.00,,,,,,,
,,,,,SI,0,0,0.0,0.0,0,0,0.00,,,,,,,
,,,,,SK,0,0,0.0,0.0,0,0,0.00,,,,,,,
All,Facebook,2025-07-01/2025-12-31,KEYWORD_MISINFORMATION_DISINFORMATION,,AT,0,0,0.0,0.0,0,0,0.00,,,,,,,
,,,,,BE,0,0,0.0,0.0,0,0,0.00,,,,,,,
,,,,,BG,0,0,0.0,0.0,0,0,0.00,,,,,,,
,,,,,CY,0,0,0.0,0.0,0,0,0.00,,,,,,,
,,,,,CZ,0,0,0.0,0.0,0,0,0.00,,,,,,,
,,,,,DE,0,0,0.0,0.0,0,0,0.00,,,,,,,
,,,,,DK,0,0,0.0,0.0,0,0,0.00,,,,,,,
,,,,,EE,0,0,0.0,0.0,0,0,0.00,,,,,,,
,,,,,EL,0,0,0.0,0.0,0,0,0.00,,,,,,,
,,,,,ES,0,0,0.0,0.0,0,0,0.00,,,,,,,
,,,,,FI,0,0,0.0,0.0,0,0,0.00,,,,,,,
,,,,,FR,0,0,0.0,0.0,0,0,0.00,,,,,,,
,,,,,HR,0,0,0.0,0.0,0,0,0.00,,,,,,,
,,,,,HU,0,0,0.0,0.0,0,0,0.00,,,,,,,
,,,,,IE,0,0,0.0,0.0,0,0,0.00,,,,,,,
,,,,,IT,0,0,0.0,0.0,0,0,0.00,,,,,,,
,,,,,LT,0,0,0.0,0.0,0,0,0.00,,,,,,,
,,,,,LU,0,0,0.0,0.0,0,0,0.00,,,,,,,
,,,,,LV,0,0,0.0,0.0,0,0,0.00,,,,,,,
,,,,,MT,0,0,0.0,0.0,0,0,0.00,,,,,,,
,,,,,NL,0,0,0.0,0.0,0,0,0.00,,,,,,,
,,,,,PL,0,0,0.0,0.0,0,0,0.00,,,,,,,
,,,,,PT,0,0,0.0,0.0,0,0,0.00,,,,,,,
,,,,,RO,0,0,0.0,0.0,0,0,0.00,,,,,,,
,,,,,SE,0,0,0.0,0.0,0,0,0.00,,,,,,,
,,,,,SI,0,0,0.0,0.0,0,0,0.00,,,,,,,
,,,,,SK,0,0,0.0,0.0,0,0,0.00,,,,,,,
All,Facebook,2025-07-01/2025-12-31,KEYWORD_VIOLATION_EU_LAW,,AT,0,0,0.0,0.0,0,0,0.00,,,,,,,
,,,,,BE,0,0,0.0,0.0,0,0,0.00,,,,,,,
,,,,,BG,0,0,0.0,0.0,0,0,0.00,,,,,,,
,,,,,CY,0,0,0.0,0.0,0,0,0.00,,,,,,,
,,,,,CZ,0,0,0.0,0.0,0,0,0.00,,,,,,,
,,,,,DE,0,0,0.0,0.0,0,0,0.00,,,,,,,
,,,,,DK,0,0,0.0,0.0,0,0,0.00,,,,,,,
,,,,,EE,0,0,0.0,0.0,0,0,0.00,,,,,,,
,,,,,EL,0,0,0.0,0.0,0,0,0.00,,,,,,,
,,,,,ES,0,0,0.0,0.0,0,0,0.00,,,,,,,
,,,,,FI,0,0,0.0,0.0,0,0,0.00,,,,,,,
,,,,,FR,0,0,0.0,0.0,0,0,0.00,,,,,,,
,,,,,HR,0,0,0.0,0.0,0,0,0.00,,,,,,,
,,,,,HU,0,0,0.0,0.0,0,0,0.00,,,,,,,
,,,,,IE,0,0,0.0,0.0,0,0,0.00,,,,,,,
,,,,,IT,0,0,0.0,0.0,0,0,0.00,,,,,,,
,,,,,LT,0,0,0.0,0.0,0,0,0.00,,,,,,,
,,,,,LU,0,0,0.0,0.0,0,0,0.00,,,,,,,
,,,,,LV,0,0,0.0,0.0,0,0,0.00,,,,,,,
,,,,,MT,0,0,0.0,0.0,0,0,0.00,,,,,,,
,,,,,NL,0,0,0.0,0.0,0,0,0.00,,,,,,,
,,,,,PL,0,0,0.0,0.0,0,0,0.00,,,,,,,
,,,,,PT,0,0,0.0,0.0,0,0,0.00,,,,,,,
,,,,,RO,0,0,0.0,0.0,0,0,0.00,,,,,,,
,,,,,SE,0,0,0.0,0.0,0,0,0.00,,,,,,,
,,,,,SI,0,0,0.0,0.0,0,0,0.00,,,,,,,
,,,,,SK,0,0,0.0,0.0,0,0,0.00,,,,,,,
All,Facebook,2025-07-01/2025-12-31,KEYWORD_VIOLATION_NATIONAL_LAW,,AT,0,0,0.0,0.0,0,0,0.00,,,,,,,
,,,,,BE,0,0,0.0,0.0,0,0,0.00,,,,,,,
,,,,,BG,0,0,0.0,0.0,0,0,0.00,,,,,,,
,,,,,CY,0,0,0.0,0.0,0,0,0.00,,,,,,,
,,,,,CZ,0,0,0.0,0.0,0,0,0.00,,,,,,,
,,,,,DE,0,0,0.0,0.0,0,0,0.00,,,,,,,
,,,,,DK,0,0,0.0,0.0,0,0,0.00,,,,,,,
,,,,,EE,0,0,0.0,0.0,0,0,0.00,,,,,,,
,,,,,EL,0,0,0.0,0.0,0,0,0.00,,,,,,,
,,,,,ES,0,0,0.0,0.0,0,0,0.00,,,,,,,
,,,,,FI,0,0,0.0,0.0,0,0,0.00,,,,,,,
,,,,,FR,0,0,0.0,0.0,0,0,0.00,,,,,,,
,,,,,HR,0,0,0.0,0.0,0,0,0.00,,,,,,,
,,,,,HU,0,0,0.0,0.0,0,0,0.00,,,,,,,
,,,,,IE,0,0,0.0,0.0,0,0,0.00,,,,,,,
,,,,,IT,0,0,0.0,0.0,0,0,0.00,,,,,,,
,,,,,LT,0,0,0.0,0.0,0,0,0.00,,,,,,,
,,,,,LU,0,0,0.0,0.0,0,0,0.00,,,,,,,
,,,,,LV,0,0,0.0,0.0,0,0,0.00,,,,,,,
,,,,,MT,0,0,0.0,0.0,0,0,0.00,,,,,,,
,,,,,NL,0,0,0.0,0.0,0,0,0.00,,,,,,,
,,,,,PL,0,0,0.0,0.0,0,0,0.00,,,,,,,
,,,,,PT,0,0,0.0,0.0,0,0,0.00,,,,,,,
,,,,,RO,0,0,0.0,0.0,0,0,0.00,,,,,,,
,,,,,SE,0,0,0.0,0.0,0,0,0.00,,,,,,,
,,,,,SI,0,0,0.0,0.0,0,0,0.00,,,,,,,
,,,,,SK,0,0,0.0,0.0,0,0,0.00,,,,,,,
All,Facebook,2025-07-01/2025-12-31,KEYWORD_OTHER_POLITICAL_ADVERTISING,Added category to record Article 9 member state order submissions alleging political advertising content violations.,AT,0,0,0.0,0.0,0,0,0.00,,,,,,,
,,,,,BE,0,0,0.0,0.0,0,0,0.00,,,,,,,
,,,,,BG,0,0,0.0,0.0,0,0,0.00,,,,,,,
,,,,,CY,0,0,0.0,0.0,0,0,0.00,,,,,,,
,,,,,CZ,0,0,0.0,0.0,0,0,0.00,,,,,,,
,,,,,DE,0,0,0.0,0.0,0,0,0.00,,,,,,,
,,,,,DK,0,0,0.0,0.0,0,0,0.00,,,,,,,
,,,,,EE,0,0,0.0,0.0,0,0,0.00,,,,,,,
,,,,,EL,0,0,0.0,0.0,0,0,0.00,,,,,,,
,,,,,ES,0,0,0.0,0.0,0,0,0.00,,,,,,,
,,,,,FI,0,0,0.0,0.0,0,0,0.00,,,,,,,
,,,,,FR,0,0,0.0,0.0,0,0,0.00,,,,,,,
,,,,,HR,0,0,0.0,0.0,0,0,0.00,,,,,,,
,,,,,HU,0,0,0.0,0.0,0,0,0.00,,,,,,,
,,,,,IE,0,0,0.0,0.0,0,0,0.00,,,,,,,
,,,,,IT,0,0,0.0,0.0,0,0,0.00,,,,,,,
,,,,,LT,0,0,0.0,0.0,0,0,0.00,,,,,,,
,,,,,LU,0,0,0.0,0.0,0,0,0.00,,,,,,,
,,,,,LV,0,0,0.0,0.0,0,0,0.00,,,,,,,
,,,,,MT,0,0,0.0,0.0,0,0,0.00,,,,,,,
,,,,,NL,0,0,0.0,0.0,0,0,0.00,,,,,,,
,,,,,PL,0,0,0.0,0.0,0,0,0.00,,,,,,,
,,,,,PT,0,0,0.0,0.0,0,0,0.00,,,,,,,
,,,,,RO,0,0,0.0,0.0,0,0,0.00,,,,,,,
,,,,,SE,0,0,0.0,0.0,0,0,0.00,,,,,,,
,,,,,SI,0,0,0.0,0.0,0,0,0.00,,,,,,,
,,,,,SK,0,0,0.0,0.0,0,0,0.00,,,,,,,
All,Facebook,2025-07-01/2025-12-31,KEYWORD_OTHER_INELIGIBLE_USER,This row was added for use in other parts of our report. We have included it here for consistency across the report.,AT,0,0,0.0,0.0,0,0,0.00,,,,,,,
,,,,,BE,0,0,0.0,0.0,0,0,0.00,,,,,,,
,,,,,BG,0,0,0.0,0.0,0,0,0.00,,,,,,,
,,,,,CY,0,0,0.0,0.0,0,0,0.00,,,,,,,
,,,,,CZ,0,0,0.0,0.0,0,0,0.00,,,,,,,
,,,,,DE,0,0,0.0,0.0,0,0,0.00,,,,,,,
,,,,,DK,0,0,0.0,0.0,0,0,0.00,,,,,,,
,,,,,EE,0,0,0.0,0.0,0,0,0.00,,,,,,,
,,,,,EL,0,0,0.0,0.0,0,0,0.00,,,,,,,
,,,,,ES,0,0,0.0,0.0,0,0,0.00,,,,,,,
,,,,,FI,0,0,0.0,0.0,0,0,0.00,,,,,,,
,,,,,FR,0,0,0.0,0.0,0,0,0.00,,,,,,,
,,,,,HR,0,0,0.0,0.0,0,0,0.00,,,,,,,
,,,,,HU,0,0,0.0,0.0,0,0,0.00,,,,,,,
,,,,,IE,0,0,0.0,0.0,0,0,0.00,,,,,,,
,,,,,IT,0,0,0.0,0.0,0,0,0.00,,,,,,,
,,,,,LT,0,0,0.0,0.0,0,0,0.00,,,,,,,
,,,,,LU,0,0,0.0,0.0,0,0,0.00,,,,,,,
,,,,,LV,0,0,0.0,0.0,0,0,0.00,,,,,,,
,,,,,MT,0,0,0.0,0.0,0,0,0.00,,,,,,,
,,,,,NL,0,0,0.0,0.0,0,0,0.00,,,,,,,
,,,,,PL,0,0,0.0,0.0,0,0,0.00,,,,,,,
,,,,,PT,0,0,0.0,0.0,0,0,0.00,,,,,,,
,,,,,RO,0,0,0.0,0.0,0,0,0.00,,,,,,,
,,,,,SE,0,0,0.0,0.0,0,0,0.00,,,,,,,
,,,,,SI,0,0,0.0,0.0,0,0,0.00,,,,,,,
,,,,,SK,0,0,0.0,0.0,0,0,0.00,,,,,,,
All,Facebook,2025-07-01/2025-12-31,KEYWORD_OTHER_CIVIC_DISCOURSE,This row was added for use in other parts of our report. We have included it here for consistency across the report.,AT,0,0,0.0,0.0,0,0,0.00,,,,,,,
,,,,,BE,0,0,0.0,0.0,0,0,0.00,,,,,,,
,,,,,BG,0,0,0.0,0.0,0,0,0.00,,,,,,,
,,,,,CY,0,0,0.0,0.0,0,0,0.00,,,,,,,
,,,,,CZ,0,0,0.0,0.0,0,0,0.00,,,,,,,
,,,,,DE,0,0,0.0,0.0,0,0,0.00,,,,,,,
,,,,,DK,0,0,0.0,0.0,0,0,0.00,,,,,,,
,,,,,EE,0,0,0.0,0.0,0,0,0.00,,,,,,,
,,,,,EL,0,0,0.0,0.0,0,0,0.00,,,,,,,
,,,,,ES,0,0,0.0,0.0,0,0,0.00,,,,,,,
,,,,,FI,0,0,0.0,0.0,0,0,0.00,,,,,,,
,,,,,FR,0,0,0.0,0.0,0,0,0.00,,,,,,,
,,,,,HR,0,0,0.0,0.0,0,0,0.00,,,,,,,
,,,,,HU,0,0,0.0,0.0,0,0,0.00,,,,,,,
,,,,,IE,0,0,0.0,0.0,0,0,0.00,,,,,,,
,,,,,IT,0,0,0.0,0.0,0,0,0.00,,,,,,,
,,,,,LT,0,0,0.0,0.0,0,0,0.00,,,,,,,
,,,,,LU,0,0,0.0,0.0,0,0,0.00,,,,,,,
,,,,,LV,0,0,0.0,0.0,0,0,0.00,,,,,,,
,,,,,MT,0,0,0.0,0.0,0,0,0.00,,,,,,,
,,,,,NL,0,0,0.0,0.0,0,0,0.00,,,,,,,
,,,,,PL,0,0,0.0,0.0,0,0,0.00,,,,,,,
,,,,,PT,0,0,0.0,0.0,0,0,0.00,,,,,,,
,,,,,RO,0,0,0.0,0.0,0,0,0.00,,,,,,,
,,,,,SE,0,0,0.0,0.0,0,0,0.00,,,,,,,
,,,,,SI,0,0,0.0,0.0,0,0,0.00,,,,,,,
,,,,,SK,0,0,0.0,0.0,0,0,0.00,,,,,,,
All,Facebook,2025-07-01/2025-12-31,STATEMENT_CATEGORY_PROTECTION_OF_MINORS,,AT,0,0,0.0,0.0,0,0,0.00,,,,,,,
,,,,,BE,1,1,0.0,33.2,0,0,0.00,,,,,,,
,,,,,BG,2,5,0.0,236.8,0,0,0.00,,,,,,,
,,,,,CY,0,0,0.0,0.0,0,0,0.00,,,,,,,
,,,,,CZ,0,0,0.0,0.0,0,0,0.00,,,,,,,
,,,,,DE,0,0,0.0,0.0,58,0,97.15,,,,,,,
,,,,,DK,0,0,0.0,0.0,0,0,0.00,,,,,,,
,,,,,EE,0,0,0.0,0.0,0,0,0.00,,,,,,,
,,,,,EL,0,0,0.0,0.0,0,0,0.00,,,,,,,
,,,,,ES,0,0,0.0,0.0,1,0,122.06,,,,,,,
,,,,,FI,0,0,0.0,0.0,0,0,0.00,,,,,,,
,,,,,FR,0,0,0.0,0.0,10,0,69.53,,,,,,,
,,,,,HR,0,0,0.0,0.0,0,0,0.00,,,,,,,
,,,,,HU,0,0,0.0,0.0,14,0,97.52,,,,,,,
,,,,,IE,3,6,0.0,20.1,3,0,139.12,,,,,,,
,,,,,IT,0,0,0.0,0.0,3,0,168.66,,,,,,,
,,,,,LT,1,1,0.0,321.2,0,0,0.00,,,,,,,
,,,,,LU,0,0,0.0,0.0,0,0,0.00,,,,,,,
,,,,,LV,0,0,0.0,0.0,0,0,0.00,,,,,,,
,,,,,MT,0,0,0.0,0.0,0,0,0.00,,,,,,,
,,,,,NL,0,0,0.0,0.0,0,0,0.00,,,,,,,
,,,,,PL,1,1,0.0,,27,0,89.13,,,,,,,
,,,,,PT,0,0,0.0,0.0,2,0,172.18,,,,,,,
,,,,,RO,0,0,0.0,0.0,6,0,70.36,,,,,,,
,,,,,SE,0,0,0.0,0.0,0,0,0.00,,,,,,,
,,,,,SI,0,0,0.0,0.0,1,0,56.94,,,,,,,
,,,,,SK,0,0,0.0,0.0,0,0,0.00,,,,,,,
All,Facebook,2025-07-01/2025-12-31,KEYWORD_AGE_SPECIFIC_RESTRICTIONS_MINORS,,AT,0,0,0.0,0.0,0,0,0.00,,,,,,,
,,,,,BE,0,0,0.0,0.0,0,0,0.00,,,,,,,
,,,,,BG,0,0,0.0,0.0,0,0,0.00,,,,,,,
,,,,,CY,0,0,0.0,0.0,0,0,0.00,,,,,,,
,,,,,CZ,0,0,0.0,0.0,0,0,0.00,,,,,,,
,,,,,DE,0,0,0.0,0.0,0,0,0.00,,,,,,,
,,,,,DK,0,0,0.0,0.0,0,0,0.00,,,,,,,
,,,,,EE,0,0,0.0,0.0,0,0,0.00,,,,,,,
,,,,,EL,0,0,0.0,0.0,0,0,0.00,,,,,,,
,,,,,ES,0,0,0.0,0.0,0,0,0.00,,,,,,,
,,,,,FI,0,0,0.0,0.0,0,0,0.00,,,,,,,
,,,,,FR,0,0,0.0,0.0,0,0,0.00,,,,,,,
,,,,,HR,0,0,0.0,0.0,0,0,0.00,,,,,,,
,,,,,HU,0,0,0.0,0.0,0,0,0.00,,,,,,,
,,,,,IE,0,0,0.0,0.0,0,0,0.00,,,,,,,
,,,,,IT,0,0,0.0,0.0,0,0,0.00,,,,,,,
,,,,,LT,0,0,0.0,0.0,0,0,0.00,,,,,,,
,,,,,LU,0,0,0.0,0.0,0,0,0.00,,,,,,,
,,,,,LV,0,0,0.0,0.0,0,0,0.00,,,,,,,
,,,,,MT,0,0,0.0,0.0,0,0,0.00,,,,,,,
,,,,,NL,0,0,0.0,0.0,0,0,0.00,,,,,,,
,,,,,PL,0,0,0.0,0.0,0,0,0.00,,,,,,,
,,,,,PT,0,0,0.0,0.0,0,0,0.00,,,,,,,
,,,,,RO,0,0,0.0,0.0,0,0,0.00,,,,,,,
,,,,,SE,0,0,0.0,0.0,0,0,0.00,,,,,,,
,,,,,SI,0,0,0.0,0.0,0,0,0.00,,,,,,,
,,,,,SK,0,0,0.0,0.0,0,0,0.00,,,,,,,
All,Facebook,2025-07-01/2025-12-31,KEYWORD_CHILD_SEXUAL_ABUSE_MATERIAL,,AT,0,0,0.0,0.0,0,0,0.00,,,,,,,
,,,,,BE,1,1,0.0,33.2,0,0,0.00,,,,,,,
,,,,,BG,2,5,0.0,236.8,0,0,0.00,,,,,,,
,,,,,CY,0,0,0.0,0.0,0,0,0.00,,,,,,,
,,,,,CZ,0,0,0.0,0.0,0,0,0.00,,,,,,,
,,,,,DE,0,0,0.0,0.0,58,0,97.15,,,,,,,
,,,,,DK,0,0,0.0,0.0,0,0,0.00,,,,,,,
,,,,,EE,0,0,0.0,0.0,0,0,0.00,,,,,,,
,,,,,EL,0,0,0.0,0.0,0,0,0.00,,,,,,,
,,,,,ES,0,0,0.0,0.0,1,0,122.06,,,,,,,
,,,,,FI,0,0,0.0,0.0,0,0,0.00,,,,,,,
,,,,,FR,0,0,0.0,0.0,10,0,69.53,,,,,,,
,,,,,HR,0,0,0.0,0.0,0,0,0.00,,,,,,,
,,,,,HU,0,0,0.0,0.0,14,0,97.52,,,,,,,
,,,,,IE,3,6,0.0,20.1,3,0,139.12,,,,,,,
,,,,,IT,0,0,0.0,0.0,3,0,168.66,,,,,,,
,,,,,LT,1,1,0.0,321.2,0,0,0.00,,,,,,,
,,,,,LU,0,0,0.0,0.0,0,0,0.00,,,,,,,
,,,,,LV,0,0,0.0,0.0,0,0,0.00,,,,,,,
,,,,,MT,0,0,0.0,0.0,0,0,0.00,,,,,,,
,,,,,NL,0,0,0.0,0.0,0,0,0.00,,,,,,,
,,,,,PL,1,1,0.0,,27,0,89.13,,,,,,,
,,,,,PT,0,0,0.0,0.0,2,0,172.18,,,,,,,
,,,,,RO,0,0,0.0,0.0,6,0,70.36,,,,,,,
,,,,,SE,0,0,0.0,0.0,0,0,0.00,,,,,,,
,,,,,SI,0,0,0.0,0.0,1,0,56.94,,,,,,,
,,,,,SK,0,0,0.0,0.0,0,0,0.00,,,,,,,
All,Facebook,2025-07-01/2025-12-31,KEYWORD_GROOMING_SEXUAL_ENTICEMENT_MINORS,,AT,0,0,0.0,0.0,0,0,0.00,,,,,,,
,,,,,BE,0,0,0.0,0.0,0,0,0.00,,,,,,,
,,,,,BG,0,0,0.0,0.0,0,0,0.00,,,,,,,
,,,,,CY,0,0,0.0,0.0,0,0,0.00,,,,,,,
,,,,,CZ,0,0,0.0,0.0,0,0,0.00,,,,,,,
,,,,,DE,0,0,0.0,0.0,0,0,0.00,,,,,,,
,,,,,DK,0,0,0.0,0.0,0,0,0.00,,,,,,,
,,,,,EE,0,0,0.0,0.0,0,0,0.00,,,,,,,
,,,,,EL,0,0,0.0,0.0,0,0,0.00,,,,,,,
,,,,,ES,0,0,0.0,0.0,0,0,0.00,,,,,,,
,,,,,FI,0,0,0.0,0.0,0,0,0.00,,,,,,,
,,,,,FR,0,0,0.0,0.0,0,0,0.00,,,,,,,
,,,,,HR,0,0,0.0,0.0,0,0,0.00,,,,,,,
,,,,,HU,0,0,0.0,0.0,0,0,0.00,,,,,,,
,,,,,IE,0,0,0.0,0.0,0,0,0.00,,,,,,,
,,,,,IT,0,0,0.0,0.0,0,0,0.00,,,,,,,
,,,,,LT,0,0,0.0,0.0,0,0,0.00,,,,,,,
,,,,,LU,0,0,0.0,0.0,0,0,0.00,,,,,,,
,,,,,LV,0,0,0.0,0.0,0,0,0.00,,,,,,,
,,,,,MT,0,0,0.0,0.0,0,0,0.00,,,,,,,
,,,,,NL,0,0,0.0,0.0,0,0,0.00,,,,,,,
,,,,,PL,0,0,0.0,0.0,0,0,0.00,,,,,,,
,,,,,PT,0,0,0.0,0.0,0,0,0.00,,,,,,,
,,,,,RO,0,0,0.0,0.0,0,0,0.00,,,,,,,
,,,,,SE,0,0,0.0,0.0,0,0,0.00,,,,,,,
,,,,,SI,0,0,0.0,0.0,0,0,0.00,,,,,,,
,,,,,SK,0,0,0.0,0.0,0,0,0.00,,,,,,,
All,Facebook,2025-07-01/2025-12-31,KEYWORD_UNSAFE_CHALLENGES,,AT,0,0,0.0,0.0,0,0,0.00,,,,,,,
,,,,,BE,0,0,0.0,0.0,0,0,0.00,,,,,,,
,,,,,BG,0,0,0.0,0.0,0,0,0.00,,,,,,,
,,,,,CY,0,0,0.0,0.0,0,0,0.00,,,,,,,
,,,,,CZ,0,0,0.0,0.0,0,0,0.00,,,,,,,
,,,,,DE,0,0,0.0,0.0,0,0,0.00,,,,,,,
,,,,,DK,0,0,0.0,0.0,0,0,0.00,,,,,,,
,,,,,EE,0,0,0.0,0.0,0,0,0.00,,,,,,,
,,,,,EL,0,0,0.0,0.0,0,0,0.00,,,,,,,
,,,,,ES,0,0,0.0,0.0,0,0,0.00,,,,,,,
,,,,,FI,0,0,0.0,0.0,0,0,0.00,,,,,,,
,,,,,FR,0,0,0.0,0.0,0,0,0.00,,,,,,,
,,,,,HR,0,0,0.0,0.0,0,0,0.00,,,,,,,
,,,,,HU,0,0,0.0,0.0,0,0,0.00,,,,,,,
,,,,,IE,0,0,0.0,0.0,0,0,0.00,,,,,,,
,,,,,IT,0,0,0.0,0.0,0,0,0.00,,,,,,,
,,,,,LT,0,0,0.0,0.0,0,0,0.00,,,,,,,
,,,,,LU,0,0,0.0,0.0,0,0,0.00,,,,,,,
,,,,,LV,0,0,0.0,0.0,0,0,0.00,,,,,,,
,,,,,MT,0,0,0.0,0.0,0,0,0.00,,,,,,,
,,,,,NL,0,0,0.0,0.0,0,0,0.00,,,,,,,
,,,,,PL,0,0,0.0,0.0,0,0,0.00,,,,,,,
,,,,,PT,0,0,0.0,0.0,0,0,0.00,,,,,,,
,,,,,RO,0,0,0.0,0.0,0,0,0.00,,,,,,,
,,,,,SE,0,0,0.0,0.0,0,0,0.00,,,,,,,
,,,,,SI,0,0,0.0,0.0,0,0,0.00,,,,,,,
,,,,,SK,0,0,0.0,0.0,0,0,0.00,,,,,,,
All,Facebook,2025-07-01/2025-12-31,STATEMENT_CATEGORY_RISK_FOR_PUBLIC_SECURITY,,AT,0,0,0.0,0.0,1,0,,,,,,,,
,,,,,BE,0,0,0.0,0.0,0,0,0.00,,,,,,,
,,,,,BG,0,0,0.0,0.0,0,0,0.00,,,,,,,
,,,,,CY,1,2,0.0,4.2,0,0,0.00,,,,,,,
,,,,,CZ,0,0,0.0,0.0,0,0,0.00,,,,,,,
,,,,,DE,18,38,0.0,35.0,81,0,94.10,,,,,,,
,,,,,DK,0,0,0.0,0.0,0,0,0.00,,,,,,,
,,,,,EE,0,0,0.0,0.0,0,0,0.00,,,,,,,
,,,,,EL,0,0,0.0,0.0,0,0,0.00,,,,,,,
,,,,,ES,0,0,0.0,0.0,0,0,0.00,,,,,,,
,,,,,FI,0,0,0.0,0.0,0,0,0.00,,,,,,,
,,,,,FR,1,1,0.0,,18,0,95.85,,,,,,,
,,,,,HR,0,0,0.0,0.0,0,0,0.00,,,,,,,
,,,,,HU,0,0,0.0,0.0,15,0,139.47,,,,,,,
,,,,,IE,2,3,0.0,5.6,0,0,0.00,,,,,,,
,,,,,IT,1,1,0.0,,12,0,7.87,,,,,,,
,,,,,LT,7,10,0.0,,0,0,0.00,,,,,,,
,,,,,LU,0,0,0.0,0.0,0,0,0.00,,,,,,,
,,,,,LV,0,0,0.0,0.0,0,0,0.00,,,,,,,
,,,,,MT,2,3,0.0,,2,0,151.53,,,,,,,
,,,,,NL,1,1,0.0,51.0,0,0,0.00,,,,,,,
,,,,,PL,0,0,0.0,0.0,22,0,99.99,,,,,,,
,,,,,PT,0,0,0.0,0.0,0,0,0.00,,,,,,,
,,,,,RO,0,0,0.0,0.0,6,0,170.52,,,,,,,
,,,,,SE,0,0,0.0,0.0,0,0,0.00,,,,,,,
,,,,,SI,0,0,0.0,0.0,0,0,0.00,,,,,,,
,,,,,SK,0,0,0.0,0.0,0,0,0.00,,,,,,,
All,Facebook,2025-07-01/2025-12-31,KEYWORD_ILLEGAL_ORGANIZATIONS,,AT,0,0,0.0,0.0,0,0,0.00,,,,,,,
,,,,,BE,0,0,0.0,0.0,0,0,0.00,,,,,,,
,,,,,BG,0,0,0.0,0.0,0,0,0.00,,,,,,,
,,,,,CY,0,0,0.0,0.0,0,0,0.00,,,,,,,
,,,,,CZ,0,0,0.0,0.0,0,0,0.00,,,,,,,
,,,,,DE,0,0,0.0,0.0,0,0,0.00,,,,,,,
,,,,,DK,0,0,0.0,0.0,0,0,0.00,,,,,,,
,,,,,EE,0,0,0.0,0.0,0,0,0.00,,,,,,,
,,,,,EL,0,0,0.0,0.0,0,0,0.00,,,,,,,
,,,,,ES,0,0,0.0,0.0,0,0,0.00,,,,,,,
,,,,,FI,0,0,0.0,0.0,0,0,0.00,,,,,,,
,,,,,FR,0,0,0.0,0.0,0,0,0.00,,,,,,,
,,,,,HR,0,0,0.0,0.0,0,0,0.00,,,,,,,
,,,,,HU,0,0,0.0,0.0,0,0,0.00,,,,,,,
,,,,,IE,0,0,0.0,0.0,0,0,0.00,,,,,,,
,,,,,IT,0,0,0.0,0.0,0,0,0.00,,,,,,,
,,,,,LT,0,0,0.0,0.0,0,0,0.00,,,,,,,
,,,,,LU,0,0,0.0,0.0,0,0,0.00,,,,,,,
,,,,,LV,0,0,0.0,0.0,0,0,0.00,,,,,,,
,,,,,MT,0,0,0.0,0.0,0,0,0.00,,,,,,,
,,,,,NL,0,0,0.0,0.0,0,0,0.00,,,,,,,
,,,,,PL,0,0,0.0,0.0,0,0,0.00,,,,,,,
,,,,,PT,0,0,0.0,0.0,0,0,0.00,,,,,,,
,,,,,RO,0,0,0.0,0.0,0,0,0.00,,,,,,,
,,,,,SE,0,0,0.0,0.0,0,0,0.00,,,,,,,
,,,,,SI,0,0,0.0,0.0,0,0,0.00,,,,,,,
,,,,,SK,0,0,0.0,0.0,0,0,0.00,,,,,,,
All,Facebook,2025-07-01/2025-12-31,KEYWORD_RISK_ENVIRONMENTAL_DAMAGE,,AT,0,0,0.0,0.0,0,0,0.00,,,,,,,
,,,,,BE,0,0,0.0,0.0,0,0,0.00,,,,,,,
,,,,,BG,0,0,0.0,0.0,0,0,0.00,,,,,,,
,,,,,CY,0,0,0.0,0.0,0,0,0.00,,,,,,,
,,,,,CZ,0,0,0.0,0.0,0,0,0.00,,,,,,,
,,,,,DE,0,0,0.0,0.0,0,0,0.00,,,,,,,
,,,,,DK,0,0,0.0,0.0,0,0,0.00,,,,,,,
,,,,,EE,0,0,0.0,0.0,0,0,0.00,,,,,,,
,,,,,EL,0,0,0.0,0.0,0,0,0.00,,,,,,,
,,,,,ES,0,0,0.0,0.0,0,0,0.00,,,,,,,
,,,,,FI,0,0,0.0,0.0,0,0,0.00,,,,,,,
,,,,,FR,0,0,0.0,0.0,0,0,0.00,,,,,,,
,,,,,HR,0,0,0.0,0.0,0,0,0.00,,,,,,,
,,,,,HU,0,0,0.0,0.0,0,0,0.00,,,,,,,
,,,,,IE,0,0,0.0,0.0,0,0,0.00,,,,,,,
,,,,,IT,0,0,0.0,0.0,0,0,0.00,,,,,,,
,,,,,LT,0,0,0.0,0.0,0,0,0.00,,,,,,,
,,,,,LU,0,0,0.0,0.0,0,0,0.00,,,,,,,
,,,,,LV,0,0,0.0,0.0,0,0,0.00,,,,,,,
,,,,,MT,0,0,0.0,0.0,0,0,0.00,,,,,,,
,,,,,NL,0,0,0.0,0.0,0,0,0.00,,,,,,,
,,,,,PL,0,0,0.0,0.0,0,0,0.00,,,,,,,
,,,,,PT,0,0,0.0,0.0,0,0,0.00,,,,,,,
,,,,,RO,0,0,0.0,0.0,0,0,0.00,,,,,,,
,,,,,SE,0,0,0.0,0.0,0,0,0.00,,,,,,,
,,,,,SI,0,0,0.0,0.0,0,0,0.00,,,,,,,
,,,,,SK,0,0,0.0,0.0,0,0,0.00,,,,,,,
All,Facebook,2025-07-01/2025-12-31,KEYWORD_RISK_PUBLIC_HEALTH,,AT,0,0,0.0,0.0,0,0,0.00,,,,,,,
,,,,,BE,0,0,0.0,0.0,0,0,0.00,,,,,,,
,,,,,BG,0,0,0.0,0.0,0,0,0.00,,,,,,,
,,,,,CY,0,0,0.0,0.0,0,0,0.00,,,,,,,
,,,,,CZ,0,0,0.0,0.0,0,0,0.00,,,,,,,
,,,,,DE,0,0,0.0,0.0,0,0,0.00,,,,,,,
,,,,,DK,0,0,0.0,0.0,0,0,0.00,,,,,,,
,,,,,EE,0,0,0.0,0.0,0,0,0.00,,,,,,,
,,,,,EL,0,0,0.0,0.0,0,0,0.00,,,,,,,
,,,,,ES,0,0,0.0,0.0,0,0,0.00,,,,,,,
,,,,,FI,0,0,0.0,0.0,0,0,0.00,,,,,,,
,,,,,FR,0,0,0.0,0.0,0,0,0.00,,,,,,,
,,,,,HR,0,0,0.0,0.0,0,0,0.00,,,,,,,
,,,,,HU,0,0,0.0,0.0,0,0,0.00,,,,,,,
,,,,,IE,0,0,0.0,0.0,0,0,0.00,,,,,,,
,,,,,IT,0,0,0.0,0.0,0,0,0.00,,,,,,,
,,,,,LT,0,0,0.0,0.0,0,0,0.00,,,,,,,
,,,,,LU,0,0,0.0,0.0,0,0,0.00,,,,,,,
,,,,,LV,0,0,0.0,0.0,0,0,0.00,,,,,,,
,,,,,MT,0,0,0.0,0.0,0,0,0.00,,,,,,,
,,,,,NL,0,0,0.0,0.0,0,0,0.00,,,,,,,
,,,,,PL,0,0,0.0,0.0,0,0,0.00,,,,,,,
,,,,,PT,0,0,0.0,0.0,0,0,0.00,,,,,,,
,,,,,RO,0,0,0.0,0.0,0,0,0.00,,,,,,,
,,,,,SE,0,0,0.0,0.0,0,0,0.00,,,,,,,
,,,,,SI,0,0,0.0,0.0,0,0,0.00,,,,,,,
,,,,,SK,0,0,0.0,0.0,0,0,0.00,,,,,,,
All,Facebook,2025-07-01/2025-12-31,KEYWORD_TERRORIST_CONTENT,,AT,0,0,0.0,0.0,0,0,0.00,,,,,,,
,,,,,BE,0,0,0.0,0.0,0,0,0.00,,,,,,,
,,,,,BG,0,0,0.0,0.0,0,0,0.00,,,,,,,
,,,,,CY,1,2,0.0,4.2,0,0,0.00,,,,,,,
,,,,,CZ,0,0,0.0,0.0,0,0,0.00,,,,,,,
,,,,,DE,18,38,0.0,35.0,23,0,99.67,,,,,,,
,,,,,DK,0,0,0.0,0.0,0,0,0.00,,,,,,,
,,,,,EE,0,0,0.0,0.0,0,0,0.00,,,,,,,
,,,,,EL,0,0,0.0,0.0,0,0,0.00,,,,,,,
,,,,,ES,0,0,0.0,0.0,0,0,0.00,,,,,,,
,,,,,FI,0,0,0.0,0.0,0,0,0.00,,,,,,,
,,,,,FR,1,1,0.0,,6,0,90.51,,,,,,,
,,,,,HR,0,0,0.0,0.0,0,0,0.00,,,,,,,
,,,,,HU,0,0,0.0,0.0,0,0,0.00,,,,,,,
,,,,,IE,2,3,0.0,5.6,0,0,0.00,,,,,,,
,,,,,IT,1,1,0.0,,2,0,,,,,,,,
,,,,,LT,7,10,0.0,,0,0,0.00,,,,,,,
,,,,,LU,0,0,0.0,0.0,0,0,0.00,,,,,,,
,,,,,LV,0,0,0.0,0.0,0,0,0.00,,,,,,,
,,,,,MT,2,3,0.0,,1,0,23.72,,,,,,,
,,,,,NL,1,1,0.0,51.0,0,0,0.00,,,,,,,
,,,,,PL,0,0,0.0,0.0,2,0,119.77,,,,,,,
,,,,,PT,0,0,0.0,0.0,0,0,0.00,,,,,,,
,,,,,RO,0,0,0.0,0.0,0,0,0.00,,,,,,,
,,,,,SE,0,0,0.0,0.0,0,0,0.00,,,,,,,
,,,,,SI,0,0,0.0,0.0,0,0,0.00,,,,,,,
,,,,,SK,0,0,0.0,0.0,0,0,0.00,,,,,,,
All,Facebook,2025-07-01/2025-12-31,KEYWORD_OTHER_FUGITIVE,Added category to record Article 10 member state order submissions to provide information alleging a fugitive as the reason for the request.,AT,0,0,0.0,0.0,0,0,0.00,,,,,,,
,,,,,BE,0,0,0.0,0.0,0,0,0.00,,,,,,,
,,,,,BG,0,0,0.0,0.0,0,0,0.00,,,,,,,
,,,,,CY,0,0,0.0,0.0,0,0,0.00,,,,,,,
,,,,,CZ,0,0,0.0,0.0,0,0,0.00,,,,,,,
,,,,,DE,0,0,0.0,0.0,16,0,79.93,,,,,,,
,,,,,DK,0,0,0.0,0.0,0,0,0.00,,,,,,,
,,,,,EE,0,0,0.0,0.0,0,0,0.00,,,,,,,
,,,,,EL,0,0,0.0,0.0,0,0,0.00,,,,,,,
,,,,,ES,0,0,0.0,0.0,0,0,0.00,,,,,,,
,,,,,FI,0,0,0.0,0.0,0,0,0.00,,,,,,,
,,,,,FR,0,0,0.0,0.0,0,0,0.00,,,,,,,
,,,,,HR,0,0,0.0,0.0,0,0,0.00,,,,,,,
,,,,,HU,0,0,0.0,0.0,11,0,139.47,,,,,,,
,,,,,IE,0,0,0.0,0.0,0,0,0.00,,,,,,,
,,,,,IT,0,0,0.0,0.0,2,0,266.05,,,,,,,
,,,,,LT,0,0,0.0,0.0,0,0,0.00,,,,,,,
,,,,,LU,0,0,0.0,0.0,0,0,0.00,,,,,,,
,,,,,LV,0,0,0.0,0.0,0,0,0.00,,,,,,,
,,,,,MT,0,0,0.0,0.0,0,0,0.00,,,,,,,
,,,,,NL,0,0,0.0,0.0,0,0,0.00,,,,,,,
,,,,,PL,0,0,0.0,0.0,15,0,101.83,,,,,,,
,,,,,PT,0,0,0.0,0.0,0,0,0.00,,,,,,,
,,,,,RO,0,0,0.0,0.0,6,0,170.52,,,,,,,
,,,,,SE,0,0,0.0,0.0,0,0,0.00,,,,,,,
,,,,,SI,0,0,0.0,0.0,0,0,0.00,,,,,,,
,,,,,SK,0,0,0.0,0.0,0,0,0.00,,,,,,,
All,Facebook,2025-07-01/2025-12-31,KEYWORD_OTHER_TRESPASS_PROPERTY_AND_ENVIRONMENTAL_DAMAGE,Added category to record Article 10 member state order submissions to provide information alleging property or environmental damage as the reason for the request.,AT,0,0,0.0,0.0,1,0,,,,,,,,
,,,,,BE,0,0,0.0,0.0,0,0,0.00,,,,,,,
,,,,,BG,0,0,0.0,0.0,0,0,0.00,,,,,,,
,,,,,CY,0,0,0.0,0.0,0,0,0.00,,,,,,,
,,,,,CZ,0,0,0.0,0.0,0,0,0.00,,,,,,,
,,,,,DE,0,0,0.0,0.0,42,0,100.06,,,,,,,
,,,,,DK,0,0,0.0,0.0,0,0,0.00,,,,,,,
,,,,,EE,0,0,0.0,0.0,0,0,0.00,,,,,,,
,,,,,EL,0,0,0.0,0.0,0,0,0.00,,,,,,,
,,,,,ES,0,0,0.0,0.0,0,0,0.00,,,,,,,
,,,,,FI,0,0,0.0,0.0,0,0,0.00,,,,,,,
,,,,,FR,0,0,0.0,0.0,12,0,95.85,,,,,,,
,,,,,HR,0,0,0.0,0.0,0,0,0.00,,,,,,,
,,,,,HU,0,0,0.0,0.0,4,0,119.38,,,,,,,
,,,,,IE,0,0,0.0,0.0,0,0,0.00,,,,,,,
,,,,,IT,0,0,0.0,0.0,8,0,7.85,,,,,,,
,,,,,LT,0,0,0.0,0.0,0,0,0.00,,,,,,,
,,,,,LU,0,0,0.0,0.0,0,0,0.00,,,,,,,
,,,,,LV,0,0,0.0,0.0,0,0,0.00,,,,,,,
,,,,,MT,0,0,0.0,0.0,1,0,151.53,,,,,,,
,,,,,NL,0,0,0.0,0.0,0,0,0.00,,,,,,,
,,,,,PL,0,0,0.0,0.0,5,0,26.71,,,,,,,
,,,,,PT,0,0,0.0,0.0,0,0,0.00,,,,,,,
,,,,,RO,0,0,0.0,0.0,0,0,0.00,,,,,,,
,,,,,SE,0,0,0.0,0.0,0,0,0.00,,,,,,,
,,,,,SI,0,0,0.0,0.0,0,0,0.00,,,,,,,
,,,,,SK,0,0,0.0,0.0,0,0,0.00,,,,,,,
All,Facebook,2025-07-01/2025-12-31,KEYWORD_OTHER_PUBLIC_SECURITY,This row was added for use in other parts of our report. We have included it here for consistency across the report.,AT,0,0,0.0,0.0,0,0,0.00,,,,,,,
,,,,,BE,0,0,0.0,0.0,0,0,0.00,,,,,,,
,,,,,BG,0,0,0.0,0.0,0,0,0.00,,,,,,,
,,,,,CY,0,0,0.0,0.0,0,0,0.00,,,,,,,
,,,,,CZ,0,0,0.0,0.0,0,0,0.00,,,,,,,
,,,,,DE,0,0,0.0,0.0,0,0,0.00,,,,,,,
,,,,,DK,0,0,0.0,0.0,0,0,0.00,,,,,,,
,,,,,EE,0,0,0.0,0.0,0,0,0.00,,,,,,,
,,,,,EL,0,0,0.0,0.0,0,0,0.00,,,,,,,
,,,,,ES,0,0,0.0,0.0,0,0,0.00,,,,,,,
,,,,,FI,0,0,0.0,0.0,0,0,0.00,,,,,,,
,,,,,FR,0,0,0.0,0.0,0,0,0.00,,,,,,,
,,,,,HR,0,0,0.0,0.0,0,0,0.00,,,,,,,
,,,,,HU,0,0,0.0,0.0,0,0,0.00,,,,,,,
,,,,,IE,0,0,0.0,0.0,0,0,0.00,,,,,,,
,,,,,IT,0,0,0.0,0.0,0,0,0.00,,,,,,,
,,,,,LT,0,0,0.0,0.0,0,0,0.00,,,,,,,
,,,,,LU,0,0,0.0,0.0,0,0,0.00,,,,,,,
,,,,,LV,0,0,0.0,0.0,0,0,0.00,,,,,,,
,,,,,MT,0,0,0.0,0.0,0,0,0.00,,,,,,,
,,,,,NL,0,0,0.0,0.0,0,0,0.00,,,,,,,
,,,,,PL,0,0,0.0,0.0,0,0,0.00,,,,,,,
,,,,,PT,0,0,0.0,0.0,0,0,0.00,,,,,,,
,,,,,RO,0,0,0.0,0.0,0,0,0.00,,,,,,,
,,,,,SE,0,0,0.0,0.0,0,0,0.00,,,,,,,
,,,,,SI,0,0,0.0,0.0,0,0,0.00,,,,,,,
,,,,,SK,0,0,0.0,0.0,0,0,0.00,,,,,,,
All,Facebook,2025-07-01/2025-12-31,STATEMENT_CATEGORY_SCAMS_AND_FRAUD,,AT,0,0,0.0,0.0,1,0,,,,,,,,
,,,,,BE,0,0,0.0,0.0,0,0,0.00,,,,,,,
,,,,,BG,60,39,0.0,82.8,0,0,0.00,,,,,,,
,,,,,CY,17,16,0.0,48.7,0,0,0.00,,,,,,,
,,,,,CZ,0,0,0.0,0.0,0,0,0.00,,,,,,,
,,,,,DE,1,1,0.0,,104,0,93.89,,,,,,,
,,,,,DK,8,4,0.0,,0,0,0.00,,,,,,,
,,,,,EE,1,3,0.0,1.7,5,0,167.88,,,,,,,
,,,,,EL,0,0,0.0,0.0,1,0,,,,,,,,
,,,,,ES,5,4,0.0,,4,0,75.41,,,,,,,
,,,,,FI,0,0,0.0,0.0,0,0,0.00,,,,,,,
,,,,,FR,1,2,0.0,149.8,30,0,123.38,,,,,,,
,,,,,HR,0,0,0.0,0.0,1,0,148.31,,,,,,,
,,,,,HU,1,1,0.0,,75,0,165.79,,,,,,,
,,,,,IE,9,23,0.0,25.9,4,0,246.81,,,,,,,
,,,,,IT,162,126,0.0,96.4,52,0,147.44,,,,,,,
,,,,,LT,422,"1,068",0.0,31.9,0,0,0.00,,,,,,,
,,,,,LU,0,0,0.0,0.0,0,0,0.00,,,,,,,
,,,,,LV,0,0,0.0,0.0,0,0,0.00,,,,,,,
,,,,,MT,10,18,0.0,71.5,5,0,45.81,,,,,,,
,,,,,NL,1,1,0.0,102.0,1,0,,,,,,,,
,,,,,PL,1,5,0.0,,467,0,111.84,,,,,,,
,,,,,PT,1,1,0.0,,27,0,162.36,,,,,,,
,,,,,RO,0,0,0.0,0.0,18,0,145.36,,,,,,,
,,,,,SE,1,1,0.0,,0,0,0.00,,,,,,,
,,,,,SI,0,0,0.0,0.0,1,0,146.21,,,,,,,
,,,,,SK,0,0,0.0,0.0,0,0,0.00,,,,,,,
All,Facebook,2025-07-01/2025-12-31,KEYWORD_IMPERSONATION_ACCOUNT_HIJACKING,,AT,0,0,0.0,0.0,0,0,0.00,,,,,,,
,,,,,BE,0,0,0.0,0.0,0,0,0.00,,,,,,,
,,,,,BG,25,14,0.0,,0,0,0.00,,,,,,,
,,,,,CY,3,2,0.0,,0,0,0.00,,,,,,,
,,,,,CZ,0,0,0.0,0.0,0,0,0.00,,,,,,,
,,,,,DE,0,0,0.0,0.0,9,0,335.08,,,,,,,
,,,,,DK,0,0,0.0,0.0,0,0,0.00,,,,,,,
,,,,,EE,0,0,0.0,0.0,4,0,167.88,,,,,,,
,,,,,EL,0,0,0.0,0.0,0,0,0.00,,,,,,,
,,,,,ES,5,4,0.0,,2,0,75.41,,,,,,,
,,,,,FI,0,0,0.0,0.0,0,0,0.00,,,,,,,
,,,,,FR,0,0,0.0,0.0,12,0,142.91,,,,,,,
,,,,,HR,0,0,0.0,0.0,0,0,0.00,,,,,,,
,,,,,HU,0,0,0.0,0.0,20,0,188.46,,,,,,,
,,,,,IE,6,6,0.0,,0,0,0.00,,,,,,,
,,,,,IT,107,57,0.0,240.9,28,0,152.70,,,,,,,
,,,,,LT,0,0,0.0,0.0,0,0,0.00,,,,,,,
,,,,,LU,0,0,0.0,0.0,0,0,0.00,,,,,,,
,,,,,LV,0,0,0.0,0.0,0,0,0.00,,,,,,,
,,,,,MT,0,0,0.0,0.0,3,0,45.01,,,,,,,
,,,,,NL,0,0,0.0,0.0,0,0,0.00,,,,,,,
,,,,,PL,0,0,0.0,0.0,109,0,122.96,,,,,,,
,,,,,PT,0,0,0.0,0.0,3,0,159.01,,,,,,,
,,,,,RO,0,0,0.0,0.0,7,0,170.24,,,,,,,
,,,,,SE,0,0,0.0,0.0,0,0,0.00,,,,,,,
,,,,,SI,0,0,0.0,0.0,0,0,0.00,,,,,,,
,,,,,SK,0,0,0.0,0.0,0,0,0.00,,,,,,,
All,Facebook,2025-07-01/2025-12-31,KEYWORD_INAUTHENTIC_ACCOUNTS,,AT,0,0,0.0,0.0,0,0,0.00,,,,,,,
,,,,,BE,0,0,0.0,0.0,0,0,0.00,,,,,,,
,,,,,BG,20,12,0.0,72.3,0,0,0.00,,,,,,,
,,,,,CY,8,9,0.0,141.4,0,0,0.00,,,,,,,
,,,,,CZ,0,0,0.0,0.0,0,0,0.00,,,,,,,
,,,,,DE,0,0,0.0,0.0,0,0,0.00,,,,,,,
,,,,,DK,6,1,0.0,,0,0,0.00,,,,,,,
,,,,,EE,0,0,0.0,0.0,0,0,0.00,,,,,,,
,,,,,EL,0,0,0.0,0.0,0,0,0.00,,,,,,,
,,,,,ES,0,0,0.0,0.0,0,0,0.00,,,,,,,
,,,,,FI,0,0,0.0,0.0,0,0,0.00,,,,,,,
,,,,,FR,0,0,0.0,0.0,0,0,0.00,,,,,,,
,,,,,HR,0,0,0.0,0.0,0,0,0.00,,,,,,,
,,,,,HU,1,1,0.0,,0,0,0.00,,,,,,,
,,,,,IE,0,0,0.0,0.0,0,0,0.00,,,,,,,
,,,,,IT,37,51,0.0,70.3,0,0,0.00,,,,,,,
,,,,,LT,54,51,0.0,73.7,0,0,0.00,,,,,,,
,,,,,LU,0,0,0.0,0.0,0,0,0.00,,,,,,,
,,,,,LV,0,0,0.0,0.0,0,0,0.00,,,,,,,
,,,,,MT,0,0,0.0,0.0,0,0,0.00,,,,,,,
,,,,,NL,1,1,0.0,102.0,0,0,0.00,,,,,,,
,,,,,PL,0,0,0.0,0.0,0,0,0.00,,,,,,,
,,,,,PT,0,0,0.0,0.0,0,0,0.00,,,,,,,
,,,,,RO,0,0,0.0,0.0,0,0,0.00,,,,,,,
,,,,,SE,0,0,0.0,0.0,0,0,0.00,,,,,,,
,,,,,SI,0,0,0.0,0.0,0,0,0.00,,,,,,,
,,,,,SK,0,0,0.0,0.0,0,0,0.00,,,,,,,
All,Facebook,2025-07-01/2025-12-31,KEYWORD_INAUTHENTIC_LISTINGS,,AT,0,0,0.0,0.0,0,0,0.00,,,,,,,
,,,,,BE,0,0,0.0,0.0,0,0,0.00,,,,,,,
,,,,,BG,0,0,0.0,0.0,0,0,0.00,,,,,,,
,,,,,CY,0,0,0.0,0.0,0,0,0.00,,,,,,,
,,,,,CZ,0,0,0.0,0.0,0,0,0.00,,,,,,,
,,,,,DE,0,0,0.0,0.0,0,0,0.00,,,,,,,
,,,,,DK,0,0,0.0,0.0,0,0,0.00,,,,,,,
,,,,,EE,0,0,0.0,0.0,0,0,0.00,,,,,,,
,,,,,EL,0,0,0.0,0.0,0,0,0.00,,,,,,,
,,,,,ES,0,0,0.0,0.0,0,0,0.00,,,,,,,
,,,,,FI,0,0,0.0,0.0,0,0,0.00,,,,,,,
,,,,,FR,0,0,0.0,0.0,0,0,0.00,,,,,,,
,,,,,HR,0,0,0.0,0.0,0,0,0.00,,,,,,,
,,,,,HU,0,0,0.0,0.0,0,0,0.00,,,,,,,
,,,,,IE,0,0,0.0,0.0,0,0,0.00,,,,,,,
,,,,,IT,0,0,0.0,0.0,0,0,0.00,,,,,,,
,,,,,LT,0,0,0.0,0.0,0,0,0.00,,,,,,,
,,,,,LU,0,0,0.0,0.0,0,0,0.00,,,,,,,
,,,,,LV,0,0,0.0,0.0,0,0,0.00,,,,,,,
,,,,,MT,0,0,0.0,0.0,0,0,0.00,,,,,,,
,,,,,NL,0,0,0.0,0.0,0,0,0.00,,,,,,,
,,,,,PL,0,0,0.0,0.0,0,0,0.00,,,,,,,
,,,,,PT,0,0,0.0,0.0,0,0,0.00,,,,,,,
,,,,,RO,0,0,0.0,0.0,0,0,0.00,,,,,,,
,,,,,SE,0,0,0.0,0.0,0,0,0.00,,,,,,,
,,,,,SI,0,0,0.0,0.0,0,0,0.00,,,,,,,
,,,,,SK,0,0,0.0,0.0,0,0,0.00,,,,,,,
All,Facebook,2025-07-01/2025-12-31,KEYWORD_INAUTHENTIC_USER_REVIEWS,,AT,0,0,0.0,0.0,0,0,0.00,,,,,,,
,,,,,BE,0,0,0.0,0.0,0,0,0.00,,,,,,,
,,,,,BG,0,0,0.0,0.0,0,0,0.00,,,,,,,
,,,,,CY,0,0,0.0,0.0,0,0,0.00,,,,,,,
,,,,,CZ,0,0,0.0,0.0,0,0,0.00,,,,,,,
,,,,,DE,0,0,0.0,0.0,0,0,0.00,,,,,,,
,,,,,DK,0,0,0.0,0.0,0,0,0.00,,,,,,,
,,,,,EE,0,0,0.0,0.0,0,0,0.00,,,,,,,
,,,,,EL,0,0,0.0,0.0,0,0,0.00,,,,,,,
,,,,,ES,0,0,0.0,0.0,0,0,0.00,,,,,,,
,,,,,FI,0,0,0.0,0.0,0,0,0.00,,,,,,,
,,,,,FR,0,0,0.0,0.0,0,0,0.00,,,,,,,
,,,,,HR,0,0,0.0,0.0,0,0,0.00,,,,,,,
,,,,,HU,0,0,0.0,0.0,0,0,0.00,,,,,,,
,,,,,IE,0,0,0.0,0.0,0,0,0.00,,,,,,,
,,,,,IT,0,0,0.0,0.0,0,0,0.00,,,,,,,
,,,,,LT,0,0,0.0,0.0,0,0,0.00,,,,,,,
,,,,,LU,0,0,0.0,0.0,0,0,0.00,,,,,,,
,,,,,LV,0,0,0.0,0.0,0,0,0.00,,,,,,,
,,,,,MT,0,0,0.0,0.0,0,0,0.00,,,,,,,
,,,,,NL,0,0,0.0,0.0,0,0,0.00,,,,,,,
,,,,,PL,0,0,0.0,0.0,0,0,0.00,,,,,,,
,,,,,PT,0,0,0.0,0.0,0,0,0.00,,,,,,,
,,,,,RO,0,0,0.0,0.0,0,0,0.00,,,,,,,
,,,,,SE,0,0,0.0,0.0,0,0,0.00,,,,,,,
,,,,,SI,0,0,0.0,0.0,0,0,0.00,,,,,,,
,,,,,SK,0,0,0.0,0.0,0,0,0.00,,,,,,,
All,Facebook,2025-07-01/2025-12-31,KEYWORD_PHISHING,,AT,0,0,0.0,0.0,0,0,0.00,,,,,,,
,,,,,BE,0,0,0.0,0.0,0,0,0.00,,,,,,,
,,,,,BG,0,0,0.0,0.0,0,0,0.00,,,,,,,
,,,,,CY,0,0,0.0,0.0,0,0,0.00,,,,,,,
,,,,,CZ,0,0,0.0,0.0,0,0,0.00,,,,,,,
,,,,,DE,0,0,0.0,0.0,0,0,0.00,,,,,,,
,,,,,DK,0,0,0.0,0.0,0,0,0.00,,,,,,,
,,,,,EE,0,0,0.0,0.0,0,0,0.00,,,,,,,
,,,,,EL,0,0,0.0,0.0,0,0,0.00,,,,,,,
,,,,,ES,0,0,0.0,0.0,0,0,0.00,,,,,,,
,,,,,FI,0,0,0.0,0.0,0,0,0.00,,,,,,,
,,,,,FR,0,0,0.0,0.0,0,0,0.00,,,,,,,
,,,,,HR,0,0,0.0,0.0,0,0,0.00,,,,,,,
,,,,,HU,0,0,0.0,0.0,0,0,0.00,,,,,,,
,,,,,IE,0,0,0.0,0.0,0,0,0.00,,,,,,,
,,,,,IT,0,0,0.0,0.0,0,0,0.00,,,,,,,
,,,,,LT,0,0,0.0,0.0,0,0,0.00,,,,,,,
,,,,,LU,0,0,0.0,0.0,0,0,0.00,,,,,,,
,,,,,LV,0,0,0.0,0.0,0,0,0.00,,,,,,,
,,,,,MT,0,0,0.0,0.0,0,0,0.00,,,,,,,
,,,,,NL,0,0,0.0,0.0,0,0,0.00,,,,,,,
,,,,,PL,0,0,0.0,0.0,0,0,0.00,,,,,,,
,,,,,PT,0,0,0.0,0.0,0,0,0.00,,,,,,,
,,,,,RO,0,0,0.0,0.0,0,0,0.00,,,,,,,
,,,,,SE,0,0,0.0,0.0,0,0,0.00,,,,,,,
,,,,,SI,0,0,0.0,0.0,0,0,0.00,,,,,,,
,,,,,SK,0,0,0.0,0.0,0,0,0.00,,,,,,,
All,Facebook,2025-07-01/2025-12-31,KEYWORD_PYRAMID_SCHEMES,,AT,0,0,0.0,0.0,0,0,0.00,,,,,,,
,,,,,BE,0,0,0.0,0.0,0,0,0.00,,,,,,,
,,,,,BG,0,0,0.0,0.0,0,0,0.00,,,,,,,
,,,,,CY,0,0,0.0,0.0,0,0,0.00,,,,,,,
,,,,,CZ,0,0,0.0,0.0,0,0,0.00,,,,,,,
,,,,,DE,0,0,0.0,0.0,0,0,0.00,,,,,,,
,,,,,DK,0,0,0.0,0.0,0,0,0.00,,,,,,,
,,,,,EE,0,0,0.0,0.0,0,0,0.00,,,,,,,
,,,,,EL,0,0,0.0,0.0,0,0,0.00,,,,,,,
,,,,,ES,0,0,0.0,0.0,0,0,0.00,,,,,,,
,,,,,FI,0,0,0.0,0.0,0,0,0.00,,,,,,,
,,,,,FR,0,0,0.0,0.0,0,0,0.00,,,,,,,
,,,,,HR,0,0,0.0,0.0,0,0,0.00,,,,,,,
,,,,,HU,0,0,0.0,0.0,0,0,0.00,,,,,,,
,,,,,IE,0,0,0.0,0.0,0,0,0.00,,,,,,,
,,,,,IT,0,0,0.0,0.0,0,0,0.00,,,,,,,
,,,,,LT,0,0,0.0,0.0,0,0,0.00,,,,,,,
,,,,,LU,0,0,0.0,0.0,0,0,0.00,,,,,,,
,,,,,LV,0,0,0.0,0.0,0,0,0.00,,,,,,,
,,,,,MT,0,0,0.0,0.0,0,0,0.00,,,,,,,
,,,,,NL,0,0,0.0,0.0,0,0,0.00,,,,,,,
,,,,,PL,0,0,0.0,0.0,0,0,0.00,,,,,,,
,,,,,PT,0,0,0.0,0.0,0,0,0.00,,,,,,,
,,,,,RO,0,0,0.0,0.0,0,0,0.00,,,,,,,
,,,,,SE,0,0,0.0,0.0,0,0,0.00,,,,,,,
,,,,,SI,0,0,0.0,0.0,0,0,0.00,,,,,,,
,,,,,SK,0,0,0.0,0.0,0,0,0.00,,,,,,,
All,Facebook,2025-07-01/2025-12-31,KEYWORD_OTHER_FINANCIAL_FRAUDS_SCAMS,Added category to record Article 10 member state order submissions to provide information alleging financial fraud and scams as the reason for the request.,AT,0,0,0.0,0.0,1,0,,,,,,,,
,,,,,BE,0,0,0.0,0.0,0,0,0.00,,,,,,,
,,,,,BG,0,0,0.0,0.0,0,0,0.00,,,,,,,
,,,,,CY,0,0,0.0,0.0,0,0,0.00,,,,,,,
,,,,,CZ,0,0,0.0,0.0,0,0,0.00,,,,,,,
,,,,,DE,0,0,0.0,0.0,95,0,83.20,,,,,,,
,,,,,DK,0,0,0.0,0.0,0,0,0.00,,,,,,,
,,,,,EE,0,0,0.0,0.0,1,0,,,,,,,,
,,,,,EL,0,0,0.0,0.0,1,0,,,,,,,,
,,,,,ES,0,0,0.0,0.0,2,0,52.91,,,,,,,
,,,,,FI,0,0,0.0,0.0,0,0,0.00,,,,,,,
,,,,,FR,0,0,0.0,0.0,18,0,123.38,,,,,,,
,,,,,HR,0,0,0.0,0.0,1,0,148.31,,,,,,,
,,,,,HU,0,0,0.0,0.0,55,0,165.76,,,,,,,
,,,,,IE,0,0,0.0,0.0,4,0,246.81,,,,,,,
,,,,,IT,0,0,0.0,0.0,24,0,122.28,,,,,,,
,,,,,LT,0,0,0.0,0.0,0,0,0.00,,,,,,,
,,,,,LU,0,0,0.0,0.0,0,0,0.00,,,,,,,
,,,,,LV,0,0,0.0,0.0,0,0,0.00,,,,,,,
,,,,,MT,0,0,0.0,0.0,2,0,126.07,,,,,,,
,,,,,NL,0,0,0.0,0.0,1,0,,,,,,,,
,,,,,PL,0,0,0.0,0.0,358,0,104.71,,,,,,,
,,,,,PT,0,0,0.0,0.0,24,0,168.09,,,,,,,
,,,,,RO,0,0,0.0,0.0,11,0,145.36,,,,,,,
,,,,,SE,0,0,0.0,0.0,0,0,0.00,,,,,,,
,,,,,SI,0,0,0.0,0.0,1,0,146.21,,,,,,,
,,,,,SK,0,0,0.0,0.0,0,0,0.00,,,,,,,
All,Facebook,2025-07-01/2025-12-31,KEYWORD_OTHER_FRAUD_AND_DECEPTION,Added category to record Article 9 member state order submissions alleging fraud.,AT,0,0,0.0,0.0,0,0,0.00,,,,,,,
,,,,,BE,0,0,0.0,0.0,0,0,0.00,,,,,,,
,,,,,BG,15,14,0.0,272.5,0,0,0.00,,,,,,,
,,,,,CY,6,8,0.0,48.7,0,0,0.00,,,,,,,
,,,,,CZ,0,0,0.0,0.0,0,0,0.00,,,,,,,
,,,,,DE,1,1,0.0,,0,0,0.00,,,,,,,
,,,,,DK,2,3,0.0,,0,0,0.00,,,,,,,
,,,,,EE,1,3,0.0,1.7,0,0,0.00,,,,,,,
,,,,,EL,0,0,0.0,0.0,0,0,0.00,,,,,,,
,,,,,ES,0,0,0.0,0.0,0,0,0.00,,,,,,,
,,,,,FI,0,0,0.0,0.0,0,0,0.00,,,,,,,
,,,,,FR,1,2,0.0,149.8,0,0,0.00,,,,,,,
,,,,,HR,0,0,0.0,0.0,0,0,0.00,,,,,,,
,,,,,HU,0,0,0.0,0.0,0,0,0.00,,,,,,,
,,,,,IE,3,17,0.0,25.9,0,0,0.00,,,,,,,
,,,,,IT,18,18,0.0,160.0,0,0,0.00,,,,,,,
,,,,,LT,368,"1,026",0.0,25.5,0,0,0.00,,,,,,,
,,,,,LU,0,0,0.0,0.0,0,0,0.00,,,,,,,
,,,,,LV,0,0,0.0,0.0,0,0,0.00,,,,,,,
,,,,,MT,10,18,0.0,71.5,0,0,0.00,,,,,,,
,,,,,NL,0,0,0.0,0.0,0,0,0.00,,,,,,,
,,,,,PL,1,5,0.0,,0,0,0.00,,,,,,,
,,,,,PT,1,1,0.0,,0,0,0.00,,,,,,,
,,,,,RO,0,0,0.0,0.0,0,0,0.00,,,,,,,
,,,,,SE,1,1,0.0,,0,0,0.00,,,,,,,
,,,,,SI,0,0,0.0,0.0,0,0,0.00,,,,,,,
,,,,,SK,0,0,0.0,0.0,0,0,0.00,,,,,,,
All,Facebook,2025-07-01/2025-12-31,KEYWORD_OTHER_SPAM,Added category to record Article 9 member state order submissions alleging spam.,AT,0,0,0.0,0.0,0,0,0.00,,,,,,,
,,,,,BE,0,0,0.0,0.0,0,0,0.00,,,,,,,
,,,,,BG,0,0,0.0,0.0,0,0,0.00,,,,,,,
,,,,,CY,0,0,0.0,0.0,0,0,0.00,,,,,,,
,,,,,CZ,0,0,0.0,0.0,0,0,0.00,,,,,,,
,,,,,DE,0,0,0.0,0.0,0,0,0.00,,,,,,,
,,,,,DK,0,0,0.0,0.0,0,0,0.00,,,,,,,
,,,,,EE,0,0,0.0,0.0,0,0,0.00,,,,,,,
,,,,,EL,0,0,0.0,0.0,0,0,0.00,,,,,,,
,,,,,ES,0,0,0.0,0.0,0,0,0.00,,,,,,,
,,,,,FI,0,0,0.0,0.0,0,0,0.00,,,,,,,
,,,,,FR,0,0,0.0,0.0,0,0,0.00,,,,,,,
,,,,,HR,0,0,0.0,0.0,0,0,0.00,,,,,,,
,,,,,HU,0,0,0.0,0.0,0,0,0.00,,,,,,,
,,,,,IE,0,0,0.0,0.0,0,0,0.00,,,,,,,
,,,,,IT,0,0,0.0,0.0,0,0,0.00,,,,,,,
,,,,,LT,0,0,0.0,0.0,0,0,0.00,,,,,,,
,,,,,LU,0,0,0.0,0.0,0,0,0.00,,,,,,,
,,,,,LV,0,0,0.0,0.0,0,0,0.00,,,,,,,
,,,,,MT,0,0,0.0,0.0,0,0,0.00,,,,,,,
,,,,,NL,0,0,0.0,0.0,0,0,0.00,,,,,,,
,,,,,PL,0,0,0.0,0.0,0,0,0.00,,,,,,,
,,,,,PT,0,0,0.0,0.0,0,0,0.00,,,,,,,
,,,,,RO,0,0,0.0,0.0,0,0,0.00,,,,,,,
,,,,,SE,0,0,0.0,0.0,0,0,0.00,,,,,,,
,,,,,SI,0,0,0.0,0.0,0,0,0.00,,,,,,,
,,,,,SK,0,0,0.0,0.0,0,0,0.00,,,,,,,
All,Facebook,2025-07-01/2025-12-31,KEYWORD_OTHER_GAMBLING,This row was added for use in other parts of our report. We have included it here for consistency across the report.,AT,0,0,0.0,0.0,0,0,0.00,,,,,,,
,,,,,BE,0,0,0.0,0.0,0,0,0.00,,,,,,,
,,,,,BG,0,0,0.0,0.0,0,0,0.00,,,,,,,
,,,,,CY,0,0,0.0,0.0,0,0,0.00,,,,,,,
,,,,,CZ,0,0,0.0,0.0,0,0,0.00,,,,,,,
,,,,,DE,0,0,0.0,0.0,0,0,0.00,,,,,,,
,,,,,DK,0,0,0.0,0.0,0,0,0.00,,,,,,,
,,,,,EE,0,0,0.0,0.0,0,0,0.00,,,,,,,
,,,,,EL,0,0,0.0,0.0,0,0,0.00,,,,,,,
,,,,,ES,0,0,0.0,0.0,0,0,0.00,,,,,,,
,,,,,FI,0,0,0.0,0.0,0,0,0.00,,,,,,,
,,,,,FR,0,0,0.0,0.0,0,0,0.00,,,,,,,
,,,,,HR,0,0,0.0,0.0,0,0,0.00,,,,,,,
,,,,,HU,0,0,0.0,0.0,0,0,0.00,,,,,,,
,,,,,IE,0,0,0.0,0.0,0,0,0.00,,,,,,,
,,,,,IT,0,0,0.0,0.0,0,0,0.00,,,,,,,
,,,,,LT,0,0,0.0,0.0,0,0,0.00,,,,,,,
,,,,,LU,0,0,0.0,0.0,0,0,0.00,,,,,,,
,,,,,LV,0,0,0.0,0.0,0,0,0.00,,,,,,,
,,,,,MT,0,0,0.0,0.0,0,0,0.00,,,,,,,
,,,,,NL,0,0,0.0,0.0,0,0,0.00,,,,,,,
,,,,,PL,0,0,0.0,0.0,0,0,0.00,,,,,,,
,,,,,PT,0,0,0.0,0.0,0,0,0.00,,,,,,,
,,,,,RO,0,0,0.0,0.0,0,0,0.00,,,,,,,
,,,,,SE,0,0,0.0,0.0,0,0,0.00,,,,,,,
,,,,,SI,0,0,0.0,0.0,0,0,0.00,,,,,,,
,,,,,SK,0,0,0.0,0.0,0,0,0.00,,,,,,,
All,Facebook,2025-07-01/2025-12-31,KEYWORD_OTHER_FAKE_ENGAGEMENT,This row was added for use in other parts of our report. We have included it here for consistency across the report.,AT,0,0,0.0,0.0,0,0,0.00,,,,,,,
,,,,,BE,0,0,0.0,0.0,0,0,0.00,,,,,,,
,,,,,BG,0,0,0.0,0.0,0,0,0.00,,,,,,,
,,,,,CY,0,0,0.0,0.0,0,0,0.00,,,,,,,
,,,,,CZ,0,0,0.0,0.0,0,0,0.00,,,,,,,
,,,,,DE,0,0,0.0,0.0,0,0,0.00,,,,,,,
,,,,,DK,0,0,0.0,0.0,0,0,0.00,,,,,,,
,,,,,EE,0,0,0.0,0.0,0,0,0.00,,,,,,,
,,,,,EL,0,0,0.0,0.0,0,0,0.00,,,,,,,
,,,,,ES,0,0,0.0,0.0,0,0,0.00,,,,,,,
,,,,,FI,0,0,0.0,0.0,0,0,0.00,,,,,,,
,,,,,FR,0,0,0.0,0.0,0,0,0.00,,,,,,,
,,,,,HR,0,0,0.0,0.0,0,0,0.00,,,,,,,
,,,,,HU,0,0,0.0,0.0,0,0,0.00,,,,,,,
,,,,,IE,0,0,0.0,0.0,0,0,0.00,,,,,,,
,,,,,IT,0,0,0.0,0.0,0,0,0.00,,,,,,,
,,,,,LT,0,0,0.0,0.0,0,0,0.00,,,,,,,
,,,,,LU,0,0,0.0,0.0,0,0,0.00,,,,,,,
,,,,,LV,0,0,0.0,0.0,0,0,0.00,,,,,,,
,,,,,MT,0,0,0.0,0.0,0,0,0.00,,,,,,,
,,,,,NL,0,0,0.0,0.0,0,0,0.00,,,,,,,
,,,,,PL,0,0,0.0,0.0,0,0,0.00,,,,,,,
,,,,,PT,0,0,0.0,0.0,0,0,0.00,,,,,,,
,,,,,RO,0,0,0.0,0.0,0,0,0.00,,,,,,,
,,,,,SE,0,0,0.0,0.0,0,0,0.00,,,,,,,
,,,,,SI,0,0,0.0,0.0,0,0,0.00,,,,,,,
,,,,,SK,0,0,0.0,0.0,0,0,0.00,,,,,,,
All,Facebook,2025-07-01/2025-12-31,STATEMENT_CATEGORY_SELF_HARM,,AT,0,0,0.0,0.0,0,0,0.00,,,,,,,
,,,,,BE,0,0,0.0,0.0,0,0,0.00,,,,,,,
,,,,,BG,1,2,0.0,,0,0,0.00,,,,,,,
,,,,,CY,0,0,0.0,0.0,0,0,0.00,,,,,,,
,,,,,CZ,0,0,0.0,0.0,0,0,0.00,,,,,,,
,,,,,DE,0,0,0.0,0.0,0,0,0.00,,,,,,,
,,,,,DK,0,0,0.0,0.0,0,0,0.00,,,,,,,
,,,,,EE,0,0,0.0,0.0,0,0,0.00,,,,,,,
,,,,,EL,0,0,0.0,0.0,0,0,0.00,,,,,,,
,,,,,ES,0,0,0.0,0.0,0,0,0.00,,,,,,,
,,,,,FI,0,0,0.0,0.0,0,0,0.00,,,,,,,
,,,,,FR,0,0,0.0,0.0,0,0,0.00,,,,,,,
,,,,,HR,0,0,0.0,0.0,0,0,0.00,,,,,,,
,,,,,HU,0,0,0.0,0.0,0,0,0.00,,,,,,,
,,,,,IE,0,0,0.0,0.0,0,0,0.00,,,,,,,
,,,,,IT,0,0,0.0,0.0,0,0,0.00,,,,,,,
,,,,,LT,0,0,0.0,0.0,0,0,0.00,,,,,,,
,,,,,LU,0,0,0.0,0.0,0,0,0.00,,,,,,,
,,,,,LV,0,0,0.0,0.0,0,0,0.00,,,,,,,
,,,,,MT,0,0,0.0,0.0,0,0,0.00,,,,,,,
,,,,,NL,0,0,0.0,0.0,0,0,0.00,,,,,,,
,,,,,PL,0,0,0.0,0.0,1,0,555.89,,,,,,,
,,,,,PT,0,0,0.0,0.0,0,0,0.00,,,,,,,
,,,,,RO,0,0,0.0,0.0,0,0,0.00,,,,,,,
,,,,,SE,0,0,0.0,0.0,0,0,0.00,,,,,,,
,,,,,SI,0,0,0.0,0.0,0,0,0.00,,,,,,,
,,,,,SK,0,0,0.0,0.0,0,0,0.00,,,,,,,
All,Facebook,2025-07-01/2025-12-31,KEYWORD_CONTENT_PROMOTING_EATING_DISORDERS,,AT,0,0,0.0,0.0,0,0,0.00,,,,,,,
,,,,,BE,0,0,0.0,0.0,0,0,0.00,,,,,,,
,,,,,BG,0,0,0.0,0.0,0,0,0.00,,,,,,,
,,,,,CY,0,0,0.0,0.0,0,0,0.00,,,,,,,
,,,,,CZ,0,0,0.0,0.0,0,0,0.00,,,,,,,
,,,,,DE,0,0,0.0,0.0,0,0,0.00,,,,,,,
,,,,,DK,0,0,0.0,0.0,0,0,0.00,,,,,,,
,,,,,EE,0,0,0.0,0.0,0,0,0.00,,,,,,,
,,,,,EL,0,0,0.0,0.0,0,0,0.00,,,,,,,
,,,,,ES,0,0,0.0,0.0,0,0,0.00,,,,,,,
,,,,,FI,0,0,0.0,0.0,0,0,0.00,,,,,,,
,,,,,FR,0,0,0.0,0.0,0,0,0.00,,,,,,,
,,,,,HR,0,0,0.0,0.0,0,0,0.00,,,,,,,
,,,,,HU,0,0,0.0,0.0,0,0,0.00,,,,,,,
,,,,,IE,0,0,0.0,0.0,0,0,0.00,,,,,,,
,,,,,IT,0,0,0.0,0.0,0,0,0.00,,,,,,,
,,,,,LT,0,0,0.0,0.0,0,0,0.00,,,,,,,
,,,,,LU,0,0,0.0,0.0,0,0,0.00,,,,,,,
,,,,,LV,0,0,0.0,0.0,0,0,0.00,,,,,,,
,,,,,MT,0,0,0.0,0.0,0,0,0.00,,,,,,,
,,,,,NL,0,0,0.0,0.0,0,0,0.00,,,,,,,
,,,,,PL,0,0,0.0,0.0,0,0,0.00,,,,,,,
,,,,,PT,0,0,0.0,0.0,0,0,0.00,,,,,,,
,,,,,RO,0,0,0.0,0.0,0,0,0.00,,,,,,,
,,,,,SE,0,0,0.0,0.0,0,0,0.00,,,,,,,
,,,,,SI,0,0,0.0,0.0,0,0,0.00,,,,,,,
,,,,,SK,0,0,0.0,0.0,0,0,0.00,,,,,,,
All,Facebook,2025-07-01/2025-12-31,KEYWORD_SELF_MUTILATION,,AT,0,0,0.0,0.0,0,0,0.00,,,,,,,
,,,,,BE,0,0,0.0,0.0,0,0,0.00,,,,,,,
,,,,,BG,0,0,0.0,0.0,0,0,0.00,,,,,,,
,,,,,CY,0,0,0.0,0.0,0,0,0.00,,,,,,,
,,,,,CZ,0,0,0.0,0.0,0,0,0.00,,,,,,,
,,,,,DE,0,0,0.0,0.0,0,0,0.00,,,,,,,
,,,,,DK,0,0,0.0,0.0,0,0,0.00,,,,,,,
,,,,,EE,0,0,0.0,0.0,0,0,0.00,,,,,,,
,,,,,EL,0,0,0.0,0.0,0,0,0.00,,,,,,,
,,,,,ES,0,0,0.0,0.0,0,0,0.00,,,,,,,
,,,,,FI,0,0,0.0,0.0,0,0,0.00,,,,,,,
,,,,,FR,0,0,0.0,0.0,0,0,0.00,,,,,,,
,,,,,HR,0,0,0.0,0.0,0,0,0.00,,,,,,,
,,,,,HU,0,0,0.0,0.0,0,0,0.00,,,,,,,
,,,,,IE,0,0,0.0,0.0,0,0,0.00,,,,,,,
,,,,,IT,0,0,0.0,0.0,0,0,0.00,,,,,,,
,,,,,LT,0,0,0.0,0.0,0,0,0.00,,,,,,,
,,,,,LU,0,0,0.0,0.0,0,0,0.00,,,,,,,
,,,,,LV,0,0,0.0,0.0,0,0,0.00,,,,,,,
,,,,,MT,0,0,0.0,0.0,0,0,0.00,,,,,,,
,,,,,NL,0,0,0.0,0.0,0,0,0.00,,,,,,,
,,,,,PL,0,0,0.0,0.0,0,0,0.00,,,,,,,
,,,,,PT,0,0,0.0,0.0,0,0,0.00,,,,,,,
,,,,,RO,0,0,0.0,0.0,0,0,0.00,,,,,,,
,,,,,SE,0,0,0.0,0.0,0,0,0.00,,,,,,,
,,,,,SI,0,0,0.0,0.0,0,0,0.00,,,,,,,
,,,,,SK,0,0,0.0,0.0,0,0,0.00,,,,,,,
All,Facebook,2025-07-01/2025-12-31,KEYWORD_SUICIDE,,AT,0,0,0.0,0.0,0,0,0.00,,,,,,,
,,,,,BE,0,0,0.0,0.0,0,0,0.00,,,,,,,
,,,,,BG,1,2,0.0,,0,0,0.00,,,,,,,
,,,,,CY,0,0,0.0,0.0,0,0,0.00,,,,,,,
,,,,,CZ,0,0,0.0,0.0,0,0,0.00,,,,,,,
,,,,,DE,0,0,0.0,0.0,0,0,0.00,,,,,,,
,,,,,DK,0,0,0.0,0.0,0,0,0.00,,,,,,,
,,,,,EE,0,0,0.0,0.0,0,0,0.00,,,,,,,
,,,,,EL,0,0,0.0,0.0,0,0,0.00,,,,,,,
,,,,,ES,0,0,0.0,0.0,0,0,0.00,,,,,,,
,,,,,FI,0,0,0.0,0.0,0,0,0.00,,,,,,,
,,,,,FR,0,0,0.0,0.0,0,0,0.00,,,,,,,
,,,,,HR,0,0,0.0,0.0,0,0,0.00,,,,,,,
,,,,,HU,0,0,0.0,0.0,0,0,0.00,,,,,,,
,,,,,IE,0,0,0.0,0.0,0,0,0.00,,,,,,,
,,,,,IT,0,0,0.0,0.0,0,0,0.00,,,,,,,
,,,,,LT,0,0,0.0,0.0,0,0,0.00,,,,,,,
,,,,,LU,0,0,0.0,0.0,0,0,0.00,,,,,,,
,,,,,LV,0,0,0.0,0.0,0,0,0.00,,,,,,,
,,,,,MT,0,0,0.0,0.0,0,0,0.00,,,,,,,
,,,,,NL,0,0,0.0,0.0,0,0,0.00,,,,,,,
,,,,,PL,0,0,0.0,0.0,1,0,555.89,,,,,,,
,,,,,PT,0,0,0.0,0.0,0,0,0.00,,,,,,,
,,,,,RO,0,0,0.0,0.0,0,0,0.00,,,,,,,
,,,,,SE,0,0,0.0,0.0,0,0,0.00,,,,,,,
,,,,,SI,0,0,0.0,0.0,0,0,0.00,,,,,,,
,,,,,SK,0,0,0.0,0.0,0,0,0.00,,,,,,,
All,Facebook,2025-07-01/2025-12-31,STATEMENT_CATEGORY_UNSAFE_AND_PROHIBITED_PRODUCTS,,AT,0,0,0.0,0.0,0,0,0.00,,,,,,,
,,,,,BE,0,0,0.0,0.0,0,0,0.00,,,,,,,
,,,,,BG,0,0,0.0,0.0,0,0,0.00,,,,,,,
,,,,,CY,0,0,0.0,0.0,0,0,0.00,,,,,,,
,,,,,CZ,0,0,0.0,0.0,0,0,0.00,,,,,,,
,,,,,DE,0,0,0.0,0.0,121,0,87.48,,,,,,,
,,,,,DK,0,0,0.0,0.0,0,0,0.00,,,,,,,
,,,,,EE,0,0,0.0,0.0,0,0,0.00,,,,,,,
,,,,,EL,0,0,0.0,0.0,0,0,0.00,,,,,,,
,,,,,ES,0,0,0.0,0.0,0,0,0.00,,,,,,,
,,,,,FI,0,0,0.0,0.0,0,0,0.00,,,,,,,
,,,,,FR,0,0,0.0,0.0,20,0,116.08,,,,,,,
,,,,,HR,0,0,0.0,0.0,0,0,0.00,,,,,,,
,,,,,HU,0,0,0.0,0.0,2,0,173.06,,,,,,,
,,,,,IE,0,0,0.0,0.0,4,0,122.59,,,,,,,
,,,,,IT,0,0,0.0,0.0,2,0,,,,,,,,
,,,,,LT,0,0,0.0,0.0,0,0,0.00,,,,,,,
,,,,,LU,0,0,0.0,0.0,0,0,0.00,,,,,,,
,,,,,LV,0,0,0.0,0.0,0,0,0.00,,,,,,,
,,,,,MT,0,0,0.0,0.0,0,0,0.00,,,,,,,
,,,,,NL,0,0,0.0,0.0,0,0,0.00,,,,,,,
,,,,,PL,0,0,0.0,0.0,13,0,67.58,,,,,,,
,,,,,PT,0,0,0.0,0.0,1,0,146.58,,,,,,,
,,,,,RO,0,0,0.0,0.0,2,0,166.60,,,,,,,
,,,,,SE,0,0,0.0,0.0,0,0,0.00,,,,,,,
,,,,,SI,0,0,0.0,0.0,0,0,0.00,,,,,,,
,,,,,SK,0,0,0.0,0.0,0,0,0.00,,,,,,,
All,Facebook,2025-07-01/2025-12-31,KEYWORD_PROHIBITED_PRODUCTS,"Category is inclusive of Article 9 member state orders and Article 10 data requests related to drugs, firearms and other prohibited products.",AT,0,0,0.0,0.0,0,0,0.00,,,,,,,
,,,,,BE,0,0,0.0,0.0,0,0,0.00,,,,,,,
,,,,,BG,0,0,0.0,0.0,0,0,0.00,,,,,,,
,,,,,CY,0,0,0.0,0.0,0,0,0.00,,,,,,,
,,,,,CZ,0,0,0.0,0.0,0,0,0.00,,,,,,,
,,,,,DE,0,0,0.0,0.0,121,0,87.48,,,,,,,
,,,,,DK,0,0,0.0,0.0,0,0,0.00,,,,,,,
,,,,,EE,0,0,0.0,0.0,0,0,0.00,,,,,,,
,,,,,EL,0,0,0.0,0.0,0,0,0.00,,,,,,,
,,,,,ES,0,0,0.0,0.0,0,0,0.00,,,,,,,
,,,,,FI,0,0,0.0,0.0,0,0,0.00,,,,,,,
,,,,,FR,0,0,0.0,0.0,20,0,116.08,,,,,,,
,,,,,HR,0,0,0.0,0.0,0,0,0.00,,,,,,,
,,,,,HU,0,0,0.0,0.0,2,0,173.06,,,,,,,
,,,,,IE,0,0,0.0,0.0,4,0,122.59,,,,,,,
,,,,,IT,0,0,0.0,0.0,2,0,,,,,,,,
,,,,,LT,0,0,0.0,0.0,0,0,0.00,,,,,,,
,,,,,LU,0,0,0.0,0.0,0,0,0.00,,,,,,,
,,,,,LV,0,0,0.0,0.0,0,0,0.00,,,,,,,
,,,,,MT,0,0,0.0,0.0,0,0,0.00,,,,,,,
,,,,,NL,0,0,0.0,0.0,0,0,0.00,,,,,,,
,,,,,PL,0,0,0.0,0.0,13,0,67.58,,,,,,,
,,,,,PT,0,0,0.0,0.0,1,0,146.58,,,,,,,
,,,,,RO,0,0,0.0,0.0,2,0,166.60,,,,,,,
,,,,,SE,0,0,0.0,0.0,0,0,0.00,,,,,,,
,,,,,SI,0,0,0.0,0.0,0,0,0.00,,,,,,,
,,,,,SK,0,0,0.0,0.0,0,0,0.00,,,,,,,
All,Facebook,2025-07-01/2025-12-31,KEYWORD_UNSAFE_PRODUCTS,,AT,0,0,0.0,0.0,0,0,0.00,,,,,,,
,,,,,BE,0,0,0.0,0.0,0,0,0.00,,,,,,,
,,,,,BG,0,0,0.0,0.0,0,0,0.00,,,,,,,
,,,,,CY,0,0,0.0,0.0,0,0,0.00,,,,,,,
,,,,,CZ,0,0,0.0,0.0,0,0,0.00,,,,,,,
,,,,,DE,0,0,0.0,0.0,0,0,0.00,,,,,,,
,,,,,DK,0,0,0.0,0.0,0,0,0.00,,,,,,,
,,,,,EE,0,0,0.0,0.0,0,0,0.00,,,,,,,
,,,,,EL,0,0,0.0,0.0,0,0,0.00,,,,,,,
,,,,,ES,0,0,0.0,0.0,0,0,0.00,,,,,,,
,,,,,FI,0,0,0.0,0.0,0,0,0.00,,,,,,,
,,,,,FR,0,0,0.0,0.0,0,0,0.00,,,,,,,
,,,,,HR,0,0,0.0,0.0,0,0,0.00,,,,,,,
,,,,,HU,0,0,0.0,0.0,0,0,0.00,,,,,,,
,,,,,IE,0,0,0.0,0.0,0,0,0.00,,,,,,,
,,,,,IT,0,0,0.0,0.0,0,0,0.00,,,,,,,
,,,,,LT,0,0,0.0,0.0,0,0,0.00,,,,,,,
,,,,,LU,0,0,0.0,0.0,0,0,0.00,,,,,,,
,,,,,LV,0,0,0.0,0.0,0,0,0.00,,,,,,,
,,,,,MT,0,0,0.0,0.0,0,0,0.00,,,,,,,
,,,,,NL,0,0,0.0,0.0,0,0,0.00,,,,,,,
,,,,,PL,0,0,0.0,0.0,0,0,0.00,,,,,,,
,,,,,PT,0,0,0.0,0.0,0,0,0.00,,,,,,,
,,,,,RO,0,0,0.0,0.0,0,0,0.00,,,,,,,
,,,,,SE,0,0,0.0,0.0,0,0,0.00,,,,,,,
,,,,,SI,0,0,0.0,0.0,0,0,0.00,,,,,,,
,,,,,SK,0,0,0.0,0.0,0,0,0.00,,,,,,,
All,Facebook,2025-07-01/2025-12-31,KEYWORD_OTHER_GOODS_SERVICES_NOT_PERMITTED,"Added category to record Article 9 member state order submissions alleging unsafe substances, tobacco, alcohol, unsafe medical products, or unsafe financial services.",AT,0,0,0.0,0.0,0,0,0.00,,,,,,,
,,,,,BE,0,0,0.0,0.0,0,0,0.00,,,,,,,
,,,,,BG,0,0,0.0,0.0,0,0,0.00,,,,,,,
,,,,,CY,0,0,0.0,0.0,0,0,0.00,,,,,,,
,,,,,CZ,0,0,0.0,0.0,0,0,0.00,,,,,,,
,,,,,DE,0,0,0.0,0.0,0,0,0.00,,,,,,,
,,,,,DK,0,0,0.0,0.0,0,0,0.00,,,,,,,
,,,,,EE,0,0,0.0,0.0,0,0,0.00,,,,,,,
,,,,,EL,0,0,0.0,0.0,0,0,0.00,,,,,,,
,,,,,ES,0,0,0.0,0.0,0,0,0.00,,,,,,,
,,,,,FI,0,0,0.0,0.0,0,0,0.00,,,,,,,
,,,,,FR,0,0,0.0,0.0,0,0,0.00,,,,,,,
,,,,,HR,0,0,0.0,0.0,0,0,0.00,,,,,,,
,,,,,HU,0,0,0.0,0.0,0,0,0.00,,,,,,,
,,,,,IE,0,0,0.0,0.0,0,0,0.00,,,,,,,
,,,,,IT,0,0,0.0,0.0,0,0,0.00,,,,,,,
,,,,,LT,0,0,0.0,0.0,0,0,0.00,,,,,,,
,,,,,LU,0,0,0.0,0.0,0,0,0.00,,,,,,,
,,,,,LV,0,0,0.0,0.0,0,0,0.00,,,,,,,
,,,,,MT,0,0,0.0,0.0,0,0,0.00,,,,,,,
,,,,,NL,0,0,0.0,0.0,0,0,0.00,,,,,,,
,,,,,PL,0,0,0.0,0.0,0,0,0.00,,,,,,,
,,,,,PT,0,0,0.0,0.0,0,0,0.00,,,,,,,
,,,,,RO,0,0,0.0,0.0,0,0,0.00,,,,,,,
,,,,,SE,0,0,0.0,0.0,0,0,0.00,,,,,,,
,,,,,SI,0,0,0.0,0.0,0,0,0.00,,,,,,,
,,,,,SK,0,0,0.0,0.0,0,0,0.00,,,,,,,
All,Facebook,2025-07-01/2025-12-31,KEYWORD_OTHER_STOLEN_GOODS,This row was added for use in other parts of our report. We have included it here for consistency across the report.,AT,0,0,0.0,0.0,0,0,0.00,,,,,,,
,,,,,BE,0,0,0.0,0.0,0,0,0.00,,,,,,,
,,,,,BG,0,0,0.0,0.0,0,0,0.00,,,,,,,
,,,,,CY,0,0,0.0,0.0,0,0,0.00,,,,,,,
,,,,,CZ,0,0,0.0,0.0,0,0,0.00,,,,,,,
,,,,,DE,0,0,0.0,0.0,0,0,0.00,,,,,,,
,,,,,DK,0,0,0.0,0.0,0,0,0.00,,,,,,,
,,,,,EE,0,0,0.0,0.0,0,0,0.00,,,,,,,
,,,,,EL,0,0,0.0,0.0,0,0,0.00,,,,,,,
,,,,,ES,0,0,0.0,0.0,0,0,0.00,,,,,,,
,,,,,FI,0,0,0.0,0.0,0,0,0.00,,,,,,,
,,,,,FR,0,0,0.0,0.0,0,0,0.00,,,,,,,
,,,,,HR,0,0,0.0,0.0,0,0,0.00,,,,,,,
,,,,,HU,0,0,0.0,0.0,0,0,0.00,,,,,,,
,,,,,IE,0,0,0.0,0.0,0,0,0.00,,,,,,,
,,,,,IT,0,0,0.0,0.0,0,0,0.00,,,,,,,
,,,,,LT,0,0,0.0,0.0,0,0,0.00,,,,,,,
,,,,,LU,0,0,0.0,0.0,0,0,0.00,,,,,,,
,,,,,LV,0,0,0.0,0.0,0,0,0.00,,,,,,,
,,,,,MT,0,0,0.0,0.0,0,0,0.00,,,,,,,
,,,,,NL,0,0,0.0,0.0,0,0,0.00,,,,,,,
,,,,,PL,0,0,0.0,0.0,0,0,0.00,,,,,,,
,,,,,PT,0,0,0.0,0.0,0,0,0.00,,,,,,,
,,,,,RO,0,0,0.0,0.0,0,0,0.00,,,,,,,
,,,,,SE,0,0,0.0,0.0,0,0,0.00,,,,,,,
,,,,,SI,0,0,0.0,0.0,0,0,0.00,,,,,,,
,,,,,SK,0,0,0.0,0.0,0,0,0.00,,,,,,,
All,Facebook,2025-07-01/2025-12-31,KEYWORD_OTHER_VEHICLE_ACCESSORIES,This row was added for use in other parts of our report. We have included it here for consistency across the report.,AT,0,0,0.0,0.0,0,0,0.00,,,,,,,
,,,,,BE,0,0,0.0,0.0,0,0,0.00,,,,,,,
,,,,,BG,0,0,0.0,0.0,0,0,0.00,,,,,,,
,,,,,CY,0,0,0.0,0.0,0,0,0.00,,,,,,,
,,,,,CZ,0,0,0.0,0.0,0,0,0.00,,,,,,,
,,,,,DE,0,0,0.0,0.0,0,0,0.00,,,,,,,
,,,,,DK,0,0,0.0,0.0,0,0,0.00,,,,,,,
,,,,,EE,0,0,0.0,0.0,0,0,0.00,,,,,,,
,,,,,EL,0,0,0.0,0.0,0,0,0.00,,,,,,,
,,,,,ES,0,0,0.0,0.0,0,0,0.00,,,,,,,
,,,,,FI,0,0,0.0,0.0,0,0,0.00,,,,,,,
,,,,,FR,0,0,0.0,0.0,0,0,0.00,,,,,,,
,,,,,HR,0,0,0.0,0.0,0,0,0.00,,,,,,,
,,,,,HU,0,0,0.0,0.0,0,0,0.00,,,,,,,
,,,,,IE,0,0,0.0,0.0,0,0,0.00,,,,,,,
,,,,,IT,0,0,0.0,0.0,0,0,0.00,,,,,,,
,,,,,LT,0,0,0.0,0.0,0,0,0.00,,,,,,,
,,,,,LU,0,0,0.0,0.0,0,0,0.00,,,,,,,
,,,,,LV,0,0,0.0,0.0,0,0,0.00,,,,,,,
,,,,,MT,0,0,0.0,0.0,0,0,0.00,,,,,,,
,,,,,NL,0,0,0.0,0.0,0,0,0.00,,,,,,,
,,,,,PL,0,0,0.0,0.0,0,0,0.00,,,,,,,
,,,,,PT,0,0,0.0,0.0,0,0,0.00,,,,,,,
,,,,,RO,0,0,0.0,0.0,0,0,0.00,,,,,,,
,,,,,SE,0,0,0.0,0.0,0,0,0.00,,,,,,,
,,,,,SI,0,0,0.0,0.0,0,0,0.00,,,,,,,
,,,,,SK,0,0,0.0,0.0,0,0,0.00,,,,,,,
All,Facebook,2025-07-01/2025-12-31,KEYWORD_OTHER_NUDITY_SEXUAL_ACTIVITY,Added category to capture Article 9 member state order submissions alleging nudity or sexual activity.,AT,0,0,0.0,0.0,0,0,0.00,,,,,,,
,,,,,BE,0,0,0.0,0.0,0,0,0.00,,,,,,,
,,,,,BG,0,0,0.0,0.0,0,0,0.00,,,,,,,
,,,,,CY,0,0,0.0,0.0,0,0,0.00,,,,,,,
,,,,,CZ,0,0,0.0,0.0,0,0,0.00,,,,,,,
,,,,,DE,0,0,0.0,0.0,0,0,0.00,,,,,,,
,,,,,DK,0,0,0.0,0.0,0,0,0.00,,,,,,,
,,,,,EE,0,0,0.0,0.0,0,0,0.00,,,,,,,
,,,,,EL,0,0,0.0,0.0,0,0,0.00,,,,,,,
,,,,,ES,0,0,0.0,0.0,0,0,0.00,,,,,,,
,,,,,FI,0,0,0.0,0.0,0,0,0.00,,,,,,,
,,,,,FR,0,0,0.0,0.0,0,0,0.00,,,,,,,
,,,,,HR,0,0,0.0,0.0,0,0,0.00,,,,,,,
,,,,,HU,0,0,0.0,0.0,0,0,0.00,,,,,,,
,,,,,IE,0,0,0.0,0.0,0,0,0.00,,,,,,,
,,,,,IT,0,0,0.0,0.0,0,0,0.00,,,,,,,
,,,,,LT,0,0,0.0,0.0,0,0,0.00,,,,,,,
,,,,,LU,0,0,0.0,0.0,0,0,0.00,,,,,,,
,,,,,LV,0,0,0.0,0.0,0,0,0.00,,,,,,,
,,,,,MT,0,0,0.0,0.0,0,0,0.00,,,,,,,
,,,,,NL,0,0,0.0,0.0,0,0,0.00,,,,,,,
,,,,,PL,0,0,0.0,0.0,0,0,0.00,,,,,,,
,,,,,PT,0,0,0.0,0.0,0,0,0.00,,,,,,,
,,,,,RO,0,0,0.0,0.0,0,0,0.00,,,,,,,
,,,,,SE,0,0,0.0,0.0,0,0,0.00,,,,,,,
,,,,,SI,0,0,0.0,0.0,0,0,0.00,,,,,,,
,,,,,SK,0,0,0.0,0.0,0,0,0.00,,,,,,,
All,Facebook,2025-07-01/2025-12-31,STATEMENT_CATEGORY_VIOLENCE,,AT,0,0,0.0,0.0,0,0,0.00,,,,,,,
,,,,,BE,1,4,0.0,18.5,0,0,0.00,,,,,,,
,,,,,BG,3,6,0.0,7.8,0,0,0.00,,,,,,,
,,,,,CY,0,0,0.0,0.0,0,0,0.00,,,,,,,
,,,,,CZ,0,0,0.0,0.0,0,0,0.00,,,,,,,
,,,,,DE,50,48,0.0,9.3,124,0,122.51,,,,,,,
,,,,,DK,1,5,0.0,1.3,0,0,0.00,,,,,,,
,,,,,EE,0,0,0.0,0.0,0,0,0.00,,,,,,,
,,,,,EL,0,0,0.0,0.0,0,0,0.00,,,,,,,
,,,,,ES,0,0,0.0,0.0,1,0,89.36,,,,,,,
,,,,,FI,0,0,0.0,0.0,0,0,0.00,,,,,,,
,,,,,FR,2,3,0.0,,41,0,143.71,,,,,,,
,,,,,HR,0,0,0.0,0.0,0,0,0.00,,,,,,,
,,,,,HU,0,0,0.0,0.0,10,0,120.09,,,,,,,
,,,,,IE,2,2,0.0,683.6,31,0,138.41,,,,,,,
,,,,,IT,8,7,0.0,35.8,19,0,99.28,,,,,,,
,,,,,LT,4,4,0.0,48.4,0,0,0.00,,,,,,,
,,,,,LU,0,0,0.0,0.0,0,0,0.00,,,,,,,
,,,,,LV,0,0,0.0,0.0,0,0,0.00,,,,,,,
,,,,,MT,0,0,0.0,0.0,3,0,138.77,,,,,,,
,,,,,NL,1,1,0.0,21.3,0,0,0.00,,,,,,,
,,,,,PL,0,0,0.0,0.0,42,0,106.92,,,,,,,
,,,,,PT,0,0,0.0,0.0,2,0,337.04,,,,,,,
,,,,,RO,0,0,0.0,0.0,10,0,132.68,,,,,,,
,,,,,SE,0,0,0.0,0.0,0,0,0.00,,,,,,,
,,,,,SI,0,0,0.0,0.0,1,0,820.12,,,,,,,
,,,,,SK,0,0,0.0,0.0,0,0,0.00,,,,,,,
All,Facebook,2025-07-01/2025-12-31,KEYWORD_COORDINATED_HARM,,AT,0,0,0.0,0.0,0,0,0.00,,,,,,,
,,,,,BE,0,0,0.0,0.0,0,0,0.00,,,,,,,
,,,,,BG,0,0,0.0,0.0,0,0,0.00,,,,,,,
,,,,,CY,0,0,0.0,0.0,0,0,0.00,,,,,,,
,,,,,CZ,0,0,0.0,0.0,0,0,0.00,,,,,,,
,,,,,DE,0,0,0.0,0.0,6,0,124.54,,,,,,,
,,,,,DK,0,0,0.0,0.0,0,0,0.00,,,,,,,
,,,,,EE,0,0,0.0,0.0,0,0,0.00,,,,,,,
,,,,,EL,0,0,0.0,0.0,0,0,0.00,,,,,,,
,,,,,ES,0,0,0.0,0.0,0,0,0.00,,,,,,,
,,,,,FI,0,0,0.0,0.0,0,0,0.00,,,,,,,
,,,,,FR,0,0,0.0,0.0,3,0,144.35,,,,,,,
,,,,,HR,0,0,0.0,0.0,0,0,0.00,,,,,,,
,,,,,HU,0,0,0.0,0.0,0,0,0.00,,,,,,,
,,,,,IE,0,0,0.0,0.0,0,0,0.00,,,,,,,
,,,,,IT,0,0,0.0,0.0,0,0,0.00,,,,,,,
,,,,,LT,0,0,0.0,0.0,0,0,0.00,,,,,,,
,,,,,LU,0,0,0.0,0.0,0,0,0.00,,,,,,,
,,,,,LV,0,0,0.0,0.0,0,0,0.00,,,,,,,
,,,,,MT,0,0,0.0,0.0,0,0,0.00,,,,,,,
,,,,,NL,0,0,0.0,0.0,0,0,0.00,,,,,,,
,,,,,PL,0,0,0.0,0.0,0,0,0.00,,,,,,,
,,,,,PT,0,0,0.0,0.0,0,0,0.00,,,,,,,
,,,,,RO,0,0,0.0,0.0,0,0,0.00,,,,,,,
,,,,,SE,0,0,0.0,0.0,0,0,0.00,,,,,,,
,,,,,SI,0,0,0.0,0.0,0,0,0.00,,,,,,,
,,,,,SK,0,0,0.0,0.0,0,0,0.00,,,,,,,
All,Facebook,2025-07-01/2025-12-31,KEYWORD_INCITEMENT_VIOLENCE_HATRED,Category is inclusive of Article 10 data requests alleging the threat of violence as the reason for the request.,AT,0,0,0.0,0.0,0,0,0.00,,,,,,,
,,,,,BE,0,0,0.0,0.0,0,0,0.00,,,,,,,
,,,,,BG,3,6,0.0,7.8,0,0,0.00,,,,,,,
,,,,,CY,0,0,0.0,0.0,0,0,0.00,,,,,,,
,,,,,CZ,0,0,0.0,0.0,0,0,0.00,,,,,,,
,,,,,DE,50,48,0.0,9.3,0,0,0.00,,,,,,,
,,,,,DK,0,0,0.0,0.0,0,0,0.00,,,,,,,
,,,,,EE,0,0,0.0,0.0,0,0,0.00,,,,,,,
,,,,,EL,0,0,0.0,0.0,0,0,0.00,,,,,,,
,,,,,ES,0,0,0.0,0.0,0,0,0.00,,,,,,,
,,,,,FI,0,0,0.0,0.0,0,0,0.00,,,,,,,
,,,,,FR,1,1,0.0,,0,0,0.00,,,,,,,
,,,,,HR,0,0,0.0,0.0,0,0,0.00,,,,,,,
,,,,,HU,0,0,0.0,0.0,0,0,0.00,,,,,,,
,,,,,IE,1,1,0.0,683.6,0,0,0.00,,,,,,,
,,,,,IT,2,1,0.0,18.6,0,0,0.00,,,,,,,
,,,,,LT,3,3,0.0,48.2,0,0,0.00,,,,,,,
,,,,,LU,0,0,0.0,0.0,0,0,0.00,,,,,,,
,,,,,LV,0,0,0.0,0.0,0,0,0.00,,,,,,,
,,,,,MT,0,0,0.0,0.0,0,0,0.00,,,,,,,
,,,,,NL,0,0,0.0,0.0,0,0,0.00,,,,,,,
,,,,,PL,0,0,0.0,0.0,0,0,0.00,,,,,,,
,,,,,PT,0,0,0.0,0.0,0,0,0.00,,,,,,,
,,,,,RO,0,0,0.0,0.0,0,0,0.00,,,,,,,
,,,,,SE,0,0,0.0,0.0,0,0,0.00,,,,,,,
,,,,,SI,0,0,0.0,0.0,0,0,0.00,,,,,,,
,,,,,SK,0,0,0.0,0.0,0,0,0.00,,,,,,,
All,Facebook,2025-07-01/2025-12-31,KEYWORD_HUMAN_EXPLOITATION,,AT,0,0,0.0,0.0,0,0,0.00,,,,,,,
,,,,,BE,1,4,0.0,18.5,0,0,0.00,,,,,,,
,,,,,BG,0,0,0.0,0.0,0,0,0.00,,,,,,,
,,,,,CY,0,0,0.0,0.0,0,0,0.00,,,,,,,
,,,,,CZ,0,0,0.0,0.0,0,0,0.00,,,,,,,
,,,,,DE,0,0,0.0,0.0,15,0,94.35,,,,,,,
,,,,,DK,1,5,0.0,1.3,0,0,0.00,,,,,,,
,,,,,EE,0,0,0.0,0.0,0,0,0.00,,,,,,,
,,,,,EL,0,0,0.0,0.0,0,0,0.00,,,,,,,
,,,,,ES,0,0,0.0,0.0,0,0,0.00,,,,,,,
,,,,,FI,0,0,0.0,0.0,0,0,0.00,,,,,,,
,,,,,FR,1,2,0.0,,0,0,0.00,,,,,,,
,,,,,HR,0,0,0.0,0.0,0,0,0.00,,,,,,,
,,,,,HU,0,0,0.0,0.0,0,0,0.00,,,,,,,
,,,,,IE,1,1,0.0,93.2,0,0,0.00,,,,,,,
,,,,,IT,5,5,0.0,709.3,1,0,41.62,,,,,,,
,,,,,LT,0,0,0.0,0.0,0,0,0.00,,,,,,,
,,,,,LU,0,0,0.0,0.0,0,0,0.00,,,,,,,
,,,,,LV,0,0,0.0,0.0,0,0,0.00,,,,,,,
,,,,,MT,0,0,0.0,0.0,0,0,0.00,,,,,,,
,,,,,NL,1,1,0.0,21.3,0,0,0.00,,,,,,,
,,,,,PL,0,0,0.0,0.0,10,0,98.66,,,,,,,
,,,,,PT,0,0,0.0,0.0,0,0,0.00,,,,,,,
,,,,,RO,0,0,0.0,0.0,0,0,0.00,,,,,,,
,,,,,SE,0,0,0.0,0.0,0,0,0.00,,,,,,,
,,,,,SI,0,0,0.0,0.0,0,0,0.00,,,,,,,
,,,,,SK,0,0,0.0,0.0,0,0,0.00,,,,,,,
All,Facebook,2025-07-01/2025-12-31,KEYWORD_HUMAN_TRAFFICKING,,AT,0,0,0.0,0.0,0,0,0.00,,,,,,,
,,,,,BE,0,0,0.0,0.0,0,0,0.00,,,,,,,
,,,,,BG,0,0,0.0,0.0,0,0,0.00,,,,,,,
,,,,,CY,0,0,0.0,0.0,0,0,0.00,,,,,,,
,,,,,CZ,0,0,0.0,0.0,0,0,0.00,,,,,,,
,,,,,DE,0,0,0.0,0.0,3,0,83.45,,,,,,,
,,,,,DK,0,0,0.0,0.0,0,0,0.00,,,,,,,
,,,,,EE,0,0,0.0,0.0,0,0,0.00,,,,,,,
,,,,,EL,0,0,0.0,0.0,0,0,0.00,,,,,,,
,,,,,ES,0,0,0.0,0.0,0,0,0.00,,,,,,,
,,,,,FI,0,0,0.0,0.0,0,0,0.00,,,,,,,
,,,,,FR,0,0,0.0,0.0,1,0,137.72,,,,,,,
,,,,,HR,0,0,0.0,0.0,0,0,0.00,,,,,,,
,,,,,HU,0,0,0.0,0.0,2,0,120.09,,,,,,,
,,,,,IE,0,0,0.0,0.0,0,0,0.00,,,,,,,
,,,,,IT,1,1,0.0,7.5,1,0,2.15,,,,,,,
,,,,,LT,1,1,0.0,48.4,0,0,0.00,,,,,,,
,,,,,LU,0,0,0.0,0.0,0,0,0.00,,,,,,,
,,,,,LV,0,0,0.0,0.0,0,0,0.00,,,,,,,
,,,,,MT,0,0,0.0,0.0,0,0,0.00,,,,,,,
,,,,,NL,0,0,0.0,0.0,0,0,0.00,,,,,,,
,,,,,PL,0,0,0.0,0.0,3,0,164.92,,,,,,,
,,,,,PT,0,0,0.0,0.0,0,0,0.00,,,,,,,
,,,,,RO,0,0,0.0,0.0,3,0,126.24,,,,,,,
,,,,,SE,0,0,0.0,0.0,0,0,0.00,,,,,,,
,,,,,SI,0,0,0.0,0.0,0,0,0.00,,,,,,,
,,,,,SK,0,0,0.0,0.0,0,0,0.00,,,,,,,
All,Facebook,2025-07-01/2025-12-31,KEYWORD_TRAFFICKING_WOMEN_GIRLS,,AT,0,0,0.0,0.0,0,0,0.00,,,,,,,
,,,,,BE,0,0,0.0,0.0,0,0,0.00,,,,,,,
,,,,,BG,0,0,0.0,0.0,0,0,0.00,,,,,,,
,,,,,CY,0,0,0.0,0.0,0,0,0.00,,,,,,,
,,,,,CZ,0,0,0.0,0.0,0,0,0.00,,,,,,,
,,,,,DE,0,0,0.0,0.0,0,0,0.00,,,,,,,
,,,,,DK,0,0,0.0,0.0,0,0,0.00,,,,,,,
,,,,,EE,0,0,0.0,0.0,0,0,0.00,,,,,,,
,,,,,EL,0,0,0.0,0.0,0,0,0.00,,,,,,,
,,,,,ES,0,0,0.0,0.0,0,0,0.00,,,,,,,
,,,,,FI,0,0,0.0,0.0,0,0,0.00,,,,,,,
,,,,,FR,0,0,0.0,0.0,0,0,0.00,,,,,,,
,,,,,HR,0,0,0.0,0.0,0,0,0.00,,,,,,,
,,,,,HU,0,0,0.0,0.0,0,0,0.00,,,,,,,
,,,,,IE,0,0,0.0,0.0,0,0,0.00,,,,,,,
,,,,,IT,0,0,0.0,0.0,0,0,0.00,,,,,,,
,,,,,LT,0,0,0.0,0.0,0,0,0.00,,,,,,,
,,,,,LU,0,0,0.0,0.0,0,0,0.00,,,,,,,
,,,,,LV,0,0,0.0,0.0,0,0,0.00,,,,,,,
,,,,,MT,0,0,0.0,0.0,0,0,0.00,,,,,,,
,,,,,NL,0,0,0.0,0.0,0,0,0.00,,,,,,,
,,,,,PL,0,0,0.0,0.0,0,0,0.00,,,,,,,
,,,,,PT,0,0,0.0,0.0,0,0,0.00,,,,,,,
,,,,,RO,0,0,0.0,0.0,0,0,0.00,,,,,,,
,,,,,SE,0,0,0.0,0.0,0,0,0.00,,,,,,,
,,,,,SI,0,0,0.0,0.0,0,0,0.00,,,,,,,
,,,,,SK,0,0,0.0,0.0,0,0,0.00,,,,,,,
All,Facebook,2025-07-01/2025-12-31,KEYWORD_OTHER_MURDER,Added category to record Article 10 member state order submissions to provide information alleging murder as the reason for the request.,AT,0,0,0.0,0.0,0,0,0.00,,,,,,,
,,,,,BE,0,0,0.0,0.0,0,0,0.00,,,,,,,
,,,,,BG,0,0,0.0,0.0,0,0,0.00,,,,,,,
,,,,,CY,0,0,0.0,0.0,0,0,0.00,,,,,,,
,,,,,CZ,0,0,0.0,0.0,0,0,0.00,,,,,,,
,,,,,DE,0,0,0.0,0.0,15,0,121.80,,,,,,,
,,,,,DK,0,0,0.0,0.0,0,0,0.00,,,,,,,
,,,,,EE,0,0,0.0,0.0,0,0,0.00,,,,,,,
,,,,,EL,0,0,0.0,0.0,0,0,0.00,,,,,,,
,,,,,ES,0,0,0.0,0.0,0,0,0.00,,,,,,,
,,,,,FI,0,0,0.0,0.0,0,0,0.00,,,,,,,
,,,,,FR,0,0,0.0,0.0,1,0,174.15,,,,,,,
,,,,,HR,0,0,0.0,0.0,0,0,0.00,,,,,,,
,,,,,HU,0,0,0.0,0.0,0,0,0.00,,,,,,,
,,,,,IE,0,0,0.0,0.0,22,0,168.40,,,,,,,
,,,,,IT,0,0,0.0,0.0,1,0,170.41,,,,,,,
,,,,,LT,0,0,0.0,0.0,0,0,0.00,,,,,,,
,,,,,LU,0,0,0.0,0.0,0,0,0.00,,,,,,,
,,,,,LV,0,0,0.0,0.0,0,0,0.00,,,,,,,
,,,,,MT,0,0,0.0,0.0,0,0,0.00,,,,,,,
,,,,,NL,0,0,0.0,0.0,0,0,0.00,,,,,,,
,,,,,PL,0,0,0.0,0.0,0,0,0.00,,,,,,,
,,,,,PT,0,0,0.0,0.0,0,0,0.00,,,,,,,
,,,,,RO,0,0,0.0,0.0,1,0,96.48,,,,,,,
,,,,,SE,0,0,0.0,0.0,0,0,0.00,,,,,,,
,,,,,SI,0,0,0.0,0.0,1,0,820.12,,,,,,,
,,,,,SK,0,0,0.0,0.0,0,0,0.00,,,,,,,
All,Facebook,2025-07-01/2025-12-31,KEYWORD_OTHER_KIDNAPPED_OR_MISSING_PERSON,Added category to record Article 10 member state order submissions to provide information alleging kidnapping or missing person as the reason for the request.,AT,0,0,0.0,0.0,0,0,0.00,,,,,,,
,,,,,BE,0,0,0.0,0.0,0,0,0.00,,,,,,,
,,,,,BG,0,0,0.0,0.0,0,0,0.00,,,,,,,
,,,,,CY,0,0,0.0,0.0,0,0,0.00,,,,,,,
,,,,,CZ,0,0,0.0,0.0,0,0,0.00,,,,,,,
,,,,,DE,0,0,0.0,0.0,4,0,19.67,,,,,,,
,,,,,DK,0,0,0.0,0.0,0,0,0.00,,,,,,,
,,,,,EE,0,0,0.0,0.0,0,0,0.00,,,,,,,
,,,,,EL,0,0,0.0,0.0,0,0,0.00,,,,,,,
,,,,,ES,0,0,0.0,0.0,1,0,89.36,,,,,,,
,,,,,FI,0,0,0.0,0.0,0,0,0.00,,,,,,,
,,,,,FR,0,0,0.0,0.0,4,0,144.94,,,,,,,
,,,,,HR,0,0,0.0,0.0,0,0,0.00,,,,,,,
,,,,,HU,0,0,0.0,0.0,0,0,0.00,,,,,,,
,,,,,IE,0,0,0.0,0.0,0,0,0.00,,,,,,,
,,,,,IT,0,0,0.0,0.0,1,0,143.25,,,,,,,
,,,,,LT,0,0,0.0,0.0,0,0,0.00,,,,,,,
,,,,,LU,0,0,0.0,0.0,0,0,0.00,,,,,,,
,,,,,LV,0,0,0.0,0.0,0,0,0.00,,,,,,,
,,,,,MT,0,0,0.0,0.0,0,0,0.00,,,,,,,
,,,,,NL,0,0,0.0,0.0,0,0,0.00,,,,,,,
,,,,,PL,0,0,0.0,0.0,6,0,49.37,,,,,,,
,,,,,PT,0,0,0.0,0.0,0,0,0.00,,,,,,,
,,,,,RO,0,0,0.0,0.0,0,0,0.00,,,,,,,
,,,,,SE,0,0,0.0,0.0,0,0,0.00,,,,,,,
,,,,,SI,0,0,0.0,0.0,0,0,0.00,,,,,,,
,,,,,SK,0,0,0.0,0.0,0,0,0.00,,,,,,,
All,Facebook,2025-07-01/2025-12-31,KEYWORD_OTHER_PHYSICAL_ASSAULT,Added category to record Article 10 member state order submissions to provide information alleging physical assault as the reason for the request.,AT,0,0,0.0,0.0,0,0,0.00,,,,,,,
,,,,,BE,0,0,0.0,0.0,0,0,0.00,,,,,,,
,,,,,BG,0,0,0.0,0.0,0,0,0.00,,,,,,,
,,,,,CY,0,0,0.0,0.0,0,0,0.00,,,,,,,
,,,,,CZ,0,0,0.0,0.0,0,0,0.00,,,,,,,
,,,,,DE,0,0,0.0,0.0,4,0,121.40,,,,,,,
,,,,,DK,0,0,0.0,0.0,0,0,0.00,,,,,,,
,,,,,EE,0,0,0.0,0.0,0,0,0.00,,,,,,,
,,,,,EL,0,0,0.0,0.0,0,0,0.00,,,,,,,
,,,,,ES,0,0,0.0,0.0,0,0,0.00,,,,,,,
,,,,,FI,0,0,0.0,0.0,0,0,0.00,,,,,,,
,,,,,FR,0,0,0.0,0.0,5,0,120.19,,,,,,,
,,,,,HR,0,0,0.0,0.0,0,0,0.00,,,,,,,
,,,,,HU,0,0,0.0,0.0,0,0,0.00,,,,,,,
,,,,,IE,0,0,0.0,0.0,3,0,115.52,,,,,,,
,,,,,IT,0,0,0.0,0.0,0,0,0.00,,,,,,,
,,,,,LT,0,0,0.0,0.0,0,0,0.00,,,,,,,
,,,,,LU,0,0,0.0,0.0,0,0,0.00,,,,,,,
,,,,,LV,0,0,0.0,0.0,0,0,0.00,,,,,,,
,,,,,MT,0,0,0.0,0.0,0,0,0.00,,,,,,,
,,,,,NL,0,0,0.0,0.0,0,0,0.00,,,,,,,
,,,,,PL,0,0,0.0,0.0,1,0,60.66,,,,,,,
,,,,,PT,0,0,0.0,0.0,1,0,,,,,,,,
,,,,,RO,0,0,0.0,0.0,0,0,0.00,,,,,,,
,,,,,SE,0,0,0.0,0.0,0,0,0.00,,,,,,,
,,,,,SI,0,0,0.0,0.0,0,0,0.00,,,,,,,
,,,,,SK,0,0,0.0,0.0,0,0,0.00,,,,,,,
All,Facebook,2025-07-01/2025-12-31,KEYWORD_OTHER_SEX_CRIME_SEXUAL_ASSAULT,Added category to record Article 10 member state order submissions to provide information alleging a sex crime or sexual assault as the reason for the request.,AT,0,0,0.0,0.0,0,0,0.00,,,,,,,
,,,,,BE,0,0,0.0,0.0,0,0,0.00,,,,,,,
,,,,,BG,0,0,0.0,0.0,0,0,0.00,,,,,,,
,,,,,CY,0,0,0.0,0.0,0,0,0.00,,,,,,,
,,,,,CZ,0,0,0.0,0.0,0,0,0.00,,,,,,,
,,,,,DE,0,0,0.0,0.0,8,0,50.43,,,,,,,
,,,,,DK,0,0,0.0,0.0,0,0,0.00,,,,,,,
,,,,,EE,0,0,0.0,0.0,0,0,0.00,,,,,,,
,,,,,EL,0,0,0.0,0.0,0,0,0.00,,,,,,,
,,,,,ES,0,0,0.0,0.0,0,0,0.00,,,,,,,
,,,,,FI,0,0,0.0,0.0,0,0,0.00,,,,,,,
,,,,,FR,0,0,0.0,0.0,7,0,118.65,,,,,,,
,,,,,HR,0,0,0.0,0.0,0,0,0.00,,,,,,,
,,,,,HU,0,0,0.0,0.0,2,0,98.39,,,,,,,
,,,,,IE,0,0,0.0,0.0,4,0,94.05,,,,,,,
,,,,,IT,0,0,0.0,0.0,1,0,71.69,,,,,,,
,,,,,LT,0,0,0.0,0.0,0,0,0.00,,,,,,,
,,,,,LU,0,0,0.0,0.0,0,0,0.00,,,,,,,
,,,,,LV,0,0,0.0,0.0,0,0,0.00,,,,,,,
,,,,,MT,0,0,0.0,0.0,1,0,,,,,,,,
,,,,,NL,0,0,0.0,0.0,0,0,0.00,,,,,,,
,,,,,PL,0,0,0.0,0.0,1,0,236.95,,,,,,,
,,,,,PT,0,0,0.0,0.0,0,0,0.00,,,,,,,
,,,,,RO,0,0,0.0,0.0,0,0,0.00,,,,,,,
,,,,,SE,0,0,0.0,0.0,0,0,0.00,,,,,,,
,,,,,SI,0,0,0.0,0.0,0,0,0.00,,,,,,,
,,,,,SK,0,0,0.0,0.0,0,0,0.00,,,,,,,
All,Facebook,2025-07-01/2025-12-31,KEYWORD_OTHER_GRAPHIC_VIOLENCE,Added category to record Article 9 member state order submissions alleging graphic violence.,AT,0,0,0.0,0.0,0,0,0.00,,,,,,,
,,,,,BE,0,0,0.0,0.0,0,0,0.00,,,,,,,
,,,,,BG,0,0,0.0,0.0,0,0,0.00,,,,,,,
,,,,,CY,0,0,0.0,0.0,0,0,0.00,,,,,,,
,,,,,CZ,0,0,0.0,0.0,0,0,0.00,,,,,,,
,,,,,DE,0,0,0.0,0.0,0,0,0.00,,,,,,,
,,,,,DK,0,0,0.0,0.0,0,0,0.00,,,,,,,
,,,,,EE,0,0,0.0,0.0,0,0,0.00,,,,,,,
,,,,,EL,0,0,0.0,0.0,0,0,0.00,,,,,,,
,,,,,ES,0,0,0.0,0.0,0,0,0.00,,,,,,,
,,,,,FI,0,0,0.0,0.0,0,0,0.00,,,,,,,
,,,,,FR,0,0,0.0,0.0,0,0,0.00,,,,,,,
,,,,,HR,0,0,0.0,0.0,0,0,0.00,,,,,,,
,,,,,HU,0,0,0.0,0.0,0,0,0.00,,,,,,,
,,,,,IE,0,0,0.0,0.0,0,0,0.00,,,,,,,
,,,,,IT,0,0,0.0,0.0,0,0,0.00,,,,,,,
,,,,,LT,0,0,0.0,0.0,0,0,0.00,,,,,,,
,,,,,LU,0,0,0.0,0.0,0,0,0.00,,,,,,,
,,,,,LV,0,0,0.0,0.0,0,0,0.00,,,,,,,
,,,,,MT,0,0,0.0,0.0,0,0,0.00,,,,,,,
,,,,,NL,0,0,0.0,0.0,0,0,0.00,,,,,,,
,,,,,PL,0,0,0.0,0.0,0,0,0.00,,,,,,,
,,,,,PT,0,0,0.0,0.0,0,0,0.00,,,,,,,
,,,,,RO,0,0,0.0,0.0,0,0,0.00,,,,,,,
,,,,,SE,0,0,0.0,0.0,0,0,0.00,,,,,,,
,,,,,SI,0,0,0.0,0.0,0,0,0.00,,,,,,,
,,,,,SK,0,0,0.0,0.0,0,0,0.00,,,,,,,
All,Facebook,2025-07-01/2025-12-31,KEYWORD_OTHER_THREATS_OF_VIOLENCE,Added category to record Article 10 member state order submissions alleging threats of violence.,AT,0,0,0.0,0.0,0,0,0.00,,,,,,,
,,,,,BE,0,0,0.0,0.0,0,0,0.00,,,,,,,
,,,,,BG,0,0,0.0,0.0,0,0,0.00,,,,,,,
,,,,,CY,0,0,0.0,0.0,0,0,0.00,,,,,,,
,,,,,CZ,0,0,0.0,0.0,0,0,0.00,,,,,,,
,,,,,DE,0,0,0.0,0.0,69,0,151.21,,,,,,,
,,,,,DK,0,0,0.0,0.0,0,0,0.00,,,,,,,
,,,,,EE,0,0,0.0,0.0,0,0,0.00,,,,,,,
,,,,,EL,0,0,0.0,0.0,0,0,0.00,,,,,,,
,,,,,ES,0,0,0.0,0.0,0,0,0.00,,,,,,,
,,,,,FI,0,0,0.0,0.0,0,0,0.00,,,,,,,
,,,,,FR,0,0,0.0,0.0,20,0,166.38,,,,,,,
,,,,,HR,0,0,0.0,0.0,0,0,0.00,,,,,,,
,,,,,HU,0,0,0.0,0.0,6,0,178.67,,,,,,,
,,,,,IE,0,0,0.0,0.0,2,0,305.70,,,,,,,
,,,,,IT,0,0,0.0,0.0,14,0,120.93,,,,,,,
,,,,,LT,0,0,0.0,0.0,0,0,0.00,,,,,,,
,,,,,LU,0,0,0.0,0.0,0,0,0.00,,,,,,,
,,,,,LV,0,0,0.0,0.0,0,0,0.00,,,,,,,
,,,,,MT,0,0,0.0,0.0,2,0,138.77,,,,,,,
,,,,,NL,0,0,0.0,0.0,0,0,0.00,,,,,,,
,,,,,PL,0,0,0.0,0.0,21,0,139.85,,,,,,,
,,,,,PT,0,0,0.0,0.0,1,0,337.04,,,,,,,
,,,,,RO,0,0,0.0,0.0,6,0,167.28,,,,,,,
,,,,,SE,0,0,0.0,0.0,0,0,0.00,,,,,,,
,,,,,SI,0,0,0.0,0.0,0,0,0.00,,,,,,,
,,,,,SK,0,0,0.0,0.0,0,0,0.00,,,,,,,
All,Facebook,2025-07-01/2025-12-31,STATEMENT_CATEGORY_NOT_SPECIFIED_ORDER,,AT,0,0,0.0,0.0,0,0,0.00,,,,,,,
,,,,,BE,2,7,0.0,94.0,0,0,0.00,,,,,,,
,,,,,BG,11,19,0.0,72.6,0,0,0.00,,,,,,,
,,,,,CY,8,12,0.0,143.6,0,0,0.00,,,,,,,
,,,,,CZ,0,0,0.0,0.0,0,0,0.00,,,,,,,
,,,,,DE,152,210,0.0,19.5,0,0,0.00,,,,,,,
,,,,,DK,1,1,0.0,,0,0,0.00,,,,,,,
,,,,,EE,1,2,0.0,36.7,0,0,0.00,,,,,,,
,,,,,EL,0,0,0.0,0.0,0,0,0.00,,,,,,,
,,,,,ES,2,2,0.0,,0,0,0.00,,,,,,,
,,,,,FI,0,0,0.0,0.0,0,0,0.00,,,,,,,
,,,,,FR,4,3,0.0,0.2,0,0,0.00,,,,,,,
,,,,,HR,1,4,0.0,139.9,0,0,0.00,,,,,,,
,,,,,HU,0,0,0.0,0.0,0,0,0.00,,,,,,,
,,,,,IE,5,3,0.0,326.4,0,0,0.00,,,,,,,
,,,,,IT,45,52,0.0,71.5,0,0,0.00,,,,,,,
,,,,,LT,20,26,0.0,74.9,0,0,0.00,,,,,,,
,,,,,LU,0,0,0.0,0.0,0,0,0.00,,,,,,,
,,,,,LV,0,0,0.0,0.0,0,0,0.00,,,,,,,
,,,,,MT,2,1,0.0,,0,0,0.00,,,,,,,
,,,,,NL,1,1,0.0,2.5,0,0,0.00,,,,,,,
,,,,,PL,6,7,0.0,,0,0,0.00,,,,,,,
,,,,,PT,0,0,0.0,0.0,0,0,0.00,,,,,,,
,,,,,RO,10,37,0.0,30.3,0,0,0.00,,,,,,,
,,,,,SE,1,2,0.0,,0,0,0.00,,,,,,,
,,,,,SI,0,0,0.0,0.0,0,0,0.00,,,,,,,
,,,,,SK,0,0,0.0,0.0,0,0,0.00,,,,,,,