Applicability,Service,Reporting period,Category of illegal content,"Description of the sub-category ""Other""",Scope,Number of orders to act against illegal content received,Number of specific items of information included in the total number of orders to act against illegal content,Median time to inform the authority of the receipt of the order to act against illegal content,Median time to give effect to the order to act against illegal content,Number of orders to provide information,Median time to inform the authority of the receipt of the order to provide information,Median time to give effect to the order to provide information,Contextual information on number of orders to act against illegal content received,Contextual information on number of specific items of information included in the total number of orders to act against illegal content,Contextual information on Median time to inform the authority of the receipt of the order to act against illegal content,Contextual information on Median time to give effect to the order to act against illegal content,Contextual information on Number of orders to provide information,Contextual information on Median time to inform the authority of the receipt of the order to provide information,Contextual information on Median time to give effect to the order to provide information
All,Google Maps,2026-01-01/2026-06-30,TOTAL,,TOTAL,0,,,,0
All,Google Maps,2026-01-01/2026-06-30,STATEMENT_CATEGORY_ANIMAL_WELFARE,,TOTAL
All,Google Maps,2026-01-01/2026-06-30,KEYWORD_ANIMAL_HARM,,TOTAL
All,Google Maps,2026-01-01/2026-06-30,KEYWORD_UNLAWFUL_SALE_ANIMALS,,TOTAL
All,Google Maps,2026-01-01/2026-06-30,KEYWORD_OTHER,ANIMAL_CRUELTY,TOTAL
All,Google Maps,2026-01-01/2026-06-30,KEYWORD_OTHER,ANIMAL_HARM_AND_UNLAWFUL_SALE,TOTAL
All,Google Maps,2026-01-01/2026-06-30,STATEMENT_CATEGORY_CONSUMER_INFORMATION,,TOTAL
All,Google Maps,2026-01-01/2026-06-30,KEYWORD_HIDDEN_ADVERTISEMENT,,TOTAL
All,Google Maps,2026-01-01/2026-06-30,KEYWORD_INSUFFICIENT_INFORMATION_ON_TRADERS,,TOTAL
All,Google Maps,2026-01-01/2026-06-30,KEYWORD_MISLEADING_INFO_GOODS_SERVICES,,TOTAL
All,Google Maps,2026-01-01/2026-06-30,KEYWORD_MISLEADING_INFO_CONSUMER_RIGHTS,,TOTAL
All,Google Maps,2026-01-01/2026-06-30,KEYWORD_NONCOMPLIANCE_PRICING,,TOTAL
All,Google Maps,2026-01-01/2026-06-30,KEYWORD_OTHER,CONSUMER_PROTECTION,TOTAL
All,Google Maps,2026-01-01/2026-06-30,KEYWORD_OTHER,MISREPRESENTATION,TOTAL
All,Google Maps,2026-01-01/2026-06-30,STATEMENT_CATEGORY_CYBER_VIOLENCE,,TOTAL
All,Google Maps,2026-01-01/2026-06-30,KEYWORD_CYBER_BULLYING_INTIMIDATION,,TOTAL
All,Google Maps,2026-01-01/2026-06-30,KEYWORD_CYBER_HARASSMENT,,TOTAL
All,Google Maps,2026-01-01/2026-06-30,KEYWORD_CYBER_INCITEMENT,,TOTAL
All,Google Maps,2026-01-01/2026-06-30,KEYWORD_CYBER_STALKING,,TOTAL
All,Google Maps,2026-01-01/2026-06-30,KEYWORD_NON_CONSENSUAL_IMAGE_SHARING,,TOTAL
All,Google Maps,2026-01-01/2026-06-30,KEYWORD_NON_CONSENSUAL_MATERIAL_DEEPFAKE,,TOTAL
All,Google Maps,2026-01-01/2026-06-30,KEYWORD_OTHER,DOXING,TOTAL
All,Google Maps,2026-01-01/2026-06-30,KEYWORD_OTHER,HARASSMENT,TOTAL
All,Google Maps,2026-01-01/2026-06-30,KEYWORD_OTHER,HARASSMENT_AND_CYBERBULLYING,TOTAL
All,Google Maps,2026-01-01/2026-06-30,KEYWORD_OTHER,HARMFUL_ACTIVITIES,TOTAL
All,Google Maps,2026-01-01/2026-06-30,KEYWORD_OTHER,SEXUAL_HARASSMENT,TOTAL
All,Google Maps,2026-01-01/2026-06-30,KEYWORD_OTHER,OBSCENITY_OR_PORNOGRAPHY,TOTAL
All,Google Maps,2026-01-01/2026-06-30,KEYWORD_OTHER,UNSAFE_CONTENT,TOTAL
All,Google Maps,2026-01-01/2026-06-30,STATEMENT_CATEGORY_CYBER_VIOLENCE_AGAINST_WOMEN,,TOTAL
All,Google Maps,2026-01-01/2026-06-30,KEYWORD_BULLYING_AGAINST_GIRLS,,TOTAL
All,Google Maps,2026-01-01/2026-06-30,KEYWORD_CYBER_HARASSMENT_AGAINST_WOMEN,,TOTAL
All,Google Maps,2026-01-01/2026-06-30,KEYWORD_CYBER_STALKING_AGAINST_WOMEN,,TOTAL
All,Google Maps,2026-01-01/2026-06-30,KEYWORD_FEMALE_GENDERED_DISINFORMATION,,TOTAL
All,Google Maps,2026-01-01/2026-06-30,KEYWORD_INCITEMENT_AGAINST_WOMEN,,TOTAL
All,Google Maps,2026-01-01/2026-06-30,KEYWORD_NON_CONSENSUAL_IMAGE_SHARING_AGAINST_WOMEN,,TOTAL
All,Google Maps,2026-01-01/2026-06-30,KEYWORD_NON_CONSENSUAL_MATERIAL_DEEPFAKE_AGAINST_WOMEN,,TOTAL
All,Google Maps,2026-01-01/2026-06-30,KEYWORD_OTHER,"Text to detail the ""Other"" keyword.",TOTAL
All,Google Maps,2026-01-01/2026-06-30,STATEMENT_CATEGORY_DATA_PROTECTION_AND_PRIVACY_VIOLATIONS,,TOTAL
All,Google Maps,2026-01-01/2026-06-30,KEYWORD_BIOMETRIC_DATA_BREACH,,TOTAL
All,Google Maps,2026-01-01/2026-06-30,KEYWORD_DATA_FALSIFICATION,,TOTAL
All,Google Maps,2026-01-01/2026-06-30,KEYWORD_MISSING_PROCESSING_GROUND,,TOTAL
All,Google Maps,2026-01-01/2026-06-30,KEYWORD_RIGHT_TO_BE_FORGOTTEN,,TOTAL
All,Google Maps,2026-01-01/2026-06-30,KEYWORD_OTHER,DATA_COLLECTION_AND_USE,TOTAL
All,Google Maps,2026-01-01/2026-06-30,KEYWORD_OTHER,DISCLOSURE_AND_CONSENT_PRACTICES,TOTAL
All,Google Maps,2026-01-01/2026-06-30,KEYWORD_OTHER,GDPR,TOTAL
All,Google Maps,2026-01-01/2026-06-30,KEYWORD_OTHER,PERSONAL_INFORMATION,TOTAL
All,Google Maps,2026-01-01/2026-06-30,KEYWORD_OTHER,PERSONAL_RIGHTS,TOTAL
All,Google Maps,2026-01-01/2026-06-30,KEYWORD_OTHER,PERSONALIZED_ADVERTISING,TOTAL
All,Google Maps,2026-01-01/2026-06-30,KEYWORD_OTHER,PRIVACY,TOTAL
All,Google Maps,2026-01-01/2026-06-30,KEYWORD_OTHER,PRIVACY_POLICY,TOTAL
All,Google Maps,2026-01-01/2026-06-30,KEYWORD_OTHER,UNSECURE_DATA_HANDLING,TOTAL
All,Google Maps,2026-01-01/2026-06-30,STATEMENT_CATEGORY_ILLEGAL_OR_HARMFUL_SPEECH,,TOTAL
All,Google Maps,2026-01-01/2026-06-30,KEYWORD_DEFAMATION,,TOTAL
All,Google Maps,2026-01-01/2026-06-30,KEYWORD_DISCRIMINATION,,TOTAL
All,Google Maps,2026-01-01/2026-06-30,KEYWORD_HATE_SPEECH,,TOTAL
All,Google Maps,2026-01-01/2026-06-30,KEYWORD_OTHER,HATEFUL_OR_ABUSIVE,TOTAL
All,Google Maps,2026-01-01/2026-06-30,KEYWORD_OTHER,ILLEGAL_OR_HARMFUL_SPEECH,TOTAL
All,Google Maps,2026-01-01/2026-06-30,KEYWORD_OTHER,OBSCENITY_AND_PROFANITY,TOTAL
All,Google Maps,2026-01-01/2026-06-30,KEYWORD_OTHER,OFFENSIVE_CONTENT,TOTAL
All,Google Maps,2026-01-01/2026-06-30,KEYWORD_OTHER,UNSAFE_CONTENT,TOTAL
All,Google Maps,2026-01-01/2026-06-30,STATEMENT_CATEGORY_INTELLECTUAL_PROPERTY_INFRINGEMENTS,,TOTAL
All,Google Maps,2026-01-01/2026-06-30,KEYWORD_COPYRIGHT_INFRINGEMENT,,TOTAL
All,Google Maps,2026-01-01/2026-06-30,KEYWORD_DESIGN_INFRINGEMENT,,TOTAL
All,Google Maps,2026-01-01/2026-06-30,KEYWORD_GEOGRAPHIC_INDICATIONS_INFRINGEMENT,,TOTAL
All,Google Maps,2026-01-01/2026-06-30,KEYWORD_PATENT_INFRINGEMENT,,TOTAL
All,Google Maps,2026-01-01/2026-06-30,KEYWORD_TRADE_SECRET_INFRINGEMENT,,TOTAL
All,Google Maps,2026-01-01/2026-06-30,KEYWORD_TRADEMARK_INFRINGEMENT,,TOTAL
All,Google Maps,2026-01-01/2026-06-30,KEYWORD_OTHER,CIRCUMVENTION,TOTAL
All,Google Maps,2026-01-01/2026-06-30,KEYWORD_OTHER,INTELLECTUAL PROPERTY,TOTAL
All,Google Maps,2026-01-01/2026-06-30,STATEMENT_CATEGORY_NEGATIVE_EFFECTS_ON_CIVIC_DISCOURSE_OR_ELECTIONS,,TOTAL
All,Google Maps,2026-01-01/2026-06-30,KEYWORD_MISINFORMATION_DISINFORMATION,,TOTAL
All,Google Maps,2026-01-01/2026-06-30,KEYWORD_VIOLATION_EU_LAW,,TOTAL
All,Google Maps,2026-01-01/2026-06-30,KEYWORD_VIOLATION_NATIONAL_LAW,,TOTAL
All,Google Maps,2026-01-01/2026-06-30,KEYWORD_OTHER,ELECTORAL,TOTAL
All,Google Maps,2026-01-01/2026-06-30,KEYWORD_OTHER,HACKED_POLITICAL_MATERIALS,TOTAL
All,Google Maps,2026-01-01/2026-06-30,KEYWORD_OTHER,POLITICAL_CONTENT,TOTAL
All,Google Maps,2026-01-01/2026-06-30,KEYWORD_OTHER,SOCIAL_STABILITY,TOTAL
All,Google Maps,2026-01-01/2026-06-30,KEYWORD_OTHER,SOCIETAL_VALUES,TOTAL
All,Google Maps,2026-01-01/2026-06-30,STATEMENT_CATEGORY_PROTECTION_OF_MINORS,,TOTAL
All,Google Maps,2026-01-01/2026-06-30,KEYWORD_AGE_SPECIFIC_RESTRICTIONS_MINORS,,TOTAL
All,Google Maps,2026-01-01/2026-06-30,KEYWORD_CHILD_SEXUAL_ABUSE_MATERIAL,,TOTAL
All,Google Maps,2026-01-01/2026-06-30,KEYWORD_CHILD_SEXUAL_ABUSE_MATERIAL_DEEPFAKE,,TOTAL
All,Google Maps,2026-01-01/2026-06-30,KEYWORD_GROOMING_SEXUAL_ENTICEMENT_MINORS,,TOTAL
All,Google Maps,2026-01-01/2026-06-30,KEYWORD_UNSAFE_CHALLENGES,,TOTAL
All,Google Maps,2026-01-01/2026-06-30,KEYWORD_OTHER,CHILD_ENDANGERMENT,TOTAL
All,Google Maps,2026-01-01/2026-06-30,KEYWORD_OTHER,CHILD_SAFETY,TOTAL
All,Google Maps,2026-01-01/2026-06-30,KEYWORD_OTHER,HARMFUL_OR_DANGEROUS_ACTS_CHALLENGES_AND_PRANKS,TOTAL
All,Google Maps,2026-01-01/2026-06-30,KEYWORD_OTHER,KNOWN_SERIES,TOTAL
All,Google Maps,2026-01-01/2026-06-30,KEYWORD_OTHER,PROTECTION_OF_MINORS,TOTAL
All,Google Maps,2026-01-01/2026-06-30,KEYWORD_OTHER,UNAUTHORIZED_IMAGE_OF_MINORS,TOTAL
All,Google Maps,2026-01-01/2026-06-30,STATEMENT_CATEGORY_RISK_FOR_PUBLIC_SECURITY,,TOTAL
All,Google Maps,2026-01-01/2026-06-30,KEYWORD_ILLEGAL_ORGANIZATIONS,,TOTAL
All,Google Maps,2026-01-01/2026-06-30,KEYWORD_RISK_ENVIRONMENTAL_DAMAGE,,TOTAL
All,Google Maps,2026-01-01/2026-06-30,KEYWORD_RISK_PUBLIC_HEALTH,,TOTAL
All,Google Maps,2026-01-01/2026-06-30,KEYWORD_TERRORIST_CONTENT,,TOTAL
All,Google Maps,2026-01-01/2026-06-30,KEYWORD_OTHER,COURT_ORDER,TOTAL
All,Google Maps,2026-01-01/2026-06-30,KEYWORD_OTHER,RISK_FOR_PUBLIC_SECURITY,TOTAL
All,Google Maps,2026-01-01/2026-06-30,KEYWORD_OTHER,SENSITIVE_EVENTS,TOTAL
All,Google Maps,2026-01-01/2026-06-30,KEYWORD_OTHER,VIOLENT_EXTREMISM,TOTAL
All,Google Maps,2026-01-01/2026-06-30,KEYWORD_OTHER,WRONGFUL_OR_UNAUTHORIZED_USE_OF_SYMBOLS,TOTAL
All,Google Maps,2026-01-01/2026-06-30,STATEMENT_CATEGORY_SCAMS_AND_FRAUD,,TOTAL
All,Google Maps,2026-01-01/2026-06-30,KEYWORD_IMPERSONATION_ACCOUNT_HIJACKING,,TOTAL
All,Google Maps,2026-01-01/2026-06-30,KEYWORD_INAUTHENTIC_ACCOUNTS,,TOTAL
All,Google Maps,2026-01-01/2026-06-30,KEYWORD_INAUTHENTIC_LISTINGS,,TOTAL
All,Google Maps,2026-01-01/2026-06-30,KEYWORD_INAUTHENTIC_USER_REVIEWS,,TOTAL
All,Google Maps,2026-01-01/2026-06-30,KEYWORD_PHISHING,,TOTAL
All,Google Maps,2026-01-01/2026-06-30,KEYWORD_PYRAMID_SCHEMES,,TOTAL
All,Google Maps,2026-01-01/2026-06-30,KEYWORD_OTHER,AD_FRAUD_POLICY,TOTAL
All,Google Maps,2026-01-01/2026-06-30,KEYWORD_OTHER,ENCOURAGEMENT_OF_DIGITAL_SECURITY_OR_TERMS_OF_SERVICE_VIOLATIONS,TOTAL
All,Google Maps,2026-01-01/2026-06-30,KEYWORD_OTHER,FRAUD,TOTAL
All,Google Maps,2026-01-01/2026-06-30,KEYWORD_OTHER,MALWARE,TOTAL
All,Google Maps,2026-01-01/2026-06-30,KEYWORD_OTHER,MALWARE_AND_PHISHING,TOTAL
All,Google Maps,2026-01-01/2026-06-30,KEYWORD_OTHER,MALWARE_AND_SYSTEM_CIRCUMVENTION,TOTAL
All,Google Maps,2026-01-01/2026-06-30,KEYWORD_OTHER,MISREPRESENTATION,TOTAL
All,Google Maps,2026-01-01/2026-06-30,KEYWORD_OTHER,SCAMS,TOTAL
All,Google Maps,2026-01-01/2026-06-30,KEYWORD_OTHER,SOCIAL_ENGINEERING_TACTICS,TOTAL
All,Google Maps,2026-01-01/2026-06-30,STATEMENT_CATEGORY_SELF_HARM,,TOTAL
All,Google Maps,2026-01-01/2026-06-30,KEYWORD_CONTENT_PROMOTING_EATING_DISORDERS,,TOTAL
All,Google Maps,2026-01-01/2026-06-30,KEYWORD_SELF_MUTILATION,,TOTAL
All,Google Maps,2026-01-01/2026-06-30,KEYWORD_SUICIDE,,TOTAL
All,Google Maps,2026-01-01/2026-06-30,KEYWORD_OTHER,SELF_HARM,TOTAL
All,Google Maps,2026-01-01/2026-06-30,KEYWORD_OTHER,SUICIDE_AND_SELF_HARM,TOTAL
All,Google Maps,2026-01-01/2026-06-30,STATEMENT_CATEGORY_UNSAFE_AND_PROHIBITED_PRODUCTS,,TOTAL
All,Google Maps,2026-01-01/2026-06-30,KEYWORD_PROHIBITED_PRODUCTS,,TOTAL
All,Google Maps,2026-01-01/2026-06-30,KEYWORD_UNSAFE_PRODUCTS,,TOTAL
All,Google Maps,2026-01-01/2026-06-30,KEYWORD_OTHER,COURT_ORDER,TOTAL
All,Google Maps,2026-01-01/2026-06-30,KEYWORD_OTHER,ENABLING_DISHONEST_BEHAVIOR,TOTAL
All,Google Maps,2026-01-01/2026-06-30,KEYWORD_OTHER,FIREARMS_AND_ILLEGAL_REGULATED_GOODS_OR_SERVICES,TOTAL
All,Google Maps,2026-01-01/2026-06-30,KEYWORD_OTHER,OTHER_LEGAL_NOTICES_OR_ORDERS,TOTAL
All,Google Maps,2026-01-01/2026-06-30,KEYWORD_OTHER,UNAUTHORIZED_PHARMACIES,TOTAL
All,Google Maps,2026-01-01/2026-06-30,STATEMENT_CATEGORY_VIOLENCE,,TOTAL
All,Google Maps,2026-01-01/2026-06-30,KEYWORD_COORDINATED_HARM,,TOTAL
All,Google Maps,2026-01-01/2026-06-30,KEYWORD_INCITEMENT_VIOLENCE_HATRED,,TOTAL
All,Google Maps,2026-01-01/2026-06-30,KEYWORD_HUMAN_EXPLOITATION,,TOTAL
All,Google Maps,2026-01-01/2026-06-30,KEYWORD_HUMAN_TRAFFICKING,,TOTAL
All,Google Maps,2026-01-01/2026-06-30,KEYWORD_TRAFFICKING_WOMEN_GIRLS,,TOTAL
All,Google Maps,2026-01-01/2026-06-30,KEYWORD_OTHER,DEPICTION_OF VIOLENCE,TOTAL
All,Google Maps,2026-01-01/2026-06-30,KEYWORD_OTHER,SHOCKING_CONTENT,TOTAL
All,Google Maps,2026-01-01/2026-06-30,KEYWORD_OTHER,VIOLENT_OR_GRAPHIC_CONTENT,TOTAL
All,Google Maps,2026-01-01/2026-06-30,STATEMENT_CATEGORY_NOT_SPECIFIED_ORDER,,TOTAL
All,Google Maps,2026-01-01/2026-06-30,TOTAL,,AT
All,Google Maps,2026-01-01/2026-06-30,STATEMENT_CATEGORY_ANIMAL_WELFARE,,AT
All,Google Maps,2026-01-01/2026-06-30,KEYWORD_ANIMAL_HARM,,AT
All,Google Maps,2026-01-01/2026-06-30,KEYWORD_UNLAWFUL_SALE_ANIMALS,,AT
All,Google Maps,2026-01-01/2026-06-30,KEYWORD_OTHER,ANIMAL_CRUELTY,AT
All,Google Maps,2026-01-01/2026-06-30,KEYWORD_OTHER,ANIMAL_HARM_AND_UNLAWFUL_SALE,AT
All,Google Maps,2026-01-01/2026-06-30,STATEMENT_CATEGORY_CONSUMER_INFORMATION,,AT
All,Google Maps,2026-01-01/2026-06-30,KEYWORD_HIDDEN_ADVERTISEMENT,,AT
All,Google Maps,2026-01-01/2026-06-30,KEYWORD_INSUFFICIENT_INFORMATION_ON_TRADERS,,AT
All,Google Maps,2026-01-01/2026-06-30,KEYWORD_MISLEADING_INFO_GOODS_SERVICES,,AT
All,Google Maps,2026-01-01/2026-06-30,KEYWORD_MISLEADING_INFO_CONSUMER_RIGHTS,,AT
All,Google Maps,2026-01-01/2026-06-30,KEYWORD_NONCOMPLIANCE_PRICING,,AT
All,Google Maps,2026-01-01/2026-06-30,KEYWORD_OTHER,CONSUMER_PROTECTION,AT
All,Google Maps,2026-01-01/2026-06-30,KEYWORD_OTHER,MISREPRESENTATION,AT
All,Google Maps,2026-01-01/2026-06-30,STATEMENT_CATEGORY_CYBER_VIOLENCE,,AT
All,Google Maps,2026-01-01/2026-06-30,KEYWORD_CYBER_BULLYING_INTIMIDATION,,AT
All,Google Maps,2026-01-01/2026-06-30,KEYWORD_CYBER_HARASSMENT,,AT
All,Google Maps,2026-01-01/2026-06-30,KEYWORD_CYBER_INCITEMENT,,AT
All,Google Maps,2026-01-01/2026-06-30,KEYWORD_CYBER_STALKING,,AT
All,Google Maps,2026-01-01/2026-06-30,KEYWORD_NON_CONSENSUAL_IMAGE_SHARING,,AT
All,Google Maps,2026-01-01/2026-06-30,KEYWORD_NON_CONSENSUAL_MATERIAL_DEEPFAKE,,AT
All,Google Maps,2026-01-01/2026-06-30,KEYWORD_OTHER,DOXING,AT
All,Google Maps,2026-01-01/2026-06-30,KEYWORD_OTHER,HARASSMENT,AT
All,Google Maps,2026-01-01/2026-06-30,KEYWORD_OTHER,HARASSMENT_AND_CYBERBULLYING,AT
All,Google Maps,2026-01-01/2026-06-30,KEYWORD_OTHER,HARMFUL_ACTIVITIES,AT
All,Google Maps,2026-01-01/2026-06-30,KEYWORD_OTHER,SEXUAL_HARASSMENT,AT
All,Google Maps,2026-01-01/2026-06-30,KEYWORD_OTHER,OBSCENITY_OR_PORNOGRAPHY,AT
All,Google Maps,2026-01-01/2026-06-30,KEYWORD_OTHER,UNSAFE_CONTENT,AT
All,Google Maps,2026-01-01/2026-06-30,STATEMENT_CATEGORY_CYBER_VIOLENCE_AGAINST_WOMEN,,AT
All,Google Maps,2026-01-01/2026-06-30,KEYWORD_BULLYING_AGAINST_GIRLS,,AT
All,Google Maps,2026-01-01/2026-06-30,KEYWORD_CYBER_HARASSMENT_AGAINST_WOMEN,,AT
All,Google Maps,2026-01-01/2026-06-30,KEYWORD_CYBER_STALKING_AGAINST_WOMEN,,AT
All,Google Maps,2026-01-01/2026-06-30,KEYWORD_FEMALE_GENDERED_DISINFORMATION,,AT
All,Google Maps,2026-01-01/2026-06-30,KEYWORD_INCITEMENT_AGAINST_WOMEN,,AT
All,Google Maps,2026-01-01/2026-06-30,KEYWORD_NON_CONSENSUAL_IMAGE_SHARING_AGAINST_WOMEN,,AT
All,Google Maps,2026-01-01/2026-06-30,KEYWORD_NON_CONSENSUAL_MATERIAL_DEEPFAKE_AGAINST_WOMEN,,AT
All,Google Maps,2026-01-01/2026-06-30,KEYWORD_OTHER,"Text to detail the ""Other"" keyword.",AT
All,Google Maps,2026-01-01/2026-06-30,STATEMENT_CATEGORY_DATA_PROTECTION_AND_PRIVACY_VIOLATIONS,,AT
All,Google Maps,2026-01-01/2026-06-30,KEYWORD_BIOMETRIC_DATA_BREACH,,AT
All,Google Maps,2026-01-01/2026-06-30,KEYWORD_DATA_FALSIFICATION,,AT
All,Google Maps,2026-01-01/2026-06-30,KEYWORD_MISSING_PROCESSING_GROUND,,AT
All,Google Maps,2026-01-01/2026-06-30,KEYWORD_RIGHT_TO_BE_FORGOTTEN,,AT
All,Google Maps,2026-01-01/2026-06-30,KEYWORD_OTHER,DATA_COLLECTION_AND_USE,AT
All,Google Maps,2026-01-01/2026-06-30,KEYWORD_OTHER,DISCLOSURE_AND_CONSENT_PRACTICES,AT
All,Google Maps,2026-01-01/2026-06-30,KEYWORD_OTHER,GDPR,AT
All,Google Maps,2026-01-01/2026-06-30,KEYWORD_OTHER,PERSONAL_INFORMATION,AT
All,Google Maps,2026-01-01/2026-06-30,KEYWORD_OTHER,PERSONAL_RIGHTS,AT
All,Google Maps,2026-01-01/2026-06-30,KEYWORD_OTHER,PERSONALIZED_ADVERTISING,AT
All,Google Maps,2026-01-01/2026-06-30,KEYWORD_OTHER,PRIVACY,AT
All,Google Maps,2026-01-01/2026-06-30,KEYWORD_OTHER,PRIVACY_POLICY,AT
All,Google Maps,2026-01-01/2026-06-30,KEYWORD_OTHER,UNSECURE_DATA_HANDLING,AT
All,Google Maps,2026-01-01/2026-06-30,STATEMENT_CATEGORY_ILLEGAL_OR_HARMFUL_SPEECH,,AT
All,Google Maps,2026-01-01/2026-06-30,KEYWORD_DEFAMATION,,AT
All,Google Maps,2026-01-01/2026-06-30,KEYWORD_DISCRIMINATION,,AT
All,Google Maps,2026-01-01/2026-06-30,KEYWORD_HATE_SPEECH,,AT
All,Google Maps,2026-01-01/2026-06-30,KEYWORD_OTHER,HATEFUL_OR_ABUSIVE,AT
All,Google Maps,2026-01-01/2026-06-30,KEYWORD_OTHER,ILLEGAL_OR_HARMFUL_SPEECH,AT
All,Google Maps,2026-01-01/2026-06-30,KEYWORD_OTHER,OBSCENITY_AND_PROFANITY,AT
All,Google Maps,2026-01-01/2026-06-30,KEYWORD_OTHER,OFFENSIVE_CONTENT,AT
All,Google Maps,2026-01-01/2026-06-30,KEYWORD_OTHER,UNSAFE_CONTENT,AT
All,Google Maps,2026-01-01/2026-06-30,STATEMENT_CATEGORY_INTELLECTUAL_PROPERTY_INFRINGEMENTS,,AT
All,Google Maps,2026-01-01/2026-06-30,KEYWORD_COPYRIGHT_INFRINGEMENT,,AT
All,Google Maps,2026-01-01/2026-06-30,KEYWORD_DESIGN_INFRINGEMENT,,AT
All,Google Maps,2026-01-01/2026-06-30,KEYWORD_GEOGRAPHIC_INDICATIONS_INFRINGEMENT,,AT
All,Google Maps,2026-01-01/2026-06-30,KEYWORD_PATENT_INFRINGEMENT,,AT
All,Google Maps,2026-01-01/2026-06-30,KEYWORD_TRADE_SECRET_INFRINGEMENT,,AT
All,Google Maps,2026-01-01/2026-06-30,KEYWORD_TRADEMARK_INFRINGEMENT,,AT
All,Google Maps,2026-01-01/2026-06-30,KEYWORD_OTHER,CIRCUMVENTION,AT
All,Google Maps,2026-01-01/2026-06-30,KEYWORD_OTHER,INTELLECTUAL PROPERTY,AT
All,Google Maps,2026-01-01/2026-06-30,STATEMENT_CATEGORY_NEGATIVE_EFFECTS_ON_CIVIC_DISCOURSE_OR_ELECTIONS,,AT
All,Google Maps,2026-01-01/2026-06-30,KEYWORD_MISINFORMATION_DISINFORMATION,,AT
All,Google Maps,2026-01-01/2026-06-30,KEYWORD_VIOLATION_EU_LAW,,AT
All,Google Maps,2026-01-01/2026-06-30,KEYWORD_VIOLATION_NATIONAL_LAW,,AT
All,Google Maps,2026-01-01/2026-06-30,KEYWORD_OTHER,ELECTORAL,AT
All,Google Maps,2026-01-01/2026-06-30,KEYWORD_OTHER,HACKED_POLITICAL_MATERIALS,AT
All,Google Maps,2026-01-01/2026-06-30,KEYWORD_OTHER,POLITICAL_CONTENT,AT
All,Google Maps,2026-01-01/2026-06-30,KEYWORD_OTHER,SOCIAL_STABILITY,AT
All,Google Maps,2026-01-01/2026-06-30,KEYWORD_OTHER,SOCIETAL_VALUES,AT
All,Google Maps,2026-01-01/2026-06-30,STATEMENT_CATEGORY_PROTECTION_OF_MINORS,,AT
All,Google Maps,2026-01-01/2026-06-30,KEYWORD_AGE_SPECIFIC_RESTRICTIONS_MINORS,,AT
All,Google Maps,2026-01-01/2026-06-30,KEYWORD_CHILD_SEXUAL_ABUSE_MATERIAL,,AT
All,Google Maps,2026-01-01/2026-06-30,KEYWORD_CHILD_SEXUAL_ABUSE_MATERIAL_DEEPFAKE,,AT
All,Google Maps,2026-01-01/2026-06-30,KEYWORD_GROOMING_SEXUAL_ENTICEMENT_MINORS,,AT
All,Google Maps,2026-01-01/2026-06-30,KEYWORD_UNSAFE_CHALLENGES,,AT
All,Google Maps,2026-01-01/2026-06-30,KEYWORD_OTHER,CHILD_ENDANGERMENT,AT
All,Google Maps,2026-01-01/2026-06-30,KEYWORD_OTHER,CHILD_SAFETY,AT
All,Google Maps,2026-01-01/2026-06-30,KEYWORD_OTHER,HARMFUL_OR_DANGEROUS_ACTS_CHALLENGES_AND_PRANKS,AT
All,Google Maps,2026-01-01/2026-06-30,KEYWORD_OTHER,KNOWN_SERIES,AT
All,Google Maps,2026-01-01/2026-06-30,KEYWORD_OTHER,PROTECTION_OF_MINORS,AT
All,Google Maps,2026-01-01/2026-06-30,KEYWORD_OTHER,UNAUTHORIZED_IMAGE_OF_MINORS,AT
All,Google Maps,2026-01-01/2026-06-30,STATEMENT_CATEGORY_RISK_FOR_PUBLIC_SECURITY,,AT
All,Google Maps,2026-01-01/2026-06-30,KEYWORD_ILLEGAL_ORGANIZATIONS,,AT
All,Google Maps,2026-01-01/2026-06-30,KEYWORD_RISK_ENVIRONMENTAL_DAMAGE,,AT
All,Google Maps,2026-01-01/2026-06-30,KEYWORD_RISK_PUBLIC_HEALTH,,AT
All,Google Maps,2026-01-01/2026-06-30,KEYWORD_TERRORIST_CONTENT,,AT
All,Google Maps,2026-01-01/2026-06-30,KEYWORD_OTHER,COURT_ORDER,AT
All,Google Maps,2026-01-01/2026-06-30,KEYWORD_OTHER,RISK_FOR_PUBLIC_SECURITY,AT
All,Google Maps,2026-01-01/2026-06-30,KEYWORD_OTHER,SENSITIVE_EVENTS,AT
All,Google Maps,2026-01-01/2026-06-30,KEYWORD_OTHER,VIOLENT_EXTREMISM,AT
All,Google Maps,2026-01-01/2026-06-30,KEYWORD_OTHER,WRONGFUL_OR_UNAUTHORIZED_USE_OF_SYMBOLS,AT
All,Google Maps,2026-01-01/2026-06-30,STATEMENT_CATEGORY_SCAMS_AND_FRAUD,,AT
All,Google Maps,2026-01-01/2026-06-30,KEYWORD_IMPERSONATION_ACCOUNT_HIJACKING,,AT
All,Google Maps,2026-01-01/2026-06-30,KEYWORD_INAUTHENTIC_ACCOUNTS,,AT
All,Google Maps,2026-01-01/2026-06-30,KEYWORD_INAUTHENTIC_LISTINGS,,AT
All,Google Maps,2026-01-01/2026-06-30,KEYWORD_INAUTHENTIC_USER_REVIEWS,,AT
All,Google Maps,2026-01-01/2026-06-30,KEYWORD_PHISHING,,AT
All,Google Maps,2026-01-01/2026-06-30,KEYWORD_PYRAMID_SCHEMES,,AT
All,Google Maps,2026-01-01/2026-06-30,KEYWORD_OTHER,AD_FRAUD_POLICY,AT
All,Google Maps,2026-01-01/2026-06-30,KEYWORD_OTHER,ENCOURAGEMENT_OF_DIGITAL_SECURITY_OR_TERMS_OF_SERVICE_VIOLATIONS,AT
All,Google Maps,2026-01-01/2026-06-30,KEYWORD_OTHER,FRAUD,AT
All,Google Maps,2026-01-01/2026-06-30,KEYWORD_OTHER,MALWARE,AT
All,Google Maps,2026-01-01/2026-06-30,KEYWORD_OTHER,MALWARE_AND_PHISHING,AT
All,Google Maps,2026-01-01/2026-06-30,KEYWORD_OTHER,MALWARE_AND_SYSTEM_CIRCUMVENTION,AT
All,Google Maps,2026-01-01/2026-06-30,KEYWORD_OTHER,MISREPRESENTATION,AT
All,Google Maps,2026-01-01/2026-06-30,KEYWORD_OTHER,SCAMS,AT
All,Google Maps,2026-01-01/2026-06-30,KEYWORD_OTHER,SOCIAL_ENGINEERING_TACTICS,AT
All,Google Maps,2026-01-01/2026-06-30,STATEMENT_CATEGORY_SELF_HARM,,AT
All,Google Maps,2026-01-01/2026-06-30,KEYWORD_CONTENT_PROMOTING_EATING_DISORDERS,,AT
All,Google Maps,2026-01-01/2026-06-30,KEYWORD_SELF_MUTILATION,,AT
All,Google Maps,2026-01-01/2026-06-30,KEYWORD_SUICIDE,,AT
All,Google Maps,2026-01-01/2026-06-30,KEYWORD_OTHER,SELF_HARM,AT
All,Google Maps,2026-01-01/2026-06-30,KEYWORD_OTHER,SUICIDE_AND_SELF_HARM,AT
All,Google Maps,2026-01-01/2026-06-30,STATEMENT_CATEGORY_UNSAFE_AND_PROHIBITED_PRODUCTS,,AT
All,Google Maps,2026-01-01/2026-06-30,KEYWORD_PROHIBITED_PRODUCTS,,AT
All,Google Maps,2026-01-01/2026-06-30,KEYWORD_UNSAFE_PRODUCTS,,AT
All,Google Maps,2026-01-01/2026-06-30,KEYWORD_OTHER,COURT_ORDER,AT
All,Google Maps,2026-01-01/2026-06-30,KEYWORD_OTHER,ENABLING_DISHONEST_BEHAVIOR,AT
All,Google Maps,2026-01-01/2026-06-30,KEYWORD_OTHER,FIREARMS_AND_ILLEGAL_REGULATED_GOODS_OR_SERVICES,AT
All,Google Maps,2026-01-01/2026-06-30,KEYWORD_OTHER,OTHER_LEGAL_NOTICES_OR_ORDERS,AT
All,Google Maps,2026-01-01/2026-06-30,KEYWORD_OTHER,UNAUTHORIZED_PHARMACIES,AT
All,Google Maps,2026-01-01/2026-06-30,STATEMENT_CATEGORY_VIOLENCE,,AT
All,Google Maps,2026-01-01/2026-06-30,KEYWORD_COORDINATED_HARM,,AT
All,Google Maps,2026-01-01/2026-06-30,KEYWORD_INCITEMENT_VIOLENCE_HATRED,,AT
All,Google Maps,2026-01-01/2026-06-30,KEYWORD_HUMAN_EXPLOITATION,,AT
All,Google Maps,2026-01-01/2026-06-30,KEYWORD_HUMAN_TRAFFICKING,,AT
All,Google Maps,2026-01-01/2026-06-30,KEYWORD_TRAFFICKING_WOMEN_GIRLS,,AT
All,Google Maps,2026-01-01/2026-06-30,KEYWORD_OTHER,DEPICTION_OF VIOLENCE,AT
All,Google Maps,2026-01-01/2026-06-30,KEYWORD_OTHER,SHOCKING_CONTENT,AT
All,Google Maps,2026-01-01/2026-06-30,KEYWORD_OTHER,VIOLENT_OR_GRAPHIC_CONTENT,AT
All,Google Maps,2026-01-01/2026-06-30,STATEMENT_CATEGORY_NOT_SPECIFIED_ORDER,,AT
All,Google Maps,2026-01-01/2026-06-30,TOTAL,,BE
All,Google Maps,2026-01-01/2026-06-30,STATEMENT_CATEGORY_ANIMAL_WELFARE,,BE
All,Google Maps,2026-01-01/2026-06-30,KEYWORD_ANIMAL_HARM,,BE
All,Google Maps,2026-01-01/2026-06-30,KEYWORD_UNLAWFUL_SALE_ANIMALS,,BE
All,Google Maps,2026-01-01/2026-06-30,KEYWORD_OTHER,ANIMAL_CRUELTY,BE
All,Google Maps,2026-01-01/2026-06-30,KEYWORD_OTHER,ANIMAL_HARM_AND_UNLAWFUL_SALE,BE
All,Google Maps,2026-01-01/2026-06-30,STATEMENT_CATEGORY_CONSUMER_INFORMATION,,BE
All,Google Maps,2026-01-01/2026-06-30,KEYWORD_HIDDEN_ADVERTISEMENT,,BE
All,Google Maps,2026-01-01/2026-06-30,KEYWORD_INSUFFICIENT_INFORMATION_ON_TRADERS,,BE
All,Google Maps,2026-01-01/2026-06-30,KEYWORD_MISLEADING_INFO_GOODS_SERVICES,,BE
All,Google Maps,2026-01-01/2026-06-30,KEYWORD_MISLEADING_INFO_CONSUMER_RIGHTS,,BE
All,Google Maps,2026-01-01/2026-06-30,KEYWORD_NONCOMPLIANCE_PRICING,,BE
All,Google Maps,2026-01-01/2026-06-30,KEYWORD_OTHER,CONSUMER_PROTECTION,BE
All,Google Maps,2026-01-01/2026-06-30,KEYWORD_OTHER,MISREPRESENTATION,BE
All,Google Maps,2026-01-01/2026-06-30,STATEMENT_CATEGORY_CYBER_VIOLENCE,,BE
All,Google Maps,2026-01-01/2026-06-30,KEYWORD_CYBER_BULLYING_INTIMIDATION,,BE
All,Google Maps,2026-01-01/2026-06-30,KEYWORD_CYBER_HARASSMENT,,BE
All,Google Maps,2026-01-01/2026-06-30,KEYWORD_CYBER_INCITEMENT,,BE
All,Google Maps,2026-01-01/2026-06-30,KEYWORD_CYBER_STALKING,,BE
All,Google Maps,2026-01-01/2026-06-30,KEYWORD_NON_CONSENSUAL_IMAGE_SHARING,,BE
All,Google Maps,2026-01-01/2026-06-30,KEYWORD_NON_CONSENSUAL_MATERIAL_DEEPFAKE,,BE
All,Google Maps,2026-01-01/2026-06-30,KEYWORD_OTHER,DOXING,BE
All,Google Maps,2026-01-01/2026-06-30,KEYWORD_OTHER,HARASSMENT,BE
All,Google Maps,2026-01-01/2026-06-30,KEYWORD_OTHER,HARASSMENT_AND_CYBERBULLYING,BE
All,Google Maps,2026-01-01/2026-06-30,KEYWORD_OTHER,HARMFUL_ACTIVITIES,BE
All,Google Maps,2026-01-01/2026-06-30,KEYWORD_OTHER,SEXUAL_HARASSMENT,BE
All,Google Maps,2026-01-01/2026-06-30,KEYWORD_OTHER,OBSCENITY_OR_PORNOGRAPHY,BE
All,Google Maps,2026-01-01/2026-06-30,KEYWORD_OTHER,UNSAFE_CONTENT,BE
All,Google Maps,2026-01-01/2026-06-30,STATEMENT_CATEGORY_CYBER_VIOLENCE_AGAINST_WOMEN,,BE
All,Google Maps,2026-01-01/2026-06-30,KEYWORD_BULLYING_AGAINST_GIRLS,,BE
All,Google Maps,2026-01-01/2026-06-30,KEYWORD_CYBER_HARASSMENT_AGAINST_WOMEN,,BE
All,Google Maps,2026-01-01/2026-06-30,KEYWORD_CYBER_STALKING_AGAINST_WOMEN,,BE
All,Google Maps,2026-01-01/2026-06-30,KEYWORD_FEMALE_GENDERED_DISINFORMATION,,BE
All,Google Maps,2026-01-01/2026-06-30,KEYWORD_INCITEMENT_AGAINST_WOMEN,,BE
All,Google Maps,2026-01-01/2026-06-30,KEYWORD_NON_CONSENSUAL_IMAGE_SHARING_AGAINST_WOMEN,,BE
All,Google Maps,2026-01-01/2026-06-30,KEYWORD_NON_CONSENSUAL_MATERIAL_DEEPFAKE_AGAINST_WOMEN,,BE
All,Google Maps,2026-01-01/2026-06-30,KEYWORD_OTHER,"Text to detail the ""Other"" keyword.",BE
All,Google Maps,2026-01-01/2026-06-30,STATEMENT_CATEGORY_DATA_PROTECTION_AND_PRIVACY_VIOLATIONS,,BE
All,Google Maps,2026-01-01/2026-06-30,KEYWORD_BIOMETRIC_DATA_BREACH,,BE
All,Google Maps,2026-01-01/2026-06-30,KEYWORD_DATA_FALSIFICATION,,BE
All,Google Maps,2026-01-01/2026-06-30,KEYWORD_MISSING_PROCESSING_GROUND,,BE
All,Google Maps,2026-01-01/2026-06-30,KEYWORD_RIGHT_TO_BE_FORGOTTEN,,BE
All,Google Maps,2026-01-01/2026-06-30,KEYWORD_OTHER,DATA_COLLECTION_AND_USE,BE
All,Google Maps,2026-01-01/2026-06-30,KEYWORD_OTHER,DISCLOSURE_AND_CONSENT_PRACTICES,BE
All,Google Maps,2026-01-01/2026-06-30,KEYWORD_OTHER,GDPR,BE
All,Google Maps,2026-01-01/2026-06-30,KEYWORD_OTHER,PERSONAL_INFORMATION,BE
All,Google Maps,2026-01-01/2026-06-30,KEYWORD_OTHER,PERSONAL_RIGHTS,BE
All,Google Maps,2026-01-01/2026-06-30,KEYWORD_OTHER,PERSONALIZED_ADVERTISING,BE
All,Google Maps,2026-01-01/2026-06-30,KEYWORD_OTHER,PRIVACY,BE
All,Google Maps,2026-01-01/2026-06-30,KEYWORD_OTHER,PRIVACY_POLICY,BE
All,Google Maps,2026-01-01/2026-06-30,KEYWORD_OTHER,UNSECURE_DATA_HANDLING,BE
All,Google Maps,2026-01-01/2026-06-30,STATEMENT_CATEGORY_ILLEGAL_OR_HARMFUL_SPEECH,,BE
All,Google Maps,2026-01-01/2026-06-30,KEYWORD_DEFAMATION,,BE
All,Google Maps,2026-01-01/2026-06-30,KEYWORD_DISCRIMINATION,,BE
All,Google Maps,2026-01-01/2026-06-30,KEYWORD_HATE_SPEECH,,BE
All,Google Maps,2026-01-01/2026-06-30,KEYWORD_OTHER,HATEFUL_OR_ABUSIVE,BE
All,Google Maps,2026-01-01/2026-06-30,KEYWORD_OTHER,ILLEGAL_OR_HARMFUL_SPEECH,BE
All,Google Maps,2026-01-01/2026-06-30,KEYWORD_OTHER,OBSCENITY_AND_PROFANITY,BE
All,Google Maps,2026-01-01/2026-06-30,KEYWORD_OTHER,OFFENSIVE_CONTENT,BE
All,Google Maps,2026-01-01/2026-06-30,KEYWORD_OTHER,UNSAFE_CONTENT,BE
All,Google Maps,2026-01-01/2026-06-30,STATEMENT_CATEGORY_INTELLECTUAL_PROPERTY_INFRINGEMENTS,,BE
All,Google Maps,2026-01-01/2026-06-30,KEYWORD_COPYRIGHT_INFRINGEMENT,,BE
All,Google Maps,2026-01-01/2026-06-30,KEYWORD_DESIGN_INFRINGEMENT,,BE
All,Google Maps,2026-01-01/2026-06-30,KEYWORD_GEOGRAPHIC_INDICATIONS_INFRINGEMENT,,BE
All,Google Maps,2026-01-01/2026-06-30,KEYWORD_PATENT_INFRINGEMENT,,BE
All,Google Maps,2026-01-01/2026-06-30,KEYWORD_TRADE_SECRET_INFRINGEMENT,,BE
All,Google Maps,2026-01-01/2026-06-30,KEYWORD_TRADEMARK_INFRINGEMENT,,BE
All,Google Maps,2026-01-01/2026-06-30,KEYWORD_OTHER,CIRCUMVENTION,BE
All,Google Maps,2026-01-01/2026-06-30,KEYWORD_OTHER,INTELLECTUAL PROPERTY,BE
All,Google Maps,2026-01-01/2026-06-30,STATEMENT_CATEGORY_NEGATIVE_EFFECTS_ON_CIVIC_DISCOURSE_OR_ELECTIONS,,BE
All,Google Maps,2026-01-01/2026-06-30,KEYWORD_MISINFORMATION_DISINFORMATION,,BE
All,Google Maps,2026-01-01/2026-06-30,KEYWORD_VIOLATION_EU_LAW,,BE
All,Google Maps,2026-01-01/2026-06-30,KEYWORD_VIOLATION_NATIONAL_LAW,,BE
All,Google Maps,2026-01-01/2026-06-30,KEYWORD_OTHER,ELECTORAL,BE
All,Google Maps,2026-01-01/2026-06-30,KEYWORD_OTHER,HACKED_POLITICAL_MATERIALS,BE
All,Google Maps,2026-01-01/2026-06-30,KEYWORD_OTHER,POLITICAL_CONTENT,BE
All,Google Maps,2026-01-01/2026-06-30,KEYWORD_OTHER,SOCIAL_STABILITY,BE
All,Google Maps,2026-01-01/2026-06-30,KEYWORD_OTHER,SOCIETAL_VALUES,BE
All,Google Maps,2026-01-01/2026-06-30,STATEMENT_CATEGORY_PROTECTION_OF_MINORS,,BE
All,Google Maps,2026-01-01/2026-06-30,KEYWORD_AGE_SPECIFIC_RESTRICTIONS_MINORS,,BE
All,Google Maps,2026-01-01/2026-06-30,KEYWORD_CHILD_SEXUAL_ABUSE_MATERIAL,,BE
All,Google Maps,2026-01-01/2026-06-30,KEYWORD_CHILD_SEXUAL_ABUSE_MATERIAL_DEEPFAKE,,BE
All,Google Maps,2026-01-01/2026-06-30,KEYWORD_GROOMING_SEXUAL_ENTICEMENT_MINORS,,BE
All,Google Maps,2026-01-01/2026-06-30,KEYWORD_UNSAFE_CHALLENGES,,BE
All,Google Maps,2026-01-01/2026-06-30,KEYWORD_OTHER,CHILD_ENDANGERMENT,BE
All,Google Maps,2026-01-01/2026-06-30,KEYWORD_OTHER,CHILD_SAFETY,BE
All,Google Maps,2026-01-01/2026-06-30,KEYWORD_OTHER,HARMFUL_OR_DANGEROUS_ACTS_CHALLENGES_AND_PRANKS,BE
All,Google Maps,2026-01-01/2026-06-30,KEYWORD_OTHER,KNOWN_SERIES,BE
All,Google Maps,2026-01-01/2026-06-30,KEYWORD_OTHER,PROTECTION_OF_MINORS,BE
All,Google Maps,2026-01-01/2026-06-30,KEYWORD_OTHER,UNAUTHORIZED_IMAGE_OF_MINORS,BE
All,Google Maps,2026-01-01/2026-06-30,STATEMENT_CATEGORY_RISK_FOR_PUBLIC_SECURITY,,BE
All,Google Maps,2026-01-01/2026-06-30,KEYWORD_ILLEGAL_ORGANIZATIONS,,BE
All,Google Maps,2026-01-01/2026-06-30,KEYWORD_RISK_ENVIRONMENTAL_DAMAGE,,BE
All,Google Maps,2026-01-01/2026-06-30,KEYWORD_RISK_PUBLIC_HEALTH,,BE
All,Google Maps,2026-01-01/2026-06-30,KEYWORD_TERRORIST_CONTENT,,BE
All,Google Maps,2026-01-01/2026-06-30,KEYWORD_OTHER,COURT_ORDER,BE
All,Google Maps,2026-01-01/2026-06-30,KEYWORD_OTHER,RISK_FOR_PUBLIC_SECURITY,BE
All,Google Maps,2026-01-01/2026-06-30,KEYWORD_OTHER,SENSITIVE_EVENTS,BE
All,Google Maps,2026-01-01/2026-06-30,KEYWORD_OTHER,VIOLENT_EXTREMISM,BE
All,Google Maps,2026-01-01/2026-06-30,KEYWORD_OTHER,WRONGFUL_OR_UNAUTHORIZED_USE_OF_SYMBOLS,BE
All,Google Maps,2026-01-01/2026-06-30,STATEMENT_CATEGORY_SCAMS_AND_FRAUD,,BE
All,Google Maps,2026-01-01/2026-06-30,KEYWORD_IMPERSONATION_ACCOUNT_HIJACKING,,BE
All,Google Maps,2026-01-01/2026-06-30,KEYWORD_INAUTHENTIC_ACCOUNTS,,BE
All,Google Maps,2026-01-01/2026-06-30,KEYWORD_INAUTHENTIC_LISTINGS,,BE
All,Google Maps,2026-01-01/2026-06-30,KEYWORD_INAUTHENTIC_USER_REVIEWS,,BE
All,Google Maps,2026-01-01/2026-06-30,KEYWORD_PHISHING,,BE
All,Google Maps,2026-01-01/2026-06-30,KEYWORD_PYRAMID_SCHEMES,,BE
All,Google Maps,2026-01-01/2026-06-30,KEYWORD_OTHER,AD_FRAUD_POLICY,BE
All,Google Maps,2026-01-01/2026-06-30,KEYWORD_OTHER,ENCOURAGEMENT_OF_DIGITAL_SECURITY_OR_TERMS_OF_SERVICE_VIOLATIONS,BE
All,Google Maps,2026-01-01/2026-06-30,KEYWORD_OTHER,FRAUD,BE
All,Google Maps,2026-01-01/2026-06-30,KEYWORD_OTHER,MALWARE,BE
All,Google Maps,2026-01-01/2026-06-30,KEYWORD_OTHER,MALWARE_AND_PHISHING,BE
All,Google Maps,2026-01-01/2026-06-30,KEYWORD_OTHER,MALWARE_AND_SYSTEM_CIRCUMVENTION,BE
All,Google Maps,2026-01-01/2026-06-30,KEYWORD_OTHER,MISREPRESENTATION,BE
All,Google Maps,2026-01-01/2026-06-30,KEYWORD_OTHER,SCAMS,BE
All,Google Maps,2026-01-01/2026-06-30,KEYWORD_OTHER,SOCIAL_ENGINEERING_TACTICS,BE
All,Google Maps,2026-01-01/2026-06-30,STATEMENT_CATEGORY_SELF_HARM,,BE
All,Google Maps,2026-01-01/2026-06-30,KEYWORD_CONTENT_PROMOTING_EATING_DISORDERS,,BE
All,Google Maps,2026-01-01/2026-06-30,KEYWORD_SELF_MUTILATION,,BE
All,Google Maps,2026-01-01/2026-06-30,KEYWORD_SUICIDE,,BE
All,Google Maps,2026-01-01/2026-06-30,KEYWORD_OTHER,SELF_HARM,BE
All,Google Maps,2026-01-01/2026-06-30,KEYWORD_OTHER,SUICIDE_AND_SELF_HARM,BE
All,Google Maps,2026-01-01/2026-06-30,STATEMENT_CATEGORY_UNSAFE_AND_PROHIBITED_PRODUCTS,,BE
All,Google Maps,2026-01-01/2026-06-30,KEYWORD_PROHIBITED_PRODUCTS,,BE
All,Google Maps,2026-01-01/2026-06-30,KEYWORD_UNSAFE_PRODUCTS,,BE
All,Google Maps,2026-01-01/2026-06-30,KEYWORD_OTHER,COURT_ORDER,BE
All,Google Maps,2026-01-01/2026-06-30,KEYWORD_OTHER,ENABLING_DISHONEST_BEHAVIOR,BE
All,Google Maps,2026-01-01/2026-06-30,KEYWORD_OTHER,FIREARMS_AND_ILLEGAL_REGULATED_GOODS_OR_SERVICES,BE
All,Google Maps,2026-01-01/2026-06-30,KEYWORD_OTHER,OTHER_LEGAL_NOTICES_OR_ORDERS,BE
All,Google Maps,2026-01-01/2026-06-30,KEYWORD_OTHER,UNAUTHORIZED_PHARMACIES,BE
All,Google Maps,2026-01-01/2026-06-30,STATEMENT_CATEGORY_VIOLENCE,,BE
All,Google Maps,2026-01-01/2026-06-30,KEYWORD_COORDINATED_HARM,,BE
All,Google Maps,2026-01-01/2026-06-30,KEYWORD_INCITEMENT_VIOLENCE_HATRED,,BE
All,Google Maps,2026-01-01/2026-06-30,KEYWORD_HUMAN_EXPLOITATION,,BE
All,Google Maps,2026-01-01/2026-06-30,KEYWORD_HUMAN_TRAFFICKING,,BE
All,Google Maps,2026-01-01/2026-06-30,KEYWORD_TRAFFICKING_WOMEN_GIRLS,,BE
All,Google Maps,2026-01-01/2026-06-30,KEYWORD_OTHER,DEPICTION_OF VIOLENCE,BE
All,Google Maps,2026-01-01/2026-06-30,KEYWORD_OTHER,SHOCKING_CONTENT,BE
All,Google Maps,2026-01-01/2026-06-30,KEYWORD_OTHER,VIOLENT_OR_GRAPHIC_CONTENT,BE
All,Google Maps,2026-01-01/2026-06-30,STATEMENT_CATEGORY_NOT_SPECIFIED_ORDER,,BE
All,Google Maps,2026-01-01/2026-06-30,TOTAL,,BG
All,Google Maps,2026-01-01/2026-06-30,STATEMENT_CATEGORY_ANIMAL_WELFARE,,BG
All,Google Maps,2026-01-01/2026-06-30,KEYWORD_ANIMAL_HARM,,BG
All,Google Maps,2026-01-01/2026-06-30,KEYWORD_UNLAWFUL_SALE_ANIMALS,,BG
All,Google Maps,2026-01-01/2026-06-30,KEYWORD_OTHER,ANIMAL_CRUELTY,BG
All,Google Maps,2026-01-01/2026-06-30,KEYWORD_OTHER,ANIMAL_HARM_AND_UNLAWFUL_SALE,BG
All,Google Maps,2026-01-01/2026-06-30,STATEMENT_CATEGORY_CONSUMER_INFORMATION,,BG
All,Google Maps,2026-01-01/2026-06-30,KEYWORD_HIDDEN_ADVERTISEMENT,,BG
All,Google Maps,2026-01-01/2026-06-30,KEYWORD_INSUFFICIENT_INFORMATION_ON_TRADERS,,BG
All,Google Maps,2026-01-01/2026-06-30,KEYWORD_MISLEADING_INFO_GOODS_SERVICES,,BG
All,Google Maps,2026-01-01/2026-06-30,KEYWORD_MISLEADING_INFO_CONSUMER_RIGHTS,,BG
All,Google Maps,2026-01-01/2026-06-30,KEYWORD_NONCOMPLIANCE_PRICING,,BG
All,Google Maps,2026-01-01/2026-06-30,KEYWORD_OTHER,CONSUMER_PROTECTION,BG
All,Google Maps,2026-01-01/2026-06-30,KEYWORD_OTHER,MISREPRESENTATION,BG
All,Google Maps,2026-01-01/2026-06-30,STATEMENT_CATEGORY_CYBER_VIOLENCE,,BG
All,Google Maps,2026-01-01/2026-06-30,KEYWORD_CYBER_BULLYING_INTIMIDATION,,BG
All,Google Maps,2026-01-01/2026-06-30,KEYWORD_CYBER_HARASSMENT,,BG
All,Google Maps,2026-01-01/2026-06-30,KEYWORD_CYBER_INCITEMENT,,BG
All,Google Maps,2026-01-01/2026-06-30,KEYWORD_CYBER_STALKING,,BG
All,Google Maps,2026-01-01/2026-06-30,KEYWORD_NON_CONSENSUAL_IMAGE_SHARING,,BG
All,Google Maps,2026-01-01/2026-06-30,KEYWORD_NON_CONSENSUAL_MATERIAL_DEEPFAKE,,BG
All,Google Maps,2026-01-01/2026-06-30,KEYWORD_OTHER,DOXING,BG
All,Google Maps,2026-01-01/2026-06-30,KEYWORD_OTHER,HARASSMENT,BG
All,Google Maps,2026-01-01/2026-06-30,KEYWORD_OTHER,HARASSMENT_AND_CYBERBULLYING,BG
All,Google Maps,2026-01-01/2026-06-30,KEYWORD_OTHER,HARMFUL_ACTIVITIES,BG
All,Google Maps,2026-01-01/2026-06-30,KEYWORD_OTHER,SEXUAL_HARASSMENT,BG
All,Google Maps,2026-01-01/2026-06-30,KEYWORD_OTHER,OBSCENITY_OR_PORNOGRAPHY,BG
All,Google Maps,2026-01-01/2026-06-30,KEYWORD_OTHER,UNSAFE_CONTENT,BG
All,Google Maps,2026-01-01/2026-06-30,STATEMENT_CATEGORY_CYBER_VIOLENCE_AGAINST_WOMEN,,BG
All,Google Maps,2026-01-01/2026-06-30,KEYWORD_BULLYING_AGAINST_GIRLS,,BG
All,Google Maps,2026-01-01/2026-06-30,KEYWORD_CYBER_HARASSMENT_AGAINST_WOMEN,,BG
All,Google Maps,2026-01-01/2026-06-30,KEYWORD_CYBER_STALKING_AGAINST_WOMEN,,BG
All,Google Maps,2026-01-01/2026-06-30,KEYWORD_FEMALE_GENDERED_DISINFORMATION,,BG
All,Google Maps,2026-01-01/2026-06-30,KEYWORD_INCITEMENT_AGAINST_WOMEN,,BG
All,Google Maps,2026-01-01/2026-06-30,KEYWORD_NON_CONSENSUAL_IMAGE_SHARING_AGAINST_WOMEN,,BG
All,Google Maps,2026-01-01/2026-06-30,KEYWORD_NON_CONSENSUAL_MATERIAL_DEEPFAKE_AGAINST_WOMEN,,BG
All,Google Maps,2026-01-01/2026-06-30,KEYWORD_OTHER,"Text to detail the ""Other"" keyword.",BG
All,Google Maps,2026-01-01/2026-06-30,STATEMENT_CATEGORY_DATA_PROTECTION_AND_PRIVACY_VIOLATIONS,,BG
All,Google Maps,2026-01-01/2026-06-30,KEYWORD_BIOMETRIC_DATA_BREACH,,BG
All,Google Maps,2026-01-01/2026-06-30,KEYWORD_DATA_FALSIFICATION,,BG
All,Google Maps,2026-01-01/2026-06-30,KEYWORD_MISSING_PROCESSING_GROUND,,BG
All,Google Maps,2026-01-01/2026-06-30,KEYWORD_RIGHT_TO_BE_FORGOTTEN,,BG
All,Google Maps,2026-01-01/2026-06-30,KEYWORD_OTHER,DATA_COLLECTION_AND_USE,BG
All,Google Maps,2026-01-01/2026-06-30,KEYWORD_OTHER,DISCLOSURE_AND_CONSENT_PRACTICES,BG
All,Google Maps,2026-01-01/2026-06-30,KEYWORD_OTHER,GDPR,BG
All,Google Maps,2026-01-01/2026-06-30,KEYWORD_OTHER,PERSONAL_INFORMATION,BG
All,Google Maps,2026-01-01/2026-06-30,KEYWORD_OTHER,PERSONAL_RIGHTS,BG
All,Google Maps,2026-01-01/2026-06-30,KEYWORD_OTHER,PERSONALIZED_ADVERTISING,BG
All,Google Maps,2026-01-01/2026-06-30,KEYWORD_OTHER,PRIVACY,BG
All,Google Maps,2026-01-01/2026-06-30,KEYWORD_OTHER,PRIVACY_POLICY,BG
All,Google Maps,2026-01-01/2026-06-30,KEYWORD_OTHER,UNSECURE_DATA_HANDLING,BG
All,Google Maps,2026-01-01/2026-06-30,STATEMENT_CATEGORY_ILLEGAL_OR_HARMFUL_SPEECH,,BG
All,Google Maps,2026-01-01/2026-06-30,KEYWORD_DEFAMATION,,BG
All,Google Maps,2026-01-01/2026-06-30,KEYWORD_DISCRIMINATION,,BG
All,Google Maps,2026-01-01/2026-06-30,KEYWORD_HATE_SPEECH,,BG
All,Google Maps,2026-01-01/2026-06-30,KEYWORD_OTHER,HATEFUL_OR_ABUSIVE,BG
All,Google Maps,2026-01-01/2026-06-30,KEYWORD_OTHER,ILLEGAL_OR_HARMFUL_SPEECH,BG
All,Google Maps,2026-01-01/2026-06-30,KEYWORD_OTHER,OBSCENITY_AND_PROFANITY,BG
All,Google Maps,2026-01-01/2026-06-30,KEYWORD_OTHER,OFFENSIVE_CONTENT,BG
All,Google Maps,2026-01-01/2026-06-30,KEYWORD_OTHER,UNSAFE_CONTENT,BG
All,Google Maps,2026-01-01/2026-06-30,STATEMENT_CATEGORY_INTELLECTUAL_PROPERTY_INFRINGEMENTS,,BG
All,Google Maps,2026-01-01/2026-06-30,KEYWORD_COPYRIGHT_INFRINGEMENT,,BG
All,Google Maps,2026-01-01/2026-06-30,KEYWORD_DESIGN_INFRINGEMENT,,BG
All,Google Maps,2026-01-01/2026-06-30,KEYWORD_GEOGRAPHIC_INDICATIONS_INFRINGEMENT,,BG
All,Google Maps,2026-01-01/2026-06-30,KEYWORD_PATENT_INFRINGEMENT,,BG
All,Google Maps,2026-01-01/2026-06-30,KEYWORD_TRADE_SECRET_INFRINGEMENT,,BG
All,Google Maps,2026-01-01/2026-06-30,KEYWORD_TRADEMARK_INFRINGEMENT,,BG
All,Google Maps,2026-01-01/2026-06-30,KEYWORD_OTHER,CIRCUMVENTION,BG
All,Google Maps,2026-01-01/2026-06-30,KEYWORD_OTHER,INTELLECTUAL PROPERTY,BG
All,Google Maps,2026-01-01/2026-06-30,STATEMENT_CATEGORY_NEGATIVE_EFFECTS_ON_CIVIC_DISCOURSE_OR_ELECTIONS,,BG
All,Google Maps,2026-01-01/2026-06-30,KEYWORD_MISINFORMATION_DISINFORMATION,,BG
All,Google Maps,2026-01-01/2026-06-30,KEYWORD_VIOLATION_EU_LAW,,BG
All,Google Maps,2026-01-01/2026-06-30,KEYWORD_VIOLATION_NATIONAL_LAW,,BG
All,Google Maps,2026-01-01/2026-06-30,KEYWORD_OTHER,ELECTORAL,BG
All,Google Maps,2026-01-01/2026-06-30,KEYWORD_OTHER,HACKED_POLITICAL_MATERIALS,BG
All,Google Maps,2026-01-01/2026-06-30,KEYWORD_OTHER,POLITICAL_CONTENT,BG
All,Google Maps,2026-01-01/2026-06-30,KEYWORD_OTHER,SOCIAL_STABILITY,BG
All,Google Maps,2026-01-01/2026-06-30,KEYWORD_OTHER,SOCIETAL_VALUES,BG
All,Google Maps,2026-01-01/2026-06-30,STATEMENT_CATEGORY_PROTECTION_OF_MINORS,,BG
All,Google Maps,2026-01-01/2026-06-30,KEYWORD_AGE_SPECIFIC_RESTRICTIONS_MINORS,,BG
All,Google Maps,2026-01-01/2026-06-30,KEYWORD_CHILD_SEXUAL_ABUSE_MATERIAL,,BG
All,Google Maps,2026-01-01/2026-06-30,KEYWORD_CHILD_SEXUAL_ABUSE_MATERIAL_DEEPFAKE,,BG
All,Google Maps,2026-01-01/2026-06-30,KEYWORD_GROOMING_SEXUAL_ENTICEMENT_MINORS,,BG
All,Google Maps,2026-01-01/2026-06-30,KEYWORD_UNSAFE_CHALLENGES,,BG
All,Google Maps,2026-01-01/2026-06-30,KEYWORD_OTHER,CHILD_ENDANGERMENT,BG
All,Google Maps,2026-01-01/2026-06-30,KEYWORD_OTHER,CHILD_SAFETY,BG
All,Google Maps,2026-01-01/2026-06-30,KEYWORD_OTHER,HARMFUL_OR_DANGEROUS_ACTS_CHALLENGES_AND_PRANKS,BG
All,Google Maps,2026-01-01/2026-06-30,KEYWORD_OTHER,KNOWN_SERIES,BG
All,Google Maps,2026-01-01/2026-06-30,KEYWORD_OTHER,PROTECTION_OF_MINORS,BG
All,Google Maps,2026-01-01/2026-06-30,KEYWORD_OTHER,UNAUTHORIZED_IMAGE_OF_MINORS,BG
All,Google Maps,2026-01-01/2026-06-30,STATEMENT_CATEGORY_RISK_FOR_PUBLIC_SECURITY,,BG
All,Google Maps,2026-01-01/2026-06-30,KEYWORD_ILLEGAL_ORGANIZATIONS,,BG
All,Google Maps,2026-01-01/2026-06-30,KEYWORD_RISK_ENVIRONMENTAL_DAMAGE,,BG
All,Google Maps,2026-01-01/2026-06-30,KEYWORD_RISK_PUBLIC_HEALTH,,BG
All,Google Maps,2026-01-01/2026-06-30,KEYWORD_TERRORIST_CONTENT,,BG
All,Google Maps,2026-01-01/2026-06-30,KEYWORD_OTHER,COURT_ORDER,BG
All,Google Maps,2026-01-01/2026-06-30,KEYWORD_OTHER,RISK_FOR_PUBLIC_SECURITY,BG
All,Google Maps,2026-01-01/2026-06-30,KEYWORD_OTHER,SENSITIVE_EVENTS,BG
All,Google Maps,2026-01-01/2026-06-30,KEYWORD_OTHER,VIOLENT_EXTREMISM,BG
All,Google Maps,2026-01-01/2026-06-30,KEYWORD_OTHER,WRONGFUL_OR_UNAUTHORIZED_USE_OF_SYMBOLS,BG
All,Google Maps,2026-01-01/2026-06-30,STATEMENT_CATEGORY_SCAMS_AND_FRAUD,,BG
All,Google Maps,2026-01-01/2026-06-30,KEYWORD_IMPERSONATION_ACCOUNT_HIJACKING,,BG
All,Google Maps,2026-01-01/2026-06-30,KEYWORD_INAUTHENTIC_ACCOUNTS,,BG
All,Google Maps,2026-01-01/2026-06-30,KEYWORD_INAUTHENTIC_LISTINGS,,BG
All,Google Maps,2026-01-01/2026-06-30,KEYWORD_INAUTHENTIC_USER_REVIEWS,,BG
All,Google Maps,2026-01-01/2026-06-30,KEYWORD_PHISHING,,BG
All,Google Maps,2026-01-01/2026-06-30,KEYWORD_PYRAMID_SCHEMES,,BG
All,Google Maps,2026-01-01/2026-06-30,KEYWORD_OTHER,AD_FRAUD_POLICY,BG
All,Google Maps,2026-01-01/2026-06-30,KEYWORD_OTHER,ENCOURAGEMENT_OF_DIGITAL_SECURITY_OR_TERMS_OF_SERVICE_VIOLATIONS,BG
All,Google Maps,2026-01-01/2026-06-30,KEYWORD_OTHER,FRAUD,BG
All,Google Maps,2026-01-01/2026-06-30,KEYWORD_OTHER,MALWARE,BG
All,Google Maps,2026-01-01/2026-06-30,KEYWORD_OTHER,MALWARE_AND_PHISHING,BG
All,Google Maps,2026-01-01/2026-06-30,KEYWORD_OTHER,MALWARE_AND_SYSTEM_CIRCUMVENTION,BG
All,Google Maps,2026-01-01/2026-06-30,KEYWORD_OTHER,MISREPRESENTATION,BG
All,Google Maps,2026-01-01/2026-06-30,KEYWORD_OTHER,SCAMS,BG
All,Google Maps,2026-01-01/2026-06-30,KEYWORD_OTHER,SOCIAL_ENGINEERING_TACTICS,BG
All,Google Maps,2026-01-01/2026-06-30,STATEMENT_CATEGORY_SELF_HARM,,BG
All,Google Maps,2026-01-01/2026-06-30,KEYWORD_CONTENT_PROMOTING_EATING_DISORDERS,,BG
All,Google Maps,2026-01-01/2026-06-30,KEYWORD_SELF_MUTILATION,,BG
All,Google Maps,2026-01-01/2026-06-30,KEYWORD_SUICIDE,,BG
All,Google Maps,2026-01-01/2026-06-30,KEYWORD_OTHER,SELF_HARM,BG
All,Google Maps,2026-01-01/2026-06-30,KEYWORD_OTHER,SUICIDE_AND_SELF_HARM,BG
All,Google Maps,2026-01-01/2026-06-30,STATEMENT_CATEGORY_UNSAFE_AND_PROHIBITED_PRODUCTS,,BG
All,Google Maps,2026-01-01/2026-06-30,KEYWORD_PROHIBITED_PRODUCTS,,BG
All,Google Maps,2026-01-01/2026-06-30,KEYWORD_UNSAFE_PRODUCTS,,BG
All,Google Maps,2026-01-01/2026-06-30,KEYWORD_OTHER,COURT_ORDER,BG
All,Google Maps,2026-01-01/2026-06-30,KEYWORD_OTHER,ENABLING_DISHONEST_BEHAVIOR,BG
All,Google Maps,2026-01-01/2026-06-30,KEYWORD_OTHER,FIREARMS_AND_ILLEGAL_REGULATED_GOODS_OR_SERVICES,BG
All,Google Maps,2026-01-01/2026-06-30,KEYWORD_OTHER,OTHER_LEGAL_NOTICES_OR_ORDERS,BG
All,Google Maps,2026-01-01/2026-06-30,KEYWORD_OTHER,UNAUTHORIZED_PHARMACIES,BG
All,Google Maps,2026-01-01/2026-06-30,STATEMENT_CATEGORY_VIOLENCE,,BG
All,Google Maps,2026-01-01/2026-06-30,KEYWORD_COORDINATED_HARM,,BG
All,Google Maps,2026-01-01/2026-06-30,KEYWORD_INCITEMENT_VIOLENCE_HATRED,,BG
All,Google Maps,2026-01-01/2026-06-30,KEYWORD_HUMAN_EXPLOITATION,,BG
All,Google Maps,2026-01-01/2026-06-30,KEYWORD_HUMAN_TRAFFICKING,,BG
All,Google Maps,2026-01-01/2026-06-30,KEYWORD_TRAFFICKING_WOMEN_GIRLS,,BG
All,Google Maps,2026-01-01/2026-06-30,KEYWORD_OTHER,DEPICTION_OF VIOLENCE,BG
All,Google Maps,2026-01-01/2026-06-30,KEYWORD_OTHER,SHOCKING_CONTENT,BG
All,Google Maps,2026-01-01/2026-06-30,KEYWORD_OTHER,VIOLENT_OR_GRAPHIC_CONTENT,BG
All,Google Maps,2026-01-01/2026-06-30,STATEMENT_CATEGORY_NOT_SPECIFIED_ORDER,,BG
All,Google Maps,2026-01-01/2026-06-30,TOTAL,,HR
All,Google Maps,2026-01-01/2026-06-30,STATEMENT_CATEGORY_ANIMAL_WELFARE,,HR
All,Google Maps,2026-01-01/2026-06-30,KEYWORD_ANIMAL_HARM,,HR
All,Google Maps,2026-01-01/2026-06-30,KEYWORD_UNLAWFUL_SALE_ANIMALS,,HR
All,Google Maps,2026-01-01/2026-06-30,KEYWORD_OTHER,ANIMAL_CRUELTY,HR
All,Google Maps,2026-01-01/2026-06-30,KEYWORD_OTHER,ANIMAL_HARM_AND_UNLAWFUL_SALE,HR
All,Google Maps,2026-01-01/2026-06-30,STATEMENT_CATEGORY_CONSUMER_INFORMATION,,HR
All,Google Maps,2026-01-01/2026-06-30,KEYWORD_HIDDEN_ADVERTISEMENT,,HR
All,Google Maps,2026-01-01/2026-06-30,KEYWORD_INSUFFICIENT_INFORMATION_ON_TRADERS,,HR
All,Google Maps,2026-01-01/2026-06-30,KEYWORD_MISLEADING_INFO_GOODS_SERVICES,,HR
All,Google Maps,2026-01-01/2026-06-30,KEYWORD_MISLEADING_INFO_CONSUMER_RIGHTS,,HR
All,Google Maps,2026-01-01/2026-06-30,KEYWORD_NONCOMPLIANCE_PRICING,,HR
All,Google Maps,2026-01-01/2026-06-30,KEYWORD_OTHER,CONSUMER_PROTECTION,HR
All,Google Maps,2026-01-01/2026-06-30,KEYWORD_OTHER,MISREPRESENTATION,HR
All,Google Maps,2026-01-01/2026-06-30,STATEMENT_CATEGORY_CYBER_VIOLENCE,,HR
All,Google Maps,2026-01-01/2026-06-30,KEYWORD_CYBER_BULLYING_INTIMIDATION,,HR
All,Google Maps,2026-01-01/2026-06-30,KEYWORD_CYBER_HARASSMENT,,HR
All,Google Maps,2026-01-01/2026-06-30,KEYWORD_CYBER_INCITEMENT,,HR
All,Google Maps,2026-01-01/2026-06-30,KEYWORD_CYBER_STALKING,,HR
All,Google Maps,2026-01-01/2026-06-30,KEYWORD_NON_CONSENSUAL_IMAGE_SHARING,,HR
All,Google Maps,2026-01-01/2026-06-30,KEYWORD_NON_CONSENSUAL_MATERIAL_DEEPFAKE,,HR
All,Google Maps,2026-01-01/2026-06-30,KEYWORD_OTHER,DOXING,HR
All,Google Maps,2026-01-01/2026-06-30,KEYWORD_OTHER,HARASSMENT,HR
All,Google Maps,2026-01-01/2026-06-30,KEYWORD_OTHER,HARASSMENT_AND_CYBERBULLYING,HR
All,Google Maps,2026-01-01/2026-06-30,KEYWORD_OTHER,HARMFUL_ACTIVITIES,HR
All,Google Maps,2026-01-01/2026-06-30,KEYWORD_OTHER,SEXUAL_HARASSMENT,HR
All,Google Maps,2026-01-01/2026-06-30,KEYWORD_OTHER,OBSCENITY_OR_PORNOGRAPHY,HR
All,Google Maps,2026-01-01/2026-06-30,KEYWORD_OTHER,UNSAFE_CONTENT,HR
All,Google Maps,2026-01-01/2026-06-30,STATEMENT_CATEGORY_CYBER_VIOLENCE_AGAINST_WOMEN,,HR
All,Google Maps,2026-01-01/2026-06-30,KEYWORD_BULLYING_AGAINST_GIRLS,,HR
All,Google Maps,2026-01-01/2026-06-30,KEYWORD_CYBER_HARASSMENT_AGAINST_WOMEN,,HR
All,Google Maps,2026-01-01/2026-06-30,KEYWORD_CYBER_STALKING_AGAINST_WOMEN,,HR
All,Google Maps,2026-01-01/2026-06-30,KEYWORD_FEMALE_GENDERED_DISINFORMATION,,HR
All,Google Maps,2026-01-01/2026-06-30,KEYWORD_INCITEMENT_AGAINST_WOMEN,,HR
All,Google Maps,2026-01-01/2026-06-30,KEYWORD_NON_CONSENSUAL_IMAGE_SHARING_AGAINST_WOMEN,,HR
All,Google Maps,2026-01-01/2026-06-30,KEYWORD_NON_CONSENSUAL_MATERIAL_DEEPFAKE_AGAINST_WOMEN,,HR
All,Google Maps,2026-01-01/2026-06-30,KEYWORD_OTHER,"Text to detail the ""Other"" keyword.",HR
All,Google Maps,2026-01-01/2026-06-30,STATEMENT_CATEGORY_DATA_PROTECTION_AND_PRIVACY_VIOLATIONS,,HR
All,Google Maps,2026-01-01/2026-06-30,KEYWORD_BIOMETRIC_DATA_BREACH,,HR
All,Google Maps,2026-01-01/2026-06-30,KEYWORD_DATA_FALSIFICATION,,HR
All,Google Maps,2026-01-01/2026-06-30,KEYWORD_MISSING_PROCESSING_GROUND,,HR
All,Google Maps,2026-01-01/2026-06-30,KEYWORD_RIGHT_TO_BE_FORGOTTEN,,HR
All,Google Maps,2026-01-01/2026-06-30,KEYWORD_OTHER,DATA_COLLECTION_AND_USE,HR
All,Google Maps,2026-01-01/2026-06-30,KEYWORD_OTHER,DISCLOSURE_AND_CONSENT_PRACTICES,HR
All,Google Maps,2026-01-01/2026-06-30,KEYWORD_OTHER,GDPR,HR
All,Google Maps,2026-01-01/2026-06-30,KEYWORD_OTHER,PERSONAL_INFORMATION,HR
All,Google Maps,2026-01-01/2026-06-30,KEYWORD_OTHER,PERSONAL_RIGHTS,HR
All,Google Maps,2026-01-01/2026-06-30,KEYWORD_OTHER,PERSONALIZED_ADVERTISING,HR
All,Google Maps,2026-01-01/2026-06-30,KEYWORD_OTHER,PRIVACY,HR
All,Google Maps,2026-01-01/2026-06-30,KEYWORD_OTHER,PRIVACY_POLICY,HR
All,Google Maps,2026-01-01/2026-06-30,KEYWORD_OTHER,UNSECURE_DATA_HANDLING,HR
All,Google Maps,2026-01-01/2026-06-30,STATEMENT_CATEGORY_ILLEGAL_OR_HARMFUL_SPEECH,,HR
All,Google Maps,2026-01-01/2026-06-30,KEYWORD_DEFAMATION,,HR
All,Google Maps,2026-01-01/2026-06-30,KEYWORD_DISCRIMINATION,,HR
All,Google Maps,2026-01-01/2026-06-30,KEYWORD_HATE_SPEECH,,HR
All,Google Maps,2026-01-01/2026-06-30,KEYWORD_OTHER,HATEFUL_OR_ABUSIVE,HR
All,Google Maps,2026-01-01/2026-06-30,KEYWORD_OTHER,ILLEGAL_OR_HARMFUL_SPEECH,HR
All,Google Maps,2026-01-01/2026-06-30,KEYWORD_OTHER,OBSCENITY_AND_PROFANITY,HR
All,Google Maps,2026-01-01/2026-06-30,KEYWORD_OTHER,OFFENSIVE_CONTENT,HR
All,Google Maps,2026-01-01/2026-06-30,KEYWORD_OTHER,UNSAFE_CONTENT,HR
All,Google Maps,2026-01-01/2026-06-30,STATEMENT_CATEGORY_INTELLECTUAL_PROPERTY_INFRINGEMENTS,,HR
All,Google Maps,2026-01-01/2026-06-30,KEYWORD_COPYRIGHT_INFRINGEMENT,,HR
All,Google Maps,2026-01-01/2026-06-30,KEYWORD_DESIGN_INFRINGEMENT,,HR
All,Google Maps,2026-01-01/2026-06-30,KEYWORD_GEOGRAPHIC_INDICATIONS_INFRINGEMENT,,HR
All,Google Maps,2026-01-01/2026-06-30,KEYWORD_PATENT_INFRINGEMENT,,HR
All,Google Maps,2026-01-01/2026-06-30,KEYWORD_TRADE_SECRET_INFRINGEMENT,,HR
All,Google Maps,2026-01-01/2026-06-30,KEYWORD_TRADEMARK_INFRINGEMENT,,HR
All,Google Maps,2026-01-01/2026-06-30,KEYWORD_OTHER,CIRCUMVENTION,HR
All,Google Maps,2026-01-01/2026-06-30,KEYWORD_OTHER,INTELLECTUAL PROPERTY,HR
All,Google Maps,2026-01-01/2026-06-30,STATEMENT_CATEGORY_NEGATIVE_EFFECTS_ON_CIVIC_DISCOURSE_OR_ELECTIONS,,HR
All,Google Maps,2026-01-01/2026-06-30,KEYWORD_MISINFORMATION_DISINFORMATION,,HR
All,Google Maps,2026-01-01/2026-06-30,KEYWORD_VIOLATION_EU_LAW,,HR
All,Google Maps,2026-01-01/2026-06-30,KEYWORD_VIOLATION_NATIONAL_LAW,,HR
All,Google Maps,2026-01-01/2026-06-30,KEYWORD_OTHER,ELECTORAL,HR
All,Google Maps,2026-01-01/2026-06-30,KEYWORD_OTHER,HACKED_POLITICAL_MATERIALS,HR
All,Google Maps,2026-01-01/2026-06-30,KEYWORD_OTHER,POLITICAL_CONTENT,HR
All,Google Maps,2026-01-01/2026-06-30,KEYWORD_OTHER,SOCIAL_STABILITY,HR
All,Google Maps,2026-01-01/2026-06-30,KEYWORD_OTHER,SOCIETAL_VALUES,HR
All,Google Maps,2026-01-01/2026-06-30,STATEMENT_CATEGORY_PROTECTION_OF_MINORS,,HR
All,Google Maps,2026-01-01/2026-06-30,KEYWORD_AGE_SPECIFIC_RESTRICTIONS_MINORS,,HR
All,Google Maps,2026-01-01/2026-06-30,KEYWORD_CHILD_SEXUAL_ABUSE_MATERIAL,,HR
All,Google Maps,2026-01-01/2026-06-30,KEYWORD_CHILD_SEXUAL_ABUSE_MATERIAL_DEEPFAKE,,HR
All,Google Maps,2026-01-01/2026-06-30,KEYWORD_GROOMING_SEXUAL_ENTICEMENT_MINORS,,HR
All,Google Maps,2026-01-01/2026-06-30,KEYWORD_UNSAFE_CHALLENGES,,HR
All,Google Maps,2026-01-01/2026-06-30,KEYWORD_OTHER,CHILD_ENDANGERMENT,HR
All,Google Maps,2026-01-01/2026-06-30,KEYWORD_OTHER,CHILD_SAFETY,HR
All,Google Maps,2026-01-01/2026-06-30,KEYWORD_OTHER,HARMFUL_OR_DANGEROUS_ACTS_CHALLENGES_AND_PRANKS,HR
All,Google Maps,2026-01-01/2026-06-30,KEYWORD_OTHER,KNOWN_SERIES,HR
All,Google Maps,2026-01-01/2026-06-30,KEYWORD_OTHER,PROTECTION_OF_MINORS,HR
All,Google Maps,2026-01-01/2026-06-30,KEYWORD_OTHER,UNAUTHORIZED_IMAGE_OF_MINORS,HR
All,Google Maps,2026-01-01/2026-06-30,STATEMENT_CATEGORY_RISK_FOR_PUBLIC_SECURITY,,HR
All,Google Maps,2026-01-01/2026-06-30,KEYWORD_ILLEGAL_ORGANIZATIONS,,HR
All,Google Maps,2026-01-01/2026-06-30,KEYWORD_RISK_ENVIRONMENTAL_DAMAGE,,HR
All,Google Maps,2026-01-01/2026-06-30,KEYWORD_RISK_PUBLIC_HEALTH,,HR
All,Google Maps,2026-01-01/2026-06-30,KEYWORD_TERRORIST_CONTENT,,HR
All,Google Maps,2026-01-01/2026-06-30,KEYWORD_OTHER,COURT_ORDER,HR
All,Google Maps,2026-01-01/2026-06-30,KEYWORD_OTHER,RISK_FOR_PUBLIC_SECURITY,HR
All,Google Maps,2026-01-01/2026-06-30,KEYWORD_OTHER,SENSITIVE_EVENTS,HR
All,Google Maps,2026-01-01/2026-06-30,KEYWORD_OTHER,VIOLENT_EXTREMISM,HR
All,Google Maps,2026-01-01/2026-06-30,KEYWORD_OTHER,WRONGFUL_OR_UNAUTHORIZED_USE_OF_SYMBOLS,HR
All,Google Maps,2026-01-01/2026-06-30,STATEMENT_CATEGORY_SCAMS_AND_FRAUD,,HR
All,Google Maps,2026-01-01/2026-06-30,KEYWORD_IMPERSONATION_ACCOUNT_HIJACKING,,HR
All,Google Maps,2026-01-01/2026-06-30,KEYWORD_INAUTHENTIC_ACCOUNTS,,HR
All,Google Maps,2026-01-01/2026-06-30,KEYWORD_INAUTHENTIC_LISTINGS,,HR
All,Google Maps,2026-01-01/2026-06-30,KEYWORD_INAUTHENTIC_USER_REVIEWS,,HR
All,Google Maps,2026-01-01/2026-06-30,KEYWORD_PHISHING,,HR
All,Google Maps,2026-01-01/2026-06-30,KEYWORD_PYRAMID_SCHEMES,,HR
All,Google Maps,2026-01-01/2026-06-30,KEYWORD_OTHER,AD_FRAUD_POLICY,HR
All,Google Maps,2026-01-01/2026-06-30,KEYWORD_OTHER,ENCOURAGEMENT_OF_DIGITAL_SECURITY_OR_TERMS_OF_SERVICE_VIOLATIONS,HR
All,Google Maps,2026-01-01/2026-06-30,KEYWORD_OTHER,FRAUD,HR
All,Google Maps,2026-01-01/2026-06-30,KEYWORD_OTHER,MALWARE,HR
All,Google Maps,2026-01-01/2026-06-30,KEYWORD_OTHER,MALWARE_AND_PHISHING,HR
All,Google Maps,2026-01-01/2026-06-30,KEYWORD_OTHER,MALWARE_AND_SYSTEM_CIRCUMVENTION,HR
All,Google Maps,2026-01-01/2026-06-30,KEYWORD_OTHER,MISREPRESENTATION,HR
All,Google Maps,2026-01-01/2026-06-30,KEYWORD_OTHER,SCAMS,HR
All,Google Maps,2026-01-01/2026-06-30,KEYWORD_OTHER,SOCIAL_ENGINEERING_TACTICS,HR
All,Google Maps,2026-01-01/2026-06-30,STATEMENT_CATEGORY_SELF_HARM,,HR
All,Google Maps,2026-01-01/2026-06-30,KEYWORD_CONTENT_PROMOTING_EATING_DISORDERS,,HR
All,Google Maps,2026-01-01/2026-06-30,KEYWORD_SELF_MUTILATION,,HR
All,Google Maps,2026-01-01/2026-06-30,KEYWORD_SUICIDE,,HR
All,Google Maps,2026-01-01/2026-06-30,KEYWORD_OTHER,SELF_HARM,HR
All,Google Maps,2026-01-01/2026-06-30,KEYWORD_OTHER,SUICIDE_AND_SELF_HARM,HR
All,Google Maps,2026-01-01/2026-06-30,STATEMENT_CATEGORY_UNSAFE_AND_PROHIBITED_PRODUCTS,,HR
All,Google Maps,2026-01-01/2026-06-30,KEYWORD_PROHIBITED_PRODUCTS,,HR
All,Google Maps,2026-01-01/2026-06-30,KEYWORD_UNSAFE_PRODUCTS,,HR
All,Google Maps,2026-01-01/2026-06-30,KEYWORD_OTHER,COURT_ORDER,HR
All,Google Maps,2026-01-01/2026-06-30,KEYWORD_OTHER,ENABLING_DISHONEST_BEHAVIOR,HR
All,Google Maps,2026-01-01/2026-06-30,KEYWORD_OTHER,FIREARMS_AND_ILLEGAL_REGULATED_GOODS_OR_SERVICES,HR
All,Google Maps,2026-01-01/2026-06-30,KEYWORD_OTHER,OTHER_LEGAL_NOTICES_OR_ORDERS,HR
All,Google Maps,2026-01-01/2026-06-30,KEYWORD_OTHER,UNAUTHORIZED_PHARMACIES,HR
All,Google Maps,2026-01-01/2026-06-30,STATEMENT_CATEGORY_VIOLENCE,,HR
All,Google Maps,2026-01-01/2026-06-30,KEYWORD_COORDINATED_HARM,,HR
All,Google Maps,2026-01-01/2026-06-30,KEYWORD_INCITEMENT_VIOLENCE_HATRED,,HR
All,Google Maps,2026-01-01/2026-06-30,KEYWORD_HUMAN_EXPLOITATION,,HR
All,Google Maps,2026-01-01/2026-06-30,KEYWORD_HUMAN_TRAFFICKING,,HR
All,Google Maps,2026-01-01/2026-06-30,KEYWORD_TRAFFICKING_WOMEN_GIRLS,,HR
All,Google Maps,2026-01-01/2026-06-30,KEYWORD_OTHER,DEPICTION_OF VIOLENCE,HR
All,Google Maps,2026-01-01/2026-06-30,KEYWORD_OTHER,SHOCKING_CONTENT,HR
All,Google Maps,2026-01-01/2026-06-30,KEYWORD_OTHER,VIOLENT_OR_GRAPHIC_CONTENT,HR
All,Google Maps,2026-01-01/2026-06-30,STATEMENT_CATEGORY_NOT_SPECIFIED_ORDER,,HR
All,Google Maps,2026-01-01/2026-06-30,TOTAL,,CY
All,Google Maps,2026-01-01/2026-06-30,STATEMENT_CATEGORY_ANIMAL_WELFARE,,CY
All,Google Maps,2026-01-01/2026-06-30,KEYWORD_ANIMAL_HARM,,CY
All,Google Maps,2026-01-01/2026-06-30,KEYWORD_UNLAWFUL_SALE_ANIMALS,,CY
All,Google Maps,2026-01-01/2026-06-30,KEYWORD_OTHER,ANIMAL_CRUELTY,CY
All,Google Maps,2026-01-01/2026-06-30,KEYWORD_OTHER,ANIMAL_HARM_AND_UNLAWFUL_SALE,CY
All,Google Maps,2026-01-01/2026-06-30,STATEMENT_CATEGORY_CONSUMER_INFORMATION,,CY
All,Google Maps,2026-01-01/2026-06-30,KEYWORD_HIDDEN_ADVERTISEMENT,,CY
All,Google Maps,2026-01-01/2026-06-30,KEYWORD_INSUFFICIENT_INFORMATION_ON_TRADERS,,CY
All,Google Maps,2026-01-01/2026-06-30,KEYWORD_MISLEADING_INFO_GOODS_SERVICES,,CY
All,Google Maps,2026-01-01/2026-06-30,KEYWORD_MISLEADING_INFO_CONSUMER_RIGHTS,,CY
All,Google Maps,2026-01-01/2026-06-30,KEYWORD_NONCOMPLIANCE_PRICING,,CY
All,Google Maps,2026-01-01/2026-06-30,KEYWORD_OTHER,CONSUMER_PROTECTION,CY
All,Google Maps,2026-01-01/2026-06-30,KEYWORD_OTHER,MISREPRESENTATION,CY
All,Google Maps,2026-01-01/2026-06-30,STATEMENT_CATEGORY_CYBER_VIOLENCE,,CY
All,Google Maps,2026-01-01/2026-06-30,KEYWORD_CYBER_BULLYING_INTIMIDATION,,CY
All,Google Maps,2026-01-01/2026-06-30,KEYWORD_CYBER_HARASSMENT,,CY
All,Google Maps,2026-01-01/2026-06-30,KEYWORD_CYBER_INCITEMENT,,CY
All,Google Maps,2026-01-01/2026-06-30,KEYWORD_CYBER_STALKING,,CY
All,Google Maps,2026-01-01/2026-06-30,KEYWORD_NON_CONSENSUAL_IMAGE_SHARING,,CY
All,Google Maps,2026-01-01/2026-06-30,KEYWORD_NON_CONSENSUAL_MATERIAL_DEEPFAKE,,CY
All,Google Maps,2026-01-01/2026-06-30,KEYWORD_OTHER,DOXING,CY
All,Google Maps,2026-01-01/2026-06-30,KEYWORD_OTHER,HARASSMENT,CY
All,Google Maps,2026-01-01/2026-06-30,KEYWORD_OTHER,HARASSMENT_AND_CYBERBULLYING,CY
All,Google Maps,2026-01-01/2026-06-30,KEYWORD_OTHER,HARMFUL_ACTIVITIES,CY
All,Google Maps,2026-01-01/2026-06-30,KEYWORD_OTHER,SEXUAL_HARASSMENT,CY
All,Google Maps,2026-01-01/2026-06-30,KEYWORD_OTHER,OBSCENITY_OR_PORNOGRAPHY,CY
All,Google Maps,2026-01-01/2026-06-30,KEYWORD_OTHER,UNSAFE_CONTENT,CY
All,Google Maps,2026-01-01/2026-06-30,STATEMENT_CATEGORY_CYBER_VIOLENCE_AGAINST_WOMEN,,CY
All,Google Maps,2026-01-01/2026-06-30,KEYWORD_BULLYING_AGAINST_GIRLS,,CY
All,Google Maps,2026-01-01/2026-06-30,KEYWORD_CYBER_HARASSMENT_AGAINST_WOMEN,,CY
All,Google Maps,2026-01-01/2026-06-30,KEYWORD_CYBER_STALKING_AGAINST_WOMEN,,CY
All,Google Maps,2026-01-01/2026-06-30,KEYWORD_FEMALE_GENDERED_DISINFORMATION,,CY
All,Google Maps,2026-01-01/2026-06-30,KEYWORD_INCITEMENT_AGAINST_WOMEN,,CY
All,Google Maps,2026-01-01/2026-06-30,KEYWORD_NON_CONSENSUAL_IMAGE_SHARING_AGAINST_WOMEN,,CY
All,Google Maps,2026-01-01/2026-06-30,KEYWORD_NON_CONSENSUAL_MATERIAL_DEEPFAKE_AGAINST_WOMEN,,CY
All,Google Maps,2026-01-01/2026-06-30,KEYWORD_OTHER,"Text to detail the ""Other"" keyword.",CY
All,Google Maps,2026-01-01/2026-06-30,STATEMENT_CATEGORY_DATA_PROTECTION_AND_PRIVACY_VIOLATIONS,,CY
All,Google Maps,2026-01-01/2026-06-30,KEYWORD_BIOMETRIC_DATA_BREACH,,CY
All,Google Maps,2026-01-01/2026-06-30,KEYWORD_DATA_FALSIFICATION,,CY
All,Google Maps,2026-01-01/2026-06-30,KEYWORD_MISSING_PROCESSING_GROUND,,CY
All,Google Maps,2026-01-01/2026-06-30,KEYWORD_RIGHT_TO_BE_FORGOTTEN,,CY
All,Google Maps,2026-01-01/2026-06-30,KEYWORD_OTHER,DATA_COLLECTION_AND_USE,CY
All,Google Maps,2026-01-01/2026-06-30,KEYWORD_OTHER,DISCLOSURE_AND_CONSENT_PRACTICES,CY
All,Google Maps,2026-01-01/2026-06-30,KEYWORD_OTHER,GDPR,CY
All,Google Maps,2026-01-01/2026-06-30,KEYWORD_OTHER,PERSONAL_INFORMATION,CY
All,Google Maps,2026-01-01/2026-06-30,KEYWORD_OTHER,PERSONAL_RIGHTS,CY
All,Google Maps,2026-01-01/2026-06-30,KEYWORD_OTHER,PERSONALIZED_ADVERTISING,CY
All,Google Maps,2026-01-01/2026-06-30,KEYWORD_OTHER,PRIVACY,CY
All,Google Maps,2026-01-01/2026-06-30,KEYWORD_OTHER,PRIVACY_POLICY,CY
All,Google Maps,2026-01-01/2026-06-30,KEYWORD_OTHER,UNSECURE_DATA_HANDLING,CY
All,Google Maps,2026-01-01/2026-06-30,STATEMENT_CATEGORY_ILLEGAL_OR_HARMFUL_SPEECH,,CY
All,Google Maps,2026-01-01/2026-06-30,KEYWORD_DEFAMATION,,CY
All,Google Maps,2026-01-01/2026-06-30,KEYWORD_DISCRIMINATION,,CY
All,Google Maps,2026-01-01/2026-06-30,KEYWORD_HATE_SPEECH,,CY
All,Google Maps,2026-01-01/2026-06-30,KEYWORD_OTHER,HATEFUL_OR_ABUSIVE,CY
All,Google Maps,2026-01-01/2026-06-30,KEYWORD_OTHER,ILLEGAL_OR_HARMFUL_SPEECH,CY
All,Google Maps,2026-01-01/2026-06-30,KEYWORD_OTHER,OBSCENITY_AND_PROFANITY,CY
All,Google Maps,2026-01-01/2026-06-30,KEYWORD_OTHER,OFFENSIVE_CONTENT,CY
All,Google Maps,2026-01-01/2026-06-30,KEYWORD_OTHER,UNSAFE_CONTENT,CY
All,Google Maps,2026-01-01/2026-06-30,STATEMENT_CATEGORY_INTELLECTUAL_PROPERTY_INFRINGEMENTS,,CY
All,Google Maps,2026-01-01/2026-06-30,KEYWORD_COPYRIGHT_INFRINGEMENT,,CY
All,Google Maps,2026-01-01/2026-06-30,KEYWORD_DESIGN_INFRINGEMENT,,CY
All,Google Maps,2026-01-01/2026-06-30,KEYWORD_GEOGRAPHIC_INDICATIONS_INFRINGEMENT,,CY
All,Google Maps,2026-01-01/2026-06-30,KEYWORD_PATENT_INFRINGEMENT,,CY
All,Google Maps,2026-01-01/2026-06-30,KEYWORD_TRADE_SECRET_INFRINGEMENT,,CY
All,Google Maps,2026-01-01/2026-06-30,KEYWORD_TRADEMARK_INFRINGEMENT,,CY
All,Google Maps,2026-01-01/2026-06-30,KEYWORD_OTHER,CIRCUMVENTION,CY
All,Google Maps,2026-01-01/2026-06-30,KEYWORD_OTHER,INTELLECTUAL PROPERTY,CY
All,Google Maps,2026-01-01/2026-06-30,STATEMENT_CATEGORY_NEGATIVE_EFFECTS_ON_CIVIC_DISCOURSE_OR_ELECTIONS,,CY
All,Google Maps,2026-01-01/2026-06-30,KEYWORD_MISINFORMATION_DISINFORMATION,,CY
All,Google Maps,2026-01-01/2026-06-30,KEYWORD_VIOLATION_EU_LAW,,CY
All,Google Maps,2026-01-01/2026-06-30,KEYWORD_VIOLATION_NATIONAL_LAW,,CY
All,Google Maps,2026-01-01/2026-06-30,KEYWORD_OTHER,ELECTORAL,CY
All,Google Maps,2026-01-01/2026-06-30,KEYWORD_OTHER,HACKED_POLITICAL_MATERIALS,CY
All,Google Maps,2026-01-01/2026-06-30,KEYWORD_OTHER,POLITICAL_CONTENT,CY
All,Google Maps,2026-01-01/2026-06-30,KEYWORD_OTHER,SOCIAL_STABILITY,CY
All,Google Maps,2026-01-01/2026-06-30,KEYWORD_OTHER,SOCIETAL_VALUES,CY
All,Google Maps,2026-01-01/2026-06-30,STATEMENT_CATEGORY_PROTECTION_OF_MINORS,,CY
All,Google Maps,2026-01-01/2026-06-30,KEYWORD_AGE_SPECIFIC_RESTRICTIONS_MINORS,,CY
All,Google Maps,2026-01-01/2026-06-30,KEYWORD_CHILD_SEXUAL_ABUSE_MATERIAL,,CY
All,Google Maps,2026-01-01/2026-06-30,KEYWORD_CHILD_SEXUAL_ABUSE_MATERIAL_DEEPFAKE,,CY
All,Google Maps,2026-01-01/2026-06-30,KEYWORD_GROOMING_SEXUAL_ENTICEMENT_MINORS,,CY
All,Google Maps,2026-01-01/2026-06-30,KEYWORD_UNSAFE_CHALLENGES,,CY
All,Google Maps,2026-01-01/2026-06-30,KEYWORD_OTHER,CHILD_ENDANGERMENT,CY
All,Google Maps,2026-01-01/2026-06-30,KEYWORD_OTHER,CHILD_SAFETY,CY
All,Google Maps,2026-01-01/2026-06-30,KEYWORD_OTHER,HARMFUL_OR_DANGEROUS_ACTS_CHALLENGES_AND_PRANKS,CY
All,Google Maps,2026-01-01/2026-06-30,KEYWORD_OTHER,KNOWN_SERIES,CY
All,Google Maps,2026-01-01/2026-06-30,KEYWORD_OTHER,PROTECTION_OF_MINORS,CY
All,Google Maps,2026-01-01/2026-06-30,KEYWORD_OTHER,UNAUTHORIZED_IMAGE_OF_MINORS,CY
All,Google Maps,2026-01-01/2026-06-30,STATEMENT_CATEGORY_RISK_FOR_PUBLIC_SECURITY,,CY
All,Google Maps,2026-01-01/2026-06-30,KEYWORD_ILLEGAL_ORGANIZATIONS,,CY
All,Google Maps,2026-01-01/2026-06-30,KEYWORD_RISK_ENVIRONMENTAL_DAMAGE,,CY
All,Google Maps,2026-01-01/2026-06-30,KEYWORD_RISK_PUBLIC_HEALTH,,CY
All,Google Maps,2026-01-01/2026-06-30,KEYWORD_TERRORIST_CONTENT,,CY
All,Google Maps,2026-01-01/2026-06-30,KEYWORD_OTHER,COURT_ORDER,CY
All,Google Maps,2026-01-01/2026-06-30,KEYWORD_OTHER,RISK_FOR_PUBLIC_SECURITY,CY
All,Google Maps,2026-01-01/2026-06-30,KEYWORD_OTHER,SENSITIVE_EVENTS,CY
All,Google Maps,2026-01-01/2026-06-30,KEYWORD_OTHER,VIOLENT_EXTREMISM,CY
All,Google Maps,2026-01-01/2026-06-30,KEYWORD_OTHER,WRONGFUL_OR_UNAUTHORIZED_USE_OF_SYMBOLS,CY
All,Google Maps,2026-01-01/2026-06-30,STATEMENT_CATEGORY_SCAMS_AND_FRAUD,,CY
All,Google Maps,2026-01-01/2026-06-30,KEYWORD_IMPERSONATION_ACCOUNT_HIJACKING,,CY
All,Google Maps,2026-01-01/2026-06-30,KEYWORD_INAUTHENTIC_ACCOUNTS,,CY
All,Google Maps,2026-01-01/2026-06-30,KEYWORD_INAUTHENTIC_LISTINGS,,CY
All,Google Maps,2026-01-01/2026-06-30,KEYWORD_INAUTHENTIC_USER_REVIEWS,,CY
All,Google Maps,2026-01-01/2026-06-30,KEYWORD_PHISHING,,CY
All,Google Maps,2026-01-01/2026-06-30,KEYWORD_PYRAMID_SCHEMES,,CY
All,Google Maps,2026-01-01/2026-06-30,KEYWORD_OTHER,AD_FRAUD_POLICY,CY
All,Google Maps,2026-01-01/2026-06-30,KEYWORD_OTHER,ENCOURAGEMENT_OF_DIGITAL_SECURITY_OR_TERMS_OF_SERVICE_VIOLATIONS,CY
All,Google Maps,2026-01-01/2026-06-30,KEYWORD_OTHER,FRAUD,CY
All,Google Maps,2026-01-01/2026-06-30,KEYWORD_OTHER,MALWARE,CY
All,Google Maps,2026-01-01/2026-06-30,KEYWORD_OTHER,MALWARE_AND_PHISHING,CY
All,Google Maps,2026-01-01/2026-06-30,KEYWORD_OTHER,MALWARE_AND_SYSTEM_CIRCUMVENTION,CY
All,Google Maps,2026-01-01/2026-06-30,KEYWORD_OTHER,MISREPRESENTATION,CY
All,Google Maps,2026-01-01/2026-06-30,KEYWORD_OTHER,SCAMS,CY
All,Google Maps,2026-01-01/2026-06-30,KEYWORD_OTHER,SOCIAL_ENGINEERING_TACTICS,CY
All,Google Maps,2026-01-01/2026-06-30,STATEMENT_CATEGORY_SELF_HARM,,CY
All,Google Maps,2026-01-01/2026-06-30,KEYWORD_CONTENT_PROMOTING_EATING_DISORDERS,,CY
All,Google Maps,2026-01-01/2026-06-30,KEYWORD_SELF_MUTILATION,,CY
All,Google Maps,2026-01-01/2026-06-30,KEYWORD_SUICIDE,,CY
All,Google Maps,2026-01-01/2026-06-30,KEYWORD_OTHER,SELF_HARM,CY
All,Google Maps,2026-01-01/2026-06-30,KEYWORD_OTHER,SUICIDE_AND_SELF_HARM,CY
All,Google Maps,2026-01-01/2026-06-30,STATEMENT_CATEGORY_UNSAFE_AND_PROHIBITED_PRODUCTS,,CY
All,Google Maps,2026-01-01/2026-06-30,KEYWORD_PROHIBITED_PRODUCTS,,CY
All,Google Maps,2026-01-01/2026-06-30,KEYWORD_UNSAFE_PRODUCTS,,CY
All,Google Maps,2026-01-01/2026-06-30,KEYWORD_OTHER,COURT_ORDER,CY
All,Google Maps,2026-01-01/2026-06-30,KEYWORD_OTHER,ENABLING_DISHONEST_BEHAVIOR,CY
All,Google Maps,2026-01-01/2026-06-30,KEYWORD_OTHER,FIREARMS_AND_ILLEGAL_REGULATED_GOODS_OR_SERVICES,CY
All,Google Maps,2026-01-01/2026-06-30,KEYWORD_OTHER,OTHER_LEGAL_NOTICES_OR_ORDERS,CY
All,Google Maps,2026-01-01/2026-06-30,KEYWORD_OTHER,UNAUTHORIZED_PHARMACIES,CY
All,Google Maps,2026-01-01/2026-06-30,STATEMENT_CATEGORY_VIOLENCE,,CY
All,Google Maps,2026-01-01/2026-06-30,KEYWORD_COORDINATED_HARM,,CY
All,Google Maps,2026-01-01/2026-06-30,KEYWORD_INCITEMENT_VIOLENCE_HATRED,,CY
All,Google Maps,2026-01-01/2026-06-30,KEYWORD_HUMAN_EXPLOITATION,,CY
All,Google Maps,2026-01-01/2026-06-30,KEYWORD_HUMAN_TRAFFICKING,,CY
All,Google Maps,2026-01-01/2026-06-30,KEYWORD_TRAFFICKING_WOMEN_GIRLS,,CY
All,Google Maps,2026-01-01/2026-06-30,KEYWORD_OTHER,DEPICTION_OF VIOLENCE,CY
All,Google Maps,2026-01-01/2026-06-30,KEYWORD_OTHER,SHOCKING_CONTENT,CY
All,Google Maps,2026-01-01/2026-06-30,KEYWORD_OTHER,VIOLENT_OR_GRAPHIC_CONTENT,CY
All,Google Maps,2026-01-01/2026-06-30,STATEMENT_CATEGORY_NOT_SPECIFIED_ORDER,,CY
All,Google Maps,2026-01-01/2026-06-30,TOTAL,,CZ
All,Google Maps,2026-01-01/2026-06-30,STATEMENT_CATEGORY_ANIMAL_WELFARE,,CZ
All,Google Maps,2026-01-01/2026-06-30,KEYWORD_ANIMAL_HARM,,CZ
All,Google Maps,2026-01-01/2026-06-30,KEYWORD_UNLAWFUL_SALE_ANIMALS,,CZ
All,Google Maps,2026-01-01/2026-06-30,KEYWORD_OTHER,ANIMAL_CRUELTY,CZ
All,Google Maps,2026-01-01/2026-06-30,KEYWORD_OTHER,ANIMAL_HARM_AND_UNLAWFUL_SALE,CZ
All,Google Maps,2026-01-01/2026-06-30,STATEMENT_CATEGORY_CONSUMER_INFORMATION,,CZ
All,Google Maps,2026-01-01/2026-06-30,KEYWORD_HIDDEN_ADVERTISEMENT,,CZ
All,Google Maps,2026-01-01/2026-06-30,KEYWORD_INSUFFICIENT_INFORMATION_ON_TRADERS,,CZ
All,Google Maps,2026-01-01/2026-06-30,KEYWORD_MISLEADING_INFO_GOODS_SERVICES,,CZ
All,Google Maps,2026-01-01/2026-06-30,KEYWORD_MISLEADING_INFO_CONSUMER_RIGHTS,,CZ
All,Google Maps,2026-01-01/2026-06-30,KEYWORD_NONCOMPLIANCE_PRICING,,CZ
All,Google Maps,2026-01-01/2026-06-30,KEYWORD_OTHER,CONSUMER_PROTECTION,CZ
All,Google Maps,2026-01-01/2026-06-30,KEYWORD_OTHER,MISREPRESENTATION,CZ
All,Google Maps,2026-01-01/2026-06-30,STATEMENT_CATEGORY_CYBER_VIOLENCE,,CZ
All,Google Maps,2026-01-01/2026-06-30,KEYWORD_CYBER_BULLYING_INTIMIDATION,,CZ
All,Google Maps,2026-01-01/2026-06-30,KEYWORD_CYBER_HARASSMENT,,CZ
All,Google Maps,2026-01-01/2026-06-30,KEYWORD_CYBER_INCITEMENT,,CZ
All,Google Maps,2026-01-01/2026-06-30,KEYWORD_CYBER_STALKING,,CZ
All,Google Maps,2026-01-01/2026-06-30,KEYWORD_NON_CONSENSUAL_IMAGE_SHARING,,CZ
All,Google Maps,2026-01-01/2026-06-30,KEYWORD_NON_CONSENSUAL_MATERIAL_DEEPFAKE,,CZ
All,Google Maps,2026-01-01/2026-06-30,KEYWORD_OTHER,DOXING,CZ
All,Google Maps,2026-01-01/2026-06-30,KEYWORD_OTHER,HARASSMENT,CZ
All,Google Maps,2026-01-01/2026-06-30,KEYWORD_OTHER,HARASSMENT_AND_CYBERBULLYING,CZ
All,Google Maps,2026-01-01/2026-06-30,KEYWORD_OTHER,HARMFUL_ACTIVITIES,CZ
All,Google Maps,2026-01-01/2026-06-30,KEYWORD_OTHER,SEXUAL_HARASSMENT,CZ
All,Google Maps,2026-01-01/2026-06-30,KEYWORD_OTHER,OBSCENITY_OR_PORNOGRAPHY,CZ
All,Google Maps,2026-01-01/2026-06-30,KEYWORD_OTHER,UNSAFE_CONTENT,CZ
All,Google Maps,2026-01-01/2026-06-30,STATEMENT_CATEGORY_CYBER_VIOLENCE_AGAINST_WOMEN,,CZ
All,Google Maps,2026-01-01/2026-06-30,KEYWORD_BULLYING_AGAINST_GIRLS,,CZ
All,Google Maps,2026-01-01/2026-06-30,KEYWORD_CYBER_HARASSMENT_AGAINST_WOMEN,,CZ
All,Google Maps,2026-01-01/2026-06-30,KEYWORD_CYBER_STALKING_AGAINST_WOMEN,,CZ
All,Google Maps,2026-01-01/2026-06-30,KEYWORD_FEMALE_GENDERED_DISINFORMATION,,CZ
All,Google Maps,2026-01-01/2026-06-30,KEYWORD_INCITEMENT_AGAINST_WOMEN,,CZ
All,Google Maps,2026-01-01/2026-06-30,KEYWORD_NON_CONSENSUAL_IMAGE_SHARING_AGAINST_WOMEN,,CZ
All,Google Maps,2026-01-01/2026-06-30,KEYWORD_NON_CONSENSUAL_MATERIAL_DEEPFAKE_AGAINST_WOMEN,,CZ
All,Google Maps,2026-01-01/2026-06-30,KEYWORD_OTHER,"Text to detail the ""Other"" keyword.",CZ
All,Google Maps,2026-01-01/2026-06-30,STATEMENT_CATEGORY_DATA_PROTECTION_AND_PRIVACY_VIOLATIONS,,CZ
All,Google Maps,2026-01-01/2026-06-30,KEYWORD_BIOMETRIC_DATA_BREACH,,CZ
All,Google Maps,2026-01-01/2026-06-30,KEYWORD_DATA_FALSIFICATION,,CZ
All,Google Maps,2026-01-01/2026-06-30,KEYWORD_MISSING_PROCESSING_GROUND,,CZ
All,Google Maps,2026-01-01/2026-06-30,KEYWORD_RIGHT_TO_BE_FORGOTTEN,,CZ
All,Google Maps,2026-01-01/2026-06-30,KEYWORD_OTHER,DATA_COLLECTION_AND_USE,CZ
All,Google Maps,2026-01-01/2026-06-30,KEYWORD_OTHER,DISCLOSURE_AND_CONSENT_PRACTICES,CZ
All,Google Maps,2026-01-01/2026-06-30,KEYWORD_OTHER,GDPR,CZ
All,Google Maps,2026-01-01/2026-06-30,KEYWORD_OTHER,PERSONAL_INFORMATION,CZ
All,Google Maps,2026-01-01/2026-06-30,KEYWORD_OTHER,PERSONAL_RIGHTS,CZ
All,Google Maps,2026-01-01/2026-06-30,KEYWORD_OTHER,PERSONALIZED_ADVERTISING,CZ
All,Google Maps,2026-01-01/2026-06-30,KEYWORD_OTHER,PRIVACY,CZ
All,Google Maps,2026-01-01/2026-06-30,KEYWORD_OTHER,PRIVACY_POLICY,CZ
All,Google Maps,2026-01-01/2026-06-30,KEYWORD_OTHER,UNSECURE_DATA_HANDLING,CZ
All,Google Maps,2026-01-01/2026-06-30,STATEMENT_CATEGORY_ILLEGAL_OR_HARMFUL_SPEECH,,CZ
All,Google Maps,2026-01-01/2026-06-30,KEYWORD_DEFAMATION,,CZ
All,Google Maps,2026-01-01/2026-06-30,KEYWORD_DISCRIMINATION,,CZ
All,Google Maps,2026-01-01/2026-06-30,KEYWORD_HATE_SPEECH,,CZ
All,Google Maps,2026-01-01/2026-06-30,KEYWORD_OTHER,HATEFUL_OR_ABUSIVE,CZ
All,Google Maps,2026-01-01/2026-06-30,KEYWORD_OTHER,ILLEGAL_OR_HARMFUL_SPEECH,CZ
All,Google Maps,2026-01-01/2026-06-30,KEYWORD_OTHER,OBSCENITY_AND_PROFANITY,CZ
All,Google Maps,2026-01-01/2026-06-30,KEYWORD_OTHER,OFFENSIVE_CONTENT,CZ
All,Google Maps,2026-01-01/2026-06-30,KEYWORD_OTHER,UNSAFE_CONTENT,CZ
All,Google Maps,2026-01-01/2026-06-30,STATEMENT_CATEGORY_INTELLECTUAL_PROPERTY_INFRINGEMENTS,,CZ
All,Google Maps,2026-01-01/2026-06-30,KEYWORD_COPYRIGHT_INFRINGEMENT,,CZ
All,Google Maps,2026-01-01/2026-06-30,KEYWORD_DESIGN_INFRINGEMENT,,CZ
All,Google Maps,2026-01-01/2026-06-30,KEYWORD_GEOGRAPHIC_INDICATIONS_INFRINGEMENT,,CZ
All,Google Maps,2026-01-01/2026-06-30,KEYWORD_PATENT_INFRINGEMENT,,CZ
All,Google Maps,2026-01-01/2026-06-30,KEYWORD_TRADE_SECRET_INFRINGEMENT,,CZ
All,Google Maps,2026-01-01/2026-06-30,KEYWORD_TRADEMARK_INFRINGEMENT,,CZ
All,Google Maps,2026-01-01/2026-06-30,KEYWORD_OTHER,CIRCUMVENTION,CZ
All,Google Maps,2026-01-01/2026-06-30,KEYWORD_OTHER,INTELLECTUAL PROPERTY,CZ
All,Google Maps,2026-01-01/2026-06-30,STATEMENT_CATEGORY_NEGATIVE_EFFECTS_ON_CIVIC_DISCOURSE_OR_ELECTIONS,,CZ
All,Google Maps,2026-01-01/2026-06-30,KEYWORD_MISINFORMATION_DISINFORMATION,,CZ
All,Google Maps,2026-01-01/2026-06-30,KEYWORD_VIOLATION_EU_LAW,,CZ
All,Google Maps,2026-01-01/2026-06-30,KEYWORD_VIOLATION_NATIONAL_LAW,,CZ
All,Google Maps,2026-01-01/2026-06-30,KEYWORD_OTHER,ELECTORAL,CZ
All,Google Maps,2026-01-01/2026-06-30,KEYWORD_OTHER,HACKED_POLITICAL_MATERIALS,CZ
All,Google Maps,2026-01-01/2026-06-30,KEYWORD_OTHER,POLITICAL_CONTENT,CZ
All,Google Maps,2026-01-01/2026-06-30,KEYWORD_OTHER,SOCIAL_STABILITY,CZ
All,Google Maps,2026-01-01/2026-06-30,KEYWORD_OTHER,SOCIETAL_VALUES,CZ
All,Google Maps,2026-01-01/2026-06-30,STATEMENT_CATEGORY_PROTECTION_OF_MINORS,,CZ
All,Google Maps,2026-01-01/2026-06-30,KEYWORD_AGE_SPECIFIC_RESTRICTIONS_MINORS,,CZ
All,Google Maps,2026-01-01/2026-06-30,KEYWORD_CHILD_SEXUAL_ABUSE_MATERIAL,,CZ
All,Google Maps,2026-01-01/2026-06-30,KEYWORD_CHILD_SEXUAL_ABUSE_MATERIAL_DEEPFAKE,,CZ
All,Google Maps,2026-01-01/2026-06-30,KEYWORD_GROOMING_SEXUAL_ENTICEMENT_MINORS,,CZ
All,Google Maps,2026-01-01/2026-06-30,KEYWORD_UNSAFE_CHALLENGES,,CZ
All,Google Maps,2026-01-01/2026-06-30,KEYWORD_OTHER,CHILD_ENDANGERMENT,CZ
All,Google Maps,2026-01-01/2026-06-30,KEYWORD_OTHER,CHILD_SAFETY,CZ
All,Google Maps,2026-01-01/2026-06-30,KEYWORD_OTHER,HARMFUL_OR_DANGEROUS_ACTS_CHALLENGES_AND_PRANKS,CZ
All,Google Maps,2026-01-01/2026-06-30,KEYWORD_OTHER,KNOWN_SERIES,CZ
All,Google Maps,2026-01-01/2026-06-30,KEYWORD_OTHER,PROTECTION_OF_MINORS,CZ
All,Google Maps,2026-01-01/2026-06-30,KEYWORD_OTHER,UNAUTHORIZED_IMAGE_OF_MINORS,CZ
All,Google Maps,2026-01-01/2026-06-30,STATEMENT_CATEGORY_RISK_FOR_PUBLIC_SECURITY,,CZ
All,Google Maps,2026-01-01/2026-06-30,KEYWORD_ILLEGAL_ORGANIZATIONS,,CZ
All,Google Maps,2026-01-01/2026-06-30,KEYWORD_RISK_ENVIRONMENTAL_DAMAGE,,CZ
All,Google Maps,2026-01-01/2026-06-30,KEYWORD_RISK_PUBLIC_HEALTH,,CZ
All,Google Maps,2026-01-01/2026-06-30,KEYWORD_TERRORIST_CONTENT,,CZ
All,Google Maps,2026-01-01/2026-06-30,KEYWORD_OTHER,COURT_ORDER,CZ
All,Google Maps,2026-01-01/2026-06-30,KEYWORD_OTHER,RISK_FOR_PUBLIC_SECURITY,CZ
All,Google Maps,2026-01-01/2026-06-30,KEYWORD_OTHER,SENSITIVE_EVENTS,CZ
All,Google Maps,2026-01-01/2026-06-30,KEYWORD_OTHER,VIOLENT_EXTREMISM,CZ
All,Google Maps,2026-01-01/2026-06-30,KEYWORD_OTHER,WRONGFUL_OR_UNAUTHORIZED_USE_OF_SYMBOLS,CZ
All,Google Maps,2026-01-01/2026-06-30,STATEMENT_CATEGORY_SCAMS_AND_FRAUD,,CZ
All,Google Maps,2026-01-01/2026-06-30,KEYWORD_IMPERSONATION_ACCOUNT_HIJACKING,,CZ
All,Google Maps,2026-01-01/2026-06-30,KEYWORD_INAUTHENTIC_ACCOUNTS,,CZ
All,Google Maps,2026-01-01/2026-06-30,KEYWORD_INAUTHENTIC_LISTINGS,,CZ
All,Google Maps,2026-01-01/2026-06-30,KEYWORD_INAUTHENTIC_USER_REVIEWS,,CZ
All,Google Maps,2026-01-01/2026-06-30,KEYWORD_PHISHING,,CZ
All,Google Maps,2026-01-01/2026-06-30,KEYWORD_PYRAMID_SCHEMES,,CZ
All,Google Maps,2026-01-01/2026-06-30,KEYWORD_OTHER,AD_FRAUD_POLICY,CZ
All,Google Maps,2026-01-01/2026-06-30,KEYWORD_OTHER,ENCOURAGEMENT_OF_DIGITAL_SECURITY_OR_TERMS_OF_SERVICE_VIOLATIONS,CZ
All,Google Maps,2026-01-01/2026-06-30,KEYWORD_OTHER,FRAUD,CZ
All,Google Maps,2026-01-01/2026-06-30,KEYWORD_OTHER,MALWARE,CZ
All,Google Maps,2026-01-01/2026-06-30,KEYWORD_OTHER,MALWARE_AND_PHISHING,CZ
All,Google Maps,2026-01-01/2026-06-30,KEYWORD_OTHER,MALWARE_AND_SYSTEM_CIRCUMVENTION,CZ
All,Google Maps,2026-01-01/2026-06-30,KEYWORD_OTHER,MISREPRESENTATION,CZ
All,Google Maps,2026-01-01/2026-06-30,KEYWORD_OTHER,SCAMS,CZ
All,Google Maps,2026-01-01/2026-06-30,KEYWORD_OTHER,SOCIAL_ENGINEERING_TACTICS,CZ
All,Google Maps,2026-01-01/2026-06-30,STATEMENT_CATEGORY_SELF_HARM,,CZ
All,Google Maps,2026-01-01/2026-06-30,KEYWORD_CONTENT_PROMOTING_EATING_DISORDERS,,CZ
All,Google Maps,2026-01-01/2026-06-30,KEYWORD_SELF_MUTILATION,,CZ
All,Google Maps,2026-01-01/2026-06-30,KEYWORD_SUICIDE,,CZ
All,Google Maps,2026-01-01/2026-06-30,KEYWORD_OTHER,SELF_HARM,CZ
All,Google Maps,2026-01-01/2026-06-30,KEYWORD_OTHER,SUICIDE_AND_SELF_HARM,CZ
All,Google Maps,2026-01-01/2026-06-30,STATEMENT_CATEGORY_UNSAFE_AND_PROHIBITED_PRODUCTS,,CZ
All,Google Maps,2026-01-01/2026-06-30,KEYWORD_PROHIBITED_PRODUCTS,,CZ
All,Google Maps,2026-01-01/2026-06-30,KEYWORD_UNSAFE_PRODUCTS,,CZ
All,Google Maps,2026-01-01/2026-06-30,KEYWORD_OTHER,COURT_ORDER,CZ
All,Google Maps,2026-01-01/2026-06-30,KEYWORD_OTHER,ENABLING_DISHONEST_BEHAVIOR,CZ
All,Google Maps,2026-01-01/2026-06-30,KEYWORD_OTHER,FIREARMS_AND_ILLEGAL_REGULATED_GOODS_OR_SERVICES,CZ
All,Google Maps,2026-01-01/2026-06-30,KEYWORD_OTHER,OTHER_LEGAL_NOTICES_OR_ORDERS,CZ
All,Google Maps,2026-01-01/2026-06-30,KEYWORD_OTHER,UNAUTHORIZED_PHARMACIES,CZ
All,Google Maps,2026-01-01/2026-06-30,STATEMENT_CATEGORY_VIOLENCE,,CZ
All,Google Maps,2026-01-01/2026-06-30,KEYWORD_COORDINATED_HARM,,CZ
All,Google Maps,2026-01-01/2026-06-30,KEYWORD_INCITEMENT_VIOLENCE_HATRED,,CZ
All,Google Maps,2026-01-01/2026-06-30,KEYWORD_HUMAN_EXPLOITATION,,CZ
All,Google Maps,2026-01-01/2026-06-30,KEYWORD_HUMAN_TRAFFICKING,,CZ
All,Google Maps,2026-01-01/2026-06-30,KEYWORD_TRAFFICKING_WOMEN_GIRLS,,CZ
All,Google Maps,2026-01-01/2026-06-30,KEYWORD_OTHER,DEPICTION_OF VIOLENCE,CZ
All,Google Maps,2026-01-01/2026-06-30,KEYWORD_OTHER,SHOCKING_CONTENT,CZ
All,Google Maps,2026-01-01/2026-06-30,KEYWORD_OTHER,VIOLENT_OR_GRAPHIC_CONTENT,CZ
All,Google Maps,2026-01-01/2026-06-30,STATEMENT_CATEGORY_NOT_SPECIFIED_ORDER,,CZ
All,Google Maps,2026-01-01/2026-06-30,TOTAL,,DK
All,Google Maps,2026-01-01/2026-06-30,STATEMENT_CATEGORY_ANIMAL_WELFARE,,DK
All,Google Maps,2026-01-01/2026-06-30,KEYWORD_ANIMAL_HARM,,DK
All,Google Maps,2026-01-01/2026-06-30,KEYWORD_UNLAWFUL_SALE_ANIMALS,,DK
All,Google Maps,2026-01-01/2026-06-30,KEYWORD_OTHER,ANIMAL_CRUELTY,DK
All,Google Maps,2026-01-01/2026-06-30,KEYWORD_OTHER,ANIMAL_HARM_AND_UNLAWFUL_SALE,DK
All,Google Maps,2026-01-01/2026-06-30,STATEMENT_CATEGORY_CONSUMER_INFORMATION,,DK
All,Google Maps,2026-01-01/2026-06-30,KEYWORD_HIDDEN_ADVERTISEMENT,,DK
All,Google Maps,2026-01-01/2026-06-30,KEYWORD_INSUFFICIENT_INFORMATION_ON_TRADERS,,DK
All,Google Maps,2026-01-01/2026-06-30,KEYWORD_MISLEADING_INFO_GOODS_SERVICES,,DK
All,Google Maps,2026-01-01/2026-06-30,KEYWORD_MISLEADING_INFO_CONSUMER_RIGHTS,,DK
All,Google Maps,2026-01-01/2026-06-30,KEYWORD_NONCOMPLIANCE_PRICING,,DK
All,Google Maps,2026-01-01/2026-06-30,KEYWORD_OTHER,CONSUMER_PROTECTION,DK
All,Google Maps,2026-01-01/2026-06-30,KEYWORD_OTHER,MISREPRESENTATION,DK
All,Google Maps,2026-01-01/2026-06-30,STATEMENT_CATEGORY_CYBER_VIOLENCE,,DK
All,Google Maps,2026-01-01/2026-06-30,KEYWORD_CYBER_BULLYING_INTIMIDATION,,DK
All,Google Maps,2026-01-01/2026-06-30,KEYWORD_CYBER_HARASSMENT,,DK
All,Google Maps,2026-01-01/2026-06-30,KEYWORD_CYBER_INCITEMENT,,DK
All,Google Maps,2026-01-01/2026-06-30,KEYWORD_CYBER_STALKING,,DK
All,Google Maps,2026-01-01/2026-06-30,KEYWORD_NON_CONSENSUAL_IMAGE_SHARING,,DK
All,Google Maps,2026-01-01/2026-06-30,KEYWORD_NON_CONSENSUAL_MATERIAL_DEEPFAKE,,DK
All,Google Maps,2026-01-01/2026-06-30,KEYWORD_OTHER,DOXING,DK
All,Google Maps,2026-01-01/2026-06-30,KEYWORD_OTHER,HARASSMENT,DK
All,Google Maps,2026-01-01/2026-06-30,KEYWORD_OTHER,HARASSMENT_AND_CYBERBULLYING,DK
All,Google Maps,2026-01-01/2026-06-30,KEYWORD_OTHER,HARMFUL_ACTIVITIES,DK
All,Google Maps,2026-01-01/2026-06-30,KEYWORD_OTHER,SEXUAL_HARASSMENT,DK
All,Google Maps,2026-01-01/2026-06-30,KEYWORD_OTHER,OBSCENITY_OR_PORNOGRAPHY,DK
All,Google Maps,2026-01-01/2026-06-30,KEYWORD_OTHER,UNSAFE_CONTENT,DK
All,Google Maps,2026-01-01/2026-06-30,STATEMENT_CATEGORY_CYBER_VIOLENCE_AGAINST_WOMEN,,DK
All,Google Maps,2026-01-01/2026-06-30,KEYWORD_BULLYING_AGAINST_GIRLS,,DK
All,Google Maps,2026-01-01/2026-06-30,KEYWORD_CYBER_HARASSMENT_AGAINST_WOMEN,,DK
All,Google Maps,2026-01-01/2026-06-30,KEYWORD_CYBER_STALKING_AGAINST_WOMEN,,DK
All,Google Maps,2026-01-01/2026-06-30,KEYWORD_FEMALE_GENDERED_DISINFORMATION,,DK
All,Google Maps,2026-01-01/2026-06-30,KEYWORD_INCITEMENT_AGAINST_WOMEN,,DK
All,Google Maps,2026-01-01/2026-06-30,KEYWORD_NON_CONSENSUAL_IMAGE_SHARING_AGAINST_WOMEN,,DK
All,Google Maps,2026-01-01/2026-06-30,KEYWORD_NON_CONSENSUAL_MATERIAL_DEEPFAKE_AGAINST_WOMEN,,DK
All,Google Maps,2026-01-01/2026-06-30,KEYWORD_OTHER,"Text to detail the ""Other"" keyword.",DK
All,Google Maps,2026-01-01/2026-06-30,STATEMENT_CATEGORY_DATA_PROTECTION_AND_PRIVACY_VIOLATIONS,,DK
All,Google Maps,2026-01-01/2026-06-30,KEYWORD_BIOMETRIC_DATA_BREACH,,DK
All,Google Maps,2026-01-01/2026-06-30,KEYWORD_DATA_FALSIFICATION,,DK
All,Google Maps,2026-01-01/2026-06-30,KEYWORD_MISSING_PROCESSING_GROUND,,DK
All,Google Maps,2026-01-01/2026-06-30,KEYWORD_RIGHT_TO_BE_FORGOTTEN,,DK
All,Google Maps,2026-01-01/2026-06-30,KEYWORD_OTHER,DATA_COLLECTION_AND_USE,DK
All,Google Maps,2026-01-01/2026-06-30,KEYWORD_OTHER,DISCLOSURE_AND_CONSENT_PRACTICES,DK
All,Google Maps,2026-01-01/2026-06-30,KEYWORD_OTHER,GDPR,DK
All,Google Maps,2026-01-01/2026-06-30,KEYWORD_OTHER,PERSONAL_INFORMATION,DK
All,Google Maps,2026-01-01/2026-06-30,KEYWORD_OTHER,PERSONAL_RIGHTS,DK
All,Google Maps,2026-01-01/2026-06-30,KEYWORD_OTHER,PERSONALIZED_ADVERTISING,DK
All,Google Maps,2026-01-01/2026-06-30,KEYWORD_OTHER,PRIVACY,DK
All,Google Maps,2026-01-01/2026-06-30,KEYWORD_OTHER,PRIVACY_POLICY,DK
All,Google Maps,2026-01-01/2026-06-30,KEYWORD_OTHER,UNSECURE_DATA_HANDLING,DK
All,Google Maps,2026-01-01/2026-06-30,STATEMENT_CATEGORY_ILLEGAL_OR_HARMFUL_SPEECH,,DK
All,Google Maps,2026-01-01/2026-06-30,KEYWORD_DEFAMATION,,DK
All,Google Maps,2026-01-01/2026-06-30,KEYWORD_DISCRIMINATION,,DK
All,Google Maps,2026-01-01/2026-06-30,KEYWORD_HATE_SPEECH,,DK
All,Google Maps,2026-01-01/2026-06-30,KEYWORD_OTHER,HATEFUL_OR_ABUSIVE,DK
All,Google Maps,2026-01-01/2026-06-30,KEYWORD_OTHER,ILLEGAL_OR_HARMFUL_SPEECH,DK
All,Google Maps,2026-01-01/2026-06-30,KEYWORD_OTHER,OBSCENITY_AND_PROFANITY,DK
All,Google Maps,2026-01-01/2026-06-30,KEYWORD_OTHER,OFFENSIVE_CONTENT,DK
All,Google Maps,2026-01-01/2026-06-30,KEYWORD_OTHER,UNSAFE_CONTENT,DK
All,Google Maps,2026-01-01/2026-06-30,STATEMENT_CATEGORY_INTELLECTUAL_PROPERTY_INFRINGEMENTS,,DK
All,Google Maps,2026-01-01/2026-06-30,KEYWORD_COPYRIGHT_INFRINGEMENT,,DK
All,Google Maps,2026-01-01/2026-06-30,KEYWORD_DESIGN_INFRINGEMENT,,DK
All,Google Maps,2026-01-01/2026-06-30,KEYWORD_GEOGRAPHIC_INDICATIONS_INFRINGEMENT,,DK
All,Google Maps,2026-01-01/2026-06-30,KEYWORD_PATENT_INFRINGEMENT,,DK
All,Google Maps,2026-01-01/2026-06-30,KEYWORD_TRADE_SECRET_INFRINGEMENT,,DK
All,Google Maps,2026-01-01/2026-06-30,KEYWORD_TRADEMARK_INFRINGEMENT,,DK
All,Google Maps,2026-01-01/2026-06-30,KEYWORD_OTHER,CIRCUMVENTION,DK
All,Google Maps,2026-01-01/2026-06-30,KEYWORD_OTHER,INTELLECTUAL PROPERTY,DK
All,Google Maps,2026-01-01/2026-06-30,STATEMENT_CATEGORY_NEGATIVE_EFFECTS_ON_CIVIC_DISCOURSE_OR_ELECTIONS,,DK
All,Google Maps,2026-01-01/2026-06-30,KEYWORD_MISINFORMATION_DISINFORMATION,,DK
All,Google Maps,2026-01-01/2026-06-30,KEYWORD_VIOLATION_EU_LAW,,DK
All,Google Maps,2026-01-01/2026-06-30,KEYWORD_VIOLATION_NATIONAL_LAW,,DK
All,Google Maps,2026-01-01/2026-06-30,KEYWORD_OTHER,ELECTORAL,DK
All,Google Maps,2026-01-01/2026-06-30,KEYWORD_OTHER,HACKED_POLITICAL_MATERIALS,DK
All,Google Maps,2026-01-01/2026-06-30,KEYWORD_OTHER,POLITICAL_CONTENT,DK
All,Google Maps,2026-01-01/2026-06-30,KEYWORD_OTHER,SOCIAL_STABILITY,DK
All,Google Maps,2026-01-01/2026-06-30,KEYWORD_OTHER,SOCIETAL_VALUES,DK
All,Google Maps,2026-01-01/2026-06-30,STATEMENT_CATEGORY_PROTECTION_OF_MINORS,,DK
All,Google Maps,2026-01-01/2026-06-30,KEYWORD_AGE_SPECIFIC_RESTRICTIONS_MINORS,,DK
All,Google Maps,2026-01-01/2026-06-30,KEYWORD_CHILD_SEXUAL_ABUSE_MATERIAL,,DK
All,Google Maps,2026-01-01/2026-06-30,KEYWORD_CHILD_SEXUAL_ABUSE_MATERIAL_DEEPFAKE,,DK
All,Google Maps,2026-01-01/2026-06-30,KEYWORD_GROOMING_SEXUAL_ENTICEMENT_MINORS,,DK
All,Google Maps,2026-01-01/2026-06-30,KEYWORD_UNSAFE_CHALLENGES,,DK
All,Google Maps,2026-01-01/2026-06-30,KEYWORD_OTHER,CHILD_ENDANGERMENT,DK
All,Google Maps,2026-01-01/2026-06-30,KEYWORD_OTHER,CHILD_SAFETY,DK
All,Google Maps,2026-01-01/2026-06-30,KEYWORD_OTHER,HARMFUL_OR_DANGEROUS_ACTS_CHALLENGES_AND_PRANKS,DK
All,Google Maps,2026-01-01/2026-06-30,KEYWORD_OTHER,KNOWN_SERIES,DK
All,Google Maps,2026-01-01/2026-06-30,KEYWORD_OTHER,PROTECTION_OF_MINORS,DK
All,Google Maps,2026-01-01/2026-06-30,KEYWORD_OTHER,UNAUTHORIZED_IMAGE_OF_MINORS,DK
All,Google Maps,2026-01-01/2026-06-30,STATEMENT_CATEGORY_RISK_FOR_PUBLIC_SECURITY,,DK
All,Google Maps,2026-01-01/2026-06-30,KEYWORD_ILLEGAL_ORGANIZATIONS,,DK
All,Google Maps,2026-01-01/2026-06-30,KEYWORD_RISK_ENVIRONMENTAL_DAMAGE,,DK
All,Google Maps,2026-01-01/2026-06-30,KEYWORD_RISK_PUBLIC_HEALTH,,DK
All,Google Maps,2026-01-01/2026-06-30,KEYWORD_TERRORIST_CONTENT,,DK
All,Google Maps,2026-01-01/2026-06-30,KEYWORD_OTHER,COURT_ORDER,DK
All,Google Maps,2026-01-01/2026-06-30,KEYWORD_OTHER,RISK_FOR_PUBLIC_SECURITY,DK
All,Google Maps,2026-01-01/2026-06-30,KEYWORD_OTHER,SENSITIVE_EVENTS,DK
All,Google Maps,2026-01-01/2026-06-30,KEYWORD_OTHER,VIOLENT_EXTREMISM,DK
All,Google Maps,2026-01-01/2026-06-30,KEYWORD_OTHER,WRONGFUL_OR_UNAUTHORIZED_USE_OF_SYMBOLS,DK
All,Google Maps,2026-01-01/2026-06-30,STATEMENT_CATEGORY_SCAMS_AND_FRAUD,,DK
All,Google Maps,2026-01-01/2026-06-30,KEYWORD_IMPERSONATION_ACCOUNT_HIJACKING,,DK
All,Google Maps,2026-01-01/2026-06-30,KEYWORD_INAUTHENTIC_ACCOUNTS,,DK
All,Google Maps,2026-01-01/2026-06-30,KEYWORD_INAUTHENTIC_LISTINGS,,DK
All,Google Maps,2026-01-01/2026-06-30,KEYWORD_INAUTHENTIC_USER_REVIEWS,,DK
All,Google Maps,2026-01-01/2026-06-30,KEYWORD_PHISHING,,DK
All,Google Maps,2026-01-01/2026-06-30,KEYWORD_PYRAMID_SCHEMES,,DK
All,Google Maps,2026-01-01/2026-06-30,KEYWORD_OTHER,AD_FRAUD_POLICY,DK
All,Google Maps,2026-01-01/2026-06-30,KEYWORD_OTHER,ENCOURAGEMENT_OF_DIGITAL_SECURITY_OR_TERMS_OF_SERVICE_VIOLATIONS,DK
All,Google Maps,2026-01-01/2026-06-30,KEYWORD_OTHER,FRAUD,DK
All,Google Maps,2026-01-01/2026-06-30,KEYWORD_OTHER,MALWARE,DK
All,Google Maps,2026-01-01/2026-06-30,KEYWORD_OTHER,MALWARE_AND_PHISHING,DK
All,Google Maps,2026-01-01/2026-06-30,KEYWORD_OTHER,MALWARE_AND_SYSTEM_CIRCUMVENTION,DK
All,Google Maps,2026-01-01/2026-06-30,KEYWORD_OTHER,MISREPRESENTATION,DK
All,Google Maps,2026-01-01/2026-06-30,KEYWORD_OTHER,SCAMS,DK
All,Google Maps,2026-01-01/2026-06-30,KEYWORD_OTHER,SOCIAL_ENGINEERING_TACTICS,DK
All,Google Maps,2026-01-01/2026-06-30,STATEMENT_CATEGORY_SELF_HARM,,DK
All,Google Maps,2026-01-01/2026-06-30,KEYWORD_CONTENT_PROMOTING_EATING_DISORDERS,,DK
All,Google Maps,2026-01-01/2026-06-30,KEYWORD_SELF_MUTILATION,,DK
All,Google Maps,2026-01-01/2026-06-30,KEYWORD_SUICIDE,,DK
All,Google Maps,2026-01-01/2026-06-30,KEYWORD_OTHER,SELF_HARM,DK
All,Google Maps,2026-01-01/2026-06-30,KEYWORD_OTHER,SUICIDE_AND_SELF_HARM,DK
All,Google Maps,2026-01-01/2026-06-30,STATEMENT_CATEGORY_UNSAFE_AND_PROHIBITED_PRODUCTS,,DK
All,Google Maps,2026-01-01/2026-06-30,KEYWORD_PROHIBITED_PRODUCTS,,DK
All,Google Maps,2026-01-01/2026-06-30,KEYWORD_UNSAFE_PRODUCTS,,DK
All,Google Maps,2026-01-01/2026-06-30,KEYWORD_OTHER,COURT_ORDER,DK
All,Google Maps,2026-01-01/2026-06-30,KEYWORD_OTHER,ENABLING_DISHONEST_BEHAVIOR,DK
All,Google Maps,2026-01-01/2026-06-30,KEYWORD_OTHER,FIREARMS_AND_ILLEGAL_REGULATED_GOODS_OR_SERVICES,DK
All,Google Maps,2026-01-01/2026-06-30,KEYWORD_OTHER,OTHER_LEGAL_NOTICES_OR_ORDERS,DK
All,Google Maps,2026-01-01/2026-06-30,KEYWORD_OTHER,UNAUTHORIZED_PHARMACIES,DK
All,Google Maps,2026-01-01/2026-06-30,STATEMENT_CATEGORY_VIOLENCE,,DK
All,Google Maps,2026-01-01/2026-06-30,KEYWORD_COORDINATED_HARM,,DK
All,Google Maps,2026-01-01/2026-06-30,KEYWORD_INCITEMENT_VIOLENCE_HATRED,,DK
All,Google Maps,2026-01-01/2026-06-30,KEYWORD_HUMAN_EXPLOITATION,,DK
All,Google Maps,2026-01-01/2026-06-30,KEYWORD_HUMAN_TRAFFICKING,,DK
All,Google Maps,2026-01-01/2026-06-30,KEYWORD_TRAFFICKING_WOMEN_GIRLS,,DK
All,Google Maps,2026-01-01/2026-06-30,KEYWORD_OTHER,DEPICTION_OF VIOLENCE,DK
All,Google Maps,2026-01-01/2026-06-30,KEYWORD_OTHER,SHOCKING_CONTENT,DK
All,Google Maps,2026-01-01/2026-06-30,KEYWORD_OTHER,VIOLENT_OR_GRAPHIC_CONTENT,DK
All,Google Maps,2026-01-01/2026-06-30,STATEMENT_CATEGORY_NOT_SPECIFIED_ORDER,,DK
All,Google Maps,2026-01-01/2026-06-30,TOTAL,,EE
All,Google Maps,2026-01-01/2026-06-30,STATEMENT_CATEGORY_ANIMAL_WELFARE,,EE
All,Google Maps,2026-01-01/2026-06-30,KEYWORD_ANIMAL_HARM,,EE
All,Google Maps,2026-01-01/2026-06-30,KEYWORD_UNLAWFUL_SALE_ANIMALS,,EE
All,Google Maps,2026-01-01/2026-06-30,KEYWORD_OTHER,ANIMAL_CRUELTY,EE
All,Google Maps,2026-01-01/2026-06-30,KEYWORD_OTHER,ANIMAL_HARM_AND_UNLAWFUL_SALE,EE
All,Google Maps,2026-01-01/2026-06-30,STATEMENT_CATEGORY_CONSUMER_INFORMATION,,EE
All,Google Maps,2026-01-01/2026-06-30,KEYWORD_HIDDEN_ADVERTISEMENT,,EE
All,Google Maps,2026-01-01/2026-06-30,KEYWORD_INSUFFICIENT_INFORMATION_ON_TRADERS,,EE
All,Google Maps,2026-01-01/2026-06-30,KEYWORD_MISLEADING_INFO_GOODS_SERVICES,,EE
All,Google Maps,2026-01-01/2026-06-30,KEYWORD_MISLEADING_INFO_CONSUMER_RIGHTS,,EE
All,Google Maps,2026-01-01/2026-06-30,KEYWORD_NONCOMPLIANCE_PRICING,,EE
All,Google Maps,2026-01-01/2026-06-30,KEYWORD_OTHER,CONSUMER_PROTECTION,EE
All,Google Maps,2026-01-01/2026-06-30,KEYWORD_OTHER,MISREPRESENTATION,EE
All,Google Maps,2026-01-01/2026-06-30,STATEMENT_CATEGORY_CYBER_VIOLENCE,,EE
All,Google Maps,2026-01-01/2026-06-30,KEYWORD_CYBER_BULLYING_INTIMIDATION,,EE
All,Google Maps,2026-01-01/2026-06-30,KEYWORD_CYBER_HARASSMENT,,EE
All,Google Maps,2026-01-01/2026-06-30,KEYWORD_CYBER_INCITEMENT,,EE
All,Google Maps,2026-01-01/2026-06-30,KEYWORD_CYBER_STALKING,,EE
All,Google Maps,2026-01-01/2026-06-30,KEYWORD_NON_CONSENSUAL_IMAGE_SHARING,,EE
All,Google Maps,2026-01-01/2026-06-30,KEYWORD_NON_CONSENSUAL_MATERIAL_DEEPFAKE,,EE
All,Google Maps,2026-01-01/2026-06-30,KEYWORD_OTHER,DOXING,EE
All,Google Maps,2026-01-01/2026-06-30,KEYWORD_OTHER,HARASSMENT,EE
All,Google Maps,2026-01-01/2026-06-30,KEYWORD_OTHER,HARASSMENT_AND_CYBERBULLYING,EE
All,Google Maps,2026-01-01/2026-06-30,KEYWORD_OTHER,HARMFUL_ACTIVITIES,EE
All,Google Maps,2026-01-01/2026-06-30,KEYWORD_OTHER,SEXUAL_HARASSMENT,EE
All,Google Maps,2026-01-01/2026-06-30,KEYWORD_OTHER,OBSCENITY_OR_PORNOGRAPHY,EE
All,Google Maps,2026-01-01/2026-06-30,KEYWORD_OTHER,UNSAFE_CONTENT,EE
All,Google Maps,2026-01-01/2026-06-30,STATEMENT_CATEGORY_CYBER_VIOLENCE_AGAINST_WOMEN,,EE
All,Google Maps,2026-01-01/2026-06-30,KEYWORD_BULLYING_AGAINST_GIRLS,,EE
All,Google Maps,2026-01-01/2026-06-30,KEYWORD_CYBER_HARASSMENT_AGAINST_WOMEN,,EE
All,Google Maps,2026-01-01/2026-06-30,KEYWORD_CYBER_STALKING_AGAINST_WOMEN,,EE
All,Google Maps,2026-01-01/2026-06-30,KEYWORD_FEMALE_GENDERED_DISINFORMATION,,EE
All,Google Maps,2026-01-01/2026-06-30,KEYWORD_INCITEMENT_AGAINST_WOMEN,,EE
All,Google Maps,2026-01-01/2026-06-30,KEYWORD_NON_CONSENSUAL_IMAGE_SHARING_AGAINST_WOMEN,,EE
All,Google Maps,2026-01-01/2026-06-30,KEYWORD_NON_CONSENSUAL_MATERIAL_DEEPFAKE_AGAINST_WOMEN,,EE
All,Google Maps,2026-01-01/2026-06-30,KEYWORD_OTHER,"Text to detail the ""Other"" keyword.",EE
All,Google Maps,2026-01-01/2026-06-30,STATEMENT_CATEGORY_DATA_PROTECTION_AND_PRIVACY_VIOLATIONS,,EE
All,Google Maps,2026-01-01/2026-06-30,KEYWORD_BIOMETRIC_DATA_BREACH,,EE
All,Google Maps,2026-01-01/2026-06-30,KEYWORD_DATA_FALSIFICATION,,EE
All,Google Maps,2026-01-01/2026-06-30,KEYWORD_MISSING_PROCESSING_GROUND,,EE
All,Google Maps,2026-01-01/2026-06-30,KEYWORD_RIGHT_TO_BE_FORGOTTEN,,EE
All,Google Maps,2026-01-01/2026-06-30,KEYWORD_OTHER,DATA_COLLECTION_AND_USE,EE
All,Google Maps,2026-01-01/2026-06-30,KEYWORD_OTHER,DISCLOSURE_AND_CONSENT_PRACTICES,EE
All,Google Maps,2026-01-01/2026-06-30,KEYWORD_OTHER,GDPR,EE
All,Google Maps,2026-01-01/2026-06-30,KEYWORD_OTHER,PERSONAL_INFORMATION,EE
All,Google Maps,2026-01-01/2026-06-30,KEYWORD_OTHER,PERSONAL_RIGHTS,EE
All,Google Maps,2026-01-01/2026-06-30,KEYWORD_OTHER,PERSONALIZED_ADVERTISING,EE
All,Google Maps,2026-01-01/2026-06-30,KEYWORD_OTHER,PRIVACY,EE
All,Google Maps,2026-01-01/2026-06-30,KEYWORD_OTHER,PRIVACY_POLICY,EE
All,Google Maps,2026-01-01/2026-06-30,KEYWORD_OTHER,UNSECURE_DATA_HANDLING,EE
All,Google Maps,2026-01-01/2026-06-30,STATEMENT_CATEGORY_ILLEGAL_OR_HARMFUL_SPEECH,,EE
All,Google Maps,2026-01-01/2026-06-30,KEYWORD_DEFAMATION,,EE
All,Google Maps,2026-01-01/2026-06-30,KEYWORD_DISCRIMINATION,,EE
All,Google Maps,2026-01-01/2026-06-30,KEYWORD_HATE_SPEECH,,EE
All,Google Maps,2026-01-01/2026-06-30,KEYWORD_OTHER,HATEFUL_OR_ABUSIVE,EE
All,Google Maps,2026-01-01/2026-06-30,KEYWORD_OTHER,ILLEGAL_OR_HARMFUL_SPEECH,EE
All,Google Maps,2026-01-01/2026-06-30,KEYWORD_OTHER,OBSCENITY_AND_PROFANITY,EE
All,Google Maps,2026-01-01/2026-06-30,KEYWORD_OTHER,OFFENSIVE_CONTENT,EE
All,Google Maps,2026-01-01/2026-06-30,KEYWORD_OTHER,UNSAFE_CONTENT,EE
All,Google Maps,2026-01-01/2026-06-30,STATEMENT_CATEGORY_INTELLECTUAL_PROPERTY_INFRINGEMENTS,,EE
All,Google Maps,2026-01-01/2026-06-30,KEYWORD_COPYRIGHT_INFRINGEMENT,,EE
All,Google Maps,2026-01-01/2026-06-30,KEYWORD_DESIGN_INFRINGEMENT,,EE
All,Google Maps,2026-01-01/2026-06-30,KEYWORD_GEOGRAPHIC_INDICATIONS_INFRINGEMENT,,EE
All,Google Maps,2026-01-01/2026-06-30,KEYWORD_PATENT_INFRINGEMENT,,EE
All,Google Maps,2026-01-01/2026-06-30,KEYWORD_TRADE_SECRET_INFRINGEMENT,,EE
All,Google Maps,2026-01-01/2026-06-30,KEYWORD_TRADEMARK_INFRINGEMENT,,EE
All,Google Maps,2026-01-01/2026-06-30,KEYWORD_OTHER,CIRCUMVENTION,EE
All,Google Maps,2026-01-01/2026-06-30,KEYWORD_OTHER,INTELLECTUAL PROPERTY,EE
All,Google Maps,2026-01-01/2026-06-30,STATEMENT_CATEGORY_NEGATIVE_EFFECTS_ON_CIVIC_DISCOURSE_OR_ELECTIONS,,EE
All,Google Maps,2026-01-01/2026-06-30,KEYWORD_MISINFORMATION_DISINFORMATION,,EE
All,Google Maps,2026-01-01/2026-06-30,KEYWORD_VIOLATION_EU_LAW,,EE
All,Google Maps,2026-01-01/2026-06-30,KEYWORD_VIOLATION_NATIONAL_LAW,,EE
All,Google Maps,2026-01-01/2026-06-30,KEYWORD_OTHER,ELECTORAL,EE
All,Google Maps,2026-01-01/2026-06-30,KEYWORD_OTHER,HACKED_POLITICAL_MATERIALS,EE
All,Google Maps,2026-01-01/2026-06-30,KEYWORD_OTHER,POLITICAL_CONTENT,EE
All,Google Maps,2026-01-01/2026-06-30,KEYWORD_OTHER,SOCIAL_STABILITY,EE
All,Google Maps,2026-01-01/2026-06-30,KEYWORD_OTHER,SOCIETAL_VALUES,EE
All,Google Maps,2026-01-01/2026-06-30,STATEMENT_CATEGORY_PROTECTION_OF_MINORS,,EE
All,Google Maps,2026-01-01/2026-06-30,KEYWORD_AGE_SPECIFIC_RESTRICTIONS_MINORS,,EE
All,Google Maps,2026-01-01/2026-06-30,KEYWORD_CHILD_SEXUAL_ABUSE_MATERIAL,,EE
All,Google Maps,2026-01-01/2026-06-30,KEYWORD_CHILD_SEXUAL_ABUSE_MATERIAL_DEEPFAKE,,EE
All,Google Maps,2026-01-01/2026-06-30,KEYWORD_GROOMING_SEXUAL_ENTICEMENT_MINORS,,EE
All,Google Maps,2026-01-01/2026-06-30,KEYWORD_UNSAFE_CHALLENGES,,EE
All,Google Maps,2026-01-01/2026-06-30,KEYWORD_OTHER,CHILD_ENDANGERMENT,EE
All,Google Maps,2026-01-01/2026-06-30,KEYWORD_OTHER,CHILD_SAFETY,EE
All,Google Maps,2026-01-01/2026-06-30,KEYWORD_OTHER,HARMFUL_OR_DANGEROUS_ACTS_CHALLENGES_AND_PRANKS,EE
All,Google Maps,2026-01-01/2026-06-30,KEYWORD_OTHER,KNOWN_SERIES,EE
All,Google Maps,2026-01-01/2026-06-30,KEYWORD_OTHER,PROTECTION_OF_MINORS,EE
All,Google Maps,2026-01-01/2026-06-30,KEYWORD_OTHER,UNAUTHORIZED_IMAGE_OF_MINORS,EE
All,Google Maps,2026-01-01/2026-06-30,STATEMENT_CATEGORY_RISK_FOR_PUBLIC_SECURITY,,EE
All,Google Maps,2026-01-01/2026-06-30,KEYWORD_ILLEGAL_ORGANIZATIONS,,EE
All,Google Maps,2026-01-01/2026-06-30,KEYWORD_RISK_ENVIRONMENTAL_DAMAGE,,EE
All,Google Maps,2026-01-01/2026-06-30,KEYWORD_RISK_PUBLIC_HEALTH,,EE
All,Google Maps,2026-01-01/2026-06-30,KEYWORD_TERRORIST_CONTENT,,EE
All,Google Maps,2026-01-01/2026-06-30,KEYWORD_OTHER,COURT_ORDER,EE
All,Google Maps,2026-01-01/2026-06-30,KEYWORD_OTHER,RISK_FOR_PUBLIC_SECURITY,EE
All,Google Maps,2026-01-01/2026-06-30,KEYWORD_OTHER,SENSITIVE_EVENTS,EE
All,Google Maps,2026-01-01/2026-06-30,KEYWORD_OTHER,VIOLENT_EXTREMISM,EE
All,Google Maps,2026-01-01/2026-06-30,KEYWORD_OTHER,WRONGFUL_OR_UNAUTHORIZED_USE_OF_SYMBOLS,EE
All,Google Maps,2026-01-01/2026-06-30,STATEMENT_CATEGORY_SCAMS_AND_FRAUD,,EE
All,Google Maps,2026-01-01/2026-06-30,KEYWORD_IMPERSONATION_ACCOUNT_HIJACKING,,EE
All,Google Maps,2026-01-01/2026-06-30,KEYWORD_INAUTHENTIC_ACCOUNTS,,EE
All,Google Maps,2026-01-01/2026-06-30,KEYWORD_INAUTHENTIC_LISTINGS,,EE
All,Google Maps,2026-01-01/2026-06-30,KEYWORD_INAUTHENTIC_USER_REVIEWS,,EE
All,Google Maps,2026-01-01/2026-06-30,KEYWORD_PHISHING,,EE
All,Google Maps,2026-01-01/2026-06-30,KEYWORD_PYRAMID_SCHEMES,,EE
All,Google Maps,2026-01-01/2026-06-30,KEYWORD_OTHER,AD_FRAUD_POLICY,EE
All,Google Maps,2026-01-01/2026-06-30,KEYWORD_OTHER,ENCOURAGEMENT_OF_DIGITAL_SECURITY_OR_TERMS_OF_SERVICE_VIOLATIONS,EE
All,Google Maps,2026-01-01/2026-06-30,KEYWORD_OTHER,FRAUD,EE
All,Google Maps,2026-01-01/2026-06-30,KEYWORD_OTHER,MALWARE,EE
All,Google Maps,2026-01-01/2026-06-30,KEYWORD_OTHER,MALWARE_AND_PHISHING,EE
All,Google Maps,2026-01-01/2026-06-30,KEYWORD_OTHER,MALWARE_AND_SYSTEM_CIRCUMVENTION,EE
All,Google Maps,2026-01-01/2026-06-30,KEYWORD_OTHER,MISREPRESENTATION,EE
All,Google Maps,2026-01-01/2026-06-30,KEYWORD_OTHER,SCAMS,EE
All,Google Maps,2026-01-01/2026-06-30,KEYWORD_OTHER,SOCIAL_ENGINEERING_TACTICS,EE
All,Google Maps,2026-01-01/2026-06-30,STATEMENT_CATEGORY_SELF_HARM,,EE
All,Google Maps,2026-01-01/2026-06-30,KEYWORD_CONTENT_PROMOTING_EATING_DISORDERS,,EE
All,Google Maps,2026-01-01/2026-06-30,KEYWORD_SELF_MUTILATION,,EE
All,Google Maps,2026-01-01/2026-06-30,KEYWORD_SUICIDE,,EE
All,Google Maps,2026-01-01/2026-06-30,KEYWORD_OTHER,SELF_HARM,EE
All,Google Maps,2026-01-01/2026-06-30,KEYWORD_OTHER,SUICIDE_AND_SELF_HARM,EE
All,Google Maps,2026-01-01/2026-06-30,STATEMENT_CATEGORY_UNSAFE_AND_PROHIBITED_PRODUCTS,,EE
All,Google Maps,2026-01-01/2026-06-30,KEYWORD_PROHIBITED_PRODUCTS,,EE
All,Google Maps,2026-01-01/2026-06-30,KEYWORD_UNSAFE_PRODUCTS,,EE
All,Google Maps,2026-01-01/2026-06-30,KEYWORD_OTHER,COURT_ORDER,EE
All,Google Maps,2026-01-01/2026-06-30,KEYWORD_OTHER,ENABLING_DISHONEST_BEHAVIOR,EE
All,Google Maps,2026-01-01/2026-06-30,KEYWORD_OTHER,FIREARMS_AND_ILLEGAL_REGULATED_GOODS_OR_SERVICES,EE
All,Google Maps,2026-01-01/2026-06-30,KEYWORD_OTHER,OTHER_LEGAL_NOTICES_OR_ORDERS,EE
All,Google Maps,2026-01-01/2026-06-30,KEYWORD_OTHER,UNAUTHORIZED_PHARMACIES,EE
All,Google Maps,2026-01-01/2026-06-30,STATEMENT_CATEGORY_VIOLENCE,,EE
All,Google Maps,2026-01-01/2026-06-30,KEYWORD_COORDINATED_HARM,,EE
All,Google Maps,2026-01-01/2026-06-30,KEYWORD_INCITEMENT_VIOLENCE_HATRED,,EE
All,Google Maps,2026-01-01/2026-06-30,KEYWORD_HUMAN_EXPLOITATION,,EE
All,Google Maps,2026-01-01/2026-06-30,KEYWORD_HUMAN_TRAFFICKING,,EE
All,Google Maps,2026-01-01/2026-06-30,KEYWORD_TRAFFICKING_WOMEN_GIRLS,,EE
All,Google Maps,2026-01-01/2026-06-30,KEYWORD_OTHER,DEPICTION_OF VIOLENCE,EE
All,Google Maps,2026-01-01/2026-06-30,KEYWORD_OTHER,SHOCKING_CONTENT,EE
All,Google Maps,2026-01-01/2026-06-30,KEYWORD_OTHER,VIOLENT_OR_GRAPHIC_CONTENT,EE
All,Google Maps,2026-01-01/2026-06-30,STATEMENT_CATEGORY_NOT_SPECIFIED_ORDER,,EE
All,Google Maps,2026-01-01/2026-06-30,TOTAL,,FI
All,Google Maps,2026-01-01/2026-06-30,STATEMENT_CATEGORY_ANIMAL_WELFARE,,FI
All,Google Maps,2026-01-01/2026-06-30,KEYWORD_ANIMAL_HARM,,FI
All,Google Maps,2026-01-01/2026-06-30,KEYWORD_UNLAWFUL_SALE_ANIMALS,,FI
All,Google Maps,2026-01-01/2026-06-30,KEYWORD_OTHER,ANIMAL_CRUELTY,FI
All,Google Maps,2026-01-01/2026-06-30,KEYWORD_OTHER,ANIMAL_HARM_AND_UNLAWFUL_SALE,FI
All,Google Maps,2026-01-01/2026-06-30,STATEMENT_CATEGORY_CONSUMER_INFORMATION,,FI
All,Google Maps,2026-01-01/2026-06-30,KEYWORD_HIDDEN_ADVERTISEMENT,,FI
All,Google Maps,2026-01-01/2026-06-30,KEYWORD_INSUFFICIENT_INFORMATION_ON_TRADERS,,FI
All,Google Maps,2026-01-01/2026-06-30,KEYWORD_MISLEADING_INFO_GOODS_SERVICES,,FI
All,Google Maps,2026-01-01/2026-06-30,KEYWORD_MISLEADING_INFO_CONSUMER_RIGHTS,,FI
All,Google Maps,2026-01-01/2026-06-30,KEYWORD_NONCOMPLIANCE_PRICING,,FI
All,Google Maps,2026-01-01/2026-06-30,KEYWORD_OTHER,CONSUMER_PROTECTION,FI
All,Google Maps,2026-01-01/2026-06-30,KEYWORD_OTHER,MISREPRESENTATION,FI
All,Google Maps,2026-01-01/2026-06-30,STATEMENT_CATEGORY_CYBER_VIOLENCE,,FI
All,Google Maps,2026-01-01/2026-06-30,KEYWORD_CYBER_BULLYING_INTIMIDATION,,FI
All,Google Maps,2026-01-01/2026-06-30,KEYWORD_CYBER_HARASSMENT,,FI
All,Google Maps,2026-01-01/2026-06-30,KEYWORD_CYBER_INCITEMENT,,FI
All,Google Maps,2026-01-01/2026-06-30,KEYWORD_CYBER_STALKING,,FI
All,Google Maps,2026-01-01/2026-06-30,KEYWORD_NON_CONSENSUAL_IMAGE_SHARING,,FI
All,Google Maps,2026-01-01/2026-06-30,KEYWORD_NON_CONSENSUAL_MATERIAL_DEEPFAKE,,FI
All,Google Maps,2026-01-01/2026-06-30,KEYWORD_OTHER,DOXING,FI
All,Google Maps,2026-01-01/2026-06-30,KEYWORD_OTHER,HARASSMENT,FI
All,Google Maps,2026-01-01/2026-06-30,KEYWORD_OTHER,HARASSMENT_AND_CYBERBULLYING,FI
All,Google Maps,2026-01-01/2026-06-30,KEYWORD_OTHER,HARMFUL_ACTIVITIES,FI
All,Google Maps,2026-01-01/2026-06-30,KEYWORD_OTHER,SEXUAL_HARASSMENT,FI
All,Google Maps,2026-01-01/2026-06-30,KEYWORD_OTHER,OBSCENITY_OR_PORNOGRAPHY,FI
All,Google Maps,2026-01-01/2026-06-30,KEYWORD_OTHER,UNSAFE_CONTENT,FI
All,Google Maps,2026-01-01/2026-06-30,STATEMENT_CATEGORY_CYBER_VIOLENCE_AGAINST_WOMEN,,FI
All,Google Maps,2026-01-01/2026-06-30,KEYWORD_BULLYING_AGAINST_GIRLS,,FI
All,Google Maps,2026-01-01/2026-06-30,KEYWORD_CYBER_HARASSMENT_AGAINST_WOMEN,,FI
All,Google Maps,2026-01-01/2026-06-30,KEYWORD_CYBER_STALKING_AGAINST_WOMEN,,FI
All,Google Maps,2026-01-01/2026-06-30,KEYWORD_FEMALE_GENDERED_DISINFORMATION,,FI
All,Google Maps,2026-01-01/2026-06-30,KEYWORD_INCITEMENT_AGAINST_WOMEN,,FI
All,Google Maps,2026-01-01/2026-06-30,KEYWORD_NON_CONSENSUAL_IMAGE_SHARING_AGAINST_WOMEN,,FI
All,Google Maps,2026-01-01/2026-06-30,KEYWORD_NON_CONSENSUAL_MATERIAL_DEEPFAKE_AGAINST_WOMEN,,FI
All,Google Maps,2026-01-01/2026-06-30,KEYWORD_OTHER,"Text to detail the ""Other"" keyword.",FI
All,Google Maps,2026-01-01/2026-06-30,STATEMENT_CATEGORY_DATA_PROTECTION_AND_PRIVACY_VIOLATIONS,,FI
All,Google Maps,2026-01-01/2026-06-30,KEYWORD_BIOMETRIC_DATA_BREACH,,FI
All,Google Maps,2026-01-01/2026-06-30,KEYWORD_DATA_FALSIFICATION,,FI
All,Google Maps,2026-01-01/2026-06-30,KEYWORD_MISSING_PROCESSING_GROUND,,FI
All,Google Maps,2026-01-01/2026-06-30,KEYWORD_RIGHT_TO_BE_FORGOTTEN,,FI
All,Google Maps,2026-01-01/2026-06-30,KEYWORD_OTHER,DATA_COLLECTION_AND_USE,FI
All,Google Maps,2026-01-01/2026-06-30,KEYWORD_OTHER,DISCLOSURE_AND_CONSENT_PRACTICES,FI
All,Google Maps,2026-01-01/2026-06-30,KEYWORD_OTHER,GDPR,FI
All,Google Maps,2026-01-01/2026-06-30,KEYWORD_OTHER,PERSONAL_INFORMATION,FI
All,Google Maps,2026-01-01/2026-06-30,KEYWORD_OTHER,PERSONAL_RIGHTS,FI
All,Google Maps,2026-01-01/2026-06-30,KEYWORD_OTHER,PERSONALIZED_ADVERTISING,FI
All,Google Maps,2026-01-01/2026-06-30,KEYWORD_OTHER,PRIVACY,FI
All,Google Maps,2026-01-01/2026-06-30,KEYWORD_OTHER,PRIVACY_POLICY,FI
All,Google Maps,2026-01-01/2026-06-30,KEYWORD_OTHER,UNSECURE_DATA_HANDLING,FI
All,Google Maps,2026-01-01/2026-06-30,STATEMENT_CATEGORY_ILLEGAL_OR_HARMFUL_SPEECH,,FI
All,Google Maps,2026-01-01/2026-06-30,KEYWORD_DEFAMATION,,FI
All,Google Maps,2026-01-01/2026-06-30,KEYWORD_DISCRIMINATION,,FI
All,Google Maps,2026-01-01/2026-06-30,KEYWORD_HATE_SPEECH,,FI
All,Google Maps,2026-01-01/2026-06-30,KEYWORD_OTHER,HATEFUL_OR_ABUSIVE,FI
All,Google Maps,2026-01-01/2026-06-30,KEYWORD_OTHER,ILLEGAL_OR_HARMFUL_SPEECH,FI
All,Google Maps,2026-01-01/2026-06-30,KEYWORD_OTHER,OBSCENITY_AND_PROFANITY,FI
All,Google Maps,2026-01-01/2026-06-30,KEYWORD_OTHER,OFFENSIVE_CONTENT,FI
All,Google Maps,2026-01-01/2026-06-30,KEYWORD_OTHER,UNSAFE_CONTENT,FI
All,Google Maps,2026-01-01/2026-06-30,STATEMENT_CATEGORY_INTELLECTUAL_PROPERTY_INFRINGEMENTS,,FI
All,Google Maps,2026-01-01/2026-06-30,KEYWORD_COPYRIGHT_INFRINGEMENT,,FI
All,Google Maps,2026-01-01/2026-06-30,KEYWORD_DESIGN_INFRINGEMENT,,FI
All,Google Maps,2026-01-01/2026-06-30,KEYWORD_GEOGRAPHIC_INDICATIONS_INFRINGEMENT,,FI
All,Google Maps,2026-01-01/2026-06-30,KEYWORD_PATENT_INFRINGEMENT,,FI
All,Google Maps,2026-01-01/2026-06-30,KEYWORD_TRADE_SECRET_INFRINGEMENT,,FI
All,Google Maps,2026-01-01/2026-06-30,KEYWORD_TRADEMARK_INFRINGEMENT,,FI
All,Google Maps,2026-01-01/2026-06-30,KEYWORD_OTHER,CIRCUMVENTION,FI
All,Google Maps,2026-01-01/2026-06-30,KEYWORD_OTHER,INTELLECTUAL PROPERTY,FI
All,Google Maps,2026-01-01/2026-06-30,STATEMENT_CATEGORY_NEGATIVE_EFFECTS_ON_CIVIC_DISCOURSE_OR_ELECTIONS,,FI
All,Google Maps,2026-01-01/2026-06-30,KEYWORD_MISINFORMATION_DISINFORMATION,,FI
All,Google Maps,2026-01-01/2026-06-30,KEYWORD_VIOLATION_EU_LAW,,FI
All,Google Maps,2026-01-01/2026-06-30,KEYWORD_VIOLATION_NATIONAL_LAW,,FI
All,Google Maps,2026-01-01/2026-06-30,KEYWORD_OTHER,ELECTORAL,FI
All,Google Maps,2026-01-01/2026-06-30,KEYWORD_OTHER,HACKED_POLITICAL_MATERIALS,FI
All,Google Maps,2026-01-01/2026-06-30,KEYWORD_OTHER,POLITICAL_CONTENT,FI
All,Google Maps,2026-01-01/2026-06-30,KEYWORD_OTHER,SOCIAL_STABILITY,FI
All,Google Maps,2026-01-01/2026-06-30,KEYWORD_OTHER,SOCIETAL_VALUES,FI
All,Google Maps,2026-01-01/2026-06-30,STATEMENT_CATEGORY_PROTECTION_OF_MINORS,,FI
All,Google Maps,2026-01-01/2026-06-30,KEYWORD_AGE_SPECIFIC_RESTRICTIONS_MINORS,,FI
All,Google Maps,2026-01-01/2026-06-30,KEYWORD_CHILD_SEXUAL_ABUSE_MATERIAL,,FI
All,Google Maps,2026-01-01/2026-06-30,KEYWORD_CHILD_SEXUAL_ABUSE_MATERIAL_DEEPFAKE,,FI
All,Google Maps,2026-01-01/2026-06-30,KEYWORD_GROOMING_SEXUAL_ENTICEMENT_MINORS,,FI
All,Google Maps,2026-01-01/2026-06-30,KEYWORD_UNSAFE_CHALLENGES,,FI
All,Google Maps,2026-01-01/2026-06-30,KEYWORD_OTHER,CHILD_ENDANGERMENT,FI
All,Google Maps,2026-01-01/2026-06-30,KEYWORD_OTHER,CHILD_SAFETY,FI
All,Google Maps,2026-01-01/2026-06-30,KEYWORD_OTHER,HARMFUL_OR_DANGEROUS_ACTS_CHALLENGES_AND_PRANKS,FI
All,Google Maps,2026-01-01/2026-06-30,KEYWORD_OTHER,KNOWN_SERIES,FI
All,Google Maps,2026-01-01/2026-06-30,KEYWORD_OTHER,PROTECTION_OF_MINORS,FI
All,Google Maps,2026-01-01/2026-06-30,KEYWORD_OTHER,UNAUTHORIZED_IMAGE_OF_MINORS,FI
All,Google Maps,2026-01-01/2026-06-30,STATEMENT_CATEGORY_RISK_FOR_PUBLIC_SECURITY,,FI
All,Google Maps,2026-01-01/2026-06-30,KEYWORD_ILLEGAL_ORGANIZATIONS,,FI
All,Google Maps,2026-01-01/2026-06-30,KEYWORD_RISK_ENVIRONMENTAL_DAMAGE,,FI
All,Google Maps,2026-01-01/2026-06-30,KEYWORD_RISK_PUBLIC_HEALTH,,FI
All,Google Maps,2026-01-01/2026-06-30,KEYWORD_TERRORIST_CONTENT,,FI
All,Google Maps,2026-01-01/2026-06-30,KEYWORD_OTHER,COURT_ORDER,FI
All,Google Maps,2026-01-01/2026-06-30,KEYWORD_OTHER,RISK_FOR_PUBLIC_SECURITY,FI
All,Google Maps,2026-01-01/2026-06-30,KEYWORD_OTHER,SENSITIVE_EVENTS,FI
All,Google Maps,2026-01-01/2026-06-30,KEYWORD_OTHER,VIOLENT_EXTREMISM,FI
All,Google Maps,2026-01-01/2026-06-30,KEYWORD_OTHER,WRONGFUL_OR_UNAUTHORIZED_USE_OF_SYMBOLS,FI
All,Google Maps,2026-01-01/2026-06-30,STATEMENT_CATEGORY_SCAMS_AND_FRAUD,,FI
All,Google Maps,2026-01-01/2026-06-30,KEYWORD_IMPERSONATION_ACCOUNT_HIJACKING,,FI
All,Google Maps,2026-01-01/2026-06-30,KEYWORD_INAUTHENTIC_ACCOUNTS,,FI
All,Google Maps,2026-01-01/2026-06-30,KEYWORD_INAUTHENTIC_LISTINGS,,FI
All,Google Maps,2026-01-01/2026-06-30,KEYWORD_INAUTHENTIC_USER_REVIEWS,,FI
All,Google Maps,2026-01-01/2026-06-30,KEYWORD_PHISHING,,FI
All,Google Maps,2026-01-01/2026-06-30,KEYWORD_PYRAMID_SCHEMES,,FI
All,Google Maps,2026-01-01/2026-06-30,KEYWORD_OTHER,AD_FRAUD_POLICY,FI
All,Google Maps,2026-01-01/2026-06-30,KEYWORD_OTHER,ENCOURAGEMENT_OF_DIGITAL_SECURITY_OR_TERMS_OF_SERVICE_VIOLATIONS,FI
All,Google Maps,2026-01-01/2026-06-30,KEYWORD_OTHER,FRAUD,FI
All,Google Maps,2026-01-01/2026-06-30,KEYWORD_OTHER,MALWARE,FI
All,Google Maps,2026-01-01/2026-06-30,KEYWORD_OTHER,MALWARE_AND_PHISHING,FI
All,Google Maps,2026-01-01/2026-06-30,KEYWORD_OTHER,MALWARE_AND_SYSTEM_CIRCUMVENTION,FI
All,Google Maps,2026-01-01/2026-06-30,KEYWORD_OTHER,MISREPRESENTATION,FI
All,Google Maps,2026-01-01/2026-06-30,KEYWORD_OTHER,SCAMS,FI
All,Google Maps,2026-01-01/2026-06-30,KEYWORD_OTHER,SOCIAL_ENGINEERING_TACTICS,FI
All,Google Maps,2026-01-01/2026-06-30,STATEMENT_CATEGORY_SELF_HARM,,FI
All,Google Maps,2026-01-01/2026-06-30,KEYWORD_CONTENT_PROMOTING_EATING_DISORDERS,,FI
All,Google Maps,2026-01-01/2026-06-30,KEYWORD_SELF_MUTILATION,,FI
All,Google Maps,2026-01-01/2026-06-30,KEYWORD_SUICIDE,,FI
All,Google Maps,2026-01-01/2026-06-30,KEYWORD_OTHER,SELF_HARM,FI
All,Google Maps,2026-01-01/2026-06-30,KEYWORD_OTHER,SUICIDE_AND_SELF_HARM,FI
All,Google Maps,2026-01-01/2026-06-30,STATEMENT_CATEGORY_UNSAFE_AND_PROHIBITED_PRODUCTS,,FI
All,Google Maps,2026-01-01/2026-06-30,KEYWORD_PROHIBITED_PRODUCTS,,FI
All,Google Maps,2026-01-01/2026-06-30,KEYWORD_UNSAFE_PRODUCTS,,FI
All,Google Maps,2026-01-01/2026-06-30,KEYWORD_OTHER,COURT_ORDER,FI
All,Google Maps,2026-01-01/2026-06-30,KEYWORD_OTHER,ENABLING_DISHONEST_BEHAVIOR,FI
All,Google Maps,2026-01-01/2026-06-30,KEYWORD_OTHER,FIREARMS_AND_ILLEGAL_REGULATED_GOODS_OR_SERVICES,FI
All,Google Maps,2026-01-01/2026-06-30,KEYWORD_OTHER,OTHER_LEGAL_NOTICES_OR_ORDERS,FI
All,Google Maps,2026-01-01/2026-06-30,KEYWORD_OTHER,UNAUTHORIZED_PHARMACIES,FI
All,Google Maps,2026-01-01/2026-06-30,STATEMENT_CATEGORY_VIOLENCE,,FI
All,Google Maps,2026-01-01/2026-06-30,KEYWORD_COORDINATED_HARM,,FI
All,Google Maps,2026-01-01/2026-06-30,KEYWORD_INCITEMENT_VIOLENCE_HATRED,,FI
All,Google Maps,2026-01-01/2026-06-30,KEYWORD_HUMAN_EXPLOITATION,,FI
All,Google Maps,2026-01-01/2026-06-30,KEYWORD_HUMAN_TRAFFICKING,,FI
All,Google Maps,2026-01-01/2026-06-30,KEYWORD_TRAFFICKING_WOMEN_GIRLS,,FI
All,Google Maps,2026-01-01/2026-06-30,KEYWORD_OTHER,DEPICTION_OF VIOLENCE,FI
All,Google Maps,2026-01-01/2026-06-30,KEYWORD_OTHER,SHOCKING_CONTENT,FI
All,Google Maps,2026-01-01/2026-06-30,KEYWORD_OTHER,VIOLENT_OR_GRAPHIC_CONTENT,FI
All,Google Maps,2026-01-01/2026-06-30,STATEMENT_CATEGORY_NOT_SPECIFIED_ORDER,,FI
All,Google Maps,2026-01-01/2026-06-30,TOTAL,,FR
All,Google Maps,2026-01-01/2026-06-30,STATEMENT_CATEGORY_ANIMAL_WELFARE,,FR
All,Google Maps,2026-01-01/2026-06-30,KEYWORD_ANIMAL_HARM,,FR
All,Google Maps,2026-01-01/2026-06-30,KEYWORD_UNLAWFUL_SALE_ANIMALS,,FR
All,Google Maps,2026-01-01/2026-06-30,KEYWORD_OTHER,ANIMAL_CRUELTY,FR
All,Google Maps,2026-01-01/2026-06-30,KEYWORD_OTHER,ANIMAL_HARM_AND_UNLAWFUL_SALE,FR
All,Google Maps,2026-01-01/2026-06-30,STATEMENT_CATEGORY_CONSUMER_INFORMATION,,FR
All,Google Maps,2026-01-01/2026-06-30,KEYWORD_HIDDEN_ADVERTISEMENT,,FR
All,Google Maps,2026-01-01/2026-06-30,KEYWORD_INSUFFICIENT_INFORMATION_ON_TRADERS,,FR
All,Google Maps,2026-01-01/2026-06-30,KEYWORD_MISLEADING_INFO_GOODS_SERVICES,,FR
All,Google Maps,2026-01-01/2026-06-30,KEYWORD_MISLEADING_INFO_CONSUMER_RIGHTS,,FR
All,Google Maps,2026-01-01/2026-06-30,KEYWORD_NONCOMPLIANCE_PRICING,,FR
All,Google Maps,2026-01-01/2026-06-30,KEYWORD_OTHER,CONSUMER_PROTECTION,FR
All,Google Maps,2026-01-01/2026-06-30,KEYWORD_OTHER,MISREPRESENTATION,FR
All,Google Maps,2026-01-01/2026-06-30,STATEMENT_CATEGORY_CYBER_VIOLENCE,,FR
All,Google Maps,2026-01-01/2026-06-30,KEYWORD_CYBER_BULLYING_INTIMIDATION,,FR
All,Google Maps,2026-01-01/2026-06-30,KEYWORD_CYBER_HARASSMENT,,FR
All,Google Maps,2026-01-01/2026-06-30,KEYWORD_CYBER_INCITEMENT,,FR
All,Google Maps,2026-01-01/2026-06-30,KEYWORD_CYBER_STALKING,,FR
All,Google Maps,2026-01-01/2026-06-30,KEYWORD_NON_CONSENSUAL_IMAGE_SHARING,,FR
All,Google Maps,2026-01-01/2026-06-30,KEYWORD_NON_CONSENSUAL_MATERIAL_DEEPFAKE,,FR
All,Google Maps,2026-01-01/2026-06-30,KEYWORD_OTHER,DOXING,FR
All,Google Maps,2026-01-01/2026-06-30,KEYWORD_OTHER,HARASSMENT,FR
All,Google Maps,2026-01-01/2026-06-30,KEYWORD_OTHER,HARASSMENT_AND_CYBERBULLYING,FR
All,Google Maps,2026-01-01/2026-06-30,KEYWORD_OTHER,HARMFUL_ACTIVITIES,FR
All,Google Maps,2026-01-01/2026-06-30,KEYWORD_OTHER,SEXUAL_HARASSMENT,FR
All,Google Maps,2026-01-01/2026-06-30,KEYWORD_OTHER,OBSCENITY_OR_PORNOGRAPHY,FR
All,Google Maps,2026-01-01/2026-06-30,KEYWORD_OTHER,UNSAFE_CONTENT,FR
All,Google Maps,2026-01-01/2026-06-30,STATEMENT_CATEGORY_CYBER_VIOLENCE_AGAINST_WOMEN,,FR
All,Google Maps,2026-01-01/2026-06-30,KEYWORD_BULLYING_AGAINST_GIRLS,,FR
All,Google Maps,2026-01-01/2026-06-30,KEYWORD_CYBER_HARASSMENT_AGAINST_WOMEN,,FR
All,Google Maps,2026-01-01/2026-06-30,KEYWORD_CYBER_STALKING_AGAINST_WOMEN,,FR
All,Google Maps,2026-01-01/2026-06-30,KEYWORD_FEMALE_GENDERED_DISINFORMATION,,FR
All,Google Maps,2026-01-01/2026-06-30,KEYWORD_INCITEMENT_AGAINST_WOMEN,,FR
All,Google Maps,2026-01-01/2026-06-30,KEYWORD_NON_CONSENSUAL_IMAGE_SHARING_AGAINST_WOMEN,,FR
All,Google Maps,2026-01-01/2026-06-30,KEYWORD_NON_CONSENSUAL_MATERIAL_DEEPFAKE_AGAINST_WOMEN,,FR
All,Google Maps,2026-01-01/2026-06-30,KEYWORD_OTHER,"Text to detail the ""Other"" keyword.",FR
All,Google Maps,2026-01-01/2026-06-30,STATEMENT_CATEGORY_DATA_PROTECTION_AND_PRIVACY_VIOLATIONS,,FR
All,Google Maps,2026-01-01/2026-06-30,KEYWORD_BIOMETRIC_DATA_BREACH,,FR
All,Google Maps,2026-01-01/2026-06-30,KEYWORD_DATA_FALSIFICATION,,FR
All,Google Maps,2026-01-01/2026-06-30,KEYWORD_MISSING_PROCESSING_GROUND,,FR
All,Google Maps,2026-01-01/2026-06-30,KEYWORD_RIGHT_TO_BE_FORGOTTEN,,FR
All,Google Maps,2026-01-01/2026-06-30,KEYWORD_OTHER,DATA_COLLECTION_AND_USE,FR
All,Google Maps,2026-01-01/2026-06-30,KEYWORD_OTHER,DISCLOSURE_AND_CONSENT_PRACTICES,FR
All,Google Maps,2026-01-01/2026-06-30,KEYWORD_OTHER,GDPR,FR
All,Google Maps,2026-01-01/2026-06-30,KEYWORD_OTHER,PERSONAL_INFORMATION,FR
All,Google Maps,2026-01-01/2026-06-30,KEYWORD_OTHER,PERSONAL_RIGHTS,FR
All,Google Maps,2026-01-01/2026-06-30,KEYWORD_OTHER,PERSONALIZED_ADVERTISING,FR
All,Google Maps,2026-01-01/2026-06-30,KEYWORD_OTHER,PRIVACY,FR
All,Google Maps,2026-01-01/2026-06-30,KEYWORD_OTHER,PRIVACY_POLICY,FR
All,Google Maps,2026-01-01/2026-06-30,KEYWORD_OTHER,UNSECURE_DATA_HANDLING,FR
All,Google Maps,2026-01-01/2026-06-30,STATEMENT_CATEGORY_ILLEGAL_OR_HARMFUL_SPEECH,,FR
All,Google Maps,2026-01-01/2026-06-30,KEYWORD_DEFAMATION,,FR
All,Google Maps,2026-01-01/2026-06-30,KEYWORD_DISCRIMINATION,,FR
All,Google Maps,2026-01-01/2026-06-30,KEYWORD_HATE_SPEECH,,FR
All,Google Maps,2026-01-01/2026-06-30,KEYWORD_OTHER,HATEFUL_OR_ABUSIVE,FR
All,Google Maps,2026-01-01/2026-06-30,KEYWORD_OTHER,ILLEGAL_OR_HARMFUL_SPEECH,FR
All,Google Maps,2026-01-01/2026-06-30,KEYWORD_OTHER,OBSCENITY_AND_PROFANITY,FR
All,Google Maps,2026-01-01/2026-06-30,KEYWORD_OTHER,OFFENSIVE_CONTENT,FR
All,Google Maps,2026-01-01/2026-06-30,KEYWORD_OTHER,UNSAFE_CONTENT,FR
All,Google Maps,2026-01-01/2026-06-30,STATEMENT_CATEGORY_INTELLECTUAL_PROPERTY_INFRINGEMENTS,,FR
All,Google Maps,2026-01-01/2026-06-30,KEYWORD_COPYRIGHT_INFRINGEMENT,,FR
All,Google Maps,2026-01-01/2026-06-30,KEYWORD_DESIGN_INFRINGEMENT,,FR
All,Google Maps,2026-01-01/2026-06-30,KEYWORD_GEOGRAPHIC_INDICATIONS_INFRINGEMENT,,FR
All,Google Maps,2026-01-01/2026-06-30,KEYWORD_PATENT_INFRINGEMENT,,FR
All,Google Maps,2026-01-01/2026-06-30,KEYWORD_TRADE_SECRET_INFRINGEMENT,,FR
All,Google Maps,2026-01-01/2026-06-30,KEYWORD_TRADEMARK_INFRINGEMENT,,FR
All,Google Maps,2026-01-01/2026-06-30,KEYWORD_OTHER,CIRCUMVENTION,FR
All,Google Maps,2026-01-01/2026-06-30,KEYWORD_OTHER,INTELLECTUAL PROPERTY,FR
All,Google Maps,2026-01-01/2026-06-30,STATEMENT_CATEGORY_NEGATIVE_EFFECTS_ON_CIVIC_DISCOURSE_OR_ELECTIONS,,FR
All,Google Maps,2026-01-01/2026-06-30,KEYWORD_MISINFORMATION_DISINFORMATION,,FR
All,Google Maps,2026-01-01/2026-06-30,KEYWORD_VIOLATION_EU_LAW,,FR
All,Google Maps,2026-01-01/2026-06-30,KEYWORD_VIOLATION_NATIONAL_LAW,,FR
All,Google Maps,2026-01-01/2026-06-30,KEYWORD_OTHER,ELECTORAL,FR
All,Google Maps,2026-01-01/2026-06-30,KEYWORD_OTHER,HACKED_POLITICAL_MATERIALS,FR
All,Google Maps,2026-01-01/2026-06-30,KEYWORD_OTHER,POLITICAL_CONTENT,FR
All,Google Maps,2026-01-01/2026-06-30,KEYWORD_OTHER,SOCIAL_STABILITY,FR
All,Google Maps,2026-01-01/2026-06-30,KEYWORD_OTHER,SOCIETAL_VALUES,FR
All,Google Maps,2026-01-01/2026-06-30,STATEMENT_CATEGORY_PROTECTION_OF_MINORS,,FR
All,Google Maps,2026-01-01/2026-06-30,KEYWORD_AGE_SPECIFIC_RESTRICTIONS_MINORS,,FR
All,Google Maps,2026-01-01/2026-06-30,KEYWORD_CHILD_SEXUAL_ABUSE_MATERIAL,,FR
All,Google Maps,2026-01-01/2026-06-30,KEYWORD_CHILD_SEXUAL_ABUSE_MATERIAL_DEEPFAKE,,FR
All,Google Maps,2026-01-01/2026-06-30,KEYWORD_GROOMING_SEXUAL_ENTICEMENT_MINORS,,FR
All,Google Maps,2026-01-01/2026-06-30,KEYWORD_UNSAFE_CHALLENGES,,FR
All,Google Maps,2026-01-01/2026-06-30,KEYWORD_OTHER,CHILD_ENDANGERMENT,FR
All,Google Maps,2026-01-01/2026-06-30,KEYWORD_OTHER,CHILD_SAFETY,FR
All,Google Maps,2026-01-01/2026-06-30,KEYWORD_OTHER,HARMFUL_OR_DANGEROUS_ACTS_CHALLENGES_AND_PRANKS,FR
All,Google Maps,2026-01-01/2026-06-30,KEYWORD_OTHER,KNOWN_SERIES,FR
All,Google Maps,2026-01-01/2026-06-30,KEYWORD_OTHER,PROTECTION_OF_MINORS,FR
All,Google Maps,2026-01-01/2026-06-30,KEYWORD_OTHER,UNAUTHORIZED_IMAGE_OF_MINORS,FR
All,Google Maps,2026-01-01/2026-06-30,STATEMENT_CATEGORY_RISK_FOR_PUBLIC_SECURITY,,FR
All,Google Maps,2026-01-01/2026-06-30,KEYWORD_ILLEGAL_ORGANIZATIONS,,FR
All,Google Maps,2026-01-01/2026-06-30,KEYWORD_RISK_ENVIRONMENTAL_DAMAGE,,FR
All,Google Maps,2026-01-01/2026-06-30,KEYWORD_RISK_PUBLIC_HEALTH,,FR
All,Google Maps,2026-01-01/2026-06-30,KEYWORD_TERRORIST_CONTENT,,FR
All,Google Maps,2026-01-01/2026-06-30,KEYWORD_OTHER,COURT_ORDER,FR
All,Google Maps,2026-01-01/2026-06-30,KEYWORD_OTHER,RISK_FOR_PUBLIC_SECURITY,FR
All,Google Maps,2026-01-01/2026-06-30,KEYWORD_OTHER,SENSITIVE_EVENTS,FR
All,Google Maps,2026-01-01/2026-06-30,KEYWORD_OTHER,VIOLENT_EXTREMISM,FR
All,Google Maps,2026-01-01/2026-06-30,KEYWORD_OTHER,WRONGFUL_OR_UNAUTHORIZED_USE_OF_SYMBOLS,FR
All,Google Maps,2026-01-01/2026-06-30,STATEMENT_CATEGORY_SCAMS_AND_FRAUD,,FR
All,Google Maps,2026-01-01/2026-06-30,KEYWORD_IMPERSONATION_ACCOUNT_HIJACKING,,FR
All,Google Maps,2026-01-01/2026-06-30,KEYWORD_INAUTHENTIC_ACCOUNTS,,FR
All,Google Maps,2026-01-01/2026-06-30,KEYWORD_INAUTHENTIC_LISTINGS,,FR
All,Google Maps,2026-01-01/2026-06-30,KEYWORD_INAUTHENTIC_USER_REVIEWS,,FR
All,Google Maps,2026-01-01/2026-06-30,KEYWORD_PHISHING,,FR
All,Google Maps,2026-01-01/2026-06-30,KEYWORD_PYRAMID_SCHEMES,,FR
All,Google Maps,2026-01-01/2026-06-30,KEYWORD_OTHER,AD_FRAUD_POLICY,FR
All,Google Maps,2026-01-01/2026-06-30,KEYWORD_OTHER,ENCOURAGEMENT_OF_DIGITAL_SECURITY_OR_TERMS_OF_SERVICE_VIOLATIONS,FR
All,Google Maps,2026-01-01/2026-06-30,KEYWORD_OTHER,FRAUD,FR
All,Google Maps,2026-01-01/2026-06-30,KEYWORD_OTHER,MALWARE,FR
All,Google Maps,2026-01-01/2026-06-30,KEYWORD_OTHER,MALWARE_AND_PHISHING,FR
All,Google Maps,2026-01-01/2026-06-30,KEYWORD_OTHER,MALWARE_AND_SYSTEM_CIRCUMVENTION,FR
All,Google Maps,2026-01-01/2026-06-30,KEYWORD_OTHER,MISREPRESENTATION,FR
All,Google Maps,2026-01-01/2026-06-30,KEYWORD_OTHER,SCAMS,FR
All,Google Maps,2026-01-01/2026-06-30,KEYWORD_OTHER,SOCIAL_ENGINEERING_TACTICS,FR
All,Google Maps,2026-01-01/2026-06-30,STATEMENT_CATEGORY_SELF_HARM,,FR
All,Google Maps,2026-01-01/2026-06-30,KEYWORD_CONTENT_PROMOTING_EATING_DISORDERS,,FR
All,Google Maps,2026-01-01/2026-06-30,KEYWORD_SELF_MUTILATION,,FR
All,Google Maps,2026-01-01/2026-06-30,KEYWORD_SUICIDE,,FR
All,Google Maps,2026-01-01/2026-06-30,KEYWORD_OTHER,SELF_HARM,FR
All,Google Maps,2026-01-01/2026-06-30,KEYWORD_OTHER,SUICIDE_AND_SELF_HARM,FR
All,Google Maps,2026-01-01/2026-06-30,STATEMENT_CATEGORY_UNSAFE_AND_PROHIBITED_PRODUCTS,,FR
All,Google Maps,2026-01-01/2026-06-30,KEYWORD_PROHIBITED_PRODUCTS,,FR
All,Google Maps,2026-01-01/2026-06-30,KEYWORD_UNSAFE_PRODUCTS,,FR
All,Google Maps,2026-01-01/2026-06-30,KEYWORD_OTHER,COURT_ORDER,FR
All,Google Maps,2026-01-01/2026-06-30,KEYWORD_OTHER,ENABLING_DISHONEST_BEHAVIOR,FR
All,Google Maps,2026-01-01/2026-06-30,KEYWORD_OTHER,FIREARMS_AND_ILLEGAL_REGULATED_GOODS_OR_SERVICES,FR
All,Google Maps,2026-01-01/2026-06-30,KEYWORD_OTHER,OTHER_LEGAL_NOTICES_OR_ORDERS,FR
All,Google Maps,2026-01-01/2026-06-30,KEYWORD_OTHER,UNAUTHORIZED_PHARMACIES,FR
All,Google Maps,2026-01-01/2026-06-30,STATEMENT_CATEGORY_VIOLENCE,,FR
All,Google Maps,2026-01-01/2026-06-30,KEYWORD_COORDINATED_HARM,,FR
All,Google Maps,2026-01-01/2026-06-30,KEYWORD_INCITEMENT_VIOLENCE_HATRED,,FR
All,Google Maps,2026-01-01/2026-06-30,KEYWORD_HUMAN_EXPLOITATION,,FR
All,Google Maps,2026-01-01/2026-06-30,KEYWORD_HUMAN_TRAFFICKING,,FR
All,Google Maps,2026-01-01/2026-06-30,KEYWORD_TRAFFICKING_WOMEN_GIRLS,,FR
All,Google Maps,2026-01-01/2026-06-30,KEYWORD_OTHER,DEPICTION_OF VIOLENCE,FR
All,Google Maps,2026-01-01/2026-06-30,KEYWORD_OTHER,SHOCKING_CONTENT,FR
All,Google Maps,2026-01-01/2026-06-30,KEYWORD_OTHER,VIOLENT_OR_GRAPHIC_CONTENT,FR
All,Google Maps,2026-01-01/2026-06-30,STATEMENT_CATEGORY_NOT_SPECIFIED_ORDER,,FR
All,Google Maps,2026-01-01/2026-06-30,TOTAL,,DE
All,Google Maps,2026-01-01/2026-06-30,STATEMENT_CATEGORY_ANIMAL_WELFARE,,DE
All,Google Maps,2026-01-01/2026-06-30,KEYWORD_ANIMAL_HARM,,DE
All,Google Maps,2026-01-01/2026-06-30,KEYWORD_UNLAWFUL_SALE_ANIMALS,,DE
All,Google Maps,2026-01-01/2026-06-30,KEYWORD_OTHER,ANIMAL_CRUELTY,DE
All,Google Maps,2026-01-01/2026-06-30,KEYWORD_OTHER,ANIMAL_HARM_AND_UNLAWFUL_SALE,DE
All,Google Maps,2026-01-01/2026-06-30,STATEMENT_CATEGORY_CONSUMER_INFORMATION,,DE
All,Google Maps,2026-01-01/2026-06-30,KEYWORD_HIDDEN_ADVERTISEMENT,,DE
All,Google Maps,2026-01-01/2026-06-30,KEYWORD_INSUFFICIENT_INFORMATION_ON_TRADERS,,DE
All,Google Maps,2026-01-01/2026-06-30,KEYWORD_MISLEADING_INFO_GOODS_SERVICES,,DE
All,Google Maps,2026-01-01/2026-06-30,KEYWORD_MISLEADING_INFO_CONSUMER_RIGHTS,,DE
All,Google Maps,2026-01-01/2026-06-30,KEYWORD_NONCOMPLIANCE_PRICING,,DE
All,Google Maps,2026-01-01/2026-06-30,KEYWORD_OTHER,CONSUMER_PROTECTION,DE
All,Google Maps,2026-01-01/2026-06-30,KEYWORD_OTHER,MISREPRESENTATION,DE
All,Google Maps,2026-01-01/2026-06-30,STATEMENT_CATEGORY_CYBER_VIOLENCE,,DE
All,Google Maps,2026-01-01/2026-06-30,KEYWORD_CYBER_BULLYING_INTIMIDATION,,DE
All,Google Maps,2026-01-01/2026-06-30,KEYWORD_CYBER_HARASSMENT,,DE
All,Google Maps,2026-01-01/2026-06-30,KEYWORD_CYBER_INCITEMENT,,DE
All,Google Maps,2026-01-01/2026-06-30,KEYWORD_CYBER_STALKING,,DE
All,Google Maps,2026-01-01/2026-06-30,KEYWORD_NON_CONSENSUAL_IMAGE_SHARING,,DE
All,Google Maps,2026-01-01/2026-06-30,KEYWORD_NON_CONSENSUAL_MATERIAL_DEEPFAKE,,DE
All,Google Maps,2026-01-01/2026-06-30,KEYWORD_OTHER,DOXING,DE
All,Google Maps,2026-01-01/2026-06-30,KEYWORD_OTHER,HARASSMENT,DE
All,Google Maps,2026-01-01/2026-06-30,KEYWORD_OTHER,HARASSMENT_AND_CYBERBULLYING,DE
All,Google Maps,2026-01-01/2026-06-30,KEYWORD_OTHER,HARMFUL_ACTIVITIES,DE
All,Google Maps,2026-01-01/2026-06-30,KEYWORD_OTHER,SEXUAL_HARASSMENT,DE
All,Google Maps,2026-01-01/2026-06-30,KEYWORD_OTHER,OBSCENITY_OR_PORNOGRAPHY,DE
All,Google Maps,2026-01-01/2026-06-30,KEYWORD_OTHER,UNSAFE_CONTENT,DE
All,Google Maps,2026-01-01/2026-06-30,STATEMENT_CATEGORY_CYBER_VIOLENCE_AGAINST_WOMEN,,DE
All,Google Maps,2026-01-01/2026-06-30,KEYWORD_BULLYING_AGAINST_GIRLS,,DE
All,Google Maps,2026-01-01/2026-06-30,KEYWORD_CYBER_HARASSMENT_AGAINST_WOMEN,,DE
All,Google Maps,2026-01-01/2026-06-30,KEYWORD_CYBER_STALKING_AGAINST_WOMEN,,DE
All,Google Maps,2026-01-01/2026-06-30,KEYWORD_FEMALE_GENDERED_DISINFORMATION,,DE
All,Google Maps,2026-01-01/2026-06-30,KEYWORD_INCITEMENT_AGAINST_WOMEN,,DE
All,Google Maps,2026-01-01/2026-06-30,KEYWORD_NON_CONSENSUAL_IMAGE_SHARING_AGAINST_WOMEN,,DE
All,Google Maps,2026-01-01/2026-06-30,KEYWORD_NON_CONSENSUAL_MATERIAL_DEEPFAKE_AGAINST_WOMEN,,DE
All,Google Maps,2026-01-01/2026-06-30,KEYWORD_OTHER,"Text to detail the ""Other"" keyword.",DE
All,Google Maps,2026-01-01/2026-06-30,STATEMENT_CATEGORY_DATA_PROTECTION_AND_PRIVACY_VIOLATIONS,,DE
All,Google Maps,2026-01-01/2026-06-30,KEYWORD_BIOMETRIC_DATA_BREACH,,DE
All,Google Maps,2026-01-01/2026-06-30,KEYWORD_DATA_FALSIFICATION,,DE
All,Google Maps,2026-01-01/2026-06-30,KEYWORD_MISSING_PROCESSING_GROUND,,DE
All,Google Maps,2026-01-01/2026-06-30,KEYWORD_RIGHT_TO_BE_FORGOTTEN,,DE
All,Google Maps,2026-01-01/2026-06-30,KEYWORD_OTHER,DATA_COLLECTION_AND_USE,DE
All,Google Maps,2026-01-01/2026-06-30,KEYWORD_OTHER,DISCLOSURE_AND_CONSENT_PRACTICES,DE
All,Google Maps,2026-01-01/2026-06-30,KEYWORD_OTHER,GDPR,DE
All,Google Maps,2026-01-01/2026-06-30,KEYWORD_OTHER,PERSONAL_INFORMATION,DE
All,Google Maps,2026-01-01/2026-06-30,KEYWORD_OTHER,PERSONAL_RIGHTS,DE
All,Google Maps,2026-01-01/2026-06-30,KEYWORD_OTHER,PERSONALIZED_ADVERTISING,DE
All,Google Maps,2026-01-01/2026-06-30,KEYWORD_OTHER,PRIVACY,DE
All,Google Maps,2026-01-01/2026-06-30,KEYWORD_OTHER,PRIVACY_POLICY,DE
All,Google Maps,2026-01-01/2026-06-30,KEYWORD_OTHER,UNSECURE_DATA_HANDLING,DE
All,Google Maps,2026-01-01/2026-06-30,STATEMENT_CATEGORY_ILLEGAL_OR_HARMFUL_SPEECH,,DE
All,Google Maps,2026-01-01/2026-06-30,KEYWORD_DEFAMATION,,DE
All,Google Maps,2026-01-01/2026-06-30,KEYWORD_DISCRIMINATION,,DE
All,Google Maps,2026-01-01/2026-06-30,KEYWORD_HATE_SPEECH,,DE
All,Google Maps,2026-01-01/2026-06-30,KEYWORD_OTHER,HATEFUL_OR_ABUSIVE,DE
All,Google Maps,2026-01-01/2026-06-30,KEYWORD_OTHER,ILLEGAL_OR_HARMFUL_SPEECH,DE
All,Google Maps,2026-01-01/2026-06-30,KEYWORD_OTHER,OBSCENITY_AND_PROFANITY,DE
All,Google Maps,2026-01-01/2026-06-30,KEYWORD_OTHER,OFFENSIVE_CONTENT,DE
All,Google Maps,2026-01-01/2026-06-30,KEYWORD_OTHER,UNSAFE_CONTENT,DE
All,Google Maps,2026-01-01/2026-06-30,STATEMENT_CATEGORY_INTELLECTUAL_PROPERTY_INFRINGEMENTS,,DE
All,Google Maps,2026-01-01/2026-06-30,KEYWORD_COPYRIGHT_INFRINGEMENT,,DE
All,Google Maps,2026-01-01/2026-06-30,KEYWORD_DESIGN_INFRINGEMENT,,DE
All,Google Maps,2026-01-01/2026-06-30,KEYWORD_GEOGRAPHIC_INDICATIONS_INFRINGEMENT,,DE
All,Google Maps,2026-01-01/2026-06-30,KEYWORD_PATENT_INFRINGEMENT,,DE
All,Google Maps,2026-01-01/2026-06-30,KEYWORD_TRADE_SECRET_INFRINGEMENT,,DE
All,Google Maps,2026-01-01/2026-06-30,KEYWORD_TRADEMARK_INFRINGEMENT,,DE
All,Google Maps,2026-01-01/2026-06-30,KEYWORD_OTHER,CIRCUMVENTION,DE
All,Google Maps,2026-01-01/2026-06-30,KEYWORD_OTHER,INTELLECTUAL PROPERTY,DE
All,Google Maps,2026-01-01/2026-06-30,STATEMENT_CATEGORY_NEGATIVE_EFFECTS_ON_CIVIC_DISCOURSE_OR_ELECTIONS,,DE
All,Google Maps,2026-01-01/2026-06-30,KEYWORD_MISINFORMATION_DISINFORMATION,,DE
All,Google Maps,2026-01-01/2026-06-30,KEYWORD_VIOLATION_EU_LAW,,DE
All,Google Maps,2026-01-01/2026-06-30,KEYWORD_VIOLATION_NATIONAL_LAW,,DE
All,Google Maps,2026-01-01/2026-06-30,KEYWORD_OTHER,ELECTORAL,DE
All,Google Maps,2026-01-01/2026-06-30,KEYWORD_OTHER,HACKED_POLITICAL_MATERIALS,DE
All,Google Maps,2026-01-01/2026-06-30,KEYWORD_OTHER,POLITICAL_CONTENT,DE
All,Google Maps,2026-01-01/2026-06-30,KEYWORD_OTHER,SOCIAL_STABILITY,DE
All,Google Maps,2026-01-01/2026-06-30,KEYWORD_OTHER,SOCIETAL_VALUES,DE
All,Google Maps,2026-01-01/2026-06-30,STATEMENT_CATEGORY_PROTECTION_OF_MINORS,,DE
All,Google Maps,2026-01-01/2026-06-30,KEYWORD_AGE_SPECIFIC_RESTRICTIONS_MINORS,,DE
All,Google Maps,2026-01-01/2026-06-30,KEYWORD_CHILD_SEXUAL_ABUSE_MATERIAL,,DE
All,Google Maps,2026-01-01/2026-06-30,KEYWORD_CHILD_SEXUAL_ABUSE_MATERIAL_DEEPFAKE,,DE
All,Google Maps,2026-01-01/2026-06-30,KEYWORD_GROOMING_SEXUAL_ENTICEMENT_MINORS,,DE
All,Google Maps,2026-01-01/2026-06-30,KEYWORD_UNSAFE_CHALLENGES,,DE
All,Google Maps,2026-01-01/2026-06-30,KEYWORD_OTHER,CHILD_ENDANGERMENT,DE
All,Google Maps,2026-01-01/2026-06-30,KEYWORD_OTHER,CHILD_SAFETY,DE
All,Google Maps,2026-01-01/2026-06-30,KEYWORD_OTHER,HARMFUL_OR_DANGEROUS_ACTS_CHALLENGES_AND_PRANKS,DE
All,Google Maps,2026-01-01/2026-06-30,KEYWORD_OTHER,KNOWN_SERIES,DE
All,Google Maps,2026-01-01/2026-06-30,KEYWORD_OTHER,PROTECTION_OF_MINORS,DE
All,Google Maps,2026-01-01/2026-06-30,KEYWORD_OTHER,UNAUTHORIZED_IMAGE_OF_MINORS,DE
All,Google Maps,2026-01-01/2026-06-30,STATEMENT_CATEGORY_RISK_FOR_PUBLIC_SECURITY,,DE
All,Google Maps,2026-01-01/2026-06-30,KEYWORD_ILLEGAL_ORGANIZATIONS,,DE
All,Google Maps,2026-01-01/2026-06-30,KEYWORD_RISK_ENVIRONMENTAL_DAMAGE,,DE
All,Google Maps,2026-01-01/2026-06-30,KEYWORD_RISK_PUBLIC_HEALTH,,DE
All,Google Maps,2026-01-01/2026-06-30,KEYWORD_TERRORIST_CONTENT,,DE
All,Google Maps,2026-01-01/2026-06-30,KEYWORD_OTHER,COURT_ORDER,DE
All,Google Maps,2026-01-01/2026-06-30,KEYWORD_OTHER,RISK_FOR_PUBLIC_SECURITY,DE
All,Google Maps,2026-01-01/2026-06-30,KEYWORD_OTHER,SENSITIVE_EVENTS,DE
All,Google Maps,2026-01-01/2026-06-30,KEYWORD_OTHER,VIOLENT_EXTREMISM,DE
All,Google Maps,2026-01-01/2026-06-30,KEYWORD_OTHER,WRONGFUL_OR_UNAUTHORIZED_USE_OF_SYMBOLS,DE
All,Google Maps,2026-01-01/2026-06-30,STATEMENT_CATEGORY_SCAMS_AND_FRAUD,,DE
All,Google Maps,2026-01-01/2026-06-30,KEYWORD_IMPERSONATION_ACCOUNT_HIJACKING,,DE
All,Google Maps,2026-01-01/2026-06-30,KEYWORD_INAUTHENTIC_ACCOUNTS,,DE
All,Google Maps,2026-01-01/2026-06-30,KEYWORD_INAUTHENTIC_LISTINGS,,DE
All,Google Maps,2026-01-01/2026-06-30,KEYWORD_INAUTHENTIC_USER_REVIEWS,,DE
All,Google Maps,2026-01-01/2026-06-30,KEYWORD_PHISHING,,DE
All,Google Maps,2026-01-01/2026-06-30,KEYWORD_PYRAMID_SCHEMES,,DE
All,Google Maps,2026-01-01/2026-06-30,KEYWORD_OTHER,AD_FRAUD_POLICY,DE
All,Google Maps,2026-01-01/2026-06-30,KEYWORD_OTHER,ENCOURAGEMENT_OF_DIGITAL_SECURITY_OR_TERMS_OF_SERVICE_VIOLATIONS,DE
All,Google Maps,2026-01-01/2026-06-30,KEYWORD_OTHER,FRAUD,DE
All,Google Maps,2026-01-01/2026-06-30,KEYWORD_OTHER,MALWARE,DE
All,Google Maps,2026-01-01/2026-06-30,KEYWORD_OTHER,MALWARE_AND_PHISHING,DE
All,Google Maps,2026-01-01/2026-06-30,KEYWORD_OTHER,MALWARE_AND_SYSTEM_CIRCUMVENTION,DE
All,Google Maps,2026-01-01/2026-06-30,KEYWORD_OTHER,MISREPRESENTATION,DE
All,Google Maps,2026-01-01/2026-06-30,KEYWORD_OTHER,SCAMS,DE
All,Google Maps,2026-01-01/2026-06-30,KEYWORD_OTHER,SOCIAL_ENGINEERING_TACTICS,DE
All,Google Maps,2026-01-01/2026-06-30,STATEMENT_CATEGORY_SELF_HARM,,DE
All,Google Maps,2026-01-01/2026-06-30,KEYWORD_CONTENT_PROMOTING_EATING_DISORDERS,,DE
All,Google Maps,2026-01-01/2026-06-30,KEYWORD_SELF_MUTILATION,,DE
All,Google Maps,2026-01-01/2026-06-30,KEYWORD_SUICIDE,,DE
All,Google Maps,2026-01-01/2026-06-30,KEYWORD_OTHER,SELF_HARM,DE
All,Google Maps,2026-01-01/2026-06-30,KEYWORD_OTHER,SUICIDE_AND_SELF_HARM,DE
All,Google Maps,2026-01-01/2026-06-30,STATEMENT_CATEGORY_UNSAFE_AND_PROHIBITED_PRODUCTS,,DE
All,Google Maps,2026-01-01/2026-06-30,KEYWORD_PROHIBITED_PRODUCTS,,DE
All,Google Maps,2026-01-01/2026-06-30,KEYWORD_UNSAFE_PRODUCTS,,DE
All,Google Maps,2026-01-01/2026-06-30,KEYWORD_OTHER,COURT_ORDER,DE
All,Google Maps,2026-01-01/2026-06-30,KEYWORD_OTHER,ENABLING_DISHONEST_BEHAVIOR,DE
All,Google Maps,2026-01-01/2026-06-30,KEYWORD_OTHER,FIREARMS_AND_ILLEGAL_REGULATED_GOODS_OR_SERVICES,DE
All,Google Maps,2026-01-01/2026-06-30,KEYWORD_OTHER,OTHER_LEGAL_NOTICES_OR_ORDERS,DE
All,Google Maps,2026-01-01/2026-06-30,KEYWORD_OTHER,UNAUTHORIZED_PHARMACIES,DE
All,Google Maps,2026-01-01/2026-06-30,STATEMENT_CATEGORY_VIOLENCE,,DE
All,Google Maps,2026-01-01/2026-06-30,KEYWORD_COORDINATED_HARM,,DE
All,Google Maps,2026-01-01/2026-06-30,KEYWORD_INCITEMENT_VIOLENCE_HATRED,,DE
All,Google Maps,2026-01-01/2026-06-30,KEYWORD_HUMAN_EXPLOITATION,,DE
All,Google Maps,2026-01-01/2026-06-30,KEYWORD_HUMAN_TRAFFICKING,,DE
All,Google Maps,2026-01-01/2026-06-30,KEYWORD_TRAFFICKING_WOMEN_GIRLS,,DE
All,Google Maps,2026-01-01/2026-06-30,KEYWORD_OTHER,DEPICTION_OF VIOLENCE,DE
All,Google Maps,2026-01-01/2026-06-30,KEYWORD_OTHER,SHOCKING_CONTENT,DE
All,Google Maps,2026-01-01/2026-06-30,KEYWORD_OTHER,VIOLENT_OR_GRAPHIC_CONTENT,DE
All,Google Maps,2026-01-01/2026-06-30,STATEMENT_CATEGORY_NOT_SPECIFIED_ORDER,,DE
All,Google Maps,2026-01-01/2026-06-30,TOTAL,,GR
All,Google Maps,2026-01-01/2026-06-30,STATEMENT_CATEGORY_ANIMAL_WELFARE,,GR
All,Google Maps,2026-01-01/2026-06-30,KEYWORD_ANIMAL_HARM,,GR
All,Google Maps,2026-01-01/2026-06-30,KEYWORD_UNLAWFUL_SALE_ANIMALS,,GR
All,Google Maps,2026-01-01/2026-06-30,KEYWORD_OTHER,ANIMAL_CRUELTY,GR
All,Google Maps,2026-01-01/2026-06-30,KEYWORD_OTHER,ANIMAL_HARM_AND_UNLAWFUL_SALE,GR
All,Google Maps,2026-01-01/2026-06-30,STATEMENT_CATEGORY_CONSUMER_INFORMATION,,GR
All,Google Maps,2026-01-01/2026-06-30,KEYWORD_HIDDEN_ADVERTISEMENT,,GR
All,Google Maps,2026-01-01/2026-06-30,KEYWORD_INSUFFICIENT_INFORMATION_ON_TRADERS,,GR
All,Google Maps,2026-01-01/2026-06-30,KEYWORD_MISLEADING_INFO_GOODS_SERVICES,,GR
All,Google Maps,2026-01-01/2026-06-30,KEYWORD_MISLEADING_INFO_CONSUMER_RIGHTS,,GR
All,Google Maps,2026-01-01/2026-06-30,KEYWORD_NONCOMPLIANCE_PRICING,,GR
All,Google Maps,2026-01-01/2026-06-30,KEYWORD_OTHER,CONSUMER_PROTECTION,GR
All,Google Maps,2026-01-01/2026-06-30,KEYWORD_OTHER,MISREPRESENTATION,GR
All,Google Maps,2026-01-01/2026-06-30,STATEMENT_CATEGORY_CYBER_VIOLENCE,,GR
All,Google Maps,2026-01-01/2026-06-30,KEYWORD_CYBER_BULLYING_INTIMIDATION,,GR
All,Google Maps,2026-01-01/2026-06-30,KEYWORD_CYBER_HARASSMENT,,GR
All,Google Maps,2026-01-01/2026-06-30,KEYWORD_CYBER_INCITEMENT,,GR
All,Google Maps,2026-01-01/2026-06-30,KEYWORD_CYBER_STALKING,,GR
All,Google Maps,2026-01-01/2026-06-30,KEYWORD_NON_CONSENSUAL_IMAGE_SHARING,,GR
All,Google Maps,2026-01-01/2026-06-30,KEYWORD_NON_CONSENSUAL_MATERIAL_DEEPFAKE,,GR
All,Google Maps,2026-01-01/2026-06-30,KEYWORD_OTHER,DOXING,GR
All,Google Maps,2026-01-01/2026-06-30,KEYWORD_OTHER,HARASSMENT,GR
All,Google Maps,2026-01-01/2026-06-30,KEYWORD_OTHER,HARASSMENT_AND_CYBERBULLYING,GR
All,Google Maps,2026-01-01/2026-06-30,KEYWORD_OTHER,HARMFUL_ACTIVITIES,GR
All,Google Maps,2026-01-01/2026-06-30,KEYWORD_OTHER,SEXUAL_HARASSMENT,GR
All,Google Maps,2026-01-01/2026-06-30,KEYWORD_OTHER,OBSCENITY_OR_PORNOGRAPHY,GR
All,Google Maps,2026-01-01/2026-06-30,KEYWORD_OTHER,UNSAFE_CONTENT,GR
All,Google Maps,2026-01-01/2026-06-30,STATEMENT_CATEGORY_CYBER_VIOLENCE_AGAINST_WOMEN,,GR
All,Google Maps,2026-01-01/2026-06-30,KEYWORD_BULLYING_AGAINST_GIRLS,,GR
All,Google Maps,2026-01-01/2026-06-30,KEYWORD_CYBER_HARASSMENT_AGAINST_WOMEN,,GR
All,Google Maps,2026-01-01/2026-06-30,KEYWORD_CYBER_STALKING_AGAINST_WOMEN,,GR
All,Google Maps,2026-01-01/2026-06-30,KEYWORD_FEMALE_GENDERED_DISINFORMATION,,GR
All,Google Maps,2026-01-01/2026-06-30,KEYWORD_INCITEMENT_AGAINST_WOMEN,,GR
All,Google Maps,2026-01-01/2026-06-30,KEYWORD_NON_CONSENSUAL_IMAGE_SHARING_AGAINST_WOMEN,,GR
All,Google Maps,2026-01-01/2026-06-30,KEYWORD_NON_CONSENSUAL_MATERIAL_DEEPFAKE_AGAINST_WOMEN,,GR
All,Google Maps,2026-01-01/2026-06-30,KEYWORD_OTHER,"Text to detail the ""Other"" keyword.",GR
All,Google Maps,2026-01-01/2026-06-30,STATEMENT_CATEGORY_DATA_PROTECTION_AND_PRIVACY_VIOLATIONS,,GR
All,Google Maps,2026-01-01/2026-06-30,KEYWORD_BIOMETRIC_DATA_BREACH,,GR
All,Google Maps,2026-01-01/2026-06-30,KEYWORD_DATA_FALSIFICATION,,GR
All,Google Maps,2026-01-01/2026-06-30,KEYWORD_MISSING_PROCESSING_GROUND,,GR
All,Google Maps,2026-01-01/2026-06-30,KEYWORD_RIGHT_TO_BE_FORGOTTEN,,GR
All,Google Maps,2026-01-01/2026-06-30,KEYWORD_OTHER,DATA_COLLECTION_AND_USE,GR
All,Google Maps,2026-01-01/2026-06-30,KEYWORD_OTHER,DISCLOSURE_AND_CONSENT_PRACTICES,GR
All,Google Maps,2026-01-01/2026-06-30,KEYWORD_OTHER,GDPR,GR
All,Google Maps,2026-01-01/2026-06-30,KEYWORD_OTHER,PERSONAL_INFORMATION,GR
All,Google Maps,2026-01-01/2026-06-30,KEYWORD_OTHER,PERSONAL_RIGHTS,GR
All,Google Maps,2026-01-01/2026-06-30,KEYWORD_OTHER,PERSONALIZED_ADVERTISING,GR
All,Google Maps,2026-01-01/2026-06-30,KEYWORD_OTHER,PRIVACY,GR
All,Google Maps,2026-01-01/2026-06-30,KEYWORD_OTHER,PRIVACY_POLICY,GR
All,Google Maps,2026-01-01/2026-06-30,KEYWORD_OTHER,UNSECURE_DATA_HANDLING,GR
All,Google Maps,2026-01-01/2026-06-30,STATEMENT_CATEGORY_ILLEGAL_OR_HARMFUL_SPEECH,,GR
All,Google Maps,2026-01-01/2026-06-30,KEYWORD_DEFAMATION,,GR
All,Google Maps,2026-01-01/2026-06-30,KEYWORD_DISCRIMINATION,,GR
All,Google Maps,2026-01-01/2026-06-30,KEYWORD_HATE_SPEECH,,GR
All,Google Maps,2026-01-01/2026-06-30,KEYWORD_OTHER,HATEFUL_OR_ABUSIVE,GR
All,Google Maps,2026-01-01/2026-06-30,KEYWORD_OTHER,ILLEGAL_OR_HARMFUL_SPEECH,GR
All,Google Maps,2026-01-01/2026-06-30,KEYWORD_OTHER,OBSCENITY_AND_PROFANITY,GR
All,Google Maps,2026-01-01/2026-06-30,KEYWORD_OTHER,OFFENSIVE_CONTENT,GR
All,Google Maps,2026-01-01/2026-06-30,KEYWORD_OTHER,UNSAFE_CONTENT,GR
All,Google Maps,2026-01-01/2026-06-30,STATEMENT_CATEGORY_INTELLECTUAL_PROPERTY_INFRINGEMENTS,,GR
All,Google Maps,2026-01-01/2026-06-30,KEYWORD_COPYRIGHT_INFRINGEMENT,,GR
All,Google Maps,2026-01-01/2026-06-30,KEYWORD_DESIGN_INFRINGEMENT,,GR
All,Google Maps,2026-01-01/2026-06-30,KEYWORD_GEOGRAPHIC_INDICATIONS_INFRINGEMENT,,GR
All,Google Maps,2026-01-01/2026-06-30,KEYWORD_PATENT_INFRINGEMENT,,GR
All,Google Maps,2026-01-01/2026-06-30,KEYWORD_TRADE_SECRET_INFRINGEMENT,,GR
All,Google Maps,2026-01-01/2026-06-30,KEYWORD_TRADEMARK_INFRINGEMENT,,GR
All,Google Maps,2026-01-01/2026-06-30,KEYWORD_OTHER,CIRCUMVENTION,GR
All,Google Maps,2026-01-01/2026-06-30,KEYWORD_OTHER,INTELLECTUAL PROPERTY,GR
All,Google Maps,2026-01-01/2026-06-30,STATEMENT_CATEGORY_NEGATIVE_EFFECTS_ON_CIVIC_DISCOURSE_OR_ELECTIONS,,GR
All,Google Maps,2026-01-01/2026-06-30,KEYWORD_MISINFORMATION_DISINFORMATION,,GR
All,Google Maps,2026-01-01/2026-06-30,KEYWORD_VIOLATION_EU_LAW,,GR
All,Google Maps,2026-01-01/2026-06-30,KEYWORD_VIOLATION_NATIONAL_LAW,,GR
All,Google Maps,2026-01-01/2026-06-30,KEYWORD_OTHER,ELECTORAL,GR
All,Google Maps,2026-01-01/2026-06-30,KEYWORD_OTHER,HACKED_POLITICAL_MATERIALS,GR
All,Google Maps,2026-01-01/2026-06-30,KEYWORD_OTHER,POLITICAL_CONTENT,GR
All,Google Maps,2026-01-01/2026-06-30,KEYWORD_OTHER,SOCIAL_STABILITY,GR
All,Google Maps,2026-01-01/2026-06-30,KEYWORD_OTHER,SOCIETAL_VALUES,GR
All,Google Maps,2026-01-01/2026-06-30,STATEMENT_CATEGORY_PROTECTION_OF_MINORS,,GR
All,Google Maps,2026-01-01/2026-06-30,KEYWORD_AGE_SPECIFIC_RESTRICTIONS_MINORS,,GR
All,Google Maps,2026-01-01/2026-06-30,KEYWORD_CHILD_SEXUAL_ABUSE_MATERIAL,,GR
All,Google Maps,2026-01-01/2026-06-30,KEYWORD_CHILD_SEXUAL_ABUSE_MATERIAL_DEEPFAKE,,GR
All,Google Maps,2026-01-01/2026-06-30,KEYWORD_GROOMING_SEXUAL_ENTICEMENT_MINORS,,GR
All,Google Maps,2026-01-01/2026-06-30,KEYWORD_UNSAFE_CHALLENGES,,GR
All,Google Maps,2026-01-01/2026-06-30,KEYWORD_OTHER,CHILD_ENDANGERMENT,GR
All,Google Maps,2026-01-01/2026-06-30,KEYWORD_OTHER,CHILD_SAFETY,GR
All,Google Maps,2026-01-01/2026-06-30,KEYWORD_OTHER,HARMFUL_OR_DANGEROUS_ACTS_CHALLENGES_AND_PRANKS,GR
All,Google Maps,2026-01-01/2026-06-30,KEYWORD_OTHER,KNOWN_SERIES,GR
All,Google Maps,2026-01-01/2026-06-30,KEYWORD_OTHER,PROTECTION_OF_MINORS,GR
All,Google Maps,2026-01-01/2026-06-30,KEYWORD_OTHER,UNAUTHORIZED_IMAGE_OF_MINORS,GR
All,Google Maps,2026-01-01/2026-06-30,STATEMENT_CATEGORY_RISK_FOR_PUBLIC_SECURITY,,GR
All,Google Maps,2026-01-01/2026-06-30,KEYWORD_ILLEGAL_ORGANIZATIONS,,GR
All,Google Maps,2026-01-01/2026-06-30,KEYWORD_RISK_ENVIRONMENTAL_DAMAGE,,GR
All,Google Maps,2026-01-01/2026-06-30,KEYWORD_RISK_PUBLIC_HEALTH,,GR
All,Google Maps,2026-01-01/2026-06-30,KEYWORD_TERRORIST_CONTENT,,GR
All,Google Maps,2026-01-01/2026-06-30,KEYWORD_OTHER,COURT_ORDER,GR
All,Google Maps,2026-01-01/2026-06-30,KEYWORD_OTHER,RISK_FOR_PUBLIC_SECURITY,GR
All,Google Maps,2026-01-01/2026-06-30,KEYWORD_OTHER,SENSITIVE_EVENTS,GR
All,Google Maps,2026-01-01/2026-06-30,KEYWORD_OTHER,VIOLENT_EXTREMISM,GR
All,Google Maps,2026-01-01/2026-06-30,KEYWORD_OTHER,WRONGFUL_OR_UNAUTHORIZED_USE_OF_SYMBOLS,GR
All,Google Maps,2026-01-01/2026-06-30,STATEMENT_CATEGORY_SCAMS_AND_FRAUD,,GR
All,Google Maps,2026-01-01/2026-06-30,KEYWORD_IMPERSONATION_ACCOUNT_HIJACKING,,GR
All,Google Maps,2026-01-01/2026-06-30,KEYWORD_INAUTHENTIC_ACCOUNTS,,GR
All,Google Maps,2026-01-01/2026-06-30,KEYWORD_INAUTHENTIC_LISTINGS,,GR
All,Google Maps,2026-01-01/2026-06-30,KEYWORD_INAUTHENTIC_USER_REVIEWS,,GR
All,Google Maps,2026-01-01/2026-06-30,KEYWORD_PHISHING,,GR
All,Google Maps,2026-01-01/2026-06-30,KEYWORD_PYRAMID_SCHEMES,,GR
All,Google Maps,2026-01-01/2026-06-30,KEYWORD_OTHER,AD_FRAUD_POLICY,GR
All,Google Maps,2026-01-01/2026-06-30,KEYWORD_OTHER,ENCOURAGEMENT_OF_DIGITAL_SECURITY_OR_TERMS_OF_SERVICE_VIOLATIONS,GR
All,Google Maps,2026-01-01/2026-06-30,KEYWORD_OTHER,FRAUD,GR
All,Google Maps,2026-01-01/2026-06-30,KEYWORD_OTHER,MALWARE,GR
All,Google Maps,2026-01-01/2026-06-30,KEYWORD_OTHER,MALWARE_AND_PHISHING,GR
All,Google Maps,2026-01-01/2026-06-30,KEYWORD_OTHER,MALWARE_AND_SYSTEM_CIRCUMVENTION,GR
All,Google Maps,2026-01-01/2026-06-30,KEYWORD_OTHER,MISREPRESENTATION,GR
All,Google Maps,2026-01-01/2026-06-30,KEYWORD_OTHER,SCAMS,GR
All,Google Maps,2026-01-01/2026-06-30,KEYWORD_OTHER,SOCIAL_ENGINEERING_TACTICS,GR
All,Google Maps,2026-01-01/2026-06-30,STATEMENT_CATEGORY_SELF_HARM,,GR
All,Google Maps,2026-01-01/2026-06-30,KEYWORD_CONTENT_PROMOTING_EATING_DISORDERS,,GR
All,Google Maps,2026-01-01/2026-06-30,KEYWORD_SELF_MUTILATION,,GR
All,Google Maps,2026-01-01/2026-06-30,KEYWORD_SUICIDE,,GR
All,Google Maps,2026-01-01/2026-06-30,KEYWORD_OTHER,SELF_HARM,GR
All,Google Maps,2026-01-01/2026-06-30,KEYWORD_OTHER,SUICIDE_AND_SELF_HARM,GR
All,Google Maps,2026-01-01/2026-06-30,STATEMENT_CATEGORY_UNSAFE_AND_PROHIBITED_PRODUCTS,,GR
All,Google Maps,2026-01-01/2026-06-30,KEYWORD_PROHIBITED_PRODUCTS,,GR
All,Google Maps,2026-01-01/2026-06-30,KEYWORD_UNSAFE_PRODUCTS,,GR
All,Google Maps,2026-01-01/2026-06-30,KEYWORD_OTHER,COURT_ORDER,GR
All,Google Maps,2026-01-01/2026-06-30,KEYWORD_OTHER,ENABLING_DISHONEST_BEHAVIOR,GR
All,Google Maps,2026-01-01/2026-06-30,KEYWORD_OTHER,FIREARMS_AND_ILLEGAL_REGULATED_GOODS_OR_SERVICES,GR
All,Google Maps,2026-01-01/2026-06-30,KEYWORD_OTHER,OTHER_LEGAL_NOTICES_OR_ORDERS,GR
All,Google Maps,2026-01-01/2026-06-30,KEYWORD_OTHER,UNAUTHORIZED_PHARMACIES,GR
All,Google Maps,2026-01-01/2026-06-30,STATEMENT_CATEGORY_VIOLENCE,,GR
All,Google Maps,2026-01-01/2026-06-30,KEYWORD_COORDINATED_HARM,,GR
All,Google Maps,2026-01-01/2026-06-30,KEYWORD_INCITEMENT_VIOLENCE_HATRED,,GR
All,Google Maps,2026-01-01/2026-06-30,KEYWORD_HUMAN_EXPLOITATION,,GR
All,Google Maps,2026-01-01/2026-06-30,KEYWORD_HUMAN_TRAFFICKING,,GR
All,Google Maps,2026-01-01/2026-06-30,KEYWORD_TRAFFICKING_WOMEN_GIRLS,,GR
All,Google Maps,2026-01-01/2026-06-30,KEYWORD_OTHER,DEPICTION_OF VIOLENCE,GR
All,Google Maps,2026-01-01/2026-06-30,KEYWORD_OTHER,SHOCKING_CONTENT,GR
All,Google Maps,2026-01-01/2026-06-30,KEYWORD_OTHER,VIOLENT_OR_GRAPHIC_CONTENT,GR
All,Google Maps,2026-01-01/2026-06-30,STATEMENT_CATEGORY_NOT_SPECIFIED_ORDER,,GR
All,Google Maps,2026-01-01/2026-06-30,TOTAL,,HU
All,Google Maps,2026-01-01/2026-06-30,STATEMENT_CATEGORY_ANIMAL_WELFARE,,HU
All,Google Maps,2026-01-01/2026-06-30,KEYWORD_ANIMAL_HARM,,HU
All,Google Maps,2026-01-01/2026-06-30,KEYWORD_UNLAWFUL_SALE_ANIMALS,,HU
All,Google Maps,2026-01-01/2026-06-30,KEYWORD_OTHER,ANIMAL_CRUELTY,HU
All,Google Maps,2026-01-01/2026-06-30,KEYWORD_OTHER,ANIMAL_HARM_AND_UNLAWFUL_SALE,HU
All,Google Maps,2026-01-01/2026-06-30,STATEMENT_CATEGORY_CONSUMER_INFORMATION,,HU
All,Google Maps,2026-01-01/2026-06-30,KEYWORD_HIDDEN_ADVERTISEMENT,,HU
All,Google Maps,2026-01-01/2026-06-30,KEYWORD_INSUFFICIENT_INFORMATION_ON_TRADERS,,HU
All,Google Maps,2026-01-01/2026-06-30,KEYWORD_MISLEADING_INFO_GOODS_SERVICES,,HU
All,Google Maps,2026-01-01/2026-06-30,KEYWORD_MISLEADING_INFO_CONSUMER_RIGHTS,,HU
All,Google Maps,2026-01-01/2026-06-30,KEYWORD_NONCOMPLIANCE_PRICING,,HU
All,Google Maps,2026-01-01/2026-06-30,KEYWORD_OTHER,CONSUMER_PROTECTION,HU
All,Google Maps,2026-01-01/2026-06-30,KEYWORD_OTHER,MISREPRESENTATION,HU
All,Google Maps,2026-01-01/2026-06-30,STATEMENT_CATEGORY_CYBER_VIOLENCE,,HU
All,Google Maps,2026-01-01/2026-06-30,KEYWORD_CYBER_BULLYING_INTIMIDATION,,HU
All,Google Maps,2026-01-01/2026-06-30,KEYWORD_CYBER_HARASSMENT,,HU
All,Google Maps,2026-01-01/2026-06-30,KEYWORD_CYBER_INCITEMENT,,HU
All,Google Maps,2026-01-01/2026-06-30,KEYWORD_CYBER_STALKING,,HU
All,Google Maps,2026-01-01/2026-06-30,KEYWORD_NON_CONSENSUAL_IMAGE_SHARING,,HU
All,Google Maps,2026-01-01/2026-06-30,KEYWORD_NON_CONSENSUAL_MATERIAL_DEEPFAKE,,HU
All,Google Maps,2026-01-01/2026-06-30,KEYWORD_OTHER,DOXING,HU
All,Google Maps,2026-01-01/2026-06-30,KEYWORD_OTHER,HARASSMENT,HU
All,Google Maps,2026-01-01/2026-06-30,KEYWORD_OTHER,HARASSMENT_AND_CYBERBULLYING,HU
All,Google Maps,2026-01-01/2026-06-30,KEYWORD_OTHER,HARMFUL_ACTIVITIES,HU
All,Google Maps,2026-01-01/2026-06-30,KEYWORD_OTHER,SEXUAL_HARASSMENT,HU
All,Google Maps,2026-01-01/2026-06-30,KEYWORD_OTHER,OBSCENITY_OR_PORNOGRAPHY,HU
All,Google Maps,2026-01-01/2026-06-30,KEYWORD_OTHER,UNSAFE_CONTENT,HU
All,Google Maps,2026-01-01/2026-06-30,STATEMENT_CATEGORY_CYBER_VIOLENCE_AGAINST_WOMEN,,HU
All,Google Maps,2026-01-01/2026-06-30,KEYWORD_BULLYING_AGAINST_GIRLS,,HU
All,Google Maps,2026-01-01/2026-06-30,KEYWORD_CYBER_HARASSMENT_AGAINST_WOMEN,,HU
All,Google Maps,2026-01-01/2026-06-30,KEYWORD_CYBER_STALKING_AGAINST_WOMEN,,HU
All,Google Maps,2026-01-01/2026-06-30,KEYWORD_FEMALE_GENDERED_DISINFORMATION,,HU
All,Google Maps,2026-01-01/2026-06-30,KEYWORD_INCITEMENT_AGAINST_WOMEN,,HU
All,Google Maps,2026-01-01/2026-06-30,KEYWORD_NON_CONSENSUAL_IMAGE_SHARING_AGAINST_WOMEN,,HU
All,Google Maps,2026-01-01/2026-06-30,KEYWORD_NON_CONSENSUAL_MATERIAL_DEEPFAKE_AGAINST_WOMEN,,HU
All,Google Maps,2026-01-01/2026-06-30,KEYWORD_OTHER,"Text to detail the ""Other"" keyword.",HU
All,Google Maps,2026-01-01/2026-06-30,STATEMENT_CATEGORY_DATA_PROTECTION_AND_PRIVACY_VIOLATIONS,,HU
All,Google Maps,2026-01-01/2026-06-30,KEYWORD_BIOMETRIC_DATA_BREACH,,HU
All,Google Maps,2026-01-01/2026-06-30,KEYWORD_DATA_FALSIFICATION,,HU
All,Google Maps,2026-01-01/2026-06-30,KEYWORD_MISSING_PROCESSING_GROUND,,HU
All,Google Maps,2026-01-01/2026-06-30,KEYWORD_RIGHT_TO_BE_FORGOTTEN,,HU
All,Google Maps,2026-01-01/2026-06-30,KEYWORD_OTHER,DATA_COLLECTION_AND_USE,HU
All,Google Maps,2026-01-01/2026-06-30,KEYWORD_OTHER,DISCLOSURE_AND_CONSENT_PRACTICES,HU
All,Google Maps,2026-01-01/2026-06-30,KEYWORD_OTHER,GDPR,HU
All,Google Maps,2026-01-01/2026-06-30,KEYWORD_OTHER,PERSONAL_INFORMATION,HU
All,Google Maps,2026-01-01/2026-06-30,KEYWORD_OTHER,PERSONAL_RIGHTS,HU
All,Google Maps,2026-01-01/2026-06-30,KEYWORD_OTHER,PERSONALIZED_ADVERTISING,HU
All,Google Maps,2026-01-01/2026-06-30,KEYWORD_OTHER,PRIVACY,HU
All,Google Maps,2026-01-01/2026-06-30,KEYWORD_OTHER,PRIVACY_POLICY,HU
All,Google Maps,2026-01-01/2026-06-30,KEYWORD_OTHER,UNSECURE_DATA_HANDLING,HU
All,Google Maps,2026-01-01/2026-06-30,STATEMENT_CATEGORY_ILLEGAL_OR_HARMFUL_SPEECH,,HU
All,Google Maps,2026-01-01/2026-06-30,KEYWORD_DEFAMATION,,HU
All,Google Maps,2026-01-01/2026-06-30,KEYWORD_DISCRIMINATION,,HU
All,Google Maps,2026-01-01/2026-06-30,KEYWORD_HATE_SPEECH,,HU
All,Google Maps,2026-01-01/2026-06-30,KEYWORD_OTHER,HATEFUL_OR_ABUSIVE,HU
All,Google Maps,2026-01-01/2026-06-30,KEYWORD_OTHER,ILLEGAL_OR_HARMFUL_SPEECH,HU
All,Google Maps,2026-01-01/2026-06-30,KEYWORD_OTHER,OBSCENITY_AND_PROFANITY,HU
All,Google Maps,2026-01-01/2026-06-30,KEYWORD_OTHER,OFFENSIVE_CONTENT,HU
All,Google Maps,2026-01-01/2026-06-30,KEYWORD_OTHER,UNSAFE_CONTENT,HU
All,Google Maps,2026-01-01/2026-06-30,STATEMENT_CATEGORY_INTELLECTUAL_PROPERTY_INFRINGEMENTS,,HU
All,Google Maps,2026-01-01/2026-06-30,KEYWORD_COPYRIGHT_INFRINGEMENT,,HU
All,Google Maps,2026-01-01/2026-06-30,KEYWORD_DESIGN_INFRINGEMENT,,HU
All,Google Maps,2026-01-01/2026-06-30,KEYWORD_GEOGRAPHIC_INDICATIONS_INFRINGEMENT,,HU
All,Google Maps,2026-01-01/2026-06-30,KEYWORD_PATENT_INFRINGEMENT,,HU
All,Google Maps,2026-01-01/2026-06-30,KEYWORD_TRADE_SECRET_INFRINGEMENT,,HU
All,Google Maps,2026-01-01/2026-06-30,KEYWORD_TRADEMARK_INFRINGEMENT,,HU
All,Google Maps,2026-01-01/2026-06-30,KEYWORD_OTHER,CIRCUMVENTION,HU
All,Google Maps,2026-01-01/2026-06-30,KEYWORD_OTHER,INTELLECTUAL PROPERTY,HU
All,Google Maps,2026-01-01/2026-06-30,STATEMENT_CATEGORY_NEGATIVE_EFFECTS_ON_CIVIC_DISCOURSE_OR_ELECTIONS,,HU
All,Google Maps,2026-01-01/2026-06-30,KEYWORD_MISINFORMATION_DISINFORMATION,,HU
All,Google Maps,2026-01-01/2026-06-30,KEYWORD_VIOLATION_EU_LAW,,HU
All,Google Maps,2026-01-01/2026-06-30,KEYWORD_VIOLATION_NATIONAL_LAW,,HU
All,Google Maps,2026-01-01/2026-06-30,KEYWORD_OTHER,ELECTORAL,HU
All,Google Maps,2026-01-01/2026-06-30,KEYWORD_OTHER,HACKED_POLITICAL_MATERIALS,HU
All,Google Maps,2026-01-01/2026-06-30,KEYWORD_OTHER,POLITICAL_CONTENT,HU
All,Google Maps,2026-01-01/2026-06-30,KEYWORD_OTHER,SOCIAL_STABILITY,HU
All,Google Maps,2026-01-01/2026-06-30,KEYWORD_OTHER,SOCIETAL_VALUES,HU
All,Google Maps,2026-01-01/2026-06-30,STATEMENT_CATEGORY_PROTECTION_OF_MINORS,,HU
All,Google Maps,2026-01-01/2026-06-30,KEYWORD_AGE_SPECIFIC_RESTRICTIONS_MINORS,,HU
All,Google Maps,2026-01-01/2026-06-30,KEYWORD_CHILD_SEXUAL_ABUSE_MATERIAL,,HU
All,Google Maps,2026-01-01/2026-06-30,KEYWORD_CHILD_SEXUAL_ABUSE_MATERIAL_DEEPFAKE,,HU
All,Google Maps,2026-01-01/2026-06-30,KEYWORD_GROOMING_SEXUAL_ENTICEMENT_MINORS,,HU
All,Google Maps,2026-01-01/2026-06-30,KEYWORD_UNSAFE_CHALLENGES,,HU
All,Google Maps,2026-01-01/2026-06-30,KEYWORD_OTHER,CHILD_ENDANGERMENT,HU
All,Google Maps,2026-01-01/2026-06-30,KEYWORD_OTHER,CHILD_SAFETY,HU
All,Google Maps,2026-01-01/2026-06-30,KEYWORD_OTHER,HARMFUL_OR_DANGEROUS_ACTS_CHALLENGES_AND_PRANKS,HU
All,Google Maps,2026-01-01/2026-06-30,KEYWORD_OTHER,KNOWN_SERIES,HU
All,Google Maps,2026-01-01/2026-06-30,KEYWORD_OTHER,PROTECTION_OF_MINORS,HU
All,Google Maps,2026-01-01/2026-06-30,KEYWORD_OTHER,UNAUTHORIZED_IMAGE_OF_MINORS,HU
All,Google Maps,2026-01-01/2026-06-30,STATEMENT_CATEGORY_RISK_FOR_PUBLIC_SECURITY,,HU
All,Google Maps,2026-01-01/2026-06-30,KEYWORD_ILLEGAL_ORGANIZATIONS,,HU
All,Google Maps,2026-01-01/2026-06-30,KEYWORD_RISK_ENVIRONMENTAL_DAMAGE,,HU
All,Google Maps,2026-01-01/2026-06-30,KEYWORD_RISK_PUBLIC_HEALTH,,HU
All,Google Maps,2026-01-01/2026-06-30,KEYWORD_TERRORIST_CONTENT,,HU
All,Google Maps,2026-01-01/2026-06-30,KEYWORD_OTHER,COURT_ORDER,HU
All,Google Maps,2026-01-01/2026-06-30,KEYWORD_OTHER,RISK_FOR_PUBLIC_SECURITY,HU
All,Google Maps,2026-01-01/2026-06-30,KEYWORD_OTHER,SENSITIVE_EVENTS,HU
All,Google Maps,2026-01-01/2026-06-30,KEYWORD_OTHER,VIOLENT_EXTREMISM,HU
All,Google Maps,2026-01-01/2026-06-30,KEYWORD_OTHER,WRONGFUL_OR_UNAUTHORIZED_USE_OF_SYMBOLS,HU
All,Google Maps,2026-01-01/2026-06-30,STATEMENT_CATEGORY_SCAMS_AND_FRAUD,,HU
All,Google Maps,2026-01-01/2026-06-30,KEYWORD_IMPERSONATION_ACCOUNT_HIJACKING,,HU
All,Google Maps,2026-01-01/2026-06-30,KEYWORD_INAUTHENTIC_ACCOUNTS,,HU
All,Google Maps,2026-01-01/2026-06-30,KEYWORD_INAUTHENTIC_LISTINGS,,HU
All,Google Maps,2026-01-01/2026-06-30,KEYWORD_INAUTHENTIC_USER_REVIEWS,,HU
All,Google Maps,2026-01-01/2026-06-30,KEYWORD_PHISHING,,HU
All,Google Maps,2026-01-01/2026-06-30,KEYWORD_PYRAMID_SCHEMES,,HU
All,Google Maps,2026-01-01/2026-06-30,KEYWORD_OTHER,AD_FRAUD_POLICY,HU
All,Google Maps,2026-01-01/2026-06-30,KEYWORD_OTHER,ENCOURAGEMENT_OF_DIGITAL_SECURITY_OR_TERMS_OF_SERVICE_VIOLATIONS,HU
All,Google Maps,2026-01-01/2026-06-30,KEYWORD_OTHER,FRAUD,HU
All,Google Maps,2026-01-01/2026-06-30,KEYWORD_OTHER,MALWARE,HU
All,Google Maps,2026-01-01/2026-06-30,KEYWORD_OTHER,MALWARE_AND_PHISHING,HU
All,Google Maps,2026-01-01/2026-06-30,KEYWORD_OTHER,MALWARE_AND_SYSTEM_CIRCUMVENTION,HU
All,Google Maps,2026-01-01/2026-06-30,KEYWORD_OTHER,MISREPRESENTATION,HU
All,Google Maps,2026-01-01/2026-06-30,KEYWORD_OTHER,SCAMS,HU
All,Google Maps,2026-01-01/2026-06-30,KEYWORD_OTHER,SOCIAL_ENGINEERING_TACTICS,HU
All,Google Maps,2026-01-01/2026-06-30,STATEMENT_CATEGORY_SELF_HARM,,HU
All,Google Maps,2026-01-01/2026-06-30,KEYWORD_CONTENT_PROMOTING_EATING_DISORDERS,,HU
All,Google Maps,2026-01-01/2026-06-30,KEYWORD_SELF_MUTILATION,,HU
All,Google Maps,2026-01-01/2026-06-30,KEYWORD_SUICIDE,,HU
All,Google Maps,2026-01-01/2026-06-30,KEYWORD_OTHER,SELF_HARM,HU
All,Google Maps,2026-01-01/2026-06-30,KEYWORD_OTHER,SUICIDE_AND_SELF_HARM,HU
All,Google Maps,2026-01-01/2026-06-30,STATEMENT_CATEGORY_UNSAFE_AND_PROHIBITED_PRODUCTS,,HU
All,Google Maps,2026-01-01/2026-06-30,KEYWORD_PROHIBITED_PRODUCTS,,HU
All,Google Maps,2026-01-01/2026-06-30,KEYWORD_UNSAFE_PRODUCTS,,HU
All,Google Maps,2026-01-01/2026-06-30,KEYWORD_OTHER,COURT_ORDER,HU
All,Google Maps,2026-01-01/2026-06-30,KEYWORD_OTHER,ENABLING_DISHONEST_BEHAVIOR,HU
All,Google Maps,2026-01-01/2026-06-30,KEYWORD_OTHER,FIREARMS_AND_ILLEGAL_REGULATED_GOODS_OR_SERVICES,HU
All,Google Maps,2026-01-01/2026-06-30,KEYWORD_OTHER,OTHER_LEGAL_NOTICES_OR_ORDERS,HU
All,Google Maps,2026-01-01/2026-06-30,KEYWORD_OTHER,UNAUTHORIZED_PHARMACIES,HU
All,Google Maps,2026-01-01/2026-06-30,STATEMENT_CATEGORY_VIOLENCE,,HU
All,Google Maps,2026-01-01/2026-06-30,KEYWORD_COORDINATED_HARM,,HU
All,Google Maps,2026-01-01/2026-06-30,KEYWORD_INCITEMENT_VIOLENCE_HATRED,,HU
All,Google Maps,2026-01-01/2026-06-30,KEYWORD_HUMAN_EXPLOITATION,,HU
All,Google Maps,2026-01-01/2026-06-30,KEYWORD_HUMAN_TRAFFICKING,,HU
All,Google Maps,2026-01-01/2026-06-30,KEYWORD_TRAFFICKING_WOMEN_GIRLS,,HU
All,Google Maps,2026-01-01/2026-06-30,KEYWORD_OTHER,DEPICTION_OF VIOLENCE,HU
All,Google Maps,2026-01-01/2026-06-30,KEYWORD_OTHER,SHOCKING_CONTENT,HU
All,Google Maps,2026-01-01/2026-06-30,KEYWORD_OTHER,VIOLENT_OR_GRAPHIC_CONTENT,HU
All,Google Maps,2026-01-01/2026-06-30,STATEMENT_CATEGORY_NOT_SPECIFIED_ORDER,,HU
All,Google Maps,2026-01-01/2026-06-30,TOTAL,,IE
All,Google Maps,2026-01-01/2026-06-30,STATEMENT_CATEGORY_ANIMAL_WELFARE,,IE
All,Google Maps,2026-01-01/2026-06-30,KEYWORD_ANIMAL_HARM,,IE
All,Google Maps,2026-01-01/2026-06-30,KEYWORD_UNLAWFUL_SALE_ANIMALS,,IE
All,Google Maps,2026-01-01/2026-06-30,KEYWORD_OTHER,ANIMAL_CRUELTY,IE
All,Google Maps,2026-01-01/2026-06-30,KEYWORD_OTHER,ANIMAL_HARM_AND_UNLAWFUL_SALE,IE
All,Google Maps,2026-01-01/2026-06-30,STATEMENT_CATEGORY_CONSUMER_INFORMATION,,IE
All,Google Maps,2026-01-01/2026-06-30,KEYWORD_HIDDEN_ADVERTISEMENT,,IE
All,Google Maps,2026-01-01/2026-06-30,KEYWORD_INSUFFICIENT_INFORMATION_ON_TRADERS,,IE
All,Google Maps,2026-01-01/2026-06-30,KEYWORD_MISLEADING_INFO_GOODS_SERVICES,,IE
All,Google Maps,2026-01-01/2026-06-30,KEYWORD_MISLEADING_INFO_CONSUMER_RIGHTS,,IE
All,Google Maps,2026-01-01/2026-06-30,KEYWORD_NONCOMPLIANCE_PRICING,,IE
All,Google Maps,2026-01-01/2026-06-30,KEYWORD_OTHER,CONSUMER_PROTECTION,IE
All,Google Maps,2026-01-01/2026-06-30,KEYWORD_OTHER,MISREPRESENTATION,IE
All,Google Maps,2026-01-01/2026-06-30,STATEMENT_CATEGORY_CYBER_VIOLENCE,,IE
All,Google Maps,2026-01-01/2026-06-30,KEYWORD_CYBER_BULLYING_INTIMIDATION,,IE
All,Google Maps,2026-01-01/2026-06-30,KEYWORD_CYBER_HARASSMENT,,IE
All,Google Maps,2026-01-01/2026-06-30,KEYWORD_CYBER_INCITEMENT,,IE
All,Google Maps,2026-01-01/2026-06-30,KEYWORD_CYBER_STALKING,,IE
All,Google Maps,2026-01-01/2026-06-30,KEYWORD_NON_CONSENSUAL_IMAGE_SHARING,,IE
All,Google Maps,2026-01-01/2026-06-30,KEYWORD_NON_CONSENSUAL_MATERIAL_DEEPFAKE,,IE
All,Google Maps,2026-01-01/2026-06-30,KEYWORD_OTHER,DOXING,IE
All,Google Maps,2026-01-01/2026-06-30,KEYWORD_OTHER,HARASSMENT,IE
All,Google Maps,2026-01-01/2026-06-30,KEYWORD_OTHER,HARASSMENT_AND_CYBERBULLYING,IE
All,Google Maps,2026-01-01/2026-06-30,KEYWORD_OTHER,HARMFUL_ACTIVITIES,IE
All,Google Maps,2026-01-01/2026-06-30,KEYWORD_OTHER,SEXUAL_HARASSMENT,IE
All,Google Maps,2026-01-01/2026-06-30,KEYWORD_OTHER,OBSCENITY_OR_PORNOGRAPHY,IE
All,Google Maps,2026-01-01/2026-06-30,KEYWORD_OTHER,UNSAFE_CONTENT,IE
All,Google Maps,2026-01-01/2026-06-30,STATEMENT_CATEGORY_CYBER_VIOLENCE_AGAINST_WOMEN,,IE
All,Google Maps,2026-01-01/2026-06-30,KEYWORD_BULLYING_AGAINST_GIRLS,,IE
All,Google Maps,2026-01-01/2026-06-30,KEYWORD_CYBER_HARASSMENT_AGAINST_WOMEN,,IE
All,Google Maps,2026-01-01/2026-06-30,KEYWORD_CYBER_STALKING_AGAINST_WOMEN,,IE
All,Google Maps,2026-01-01/2026-06-30,KEYWORD_FEMALE_GENDERED_DISINFORMATION,,IE
All,Google Maps,2026-01-01/2026-06-30,KEYWORD_INCITEMENT_AGAINST_WOMEN,,IE
All,Google Maps,2026-01-01/2026-06-30,KEYWORD_NON_CONSENSUAL_IMAGE_SHARING_AGAINST_WOMEN,,IE
All,Google Maps,2026-01-01/2026-06-30,KEYWORD_NON_CONSENSUAL_MATERIAL_DEEPFAKE_AGAINST_WOMEN,,IE
All,Google Maps,2026-01-01/2026-06-30,KEYWORD_OTHER,"Text to detail the ""Other"" keyword.",IE
All,Google Maps,2026-01-01/2026-06-30,STATEMENT_CATEGORY_DATA_PROTECTION_AND_PRIVACY_VIOLATIONS,,IE
All,Google Maps,2026-01-01/2026-06-30,KEYWORD_BIOMETRIC_DATA_BREACH,,IE
All,Google Maps,2026-01-01/2026-06-30,KEYWORD_DATA_FALSIFICATION,,IE
All,Google Maps,2026-01-01/2026-06-30,KEYWORD_MISSING_PROCESSING_GROUND,,IE
All,Google Maps,2026-01-01/2026-06-30,KEYWORD_RIGHT_TO_BE_FORGOTTEN,,IE
All,Google Maps,2026-01-01/2026-06-30,KEYWORD_OTHER,DATA_COLLECTION_AND_USE,IE
All,Google Maps,2026-01-01/2026-06-30,KEYWORD_OTHER,DISCLOSURE_AND_CONSENT_PRACTICES,IE
All,Google Maps,2026-01-01/2026-06-30,KEYWORD_OTHER,GDPR,IE
All,Google Maps,2026-01-01/2026-06-30,KEYWORD_OTHER,PERSONAL_INFORMATION,IE
All,Google Maps,2026-01-01/2026-06-30,KEYWORD_OTHER,PERSONAL_RIGHTS,IE
All,Google Maps,2026-01-01/2026-06-30,KEYWORD_OTHER,PERSONALIZED_ADVERTISING,IE
All,Google Maps,2026-01-01/2026-06-30,KEYWORD_OTHER,PRIVACY,IE
All,Google Maps,2026-01-01/2026-06-30,KEYWORD_OTHER,PRIVACY_POLICY,IE
All,Google Maps,2026-01-01/2026-06-30,KEYWORD_OTHER,UNSECURE_DATA_HANDLING,IE
All,Google Maps,2026-01-01/2026-06-30,STATEMENT_CATEGORY_ILLEGAL_OR_HARMFUL_SPEECH,,IE
All,Google Maps,2026-01-01/2026-06-30,KEYWORD_DEFAMATION,,IE
All,Google Maps,2026-01-01/2026-06-30,KEYWORD_DISCRIMINATION,,IE
All,Google Maps,2026-01-01/2026-06-30,KEYWORD_HATE_SPEECH,,IE
All,Google Maps,2026-01-01/2026-06-30,KEYWORD_OTHER,HATEFUL_OR_ABUSIVE,IE
All,Google Maps,2026-01-01/2026-06-30,KEYWORD_OTHER,ILLEGAL_OR_HARMFUL_SPEECH,IE
All,Google Maps,2026-01-01/2026-06-30,KEYWORD_OTHER,OBSCENITY_AND_PROFANITY,IE
All,Google Maps,2026-01-01/2026-06-30,KEYWORD_OTHER,OFFENSIVE_CONTENT,IE
All,Google Maps,2026-01-01/2026-06-30,KEYWORD_OTHER,UNSAFE_CONTENT,IE
All,Google Maps,2026-01-01/2026-06-30,STATEMENT_CATEGORY_INTELLECTUAL_PROPERTY_INFRINGEMENTS,,IE
All,Google Maps,2026-01-01/2026-06-30,KEYWORD_COPYRIGHT_INFRINGEMENT,,IE
All,Google Maps,2026-01-01/2026-06-30,KEYWORD_DESIGN_INFRINGEMENT,,IE
All,Google Maps,2026-01-01/2026-06-30,KEYWORD_GEOGRAPHIC_INDICATIONS_INFRINGEMENT,,IE
All,Google Maps,2026-01-01/2026-06-30,KEYWORD_PATENT_INFRINGEMENT,,IE
All,Google Maps,2026-01-01/2026-06-30,KEYWORD_TRADE_SECRET_INFRINGEMENT,,IE
All,Google Maps,2026-01-01/2026-06-30,KEYWORD_TRADEMARK_INFRINGEMENT,,IE
All,Google Maps,2026-01-01/2026-06-30,KEYWORD_OTHER,CIRCUMVENTION,IE
All,Google Maps,2026-01-01/2026-06-30,KEYWORD_OTHER,INTELLECTUAL PROPERTY,IE
All,Google Maps,2026-01-01/2026-06-30,STATEMENT_CATEGORY_NEGATIVE_EFFECTS_ON_CIVIC_DISCOURSE_OR_ELECTIONS,,IE
All,Google Maps,2026-01-01/2026-06-30,KEYWORD_MISINFORMATION_DISINFORMATION,,IE
All,Google Maps,2026-01-01/2026-06-30,KEYWORD_VIOLATION_EU_LAW,,IE
All,Google Maps,2026-01-01/2026-06-30,KEYWORD_VIOLATION_NATIONAL_LAW,,IE
All,Google Maps,2026-01-01/2026-06-30,KEYWORD_OTHER,ELECTORAL,IE
All,Google Maps,2026-01-01/2026-06-30,KEYWORD_OTHER,HACKED_POLITICAL_MATERIALS,IE
All,Google Maps,2026-01-01/2026-06-30,KEYWORD_OTHER,POLITICAL_CONTENT,IE
All,Google Maps,2026-01-01/2026-06-30,KEYWORD_OTHER,SOCIAL_STABILITY,IE
All,Google Maps,2026-01-01/2026-06-30,KEYWORD_OTHER,SOCIETAL_VALUES,IE
All,Google Maps,2026-01-01/2026-06-30,STATEMENT_CATEGORY_PROTECTION_OF_MINORS,,IE
All,Google Maps,2026-01-01/2026-06-30,KEYWORD_AGE_SPECIFIC_RESTRICTIONS_MINORS,,IE
All,Google Maps,2026-01-01/2026-06-30,KEYWORD_CHILD_SEXUAL_ABUSE_MATERIAL,,IE
All,Google Maps,2026-01-01/2026-06-30,KEYWORD_CHILD_SEXUAL_ABUSE_MATERIAL_DEEPFAKE,,IE
All,Google Maps,2026-01-01/2026-06-30,KEYWORD_GROOMING_SEXUAL_ENTICEMENT_MINORS,,IE
All,Google Maps,2026-01-01/2026-06-30,KEYWORD_UNSAFE_CHALLENGES,,IE
All,Google Maps,2026-01-01/2026-06-30,KEYWORD_OTHER,CHILD_ENDANGERMENT,IE
All,Google Maps,2026-01-01/2026-06-30,KEYWORD_OTHER,CHILD_SAFETY,IE
All,Google Maps,2026-01-01/2026-06-30,KEYWORD_OTHER,HARMFUL_OR_DANGEROUS_ACTS_CHALLENGES_AND_PRANKS,IE
All,Google Maps,2026-01-01/2026-06-30,KEYWORD_OTHER,KNOWN_SERIES,IE
All,Google Maps,2026-01-01/2026-06-30,KEYWORD_OTHER,PROTECTION_OF_MINORS,IE
All,Google Maps,2026-01-01/2026-06-30,KEYWORD_OTHER,UNAUTHORIZED_IMAGE_OF_MINORS,IE
All,Google Maps,2026-01-01/2026-06-30,STATEMENT_CATEGORY_RISK_FOR_PUBLIC_SECURITY,,IE
All,Google Maps,2026-01-01/2026-06-30,KEYWORD_ILLEGAL_ORGANIZATIONS,,IE
All,Google Maps,2026-01-01/2026-06-30,KEYWORD_RISK_ENVIRONMENTAL_DAMAGE,,IE
All,Google Maps,2026-01-01/2026-06-30,KEYWORD_RISK_PUBLIC_HEALTH,,IE
All,Google Maps,2026-01-01/2026-06-30,KEYWORD_TERRORIST_CONTENT,,IE
All,Google Maps,2026-01-01/2026-06-30,KEYWORD_OTHER,COURT_ORDER,IE
All,Google Maps,2026-01-01/2026-06-30,KEYWORD_OTHER,RISK_FOR_PUBLIC_SECURITY,IE
All,Google Maps,2026-01-01/2026-06-30,KEYWORD_OTHER,SENSITIVE_EVENTS,IE
All,Google Maps,2026-01-01/2026-06-30,KEYWORD_OTHER,VIOLENT_EXTREMISM,IE
All,Google Maps,2026-01-01/2026-06-30,KEYWORD_OTHER,WRONGFUL_OR_UNAUTHORIZED_USE_OF_SYMBOLS,IE
All,Google Maps,2026-01-01/2026-06-30,STATEMENT_CATEGORY_SCAMS_AND_FRAUD,,IE
All,Google Maps,2026-01-01/2026-06-30,KEYWORD_IMPERSONATION_ACCOUNT_HIJACKING,,IE
All,Google Maps,2026-01-01/2026-06-30,KEYWORD_INAUTHENTIC_ACCOUNTS,,IE
All,Google Maps,2026-01-01/2026-06-30,KEYWORD_INAUTHENTIC_LISTINGS,,IE
All,Google Maps,2026-01-01/2026-06-30,KEYWORD_INAUTHENTIC_USER_REVIEWS,,IE
All,Google Maps,2026-01-01/2026-06-30,KEYWORD_PHISHING,,IE
All,Google Maps,2026-01-01/2026-06-30,KEYWORD_PYRAMID_SCHEMES,,IE
All,Google Maps,2026-01-01/2026-06-30,KEYWORD_OTHER,AD_FRAUD_POLICY,IE
All,Google Maps,2026-01-01/2026-06-30,KEYWORD_OTHER,ENCOURAGEMENT_OF_DIGITAL_SECURITY_OR_TERMS_OF_SERVICE_VIOLATIONS,IE
All,Google Maps,2026-01-01/2026-06-30,KEYWORD_OTHER,FRAUD,IE
All,Google Maps,2026-01-01/2026-06-30,KEYWORD_OTHER,MALWARE,IE
All,Google Maps,2026-01-01/2026-06-30,KEYWORD_OTHER,MALWARE_AND_PHISHING,IE
All,Google Maps,2026-01-01/2026-06-30,KEYWORD_OTHER,MALWARE_AND_SYSTEM_CIRCUMVENTION,IE
All,Google Maps,2026-01-01/2026-06-30,KEYWORD_OTHER,MISREPRESENTATION,IE
All,Google Maps,2026-01-01/2026-06-30,KEYWORD_OTHER,SCAMS,IE
All,Google Maps,2026-01-01/2026-06-30,KEYWORD_OTHER,SOCIAL_ENGINEERING_TACTICS,IE
All,Google Maps,2026-01-01/2026-06-30,STATEMENT_CATEGORY_SELF_HARM,,IE
All,Google Maps,2026-01-01/2026-06-30,KEYWORD_CONTENT_PROMOTING_EATING_DISORDERS,,IE
All,Google Maps,2026-01-01/2026-06-30,KEYWORD_SELF_MUTILATION,,IE
All,Google Maps,2026-01-01/2026-06-30,KEYWORD_SUICIDE,,IE
All,Google Maps,2026-01-01/2026-06-30,KEYWORD_OTHER,SELF_HARM,IE
All,Google Maps,2026-01-01/2026-06-30,KEYWORD_OTHER,SUICIDE_AND_SELF_HARM,IE
All,Google Maps,2026-01-01/2026-06-30,STATEMENT_CATEGORY_UNSAFE_AND_PROHIBITED_PRODUCTS,,IE
All,Google Maps,2026-01-01/2026-06-30,KEYWORD_PROHIBITED_PRODUCTS,,IE
All,Google Maps,2026-01-01/2026-06-30,KEYWORD_UNSAFE_PRODUCTS,,IE
All,Google Maps,2026-01-01/2026-06-30,KEYWORD_OTHER,COURT_ORDER,IE
All,Google Maps,2026-01-01/2026-06-30,KEYWORD_OTHER,ENABLING_DISHONEST_BEHAVIOR,IE
All,Google Maps,2026-01-01/2026-06-30,KEYWORD_OTHER,FIREARMS_AND_ILLEGAL_REGULATED_GOODS_OR_SERVICES,IE
All,Google Maps,2026-01-01/2026-06-30,KEYWORD_OTHER,OTHER_LEGAL_NOTICES_OR_ORDERS,IE
All,Google Maps,2026-01-01/2026-06-30,KEYWORD_OTHER,UNAUTHORIZED_PHARMACIES,IE
All,Google Maps,2026-01-01/2026-06-30,STATEMENT_CATEGORY_VIOLENCE,,IE
All,Google Maps,2026-01-01/2026-06-30,KEYWORD_COORDINATED_HARM,,IE
All,Google Maps,2026-01-01/2026-06-30,KEYWORD_INCITEMENT_VIOLENCE_HATRED,,IE
All,Google Maps,2026-01-01/2026-06-30,KEYWORD_HUMAN_EXPLOITATION,,IE
All,Google Maps,2026-01-01/2026-06-30,KEYWORD_HUMAN_TRAFFICKING,,IE
All,Google Maps,2026-01-01/2026-06-30,KEYWORD_TRAFFICKING_WOMEN_GIRLS,,IE
All,Google Maps,2026-01-01/2026-06-30,KEYWORD_OTHER,DEPICTION_OF VIOLENCE,IE
All,Google Maps,2026-01-01/2026-06-30,KEYWORD_OTHER,SHOCKING_CONTENT,IE
All,Google Maps,2026-01-01/2026-06-30,KEYWORD_OTHER,VIOLENT_OR_GRAPHIC_CONTENT,IE
All,Google Maps,2026-01-01/2026-06-30,STATEMENT_CATEGORY_NOT_SPECIFIED_ORDER,,IE
All,Google Maps,2026-01-01/2026-06-30,TOTAL,,IT
All,Google Maps,2026-01-01/2026-06-30,STATEMENT_CATEGORY_ANIMAL_WELFARE,,IT
All,Google Maps,2026-01-01/2026-06-30,KEYWORD_ANIMAL_HARM,,IT
All,Google Maps,2026-01-01/2026-06-30,KEYWORD_UNLAWFUL_SALE_ANIMALS,,IT
All,Google Maps,2026-01-01/2026-06-30,KEYWORD_OTHER,ANIMAL_CRUELTY,IT
All,Google Maps,2026-01-01/2026-06-30,KEYWORD_OTHER,ANIMAL_HARM_AND_UNLAWFUL_SALE,IT
All,Google Maps,2026-01-01/2026-06-30,STATEMENT_CATEGORY_CONSUMER_INFORMATION,,IT
All,Google Maps,2026-01-01/2026-06-30,KEYWORD_HIDDEN_ADVERTISEMENT,,IT
All,Google Maps,2026-01-01/2026-06-30,KEYWORD_INSUFFICIENT_INFORMATION_ON_TRADERS,,IT
All,Google Maps,2026-01-01/2026-06-30,KEYWORD_MISLEADING_INFO_GOODS_SERVICES,,IT
All,Google Maps,2026-01-01/2026-06-30,KEYWORD_MISLEADING_INFO_CONSUMER_RIGHTS,,IT
All,Google Maps,2026-01-01/2026-06-30,KEYWORD_NONCOMPLIANCE_PRICING,,IT
All,Google Maps,2026-01-01/2026-06-30,KEYWORD_OTHER,CONSUMER_PROTECTION,IT
All,Google Maps,2026-01-01/2026-06-30,KEYWORD_OTHER,MISREPRESENTATION,IT
All,Google Maps,2026-01-01/2026-06-30,STATEMENT_CATEGORY_CYBER_VIOLENCE,,IT
All,Google Maps,2026-01-01/2026-06-30,KEYWORD_CYBER_BULLYING_INTIMIDATION,,IT
All,Google Maps,2026-01-01/2026-06-30,KEYWORD_CYBER_HARASSMENT,,IT
All,Google Maps,2026-01-01/2026-06-30,KEYWORD_CYBER_INCITEMENT,,IT
All,Google Maps,2026-01-01/2026-06-30,KEYWORD_CYBER_STALKING,,IT
All,Google Maps,2026-01-01/2026-06-30,KEYWORD_NON_CONSENSUAL_IMAGE_SHARING,,IT
All,Google Maps,2026-01-01/2026-06-30,KEYWORD_NON_CONSENSUAL_MATERIAL_DEEPFAKE,,IT
All,Google Maps,2026-01-01/2026-06-30,KEYWORD_OTHER,DOXING,IT
All,Google Maps,2026-01-01/2026-06-30,KEYWORD_OTHER,HARASSMENT,IT
All,Google Maps,2026-01-01/2026-06-30,KEYWORD_OTHER,HARASSMENT_AND_CYBERBULLYING,IT
All,Google Maps,2026-01-01/2026-06-30,KEYWORD_OTHER,HARMFUL_ACTIVITIES,IT
All,Google Maps,2026-01-01/2026-06-30,KEYWORD_OTHER,SEXUAL_HARASSMENT,IT
All,Google Maps,2026-01-01/2026-06-30,KEYWORD_OTHER,OBSCENITY_OR_PORNOGRAPHY,IT
All,Google Maps,2026-01-01/2026-06-30,KEYWORD_OTHER,UNSAFE_CONTENT,IT
All,Google Maps,2026-01-01/2026-06-30,STATEMENT_CATEGORY_CYBER_VIOLENCE_AGAINST_WOMEN,,IT
All,Google Maps,2026-01-01/2026-06-30,KEYWORD_BULLYING_AGAINST_GIRLS,,IT
All,Google Maps,2026-01-01/2026-06-30,KEYWORD_CYBER_HARASSMENT_AGAINST_WOMEN,,IT
All,Google Maps,2026-01-01/2026-06-30,KEYWORD_CYBER_STALKING_AGAINST_WOMEN,,IT
All,Google Maps,2026-01-01/2026-06-30,KEYWORD_FEMALE_GENDERED_DISINFORMATION,,IT
All,Google Maps,2026-01-01/2026-06-30,KEYWORD_INCITEMENT_AGAINST_WOMEN,,IT
All,Google Maps,2026-01-01/2026-06-30,KEYWORD_NON_CONSENSUAL_IMAGE_SHARING_AGAINST_WOMEN,,IT
All,Google Maps,2026-01-01/2026-06-30,KEYWORD_NON_CONSENSUAL_MATERIAL_DEEPFAKE_AGAINST_WOMEN,,IT
All,Google Maps,2026-01-01/2026-06-30,KEYWORD_OTHER,"Text to detail the ""Other"" keyword.",IT
All,Google Maps,2026-01-01/2026-06-30,STATEMENT_CATEGORY_DATA_PROTECTION_AND_PRIVACY_VIOLATIONS,,IT
All,Google Maps,2026-01-01/2026-06-30,KEYWORD_BIOMETRIC_DATA_BREACH,,IT
All,Google Maps,2026-01-01/2026-06-30,KEYWORD_DATA_FALSIFICATION,,IT
All,Google Maps,2026-01-01/2026-06-30,KEYWORD_MISSING_PROCESSING_GROUND,,IT
All,Google Maps,2026-01-01/2026-06-30,KEYWORD_RIGHT_TO_BE_FORGOTTEN,,IT
All,Google Maps,2026-01-01/2026-06-30,KEYWORD_OTHER,DATA_COLLECTION_AND_USE,IT
All,Google Maps,2026-01-01/2026-06-30,KEYWORD_OTHER,DISCLOSURE_AND_CONSENT_PRACTICES,IT
All,Google Maps,2026-01-01/2026-06-30,KEYWORD_OTHER,GDPR,IT
All,Google Maps,2026-01-01/2026-06-30,KEYWORD_OTHER,PERSONAL_INFORMATION,IT
All,Google Maps,2026-01-01/2026-06-30,KEYWORD_OTHER,PERSONAL_RIGHTS,IT
All,Google Maps,2026-01-01/2026-06-30,KEYWORD_OTHER,PERSONALIZED_ADVERTISING,IT
All,Google Maps,2026-01-01/2026-06-30,KEYWORD_OTHER,PRIVACY,IT
All,Google Maps,2026-01-01/2026-06-30,KEYWORD_OTHER,PRIVACY_POLICY,IT
All,Google Maps,2026-01-01/2026-06-30,KEYWORD_OTHER,UNSECURE_DATA_HANDLING,IT
All,Google Maps,2026-01-01/2026-06-30,STATEMENT_CATEGORY_ILLEGAL_OR_HARMFUL_SPEECH,,IT
All,Google Maps,2026-01-01/2026-06-30,KEYWORD_DEFAMATION,,IT
All,Google Maps,2026-01-01/2026-06-30,KEYWORD_DISCRIMINATION,,IT
All,Google Maps,2026-01-01/2026-06-30,KEYWORD_HATE_SPEECH,,IT
All,Google Maps,2026-01-01/2026-06-30,KEYWORD_OTHER,HATEFUL_OR_ABUSIVE,IT
All,Google Maps,2026-01-01/2026-06-30,KEYWORD_OTHER,ILLEGAL_OR_HARMFUL_SPEECH,IT
All,Google Maps,2026-01-01/2026-06-30,KEYWORD_OTHER,OBSCENITY_AND_PROFANITY,IT
All,Google Maps,2026-01-01/2026-06-30,KEYWORD_OTHER,OFFENSIVE_CONTENT,IT
All,Google Maps,2026-01-01/2026-06-30,KEYWORD_OTHER,UNSAFE_CONTENT,IT
All,Google Maps,2026-01-01/2026-06-30,STATEMENT_CATEGORY_INTELLECTUAL_PROPERTY_INFRINGEMENTS,,IT
All,Google Maps,2026-01-01/2026-06-30,KEYWORD_COPYRIGHT_INFRINGEMENT,,IT
All,Google Maps,2026-01-01/2026-06-30,KEYWORD_DESIGN_INFRINGEMENT,,IT
All,Google Maps,2026-01-01/2026-06-30,KEYWORD_GEOGRAPHIC_INDICATIONS_INFRINGEMENT,,IT
All,Google Maps,2026-01-01/2026-06-30,KEYWORD_PATENT_INFRINGEMENT,,IT
All,Google Maps,2026-01-01/2026-06-30,KEYWORD_TRADE_SECRET_INFRINGEMENT,,IT
All,Google Maps,2026-01-01/2026-06-30,KEYWORD_TRADEMARK_INFRINGEMENT,,IT
All,Google Maps,2026-01-01/2026-06-30,KEYWORD_OTHER,CIRCUMVENTION,IT
All,Google Maps,2026-01-01/2026-06-30,KEYWORD_OTHER,INTELLECTUAL PROPERTY,IT
All,Google Maps,2026-01-01/2026-06-30,STATEMENT_CATEGORY_NEGATIVE_EFFECTS_ON_CIVIC_DISCOURSE_OR_ELECTIONS,,IT
All,Google Maps,2026-01-01/2026-06-30,KEYWORD_MISINFORMATION_DISINFORMATION,,IT
All,Google Maps,2026-01-01/2026-06-30,KEYWORD_VIOLATION_EU_LAW,,IT
All,Google Maps,2026-01-01/2026-06-30,KEYWORD_VIOLATION_NATIONAL_LAW,,IT
All,Google Maps,2026-01-01/2026-06-30,KEYWORD_OTHER,ELECTORAL,IT
All,Google Maps,2026-01-01/2026-06-30,KEYWORD_OTHER,HACKED_POLITICAL_MATERIALS,IT
All,Google Maps,2026-01-01/2026-06-30,KEYWORD_OTHER,POLITICAL_CONTENT,IT
All,Google Maps,2026-01-01/2026-06-30,KEYWORD_OTHER,SOCIAL_STABILITY,IT
All,Google Maps,2026-01-01/2026-06-30,KEYWORD_OTHER,SOCIETAL_VALUES,IT
All,Google Maps,2026-01-01/2026-06-30,STATEMENT_CATEGORY_PROTECTION_OF_MINORS,,IT
All,Google Maps,2026-01-01/2026-06-30,KEYWORD_AGE_SPECIFIC_RESTRICTIONS_MINORS,,IT
All,Google Maps,2026-01-01/2026-06-30,KEYWORD_CHILD_SEXUAL_ABUSE_MATERIAL,,IT
All,Google Maps,2026-01-01/2026-06-30,KEYWORD_CHILD_SEXUAL_ABUSE_MATERIAL_DEEPFAKE,,IT
All,Google Maps,2026-01-01/2026-06-30,KEYWORD_GROOMING_SEXUAL_ENTICEMENT_MINORS,,IT
All,Google Maps,2026-01-01/2026-06-30,KEYWORD_UNSAFE_CHALLENGES,,IT
All,Google Maps,2026-01-01/2026-06-30,KEYWORD_OTHER,CHILD_ENDANGERMENT,IT
All,Google Maps,2026-01-01/2026-06-30,KEYWORD_OTHER,CHILD_SAFETY,IT
All,Google Maps,2026-01-01/2026-06-30,KEYWORD_OTHER,HARMFUL_OR_DANGEROUS_ACTS_CHALLENGES_AND_PRANKS,IT
All,Google Maps,2026-01-01/2026-06-30,KEYWORD_OTHER,KNOWN_SERIES,IT
All,Google Maps,2026-01-01/2026-06-30,KEYWORD_OTHER,PROTECTION_OF_MINORS,IT
All,Google Maps,2026-01-01/2026-06-30,KEYWORD_OTHER,UNAUTHORIZED_IMAGE_OF_MINORS,IT
All,Google Maps,2026-01-01/2026-06-30,STATEMENT_CATEGORY_RISK_FOR_PUBLIC_SECURITY,,IT
All,Google Maps,2026-01-01/2026-06-30,KEYWORD_ILLEGAL_ORGANIZATIONS,,IT
All,Google Maps,2026-01-01/2026-06-30,KEYWORD_RISK_ENVIRONMENTAL_DAMAGE,,IT
All,Google Maps,2026-01-01/2026-06-30,KEYWORD_RISK_PUBLIC_HEALTH,,IT
All,Google Maps,2026-01-01/2026-06-30,KEYWORD_TERRORIST_CONTENT,,IT
All,Google Maps,2026-01-01/2026-06-30,KEYWORD_OTHER,COURT_ORDER,IT
All,Google Maps,2026-01-01/2026-06-30,KEYWORD_OTHER,RISK_FOR_PUBLIC_SECURITY,IT
All,Google Maps,2026-01-01/2026-06-30,KEYWORD_OTHER,SENSITIVE_EVENTS,IT
All,Google Maps,2026-01-01/2026-06-30,KEYWORD_OTHER,VIOLENT_EXTREMISM,IT
All,Google Maps,2026-01-01/2026-06-30,KEYWORD_OTHER,WRONGFUL_OR_UNAUTHORIZED_USE_OF_SYMBOLS,IT
All,Google Maps,2026-01-01/2026-06-30,STATEMENT_CATEGORY_SCAMS_AND_FRAUD,,IT
All,Google Maps,2026-01-01/2026-06-30,KEYWORD_IMPERSONATION_ACCOUNT_HIJACKING,,IT
All,Google Maps,2026-01-01/2026-06-30,KEYWORD_INAUTHENTIC_ACCOUNTS,,IT
All,Google Maps,2026-01-01/2026-06-30,KEYWORD_INAUTHENTIC_LISTINGS,,IT
All,Google Maps,2026-01-01/2026-06-30,KEYWORD_INAUTHENTIC_USER_REVIEWS,,IT
All,Google Maps,2026-01-01/2026-06-30,KEYWORD_PHISHING,,IT
All,Google Maps,2026-01-01/2026-06-30,KEYWORD_PYRAMID_SCHEMES,,IT
All,Google Maps,2026-01-01/2026-06-30,KEYWORD_OTHER,AD_FRAUD_POLICY,IT
All,Google Maps,2026-01-01/2026-06-30,KEYWORD_OTHER,ENCOURAGEMENT_OF_DIGITAL_SECURITY_OR_TERMS_OF_SERVICE_VIOLATIONS,IT
All,Google Maps,2026-01-01/2026-06-30,KEYWORD_OTHER,FRAUD,IT
All,Google Maps,2026-01-01/2026-06-30,KEYWORD_OTHER,MALWARE,IT
All,Google Maps,2026-01-01/2026-06-30,KEYWORD_OTHER,MALWARE_AND_PHISHING,IT
All,Google Maps,2026-01-01/2026-06-30,KEYWORD_OTHER,MALWARE_AND_SYSTEM_CIRCUMVENTION,IT
All,Google Maps,2026-01-01/2026-06-30,KEYWORD_OTHER,MISREPRESENTATION,IT
All,Google Maps,2026-01-01/2026-06-30,KEYWORD_OTHER,SCAMS,IT
All,Google Maps,2026-01-01/2026-06-30,KEYWORD_OTHER,SOCIAL_ENGINEERING_TACTICS,IT
All,Google Maps,2026-01-01/2026-06-30,STATEMENT_CATEGORY_SELF_HARM,,IT
All,Google Maps,2026-01-01/2026-06-30,KEYWORD_CONTENT_PROMOTING_EATING_DISORDERS,,IT
All,Google Maps,2026-01-01/2026-06-30,KEYWORD_SELF_MUTILATION,,IT
All,Google Maps,2026-01-01/2026-06-30,KEYWORD_SUICIDE,,IT
All,Google Maps,2026-01-01/2026-06-30,KEYWORD_OTHER,SELF_HARM,IT
All,Google Maps,2026-01-01/2026-06-30,KEYWORD_OTHER,SUICIDE_AND_SELF_HARM,IT
All,Google Maps,2026-01-01/2026-06-30,STATEMENT_CATEGORY_UNSAFE_AND_PROHIBITED_PRODUCTS,,IT
All,Google Maps,2026-01-01/2026-06-30,KEYWORD_PROHIBITED_PRODUCTS,,IT
All,Google Maps,2026-01-01/2026-06-30,KEYWORD_UNSAFE_PRODUCTS,,IT
All,Google Maps,2026-01-01/2026-06-30,KEYWORD_OTHER,COURT_ORDER,IT
All,Google Maps,2026-01-01/2026-06-30,KEYWORD_OTHER,ENABLING_DISHONEST_BEHAVIOR,IT
All,Google Maps,2026-01-01/2026-06-30,KEYWORD_OTHER,FIREARMS_AND_ILLEGAL_REGULATED_GOODS_OR_SERVICES,IT
All,Google Maps,2026-01-01/2026-06-30,KEYWORD_OTHER,OTHER_LEGAL_NOTICES_OR_ORDERS,IT
All,Google Maps,2026-01-01/2026-06-30,KEYWORD_OTHER,UNAUTHORIZED_PHARMACIES,IT
All,Google Maps,2026-01-01/2026-06-30,STATEMENT_CATEGORY_VIOLENCE,,IT
All,Google Maps,2026-01-01/2026-06-30,KEYWORD_COORDINATED_HARM,,IT
All,Google Maps,2026-01-01/2026-06-30,KEYWORD_INCITEMENT_VIOLENCE_HATRED,,IT
All,Google Maps,2026-01-01/2026-06-30,KEYWORD_HUMAN_EXPLOITATION,,IT
All,Google Maps,2026-01-01/2026-06-30,KEYWORD_HUMAN_TRAFFICKING,,IT
All,Google Maps,2026-01-01/2026-06-30,KEYWORD_TRAFFICKING_WOMEN_GIRLS,,IT
All,Google Maps,2026-01-01/2026-06-30,KEYWORD_OTHER,DEPICTION_OF VIOLENCE,IT
All,Google Maps,2026-01-01/2026-06-30,KEYWORD_OTHER,SHOCKING_CONTENT,IT
All,Google Maps,2026-01-01/2026-06-30,KEYWORD_OTHER,VIOLENT_OR_GRAPHIC_CONTENT,IT
All,Google Maps,2026-01-01/2026-06-30,STATEMENT_CATEGORY_NOT_SPECIFIED_ORDER,,IT
All,Google Maps,2026-01-01/2026-06-30,TOTAL,,LV
All,Google Maps,2026-01-01/2026-06-30,STATEMENT_CATEGORY_ANIMAL_WELFARE,,LV
All,Google Maps,2026-01-01/2026-06-30,KEYWORD_ANIMAL_HARM,,LV
All,Google Maps,2026-01-01/2026-06-30,KEYWORD_UNLAWFUL_SALE_ANIMALS,,LV
All,Google Maps,2026-01-01/2026-06-30,KEYWORD_OTHER,ANIMAL_CRUELTY,LV
All,Google Maps,2026-01-01/2026-06-30,KEYWORD_OTHER,ANIMAL_HARM_AND_UNLAWFUL_SALE,LV
All,Google Maps,2026-01-01/2026-06-30,STATEMENT_CATEGORY_CONSUMER_INFORMATION,,LV
All,Google Maps,2026-01-01/2026-06-30,KEYWORD_HIDDEN_ADVERTISEMENT,,LV
All,Google Maps,2026-01-01/2026-06-30,KEYWORD_INSUFFICIENT_INFORMATION_ON_TRADERS,,LV
All,Google Maps,2026-01-01/2026-06-30,KEYWORD_MISLEADING_INFO_GOODS_SERVICES,,LV
All,Google Maps,2026-01-01/2026-06-30,KEYWORD_MISLEADING_INFO_CONSUMER_RIGHTS,,LV
All,Google Maps,2026-01-01/2026-06-30,KEYWORD_NONCOMPLIANCE_PRICING,,LV
All,Google Maps,2026-01-01/2026-06-30,KEYWORD_OTHER,CONSUMER_PROTECTION,LV
All,Google Maps,2026-01-01/2026-06-30,KEYWORD_OTHER,MISREPRESENTATION,LV
All,Google Maps,2026-01-01/2026-06-30,STATEMENT_CATEGORY_CYBER_VIOLENCE,,LV
All,Google Maps,2026-01-01/2026-06-30,KEYWORD_CYBER_BULLYING_INTIMIDATION,,LV
All,Google Maps,2026-01-01/2026-06-30,KEYWORD_CYBER_HARASSMENT,,LV
All,Google Maps,2026-01-01/2026-06-30,KEYWORD_CYBER_INCITEMENT,,LV
All,Google Maps,2026-01-01/2026-06-30,KEYWORD_CYBER_STALKING,,LV
All,Google Maps,2026-01-01/2026-06-30,KEYWORD_NON_CONSENSUAL_IMAGE_SHARING,,LV
All,Google Maps,2026-01-01/2026-06-30,KEYWORD_NON_CONSENSUAL_MATERIAL_DEEPFAKE,,LV
All,Google Maps,2026-01-01/2026-06-30,KEYWORD_OTHER,DOXING,LV
All,Google Maps,2026-01-01/2026-06-30,KEYWORD_OTHER,HARASSMENT,LV
All,Google Maps,2026-01-01/2026-06-30,KEYWORD_OTHER,HARASSMENT_AND_CYBERBULLYING,LV
All,Google Maps,2026-01-01/2026-06-30,KEYWORD_OTHER,HARMFUL_ACTIVITIES,LV
All,Google Maps,2026-01-01/2026-06-30,KEYWORD_OTHER,SEXUAL_HARASSMENT,LV
All,Google Maps,2026-01-01/2026-06-30,KEYWORD_OTHER,OBSCENITY_OR_PORNOGRAPHY,LV
All,Google Maps,2026-01-01/2026-06-30,KEYWORD_OTHER,UNSAFE_CONTENT,LV
All,Google Maps,2026-01-01/2026-06-30,STATEMENT_CATEGORY_CYBER_VIOLENCE_AGAINST_WOMEN,,LV
All,Google Maps,2026-01-01/2026-06-30,KEYWORD_BULLYING_AGAINST_GIRLS,,LV
All,Google Maps,2026-01-01/2026-06-30,KEYWORD_CYBER_HARASSMENT_AGAINST_WOMEN,,LV
All,Google Maps,2026-01-01/2026-06-30,KEYWORD_CYBER_STALKING_AGAINST_WOMEN,,LV
All,Google Maps,2026-01-01/2026-06-30,KEYWORD_FEMALE_GENDERED_DISINFORMATION,,LV
All,Google Maps,2026-01-01/2026-06-30,KEYWORD_INCITEMENT_AGAINST_WOMEN,,LV
All,Google Maps,2026-01-01/2026-06-30,KEYWORD_NON_CONSENSUAL_IMAGE_SHARING_AGAINST_WOMEN,,LV
All,Google Maps,2026-01-01/2026-06-30,KEYWORD_NON_CONSENSUAL_MATERIAL_DEEPFAKE_AGAINST_WOMEN,,LV
All,Google Maps,2026-01-01/2026-06-30,KEYWORD_OTHER,"Text to detail the ""Other"" keyword.",LV
All,Google Maps,2026-01-01/2026-06-30,STATEMENT_CATEGORY_DATA_PROTECTION_AND_PRIVACY_VIOLATIONS,,LV
All,Google Maps,2026-01-01/2026-06-30,KEYWORD_BIOMETRIC_DATA_BREACH,,LV
All,Google Maps,2026-01-01/2026-06-30,KEYWORD_DATA_FALSIFICATION,,LV
All,Google Maps,2026-01-01/2026-06-30,KEYWORD_MISSING_PROCESSING_GROUND,,LV
All,Google Maps,2026-01-01/2026-06-30,KEYWORD_RIGHT_TO_BE_FORGOTTEN,,LV
All,Google Maps,2026-01-01/2026-06-30,KEYWORD_OTHER,DATA_COLLECTION_AND_USE,LV
All,Google Maps,2026-01-01/2026-06-30,KEYWORD_OTHER,DISCLOSURE_AND_CONSENT_PRACTICES,LV
All,Google Maps,2026-01-01/2026-06-30,KEYWORD_OTHER,GDPR,LV
All,Google Maps,2026-01-01/2026-06-30,KEYWORD_OTHER,PERSONAL_INFORMATION,LV
All,Google Maps,2026-01-01/2026-06-30,KEYWORD_OTHER,PERSONAL_RIGHTS,LV
All,Google Maps,2026-01-01/2026-06-30,KEYWORD_OTHER,PERSONALIZED_ADVERTISING,LV
All,Google Maps,2026-01-01/2026-06-30,KEYWORD_OTHER,PRIVACY,LV
All,Google Maps,2026-01-01/2026-06-30,KEYWORD_OTHER,PRIVACY_POLICY,LV
All,Google Maps,2026-01-01/2026-06-30,KEYWORD_OTHER,UNSECURE_DATA_HANDLING,LV
All,Google Maps,2026-01-01/2026-06-30,STATEMENT_CATEGORY_ILLEGAL_OR_HARMFUL_SPEECH,,LV
All,Google Maps,2026-01-01/2026-06-30,KEYWORD_DEFAMATION,,LV
All,Google Maps,2026-01-01/2026-06-30,KEYWORD_DISCRIMINATION,,LV
All,Google Maps,2026-01-01/2026-06-30,KEYWORD_HATE_SPEECH,,LV
All,Google Maps,2026-01-01/2026-06-30,KEYWORD_OTHER,HATEFUL_OR_ABUSIVE,LV
All,Google Maps,2026-01-01/2026-06-30,KEYWORD_OTHER,ILLEGAL_OR_HARMFUL_SPEECH,LV
All,Google Maps,2026-01-01/2026-06-30,KEYWORD_OTHER,OBSCENITY_AND_PROFANITY,LV
All,Google Maps,2026-01-01/2026-06-30,KEYWORD_OTHER,OFFENSIVE_CONTENT,LV
All,Google Maps,2026-01-01/2026-06-30,KEYWORD_OTHER,UNSAFE_CONTENT,LV
All,Google Maps,2026-01-01/2026-06-30,STATEMENT_CATEGORY_INTELLECTUAL_PROPERTY_INFRINGEMENTS,,LV
All,Google Maps,2026-01-01/2026-06-30,KEYWORD_COPYRIGHT_INFRINGEMENT,,LV
All,Google Maps,2026-01-01/2026-06-30,KEYWORD_DESIGN_INFRINGEMENT,,LV
All,Google Maps,2026-01-01/2026-06-30,KEYWORD_GEOGRAPHIC_INDICATIONS_INFRINGEMENT,,LV
All,Google Maps,2026-01-01/2026-06-30,KEYWORD_PATENT_INFRINGEMENT,,LV
All,Google Maps,2026-01-01/2026-06-30,KEYWORD_TRADE_SECRET_INFRINGEMENT,,LV
All,Google Maps,2026-01-01/2026-06-30,KEYWORD_TRADEMARK_INFRINGEMENT,,LV
All,Google Maps,2026-01-01/2026-06-30,KEYWORD_OTHER,CIRCUMVENTION,LV
All,Google Maps,2026-01-01/2026-06-30,KEYWORD_OTHER,INTELLECTUAL PROPERTY,LV
All,Google Maps,2026-01-01/2026-06-30,STATEMENT_CATEGORY_NEGATIVE_EFFECTS_ON_CIVIC_DISCOURSE_OR_ELECTIONS,,LV
All,Google Maps,2026-01-01/2026-06-30,KEYWORD_MISINFORMATION_DISINFORMATION,,LV
All,Google Maps,2026-01-01/2026-06-30,KEYWORD_VIOLATION_EU_LAW,,LV
All,Google Maps,2026-01-01/2026-06-30,KEYWORD_VIOLATION_NATIONAL_LAW,,LV
All,Google Maps,2026-01-01/2026-06-30,KEYWORD_OTHER,ELECTORAL,LV
All,Google Maps,2026-01-01/2026-06-30,KEYWORD_OTHER,HACKED_POLITICAL_MATERIALS,LV
All,Google Maps,2026-01-01/2026-06-30,KEYWORD_OTHER,POLITICAL_CONTENT,LV
All,Google Maps,2026-01-01/2026-06-30,KEYWORD_OTHER,SOCIAL_STABILITY,LV
All,Google Maps,2026-01-01/2026-06-30,KEYWORD_OTHER,SOCIETAL_VALUES,LV
All,Google Maps,2026-01-01/2026-06-30,STATEMENT_CATEGORY_PROTECTION_OF_MINORS,,LV
All,Google Maps,2026-01-01/2026-06-30,KEYWORD_AGE_SPECIFIC_RESTRICTIONS_MINORS,,LV
All,Google Maps,2026-01-01/2026-06-30,KEYWORD_CHILD_SEXUAL_ABUSE_MATERIAL,,LV
All,Google Maps,2026-01-01/2026-06-30,KEYWORD_CHILD_SEXUAL_ABUSE_MATERIAL_DEEPFAKE,,LV
All,Google Maps,2026-01-01/2026-06-30,KEYWORD_GROOMING_SEXUAL_ENTICEMENT_MINORS,,LV
All,Google Maps,2026-01-01/2026-06-30,KEYWORD_UNSAFE_CHALLENGES,,LV
All,Google Maps,2026-01-01/2026-06-30,KEYWORD_OTHER,CHILD_ENDANGERMENT,LV
All,Google Maps,2026-01-01/2026-06-30,KEYWORD_OTHER,CHILD_SAFETY,LV
All,Google Maps,2026-01-01/2026-06-30,KEYWORD_OTHER,HARMFUL_OR_DANGEROUS_ACTS_CHALLENGES_AND_PRANKS,LV
All,Google Maps,2026-01-01/2026-06-30,KEYWORD_OTHER,KNOWN_SERIES,LV
All,Google Maps,2026-01-01/2026-06-30,KEYWORD_OTHER,PROTECTION_OF_MINORS,LV
All,Google Maps,2026-01-01/2026-06-30,KEYWORD_OTHER,UNAUTHORIZED_IMAGE_OF_MINORS,LV
All,Google Maps,2026-01-01/2026-06-30,STATEMENT_CATEGORY_RISK_FOR_PUBLIC_SECURITY,,LV
All,Google Maps,2026-01-01/2026-06-30,KEYWORD_ILLEGAL_ORGANIZATIONS,,LV
All,Google Maps,2026-01-01/2026-06-30,KEYWORD_RISK_ENVIRONMENTAL_DAMAGE,,LV
All,Google Maps,2026-01-01/2026-06-30,KEYWORD_RISK_PUBLIC_HEALTH,,LV
All,Google Maps,2026-01-01/2026-06-30,KEYWORD_TERRORIST_CONTENT,,LV
All,Google Maps,2026-01-01/2026-06-30,KEYWORD_OTHER,COURT_ORDER,LV
All,Google Maps,2026-01-01/2026-06-30,KEYWORD_OTHER,RISK_FOR_PUBLIC_SECURITY,LV
All,Google Maps,2026-01-01/2026-06-30,KEYWORD_OTHER,SENSITIVE_EVENTS,LV
All,Google Maps,2026-01-01/2026-06-30,KEYWORD_OTHER,VIOLENT_EXTREMISM,LV
All,Google Maps,2026-01-01/2026-06-30,KEYWORD_OTHER,WRONGFUL_OR_UNAUTHORIZED_USE_OF_SYMBOLS,LV
All,Google Maps,2026-01-01/2026-06-30,STATEMENT_CATEGORY_SCAMS_AND_FRAUD,,LV
All,Google Maps,2026-01-01/2026-06-30,KEYWORD_IMPERSONATION_ACCOUNT_HIJACKING,,LV
All,Google Maps,2026-01-01/2026-06-30,KEYWORD_INAUTHENTIC_ACCOUNTS,,LV
All,Google Maps,2026-01-01/2026-06-30,KEYWORD_INAUTHENTIC_LISTINGS,,LV
All,Google Maps,2026-01-01/2026-06-30,KEYWORD_INAUTHENTIC_USER_REVIEWS,,LV
All,Google Maps,2026-01-01/2026-06-30,KEYWORD_PHISHING,,LV
All,Google Maps,2026-01-01/2026-06-30,KEYWORD_PYRAMID_SCHEMES,,LV
All,Google Maps,2026-01-01/2026-06-30,KEYWORD_OTHER,AD_FRAUD_POLICY,LV
All,Google Maps,2026-01-01/2026-06-30,KEYWORD_OTHER,ENCOURAGEMENT_OF_DIGITAL_SECURITY_OR_TERMS_OF_SERVICE_VIOLATIONS,LV
All,Google Maps,2026-01-01/2026-06-30,KEYWORD_OTHER,FRAUD,LV
All,Google Maps,2026-01-01/2026-06-30,KEYWORD_OTHER,MALWARE,LV
All,Google Maps,2026-01-01/2026-06-30,KEYWORD_OTHER,MALWARE_AND_PHISHING,LV
All,Google Maps,2026-01-01/2026-06-30,KEYWORD_OTHER,MALWARE_AND_SYSTEM_CIRCUMVENTION,LV
All,Google Maps,2026-01-01/2026-06-30,KEYWORD_OTHER,MISREPRESENTATION,LV
All,Google Maps,2026-01-01/2026-06-30,KEYWORD_OTHER,SCAMS,LV
All,Google Maps,2026-01-01/2026-06-30,KEYWORD_OTHER,SOCIAL_ENGINEERING_TACTICS,LV
All,Google Maps,2026-01-01/2026-06-30,STATEMENT_CATEGORY_SELF_HARM,,LV
All,Google Maps,2026-01-01/2026-06-30,KEYWORD_CONTENT_PROMOTING_EATING_DISORDERS,,LV
All,Google Maps,2026-01-01/2026-06-30,KEYWORD_SELF_MUTILATION,,LV
All,Google Maps,2026-01-01/2026-06-30,KEYWORD_SUICIDE,,LV
All,Google Maps,2026-01-01/2026-06-30,KEYWORD_OTHER,SELF_HARM,LV
All,Google Maps,2026-01-01/2026-06-30,KEYWORD_OTHER,SUICIDE_AND_SELF_HARM,LV
All,Google Maps,2026-01-01/2026-06-30,STATEMENT_CATEGORY_UNSAFE_AND_PROHIBITED_PRODUCTS,,LV
All,Google Maps,2026-01-01/2026-06-30,KEYWORD_PROHIBITED_PRODUCTS,,LV
All,Google Maps,2026-01-01/2026-06-30,KEYWORD_UNSAFE_PRODUCTS,,LV
All,Google Maps,2026-01-01/2026-06-30,KEYWORD_OTHER,COURT_ORDER,LV
All,Google Maps,2026-01-01/2026-06-30,KEYWORD_OTHER,ENABLING_DISHONEST_BEHAVIOR,LV
All,Google Maps,2026-01-01/2026-06-30,KEYWORD_OTHER,FIREARMS_AND_ILLEGAL_REGULATED_GOODS_OR_SERVICES,LV
All,Google Maps,2026-01-01/2026-06-30,KEYWORD_OTHER,OTHER_LEGAL_NOTICES_OR_ORDERS,LV
All,Google Maps,2026-01-01/2026-06-30,KEYWORD_OTHER,UNAUTHORIZED_PHARMACIES,LV
All,Google Maps,2026-01-01/2026-06-30,STATEMENT_CATEGORY_VIOLENCE,,LV
All,Google Maps,2026-01-01/2026-06-30,KEYWORD_COORDINATED_HARM,,LV
All,Google Maps,2026-01-01/2026-06-30,KEYWORD_INCITEMENT_VIOLENCE_HATRED,,LV
All,Google Maps,2026-01-01/2026-06-30,KEYWORD_HUMAN_EXPLOITATION,,LV
All,Google Maps,2026-01-01/2026-06-30,KEYWORD_HUMAN_TRAFFICKING,,LV
All,Google Maps,2026-01-01/2026-06-30,KEYWORD_TRAFFICKING_WOMEN_GIRLS,,LV
All,Google Maps,2026-01-01/2026-06-30,KEYWORD_OTHER,DEPICTION_OF VIOLENCE,LV
All,Google Maps,2026-01-01/2026-06-30,KEYWORD_OTHER,SHOCKING_CONTENT,LV
All,Google Maps,2026-01-01/2026-06-30,KEYWORD_OTHER,VIOLENT_OR_GRAPHIC_CONTENT,LV
All,Google Maps,2026-01-01/2026-06-30,STATEMENT_CATEGORY_NOT_SPECIFIED_ORDER,,LV
All,Google Maps,2026-01-01/2026-06-30,TOTAL,,LT
All,Google Maps,2026-01-01/2026-06-30,STATEMENT_CATEGORY_ANIMAL_WELFARE,,LT
All,Google Maps,2026-01-01/2026-06-30,KEYWORD_ANIMAL_HARM,,LT
All,Google Maps,2026-01-01/2026-06-30,KEYWORD_UNLAWFUL_SALE_ANIMALS,,LT
All,Google Maps,2026-01-01/2026-06-30,KEYWORD_OTHER,ANIMAL_CRUELTY,LT
All,Google Maps,2026-01-01/2026-06-30,KEYWORD_OTHER,ANIMAL_HARM_AND_UNLAWFUL_SALE,LT
All,Google Maps,2026-01-01/2026-06-30,STATEMENT_CATEGORY_CONSUMER_INFORMATION,,LT
All,Google Maps,2026-01-01/2026-06-30,KEYWORD_HIDDEN_ADVERTISEMENT,,LT
All,Google Maps,2026-01-01/2026-06-30,KEYWORD_INSUFFICIENT_INFORMATION_ON_TRADERS,,LT
All,Google Maps,2026-01-01/2026-06-30,KEYWORD_MISLEADING_INFO_GOODS_SERVICES,,LT
All,Google Maps,2026-01-01/2026-06-30,KEYWORD_MISLEADING_INFO_CONSUMER_RIGHTS,,LT
All,Google Maps,2026-01-01/2026-06-30,KEYWORD_NONCOMPLIANCE_PRICING,,LT
All,Google Maps,2026-01-01/2026-06-30,KEYWORD_OTHER,CONSUMER_PROTECTION,LT
All,Google Maps,2026-01-01/2026-06-30,KEYWORD_OTHER,MISREPRESENTATION,LT
All,Google Maps,2026-01-01/2026-06-30,STATEMENT_CATEGORY_CYBER_VIOLENCE,,LT
All,Google Maps,2026-01-01/2026-06-30,KEYWORD_CYBER_BULLYING_INTIMIDATION,,LT
All,Google Maps,2026-01-01/2026-06-30,KEYWORD_CYBER_HARASSMENT,,LT
All,Google Maps,2026-01-01/2026-06-30,KEYWORD_CYBER_INCITEMENT,,LT
All,Google Maps,2026-01-01/2026-06-30,KEYWORD_CYBER_STALKING,,LT
All,Google Maps,2026-01-01/2026-06-30,KEYWORD_NON_CONSENSUAL_IMAGE_SHARING,,LT
All,Google Maps,2026-01-01/2026-06-30,KEYWORD_NON_CONSENSUAL_MATERIAL_DEEPFAKE,,LT
All,Google Maps,2026-01-01/2026-06-30,KEYWORD_OTHER,DOXING,LT
All,Google Maps,2026-01-01/2026-06-30,KEYWORD_OTHER,HARASSMENT,LT
All,Google Maps,2026-01-01/2026-06-30,KEYWORD_OTHER,HARASSMENT_AND_CYBERBULLYING,LT
All,Google Maps,2026-01-01/2026-06-30,KEYWORD_OTHER,HARMFUL_ACTIVITIES,LT
All,Google Maps,2026-01-01/2026-06-30,KEYWORD_OTHER,SEXUAL_HARASSMENT,LT
All,Google Maps,2026-01-01/2026-06-30,KEYWORD_OTHER,OBSCENITY_OR_PORNOGRAPHY,LT
All,Google Maps,2026-01-01/2026-06-30,KEYWORD_OTHER,UNSAFE_CONTENT,LT
All,Google Maps,2026-01-01/2026-06-30,STATEMENT_CATEGORY_CYBER_VIOLENCE_AGAINST_WOMEN,,LT
All,Google Maps,2026-01-01/2026-06-30,KEYWORD_BULLYING_AGAINST_GIRLS,,LT
All,Google Maps,2026-01-01/2026-06-30,KEYWORD_CYBER_HARASSMENT_AGAINST_WOMEN,,LT
All,Google Maps,2026-01-01/2026-06-30,KEYWORD_CYBER_STALKING_AGAINST_WOMEN,,LT
All,Google Maps,2026-01-01/2026-06-30,KEYWORD_FEMALE_GENDERED_DISINFORMATION,,LT
All,Google Maps,2026-01-01/2026-06-30,KEYWORD_INCITEMENT_AGAINST_WOMEN,,LT
All,Google Maps,2026-01-01/2026-06-30,KEYWORD_NON_CONSENSUAL_IMAGE_SHARING_AGAINST_WOMEN,,LT
All,Google Maps,2026-01-01/2026-06-30,KEYWORD_NON_CONSENSUAL_MATERIAL_DEEPFAKE_AGAINST_WOMEN,,LT
All,Google Maps,2026-01-01/2026-06-30,KEYWORD_OTHER,"Text to detail the ""Other"" keyword.",LT
All,Google Maps,2026-01-01/2026-06-30,STATEMENT_CATEGORY_DATA_PROTECTION_AND_PRIVACY_VIOLATIONS,,LT
All,Google Maps,2026-01-01/2026-06-30,KEYWORD_BIOMETRIC_DATA_BREACH,,LT
All,Google Maps,2026-01-01/2026-06-30,KEYWORD_DATA_FALSIFICATION,,LT
All,Google Maps,2026-01-01/2026-06-30,KEYWORD_MISSING_PROCESSING_GROUND,,LT
All,Google Maps,2026-01-01/2026-06-30,KEYWORD_RIGHT_TO_BE_FORGOTTEN,,LT
All,Google Maps,2026-01-01/2026-06-30,KEYWORD_OTHER,DATA_COLLECTION_AND_USE,LT
All,Google Maps,2026-01-01/2026-06-30,KEYWORD_OTHER,DISCLOSURE_AND_CONSENT_PRACTICES,LT
All,Google Maps,2026-01-01/2026-06-30,KEYWORD_OTHER,GDPR,LT
All,Google Maps,2026-01-01/2026-06-30,KEYWORD_OTHER,PERSONAL_INFORMATION,LT
All,Google Maps,2026-01-01/2026-06-30,KEYWORD_OTHER,PERSONAL_RIGHTS,LT
All,Google Maps,2026-01-01/2026-06-30,KEYWORD_OTHER,PERSONALIZED_ADVERTISING,LT
All,Google Maps,2026-01-01/2026-06-30,KEYWORD_OTHER,PRIVACY,LT
All,Google Maps,2026-01-01/2026-06-30,KEYWORD_OTHER,PRIVACY_POLICY,LT
All,Google Maps,2026-01-01/2026-06-30,KEYWORD_OTHER,UNSECURE_DATA_HANDLING,LT
All,Google Maps,2026-01-01/2026-06-30,STATEMENT_CATEGORY_ILLEGAL_OR_HARMFUL_SPEECH,,LT
All,Google Maps,2026-01-01/2026-06-30,KEYWORD_DEFAMATION,,LT
All,Google Maps,2026-01-01/2026-06-30,KEYWORD_DISCRIMINATION,,LT
All,Google Maps,2026-01-01/2026-06-30,KEYWORD_HATE_SPEECH,,LT
All,Google Maps,2026-01-01/2026-06-30,KEYWORD_OTHER,HATEFUL_OR_ABUSIVE,LT
All,Google Maps,2026-01-01/2026-06-30,KEYWORD_OTHER,ILLEGAL_OR_HARMFUL_SPEECH,LT
All,Google Maps,2026-01-01/2026-06-30,KEYWORD_OTHER,OBSCENITY_AND_PROFANITY,LT
All,Google Maps,2026-01-01/2026-06-30,KEYWORD_OTHER,OFFENSIVE_CONTENT,LT
All,Google Maps,2026-01-01/2026-06-30,KEYWORD_OTHER,UNSAFE_CONTENT,LT
All,Google Maps,2026-01-01/2026-06-30,STATEMENT_CATEGORY_INTELLECTUAL_PROPERTY_INFRINGEMENTS,,LT
All,Google Maps,2026-01-01/2026-06-30,KEYWORD_COPYRIGHT_INFRINGEMENT,,LT
All,Google Maps,2026-01-01/2026-06-30,KEYWORD_DESIGN_INFRINGEMENT,,LT
All,Google Maps,2026-01-01/2026-06-30,KEYWORD_GEOGRAPHIC_INDICATIONS_INFRINGEMENT,,LT
All,Google Maps,2026-01-01/2026-06-30,KEYWORD_PATENT_INFRINGEMENT,,LT
All,Google Maps,2026-01-01/2026-06-30,KEYWORD_TRADE_SECRET_INFRINGEMENT,,LT
All,Google Maps,2026-01-01/2026-06-30,KEYWORD_TRADEMARK_INFRINGEMENT,,LT
All,Google Maps,2026-01-01/2026-06-30,KEYWORD_OTHER,CIRCUMVENTION,LT
All,Google Maps,2026-01-01/2026-06-30,KEYWORD_OTHER,INTELLECTUAL PROPERTY,LT
All,Google Maps,2026-01-01/2026-06-30,STATEMENT_CATEGORY_NEGATIVE_EFFECTS_ON_CIVIC_DISCOURSE_OR_ELECTIONS,,LT
All,Google Maps,2026-01-01/2026-06-30,KEYWORD_MISINFORMATION_DISINFORMATION,,LT
All,Google Maps,2026-01-01/2026-06-30,KEYWORD_VIOLATION_EU_LAW,,LT
All,Google Maps,2026-01-01/2026-06-30,KEYWORD_VIOLATION_NATIONAL_LAW,,LT
All,Google Maps,2026-01-01/2026-06-30,KEYWORD_OTHER,ELECTORAL,LT
All,Google Maps,2026-01-01/2026-06-30,KEYWORD_OTHER,HACKED_POLITICAL_MATERIALS,LT
All,Google Maps,2026-01-01/2026-06-30,KEYWORD_OTHER,POLITICAL_CONTENT,LT
All,Google Maps,2026-01-01/2026-06-30,KEYWORD_OTHER,SOCIAL_STABILITY,LT
All,Google Maps,2026-01-01/2026-06-30,KEYWORD_OTHER,SOCIETAL_VALUES,LT
All,Google Maps,2026-01-01/2026-06-30,STATEMENT_CATEGORY_PROTECTION_OF_MINORS,,LT
All,Google Maps,2026-01-01/2026-06-30,KEYWORD_AGE_SPECIFIC_RESTRICTIONS_MINORS,,LT
All,Google Maps,2026-01-01/2026-06-30,KEYWORD_CHILD_SEXUAL_ABUSE_MATERIAL,,LT
All,Google Maps,2026-01-01/2026-06-30,KEYWORD_CHILD_SEXUAL_ABUSE_MATERIAL_DEEPFAKE,,LT
All,Google Maps,2026-01-01/2026-06-30,KEYWORD_GROOMING_SEXUAL_ENTICEMENT_MINORS,,LT
All,Google Maps,2026-01-01/2026-06-30,KEYWORD_UNSAFE_CHALLENGES,,LT
All,Google Maps,2026-01-01/2026-06-30,KEYWORD_OTHER,CHILD_ENDANGERMENT,LT
All,Google Maps,2026-01-01/2026-06-30,KEYWORD_OTHER,CHILD_SAFETY,LT
All,Google Maps,2026-01-01/2026-06-30,KEYWORD_OTHER,HARMFUL_OR_DANGEROUS_ACTS_CHALLENGES_AND_PRANKS,LT
All,Google Maps,2026-01-01/2026-06-30,KEYWORD_OTHER,KNOWN_SERIES,LT
All,Google Maps,2026-01-01/2026-06-30,KEYWORD_OTHER,PROTECTION_OF_MINORS,LT
All,Google Maps,2026-01-01/2026-06-30,KEYWORD_OTHER,UNAUTHORIZED_IMAGE_OF_MINORS,LT
All,Google Maps,2026-01-01/2026-06-30,STATEMENT_CATEGORY_RISK_FOR_PUBLIC_SECURITY,,LT
All,Google Maps,2026-01-01/2026-06-30,KEYWORD_ILLEGAL_ORGANIZATIONS,,LT
All,Google Maps,2026-01-01/2026-06-30,KEYWORD_RISK_ENVIRONMENTAL_DAMAGE,,LT
All,Google Maps,2026-01-01/2026-06-30,KEYWORD_RISK_PUBLIC_HEALTH,,LT
All,Google Maps,2026-01-01/2026-06-30,KEYWORD_TERRORIST_CONTENT,,LT
All,Google Maps,2026-01-01/2026-06-30,KEYWORD_OTHER,COURT_ORDER,LT
All,Google Maps,2026-01-01/2026-06-30,KEYWORD_OTHER,RISK_FOR_PUBLIC_SECURITY,LT
All,Google Maps,2026-01-01/2026-06-30,KEYWORD_OTHER,SENSITIVE_EVENTS,LT
All,Google Maps,2026-01-01/2026-06-30,KEYWORD_OTHER,VIOLENT_EXTREMISM,LT
All,Google Maps,2026-01-01/2026-06-30,KEYWORD_OTHER,WRONGFUL_OR_UNAUTHORIZED_USE_OF_SYMBOLS,LT
All,Google Maps,2026-01-01/2026-06-30,STATEMENT_CATEGORY_SCAMS_AND_FRAUD,,LT
All,Google Maps,2026-01-01/2026-06-30,KEYWORD_IMPERSONATION_ACCOUNT_HIJACKING,,LT
All,Google Maps,2026-01-01/2026-06-30,KEYWORD_INAUTHENTIC_ACCOUNTS,,LT
All,Google Maps,2026-01-01/2026-06-30,KEYWORD_INAUTHENTIC_LISTINGS,,LT
All,Google Maps,2026-01-01/2026-06-30,KEYWORD_INAUTHENTIC_USER_REVIEWS,,LT
All,Google Maps,2026-01-01/2026-06-30,KEYWORD_PHISHING,,LT
All,Google Maps,2026-01-01/2026-06-30,KEYWORD_PYRAMID_SCHEMES,,LT
All,Google Maps,2026-01-01/2026-06-30,KEYWORD_OTHER,AD_FRAUD_POLICY,LT
All,Google Maps,2026-01-01/2026-06-30,KEYWORD_OTHER,ENCOURAGEMENT_OF_DIGITAL_SECURITY_OR_TERMS_OF_SERVICE_VIOLATIONS,LT
All,Google Maps,2026-01-01/2026-06-30,KEYWORD_OTHER,FRAUD,LT
All,Google Maps,2026-01-01/2026-06-30,KEYWORD_OTHER,MALWARE,LT
All,Google Maps,2026-01-01/2026-06-30,KEYWORD_OTHER,MALWARE_AND_PHISHING,LT
All,Google Maps,2026-01-01/2026-06-30,KEYWORD_OTHER,MALWARE_AND_SYSTEM_CIRCUMVENTION,LT
All,Google Maps,2026-01-01/2026-06-30,KEYWORD_OTHER,MISREPRESENTATION,LT
All,Google Maps,2026-01-01/2026-06-30,KEYWORD_OTHER,SCAMS,LT
All,Google Maps,2026-01-01/2026-06-30,KEYWORD_OTHER,SOCIAL_ENGINEERING_TACTICS,LT
All,Google Maps,2026-01-01/2026-06-30,STATEMENT_CATEGORY_SELF_HARM,,LT
All,Google Maps,2026-01-01/2026-06-30,KEYWORD_CONTENT_PROMOTING_EATING_DISORDERS,,LT
All,Google Maps,2026-01-01/2026-06-30,KEYWORD_SELF_MUTILATION,,LT
All,Google Maps,2026-01-01/2026-06-30,KEYWORD_SUICIDE,,LT
All,Google Maps,2026-01-01/2026-06-30,KEYWORD_OTHER,SELF_HARM,LT
All,Google Maps,2026-01-01/2026-06-30,KEYWORD_OTHER,SUICIDE_AND_SELF_HARM,LT
All,Google Maps,2026-01-01/2026-06-30,STATEMENT_CATEGORY_UNSAFE_AND_PROHIBITED_PRODUCTS,,LT
All,Google Maps,2026-01-01/2026-06-30,KEYWORD_PROHIBITED_PRODUCTS,,LT
All,Google Maps,2026-01-01/2026-06-30,KEYWORD_UNSAFE_PRODUCTS,,LT
All,Google Maps,2026-01-01/2026-06-30,KEYWORD_OTHER,COURT_ORDER,LT
All,Google Maps,2026-01-01/2026-06-30,KEYWORD_OTHER,ENABLING_DISHONEST_BEHAVIOR,LT
All,Google Maps,2026-01-01/2026-06-30,KEYWORD_OTHER,FIREARMS_AND_ILLEGAL_REGULATED_GOODS_OR_SERVICES,LT
All,Google Maps,2026-01-01/2026-06-30,KEYWORD_OTHER,OTHER_LEGAL_NOTICES_OR_ORDERS,LT
All,Google Maps,2026-01-01/2026-06-30,KEYWORD_OTHER,UNAUTHORIZED_PHARMACIES,LT
All,Google Maps,2026-01-01/2026-06-30,STATEMENT_CATEGORY_VIOLENCE,,LT
All,Google Maps,2026-01-01/2026-06-30,KEYWORD_COORDINATED_HARM,,LT
All,Google Maps,2026-01-01/2026-06-30,KEYWORD_INCITEMENT_VIOLENCE_HATRED,,LT
All,Google Maps,2026-01-01/2026-06-30,KEYWORD_HUMAN_EXPLOITATION,,LT
All,Google Maps,2026-01-01/2026-06-30,KEYWORD_HUMAN_TRAFFICKING,,LT
All,Google Maps,2026-01-01/2026-06-30,KEYWORD_TRAFFICKING_WOMEN_GIRLS,,LT
All,Google Maps,2026-01-01/2026-06-30,KEYWORD_OTHER,DEPICTION_OF VIOLENCE,LT
All,Google Maps,2026-01-01/2026-06-30,KEYWORD_OTHER,SHOCKING_CONTENT,LT
All,Google Maps,2026-01-01/2026-06-30,KEYWORD_OTHER,VIOLENT_OR_GRAPHIC_CONTENT,LT
All,Google Maps,2026-01-01/2026-06-30,STATEMENT_CATEGORY_NOT_SPECIFIED_ORDER,,LT
All,Google Maps,2026-01-01/2026-06-30,TOTAL,,LU
All,Google Maps,2026-01-01/2026-06-30,STATEMENT_CATEGORY_ANIMAL_WELFARE,,LU
All,Google Maps,2026-01-01/2026-06-30,KEYWORD_ANIMAL_HARM,,LU
All,Google Maps,2026-01-01/2026-06-30,KEYWORD_UNLAWFUL_SALE_ANIMALS,,LU
All,Google Maps,2026-01-01/2026-06-30,KEYWORD_OTHER,ANIMAL_CRUELTY,LU
All,Google Maps,2026-01-01/2026-06-30,KEYWORD_OTHER,ANIMAL_HARM_AND_UNLAWFUL_SALE,LU
All,Google Maps,2026-01-01/2026-06-30,STATEMENT_CATEGORY_CONSUMER_INFORMATION,,LU
All,Google Maps,2026-01-01/2026-06-30,KEYWORD_HIDDEN_ADVERTISEMENT,,LU
All,Google Maps,2026-01-01/2026-06-30,KEYWORD_INSUFFICIENT_INFORMATION_ON_TRADERS,,LU
All,Google Maps,2026-01-01/2026-06-30,KEYWORD_MISLEADING_INFO_GOODS_SERVICES,,LU
All,Google Maps,2026-01-01/2026-06-30,KEYWORD_MISLEADING_INFO_CONSUMER_RIGHTS,,LU
All,Google Maps,2026-01-01/2026-06-30,KEYWORD_NONCOMPLIANCE_PRICING,,LU
All,Google Maps,2026-01-01/2026-06-30,KEYWORD_OTHER,CONSUMER_PROTECTION,LU
All,Google Maps,2026-01-01/2026-06-30,KEYWORD_OTHER,MISREPRESENTATION,LU
All,Google Maps,2026-01-01/2026-06-30,STATEMENT_CATEGORY_CYBER_VIOLENCE,,LU
All,Google Maps,2026-01-01/2026-06-30,KEYWORD_CYBER_BULLYING_INTIMIDATION,,LU
All,Google Maps,2026-01-01/2026-06-30,KEYWORD_CYBER_HARASSMENT,,LU
All,Google Maps,2026-01-01/2026-06-30,KEYWORD_CYBER_INCITEMENT,,LU
All,Google Maps,2026-01-01/2026-06-30,KEYWORD_CYBER_STALKING,,LU
All,Google Maps,2026-01-01/2026-06-30,KEYWORD_NON_CONSENSUAL_IMAGE_SHARING,,LU
All,Google Maps,2026-01-01/2026-06-30,KEYWORD_NON_CONSENSUAL_MATERIAL_DEEPFAKE,,LU
All,Google Maps,2026-01-01/2026-06-30,KEYWORD_OTHER,DOXING,LU
All,Google Maps,2026-01-01/2026-06-30,KEYWORD_OTHER,HARASSMENT,LU
All,Google Maps,2026-01-01/2026-06-30,KEYWORD_OTHER,HARASSMENT_AND_CYBERBULLYING,LU
All,Google Maps,2026-01-01/2026-06-30,KEYWORD_OTHER,HARMFUL_ACTIVITIES,LU
All,Google Maps,2026-01-01/2026-06-30,KEYWORD_OTHER,SEXUAL_HARASSMENT,LU
All,Google Maps,2026-01-01/2026-06-30,KEYWORD_OTHER,OBSCENITY_OR_PORNOGRAPHY,LU
All,Google Maps,2026-01-01/2026-06-30,KEYWORD_OTHER,UNSAFE_CONTENT,LU
All,Google Maps,2026-01-01/2026-06-30,STATEMENT_CATEGORY_CYBER_VIOLENCE_AGAINST_WOMEN,,LU
All,Google Maps,2026-01-01/2026-06-30,KEYWORD_BULLYING_AGAINST_GIRLS,,LU
All,Google Maps,2026-01-01/2026-06-30,KEYWORD_CYBER_HARASSMENT_AGAINST_WOMEN,,LU
All,Google Maps,2026-01-01/2026-06-30,KEYWORD_CYBER_STALKING_AGAINST_WOMEN,,LU
All,Google Maps,2026-01-01/2026-06-30,KEYWORD_FEMALE_GENDERED_DISINFORMATION,,LU
All,Google Maps,2026-01-01/2026-06-30,KEYWORD_INCITEMENT_AGAINST_WOMEN,,LU
All,Google Maps,2026-01-01/2026-06-30,KEYWORD_NON_CONSENSUAL_IMAGE_SHARING_AGAINST_WOMEN,,LU
All,Google Maps,2026-01-01/2026-06-30,KEYWORD_NON_CONSENSUAL_MATERIAL_DEEPFAKE_AGAINST_WOMEN,,LU
All,Google Maps,2026-01-01/2026-06-30,KEYWORD_OTHER,"Text to detail the ""Other"" keyword.",LU
All,Google Maps,2026-01-01/2026-06-30,STATEMENT_CATEGORY_DATA_PROTECTION_AND_PRIVACY_VIOLATIONS,,LU
All,Google Maps,2026-01-01/2026-06-30,KEYWORD_BIOMETRIC_DATA_BREACH,,LU
All,Google Maps,2026-01-01/2026-06-30,KEYWORD_DATA_FALSIFICATION,,LU
All,Google Maps,2026-01-01/2026-06-30,KEYWORD_MISSING_PROCESSING_GROUND,,LU
All,Google Maps,2026-01-01/2026-06-30,KEYWORD_RIGHT_TO_BE_FORGOTTEN,,LU
All,Google Maps,2026-01-01/2026-06-30,KEYWORD_OTHER,DATA_COLLECTION_AND_USE,LU
All,Google Maps,2026-01-01/2026-06-30,KEYWORD_OTHER,DISCLOSURE_AND_CONSENT_PRACTICES,LU
All,Google Maps,2026-01-01/2026-06-30,KEYWORD_OTHER,GDPR,LU
All,Google Maps,2026-01-01/2026-06-30,KEYWORD_OTHER,PERSONAL_INFORMATION,LU
All,Google Maps,2026-01-01/2026-06-30,KEYWORD_OTHER,PERSONAL_RIGHTS,LU
All,Google Maps,2026-01-01/2026-06-30,KEYWORD_OTHER,PERSONALIZED_ADVERTISING,LU
All,Google Maps,2026-01-01/2026-06-30,KEYWORD_OTHER,PRIVACY,LU
All,Google Maps,2026-01-01/2026-06-30,KEYWORD_OTHER,PRIVACY_POLICY,LU
All,Google Maps,2026-01-01/2026-06-30,KEYWORD_OTHER,UNSECURE_DATA_HANDLING,LU
All,Google Maps,2026-01-01/2026-06-30,STATEMENT_CATEGORY_ILLEGAL_OR_HARMFUL_SPEECH,,LU
All,Google Maps,2026-01-01/2026-06-30,KEYWORD_DEFAMATION,,LU
All,Google Maps,2026-01-01/2026-06-30,KEYWORD_DISCRIMINATION,,LU
All,Google Maps,2026-01-01/2026-06-30,KEYWORD_HATE_SPEECH,,LU
All,Google Maps,2026-01-01/2026-06-30,KEYWORD_OTHER,HATEFUL_OR_ABUSIVE,LU
All,Google Maps,2026-01-01/2026-06-30,KEYWORD_OTHER,ILLEGAL_OR_HARMFUL_SPEECH,LU
All,Google Maps,2026-01-01/2026-06-30,KEYWORD_OTHER,OBSCENITY_AND_PROFANITY,LU
All,Google Maps,2026-01-01/2026-06-30,KEYWORD_OTHER,OFFENSIVE_CONTENT,LU
All,Google Maps,2026-01-01/2026-06-30,KEYWORD_OTHER,UNSAFE_CONTENT,LU
All,Google Maps,2026-01-01/2026-06-30,STATEMENT_CATEGORY_INTELLECTUAL_PROPERTY_INFRINGEMENTS,,LU
All,Google Maps,2026-01-01/2026-06-30,KEYWORD_COPYRIGHT_INFRINGEMENT,,LU
All,Google Maps,2026-01-01/2026-06-30,KEYWORD_DESIGN_INFRINGEMENT,,LU
All,Google Maps,2026-01-01/2026-06-30,KEYWORD_GEOGRAPHIC_INDICATIONS_INFRINGEMENT,,LU
All,Google Maps,2026-01-01/2026-06-30,KEYWORD_PATENT_INFRINGEMENT,,LU
All,Google Maps,2026-01-01/2026-06-30,KEYWORD_TRADE_SECRET_INFRINGEMENT,,LU
All,Google Maps,2026-01-01/2026-06-30,KEYWORD_TRADEMARK_INFRINGEMENT,,LU
All,Google Maps,2026-01-01/2026-06-30,KEYWORD_OTHER,CIRCUMVENTION,LU
All,Google Maps,2026-01-01/2026-06-30,KEYWORD_OTHER,INTELLECTUAL PROPERTY,LU
All,Google Maps,2026-01-01/2026-06-30,STATEMENT_CATEGORY_NEGATIVE_EFFECTS_ON_CIVIC_DISCOURSE_OR_ELECTIONS,,LU
All,Google Maps,2026-01-01/2026-06-30,KEYWORD_MISINFORMATION_DISINFORMATION,,LU
All,Google Maps,2026-01-01/2026-06-30,KEYWORD_VIOLATION_EU_LAW,,LU
All,Google Maps,2026-01-01/2026-06-30,KEYWORD_VIOLATION_NATIONAL_LAW,,LU
All,Google Maps,2026-01-01/2026-06-30,KEYWORD_OTHER,ELECTORAL,LU
All,Google Maps,2026-01-01/2026-06-30,KEYWORD_OTHER,HACKED_POLITICAL_MATERIALS,LU
All,Google Maps,2026-01-01/2026-06-30,KEYWORD_OTHER,POLITICAL_CONTENT,LU
All,Google Maps,2026-01-01/2026-06-30,KEYWORD_OTHER,SOCIAL_STABILITY,LU
All,Google Maps,2026-01-01/2026-06-30,KEYWORD_OTHER,SOCIETAL_VALUES,LU
All,Google Maps,2026-01-01/2026-06-30,STATEMENT_CATEGORY_PROTECTION_OF_MINORS,,LU
All,Google Maps,2026-01-01/2026-06-30,KEYWORD_AGE_SPECIFIC_RESTRICTIONS_MINORS,,LU
All,Google Maps,2026-01-01/2026-06-30,KEYWORD_CHILD_SEXUAL_ABUSE_MATERIAL,,LU
All,Google Maps,2026-01-01/2026-06-30,KEYWORD_CHILD_SEXUAL_ABUSE_MATERIAL_DEEPFAKE,,LU
All,Google Maps,2026-01-01/2026-06-30,KEYWORD_GROOMING_SEXUAL_ENTICEMENT_MINORS,,LU
All,Google Maps,2026-01-01/2026-06-30,KEYWORD_UNSAFE_CHALLENGES,,LU
All,Google Maps,2026-01-01/2026-06-30,KEYWORD_OTHER,CHILD_ENDANGERMENT,LU
All,Google Maps,2026-01-01/2026-06-30,KEYWORD_OTHER,CHILD_SAFETY,LU
All,Google Maps,2026-01-01/2026-06-30,KEYWORD_OTHER,HARMFUL_OR_DANGEROUS_ACTS_CHALLENGES_AND_PRANKS,LU
All,Google Maps,2026-01-01/2026-06-30,KEYWORD_OTHER,KNOWN_SERIES,LU
All,Google Maps,2026-01-01/2026-06-30,KEYWORD_OTHER,PROTECTION_OF_MINORS,LU
All,Google Maps,2026-01-01/2026-06-30,KEYWORD_OTHER,UNAUTHORIZED_IMAGE_OF_MINORS,LU
All,Google Maps,2026-01-01/2026-06-30,STATEMENT_CATEGORY_RISK_FOR_PUBLIC_SECURITY,,LU
All,Google Maps,2026-01-01/2026-06-30,KEYWORD_ILLEGAL_ORGANIZATIONS,,LU
All,Google Maps,2026-01-01/2026-06-30,KEYWORD_RISK_ENVIRONMENTAL_DAMAGE,,LU
All,Google Maps,2026-01-01/2026-06-30,KEYWORD_RISK_PUBLIC_HEALTH,,LU
All,Google Maps,2026-01-01/2026-06-30,KEYWORD_TERRORIST_CONTENT,,LU
All,Google Maps,2026-01-01/2026-06-30,KEYWORD_OTHER,COURT_ORDER,LU
All,Google Maps,2026-01-01/2026-06-30,KEYWORD_OTHER,RISK_FOR_PUBLIC_SECURITY,LU
All,Google Maps,2026-01-01/2026-06-30,KEYWORD_OTHER,SENSITIVE_EVENTS,LU
All,Google Maps,2026-01-01/2026-06-30,KEYWORD_OTHER,VIOLENT_EXTREMISM,LU
All,Google Maps,2026-01-01/2026-06-30,KEYWORD_OTHER,WRONGFUL_OR_UNAUTHORIZED_USE_OF_SYMBOLS,LU
All,Google Maps,2026-01-01/2026-06-30,STATEMENT_CATEGORY_SCAMS_AND_FRAUD,,LU
All,Google Maps,2026-01-01/2026-06-30,KEYWORD_IMPERSONATION_ACCOUNT_HIJACKING,,LU
All,Google Maps,2026-01-01/2026-06-30,KEYWORD_INAUTHENTIC_ACCOUNTS,,LU
All,Google Maps,2026-01-01/2026-06-30,KEYWORD_INAUTHENTIC_LISTINGS,,LU
All,Google Maps,2026-01-01/2026-06-30,KEYWORD_INAUTHENTIC_USER_REVIEWS,,LU
All,Google Maps,2026-01-01/2026-06-30,KEYWORD_PHISHING,,LU
All,Google Maps,2026-01-01/2026-06-30,KEYWORD_PYRAMID_SCHEMES,,LU
All,Google Maps,2026-01-01/2026-06-30,KEYWORD_OTHER,AD_FRAUD_POLICY,LU
All,Google Maps,2026-01-01/2026-06-30,KEYWORD_OTHER,ENCOURAGEMENT_OF_DIGITAL_SECURITY_OR_TERMS_OF_SERVICE_VIOLATIONS,LU
All,Google Maps,2026-01-01/2026-06-30,KEYWORD_OTHER,FRAUD,LU
All,Google Maps,2026-01-01/2026-06-30,KEYWORD_OTHER,MALWARE,LU
All,Google Maps,2026-01-01/2026-06-30,KEYWORD_OTHER,MALWARE_AND_PHISHING,LU
All,Google Maps,2026-01-01/2026-06-30,KEYWORD_OTHER,MALWARE_AND_SYSTEM_CIRCUMVENTION,LU
All,Google Maps,2026-01-01/2026-06-30,KEYWORD_OTHER,MISREPRESENTATION,LU
All,Google Maps,2026-01-01/2026-06-30,KEYWORD_OTHER,SCAMS,LU
All,Google Maps,2026-01-01/2026-06-30,KEYWORD_OTHER,SOCIAL_ENGINEERING_TACTICS,LU
All,Google Maps,2026-01-01/2026-06-30,STATEMENT_CATEGORY_SELF_HARM,,LU
All,Google Maps,2026-01-01/2026-06-30,KEYWORD_CONTENT_PROMOTING_EATING_DISORDERS,,LU
All,Google Maps,2026-01-01/2026-06-30,KEYWORD_SELF_MUTILATION,,LU
All,Google Maps,2026-01-01/2026-06-30,KEYWORD_SUICIDE,,LU
All,Google Maps,2026-01-01/2026-06-30,KEYWORD_OTHER,SELF_HARM,LU
All,Google Maps,2026-01-01/2026-06-30,KEYWORD_OTHER,SUICIDE_AND_SELF_HARM,LU
All,Google Maps,2026-01-01/2026-06-30,STATEMENT_CATEGORY_UNSAFE_AND_PROHIBITED_PRODUCTS,,LU
All,Google Maps,2026-01-01/2026-06-30,KEYWORD_PROHIBITED_PRODUCTS,,LU
All,Google Maps,2026-01-01/2026-06-30,KEYWORD_UNSAFE_PRODUCTS,,LU
All,Google Maps,2026-01-01/2026-06-30,KEYWORD_OTHER,COURT_ORDER,LU
All,Google Maps,2026-01-01/2026-06-30,KEYWORD_OTHER,ENABLING_DISHONEST_BEHAVIOR,LU
All,Google Maps,2026-01-01/2026-06-30,KEYWORD_OTHER,FIREARMS_AND_ILLEGAL_REGULATED_GOODS_OR_SERVICES,LU
All,Google Maps,2026-01-01/2026-06-30,KEYWORD_OTHER,OTHER_LEGAL_NOTICES_OR_ORDERS,LU
All,Google Maps,2026-01-01/2026-06-30,KEYWORD_OTHER,UNAUTHORIZED_PHARMACIES,LU
All,Google Maps,2026-01-01/2026-06-30,STATEMENT_CATEGORY_VIOLENCE,,LU
All,Google Maps,2026-01-01/2026-06-30,KEYWORD_COORDINATED_HARM,,LU
All,Google Maps,2026-01-01/2026-06-30,KEYWORD_INCITEMENT_VIOLENCE_HATRED,,LU
All,Google Maps,2026-01-01/2026-06-30,KEYWORD_HUMAN_EXPLOITATION,,LU
All,Google Maps,2026-01-01/2026-06-30,KEYWORD_HUMAN_TRAFFICKING,,LU
All,Google Maps,2026-01-01/2026-06-30,KEYWORD_TRAFFICKING_WOMEN_GIRLS,,LU
All,Google Maps,2026-01-01/2026-06-30,KEYWORD_OTHER,DEPICTION_OF VIOLENCE,LU
All,Google Maps,2026-01-01/2026-06-30,KEYWORD_OTHER,SHOCKING_CONTENT,LU
All,Google Maps,2026-01-01/2026-06-30,KEYWORD_OTHER,VIOLENT_OR_GRAPHIC_CONTENT,LU
All,Google Maps,2026-01-01/2026-06-30,STATEMENT_CATEGORY_NOT_SPECIFIED_ORDER,,LU
All,Google Maps,2026-01-01/2026-06-30,TOTAL,,MT
All,Google Maps,2026-01-01/2026-06-30,STATEMENT_CATEGORY_ANIMAL_WELFARE,,MT
All,Google Maps,2026-01-01/2026-06-30,KEYWORD_ANIMAL_HARM,,MT
All,Google Maps,2026-01-01/2026-06-30,KEYWORD_UNLAWFUL_SALE_ANIMALS,,MT
All,Google Maps,2026-01-01/2026-06-30,KEYWORD_OTHER,ANIMAL_CRUELTY,MT
All,Google Maps,2026-01-01/2026-06-30,KEYWORD_OTHER,ANIMAL_HARM_AND_UNLAWFUL_SALE,MT
All,Google Maps,2026-01-01/2026-06-30,STATEMENT_CATEGORY_CONSUMER_INFORMATION,,MT
All,Google Maps,2026-01-01/2026-06-30,KEYWORD_HIDDEN_ADVERTISEMENT,,MT
All,Google Maps,2026-01-01/2026-06-30,KEYWORD_INSUFFICIENT_INFORMATION_ON_TRADERS,,MT
All,Google Maps,2026-01-01/2026-06-30,KEYWORD_MISLEADING_INFO_GOODS_SERVICES,,MT
All,Google Maps,2026-01-01/2026-06-30,KEYWORD_MISLEADING_INFO_CONSUMER_RIGHTS,,MT
All,Google Maps,2026-01-01/2026-06-30,KEYWORD_NONCOMPLIANCE_PRICING,,MT
All,Google Maps,2026-01-01/2026-06-30,KEYWORD_OTHER,CONSUMER_PROTECTION,MT
All,Google Maps,2026-01-01/2026-06-30,KEYWORD_OTHER,MISREPRESENTATION,MT
All,Google Maps,2026-01-01/2026-06-30,STATEMENT_CATEGORY_CYBER_VIOLENCE,,MT
All,Google Maps,2026-01-01/2026-06-30,KEYWORD_CYBER_BULLYING_INTIMIDATION,,MT
All,Google Maps,2026-01-01/2026-06-30,KEYWORD_CYBER_HARASSMENT,,MT
All,Google Maps,2026-01-01/2026-06-30,KEYWORD_CYBER_INCITEMENT,,MT
All,Google Maps,2026-01-01/2026-06-30,KEYWORD_CYBER_STALKING,,MT
All,Google Maps,2026-01-01/2026-06-30,KEYWORD_NON_CONSENSUAL_IMAGE_SHARING,,MT
All,Google Maps,2026-01-01/2026-06-30,KEYWORD_NON_CONSENSUAL_MATERIAL_DEEPFAKE,,MT
All,Google Maps,2026-01-01/2026-06-30,KEYWORD_OTHER,DOXING,MT
All,Google Maps,2026-01-01/2026-06-30,KEYWORD_OTHER,HARASSMENT,MT
All,Google Maps,2026-01-01/2026-06-30,KEYWORD_OTHER,HARASSMENT_AND_CYBERBULLYING,MT
All,Google Maps,2026-01-01/2026-06-30,KEYWORD_OTHER,HARMFUL_ACTIVITIES,MT
All,Google Maps,2026-01-01/2026-06-30,KEYWORD_OTHER,SEXUAL_HARASSMENT,MT
All,Google Maps,2026-01-01/2026-06-30,KEYWORD_OTHER,OBSCENITY_OR_PORNOGRAPHY,MT
All,Google Maps,2026-01-01/2026-06-30,KEYWORD_OTHER,UNSAFE_CONTENT,MT
All,Google Maps,2026-01-01/2026-06-30,STATEMENT_CATEGORY_CYBER_VIOLENCE_AGAINST_WOMEN,,MT
All,Google Maps,2026-01-01/2026-06-30,KEYWORD_BULLYING_AGAINST_GIRLS,,MT
All,Google Maps,2026-01-01/2026-06-30,KEYWORD_CYBER_HARASSMENT_AGAINST_WOMEN,,MT
All,Google Maps,2026-01-01/2026-06-30,KEYWORD_CYBER_STALKING_AGAINST_WOMEN,,MT
All,Google Maps,2026-01-01/2026-06-30,KEYWORD_FEMALE_GENDERED_DISINFORMATION,,MT
All,Google Maps,2026-01-01/2026-06-30,KEYWORD_INCITEMENT_AGAINST_WOMEN,,MT
All,Google Maps,2026-01-01/2026-06-30,KEYWORD_NON_CONSENSUAL_IMAGE_SHARING_AGAINST_WOMEN,,MT
All,Google Maps,2026-01-01/2026-06-30,KEYWORD_NON_CONSENSUAL_MATERIAL_DEEPFAKE_AGAINST_WOMEN,,MT
All,Google Maps,2026-01-01/2026-06-30,KEYWORD_OTHER,"Text to detail the ""Other"" keyword.",MT
All,Google Maps,2026-01-01/2026-06-30,STATEMENT_CATEGORY_DATA_PROTECTION_AND_PRIVACY_VIOLATIONS,,MT
All,Google Maps,2026-01-01/2026-06-30,KEYWORD_BIOMETRIC_DATA_BREACH,,MT
All,Google Maps,2026-01-01/2026-06-30,KEYWORD_DATA_FALSIFICATION,,MT
All,Google Maps,2026-01-01/2026-06-30,KEYWORD_MISSING_PROCESSING_GROUND,,MT
All,Google Maps,2026-01-01/2026-06-30,KEYWORD_RIGHT_TO_BE_FORGOTTEN,,MT
All,Google Maps,2026-01-01/2026-06-30,KEYWORD_OTHER,DATA_COLLECTION_AND_USE,MT
All,Google Maps,2026-01-01/2026-06-30,KEYWORD_OTHER,DISCLOSURE_AND_CONSENT_PRACTICES,MT
All,Google Maps,2026-01-01/2026-06-30,KEYWORD_OTHER,GDPR,MT
All,Google Maps,2026-01-01/2026-06-30,KEYWORD_OTHER,PERSONAL_INFORMATION,MT
All,Google Maps,2026-01-01/2026-06-30,KEYWORD_OTHER,PERSONAL_RIGHTS,MT
All,Google Maps,2026-01-01/2026-06-30,KEYWORD_OTHER,PERSONALIZED_ADVERTISING,MT
All,Google Maps,2026-01-01/2026-06-30,KEYWORD_OTHER,PRIVACY,MT
All,Google Maps,2026-01-01/2026-06-30,KEYWORD_OTHER,PRIVACY_POLICY,MT
All,Google Maps,2026-01-01/2026-06-30,KEYWORD_OTHER,UNSECURE_DATA_HANDLING,MT
All,Google Maps,2026-01-01/2026-06-30,STATEMENT_CATEGORY_ILLEGAL_OR_HARMFUL_SPEECH,,MT
All,Google Maps,2026-01-01/2026-06-30,KEYWORD_DEFAMATION,,MT
All,Google Maps,2026-01-01/2026-06-30,KEYWORD_DISCRIMINATION,,MT
All,Google Maps,2026-01-01/2026-06-30,KEYWORD_HATE_SPEECH,,MT
All,Google Maps,2026-01-01/2026-06-30,KEYWORD_OTHER,HATEFUL_OR_ABUSIVE,MT
All,Google Maps,2026-01-01/2026-06-30,KEYWORD_OTHER,ILLEGAL_OR_HARMFUL_SPEECH,MT
All,Google Maps,2026-01-01/2026-06-30,KEYWORD_OTHER,OBSCENITY_AND_PROFANITY,MT
All,Google Maps,2026-01-01/2026-06-30,KEYWORD_OTHER,OFFENSIVE_CONTENT,MT
All,Google Maps,2026-01-01/2026-06-30,KEYWORD_OTHER,UNSAFE_CONTENT,MT
All,Google Maps,2026-01-01/2026-06-30,STATEMENT_CATEGORY_INTELLECTUAL_PROPERTY_INFRINGEMENTS,,MT
All,Google Maps,2026-01-01/2026-06-30,KEYWORD_COPYRIGHT_INFRINGEMENT,,MT
All,Google Maps,2026-01-01/2026-06-30,KEYWORD_DESIGN_INFRINGEMENT,,MT
All,Google Maps,2026-01-01/2026-06-30,KEYWORD_GEOGRAPHIC_INDICATIONS_INFRINGEMENT,,MT
All,Google Maps,2026-01-01/2026-06-30,KEYWORD_PATENT_INFRINGEMENT,,MT
All,Google Maps,2026-01-01/2026-06-30,KEYWORD_TRADE_SECRET_INFRINGEMENT,,MT
All,Google Maps,2026-01-01/2026-06-30,KEYWORD_TRADEMARK_INFRINGEMENT,,MT
All,Google Maps,2026-01-01/2026-06-30,KEYWORD_OTHER,CIRCUMVENTION,MT
All,Google Maps,2026-01-01/2026-06-30,KEYWORD_OTHER,INTELLECTUAL PROPERTY,MT
All,Google Maps,2026-01-01/2026-06-30,STATEMENT_CATEGORY_NEGATIVE_EFFECTS_ON_CIVIC_DISCOURSE_OR_ELECTIONS,,MT
All,Google Maps,2026-01-01/2026-06-30,KEYWORD_MISINFORMATION_DISINFORMATION,,MT
All,Google Maps,2026-01-01/2026-06-30,KEYWORD_VIOLATION_EU_LAW,,MT
All,Google Maps,2026-01-01/2026-06-30,KEYWORD_VIOLATION_NATIONAL_LAW,,MT
All,Google Maps,2026-01-01/2026-06-30,KEYWORD_OTHER,ELECTORAL,MT
All,Google Maps,2026-01-01/2026-06-30,KEYWORD_OTHER,HACKED_POLITICAL_MATERIALS,MT
All,Google Maps,2026-01-01/2026-06-30,KEYWORD_OTHER,POLITICAL_CONTENT,MT
All,Google Maps,2026-01-01/2026-06-30,KEYWORD_OTHER,SOCIAL_STABILITY,MT
All,Google Maps,2026-01-01/2026-06-30,KEYWORD_OTHER,SOCIETAL_VALUES,MT
All,Google Maps,2026-01-01/2026-06-30,STATEMENT_CATEGORY_PROTECTION_OF_MINORS,,MT
All,Google Maps,2026-01-01/2026-06-30,KEYWORD_AGE_SPECIFIC_RESTRICTIONS_MINORS,,MT
All,Google Maps,2026-01-01/2026-06-30,KEYWORD_CHILD_SEXUAL_ABUSE_MATERIAL,,MT
All,Google Maps,2026-01-01/2026-06-30,KEYWORD_CHILD_SEXUAL_ABUSE_MATERIAL_DEEPFAKE,,MT
All,Google Maps,2026-01-01/2026-06-30,KEYWORD_GROOMING_SEXUAL_ENTICEMENT_MINORS,,MT
All,Google Maps,2026-01-01/2026-06-30,KEYWORD_UNSAFE_CHALLENGES,,MT
All,Google Maps,2026-01-01/2026-06-30,KEYWORD_OTHER,CHILD_ENDANGERMENT,MT
All,Google Maps,2026-01-01/2026-06-30,KEYWORD_OTHER,CHILD_SAFETY,MT
All,Google Maps,2026-01-01/2026-06-30,KEYWORD_OTHER,HARMFUL_OR_DANGEROUS_ACTS_CHALLENGES_AND_PRANKS,MT
All,Google Maps,2026-01-01/2026-06-30,KEYWORD_OTHER,KNOWN_SERIES,MT
All,Google Maps,2026-01-01/2026-06-30,KEYWORD_OTHER,PROTECTION_OF_MINORS,MT
All,Google Maps,2026-01-01/2026-06-30,KEYWORD_OTHER,UNAUTHORIZED_IMAGE_OF_MINORS,MT
All,Google Maps,2026-01-01/2026-06-30,STATEMENT_CATEGORY_RISK_FOR_PUBLIC_SECURITY,,MT
All,Google Maps,2026-01-01/2026-06-30,KEYWORD_ILLEGAL_ORGANIZATIONS,,MT
All,Google Maps,2026-01-01/2026-06-30,KEYWORD_RISK_ENVIRONMENTAL_DAMAGE,,MT
All,Google Maps,2026-01-01/2026-06-30,KEYWORD_RISK_PUBLIC_HEALTH,,MT
All,Google Maps,2026-01-01/2026-06-30,KEYWORD_TERRORIST_CONTENT,,MT
All,Google Maps,2026-01-01/2026-06-30,KEYWORD_OTHER,COURT_ORDER,MT
All,Google Maps,2026-01-01/2026-06-30,KEYWORD_OTHER,RISK_FOR_PUBLIC_SECURITY,MT
All,Google Maps,2026-01-01/2026-06-30,KEYWORD_OTHER,SENSITIVE_EVENTS,MT
All,Google Maps,2026-01-01/2026-06-30,KEYWORD_OTHER,VIOLENT_EXTREMISM,MT
All,Google Maps,2026-01-01/2026-06-30,KEYWORD_OTHER,WRONGFUL_OR_UNAUTHORIZED_USE_OF_SYMBOLS,MT
All,Google Maps,2026-01-01/2026-06-30,STATEMENT_CATEGORY_SCAMS_AND_FRAUD,,MT
All,Google Maps,2026-01-01/2026-06-30,KEYWORD_IMPERSONATION_ACCOUNT_HIJACKING,,MT
All,Google Maps,2026-01-01/2026-06-30,KEYWORD_INAUTHENTIC_ACCOUNTS,,MT
All,Google Maps,2026-01-01/2026-06-30,KEYWORD_INAUTHENTIC_LISTINGS,,MT
All,Google Maps,2026-01-01/2026-06-30,KEYWORD_INAUTHENTIC_USER_REVIEWS,,MT
All,Google Maps,2026-01-01/2026-06-30,KEYWORD_PHISHING,,MT
All,Google Maps,2026-01-01/2026-06-30,KEYWORD_PYRAMID_SCHEMES,,MT
All,Google Maps,2026-01-01/2026-06-30,KEYWORD_OTHER,AD_FRAUD_POLICY,MT
All,Google Maps,2026-01-01/2026-06-30,KEYWORD_OTHER,ENCOURAGEMENT_OF_DIGITAL_SECURITY_OR_TERMS_OF_SERVICE_VIOLATIONS,MT
All,Google Maps,2026-01-01/2026-06-30,KEYWORD_OTHER,FRAUD,MT
All,Google Maps,2026-01-01/2026-06-30,KEYWORD_OTHER,MALWARE,MT
All,Google Maps,2026-01-01/2026-06-30,KEYWORD_OTHER,MALWARE_AND_PHISHING,MT
All,Google Maps,2026-01-01/2026-06-30,KEYWORD_OTHER,MALWARE_AND_SYSTEM_CIRCUMVENTION,MT
All,Google Maps,2026-01-01/2026-06-30,KEYWORD_OTHER,MISREPRESENTATION,MT
All,Google Maps,2026-01-01/2026-06-30,KEYWORD_OTHER,SCAMS,MT
All,Google Maps,2026-01-01/2026-06-30,KEYWORD_OTHER,SOCIAL_ENGINEERING_TACTICS,MT
All,Google Maps,2026-01-01/2026-06-30,STATEMENT_CATEGORY_SELF_HARM,,MT
All,Google Maps,2026-01-01/2026-06-30,KEYWORD_CONTENT_PROMOTING_EATING_DISORDERS,,MT
All,Google Maps,2026-01-01/2026-06-30,KEYWORD_SELF_MUTILATION,,MT
All,Google Maps,2026-01-01/2026-06-30,KEYWORD_SUICIDE,,MT
All,Google Maps,2026-01-01/2026-06-30,KEYWORD_OTHER,SELF_HARM,MT
All,Google Maps,2026-01-01/2026-06-30,KEYWORD_OTHER,SUICIDE_AND_SELF_HARM,MT
All,Google Maps,2026-01-01/2026-06-30,STATEMENT_CATEGORY_UNSAFE_AND_PROHIBITED_PRODUCTS,,MT
All,Google Maps,2026-01-01/2026-06-30,KEYWORD_PROHIBITED_PRODUCTS,,MT
All,Google Maps,2026-01-01/2026-06-30,KEYWORD_UNSAFE_PRODUCTS,,MT
All,Google Maps,2026-01-01/2026-06-30,KEYWORD_OTHER,COURT_ORDER,MT
All,Google Maps,2026-01-01/2026-06-30,KEYWORD_OTHER,ENABLING_DISHONEST_BEHAVIOR,MT
All,Google Maps,2026-01-01/2026-06-30,KEYWORD_OTHER,FIREARMS_AND_ILLEGAL_REGULATED_GOODS_OR_SERVICES,MT
All,Google Maps,2026-01-01/2026-06-30,KEYWORD_OTHER,OTHER_LEGAL_NOTICES_OR_ORDERS,MT
All,Google Maps,2026-01-01/2026-06-30,KEYWORD_OTHER,UNAUTHORIZED_PHARMACIES,MT
All,Google Maps,2026-01-01/2026-06-30,STATEMENT_CATEGORY_VIOLENCE,,MT
All,Google Maps,2026-01-01/2026-06-30,KEYWORD_COORDINATED_HARM,,MT
All,Google Maps,2026-01-01/2026-06-30,KEYWORD_INCITEMENT_VIOLENCE_HATRED,,MT
All,Google Maps,2026-01-01/2026-06-30,KEYWORD_HUMAN_EXPLOITATION,,MT
All,Google Maps,2026-01-01/2026-06-30,KEYWORD_HUMAN_TRAFFICKING,,MT
All,Google Maps,2026-01-01/2026-06-30,KEYWORD_TRAFFICKING_WOMEN_GIRLS,,MT
All,Google Maps,2026-01-01/2026-06-30,KEYWORD_OTHER,DEPICTION_OF VIOLENCE,MT
All,Google Maps,2026-01-01/2026-06-30,KEYWORD_OTHER,SHOCKING_CONTENT,MT
All,Google Maps,2026-01-01/2026-06-30,KEYWORD_OTHER,VIOLENT_OR_GRAPHIC_CONTENT,MT
All,Google Maps,2026-01-01/2026-06-30,STATEMENT_CATEGORY_NOT_SPECIFIED_ORDER,,MT
All,Google Maps,2026-01-01/2026-06-30,TOTAL,,NL
All,Google Maps,2026-01-01/2026-06-30,STATEMENT_CATEGORY_ANIMAL_WELFARE,,NL
All,Google Maps,2026-01-01/2026-06-30,KEYWORD_ANIMAL_HARM,,NL
All,Google Maps,2026-01-01/2026-06-30,KEYWORD_UNLAWFUL_SALE_ANIMALS,,NL
All,Google Maps,2026-01-01/2026-06-30,KEYWORD_OTHER,ANIMAL_CRUELTY,NL
All,Google Maps,2026-01-01/2026-06-30,KEYWORD_OTHER,ANIMAL_HARM_AND_UNLAWFUL_SALE,NL
All,Google Maps,2026-01-01/2026-06-30,STATEMENT_CATEGORY_CONSUMER_INFORMATION,,NL
All,Google Maps,2026-01-01/2026-06-30,KEYWORD_HIDDEN_ADVERTISEMENT,,NL
All,Google Maps,2026-01-01/2026-06-30,KEYWORD_INSUFFICIENT_INFORMATION_ON_TRADERS,,NL
All,Google Maps,2026-01-01/2026-06-30,KEYWORD_MISLEADING_INFO_GOODS_SERVICES,,NL
All,Google Maps,2026-01-01/2026-06-30,KEYWORD_MISLEADING_INFO_CONSUMER_RIGHTS,,NL
All,Google Maps,2026-01-01/2026-06-30,KEYWORD_NONCOMPLIANCE_PRICING,,NL
All,Google Maps,2026-01-01/2026-06-30,KEYWORD_OTHER,CONSUMER_PROTECTION,NL
All,Google Maps,2026-01-01/2026-06-30,KEYWORD_OTHER,MISREPRESENTATION,NL
All,Google Maps,2026-01-01/2026-06-30,STATEMENT_CATEGORY_CYBER_VIOLENCE,,NL
All,Google Maps,2026-01-01/2026-06-30,KEYWORD_CYBER_BULLYING_INTIMIDATION,,NL
All,Google Maps,2026-01-01/2026-06-30,KEYWORD_CYBER_HARASSMENT,,NL
All,Google Maps,2026-01-01/2026-06-30,KEYWORD_CYBER_INCITEMENT,,NL
All,Google Maps,2026-01-01/2026-06-30,KEYWORD_CYBER_STALKING,,NL
All,Google Maps,2026-01-01/2026-06-30,KEYWORD_NON_CONSENSUAL_IMAGE_SHARING,,NL
All,Google Maps,2026-01-01/2026-06-30,KEYWORD_NON_CONSENSUAL_MATERIAL_DEEPFAKE,,NL
All,Google Maps,2026-01-01/2026-06-30,KEYWORD_OTHER,DOXING,NL
All,Google Maps,2026-01-01/2026-06-30,KEYWORD_OTHER,HARASSMENT,NL
All,Google Maps,2026-01-01/2026-06-30,KEYWORD_OTHER,HARASSMENT_AND_CYBERBULLYING,NL
All,Google Maps,2026-01-01/2026-06-30,KEYWORD_OTHER,HARMFUL_ACTIVITIES,NL
All,Google Maps,2026-01-01/2026-06-30,KEYWORD_OTHER,SEXUAL_HARASSMENT,NL
All,Google Maps,2026-01-01/2026-06-30,KEYWORD_OTHER,OBSCENITY_OR_PORNOGRAPHY,NL
All,Google Maps,2026-01-01/2026-06-30,KEYWORD_OTHER,UNSAFE_CONTENT,NL
All,Google Maps,2026-01-01/2026-06-30,STATEMENT_CATEGORY_CYBER_VIOLENCE_AGAINST_WOMEN,,NL
All,Google Maps,2026-01-01/2026-06-30,KEYWORD_BULLYING_AGAINST_GIRLS,,NL
All,Google Maps,2026-01-01/2026-06-30,KEYWORD_CYBER_HARASSMENT_AGAINST_WOMEN,,NL
All,Google Maps,2026-01-01/2026-06-30,KEYWORD_CYBER_STALKING_AGAINST_WOMEN,,NL
All,Google Maps,2026-01-01/2026-06-30,KEYWORD_FEMALE_GENDERED_DISINFORMATION,,NL
All,Google Maps,2026-01-01/2026-06-30,KEYWORD_INCITEMENT_AGAINST_WOMEN,,NL
All,Google Maps,2026-01-01/2026-06-30,KEYWORD_NON_CONSENSUAL_IMAGE_SHARING_AGAINST_WOMEN,,NL
All,Google Maps,2026-01-01/2026-06-30,KEYWORD_NON_CONSENSUAL_MATERIAL_DEEPFAKE_AGAINST_WOMEN,,NL
All,Google Maps,2026-01-01/2026-06-30,KEYWORD_OTHER,"Text to detail the ""Other"" keyword.",NL
All,Google Maps,2026-01-01/2026-06-30,STATEMENT_CATEGORY_DATA_PROTECTION_AND_PRIVACY_VIOLATIONS,,NL
All,Google Maps,2026-01-01/2026-06-30,KEYWORD_BIOMETRIC_DATA_BREACH,,NL
All,Google Maps,2026-01-01/2026-06-30,KEYWORD_DATA_FALSIFICATION,,NL
All,Google Maps,2026-01-01/2026-06-30,KEYWORD_MISSING_PROCESSING_GROUND,,NL
All,Google Maps,2026-01-01/2026-06-30,KEYWORD_RIGHT_TO_BE_FORGOTTEN,,NL
All,Google Maps,2026-01-01/2026-06-30,KEYWORD_OTHER,DATA_COLLECTION_AND_USE,NL
All,Google Maps,2026-01-01/2026-06-30,KEYWORD_OTHER,DISCLOSURE_AND_CONSENT_PRACTICES,NL
All,Google Maps,2026-01-01/2026-06-30,KEYWORD_OTHER,GDPR,NL
All,Google Maps,2026-01-01/2026-06-30,KEYWORD_OTHER,PERSONAL_INFORMATION,NL
All,Google Maps,2026-01-01/2026-06-30,KEYWORD_OTHER,PERSONAL_RIGHTS,NL
All,Google Maps,2026-01-01/2026-06-30,KEYWORD_OTHER,PERSONALIZED_ADVERTISING,NL
All,Google Maps,2026-01-01/2026-06-30,KEYWORD_OTHER,PRIVACY,NL
All,Google Maps,2026-01-01/2026-06-30,KEYWORD_OTHER,PRIVACY_POLICY,NL
All,Google Maps,2026-01-01/2026-06-30,KEYWORD_OTHER,UNSECURE_DATA_HANDLING,NL
All,Google Maps,2026-01-01/2026-06-30,STATEMENT_CATEGORY_ILLEGAL_OR_HARMFUL_SPEECH,,NL
All,Google Maps,2026-01-01/2026-06-30,KEYWORD_DEFAMATION,,NL
All,Google Maps,2026-01-01/2026-06-30,KEYWORD_DISCRIMINATION,,NL
All,Google Maps,2026-01-01/2026-06-30,KEYWORD_HATE_SPEECH,,NL
All,Google Maps,2026-01-01/2026-06-30,KEYWORD_OTHER,HATEFUL_OR_ABUSIVE,NL
All,Google Maps,2026-01-01/2026-06-30,KEYWORD_OTHER,ILLEGAL_OR_HARMFUL_SPEECH,NL
All,Google Maps,2026-01-01/2026-06-30,KEYWORD_OTHER,OBSCENITY_AND_PROFANITY,NL
All,Google Maps,2026-01-01/2026-06-30,KEYWORD_OTHER,OFFENSIVE_CONTENT,NL
All,Google Maps,2026-01-01/2026-06-30,KEYWORD_OTHER,UNSAFE_CONTENT,NL
All,Google Maps,2026-01-01/2026-06-30,STATEMENT_CATEGORY_INTELLECTUAL_PROPERTY_INFRINGEMENTS,,NL
All,Google Maps,2026-01-01/2026-06-30,KEYWORD_COPYRIGHT_INFRINGEMENT,,NL
All,Google Maps,2026-01-01/2026-06-30,KEYWORD_DESIGN_INFRINGEMENT,,NL
All,Google Maps,2026-01-01/2026-06-30,KEYWORD_GEOGRAPHIC_INDICATIONS_INFRINGEMENT,,NL
All,Google Maps,2026-01-01/2026-06-30,KEYWORD_PATENT_INFRINGEMENT,,NL
All,Google Maps,2026-01-01/2026-06-30,KEYWORD_TRADE_SECRET_INFRINGEMENT,,NL
All,Google Maps,2026-01-01/2026-06-30,KEYWORD_TRADEMARK_INFRINGEMENT,,NL
All,Google Maps,2026-01-01/2026-06-30,KEYWORD_OTHER,CIRCUMVENTION,NL
All,Google Maps,2026-01-01/2026-06-30,KEYWORD_OTHER,INTELLECTUAL PROPERTY,NL
All,Google Maps,2026-01-01/2026-06-30,STATEMENT_CATEGORY_NEGATIVE_EFFECTS_ON_CIVIC_DISCOURSE_OR_ELECTIONS,,NL
All,Google Maps,2026-01-01/2026-06-30,KEYWORD_MISINFORMATION_DISINFORMATION,,NL
All,Google Maps,2026-01-01/2026-06-30,KEYWORD_VIOLATION_EU_LAW,,NL
All,Google Maps,2026-01-01/2026-06-30,KEYWORD_VIOLATION_NATIONAL_LAW,,NL
All,Google Maps,2026-01-01/2026-06-30,KEYWORD_OTHER,ELECTORAL,NL
All,Google Maps,2026-01-01/2026-06-30,KEYWORD_OTHER,HACKED_POLITICAL_MATERIALS,NL
All,Google Maps,2026-01-01/2026-06-30,KEYWORD_OTHER,POLITICAL_CONTENT,NL
All,Google Maps,2026-01-01/2026-06-30,KEYWORD_OTHER,SOCIAL_STABILITY,NL
All,Google Maps,2026-01-01/2026-06-30,KEYWORD_OTHER,SOCIETAL_VALUES,NL
All,Google Maps,2026-01-01/2026-06-30,STATEMENT_CATEGORY_PROTECTION_OF_MINORS,,NL
All,Google Maps,2026-01-01/2026-06-30,KEYWORD_AGE_SPECIFIC_RESTRICTIONS_MINORS,,NL
All,Google Maps,2026-01-01/2026-06-30,KEYWORD_CHILD_SEXUAL_ABUSE_MATERIAL,,NL
All,Google Maps,2026-01-01/2026-06-30,KEYWORD_CHILD_SEXUAL_ABUSE_MATERIAL_DEEPFAKE,,NL
All,Google Maps,2026-01-01/2026-06-30,KEYWORD_GROOMING_SEXUAL_ENTICEMENT_MINORS,,NL
All,Google Maps,2026-01-01/2026-06-30,KEYWORD_UNSAFE_CHALLENGES,,NL
All,Google Maps,2026-01-01/2026-06-30,KEYWORD_OTHER,CHILD_ENDANGERMENT,NL
All,Google Maps,2026-01-01/2026-06-30,KEYWORD_OTHER,CHILD_SAFETY,NL
All,Google Maps,2026-01-01/2026-06-30,KEYWORD_OTHER,HARMFUL_OR_DANGEROUS_ACTS_CHALLENGES_AND_PRANKS,NL
All,Google Maps,2026-01-01/2026-06-30,KEYWORD_OTHER,KNOWN_SERIES,NL
All,Google Maps,2026-01-01/2026-06-30,KEYWORD_OTHER,PROTECTION_OF_MINORS,NL
All,Google Maps,2026-01-01/2026-06-30,KEYWORD_OTHER,UNAUTHORIZED_IMAGE_OF_MINORS,NL
All,Google Maps,2026-01-01/2026-06-30,STATEMENT_CATEGORY_RISK_FOR_PUBLIC_SECURITY,,NL
All,Google Maps,2026-01-01/2026-06-30,KEYWORD_ILLEGAL_ORGANIZATIONS,,NL
All,Google Maps,2026-01-01/2026-06-30,KEYWORD_RISK_ENVIRONMENTAL_DAMAGE,,NL
All,Google Maps,2026-01-01/2026-06-30,KEYWORD_RISK_PUBLIC_HEALTH,,NL
All,Google Maps,2026-01-01/2026-06-30,KEYWORD_TERRORIST_CONTENT,,NL
All,Google Maps,2026-01-01/2026-06-30,KEYWORD_OTHER,COURT_ORDER,NL
All,Google Maps,2026-01-01/2026-06-30,KEYWORD_OTHER,RISK_FOR_PUBLIC_SECURITY,NL
All,Google Maps,2026-01-01/2026-06-30,KEYWORD_OTHER,SENSITIVE_EVENTS,NL
All,Google Maps,2026-01-01/2026-06-30,KEYWORD_OTHER,VIOLENT_EXTREMISM,NL
All,Google Maps,2026-01-01/2026-06-30,KEYWORD_OTHER,WRONGFUL_OR_UNAUTHORIZED_USE_OF_SYMBOLS,NL
All,Google Maps,2026-01-01/2026-06-30,STATEMENT_CATEGORY_SCAMS_AND_FRAUD,,NL
All,Google Maps,2026-01-01/2026-06-30,KEYWORD_IMPERSONATION_ACCOUNT_HIJACKING,,NL
All,Google Maps,2026-01-01/2026-06-30,KEYWORD_INAUTHENTIC_ACCOUNTS,,NL
All,Google Maps,2026-01-01/2026-06-30,KEYWORD_INAUTHENTIC_LISTINGS,,NL
All,Google Maps,2026-01-01/2026-06-30,KEYWORD_INAUTHENTIC_USER_REVIEWS,,NL
All,Google Maps,2026-01-01/2026-06-30,KEYWORD_PHISHING,,NL
All,Google Maps,2026-01-01/2026-06-30,KEYWORD_PYRAMID_SCHEMES,,NL
All,Google Maps,2026-01-01/2026-06-30,KEYWORD_OTHER,AD_FRAUD_POLICY,NL
All,Google Maps,2026-01-01/2026-06-30,KEYWORD_OTHER,ENCOURAGEMENT_OF_DIGITAL_SECURITY_OR_TERMS_OF_SERVICE_VIOLATIONS,NL
All,Google Maps,2026-01-01/2026-06-30,KEYWORD_OTHER,FRAUD,NL
All,Google Maps,2026-01-01/2026-06-30,KEYWORD_OTHER,MALWARE,NL
All,Google Maps,2026-01-01/2026-06-30,KEYWORD_OTHER,MALWARE_AND_PHISHING,NL
All,Google Maps,2026-01-01/2026-06-30,KEYWORD_OTHER,MALWARE_AND_SYSTEM_CIRCUMVENTION,NL
All,Google Maps,2026-01-01/2026-06-30,KEYWORD_OTHER,MISREPRESENTATION,NL
All,Google Maps,2026-01-01/2026-06-30,KEYWORD_OTHER,SCAMS,NL
All,Google Maps,2026-01-01/2026-06-30,KEYWORD_OTHER,SOCIAL_ENGINEERING_TACTICS,NL
All,Google Maps,2026-01-01/2026-06-30,STATEMENT_CATEGORY_SELF_HARM,,NL
All,Google Maps,2026-01-01/2026-06-30,KEYWORD_CONTENT_PROMOTING_EATING_DISORDERS,,NL
All,Google Maps,2026-01-01/2026-06-30,KEYWORD_SELF_MUTILATION,,NL
All,Google Maps,2026-01-01/2026-06-30,KEYWORD_SUICIDE,,NL
All,Google Maps,2026-01-01/2026-06-30,KEYWORD_OTHER,SELF_HARM,NL
All,Google Maps,2026-01-01/2026-06-30,KEYWORD_OTHER,SUICIDE_AND_SELF_HARM,NL
All,Google Maps,2026-01-01/2026-06-30,STATEMENT_CATEGORY_UNSAFE_AND_PROHIBITED_PRODUCTS,,NL
All,Google Maps,2026-01-01/2026-06-30,KEYWORD_PROHIBITED_PRODUCTS,,NL
All,Google Maps,2026-01-01/2026-06-30,KEYWORD_UNSAFE_PRODUCTS,,NL
All,Google Maps,2026-01-01/2026-06-30,KEYWORD_OTHER,COURT_ORDER,NL
All,Google Maps,2026-01-01/2026-06-30,KEYWORD_OTHER,ENABLING_DISHONEST_BEHAVIOR,NL
All,Google Maps,2026-01-01/2026-06-30,KEYWORD_OTHER,FIREARMS_AND_ILLEGAL_REGULATED_GOODS_OR_SERVICES,NL
All,Google Maps,2026-01-01/2026-06-30,KEYWORD_OTHER,OTHER_LEGAL_NOTICES_OR_ORDERS,NL
All,Google Maps,2026-01-01/2026-06-30,KEYWORD_OTHER,UNAUTHORIZED_PHARMACIES,NL
All,Google Maps,2026-01-01/2026-06-30,STATEMENT_CATEGORY_VIOLENCE,,NL
All,Google Maps,2026-01-01/2026-06-30,KEYWORD_COORDINATED_HARM,,NL
All,Google Maps,2026-01-01/2026-06-30,KEYWORD_INCITEMENT_VIOLENCE_HATRED,,NL
All,Google Maps,2026-01-01/2026-06-30,KEYWORD_HUMAN_EXPLOITATION,,NL
All,Google Maps,2026-01-01/2026-06-30,KEYWORD_HUMAN_TRAFFICKING,,NL
All,Google Maps,2026-01-01/2026-06-30,KEYWORD_TRAFFICKING_WOMEN_GIRLS,,NL
All,Google Maps,2026-01-01/2026-06-30,KEYWORD_OTHER,DEPICTION_OF VIOLENCE,NL
All,Google Maps,2026-01-01/2026-06-30,KEYWORD_OTHER,SHOCKING_CONTENT,NL
All,Google Maps,2026-01-01/2026-06-30,KEYWORD_OTHER,VIOLENT_OR_GRAPHIC_CONTENT,NL
All,Google Maps,2026-01-01/2026-06-30,STATEMENT_CATEGORY_NOT_SPECIFIED_ORDER,,NL
All,Google Maps,2026-01-01/2026-06-30,TOTAL,,PL
All,Google Maps,2026-01-01/2026-06-30,STATEMENT_CATEGORY_ANIMAL_WELFARE,,PL
All,Google Maps,2026-01-01/2026-06-30,KEYWORD_ANIMAL_HARM,,PL
All,Google Maps,2026-01-01/2026-06-30,KEYWORD_UNLAWFUL_SALE_ANIMALS,,PL
All,Google Maps,2026-01-01/2026-06-30,KEYWORD_OTHER,ANIMAL_CRUELTY,PL
All,Google Maps,2026-01-01/2026-06-30,KEYWORD_OTHER,ANIMAL_HARM_AND_UNLAWFUL_SALE,PL
All,Google Maps,2026-01-01/2026-06-30,STATEMENT_CATEGORY_CONSUMER_INFORMATION,,PL
All,Google Maps,2026-01-01/2026-06-30,KEYWORD_HIDDEN_ADVERTISEMENT,,PL
All,Google Maps,2026-01-01/2026-06-30,KEYWORD_INSUFFICIENT_INFORMATION_ON_TRADERS,,PL
All,Google Maps,2026-01-01/2026-06-30,KEYWORD_MISLEADING_INFO_GOODS_SERVICES,,PL
All,Google Maps,2026-01-01/2026-06-30,KEYWORD_MISLEADING_INFO_CONSUMER_RIGHTS,,PL
All,Google Maps,2026-01-01/2026-06-30,KEYWORD_NONCOMPLIANCE_PRICING,,PL
All,Google Maps,2026-01-01/2026-06-30,KEYWORD_OTHER,CONSUMER_PROTECTION,PL
All,Google Maps,2026-01-01/2026-06-30,KEYWORD_OTHER,MISREPRESENTATION,PL
All,Google Maps,2026-01-01/2026-06-30,STATEMENT_CATEGORY_CYBER_VIOLENCE,,PL
All,Google Maps,2026-01-01/2026-06-30,KEYWORD_CYBER_BULLYING_INTIMIDATION,,PL
All,Google Maps,2026-01-01/2026-06-30,KEYWORD_CYBER_HARASSMENT,,PL
All,Google Maps,2026-01-01/2026-06-30,KEYWORD_CYBER_INCITEMENT,,PL
All,Google Maps,2026-01-01/2026-06-30,KEYWORD_CYBER_STALKING,,PL
All,Google Maps,2026-01-01/2026-06-30,KEYWORD_NON_CONSENSUAL_IMAGE_SHARING,,PL
All,Google Maps,2026-01-01/2026-06-30,KEYWORD_NON_CONSENSUAL_MATERIAL_DEEPFAKE,,PL
All,Google Maps,2026-01-01/2026-06-30,KEYWORD_OTHER,DOXING,PL
All,Google Maps,2026-01-01/2026-06-30,KEYWORD_OTHER,HARASSMENT,PL
All,Google Maps,2026-01-01/2026-06-30,KEYWORD_OTHER,HARASSMENT_AND_CYBERBULLYING,PL
All,Google Maps,2026-01-01/2026-06-30,KEYWORD_OTHER,HARMFUL_ACTIVITIES,PL
All,Google Maps,2026-01-01/2026-06-30,KEYWORD_OTHER,SEXUAL_HARASSMENT,PL
All,Google Maps,2026-01-01/2026-06-30,KEYWORD_OTHER,OBSCENITY_OR_PORNOGRAPHY,PL
All,Google Maps,2026-01-01/2026-06-30,KEYWORD_OTHER,UNSAFE_CONTENT,PL
All,Google Maps,2026-01-01/2026-06-30,STATEMENT_CATEGORY_CYBER_VIOLENCE_AGAINST_WOMEN,,PL
All,Google Maps,2026-01-01/2026-06-30,KEYWORD_BULLYING_AGAINST_GIRLS,,PL
All,Google Maps,2026-01-01/2026-06-30,KEYWORD_CYBER_HARASSMENT_AGAINST_WOMEN,,PL
All,Google Maps,2026-01-01/2026-06-30,KEYWORD_CYBER_STALKING_AGAINST_WOMEN,,PL
All,Google Maps,2026-01-01/2026-06-30,KEYWORD_FEMALE_GENDERED_DISINFORMATION,,PL
All,Google Maps,2026-01-01/2026-06-30,KEYWORD_INCITEMENT_AGAINST_WOMEN,,PL
All,Google Maps,2026-01-01/2026-06-30,KEYWORD_NON_CONSENSUAL_IMAGE_SHARING_AGAINST_WOMEN,,PL
All,Google Maps,2026-01-01/2026-06-30,KEYWORD_NON_CONSENSUAL_MATERIAL_DEEPFAKE_AGAINST_WOMEN,,PL
All,Google Maps,2026-01-01/2026-06-30,KEYWORD_OTHER,"Text to detail the ""Other"" keyword.",PL
All,Google Maps,2026-01-01/2026-06-30,STATEMENT_CATEGORY_DATA_PROTECTION_AND_PRIVACY_VIOLATIONS,,PL
All,Google Maps,2026-01-01/2026-06-30,KEYWORD_BIOMETRIC_DATA_BREACH,,PL
All,Google Maps,2026-01-01/2026-06-30,KEYWORD_DATA_FALSIFICATION,,PL
All,Google Maps,2026-01-01/2026-06-30,KEYWORD_MISSING_PROCESSING_GROUND,,PL
All,Google Maps,2026-01-01/2026-06-30,KEYWORD_RIGHT_TO_BE_FORGOTTEN,,PL
All,Google Maps,2026-01-01/2026-06-30,KEYWORD_OTHER,DATA_COLLECTION_AND_USE,PL
All,Google Maps,2026-01-01/2026-06-30,KEYWORD_OTHER,DISCLOSURE_AND_CONSENT_PRACTICES,PL
All,Google Maps,2026-01-01/2026-06-30,KEYWORD_OTHER,GDPR,PL
All,Google Maps,2026-01-01/2026-06-30,KEYWORD_OTHER,PERSONAL_INFORMATION,PL
All,Google Maps,2026-01-01/2026-06-30,KEYWORD_OTHER,PERSONAL_RIGHTS,PL
All,Google Maps,2026-01-01/2026-06-30,KEYWORD_OTHER,PERSONALIZED_ADVERTISING,PL
All,Google Maps,2026-01-01/2026-06-30,KEYWORD_OTHER,PRIVACY,PL
All,Google Maps,2026-01-01/2026-06-30,KEYWORD_OTHER,PRIVACY_POLICY,PL
All,Google Maps,2026-01-01/2026-06-30,KEYWORD_OTHER,UNSECURE_DATA_HANDLING,PL
All,Google Maps,2026-01-01/2026-06-30,STATEMENT_CATEGORY_ILLEGAL_OR_HARMFUL_SPEECH,,PL
All,Google Maps,2026-01-01/2026-06-30,KEYWORD_DEFAMATION,,PL
All,Google Maps,2026-01-01/2026-06-30,KEYWORD_DISCRIMINATION,,PL
All,Google Maps,2026-01-01/2026-06-30,KEYWORD_HATE_SPEECH,,PL
All,Google Maps,2026-01-01/2026-06-30,KEYWORD_OTHER,HATEFUL_OR_ABUSIVE,PL
All,Google Maps,2026-01-01/2026-06-30,KEYWORD_OTHER,ILLEGAL_OR_HARMFUL_SPEECH,PL
All,Google Maps,2026-01-01/2026-06-30,KEYWORD_OTHER,OBSCENITY_AND_PROFANITY,PL
All,Google Maps,2026-01-01/2026-06-30,KEYWORD_OTHER,OFFENSIVE_CONTENT,PL
All,Google Maps,2026-01-01/2026-06-30,KEYWORD_OTHER,UNSAFE_CONTENT,PL
All,Google Maps,2026-01-01/2026-06-30,STATEMENT_CATEGORY_INTELLECTUAL_PROPERTY_INFRINGEMENTS,,PL
All,Google Maps,2026-01-01/2026-06-30,KEYWORD_COPYRIGHT_INFRINGEMENT,,PL
All,Google Maps,2026-01-01/2026-06-30,KEYWORD_DESIGN_INFRINGEMENT,,PL
All,Google Maps,2026-01-01/2026-06-30,KEYWORD_GEOGRAPHIC_INDICATIONS_INFRINGEMENT,,PL
All,Google Maps,2026-01-01/2026-06-30,KEYWORD_PATENT_INFRINGEMENT,,PL
All,Google Maps,2026-01-01/2026-06-30,KEYWORD_TRADE_SECRET_INFRINGEMENT,,PL
All,Google Maps,2026-01-01/2026-06-30,KEYWORD_TRADEMARK_INFRINGEMENT,,PL
All,Google Maps,2026-01-01/2026-06-30,KEYWORD_OTHER,CIRCUMVENTION,PL
All,Google Maps,2026-01-01/2026-06-30,KEYWORD_OTHER,INTELLECTUAL PROPERTY,PL
All,Google Maps,2026-01-01/2026-06-30,STATEMENT_CATEGORY_NEGATIVE_EFFECTS_ON_CIVIC_DISCOURSE_OR_ELECTIONS,,PL
All,Google Maps,2026-01-01/2026-06-30,KEYWORD_MISINFORMATION_DISINFORMATION,,PL
All,Google Maps,2026-01-01/2026-06-30,KEYWORD_VIOLATION_EU_LAW,,PL
All,Google Maps,2026-01-01/2026-06-30,KEYWORD_VIOLATION_NATIONAL_LAW,,PL
All,Google Maps,2026-01-01/2026-06-30,KEYWORD_OTHER,ELECTORAL,PL
All,Google Maps,2026-01-01/2026-06-30,KEYWORD_OTHER,HACKED_POLITICAL_MATERIALS,PL
All,Google Maps,2026-01-01/2026-06-30,KEYWORD_OTHER,POLITICAL_CONTENT,PL
All,Google Maps,2026-01-01/2026-06-30,KEYWORD_OTHER,SOCIAL_STABILITY,PL
All,Google Maps,2026-01-01/2026-06-30,KEYWORD_OTHER,SOCIETAL_VALUES,PL
All,Google Maps,2026-01-01/2026-06-30,STATEMENT_CATEGORY_PROTECTION_OF_MINORS,,PL
All,Google Maps,2026-01-01/2026-06-30,KEYWORD_AGE_SPECIFIC_RESTRICTIONS_MINORS,,PL
All,Google Maps,2026-01-01/2026-06-30,KEYWORD_CHILD_SEXUAL_ABUSE_MATERIAL,,PL
All,Google Maps,2026-01-01/2026-06-30,KEYWORD_CHILD_SEXUAL_ABUSE_MATERIAL_DEEPFAKE,,PL
All,Google Maps,2026-01-01/2026-06-30,KEYWORD_GROOMING_SEXUAL_ENTICEMENT_MINORS,,PL
All,Google Maps,2026-01-01/2026-06-30,KEYWORD_UNSAFE_CHALLENGES,,PL
All,Google Maps,2026-01-01/2026-06-30,KEYWORD_OTHER,CHILD_ENDANGERMENT,PL
All,Google Maps,2026-01-01/2026-06-30,KEYWORD_OTHER,CHILD_SAFETY,PL
All,Google Maps,2026-01-01/2026-06-30,KEYWORD_OTHER,HARMFUL_OR_DANGEROUS_ACTS_CHALLENGES_AND_PRANKS,PL
All,Google Maps,2026-01-01/2026-06-30,KEYWORD_OTHER,KNOWN_SERIES,PL
All,Google Maps,2026-01-01/2026-06-30,KEYWORD_OTHER,PROTECTION_OF_MINORS,PL
All,Google Maps,2026-01-01/2026-06-30,KEYWORD_OTHER,UNAUTHORIZED_IMAGE_OF_MINORS,PL
All,Google Maps,2026-01-01/2026-06-30,STATEMENT_CATEGORY_RISK_FOR_PUBLIC_SECURITY,,PL
All,Google Maps,2026-01-01/2026-06-30,KEYWORD_ILLEGAL_ORGANIZATIONS,,PL
All,Google Maps,2026-01-01/2026-06-30,KEYWORD_RISK_ENVIRONMENTAL_DAMAGE,,PL
All,Google Maps,2026-01-01/2026-06-30,KEYWORD_RISK_PUBLIC_HEALTH,,PL
All,Google Maps,2026-01-01/2026-06-30,KEYWORD_TERRORIST_CONTENT,,PL
All,Google Maps,2026-01-01/2026-06-30,KEYWORD_OTHER,COURT_ORDER,PL
All,Google Maps,2026-01-01/2026-06-30,KEYWORD_OTHER,RISK_FOR_PUBLIC_SECURITY,PL
All,Google Maps,2026-01-01/2026-06-30,KEYWORD_OTHER,SENSITIVE_EVENTS,PL
All,Google Maps,2026-01-01/2026-06-30,KEYWORD_OTHER,VIOLENT_EXTREMISM,PL
All,Google Maps,2026-01-01/2026-06-30,KEYWORD_OTHER,WRONGFUL_OR_UNAUTHORIZED_USE_OF_SYMBOLS,PL
All,Google Maps,2026-01-01/2026-06-30,STATEMENT_CATEGORY_SCAMS_AND_FRAUD,,PL
All,Google Maps,2026-01-01/2026-06-30,KEYWORD_IMPERSONATION_ACCOUNT_HIJACKING,,PL
All,Google Maps,2026-01-01/2026-06-30,KEYWORD_INAUTHENTIC_ACCOUNTS,,PL
All,Google Maps,2026-01-01/2026-06-30,KEYWORD_INAUTHENTIC_LISTINGS,,PL
All,Google Maps,2026-01-01/2026-06-30,KEYWORD_INAUTHENTIC_USER_REVIEWS,,PL
All,Google Maps,2026-01-01/2026-06-30,KEYWORD_PHISHING,,PL
All,Google Maps,2026-01-01/2026-06-30,KEYWORD_PYRAMID_SCHEMES,,PL
All,Google Maps,2026-01-01/2026-06-30,KEYWORD_OTHER,AD_FRAUD_POLICY,PL
All,Google Maps,2026-01-01/2026-06-30,KEYWORD_OTHER,ENCOURAGEMENT_OF_DIGITAL_SECURITY_OR_TERMS_OF_SERVICE_VIOLATIONS,PL
All,Google Maps,2026-01-01/2026-06-30,KEYWORD_OTHER,FRAUD,PL
All,Google Maps,2026-01-01/2026-06-30,KEYWORD_OTHER,MALWARE,PL
All,Google Maps,2026-01-01/2026-06-30,KEYWORD_OTHER,MALWARE_AND_PHISHING,PL
All,Google Maps,2026-01-01/2026-06-30,KEYWORD_OTHER,MALWARE_AND_SYSTEM_CIRCUMVENTION,PL
All,Google Maps,2026-01-01/2026-06-30,KEYWORD_OTHER,MISREPRESENTATION,PL
All,Google Maps,2026-01-01/2026-06-30,KEYWORD_OTHER,SCAMS,PL
All,Google Maps,2026-01-01/2026-06-30,KEYWORD_OTHER,SOCIAL_ENGINEERING_TACTICS,PL
All,Google Maps,2026-01-01/2026-06-30,STATEMENT_CATEGORY_SELF_HARM,,PL
All,Google Maps,2026-01-01/2026-06-30,KEYWORD_CONTENT_PROMOTING_EATING_DISORDERS,,PL
All,Google Maps,2026-01-01/2026-06-30,KEYWORD_SELF_MUTILATION,,PL
All,Google Maps,2026-01-01/2026-06-30,KEYWORD_SUICIDE,,PL
All,Google Maps,2026-01-01/2026-06-30,KEYWORD_OTHER,SELF_HARM,PL
All,Google Maps,2026-01-01/2026-06-30,KEYWORD_OTHER,SUICIDE_AND_SELF_HARM,PL
All,Google Maps,2026-01-01/2026-06-30,STATEMENT_CATEGORY_UNSAFE_AND_PROHIBITED_PRODUCTS,,PL
All,Google Maps,2026-01-01/2026-06-30,KEYWORD_PROHIBITED_PRODUCTS,,PL
All,Google Maps,2026-01-01/2026-06-30,KEYWORD_UNSAFE_PRODUCTS,,PL
All,Google Maps,2026-01-01/2026-06-30,KEYWORD_OTHER,COURT_ORDER,PL
All,Google Maps,2026-01-01/2026-06-30,KEYWORD_OTHER,ENABLING_DISHONEST_BEHAVIOR,PL
All,Google Maps,2026-01-01/2026-06-30,KEYWORD_OTHER,FIREARMS_AND_ILLEGAL_REGULATED_GOODS_OR_SERVICES,PL
All,Google Maps,2026-01-01/2026-06-30,KEYWORD_OTHER,OTHER_LEGAL_NOTICES_OR_ORDERS,PL
All,Google Maps,2026-01-01/2026-06-30,KEYWORD_OTHER,UNAUTHORIZED_PHARMACIES,PL
All,Google Maps,2026-01-01/2026-06-30,STATEMENT_CATEGORY_VIOLENCE,,PL
All,Google Maps,2026-01-01/2026-06-30,KEYWORD_COORDINATED_HARM,,PL
All,Google Maps,2026-01-01/2026-06-30,KEYWORD_INCITEMENT_VIOLENCE_HATRED,,PL
All,Google Maps,2026-01-01/2026-06-30,KEYWORD_HUMAN_EXPLOITATION,,PL
All,Google Maps,2026-01-01/2026-06-30,KEYWORD_HUMAN_TRAFFICKING,,PL
All,Google Maps,2026-01-01/2026-06-30,KEYWORD_TRAFFICKING_WOMEN_GIRLS,,PL
All,Google Maps,2026-01-01/2026-06-30,KEYWORD_OTHER,DEPICTION_OF VIOLENCE,PL
All,Google Maps,2026-01-01/2026-06-30,KEYWORD_OTHER,SHOCKING_CONTENT,PL
All,Google Maps,2026-01-01/2026-06-30,KEYWORD_OTHER,VIOLENT_OR_GRAPHIC_CONTENT,PL
All,Google Maps,2026-01-01/2026-06-30,STATEMENT_CATEGORY_NOT_SPECIFIED_ORDER,,PL
All,Google Maps,2026-01-01/2026-06-30,TOTAL,,PT
All,Google Maps,2026-01-01/2026-06-30,STATEMENT_CATEGORY_ANIMAL_WELFARE,,PT
All,Google Maps,2026-01-01/2026-06-30,KEYWORD_ANIMAL_HARM,,PT
All,Google Maps,2026-01-01/2026-06-30,KEYWORD_UNLAWFUL_SALE_ANIMALS,,PT
All,Google Maps,2026-01-01/2026-06-30,KEYWORD_OTHER,ANIMAL_CRUELTY,PT
All,Google Maps,2026-01-01/2026-06-30,KEYWORD_OTHER,ANIMAL_HARM_AND_UNLAWFUL_SALE,PT
All,Google Maps,2026-01-01/2026-06-30,STATEMENT_CATEGORY_CONSUMER_INFORMATION,,PT
All,Google Maps,2026-01-01/2026-06-30,KEYWORD_HIDDEN_ADVERTISEMENT,,PT
All,Google Maps,2026-01-01/2026-06-30,KEYWORD_INSUFFICIENT_INFORMATION_ON_TRADERS,,PT
All,Google Maps,2026-01-01/2026-06-30,KEYWORD_MISLEADING_INFO_GOODS_SERVICES,,PT
All,Google Maps,2026-01-01/2026-06-30,KEYWORD_MISLEADING_INFO_CONSUMER_RIGHTS,,PT
All,Google Maps,2026-01-01/2026-06-30,KEYWORD_NONCOMPLIANCE_PRICING,,PT
All,Google Maps,2026-01-01/2026-06-30,KEYWORD_OTHER,CONSUMER_PROTECTION,PT
All,Google Maps,2026-01-01/2026-06-30,KEYWORD_OTHER,MISREPRESENTATION,PT
All,Google Maps,2026-01-01/2026-06-30,STATEMENT_CATEGORY_CYBER_VIOLENCE,,PT
All,Google Maps,2026-01-01/2026-06-30,KEYWORD_CYBER_BULLYING_INTIMIDATION,,PT
All,Google Maps,2026-01-01/2026-06-30,KEYWORD_CYBER_HARASSMENT,,PT
All,Google Maps,2026-01-01/2026-06-30,KEYWORD_CYBER_INCITEMENT,,PT
All,Google Maps,2026-01-01/2026-06-30,KEYWORD_CYBER_STALKING,,PT
All,Google Maps,2026-01-01/2026-06-30,KEYWORD_NON_CONSENSUAL_IMAGE_SHARING,,PT
All,Google Maps,2026-01-01/2026-06-30,KEYWORD_NON_CONSENSUAL_MATERIAL_DEEPFAKE,,PT
All,Google Maps,2026-01-01/2026-06-30,KEYWORD_OTHER,DOXING,PT
All,Google Maps,2026-01-01/2026-06-30,KEYWORD_OTHER,HARASSMENT,PT
All,Google Maps,2026-01-01/2026-06-30,KEYWORD_OTHER,HARASSMENT_AND_CYBERBULLYING,PT
All,Google Maps,2026-01-01/2026-06-30,KEYWORD_OTHER,HARMFUL_ACTIVITIES,PT
All,Google Maps,2026-01-01/2026-06-30,KEYWORD_OTHER,SEXUAL_HARASSMENT,PT
All,Google Maps,2026-01-01/2026-06-30,KEYWORD_OTHER,OBSCENITY_OR_PORNOGRAPHY,PT
All,Google Maps,2026-01-01/2026-06-30,KEYWORD_OTHER,UNSAFE_CONTENT,PT
All,Google Maps,2026-01-01/2026-06-30,STATEMENT_CATEGORY_CYBER_VIOLENCE_AGAINST_WOMEN,,PT
All,Google Maps,2026-01-01/2026-06-30,KEYWORD_BULLYING_AGAINST_GIRLS,,PT
All,Google Maps,2026-01-01/2026-06-30,KEYWORD_CYBER_HARASSMENT_AGAINST_WOMEN,,PT
All,Google Maps,2026-01-01/2026-06-30,KEYWORD_CYBER_STALKING_AGAINST_WOMEN,,PT
All,Google Maps,2026-01-01/2026-06-30,KEYWORD_FEMALE_GENDERED_DISINFORMATION,,PT
All,Google Maps,2026-01-01/2026-06-30,KEYWORD_INCITEMENT_AGAINST_WOMEN,,PT
All,Google Maps,2026-01-01/2026-06-30,KEYWORD_NON_CONSENSUAL_IMAGE_SHARING_AGAINST_WOMEN,,PT
All,Google Maps,2026-01-01/2026-06-30,KEYWORD_NON_CONSENSUAL_MATERIAL_DEEPFAKE_AGAINST_WOMEN,,PT
All,Google Maps,2026-01-01/2026-06-30,KEYWORD_OTHER,"Text to detail the ""Other"" keyword.",PT
All,Google Maps,2026-01-01/2026-06-30,STATEMENT_CATEGORY_DATA_PROTECTION_AND_PRIVACY_VIOLATIONS,,PT
All,Google Maps,2026-01-01/2026-06-30,KEYWORD_BIOMETRIC_DATA_BREACH,,PT
All,Google Maps,2026-01-01/2026-06-30,KEYWORD_DATA_FALSIFICATION,,PT
All,Google Maps,2026-01-01/2026-06-30,KEYWORD_MISSING_PROCESSING_GROUND,,PT
All,Google Maps,2026-01-01/2026-06-30,KEYWORD_RIGHT_TO_BE_FORGOTTEN,,PT
All,Google Maps,2026-01-01/2026-06-30,KEYWORD_OTHER,DATA_COLLECTION_AND_USE,PT
All,Google Maps,2026-01-01/2026-06-30,KEYWORD_OTHER,DISCLOSURE_AND_CONSENT_PRACTICES,PT
All,Google Maps,2026-01-01/2026-06-30,KEYWORD_OTHER,GDPR,PT
All,Google Maps,2026-01-01/2026-06-30,KEYWORD_OTHER,PERSONAL_INFORMATION,PT
All,Google Maps,2026-01-01/2026-06-30,KEYWORD_OTHER,PERSONAL_RIGHTS,PT
All,Google Maps,2026-01-01/2026-06-30,KEYWORD_OTHER,PERSONALIZED_ADVERTISING,PT
All,Google Maps,2026-01-01/2026-06-30,KEYWORD_OTHER,PRIVACY,PT
All,Google Maps,2026-01-01/2026-06-30,KEYWORD_OTHER,PRIVACY_POLICY,PT
All,Google Maps,2026-01-01/2026-06-30,KEYWORD_OTHER,UNSECURE_DATA_HANDLING,PT
All,Google Maps,2026-01-01/2026-06-30,STATEMENT_CATEGORY_ILLEGAL_OR_HARMFUL_SPEECH,,PT
All,Google Maps,2026-01-01/2026-06-30,KEYWORD_DEFAMATION,,PT
All,Google Maps,2026-01-01/2026-06-30,KEYWORD_DISCRIMINATION,,PT
All,Google Maps,2026-01-01/2026-06-30,KEYWORD_HATE_SPEECH,,PT
All,Google Maps,2026-01-01/2026-06-30,KEYWORD_OTHER,HATEFUL_OR_ABUSIVE,PT
All,Google Maps,2026-01-01/2026-06-30,KEYWORD_OTHER,ILLEGAL_OR_HARMFUL_SPEECH,PT
All,Google Maps,2026-01-01/2026-06-30,KEYWORD_OTHER,OBSCENITY_AND_PROFANITY,PT
All,Google Maps,2026-01-01/2026-06-30,KEYWORD_OTHER,OFFENSIVE_CONTENT,PT
All,Google Maps,2026-01-01/2026-06-30,KEYWORD_OTHER,UNSAFE_CONTENT,PT
All,Google Maps,2026-01-01/2026-06-30,STATEMENT_CATEGORY_INTELLECTUAL_PROPERTY_INFRINGEMENTS,,PT
All,Google Maps,2026-01-01/2026-06-30,KEYWORD_COPYRIGHT_INFRINGEMENT,,PT
All,Google Maps,2026-01-01/2026-06-30,KEYWORD_DESIGN_INFRINGEMENT,,PT
All,Google Maps,2026-01-01/2026-06-30,KEYWORD_GEOGRAPHIC_INDICATIONS_INFRINGEMENT,,PT
All,Google Maps,2026-01-01/2026-06-30,KEYWORD_PATENT_INFRINGEMENT,,PT
All,Google Maps,2026-01-01/2026-06-30,KEYWORD_TRADE_SECRET_INFRINGEMENT,,PT
All,Google Maps,2026-01-01/2026-06-30,KEYWORD_TRADEMARK_INFRINGEMENT,,PT
All,Google Maps,2026-01-01/2026-06-30,KEYWORD_OTHER,CIRCUMVENTION,PT
All,Google Maps,2026-01-01/2026-06-30,KEYWORD_OTHER,INTELLECTUAL PROPERTY,PT
All,Google Maps,2026-01-01/2026-06-30,STATEMENT_CATEGORY_NEGATIVE_EFFECTS_ON_CIVIC_DISCOURSE_OR_ELECTIONS,,PT
All,Google Maps,2026-01-01/2026-06-30,KEYWORD_MISINFORMATION_DISINFORMATION,,PT
All,Google Maps,2026-01-01/2026-06-30,KEYWORD_VIOLATION_EU_LAW,,PT
All,Google Maps,2026-01-01/2026-06-30,KEYWORD_VIOLATION_NATIONAL_LAW,,PT
All,Google Maps,2026-01-01/2026-06-30,KEYWORD_OTHER,ELECTORAL,PT
All,Google Maps,2026-01-01/2026-06-30,KEYWORD_OTHER,HACKED_POLITICAL_MATERIALS,PT
All,Google Maps,2026-01-01/2026-06-30,KEYWORD_OTHER,POLITICAL_CONTENT,PT
All,Google Maps,2026-01-01/2026-06-30,KEYWORD_OTHER,SOCIAL_STABILITY,PT
All,Google Maps,2026-01-01/2026-06-30,KEYWORD_OTHER,SOCIETAL_VALUES,PT
All,Google Maps,2026-01-01/2026-06-30,STATEMENT_CATEGORY_PROTECTION_OF_MINORS,,PT
All,Google Maps,2026-01-01/2026-06-30,KEYWORD_AGE_SPECIFIC_RESTRICTIONS_MINORS,,PT
All,Google Maps,2026-01-01/2026-06-30,KEYWORD_CHILD_SEXUAL_ABUSE_MATERIAL,,PT
All,Google Maps,2026-01-01/2026-06-30,KEYWORD_CHILD_SEXUAL_ABUSE_MATERIAL_DEEPFAKE,,PT
All,Google Maps,2026-01-01/2026-06-30,KEYWORD_GROOMING_SEXUAL_ENTICEMENT_MINORS,,PT
All,Google Maps,2026-01-01/2026-06-30,KEYWORD_UNSAFE_CHALLENGES,,PT
All,Google Maps,2026-01-01/2026-06-30,KEYWORD_OTHER,CHILD_ENDANGERMENT,PT
All,Google Maps,2026-01-01/2026-06-30,KEYWORD_OTHER,CHILD_SAFETY,PT
All,Google Maps,2026-01-01/2026-06-30,KEYWORD_OTHER,HARMFUL_OR_DANGEROUS_ACTS_CHALLENGES_AND_PRANKS,PT
All,Google Maps,2026-01-01/2026-06-30,KEYWORD_OTHER,KNOWN_SERIES,PT
All,Google Maps,2026-01-01/2026-06-30,KEYWORD_OTHER,PROTECTION_OF_MINORS,PT
All,Google Maps,2026-01-01/2026-06-30,KEYWORD_OTHER,UNAUTHORIZED_IMAGE_OF_MINORS,PT
All,Google Maps,2026-01-01/2026-06-30,STATEMENT_CATEGORY_RISK_FOR_PUBLIC_SECURITY,,PT
All,Google Maps,2026-01-01/2026-06-30,KEYWORD_ILLEGAL_ORGANIZATIONS,,PT
All,Google Maps,2026-01-01/2026-06-30,KEYWORD_RISK_ENVIRONMENTAL_DAMAGE,,PT
All,Google Maps,2026-01-01/2026-06-30,KEYWORD_RISK_PUBLIC_HEALTH,,PT
All,Google Maps,2026-01-01/2026-06-30,KEYWORD_TERRORIST_CONTENT,,PT
All,Google Maps,2026-01-01/2026-06-30,KEYWORD_OTHER,COURT_ORDER,PT
All,Google Maps,2026-01-01/2026-06-30,KEYWORD_OTHER,RISK_FOR_PUBLIC_SECURITY,PT
All,Google Maps,2026-01-01/2026-06-30,KEYWORD_OTHER,SENSITIVE_EVENTS,PT
All,Google Maps,2026-01-01/2026-06-30,KEYWORD_OTHER,VIOLENT_EXTREMISM,PT
All,Google Maps,2026-01-01/2026-06-30,KEYWORD_OTHER,WRONGFUL_OR_UNAUTHORIZED_USE_OF_SYMBOLS,PT
All,Google Maps,2026-01-01/2026-06-30,STATEMENT_CATEGORY_SCAMS_AND_FRAUD,,PT
All,Google Maps,2026-01-01/2026-06-30,KEYWORD_IMPERSONATION_ACCOUNT_HIJACKING,,PT
All,Google Maps,2026-01-01/2026-06-30,KEYWORD_INAUTHENTIC_ACCOUNTS,,PT
All,Google Maps,2026-01-01/2026-06-30,KEYWORD_INAUTHENTIC_LISTINGS,,PT
All,Google Maps,2026-01-01/2026-06-30,KEYWORD_INAUTHENTIC_USER_REVIEWS,,PT
All,Google Maps,2026-01-01/2026-06-30,KEYWORD_PHISHING,,PT
All,Google Maps,2026-01-01/2026-06-30,KEYWORD_PYRAMID_SCHEMES,,PT
All,Google Maps,2026-01-01/2026-06-30,KEYWORD_OTHER,AD_FRAUD_POLICY,PT
All,Google Maps,2026-01-01/2026-06-30,KEYWORD_OTHER,ENCOURAGEMENT_OF_DIGITAL_SECURITY_OR_TERMS_OF_SERVICE_VIOLATIONS,PT
All,Google Maps,2026-01-01/2026-06-30,KEYWORD_OTHER,FRAUD,PT
All,Google Maps,2026-01-01/2026-06-30,KEYWORD_OTHER,MALWARE,PT
All,Google Maps,2026-01-01/2026-06-30,KEYWORD_OTHER,MALWARE_AND_PHISHING,PT
All,Google Maps,2026-01-01/2026-06-30,KEYWORD_OTHER,MALWARE_AND_SYSTEM_CIRCUMVENTION,PT
All,Google Maps,2026-01-01/2026-06-30,KEYWORD_OTHER,MISREPRESENTATION,PT
All,Google Maps,2026-01-01/2026-06-30,KEYWORD_OTHER,SCAMS,PT
All,Google Maps,2026-01-01/2026-06-30,KEYWORD_OTHER,SOCIAL_ENGINEERING_TACTICS,PT
All,Google Maps,2026-01-01/2026-06-30,STATEMENT_CATEGORY_SELF_HARM,,PT
All,Google Maps,2026-01-01/2026-06-30,KEYWORD_CONTENT_PROMOTING_EATING_DISORDERS,,PT
All,Google Maps,2026-01-01/2026-06-30,KEYWORD_SELF_MUTILATION,,PT
All,Google Maps,2026-01-01/2026-06-30,KEYWORD_SUICIDE,,PT
All,Google Maps,2026-01-01/2026-06-30,KEYWORD_OTHER,SELF_HARM,PT
All,Google Maps,2026-01-01/2026-06-30,KEYWORD_OTHER,SUICIDE_AND_SELF_HARM,PT
All,Google Maps,2026-01-01/2026-06-30,STATEMENT_CATEGORY_UNSAFE_AND_PROHIBITED_PRODUCTS,,PT
All,Google Maps,2026-01-01/2026-06-30,KEYWORD_PROHIBITED_PRODUCTS,,PT
All,Google Maps,2026-01-01/2026-06-30,KEYWORD_UNSAFE_PRODUCTS,,PT
All,Google Maps,2026-01-01/2026-06-30,KEYWORD_OTHER,COURT_ORDER,PT
All,Google Maps,2026-01-01/2026-06-30,KEYWORD_OTHER,ENABLING_DISHONEST_BEHAVIOR,PT
All,Google Maps,2026-01-01/2026-06-30,KEYWORD_OTHER,FIREARMS_AND_ILLEGAL_REGULATED_GOODS_OR_SERVICES,PT
All,Google Maps,2026-01-01/2026-06-30,KEYWORD_OTHER,OTHER_LEGAL_NOTICES_OR_ORDERS,PT
All,Google Maps,2026-01-01/2026-06-30,KEYWORD_OTHER,UNAUTHORIZED_PHARMACIES,PT
All,Google Maps,2026-01-01/2026-06-30,STATEMENT_CATEGORY_VIOLENCE,,PT
All,Google Maps,2026-01-01/2026-06-30,KEYWORD_COORDINATED_HARM,,PT
All,Google Maps,2026-01-01/2026-06-30,KEYWORD_INCITEMENT_VIOLENCE_HATRED,,PT
All,Google Maps,2026-01-01/2026-06-30,KEYWORD_HUMAN_EXPLOITATION,,PT
All,Google Maps,2026-01-01/2026-06-30,KEYWORD_HUMAN_TRAFFICKING,,PT
All,Google Maps,2026-01-01/2026-06-30,KEYWORD_TRAFFICKING_WOMEN_GIRLS,,PT
All,Google Maps,2026-01-01/2026-06-30,KEYWORD_OTHER,DEPICTION_OF VIOLENCE,PT
All,Google Maps,2026-01-01/2026-06-30,KEYWORD_OTHER,SHOCKING_CONTENT,PT
All,Google Maps,2026-01-01/2026-06-30,KEYWORD_OTHER,VIOLENT_OR_GRAPHIC_CONTENT,PT
All,Google Maps,2026-01-01/2026-06-30,STATEMENT_CATEGORY_NOT_SPECIFIED_ORDER,,PT
All,Google Maps,2026-01-01/2026-06-30,TOTAL,,RO
All,Google Maps,2026-01-01/2026-06-30,STATEMENT_CATEGORY_ANIMAL_WELFARE,,RO
All,Google Maps,2026-01-01/2026-06-30,KEYWORD_ANIMAL_HARM,,RO
All,Google Maps,2026-01-01/2026-06-30,KEYWORD_UNLAWFUL_SALE_ANIMALS,,RO
All,Google Maps,2026-01-01/2026-06-30,KEYWORD_OTHER,ANIMAL_CRUELTY,RO
All,Google Maps,2026-01-01/2026-06-30,KEYWORD_OTHER,ANIMAL_HARM_AND_UNLAWFUL_SALE,RO
All,Google Maps,2026-01-01/2026-06-30,STATEMENT_CATEGORY_CONSUMER_INFORMATION,,RO
All,Google Maps,2026-01-01/2026-06-30,KEYWORD_HIDDEN_ADVERTISEMENT,,RO
All,Google Maps,2026-01-01/2026-06-30,KEYWORD_INSUFFICIENT_INFORMATION_ON_TRADERS,,RO
All,Google Maps,2026-01-01/2026-06-30,KEYWORD_MISLEADING_INFO_GOODS_SERVICES,,RO
All,Google Maps,2026-01-01/2026-06-30,KEYWORD_MISLEADING_INFO_CONSUMER_RIGHTS,,RO
All,Google Maps,2026-01-01/2026-06-30,KEYWORD_NONCOMPLIANCE_PRICING,,RO
All,Google Maps,2026-01-01/2026-06-30,KEYWORD_OTHER,CONSUMER_PROTECTION,RO
All,Google Maps,2026-01-01/2026-06-30,KEYWORD_OTHER,MISREPRESENTATION,RO
All,Google Maps,2026-01-01/2026-06-30,STATEMENT_CATEGORY_CYBER_VIOLENCE,,RO
All,Google Maps,2026-01-01/2026-06-30,KEYWORD_CYBER_BULLYING_INTIMIDATION,,RO
All,Google Maps,2026-01-01/2026-06-30,KEYWORD_CYBER_HARASSMENT,,RO
All,Google Maps,2026-01-01/2026-06-30,KEYWORD_CYBER_INCITEMENT,,RO
All,Google Maps,2026-01-01/2026-06-30,KEYWORD_CYBER_STALKING,,RO
All,Google Maps,2026-01-01/2026-06-30,KEYWORD_NON_CONSENSUAL_IMAGE_SHARING,,RO
All,Google Maps,2026-01-01/2026-06-30,KEYWORD_NON_CONSENSUAL_MATERIAL_DEEPFAKE,,RO
All,Google Maps,2026-01-01/2026-06-30,KEYWORD_OTHER,DOXING,RO
All,Google Maps,2026-01-01/2026-06-30,KEYWORD_OTHER,HARASSMENT,RO
All,Google Maps,2026-01-01/2026-06-30,KEYWORD_OTHER,HARASSMENT_AND_CYBERBULLYING,RO
All,Google Maps,2026-01-01/2026-06-30,KEYWORD_OTHER,HARMFUL_ACTIVITIES,RO
All,Google Maps,2026-01-01/2026-06-30,KEYWORD_OTHER,SEXUAL_HARASSMENT,RO
All,Google Maps,2026-01-01/2026-06-30,KEYWORD_OTHER,OBSCENITY_OR_PORNOGRAPHY,RO
All,Google Maps,2026-01-01/2026-06-30,KEYWORD_OTHER,UNSAFE_CONTENT,RO
All,Google Maps,2026-01-01/2026-06-30,STATEMENT_CATEGORY_CYBER_VIOLENCE_AGAINST_WOMEN,,RO
All,Google Maps,2026-01-01/2026-06-30,KEYWORD_BULLYING_AGAINST_GIRLS,,RO
All,Google Maps,2026-01-01/2026-06-30,KEYWORD_CYBER_HARASSMENT_AGAINST_WOMEN,,RO
All,Google Maps,2026-01-01/2026-06-30,KEYWORD_CYBER_STALKING_AGAINST_WOMEN,,RO
All,Google Maps,2026-01-01/2026-06-30,KEYWORD_FEMALE_GENDERED_DISINFORMATION,,RO
All,Google Maps,2026-01-01/2026-06-30,KEYWORD_INCITEMENT_AGAINST_WOMEN,,RO
All,Google Maps,2026-01-01/2026-06-30,KEYWORD_NON_CONSENSUAL_IMAGE_SHARING_AGAINST_WOMEN,,RO
All,Google Maps,2026-01-01/2026-06-30,KEYWORD_NON_CONSENSUAL_MATERIAL_DEEPFAKE_AGAINST_WOMEN,,RO
All,Google Maps,2026-01-01/2026-06-30,KEYWORD_OTHER,"Text to detail the ""Other"" keyword.",RO
All,Google Maps,2026-01-01/2026-06-30,STATEMENT_CATEGORY_DATA_PROTECTION_AND_PRIVACY_VIOLATIONS,,RO
All,Google Maps,2026-01-01/2026-06-30,KEYWORD_BIOMETRIC_DATA_BREACH,,RO
All,Google Maps,2026-01-01/2026-06-30,KEYWORD_DATA_FALSIFICATION,,RO
All,Google Maps,2026-01-01/2026-06-30,KEYWORD_MISSING_PROCESSING_GROUND,,RO
All,Google Maps,2026-01-01/2026-06-30,KEYWORD_RIGHT_TO_BE_FORGOTTEN,,RO
All,Google Maps,2026-01-01/2026-06-30,KEYWORD_OTHER,DATA_COLLECTION_AND_USE,RO
All,Google Maps,2026-01-01/2026-06-30,KEYWORD_OTHER,DISCLOSURE_AND_CONSENT_PRACTICES,RO
All,Google Maps,2026-01-01/2026-06-30,KEYWORD_OTHER,GDPR,RO
All,Google Maps,2026-01-01/2026-06-30,KEYWORD_OTHER,PERSONAL_INFORMATION,RO
All,Google Maps,2026-01-01/2026-06-30,KEYWORD_OTHER,PERSONAL_RIGHTS,RO
All,Google Maps,2026-01-01/2026-06-30,KEYWORD_OTHER,PERSONALIZED_ADVERTISING,RO
All,Google Maps,2026-01-01/2026-06-30,KEYWORD_OTHER,PRIVACY,RO
All,Google Maps,2026-01-01/2026-06-30,KEYWORD_OTHER,PRIVACY_POLICY,RO
All,Google Maps,2026-01-01/2026-06-30,KEYWORD_OTHER,UNSECURE_DATA_HANDLING,RO
All,Google Maps,2026-01-01/2026-06-30,STATEMENT_CATEGORY_ILLEGAL_OR_HARMFUL_SPEECH,,RO
All,Google Maps,2026-01-01/2026-06-30,KEYWORD_DEFAMATION,,RO
All,Google Maps,2026-01-01/2026-06-30,KEYWORD_DISCRIMINATION,,RO
All,Google Maps,2026-01-01/2026-06-30,KEYWORD_HATE_SPEECH,,RO
All,Google Maps,2026-01-01/2026-06-30,KEYWORD_OTHER,HATEFUL_OR_ABUSIVE,RO
All,Google Maps,2026-01-01/2026-06-30,KEYWORD_OTHER,ILLEGAL_OR_HARMFUL_SPEECH,RO
All,Google Maps,2026-01-01/2026-06-30,KEYWORD_OTHER,OBSCENITY_AND_PROFANITY,RO
All,Google Maps,2026-01-01/2026-06-30,KEYWORD_OTHER,OFFENSIVE_CONTENT,RO
All,Google Maps,2026-01-01/2026-06-30,KEYWORD_OTHER,UNSAFE_CONTENT,RO
All,Google Maps,2026-01-01/2026-06-30,STATEMENT_CATEGORY_INTELLECTUAL_PROPERTY_INFRINGEMENTS,,RO
All,Google Maps,2026-01-01/2026-06-30,KEYWORD_COPYRIGHT_INFRINGEMENT,,RO
All,Google Maps,2026-01-01/2026-06-30,KEYWORD_DESIGN_INFRINGEMENT,,RO
All,Google Maps,2026-01-01/2026-06-30,KEYWORD_GEOGRAPHIC_INDICATIONS_INFRINGEMENT,,RO
All,Google Maps,2026-01-01/2026-06-30,KEYWORD_PATENT_INFRINGEMENT,,RO
All,Google Maps,2026-01-01/2026-06-30,KEYWORD_TRADE_SECRET_INFRINGEMENT,,RO
All,Google Maps,2026-01-01/2026-06-30,KEYWORD_TRADEMARK_INFRINGEMENT,,RO
All,Google Maps,2026-01-01/2026-06-30,KEYWORD_OTHER,CIRCUMVENTION,RO
All,Google Maps,2026-01-01/2026-06-30,KEYWORD_OTHER,INTELLECTUAL PROPERTY,RO
All,Google Maps,2026-01-01/2026-06-30,STATEMENT_CATEGORY_NEGATIVE_EFFECTS_ON_CIVIC_DISCOURSE_OR_ELECTIONS,,RO
All,Google Maps,2026-01-01/2026-06-30,KEYWORD_MISINFORMATION_DISINFORMATION,,RO
All,Google Maps,2026-01-01/2026-06-30,KEYWORD_VIOLATION_EU_LAW,,RO
All,Google Maps,2026-01-01/2026-06-30,KEYWORD_VIOLATION_NATIONAL_LAW,,RO
All,Google Maps,2026-01-01/2026-06-30,KEYWORD_OTHER,ELECTORAL,RO
All,Google Maps,2026-01-01/2026-06-30,KEYWORD_OTHER,HACKED_POLITICAL_MATERIALS,RO
All,Google Maps,2026-01-01/2026-06-30,KEYWORD_OTHER,POLITICAL_CONTENT,RO
All,Google Maps,2026-01-01/2026-06-30,KEYWORD_OTHER,SOCIAL_STABILITY,RO
All,Google Maps,2026-01-01/2026-06-30,KEYWORD_OTHER,SOCIETAL_VALUES,RO
All,Google Maps,2026-01-01/2026-06-30,STATEMENT_CATEGORY_PROTECTION_OF_MINORS,,RO
All,Google Maps,2026-01-01/2026-06-30,KEYWORD_AGE_SPECIFIC_RESTRICTIONS_MINORS,,RO
All,Google Maps,2026-01-01/2026-06-30,KEYWORD_CHILD_SEXUAL_ABUSE_MATERIAL,,RO
All,Google Maps,2026-01-01/2026-06-30,KEYWORD_CHILD_SEXUAL_ABUSE_MATERIAL_DEEPFAKE,,RO
All,Google Maps,2026-01-01/2026-06-30,KEYWORD_GROOMING_SEXUAL_ENTICEMENT_MINORS,,RO
All,Google Maps,2026-01-01/2026-06-30,KEYWORD_UNSAFE_CHALLENGES,,RO
All,Google Maps,2026-01-01/2026-06-30,KEYWORD_OTHER,CHILD_ENDANGERMENT,RO
All,Google Maps,2026-01-01/2026-06-30,KEYWORD_OTHER,CHILD_SAFETY,RO
All,Google Maps,2026-01-01/2026-06-30,KEYWORD_OTHER,HARMFUL_OR_DANGEROUS_ACTS_CHALLENGES_AND_PRANKS,RO
All,Google Maps,2026-01-01/2026-06-30,KEYWORD_OTHER,KNOWN_SERIES,RO
All,Google Maps,2026-01-01/2026-06-30,KEYWORD_OTHER,PROTECTION_OF_MINORS,RO
All,Google Maps,2026-01-01/2026-06-30,KEYWORD_OTHER,UNAUTHORIZED_IMAGE_OF_MINORS,RO
All,Google Maps,2026-01-01/2026-06-30,STATEMENT_CATEGORY_RISK_FOR_PUBLIC_SECURITY,,RO
All,Google Maps,2026-01-01/2026-06-30,KEYWORD_ILLEGAL_ORGANIZATIONS,,RO
All,Google Maps,2026-01-01/2026-06-30,KEYWORD_RISK_ENVIRONMENTAL_DAMAGE,,RO
All,Google Maps,2026-01-01/2026-06-30,KEYWORD_RISK_PUBLIC_HEALTH,,RO
All,Google Maps,2026-01-01/2026-06-30,KEYWORD_TERRORIST_CONTENT,,RO
All,Google Maps,2026-01-01/2026-06-30,KEYWORD_OTHER,COURT_ORDER,RO
All,Google Maps,2026-01-01/2026-06-30,KEYWORD_OTHER,RISK_FOR_PUBLIC_SECURITY,RO
All,Google Maps,2026-01-01/2026-06-30,KEYWORD_OTHER,SENSITIVE_EVENTS,RO
All,Google Maps,2026-01-01/2026-06-30,KEYWORD_OTHER,VIOLENT_EXTREMISM,RO
All,Google Maps,2026-01-01/2026-06-30,KEYWORD_OTHER,WRONGFUL_OR_UNAUTHORIZED_USE_OF_SYMBOLS,RO
All,Google Maps,2026-01-01/2026-06-30,STATEMENT_CATEGORY_SCAMS_AND_FRAUD,,RO
All,Google Maps,2026-01-01/2026-06-30,KEYWORD_IMPERSONATION_ACCOUNT_HIJACKING,,RO
All,Google Maps,2026-01-01/2026-06-30,KEYWORD_INAUTHENTIC_ACCOUNTS,,RO
All,Google Maps,2026-01-01/2026-06-30,KEYWORD_INAUTHENTIC_LISTINGS,,RO
All,Google Maps,2026-01-01/2026-06-30,KEYWORD_INAUTHENTIC_USER_REVIEWS,,RO
All,Google Maps,2026-01-01/2026-06-30,KEYWORD_PHISHING,,RO
All,Google Maps,2026-01-01/2026-06-30,KEYWORD_PYRAMID_SCHEMES,,RO
All,Google Maps,2026-01-01/2026-06-30,KEYWORD_OTHER,AD_FRAUD_POLICY,RO
All,Google Maps,2026-01-01/2026-06-30,KEYWORD_OTHER,ENCOURAGEMENT_OF_DIGITAL_SECURITY_OR_TERMS_OF_SERVICE_VIOLATIONS,RO
All,Google Maps,2026-01-01/2026-06-30,KEYWORD_OTHER,FRAUD,RO
All,Google Maps,2026-01-01/2026-06-30,KEYWORD_OTHER,MALWARE,RO
All,Google Maps,2026-01-01/2026-06-30,KEYWORD_OTHER,MALWARE_AND_PHISHING,RO
All,Google Maps,2026-01-01/2026-06-30,KEYWORD_OTHER,MALWARE_AND_SYSTEM_CIRCUMVENTION,RO
All,Google Maps,2026-01-01/2026-06-30,KEYWORD_OTHER,MISREPRESENTATION,RO
All,Google Maps,2026-01-01/2026-06-30,KEYWORD_OTHER,SCAMS,RO
All,Google Maps,2026-01-01/2026-06-30,KEYWORD_OTHER,SOCIAL_ENGINEERING_TACTICS,RO
All,Google Maps,2026-01-01/2026-06-30,STATEMENT_CATEGORY_SELF_HARM,,RO
All,Google Maps,2026-01-01/2026-06-30,KEYWORD_CONTENT_PROMOTING_EATING_DISORDERS,,RO
All,Google Maps,2026-01-01/2026-06-30,KEYWORD_SELF_MUTILATION,,RO
All,Google Maps,2026-01-01/2026-06-30,KEYWORD_SUICIDE,,RO
All,Google Maps,2026-01-01/2026-06-30,KEYWORD_OTHER,SELF_HARM,RO
All,Google Maps,2026-01-01/2026-06-30,KEYWORD_OTHER,SUICIDE_AND_SELF_HARM,RO
All,Google Maps,2026-01-01/2026-06-30,STATEMENT_CATEGORY_UNSAFE_AND_PROHIBITED_PRODUCTS,,RO
All,Google Maps,2026-01-01/2026-06-30,KEYWORD_PROHIBITED_PRODUCTS,,RO
All,Google Maps,2026-01-01/2026-06-30,KEYWORD_UNSAFE_PRODUCTS,,RO
All,Google Maps,2026-01-01/2026-06-30,KEYWORD_OTHER,COURT_ORDER,RO
All,Google Maps,2026-01-01/2026-06-30,KEYWORD_OTHER,ENABLING_DISHONEST_BEHAVIOR,RO
All,Google Maps,2026-01-01/2026-06-30,KEYWORD_OTHER,FIREARMS_AND_ILLEGAL_REGULATED_GOODS_OR_SERVICES,RO
All,Google Maps,2026-01-01/2026-06-30,KEYWORD_OTHER,OTHER_LEGAL_NOTICES_OR_ORDERS,RO
All,Google Maps,2026-01-01/2026-06-30,KEYWORD_OTHER,UNAUTHORIZED_PHARMACIES,RO
All,Google Maps,2026-01-01/2026-06-30,STATEMENT_CATEGORY_VIOLENCE,,RO
All,Google Maps,2026-01-01/2026-06-30,KEYWORD_COORDINATED_HARM,,RO
All,Google Maps,2026-01-01/2026-06-30,KEYWORD_INCITEMENT_VIOLENCE_HATRED,,RO
All,Google Maps,2026-01-01/2026-06-30,KEYWORD_HUMAN_EXPLOITATION,,RO
All,Google Maps,2026-01-01/2026-06-30,KEYWORD_HUMAN_TRAFFICKING,,RO
All,Google Maps,2026-01-01/2026-06-30,KEYWORD_TRAFFICKING_WOMEN_GIRLS,,RO
All,Google Maps,2026-01-01/2026-06-30,KEYWORD_OTHER,DEPICTION_OF VIOLENCE,RO
All,Google Maps,2026-01-01/2026-06-30,KEYWORD_OTHER,SHOCKING_CONTENT,RO
All,Google Maps,2026-01-01/2026-06-30,KEYWORD_OTHER,VIOLENT_OR_GRAPHIC_CONTENT,RO
All,Google Maps,2026-01-01/2026-06-30,STATEMENT_CATEGORY_NOT_SPECIFIED_ORDER,,RO
All,Google Maps,2026-01-01/2026-06-30,TOTAL,,SK
All,Google Maps,2026-01-01/2026-06-30,STATEMENT_CATEGORY_ANIMAL_WELFARE,,SK
All,Google Maps,2026-01-01/2026-06-30,KEYWORD_ANIMAL_HARM,,SK
All,Google Maps,2026-01-01/2026-06-30,KEYWORD_UNLAWFUL_SALE_ANIMALS,,SK
All,Google Maps,2026-01-01/2026-06-30,KEYWORD_OTHER,ANIMAL_CRUELTY,SK
All,Google Maps,2026-01-01/2026-06-30,KEYWORD_OTHER,ANIMAL_HARM_AND_UNLAWFUL_SALE,SK
All,Google Maps,2026-01-01/2026-06-30,STATEMENT_CATEGORY_CONSUMER_INFORMATION,,SK
All,Google Maps,2026-01-01/2026-06-30,KEYWORD_HIDDEN_ADVERTISEMENT,,SK
All,Google Maps,2026-01-01/2026-06-30,KEYWORD_INSUFFICIENT_INFORMATION_ON_TRADERS,,SK
All,Google Maps,2026-01-01/2026-06-30,KEYWORD_MISLEADING_INFO_GOODS_SERVICES,,SK
All,Google Maps,2026-01-01/2026-06-30,KEYWORD_MISLEADING_INFO_CONSUMER_RIGHTS,,SK
All,Google Maps,2026-01-01/2026-06-30,KEYWORD_NONCOMPLIANCE_PRICING,,SK
All,Google Maps,2026-01-01/2026-06-30,KEYWORD_OTHER,CONSUMER_PROTECTION,SK
All,Google Maps,2026-01-01/2026-06-30,KEYWORD_OTHER,MISREPRESENTATION,SK
All,Google Maps,2026-01-01/2026-06-30,STATEMENT_CATEGORY_CYBER_VIOLENCE,,SK
All,Google Maps,2026-01-01/2026-06-30,KEYWORD_CYBER_BULLYING_INTIMIDATION,,SK
All,Google Maps,2026-01-01/2026-06-30,KEYWORD_CYBER_HARASSMENT,,SK
All,Google Maps,2026-01-01/2026-06-30,KEYWORD_CYBER_INCITEMENT,,SK
All,Google Maps,2026-01-01/2026-06-30,KEYWORD_CYBER_STALKING,,SK
All,Google Maps,2026-01-01/2026-06-30,KEYWORD_NON_CONSENSUAL_IMAGE_SHARING,,SK
All,Google Maps,2026-01-01/2026-06-30,KEYWORD_NON_CONSENSUAL_MATERIAL_DEEPFAKE,,SK
All,Google Maps,2026-01-01/2026-06-30,KEYWORD_OTHER,DOXING,SK
All,Google Maps,2026-01-01/2026-06-30,KEYWORD_OTHER,HARASSMENT,SK
All,Google Maps,2026-01-01/2026-06-30,KEYWORD_OTHER,HARASSMENT_AND_CYBERBULLYING,SK
All,Google Maps,2026-01-01/2026-06-30,KEYWORD_OTHER,HARMFUL_ACTIVITIES,SK
All,Google Maps,2026-01-01/2026-06-30,KEYWORD_OTHER,SEXUAL_HARASSMENT,SK
All,Google Maps,2026-01-01/2026-06-30,KEYWORD_OTHER,OBSCENITY_OR_PORNOGRAPHY,SK
All,Google Maps,2026-01-01/2026-06-30,KEYWORD_OTHER,UNSAFE_CONTENT,SK
All,Google Maps,2026-01-01/2026-06-30,STATEMENT_CATEGORY_CYBER_VIOLENCE_AGAINST_WOMEN,,SK
All,Google Maps,2026-01-01/2026-06-30,KEYWORD_BULLYING_AGAINST_GIRLS,,SK
All,Google Maps,2026-01-01/2026-06-30,KEYWORD_CYBER_HARASSMENT_AGAINST_WOMEN,,SK
All,Google Maps,2026-01-01/2026-06-30,KEYWORD_CYBER_STALKING_AGAINST_WOMEN,,SK
All,Google Maps,2026-01-01/2026-06-30,KEYWORD_FEMALE_GENDERED_DISINFORMATION,,SK
All,Google Maps,2026-01-01/2026-06-30,KEYWORD_INCITEMENT_AGAINST_WOMEN,,SK
All,Google Maps,2026-01-01/2026-06-30,KEYWORD_NON_CONSENSUAL_IMAGE_SHARING_AGAINST_WOMEN,,SK
All,Google Maps,2026-01-01/2026-06-30,KEYWORD_NON_CONSENSUAL_MATERIAL_DEEPFAKE_AGAINST_WOMEN,,SK
All,Google Maps,2026-01-01/2026-06-30,KEYWORD_OTHER,"Text to detail the ""Other"" keyword.",SK
All,Google Maps,2026-01-01/2026-06-30,STATEMENT_CATEGORY_DATA_PROTECTION_AND_PRIVACY_VIOLATIONS,,SK
All,Google Maps,2026-01-01/2026-06-30,KEYWORD_BIOMETRIC_DATA_BREACH,,SK
All,Google Maps,2026-01-01/2026-06-30,KEYWORD_DATA_FALSIFICATION,,SK
All,Google Maps,2026-01-01/2026-06-30,KEYWORD_MISSING_PROCESSING_GROUND,,SK
All,Google Maps,2026-01-01/2026-06-30,KEYWORD_RIGHT_TO_BE_FORGOTTEN,,SK
All,Google Maps,2026-01-01/2026-06-30,KEYWORD_OTHER,DATA_COLLECTION_AND_USE,SK
All,Google Maps,2026-01-01/2026-06-30,KEYWORD_OTHER,DISCLOSURE_AND_CONSENT_PRACTICES,SK
All,Google Maps,2026-01-01/2026-06-30,KEYWORD_OTHER,GDPR,SK
All,Google Maps,2026-01-01/2026-06-30,KEYWORD_OTHER,PERSONAL_INFORMATION,SK
All,Google Maps,2026-01-01/2026-06-30,KEYWORD_OTHER,PERSONAL_RIGHTS,SK
All,Google Maps,2026-01-01/2026-06-30,KEYWORD_OTHER,PERSONALIZED_ADVERTISING,SK
All,Google Maps,2026-01-01/2026-06-30,KEYWORD_OTHER,PRIVACY,SK
All,Google Maps,2026-01-01/2026-06-30,KEYWORD_OTHER,PRIVACY_POLICY,SK
All,Google Maps,2026-01-01/2026-06-30,KEYWORD_OTHER,UNSECURE_DATA_HANDLING,SK
All,Google Maps,2026-01-01/2026-06-30,STATEMENT_CATEGORY_ILLEGAL_OR_HARMFUL_SPEECH,,SK
All,Google Maps,2026-01-01/2026-06-30,KEYWORD_DEFAMATION,,SK
All,Google Maps,2026-01-01/2026-06-30,KEYWORD_DISCRIMINATION,,SK
All,Google Maps,2026-01-01/2026-06-30,KEYWORD_HATE_SPEECH,,SK
All,Google Maps,2026-01-01/2026-06-30,KEYWORD_OTHER,HATEFUL_OR_ABUSIVE,SK
All,Google Maps,2026-01-01/2026-06-30,KEYWORD_OTHER,ILLEGAL_OR_HARMFUL_SPEECH,SK
All,Google Maps,2026-01-01/2026-06-30,KEYWORD_OTHER,OBSCENITY_AND_PROFANITY,SK
All,Google Maps,2026-01-01/2026-06-30,KEYWORD_OTHER,OFFENSIVE_CONTENT,SK
All,Google Maps,2026-01-01/2026-06-30,KEYWORD_OTHER,UNSAFE_CONTENT,SK
All,Google Maps,2026-01-01/2026-06-30,STATEMENT_CATEGORY_INTELLECTUAL_PROPERTY_INFRINGEMENTS,,SK
All,Google Maps,2026-01-01/2026-06-30,KEYWORD_COPYRIGHT_INFRINGEMENT,,SK
All,Google Maps,2026-01-01/2026-06-30,KEYWORD_DESIGN_INFRINGEMENT,,SK
All,Google Maps,2026-01-01/2026-06-30,KEYWORD_GEOGRAPHIC_INDICATIONS_INFRINGEMENT,,SK
All,Google Maps,2026-01-01/2026-06-30,KEYWORD_PATENT_INFRINGEMENT,,SK
All,Google Maps,2026-01-01/2026-06-30,KEYWORD_TRADE_SECRET_INFRINGEMENT,,SK
All,Google Maps,2026-01-01/2026-06-30,KEYWORD_TRADEMARK_INFRINGEMENT,,SK
All,Google Maps,2026-01-01/2026-06-30,KEYWORD_OTHER,CIRCUMVENTION,SK
All,Google Maps,2026-01-01/2026-06-30,KEYWORD_OTHER,INTELLECTUAL PROPERTY,SK
All,Google Maps,2026-01-01/2026-06-30,STATEMENT_CATEGORY_NEGATIVE_EFFECTS_ON_CIVIC_DISCOURSE_OR_ELECTIONS,,SK
All,Google Maps,2026-01-01/2026-06-30,KEYWORD_MISINFORMATION_DISINFORMATION,,SK
All,Google Maps,2026-01-01/2026-06-30,KEYWORD_VIOLATION_EU_LAW,,SK
All,Google Maps,2026-01-01/2026-06-30,KEYWORD_VIOLATION_NATIONAL_LAW,,SK
All,Google Maps,2026-01-01/2026-06-30,KEYWORD_OTHER,ELECTORAL,SK
All,Google Maps,2026-01-01/2026-06-30,KEYWORD_OTHER,HACKED_POLITICAL_MATERIALS,SK
All,Google Maps,2026-01-01/2026-06-30,KEYWORD_OTHER,POLITICAL_CONTENT,SK
All,Google Maps,2026-01-01/2026-06-30,KEYWORD_OTHER,SOCIAL_STABILITY,SK
All,Google Maps,2026-01-01/2026-06-30,KEYWORD_OTHER,SOCIETAL_VALUES,SK
All,Google Maps,2026-01-01/2026-06-30,STATEMENT_CATEGORY_PROTECTION_OF_MINORS,,SK
All,Google Maps,2026-01-01/2026-06-30,KEYWORD_AGE_SPECIFIC_RESTRICTIONS_MINORS,,SK
All,Google Maps,2026-01-01/2026-06-30,KEYWORD_CHILD_SEXUAL_ABUSE_MATERIAL,,SK
All,Google Maps,2026-01-01/2026-06-30,KEYWORD_CHILD_SEXUAL_ABUSE_MATERIAL_DEEPFAKE,,SK
All,Google Maps,2026-01-01/2026-06-30,KEYWORD_GROOMING_SEXUAL_ENTICEMENT_MINORS,,SK
All,Google Maps,2026-01-01/2026-06-30,KEYWORD_UNSAFE_CHALLENGES,,SK
All,Google Maps,2026-01-01/2026-06-30,KEYWORD_OTHER,CHILD_ENDANGERMENT,SK
All,Google Maps,2026-01-01/2026-06-30,KEYWORD_OTHER,CHILD_SAFETY,SK
All,Google Maps,2026-01-01/2026-06-30,KEYWORD_OTHER,HARMFUL_OR_DANGEROUS_ACTS_CHALLENGES_AND_PRANKS,SK
All,Google Maps,2026-01-01/2026-06-30,KEYWORD_OTHER,KNOWN_SERIES,SK
All,Google Maps,2026-01-01/2026-06-30,KEYWORD_OTHER,PROTECTION_OF_MINORS,SK
All,Google Maps,2026-01-01/2026-06-30,KEYWORD_OTHER,UNAUTHORIZED_IMAGE_OF_MINORS,SK
All,Google Maps,2026-01-01/2026-06-30,STATEMENT_CATEGORY_RISK_FOR_PUBLIC_SECURITY,,SK
All,Google Maps,2026-01-01/2026-06-30,KEYWORD_ILLEGAL_ORGANIZATIONS,,SK
All,Google Maps,2026-01-01/2026-06-30,KEYWORD_RISK_ENVIRONMENTAL_DAMAGE,,SK
All,Google Maps,2026-01-01/2026-06-30,KEYWORD_RISK_PUBLIC_HEALTH,,SK
All,Google Maps,2026-01-01/2026-06-30,KEYWORD_TERRORIST_CONTENT,,SK
All,Google Maps,2026-01-01/2026-06-30,KEYWORD_OTHER,COURT_ORDER,SK
All,Google Maps,2026-01-01/2026-06-30,KEYWORD_OTHER,RISK_FOR_PUBLIC_SECURITY,SK
All,Google Maps,2026-01-01/2026-06-30,KEYWORD_OTHER,SENSITIVE_EVENTS,SK
All,Google Maps,2026-01-01/2026-06-30,KEYWORD_OTHER,VIOLENT_EXTREMISM,SK
All,Google Maps,2026-01-01/2026-06-30,KEYWORD_OTHER,WRONGFUL_OR_UNAUTHORIZED_USE_OF_SYMBOLS,SK
All,Google Maps,2026-01-01/2026-06-30,STATEMENT_CATEGORY_SCAMS_AND_FRAUD,,SK
All,Google Maps,2026-01-01/2026-06-30,KEYWORD_IMPERSONATION_ACCOUNT_HIJACKING,,SK
All,Google Maps,2026-01-01/2026-06-30,KEYWORD_INAUTHENTIC_ACCOUNTS,,SK
All,Google Maps,2026-01-01/2026-06-30,KEYWORD_INAUTHENTIC_LISTINGS,,SK
All,Google Maps,2026-01-01/2026-06-30,KEYWORD_INAUTHENTIC_USER_REVIEWS,,SK
All,Google Maps,2026-01-01/2026-06-30,KEYWORD_PHISHING,,SK
All,Google Maps,2026-01-01/2026-06-30,KEYWORD_PYRAMID_SCHEMES,,SK
All,Google Maps,2026-01-01/2026-06-30,KEYWORD_OTHER,AD_FRAUD_POLICY,SK
All,Google Maps,2026-01-01/2026-06-30,KEYWORD_OTHER,ENCOURAGEMENT_OF_DIGITAL_SECURITY_OR_TERMS_OF_SERVICE_VIOLATIONS,SK
All,Google Maps,2026-01-01/2026-06-30,KEYWORD_OTHER,FRAUD,SK
All,Google Maps,2026-01-01/2026-06-30,KEYWORD_OTHER,MALWARE,SK
All,Google Maps,2026-01-01/2026-06-30,KEYWORD_OTHER,MALWARE_AND_PHISHING,SK
All,Google Maps,2026-01-01/2026-06-30,KEYWORD_OTHER,MALWARE_AND_SYSTEM_CIRCUMVENTION,SK
All,Google Maps,2026-01-01/2026-06-30,KEYWORD_OTHER,MISREPRESENTATION,SK
All,Google Maps,2026-01-01/2026-06-30,KEYWORD_OTHER,SCAMS,SK
All,Google Maps,2026-01-01/2026-06-30,KEYWORD_OTHER,SOCIAL_ENGINEERING_TACTICS,SK
All,Google Maps,2026-01-01/2026-06-30,STATEMENT_CATEGORY_SELF_HARM,,SK
All,Google Maps,2026-01-01/2026-06-30,KEYWORD_CONTENT_PROMOTING_EATING_DISORDERS,,SK
All,Google Maps,2026-01-01/2026-06-30,KEYWORD_SELF_MUTILATION,,SK
All,Google Maps,2026-01-01/2026-06-30,KEYWORD_SUICIDE,,SK
All,Google Maps,2026-01-01/2026-06-30,KEYWORD_OTHER,SELF_HARM,SK
All,Google Maps,2026-01-01/2026-06-30,KEYWORD_OTHER,SUICIDE_AND_SELF_HARM,SK
All,Google Maps,2026-01-01/2026-06-30,STATEMENT_CATEGORY_UNSAFE_AND_PROHIBITED_PRODUCTS,,SK
All,Google Maps,2026-01-01/2026-06-30,KEYWORD_PROHIBITED_PRODUCTS,,SK
All,Google Maps,2026-01-01/2026-06-30,KEYWORD_UNSAFE_PRODUCTS,,SK
All,Google Maps,2026-01-01/2026-06-30,KEYWORD_OTHER,COURT_ORDER,SK
All,Google Maps,2026-01-01/2026-06-30,KEYWORD_OTHER,ENABLING_DISHONEST_BEHAVIOR,SK
All,Google Maps,2026-01-01/2026-06-30,KEYWORD_OTHER,FIREARMS_AND_ILLEGAL_REGULATED_GOODS_OR_SERVICES,SK
All,Google Maps,2026-01-01/2026-06-30,KEYWORD_OTHER,OTHER_LEGAL_NOTICES_OR_ORDERS,SK
All,Google Maps,2026-01-01/2026-06-30,KEYWORD_OTHER,UNAUTHORIZED_PHARMACIES,SK
All,Google Maps,2026-01-01/2026-06-30,STATEMENT_CATEGORY_VIOLENCE,,SK
All,Google Maps,2026-01-01/2026-06-30,KEYWORD_COORDINATED_HARM,,SK
All,Google Maps,2026-01-01/2026-06-30,KEYWORD_INCITEMENT_VIOLENCE_HATRED,,SK
All,Google Maps,2026-01-01/2026-06-30,KEYWORD_HUMAN_EXPLOITATION,,SK
All,Google Maps,2026-01-01/2026-06-30,KEYWORD_HUMAN_TRAFFICKING,,SK
All,Google Maps,2026-01-01/2026-06-30,KEYWORD_TRAFFICKING_WOMEN_GIRLS,,SK
All,Google Maps,2026-01-01/2026-06-30,KEYWORD_OTHER,DEPICTION_OF VIOLENCE,SK
All,Google Maps,2026-01-01/2026-06-30,KEYWORD_OTHER,SHOCKING_CONTENT,SK
All,Google Maps,2026-01-01/2026-06-30,KEYWORD_OTHER,VIOLENT_OR_GRAPHIC_CONTENT,SK
All,Google Maps,2026-01-01/2026-06-30,STATEMENT_CATEGORY_NOT_SPECIFIED_ORDER,,SK
All,Google Maps,2026-01-01/2026-06-30,TOTAL,,SI
All,Google Maps,2026-01-01/2026-06-30,STATEMENT_CATEGORY_ANIMAL_WELFARE,,SI
All,Google Maps,2026-01-01/2026-06-30,KEYWORD_ANIMAL_HARM,,SI
All,Google Maps,2026-01-01/2026-06-30,KEYWORD_UNLAWFUL_SALE_ANIMALS,,SI
All,Google Maps,2026-01-01/2026-06-30,KEYWORD_OTHER,ANIMAL_CRUELTY,SI
All,Google Maps,2026-01-01/2026-06-30,KEYWORD_OTHER,ANIMAL_HARM_AND_UNLAWFUL_SALE,SI
All,Google Maps,2026-01-01/2026-06-30,STATEMENT_CATEGORY_CONSUMER_INFORMATION,,SI
All,Google Maps,2026-01-01/2026-06-30,KEYWORD_HIDDEN_ADVERTISEMENT,,SI
All,Google Maps,2026-01-01/2026-06-30,KEYWORD_INSUFFICIENT_INFORMATION_ON_TRADERS,,SI
All,Google Maps,2026-01-01/2026-06-30,KEYWORD_MISLEADING_INFO_GOODS_SERVICES,,SI
All,Google Maps,2026-01-01/2026-06-30,KEYWORD_MISLEADING_INFO_CONSUMER_RIGHTS,,SI
All,Google Maps,2026-01-01/2026-06-30,KEYWORD_NONCOMPLIANCE_PRICING,,SI
All,Google Maps,2026-01-01/2026-06-30,KEYWORD_OTHER,CONSUMER_PROTECTION,SI
All,Google Maps,2026-01-01/2026-06-30,KEYWORD_OTHER,MISREPRESENTATION,SI
All,Google Maps,2026-01-01/2026-06-30,STATEMENT_CATEGORY_CYBER_VIOLENCE,,SI
All,Google Maps,2026-01-01/2026-06-30,KEYWORD_CYBER_BULLYING_INTIMIDATION,,SI
All,Google Maps,2026-01-01/2026-06-30,KEYWORD_CYBER_HARASSMENT,,SI
All,Google Maps,2026-01-01/2026-06-30,KEYWORD_CYBER_INCITEMENT,,SI
All,Google Maps,2026-01-01/2026-06-30,KEYWORD_CYBER_STALKING,,SI
All,Google Maps,2026-01-01/2026-06-30,KEYWORD_NON_CONSENSUAL_IMAGE_SHARING,,SI
All,Google Maps,2026-01-01/2026-06-30,KEYWORD_NON_CONSENSUAL_MATERIAL_DEEPFAKE,,SI
All,Google Maps,2026-01-01/2026-06-30,KEYWORD_OTHER,DOXING,SI
All,Google Maps,2026-01-01/2026-06-30,KEYWORD_OTHER,HARASSMENT,SI
All,Google Maps,2026-01-01/2026-06-30,KEYWORD_OTHER,HARASSMENT_AND_CYBERBULLYING,SI
All,Google Maps,2026-01-01/2026-06-30,KEYWORD_OTHER,HARMFUL_ACTIVITIES,SI
All,Google Maps,2026-01-01/2026-06-30,KEYWORD_OTHER,SEXUAL_HARASSMENT,SI
All,Google Maps,2026-01-01/2026-06-30,KEYWORD_OTHER,OBSCENITY_OR_PORNOGRAPHY,SI
All,Google Maps,2026-01-01/2026-06-30,KEYWORD_OTHER,UNSAFE_CONTENT,SI
All,Google Maps,2026-01-01/2026-06-30,STATEMENT_CATEGORY_CYBER_VIOLENCE_AGAINST_WOMEN,,SI
All,Google Maps,2026-01-01/2026-06-30,KEYWORD_BULLYING_AGAINST_GIRLS,,SI
All,Google Maps,2026-01-01/2026-06-30,KEYWORD_CYBER_HARASSMENT_AGAINST_WOMEN,,SI
All,Google Maps,2026-01-01/2026-06-30,KEYWORD_CYBER_STALKING_AGAINST_WOMEN,,SI
All,Google Maps,2026-01-01/2026-06-30,KEYWORD_FEMALE_GENDERED_DISINFORMATION,,SI
All,Google Maps,2026-01-01/2026-06-30,KEYWORD_INCITEMENT_AGAINST_WOMEN,,SI
All,Google Maps,2026-01-01/2026-06-30,KEYWORD_NON_CONSENSUAL_IMAGE_SHARING_AGAINST_WOMEN,,SI
All,Google Maps,2026-01-01/2026-06-30,KEYWORD_NON_CONSENSUAL_MATERIAL_DEEPFAKE_AGAINST_WOMEN,,SI
All,Google Maps,2026-01-01/2026-06-30,KEYWORD_OTHER,"Text to detail the ""Other"" keyword.",SI
All,Google Maps,2026-01-01/2026-06-30,STATEMENT_CATEGORY_DATA_PROTECTION_AND_PRIVACY_VIOLATIONS,,SI
All,Google Maps,2026-01-01/2026-06-30,KEYWORD_BIOMETRIC_DATA_BREACH,,SI
All,Google Maps,2026-01-01/2026-06-30,KEYWORD_DATA_FALSIFICATION,,SI
All,Google Maps,2026-01-01/2026-06-30,KEYWORD_MISSING_PROCESSING_GROUND,,SI
All,Google Maps,2026-01-01/2026-06-30,KEYWORD_RIGHT_TO_BE_FORGOTTEN,,SI
All,Google Maps,2026-01-01/2026-06-30,KEYWORD_OTHER,DATA_COLLECTION_AND_USE,SI
All,Google Maps,2026-01-01/2026-06-30,KEYWORD_OTHER,DISCLOSURE_AND_CONSENT_PRACTICES,SI
All,Google Maps,2026-01-01/2026-06-30,KEYWORD_OTHER,GDPR,SI
All,Google Maps,2026-01-01/2026-06-30,KEYWORD_OTHER,PERSONAL_INFORMATION,SI
All,Google Maps,2026-01-01/2026-06-30,KEYWORD_OTHER,PERSONAL_RIGHTS,SI
All,Google Maps,2026-01-01/2026-06-30,KEYWORD_OTHER,PERSONALIZED_ADVERTISING,SI
All,Google Maps,2026-01-01/2026-06-30,KEYWORD_OTHER,PRIVACY,SI
All,Google Maps,2026-01-01/2026-06-30,KEYWORD_OTHER,PRIVACY_POLICY,SI
All,Google Maps,2026-01-01/2026-06-30,KEYWORD_OTHER,UNSECURE_DATA_HANDLING,SI
All,Google Maps,2026-01-01/2026-06-30,STATEMENT_CATEGORY_ILLEGAL_OR_HARMFUL_SPEECH,,SI
All,Google Maps,2026-01-01/2026-06-30,KEYWORD_DEFAMATION,,SI
All,Google Maps,2026-01-01/2026-06-30,KEYWORD_DISCRIMINATION,,SI
All,Google Maps,2026-01-01/2026-06-30,KEYWORD_HATE_SPEECH,,SI
All,Google Maps,2026-01-01/2026-06-30,KEYWORD_OTHER,HATEFUL_OR_ABUSIVE,SI
All,Google Maps,2026-01-01/2026-06-30,KEYWORD_OTHER,ILLEGAL_OR_HARMFUL_SPEECH,SI
All,Google Maps,2026-01-01/2026-06-30,KEYWORD_OTHER,OBSCENITY_AND_PROFANITY,SI
All,Google Maps,2026-01-01/2026-06-30,KEYWORD_OTHER,OFFENSIVE_CONTENT,SI
All,Google Maps,2026-01-01/2026-06-30,KEYWORD_OTHER,UNSAFE_CONTENT,SI
All,Google Maps,2026-01-01/2026-06-30,STATEMENT_CATEGORY_INTELLECTUAL_PROPERTY_INFRINGEMENTS,,SI
All,Google Maps,2026-01-01/2026-06-30,KEYWORD_COPYRIGHT_INFRINGEMENT,,SI
All,Google Maps,2026-01-01/2026-06-30,KEYWORD_DESIGN_INFRINGEMENT,,SI
All,Google Maps,2026-01-01/2026-06-30,KEYWORD_GEOGRAPHIC_INDICATIONS_INFRINGEMENT,,SI
All,Google Maps,2026-01-01/2026-06-30,KEYWORD_PATENT_INFRINGEMENT,,SI
All,Google Maps,2026-01-01/2026-06-30,KEYWORD_TRADE_SECRET_INFRINGEMENT,,SI
All,Google Maps,2026-01-01/2026-06-30,KEYWORD_TRADEMARK_INFRINGEMENT,,SI
All,Google Maps,2026-01-01/2026-06-30,KEYWORD_OTHER,CIRCUMVENTION,SI
All,Google Maps,2026-01-01/2026-06-30,KEYWORD_OTHER,INTELLECTUAL PROPERTY,SI
All,Google Maps,2026-01-01/2026-06-30,STATEMENT_CATEGORY_NEGATIVE_EFFECTS_ON_CIVIC_DISCOURSE_OR_ELECTIONS,,SI
All,Google Maps,2026-01-01/2026-06-30,KEYWORD_MISINFORMATION_DISINFORMATION,,SI
All,Google Maps,2026-01-01/2026-06-30,KEYWORD_VIOLATION_EU_LAW,,SI
All,Google Maps,2026-01-01/2026-06-30,KEYWORD_VIOLATION_NATIONAL_LAW,,SI
All,Google Maps,2026-01-01/2026-06-30,KEYWORD_OTHER,ELECTORAL,SI
All,Google Maps,2026-01-01/2026-06-30,KEYWORD_OTHER,HACKED_POLITICAL_MATERIALS,SI
All,Google Maps,2026-01-01/2026-06-30,KEYWORD_OTHER,POLITICAL_CONTENT,SI
All,Google Maps,2026-01-01/2026-06-30,KEYWORD_OTHER,SOCIAL_STABILITY,SI
All,Google Maps,2026-01-01/2026-06-30,KEYWORD_OTHER,SOCIETAL_VALUES,SI
All,Google Maps,2026-01-01/2026-06-30,STATEMENT_CATEGORY_PROTECTION_OF_MINORS,,SI
All,Google Maps,2026-01-01/2026-06-30,KEYWORD_AGE_SPECIFIC_RESTRICTIONS_MINORS,,SI
All,Google Maps,2026-01-01/2026-06-30,KEYWORD_CHILD_SEXUAL_ABUSE_MATERIAL,,SI
All,Google Maps,2026-01-01/2026-06-30,KEYWORD_CHILD_SEXUAL_ABUSE_MATERIAL_DEEPFAKE,,SI
All,Google Maps,2026-01-01/2026-06-30,KEYWORD_GROOMING_SEXUAL_ENTICEMENT_MINORS,,SI
All,Google Maps,2026-01-01/2026-06-30,KEYWORD_UNSAFE_CHALLENGES,,SI
All,Google Maps,2026-01-01/2026-06-30,KEYWORD_OTHER,CHILD_ENDANGERMENT,SI
All,Google Maps,2026-01-01/2026-06-30,KEYWORD_OTHER,CHILD_SAFETY,SI
All,Google Maps,2026-01-01/2026-06-30,KEYWORD_OTHER,HARMFUL_OR_DANGEROUS_ACTS_CHALLENGES_AND_PRANKS,SI
All,Google Maps,2026-01-01/2026-06-30,KEYWORD_OTHER,KNOWN_SERIES,SI
All,Google Maps,2026-01-01/2026-06-30,KEYWORD_OTHER,PROTECTION_OF_MINORS,SI
All,Google Maps,2026-01-01/2026-06-30,KEYWORD_OTHER,UNAUTHORIZED_IMAGE_OF_MINORS,SI
All,Google Maps,2026-01-01/2026-06-30,STATEMENT_CATEGORY_RISK_FOR_PUBLIC_SECURITY,,SI
All,Google Maps,2026-01-01/2026-06-30,KEYWORD_ILLEGAL_ORGANIZATIONS,,SI
All,Google Maps,2026-01-01/2026-06-30,KEYWORD_RISK_ENVIRONMENTAL_DAMAGE,,SI
All,Google Maps,2026-01-01/2026-06-30,KEYWORD_RISK_PUBLIC_HEALTH,,SI
All,Google Maps,2026-01-01/2026-06-30,KEYWORD_TERRORIST_CONTENT,,SI
All,Google Maps,2026-01-01/2026-06-30,KEYWORD_OTHER,COURT_ORDER,SI
All,Google Maps,2026-01-01/2026-06-30,KEYWORD_OTHER,RISK_FOR_PUBLIC_SECURITY,SI
All,Google Maps,2026-01-01/2026-06-30,KEYWORD_OTHER,SENSITIVE_EVENTS,SI
All,Google Maps,2026-01-01/2026-06-30,KEYWORD_OTHER,VIOLENT_EXTREMISM,SI
All,Google Maps,2026-01-01/2026-06-30,KEYWORD_OTHER,WRONGFUL_OR_UNAUTHORIZED_USE_OF_SYMBOLS,SI
All,Google Maps,2026-01-01/2026-06-30,STATEMENT_CATEGORY_SCAMS_AND_FRAUD,,SI
All,Google Maps,2026-01-01/2026-06-30,KEYWORD_IMPERSONATION_ACCOUNT_HIJACKING,,SI
All,Google Maps,2026-01-01/2026-06-30,KEYWORD_INAUTHENTIC_ACCOUNTS,,SI
All,Google Maps,2026-01-01/2026-06-30,KEYWORD_INAUTHENTIC_LISTINGS,,SI
All,Google Maps,2026-01-01/2026-06-30,KEYWORD_INAUTHENTIC_USER_REVIEWS,,SI
All,Google Maps,2026-01-01/2026-06-30,KEYWORD_PHISHING,,SI
All,Google Maps,2026-01-01/2026-06-30,KEYWORD_PYRAMID_SCHEMES,,SI
All,Google Maps,2026-01-01/2026-06-30,KEYWORD_OTHER,AD_FRAUD_POLICY,SI
All,Google Maps,2026-01-01/2026-06-30,KEYWORD_OTHER,ENCOURAGEMENT_OF_DIGITAL_SECURITY_OR_TERMS_OF_SERVICE_VIOLATIONS,SI
All,Google Maps,2026-01-01/2026-06-30,KEYWORD_OTHER,FRAUD,SI
All,Google Maps,2026-01-01/2026-06-30,KEYWORD_OTHER,MALWARE,SI
All,Google Maps,2026-01-01/2026-06-30,KEYWORD_OTHER,MALWARE_AND_PHISHING,SI
All,Google Maps,2026-01-01/2026-06-30,KEYWORD_OTHER,MALWARE_AND_SYSTEM_CIRCUMVENTION,SI
All,Google Maps,2026-01-01/2026-06-30,KEYWORD_OTHER,MISREPRESENTATION,SI
All,Google Maps,2026-01-01/2026-06-30,KEYWORD_OTHER,SCAMS,SI
All,Google Maps,2026-01-01/2026-06-30,KEYWORD_OTHER,SOCIAL_ENGINEERING_TACTICS,SI
All,Google Maps,2026-01-01/2026-06-30,STATEMENT_CATEGORY_SELF_HARM,,SI
All,Google Maps,2026-01-01/2026-06-30,KEYWORD_CONTENT_PROMOTING_EATING_DISORDERS,,SI
All,Google Maps,2026-01-01/2026-06-30,KEYWORD_SELF_MUTILATION,,SI
All,Google Maps,2026-01-01/2026-06-30,KEYWORD_SUICIDE,,SI
All,Google Maps,2026-01-01/2026-06-30,KEYWORD_OTHER,SELF_HARM,SI
All,Google Maps,2026-01-01/2026-06-30,KEYWORD_OTHER,SUICIDE_AND_SELF_HARM,SI
All,Google Maps,2026-01-01/2026-06-30,STATEMENT_CATEGORY_UNSAFE_AND_PROHIBITED_PRODUCTS,,SI
All,Google Maps,2026-01-01/2026-06-30,KEYWORD_PROHIBITED_PRODUCTS,,SI
All,Google Maps,2026-01-01/2026-06-30,KEYWORD_UNSAFE_PRODUCTS,,SI
All,Google Maps,2026-01-01/2026-06-30,KEYWORD_OTHER,COURT_ORDER,SI
All,Google Maps,2026-01-01/2026-06-30,KEYWORD_OTHER,ENABLING_DISHONEST_BEHAVIOR,SI
All,Google Maps,2026-01-01/2026-06-30,KEYWORD_OTHER,FIREARMS_AND_ILLEGAL_REGULATED_GOODS_OR_SERVICES,SI
All,Google Maps,2026-01-01/2026-06-30,KEYWORD_OTHER,OTHER_LEGAL_NOTICES_OR_ORDERS,SI
All,Google Maps,2026-01-01/2026-06-30,KEYWORD_OTHER,UNAUTHORIZED_PHARMACIES,SI
All,Google Maps,2026-01-01/2026-06-30,STATEMENT_CATEGORY_VIOLENCE,,SI
All,Google Maps,2026-01-01/2026-06-30,KEYWORD_COORDINATED_HARM,,SI
All,Google Maps,2026-01-01/2026-06-30,KEYWORD_INCITEMENT_VIOLENCE_HATRED,,SI
All,Google Maps,2026-01-01/2026-06-30,KEYWORD_HUMAN_EXPLOITATION,,SI
All,Google Maps,2026-01-01/2026-06-30,KEYWORD_HUMAN_TRAFFICKING,,SI
All,Google Maps,2026-01-01/2026-06-30,KEYWORD_TRAFFICKING_WOMEN_GIRLS,,SI
All,Google Maps,2026-01-01/2026-06-30,KEYWORD_OTHER,DEPICTION_OF VIOLENCE,SI
All,Google Maps,2026-01-01/2026-06-30,KEYWORD_OTHER,SHOCKING_CONTENT,SI
All,Google Maps,2026-01-01/2026-06-30,KEYWORD_OTHER,VIOLENT_OR_GRAPHIC_CONTENT,SI
All,Google Maps,2026-01-01/2026-06-30,STATEMENT_CATEGORY_NOT_SPECIFIED_ORDER,,SI
All,Google Maps,2026-01-01/2026-06-30,TOTAL,,ES
All,Google Maps,2026-01-01/2026-06-30,STATEMENT_CATEGORY_ANIMAL_WELFARE,,ES
All,Google Maps,2026-01-01/2026-06-30,KEYWORD_ANIMAL_HARM,,ES
All,Google Maps,2026-01-01/2026-06-30,KEYWORD_UNLAWFUL_SALE_ANIMALS,,ES
All,Google Maps,2026-01-01/2026-06-30,KEYWORD_OTHER,ANIMAL_CRUELTY,ES
All,Google Maps,2026-01-01/2026-06-30,KEYWORD_OTHER,ANIMAL_HARM_AND_UNLAWFUL_SALE,ES
All,Google Maps,2026-01-01/2026-06-30,STATEMENT_CATEGORY_CONSUMER_INFORMATION,,ES
All,Google Maps,2026-01-01/2026-06-30,KEYWORD_HIDDEN_ADVERTISEMENT,,ES
All,Google Maps,2026-01-01/2026-06-30,KEYWORD_INSUFFICIENT_INFORMATION_ON_TRADERS,,ES
All,Google Maps,2026-01-01/2026-06-30,KEYWORD_MISLEADING_INFO_GOODS_SERVICES,,ES
All,Google Maps,2026-01-01/2026-06-30,KEYWORD_MISLEADING_INFO_CONSUMER_RIGHTS,,ES
All,Google Maps,2026-01-01/2026-06-30,KEYWORD_NONCOMPLIANCE_PRICING,,ES
All,Google Maps,2026-01-01/2026-06-30,KEYWORD_OTHER,CONSUMER_PROTECTION,ES
All,Google Maps,2026-01-01/2026-06-30,KEYWORD_OTHER,MISREPRESENTATION,ES
All,Google Maps,2026-01-01/2026-06-30,STATEMENT_CATEGORY_CYBER_VIOLENCE,,ES
All,Google Maps,2026-01-01/2026-06-30,KEYWORD_CYBER_BULLYING_INTIMIDATION,,ES
All,Google Maps,2026-01-01/2026-06-30,KEYWORD_CYBER_HARASSMENT,,ES
All,Google Maps,2026-01-01/2026-06-30,KEYWORD_CYBER_INCITEMENT,,ES
All,Google Maps,2026-01-01/2026-06-30,KEYWORD_CYBER_STALKING,,ES
All,Google Maps,2026-01-01/2026-06-30,KEYWORD_NON_CONSENSUAL_IMAGE_SHARING,,ES
All,Google Maps,2026-01-01/2026-06-30,KEYWORD_NON_CONSENSUAL_MATERIAL_DEEPFAKE,,ES
All,Google Maps,2026-01-01/2026-06-30,KEYWORD_OTHER,DOXING,ES
All,Google Maps,2026-01-01/2026-06-30,KEYWORD_OTHER,HARASSMENT,ES
All,Google Maps,2026-01-01/2026-06-30,KEYWORD_OTHER,HARASSMENT_AND_CYBERBULLYING,ES
All,Google Maps,2026-01-01/2026-06-30,KEYWORD_OTHER,HARMFUL_ACTIVITIES,ES
All,Google Maps,2026-01-01/2026-06-30,KEYWORD_OTHER,SEXUAL_HARASSMENT,ES
All,Google Maps,2026-01-01/2026-06-30,KEYWORD_OTHER,OBSCENITY_OR_PORNOGRAPHY,ES
All,Google Maps,2026-01-01/2026-06-30,KEYWORD_OTHER,UNSAFE_CONTENT,ES
All,Google Maps,2026-01-01/2026-06-30,STATEMENT_CATEGORY_CYBER_VIOLENCE_AGAINST_WOMEN,,ES
All,Google Maps,2026-01-01/2026-06-30,KEYWORD_BULLYING_AGAINST_GIRLS,,ES
All,Google Maps,2026-01-01/2026-06-30,KEYWORD_CYBER_HARASSMENT_AGAINST_WOMEN,,ES
All,Google Maps,2026-01-01/2026-06-30,KEYWORD_CYBER_STALKING_AGAINST_WOMEN,,ES
All,Google Maps,2026-01-01/2026-06-30,KEYWORD_FEMALE_GENDERED_DISINFORMATION,,ES
All,Google Maps,2026-01-01/2026-06-30,KEYWORD_INCITEMENT_AGAINST_WOMEN,,ES
All,Google Maps,2026-01-01/2026-06-30,KEYWORD_NON_CONSENSUAL_IMAGE_SHARING_AGAINST_WOMEN,,ES
All,Google Maps,2026-01-01/2026-06-30,KEYWORD_NON_CONSENSUAL_MATERIAL_DEEPFAKE_AGAINST_WOMEN,,ES
All,Google Maps,2026-01-01/2026-06-30,KEYWORD_OTHER,"Text to detail the ""Other"" keyword.",ES
All,Google Maps,2026-01-01/2026-06-30,STATEMENT_CATEGORY_DATA_PROTECTION_AND_PRIVACY_VIOLATIONS,,ES
All,Google Maps,2026-01-01/2026-06-30,KEYWORD_BIOMETRIC_DATA_BREACH,,ES
All,Google Maps,2026-01-01/2026-06-30,KEYWORD_DATA_FALSIFICATION,,ES
All,Google Maps,2026-01-01/2026-06-30,KEYWORD_MISSING_PROCESSING_GROUND,,ES
All,Google Maps,2026-01-01/2026-06-30,KEYWORD_RIGHT_TO_BE_FORGOTTEN,,ES
All,Google Maps,2026-01-01/2026-06-30,KEYWORD_OTHER,DATA_COLLECTION_AND_USE,ES
All,Google Maps,2026-01-01/2026-06-30,KEYWORD_OTHER,DISCLOSURE_AND_CONSENT_PRACTICES,ES
All,Google Maps,2026-01-01/2026-06-30,KEYWORD_OTHER,GDPR,ES
All,Google Maps,2026-01-01/2026-06-30,KEYWORD_OTHER,PERSONAL_INFORMATION,ES
All,Google Maps,2026-01-01/2026-06-30,KEYWORD_OTHER,PERSONAL_RIGHTS,ES
All,Google Maps,2026-01-01/2026-06-30,KEYWORD_OTHER,PERSONALIZED_ADVERTISING,ES
All,Google Maps,2026-01-01/2026-06-30,KEYWORD_OTHER,PRIVACY,ES
All,Google Maps,2026-01-01/2026-06-30,KEYWORD_OTHER,PRIVACY_POLICY,ES
All,Google Maps,2026-01-01/2026-06-30,KEYWORD_OTHER,UNSECURE_DATA_HANDLING,ES
All,Google Maps,2026-01-01/2026-06-30,STATEMENT_CATEGORY_ILLEGAL_OR_HARMFUL_SPEECH,,ES
All,Google Maps,2026-01-01/2026-06-30,KEYWORD_DEFAMATION,,ES
All,Google Maps,2026-01-01/2026-06-30,KEYWORD_DISCRIMINATION,,ES
All,Google Maps,2026-01-01/2026-06-30,KEYWORD_HATE_SPEECH,,ES
All,Google Maps,2026-01-01/2026-06-30,KEYWORD_OTHER,HATEFUL_OR_ABUSIVE,ES
All,Google Maps,2026-01-01/2026-06-30,KEYWORD_OTHER,ILLEGAL_OR_HARMFUL_SPEECH,ES
All,Google Maps,2026-01-01/2026-06-30,KEYWORD_OTHER,OBSCENITY_AND_PROFANITY,ES
All,Google Maps,2026-01-01/2026-06-30,KEYWORD_OTHER,OFFENSIVE_CONTENT,ES
All,Google Maps,2026-01-01/2026-06-30,KEYWORD_OTHER,UNSAFE_CONTENT,ES
All,Google Maps,2026-01-01/2026-06-30,STATEMENT_CATEGORY_INTELLECTUAL_PROPERTY_INFRINGEMENTS,,ES
All,Google Maps,2026-01-01/2026-06-30,KEYWORD_COPYRIGHT_INFRINGEMENT,,ES
All,Google Maps,2026-01-01/2026-06-30,KEYWORD_DESIGN_INFRINGEMENT,,ES
All,Google Maps,2026-01-01/2026-06-30,KEYWORD_GEOGRAPHIC_INDICATIONS_INFRINGEMENT,,ES
All,Google Maps,2026-01-01/2026-06-30,KEYWORD_PATENT_INFRINGEMENT,,ES
All,Google Maps,2026-01-01/2026-06-30,KEYWORD_TRADE_SECRET_INFRINGEMENT,,ES
All,Google Maps,2026-01-01/2026-06-30,KEYWORD_TRADEMARK_INFRINGEMENT,,ES
All,Google Maps,2026-01-01/2026-06-30,KEYWORD_OTHER,CIRCUMVENTION,ES
All,Google Maps,2026-01-01/2026-06-30,KEYWORD_OTHER,INTELLECTUAL PROPERTY,ES
All,Google Maps,2026-01-01/2026-06-30,STATEMENT_CATEGORY_NEGATIVE_EFFECTS_ON_CIVIC_DISCOURSE_OR_ELECTIONS,,ES
All,Google Maps,2026-01-01/2026-06-30,KEYWORD_MISINFORMATION_DISINFORMATION,,ES
All,Google Maps,2026-01-01/2026-06-30,KEYWORD_VIOLATION_EU_LAW,,ES
All,Google Maps,2026-01-01/2026-06-30,KEYWORD_VIOLATION_NATIONAL_LAW,,ES
All,Google Maps,2026-01-01/2026-06-30,KEYWORD_OTHER,ELECTORAL,ES
All,Google Maps,2026-01-01/2026-06-30,KEYWORD_OTHER,HACKED_POLITICAL_MATERIALS,ES
All,Google Maps,2026-01-01/2026-06-30,KEYWORD_OTHER,POLITICAL_CONTENT,ES
All,Google Maps,2026-01-01/2026-06-30,KEYWORD_OTHER,SOCIAL_STABILITY,ES
All,Google Maps,2026-01-01/2026-06-30,KEYWORD_OTHER,SOCIETAL_VALUES,ES
All,Google Maps,2026-01-01/2026-06-30,STATEMENT_CATEGORY_PROTECTION_OF_MINORS,,ES
All,Google Maps,2026-01-01/2026-06-30,KEYWORD_AGE_SPECIFIC_RESTRICTIONS_MINORS,,ES
All,Google Maps,2026-01-01/2026-06-30,KEYWORD_CHILD_SEXUAL_ABUSE_MATERIAL,,ES
All,Google Maps,2026-01-01/2026-06-30,KEYWORD_CHILD_SEXUAL_ABUSE_MATERIAL_DEEPFAKE,,ES
All,Google Maps,2026-01-01/2026-06-30,KEYWORD_GROOMING_SEXUAL_ENTICEMENT_MINORS,,ES
All,Google Maps,2026-01-01/2026-06-30,KEYWORD_UNSAFE_CHALLENGES,,ES
All,Google Maps,2026-01-01/2026-06-30,KEYWORD_OTHER,CHILD_ENDANGERMENT,ES
All,Google Maps,2026-01-01/2026-06-30,KEYWORD_OTHER,CHILD_SAFETY,ES
All,Google Maps,2026-01-01/2026-06-30,KEYWORD_OTHER,HARMFUL_OR_DANGEROUS_ACTS_CHALLENGES_AND_PRANKS,ES
All,Google Maps,2026-01-01/2026-06-30,KEYWORD_OTHER,KNOWN_SERIES,ES
All,Google Maps,2026-01-01/2026-06-30,KEYWORD_OTHER,PROTECTION_OF_MINORS,ES
All,Google Maps,2026-01-01/2026-06-30,KEYWORD_OTHER,UNAUTHORIZED_IMAGE_OF_MINORS,ES
All,Google Maps,2026-01-01/2026-06-30,STATEMENT_CATEGORY_RISK_FOR_PUBLIC_SECURITY,,ES
All,Google Maps,2026-01-01/2026-06-30,KEYWORD_ILLEGAL_ORGANIZATIONS,,ES
All,Google Maps,2026-01-01/2026-06-30,KEYWORD_RISK_ENVIRONMENTAL_DAMAGE,,ES
All,Google Maps,2026-01-01/2026-06-30,KEYWORD_RISK_PUBLIC_HEALTH,,ES
All,Google Maps,2026-01-01/2026-06-30,KEYWORD_TERRORIST_CONTENT,,ES
All,Google Maps,2026-01-01/2026-06-30,KEYWORD_OTHER,COURT_ORDER,ES
All,Google Maps,2026-01-01/2026-06-30,KEYWORD_OTHER,RISK_FOR_PUBLIC_SECURITY,ES
All,Google Maps,2026-01-01/2026-06-30,KEYWORD_OTHER,SENSITIVE_EVENTS,ES
All,Google Maps,2026-01-01/2026-06-30,KEYWORD_OTHER,VIOLENT_EXTREMISM,ES
All,Google Maps,2026-01-01/2026-06-30,KEYWORD_OTHER,WRONGFUL_OR_UNAUTHORIZED_USE_OF_SYMBOLS,ES
All,Google Maps,2026-01-01/2026-06-30,STATEMENT_CATEGORY_SCAMS_AND_FRAUD,,ES
All,Google Maps,2026-01-01/2026-06-30,KEYWORD_IMPERSONATION_ACCOUNT_HIJACKING,,ES
All,Google Maps,2026-01-01/2026-06-30,KEYWORD_INAUTHENTIC_ACCOUNTS,,ES
All,Google Maps,2026-01-01/2026-06-30,KEYWORD_INAUTHENTIC_LISTINGS,,ES
All,Google Maps,2026-01-01/2026-06-30,KEYWORD_INAUTHENTIC_USER_REVIEWS,,ES
All,Google Maps,2026-01-01/2026-06-30,KEYWORD_PHISHING,,ES
All,Google Maps,2026-01-01/2026-06-30,KEYWORD_PYRAMID_SCHEMES,,ES
All,Google Maps,2026-01-01/2026-06-30,KEYWORD_OTHER,AD_FRAUD_POLICY,ES
All,Google Maps,2026-01-01/2026-06-30,KEYWORD_OTHER,ENCOURAGEMENT_OF_DIGITAL_SECURITY_OR_TERMS_OF_SERVICE_VIOLATIONS,ES
All,Google Maps,2026-01-01/2026-06-30,KEYWORD_OTHER,FRAUD,ES
All,Google Maps,2026-01-01/2026-06-30,KEYWORD_OTHER,MALWARE,ES
All,Google Maps,2026-01-01/2026-06-30,KEYWORD_OTHER,MALWARE_AND_PHISHING,ES
All,Google Maps,2026-01-01/2026-06-30,KEYWORD_OTHER,MALWARE_AND_SYSTEM_CIRCUMVENTION,ES
All,Google Maps,2026-01-01/2026-06-30,KEYWORD_OTHER,MISREPRESENTATION,ES
All,Google Maps,2026-01-01/2026-06-30,KEYWORD_OTHER,SCAMS,ES
All,Google Maps,2026-01-01/2026-06-30,KEYWORD_OTHER,SOCIAL_ENGINEERING_TACTICS,ES
All,Google Maps,2026-01-01/2026-06-30,STATEMENT_CATEGORY_SELF_HARM,,ES
All,Google Maps,2026-01-01/2026-06-30,KEYWORD_CONTENT_PROMOTING_EATING_DISORDERS,,ES
All,Google Maps,2026-01-01/2026-06-30,KEYWORD_SELF_MUTILATION,,ES
All,Google Maps,2026-01-01/2026-06-30,KEYWORD_SUICIDE,,ES
All,Google Maps,2026-01-01/2026-06-30,KEYWORD_OTHER,SELF_HARM,ES
All,Google Maps,2026-01-01/2026-06-30,KEYWORD_OTHER,SUICIDE_AND_SELF_HARM,ES
All,Google Maps,2026-01-01/2026-06-30,STATEMENT_CATEGORY_UNSAFE_AND_PROHIBITED_PRODUCTS,,ES
All,Google Maps,2026-01-01/2026-06-30,KEYWORD_PROHIBITED_PRODUCTS,,ES
All,Google Maps,2026-01-01/2026-06-30,KEYWORD_UNSAFE_PRODUCTS,,ES
All,Google Maps,2026-01-01/2026-06-30,KEYWORD_OTHER,COURT_ORDER,ES
All,Google Maps,2026-01-01/2026-06-30,KEYWORD_OTHER,ENABLING_DISHONEST_BEHAVIOR,ES
All,Google Maps,2026-01-01/2026-06-30,KEYWORD_OTHER,FIREARMS_AND_ILLEGAL_REGULATED_GOODS_OR_SERVICES,ES
All,Google Maps,2026-01-01/2026-06-30,KEYWORD_OTHER,OTHER_LEGAL_NOTICES_OR_ORDERS,ES
All,Google Maps,2026-01-01/2026-06-30,KEYWORD_OTHER,UNAUTHORIZED_PHARMACIES,ES
All,Google Maps,2026-01-01/2026-06-30,STATEMENT_CATEGORY_VIOLENCE,,ES
All,Google Maps,2026-01-01/2026-06-30,KEYWORD_COORDINATED_HARM,,ES
All,Google Maps,2026-01-01/2026-06-30,KEYWORD_INCITEMENT_VIOLENCE_HATRED,,ES
All,Google Maps,2026-01-01/2026-06-30,KEYWORD_HUMAN_EXPLOITATION,,ES
All,Google Maps,2026-01-01/2026-06-30,KEYWORD_HUMAN_TRAFFICKING,,ES
All,Google Maps,2026-01-01/2026-06-30,KEYWORD_TRAFFICKING_WOMEN_GIRLS,,ES
All,Google Maps,2026-01-01/2026-06-30,KEYWORD_OTHER,DEPICTION_OF VIOLENCE,ES
All,Google Maps,2026-01-01/2026-06-30,KEYWORD_OTHER,SHOCKING_CONTENT,ES
All,Google Maps,2026-01-01/2026-06-30,KEYWORD_OTHER,VIOLENT_OR_GRAPHIC_CONTENT,ES
All,Google Maps,2026-01-01/2026-06-30,STATEMENT_CATEGORY_NOT_SPECIFIED_ORDER,,ES
All,Google Maps,2026-01-01/2026-06-30,TOTAL,,SE
All,Google Maps,2026-01-01/2026-06-30,STATEMENT_CATEGORY_ANIMAL_WELFARE,,SE
All,Google Maps,2026-01-01/2026-06-30,KEYWORD_ANIMAL_HARM,,SE
All,Google Maps,2026-01-01/2026-06-30,KEYWORD_UNLAWFUL_SALE_ANIMALS,,SE
All,Google Maps,2026-01-01/2026-06-30,KEYWORD_OTHER,ANIMAL_CRUELTY,SE
All,Google Maps,2026-01-01/2026-06-30,KEYWORD_OTHER,ANIMAL_HARM_AND_UNLAWFUL_SALE,SE
All,Google Maps,2026-01-01/2026-06-30,STATEMENT_CATEGORY_CONSUMER_INFORMATION,,SE
All,Google Maps,2026-01-01/2026-06-30,KEYWORD_HIDDEN_ADVERTISEMENT,,SE
All,Google Maps,2026-01-01/2026-06-30,KEYWORD_INSUFFICIENT_INFORMATION_ON_TRADERS,,SE
All,Google Maps,2026-01-01/2026-06-30,KEYWORD_MISLEADING_INFO_GOODS_SERVICES,,SE
All,Google Maps,2026-01-01/2026-06-30,KEYWORD_MISLEADING_INFO_CONSUMER_RIGHTS,,SE
All,Google Maps,2026-01-01/2026-06-30,KEYWORD_NONCOMPLIANCE_PRICING,,SE
All,Google Maps,2026-01-01/2026-06-30,KEYWORD_OTHER,CONSUMER_PROTECTION,SE
All,Google Maps,2026-01-01/2026-06-30,KEYWORD_OTHER,MISREPRESENTATION,SE
All,Google Maps,2026-01-01/2026-06-30,STATEMENT_CATEGORY_CYBER_VIOLENCE,,SE
All,Google Maps,2026-01-01/2026-06-30,KEYWORD_CYBER_BULLYING_INTIMIDATION,,SE
All,Google Maps,2026-01-01/2026-06-30,KEYWORD_CYBER_HARASSMENT,,SE
All,Google Maps,2026-01-01/2026-06-30,KEYWORD_CYBER_INCITEMENT,,SE
All,Google Maps,2026-01-01/2026-06-30,KEYWORD_CYBER_STALKING,,SE
All,Google Maps,2026-01-01/2026-06-30,KEYWORD_NON_CONSENSUAL_IMAGE_SHARING,,SE
All,Google Maps,2026-01-01/2026-06-30,KEYWORD_NON_CONSENSUAL_MATERIAL_DEEPFAKE,,SE
All,Google Maps,2026-01-01/2026-06-30,KEYWORD_OTHER,DOXING,SE
All,Google Maps,2026-01-01/2026-06-30,KEYWORD_OTHER,HARASSMENT,SE
All,Google Maps,2026-01-01/2026-06-30,KEYWORD_OTHER,HARASSMENT_AND_CYBERBULLYING,SE
All,Google Maps,2026-01-01/2026-06-30,KEYWORD_OTHER,HARMFUL_ACTIVITIES,SE
All,Google Maps,2026-01-01/2026-06-30,KEYWORD_OTHER,SEXUAL_HARASSMENT,SE
All,Google Maps,2026-01-01/2026-06-30,KEYWORD_OTHER,OBSCENITY_OR_PORNOGRAPHY,SE
All,Google Maps,2026-01-01/2026-06-30,KEYWORD_OTHER,UNSAFE_CONTENT,SE
All,Google Maps,2026-01-01/2026-06-30,STATEMENT_CATEGORY_CYBER_VIOLENCE_AGAINST_WOMEN,,SE
All,Google Maps,2026-01-01/2026-06-30,KEYWORD_BULLYING_AGAINST_GIRLS,,SE
All,Google Maps,2026-01-01/2026-06-30,KEYWORD_CYBER_HARASSMENT_AGAINST_WOMEN,,SE
All,Google Maps,2026-01-01/2026-06-30,KEYWORD_CYBER_STALKING_AGAINST_WOMEN,,SE
All,Google Maps,2026-01-01/2026-06-30,KEYWORD_FEMALE_GENDERED_DISINFORMATION,,SE
All,Google Maps,2026-01-01/2026-06-30,KEYWORD_INCITEMENT_AGAINST_WOMEN,,SE
All,Google Maps,2026-01-01/2026-06-30,KEYWORD_NON_CONSENSUAL_IMAGE_SHARING_AGAINST_WOMEN,,SE
All,Google Maps,2026-01-01/2026-06-30,KEYWORD_NON_CONSENSUAL_MATERIAL_DEEPFAKE_AGAINST_WOMEN,,SE
All,Google Maps,2026-01-01/2026-06-30,KEYWORD_OTHER,"Text to detail the ""Other"" keyword.",SE
All,Google Maps,2026-01-01/2026-06-30,STATEMENT_CATEGORY_DATA_PROTECTION_AND_PRIVACY_VIOLATIONS,,SE
All,Google Maps,2026-01-01/2026-06-30,KEYWORD_BIOMETRIC_DATA_BREACH,,SE
All,Google Maps,2026-01-01/2026-06-30,KEYWORD_DATA_FALSIFICATION,,SE
All,Google Maps,2026-01-01/2026-06-30,KEYWORD_MISSING_PROCESSING_GROUND,,SE
All,Google Maps,2026-01-01/2026-06-30,KEYWORD_RIGHT_TO_BE_FORGOTTEN,,SE
All,Google Maps,2026-01-01/2026-06-30,KEYWORD_OTHER,DATA_COLLECTION_AND_USE,SE
All,Google Maps,2026-01-01/2026-06-30,KEYWORD_OTHER,DISCLOSURE_AND_CONSENT_PRACTICES,SE
All,Google Maps,2026-01-01/2026-06-30,KEYWORD_OTHER,GDPR,SE
All,Google Maps,2026-01-01/2026-06-30,KEYWORD_OTHER,PERSONAL_INFORMATION,SE
All,Google Maps,2026-01-01/2026-06-30,KEYWORD_OTHER,PERSONAL_RIGHTS,SE
All,Google Maps,2026-01-01/2026-06-30,KEYWORD_OTHER,PERSONALIZED_ADVERTISING,SE
All,Google Maps,2026-01-01/2026-06-30,KEYWORD_OTHER,PRIVACY,SE
All,Google Maps,2026-01-01/2026-06-30,KEYWORD_OTHER,PRIVACY_POLICY,SE
All,Google Maps,2026-01-01/2026-06-30,KEYWORD_OTHER,UNSECURE_DATA_HANDLING,SE
All,Google Maps,2026-01-01/2026-06-30,STATEMENT_CATEGORY_ILLEGAL_OR_HARMFUL_SPEECH,,SE
All,Google Maps,2026-01-01/2026-06-30,KEYWORD_DEFAMATION,,SE
All,Google Maps,2026-01-01/2026-06-30,KEYWORD_DISCRIMINATION,,SE
All,Google Maps,2026-01-01/2026-06-30,KEYWORD_HATE_SPEECH,,SE
All,Google Maps,2026-01-01/2026-06-30,KEYWORD_OTHER,HATEFUL_OR_ABUSIVE,SE
All,Google Maps,2026-01-01/2026-06-30,KEYWORD_OTHER,ILLEGAL_OR_HARMFUL_SPEECH,SE
All,Google Maps,2026-01-01/2026-06-30,KEYWORD_OTHER,OBSCENITY_AND_PROFANITY,SE
All,Google Maps,2026-01-01/2026-06-30,KEYWORD_OTHER,OFFENSIVE_CONTENT,SE
All,Google Maps,2026-01-01/2026-06-30,KEYWORD_OTHER,UNSAFE_CONTENT,SE
All,Google Maps,2026-01-01/2026-06-30,STATEMENT_CATEGORY_INTELLECTUAL_PROPERTY_INFRINGEMENTS,,SE
All,Google Maps,2026-01-01/2026-06-30,KEYWORD_COPYRIGHT_INFRINGEMENT,,SE
All,Google Maps,2026-01-01/2026-06-30,KEYWORD_DESIGN_INFRINGEMENT,,SE
All,Google Maps,2026-01-01/2026-06-30,KEYWORD_GEOGRAPHIC_INDICATIONS_INFRINGEMENT,,SE
All,Google Maps,2026-01-01/2026-06-30,KEYWORD_PATENT_INFRINGEMENT,,SE
All,Google Maps,2026-01-01/2026-06-30,KEYWORD_TRADE_SECRET_INFRINGEMENT,,SE
All,Google Maps,2026-01-01/2026-06-30,KEYWORD_TRADEMARK_INFRINGEMENT,,SE
All,Google Maps,2026-01-01/2026-06-30,KEYWORD_OTHER,CIRCUMVENTION,SE
All,Google Maps,2026-01-01/2026-06-30,KEYWORD_OTHER,INTELLECTUAL PROPERTY,SE
All,Google Maps,2026-01-01/2026-06-30,STATEMENT_CATEGORY_NEGATIVE_EFFECTS_ON_CIVIC_DISCOURSE_OR_ELECTIONS,,SE
All,Google Maps,2026-01-01/2026-06-30,KEYWORD_MISINFORMATION_DISINFORMATION,,SE
All,Google Maps,2026-01-01/2026-06-30,KEYWORD_VIOLATION_EU_LAW,,SE
All,Google Maps,2026-01-01/2026-06-30,KEYWORD_VIOLATION_NATIONAL_LAW,,SE
All,Google Maps,2026-01-01/2026-06-30,KEYWORD_OTHER,ELECTORAL,SE
All,Google Maps,2026-01-01/2026-06-30,KEYWORD_OTHER,HACKED_POLITICAL_MATERIALS,SE
All,Google Maps,2026-01-01/2026-06-30,KEYWORD_OTHER,POLITICAL_CONTENT,SE
All,Google Maps,2026-01-01/2026-06-30,KEYWORD_OTHER,SOCIAL_STABILITY,SE
All,Google Maps,2026-01-01/2026-06-30,KEYWORD_OTHER,SOCIETAL_VALUES,SE
All,Google Maps,2026-01-01/2026-06-30,STATEMENT_CATEGORY_PROTECTION_OF_MINORS,,SE
All,Google Maps,2026-01-01/2026-06-30,KEYWORD_AGE_SPECIFIC_RESTRICTIONS_MINORS,,SE
All,Google Maps,2026-01-01/2026-06-30,KEYWORD_CHILD_SEXUAL_ABUSE_MATERIAL,,SE
All,Google Maps,2026-01-01/2026-06-30,KEYWORD_CHILD_SEXUAL_ABUSE_MATERIAL_DEEPFAKE,,SE
All,Google Maps,2026-01-01/2026-06-30,KEYWORD_GROOMING_SEXUAL_ENTICEMENT_MINORS,,SE
All,Google Maps,2026-01-01/2026-06-30,KEYWORD_UNSAFE_CHALLENGES,,SE
All,Google Maps,2026-01-01/2026-06-30,KEYWORD_OTHER,CHILD_ENDANGERMENT,SE
All,Google Maps,2026-01-01/2026-06-30,KEYWORD_OTHER,CHILD_SAFETY,SE
All,Google Maps,2026-01-01/2026-06-30,KEYWORD_OTHER,HARMFUL_OR_DANGEROUS_ACTS_CHALLENGES_AND_PRANKS,SE
All,Google Maps,2026-01-01/2026-06-30,KEYWORD_OTHER,KNOWN_SERIES,SE
All,Google Maps,2026-01-01/2026-06-30,KEYWORD_OTHER,PROTECTION_OF_MINORS,SE
All,Google Maps,2026-01-01/2026-06-30,KEYWORD_OTHER,UNAUTHORIZED_IMAGE_OF_MINORS,SE
All,Google Maps,2026-01-01/2026-06-30,STATEMENT_CATEGORY_RISK_FOR_PUBLIC_SECURITY,,SE
All,Google Maps,2026-01-01/2026-06-30,KEYWORD_ILLEGAL_ORGANIZATIONS,,SE
All,Google Maps,2026-01-01/2026-06-30,KEYWORD_RISK_ENVIRONMENTAL_DAMAGE,,SE
All,Google Maps,2026-01-01/2026-06-30,KEYWORD_RISK_PUBLIC_HEALTH,,SE
All,Google Maps,2026-01-01/2026-06-30,KEYWORD_TERRORIST_CONTENT,,SE
All,Google Maps,2026-01-01/2026-06-30,KEYWORD_OTHER,COURT_ORDER,SE
All,Google Maps,2026-01-01/2026-06-30,KEYWORD_OTHER,RISK_FOR_PUBLIC_SECURITY,SE
All,Google Maps,2026-01-01/2026-06-30,KEYWORD_OTHER,SENSITIVE_EVENTS,SE
All,Google Maps,2026-01-01/2026-06-30,KEYWORD_OTHER,VIOLENT_EXTREMISM,SE
All,Google Maps,2026-01-01/2026-06-30,KEYWORD_OTHER,WRONGFUL_OR_UNAUTHORIZED_USE_OF_SYMBOLS,SE
All,Google Maps,2026-01-01/2026-06-30,STATEMENT_CATEGORY_SCAMS_AND_FRAUD,,SE
All,Google Maps,2026-01-01/2026-06-30,KEYWORD_IMPERSONATION_ACCOUNT_HIJACKING,,SE
All,Google Maps,2026-01-01/2026-06-30,KEYWORD_INAUTHENTIC_ACCOUNTS,,SE
All,Google Maps,2026-01-01/2026-06-30,KEYWORD_INAUTHENTIC_LISTINGS,,SE
All,Google Maps,2026-01-01/2026-06-30,KEYWORD_INAUTHENTIC_USER_REVIEWS,,SE
All,Google Maps,2026-01-01/2026-06-30,KEYWORD_PHISHING,,SE
All,Google Maps,2026-01-01/2026-06-30,KEYWORD_PYRAMID_SCHEMES,,SE
All,Google Maps,2026-01-01/2026-06-30,KEYWORD_OTHER,AD_FRAUD_POLICY,SE
All,Google Maps,2026-01-01/2026-06-30,KEYWORD_OTHER,ENCOURAGEMENT_OF_DIGITAL_SECURITY_OR_TERMS_OF_SERVICE_VIOLATIONS,SE
All,Google Maps,2026-01-01/2026-06-30,KEYWORD_OTHER,FRAUD,SE
All,Google Maps,2026-01-01/2026-06-30,KEYWORD_OTHER,MALWARE,SE
All,Google Maps,2026-01-01/2026-06-30,KEYWORD_OTHER,MALWARE_AND_PHISHING,SE
All,Google Maps,2026-01-01/2026-06-30,KEYWORD_OTHER,MALWARE_AND_SYSTEM_CIRCUMVENTION,SE
All,Google Maps,2026-01-01/2026-06-30,KEYWORD_OTHER,MISREPRESENTATION,SE
All,Google Maps,2026-01-01/2026-06-30,KEYWORD_OTHER,SCAMS,SE
All,Google Maps,2026-01-01/2026-06-30,KEYWORD_OTHER,SOCIAL_ENGINEERING_TACTICS,SE
All,Google Maps,2026-01-01/2026-06-30,STATEMENT_CATEGORY_SELF_HARM,,SE
All,Google Maps,2026-01-01/2026-06-30,KEYWORD_CONTENT_PROMOTING_EATING_DISORDERS,,SE
All,Google Maps,2026-01-01/2026-06-30,KEYWORD_SELF_MUTILATION,,SE
All,Google Maps,2026-01-01/2026-06-30,KEYWORD_SUICIDE,,SE
All,Google Maps,2026-01-01/2026-06-30,KEYWORD_OTHER,SELF_HARM,SE
All,Google Maps,2026-01-01/2026-06-30,KEYWORD_OTHER,SUICIDE_AND_SELF_HARM,SE
All,Google Maps,2026-01-01/2026-06-30,STATEMENT_CATEGORY_UNSAFE_AND_PROHIBITED_PRODUCTS,,SE
All,Google Maps,2026-01-01/2026-06-30,KEYWORD_PROHIBITED_PRODUCTS,,SE
All,Google Maps,2026-01-01/2026-06-30,KEYWORD_UNSAFE_PRODUCTS,,SE
All,Google Maps,2026-01-01/2026-06-30,KEYWORD_OTHER,COURT_ORDER,SE
All,Google Maps,2026-01-01/2026-06-30,KEYWORD_OTHER,ENABLING_DISHONEST_BEHAVIOR,SE
All,Google Maps,2026-01-01/2026-06-30,KEYWORD_OTHER,FIREARMS_AND_ILLEGAL_REGULATED_GOODS_OR_SERVICES,SE
All,Google Maps,2026-01-01/2026-06-30,KEYWORD_OTHER,OTHER_LEGAL_NOTICES_OR_ORDERS,SE
All,Google Maps,2026-01-01/2026-06-30,KEYWORD_OTHER,UNAUTHORIZED_PHARMACIES,SE
All,Google Maps,2026-01-01/2026-06-30,STATEMENT_CATEGORY_VIOLENCE,,SE
All,Google Maps,2026-01-01/2026-06-30,KEYWORD_COORDINATED_HARM,,SE
All,Google Maps,2026-01-01/2026-06-30,KEYWORD_INCITEMENT_VIOLENCE_HATRED,,SE
All,Google Maps,2026-01-01/2026-06-30,KEYWORD_HUMAN_EXPLOITATION,,SE
All,Google Maps,2026-01-01/2026-06-30,KEYWORD_HUMAN_TRAFFICKING,,SE
All,Google Maps,2026-01-01/2026-06-30,KEYWORD_TRAFFICKING_WOMEN_GIRLS,,SE
All,Google Maps,2026-01-01/2026-06-30,KEYWORD_OTHER,DEPICTION_OF VIOLENCE,SE
All,Google Maps,2026-01-01/2026-06-30,KEYWORD_OTHER,SHOCKING_CONTENT,SE
All,Google Maps,2026-01-01/2026-06-30,KEYWORD_OTHER,VIOLENT_OR_GRAPHIC_CONTENT,SE
All,Google Maps,2026-01-01/2026-06-30,STATEMENT_CATEGORY_NOT_SPECIFIED_ORDER,,SE
