replication_info,entity,aspect,metric_name,period,period_value,policy,policy_value,task,task_value,location,location_value,result,base,date
,LIGR,GRFCR,Total requests received,half-year,Jul-Dec 2025,all,all,all,all,country_name,United States,28.0,,
,LIGR,GRFCR,Total content received,half-year,Jul-Dec 2025,all,all,all,all,country_name,United States,15.0,,
,LIGR,GRFCR,Content actioned due to community guidelines violations,half-year,Jul-Dec 2025,all,all,all,all,country_name,United States,12.0,,
,LIGR,GRFCR,Content actioned due to (local) law violations,half-year,Jul-Dec 2025,all,all,all,all,country_name,United States,0.0,,
,LIGR,GRFCR,Content not actioned,half-year,Jul-Dec 2025,all,all,all,all,country_name,United States,3.0,,
,LIGR,GRFCR,Total accounts received,half-year,Jul-Dec 2025,all,all,all,all,country_name,United States,33.0,,
,LIGR,GRFCR,Accounts actioned due to community guidelines violations,half-year,Jul-Dec 2025,all,all,all,all,country_name,United States,30.0,,
,LIGR,GRFCR,Accounts actioned due to (local) law violations,half-year,Jul-Dec 2025,all,all,all,all,country_name,United States,0.0,,
,LIGR,GRFCR,Accounts not actioned,half-year,Jul-Dec 2025,all,all,all,all,country_name,United States,3.0,,
,LIGR,GRFCR,Removal rate,half-year,Jul-Dec 2025,all,all,all,all,country_name,United States,0.875,,
,LIGR,GRFCR,Total requests received,half-year,Jul-Dec 2025,all,all,all,all,country_name,Albania,33.0,,
,LIGR,GRFCR,Total content received,half-year,Jul-Dec 2025,all,all,all,all,country_name,Albania,3.0,,
,LIGR,GRFCR,Content actioned due to community guidelines violations,half-year,Jul-Dec 2025,all,all,all,all,country_name,Albania,0.0,,
,LIGR,GRFCR,Content actioned due to (local) law violations,half-year,Jul-Dec 2025,all,all,all,all,country_name,Albania,0.0,,
,LIGR,GRFCR,Content not actioned,half-year,Jul-Dec 2025,all,all,all,all,country_name,Albania,3.0,,
,LIGR,GRFCR,Total accounts received,half-year,Jul-Dec 2025,all,all,all,all,country_name,Albania,35.0,,
,LIGR,GRFCR,Accounts actioned due to community guidelines violations,half-year,Jul-Dec 2025,all,all,all,all,country_name,Albania,14.0,,
,LIGR,GRFCR,Accounts actioned due to (local) law violations,half-year,Jul-Dec 2025,all,all,all,all,country_name,Albania,0.0,,
,LIGR,GRFCR,Accounts not actioned,half-year,Jul-Dec 2025,all,all,all,all,country_name,Albania,21.0,,
,LIGR,GRFCR,Removal rate,half-year,Jul-Dec 2025,all,all,all,all,country_name,Albania,0.368421053,,
,LIGR,GRFCR,Total requests received,half-year,Jul-Dec 2025,all,all,all,all,country_name,Algeria,1.0,,
,LIGR,GRFCR,Total content received,half-year,Jul-Dec 2025,all,all,all,all,country_name,Algeria,1.0,,
,LIGR,GRFCR,Content actioned due to community guidelines violations,half-year,Jul-Dec 2025,all,all,all,all,country_name,Algeria,0.0,,
,LIGR,GRFCR,Content actioned due to (local) law violations,half-year,Jul-Dec 2025,all,all,all,all,country_name,Algeria,1.0,,
,LIGR,GRFCR,Content not actioned,half-year,Jul-Dec 2025,all,all,all,all,country_name,Algeria,0.0,,
,LIGR,GRFCR,Total accounts received,half-year,Jul-Dec 2025,all,all,all,all,country_name,Algeria,2.0,,
,LIGR,GRFCR,Accounts actioned due to community guidelines violations,half-year,Jul-Dec 2025,all,all,all,all,country_name,Algeria,0.0,,
,LIGR,GRFCR,Accounts actioned due to (local) law violations,half-year,Jul-Dec 2025,all,all,all,all,country_name,Algeria,2.0,,
,LIGR,GRFCR,Accounts not actioned,half-year,Jul-Dec 2025,all,all,all,all,country_name,Algeria,0.0,,
,LIGR,GRFCR,Removal rate,half-year,Jul-Dec 2025,all,all,all,all,country_name,Algeria,1.0,,
,LIGR,GRFCR,Total requests received,half-year,Jul-Dec 2025,all,all,all,all,country_name,Argentina,2.0,,
,LIGR,GRFCR,Total content received,half-year,Jul-Dec 2025,all,all,all,all,country_name,Argentina,5.0,,
,LIGR,GRFCR,Content actioned due to community guidelines violations,half-year,Jul-Dec 2025,all,all,all,all,country_name,Argentina,4.0,,
,LIGR,GRFCR,Content actioned due to (local) law violations,half-year,Jul-Dec 2025,all,all,all,all,country_name,Argentina,0.0,,
,LIGR,GRFCR,Content not actioned,half-year,Jul-Dec 2025,all,all,all,all,country_name,Argentina,1.0,,
,LIGR,GRFCR,Total accounts received,half-year,Jul-Dec 2025,all,all,all,all,country_name,Argentina,2.0,,
,LIGR,GRFCR,Accounts actioned due to community guidelines violations,half-year,Jul-Dec 2025,all,all,all,all,country_name,Argentina,2.0,,
,LIGR,GRFCR,Accounts actioned due to (local) law violations,half-year,Jul-Dec 2025,all,all,all,all,country_name,Argentina,0.0,,
,LIGR,GRFCR,Accounts not actioned,half-year,Jul-Dec 2025,all,all,all,all,country_name,Argentina,0.0,,
,LIGR,GRFCR,Removal rate,half-year,Jul-Dec 2025,all,all,all,all,country_name,Argentina,0.857142857,,
,LIGR,GRFCR,Total requests received,half-year,Jul-Dec 2025,all,all,all,all,country_name,Armenia,2.0,,
,LIGR,GRFCR,Total content received,half-year,Jul-Dec 2025,all,all,all,all,country_name,Armenia,0.0,,
,LIGR,GRFCR,Content actioned due to community guidelines violations,half-year,Jul-Dec 2025,all,all,all,all,country_name,Armenia,0.0,,
,LIGR,GRFCR,Content actioned due to (local) law violations,half-year,Jul-Dec 2025,all,all,all,all,country_name,Armenia,0.0,,
,LIGR,GRFCR,Content not actioned,half-year,Jul-Dec 2025,all,all,all,all,country_name,Armenia,0.0,,
,LIGR,GRFCR,Total accounts received,half-year,Jul-Dec 2025,all,all,all,all,country_name,Armenia,7.0,,
,LIGR,GRFCR,Accounts actioned due to community guidelines violations,half-year,Jul-Dec 2025,all,all,all,all,country_name,Armenia,3.0,,
,LIGR,GRFCR,Accounts actioned due to (local) law violations,half-year,Jul-Dec 2025,all,all,all,all,country_name,Armenia,0.0,,
,LIGR,GRFCR,Accounts not actioned,half-year,Jul-Dec 2025,all,all,all,all,country_name,Armenia,4.0,,
,LIGR,GRFCR,Removal rate,half-year,Jul-Dec 2025,all,all,all,all,country_name,Armenia,0.428571429,,
,LIGR,GRFCR,Total requests received,half-year,Jul-Dec 2025,all,all,all,all,country_name,Australia,384.0,,
,LIGR,GRFCR,Total content received,half-year,Jul-Dec 2025,all,all,all,all,country_name,Australia,230.0,,
,LIGR,GRFCR,Content actioned due to community guidelines violations,half-year,Jul-Dec 2025,all,all,all,all,country_name,Australia,126.0,,
,LIGR,GRFCR,Content actioned due to (local) law violations,half-year,Jul-Dec 2025,all,all,all,all,country_name,Australia,18.0,,
,LIGR,GRFCR,Content not actioned,half-year,Jul-Dec 2025,all,all,all,all,country_name,Australia,86.0,,
,LIGR,GRFCR,Total accounts received,half-year,Jul-Dec 2025,all,all,all,all,country_name,Australia,629.0,,
,LIGR,GRFCR,Accounts actioned due to community guidelines violations,half-year,Jul-Dec 2025,all,all,all,all,country_name,Australia,219.0,,
,LIGR,GRFCR,Accounts actioned due to (local) law violations,half-year,Jul-Dec 2025,all,all,all,all,country_name,Australia,8.0,,
,LIGR,GRFCR,Accounts not actioned,half-year,Jul-Dec 2025,all,all,all,all,country_name,Australia,402.0,,
,LIGR,GRFCR,Removal rate,half-year,Jul-Dec 2025,all,all,all,all,country_name,Australia,0.431897555,,
,LIGR,GRFCR,Total requests received,half-year,Jul-Dec 2025,all,all,all,all,country_name,Austria,5.0,,
,LIGR,GRFCR,Total content received,half-year,Jul-Dec 2025,all,all,all,all,country_name,Austria,1.0,,
,LIGR,GRFCR,Content actioned due to community guidelines violations,half-year,Jul-Dec 2025,all,all,all,all,country_name,Austria,1.0,,
,LIGR,GRFCR,Content actioned due to (local) law violations,half-year,Jul-Dec 2025,all,all,all,all,country_name,Austria,0.0,,
,LIGR,GRFCR,Content not actioned,half-year,Jul-Dec 2025,all,all,all,all,country_name,Austria,0.0,,
,LIGR,GRFCR,Total accounts received,half-year,Jul-Dec 2025,all,all,all,all,country_name,Austria,4.0,,
,LIGR,GRFCR,Accounts actioned due to community guidelines violations,half-year,Jul-Dec 2025,all,all,all,all,country_name,Austria,0.0,,
,LIGR,GRFCR,Accounts actioned due to (local) law violations,half-year,Jul-Dec 2025,all,all,all,all,country_name,Austria,0.0,,
,LIGR,GRFCR,Accounts not actioned,half-year,Jul-Dec 2025,all,all,all,all,country_name,Austria,4.0,,
,LIGR,GRFCR,Removal rate,half-year,Jul-Dec 2025,all,all,all,all,country_name,Austria,0.2,,
,LIGR,GRFCR,Total requests received,half-year,Jul-Dec 2025,all,all,all,all,country_name,Azerbaijan,816.0,,
,LIGR,GRFCR,Total content received,half-year,Jul-Dec 2025,all,all,all,all,country_name,Azerbaijan,6457.0,,
,LIGR,GRFCR,Content actioned due to community guidelines violations,half-year,Jul-Dec 2025,all,all,all,all,country_name,Azerbaijan,1744.0,,
,LIGR,GRFCR,Content actioned due to (local) law violations,half-year,Jul-Dec 2025,all,all,all,all,country_name,Azerbaijan,752.0,,
,LIGR,GRFCR,Content not actioned,half-year,Jul-Dec 2025,all,all,all,all,country_name,Azerbaijan,3961.0,,
,LIGR,GRFCR,Total accounts received,half-year,Jul-Dec 2025,all,all,all,all,country_name,Azerbaijan,2436.0,,
,LIGR,GRFCR,Accounts actioned due to community guidelines violations,half-year,Jul-Dec 2025,all,all,all,all,country_name,Azerbaijan,435.0,,
,LIGR,GRFCR,Accounts actioned due to (local) law violations,half-year,Jul-Dec 2025,all,all,all,all,country_name,Azerbaijan,85.0,,
,LIGR,GRFCR,Accounts not actioned,half-year,Jul-Dec 2025,all,all,all,all,country_name,Azerbaijan,1916.0,,
,LIGR,GRFCR,Removal rate,half-year,Jul-Dec 2025,all,all,all,all,country_name,Azerbaijan,0.339143146,,
,LIGR,GRFCR,Total requests received,half-year,Jul-Dec 2025,all,all,all,all,country_name,Bangladesh,250.0,,
,LIGR,GRFCR,Total content received,half-year,Jul-Dec 2025,all,all,all,all,country_name,Bangladesh,529.0,,
,LIGR,GRFCR,Content actioned due to community guidelines violations,half-year,Jul-Dec 2025,all,all,all,all,country_name,Bangladesh,163.0,,
,LIGR,GRFCR,Content actioned due to (local) law violations,half-year,Jul-Dec 2025,all,all,all,all,country_name,Bangladesh,270.0,,
,LIGR,GRFCR,Content not actioned,half-year,Jul-Dec 2025,all,all,all,all,country_name,Bangladesh,96.0,,
,LIGR,GRFCR,Total accounts received,half-year,Jul-Dec 2025,all,all,all,all,country_name,Bangladesh,47.0,,
,LIGR,GRFCR,Accounts actioned due to community guidelines violations,half-year,Jul-Dec 2025,all,all,all,all,country_name,Bangladesh,11.0,,
,LIGR,GRFCR,Accounts actioned due to (local) law violations,half-year,Jul-Dec 2025,all,all,all,all,country_name,Bangladesh,1.0,,
,LIGR,GRFCR,Accounts not actioned,half-year,Jul-Dec 2025,all,all,all,all,country_name,Bangladesh,35.0,,
,LIGR,GRFCR,Removal rate,half-year,Jul-Dec 2025,all,all,all,all,country_name,Bangladesh,0.772569444,,
,LIGR,GRFCR,Total requests received,half-year,Jul-Dec 2025,all,all,all,all,country_name,Belarus,4.0,,
,LIGR,GRFCR,Total content received,half-year,Jul-Dec 2025,all,all,all,all,country_name,Belarus,0.0,,
,LIGR,GRFCR,Content actioned due to community guidelines violations,half-year,Jul-Dec 2025,all,all,all,all,country_name,Belarus,0.0,,
,LIGR,GRFCR,Content actioned due to (local) law violations,half-year,Jul-Dec 2025,all,all,all,all,country_name,Belarus,0.0,,
,LIGR,GRFCR,Content not actioned,half-year,Jul-Dec 2025,all,all,all,all,country_name,Belarus,0.0,,
,LIGR,GRFCR,Total accounts received,half-year,Jul-Dec 2025,all,all,all,all,country_name,Belarus,0.0,,
,LIGR,GRFCR,Accounts actioned due to community guidelines violations,half-year,Jul-Dec 2025,all,all,all,all,country_name,Belarus,0.0,,
,LIGR,GRFCR,Accounts actioned due to (local) law violations,half-year,Jul-Dec 2025,all,all,all,all,country_name,Belarus,0.0,,
,LIGR,GRFCR,Accounts not actioned,half-year,Jul-Dec 2025,all,all,all,all,country_name,Belarus,0.0,,
,LIGR,GRFCR,Removal rate,half-year,Jul-Dec 2025,all,all,all,all,country_name,Belarus,0.0,,
,LIGR,GRFCR,Total requests received,half-year,Jul-Dec 2025,all,all,all,all,country_name,Belgium,3.0,,
,LIGR,GRFCR,Total content received,half-year,Jul-Dec 2025,all,all,all,all,country_name,Belgium,6.0,,
,LIGR,GRFCR,Content actioned due to community guidelines violations,half-year,Jul-Dec 2025,all,all,all,all,country_name,Belgium,6.0,,
,LIGR,GRFCR,Content actioned due to (local) law violations,half-year,Jul-Dec 2025,all,all,all,all,country_name,Belgium,0.0,,
,LIGR,GRFCR,Content not actioned,half-year,Jul-Dec 2025,all,all,all,all,country_name,Belgium,0.0,,
,LIGR,GRFCR,Total accounts received,half-year,Jul-Dec 2025,all,all,all,all,country_name,Belgium,0.0,,
,LIGR,GRFCR,Accounts actioned due to community guidelines violations,half-year,Jul-Dec 2025,all,all,all,all,country_name,Belgium,0.0,,
,LIGR,GRFCR,Accounts actioned due to (local) law violations,half-year,Jul-Dec 2025,all,all,all,all,country_name,Belgium,0.0,,
,LIGR,GRFCR,Accounts not actioned,half-year,Jul-Dec 2025,all,all,all,all,country_name,Belgium,0.0,,
,LIGR,GRFCR,Removal rate,half-year,Jul-Dec 2025,all,all,all,all,country_name,Belgium,1.0,,
,LIGR,GRFCR,Total requests received,half-year,Jul-Dec 2025,all,all,all,all,country_name,Benin,31.0,,
,LIGR,GRFCR,Total content received,half-year,Jul-Dec 2025,all,all,all,all,country_name,Benin,63.0,,
,LIGR,GRFCR,Content actioned due to community guidelines violations,half-year,Jul-Dec 2025,all,all,all,all,country_name,Benin,11.0,,
,LIGR,GRFCR,Content actioned due to (local) law violations,half-year,Jul-Dec 2025,all,all,all,all,country_name,Benin,29.0,,
,LIGR,GRFCR,Content not actioned,half-year,Jul-Dec 2025,all,all,all,all,country_name,Benin,23.0,,
,LIGR,GRFCR,Total accounts received,half-year,Jul-Dec 2025,all,all,all,all,country_name,Benin,483.0,,
,LIGR,GRFCR,Accounts actioned due to community guidelines violations,half-year,Jul-Dec 2025,all,all,all,all,country_name,Benin,31.0,,
,LIGR,GRFCR,Accounts actioned due to (local) law violations,half-year,Jul-Dec 2025,all,all,all,all,country_name,Benin,8.0,,
,LIGR,GRFCR,Accounts not actioned,half-year,Jul-Dec 2025,all,all,all,all,country_name,Benin,444.0,,
,LIGR,GRFCR,Removal rate,half-year,Jul-Dec 2025,all,all,all,all,country_name,Benin,0.144688645,,
,LIGR,GRFCR,Total requests received,half-year,Jul-Dec 2025,all,all,all,all,country_name,Bhutan,9.0,,
,LIGR,GRFCR,Total content received,half-year,Jul-Dec 2025,all,all,all,all,country_name,Bhutan,13.0,,
,LIGR,GRFCR,Content actioned due to community guidelines violations,half-year,Jul-Dec 2025,all,all,all,all,country_name,Bhutan,8.0,,
,LIGR,GRFCR,Content actioned due to (local) law violations,half-year,Jul-Dec 2025,all,all,all,all,country_name,Bhutan,5.0,,
,LIGR,GRFCR,Content not actioned,half-year,Jul-Dec 2025,all,all,all,all,country_name,Bhutan,0.0,,
,LIGR,GRFCR,Total accounts received,half-year,Jul-Dec 2025,all,all,all,all,country_name,Bhutan,12.0,,
,LIGR,GRFCR,Accounts actioned due to community guidelines violations,half-year,Jul-Dec 2025,all,all,all,all,country_name,Bhutan,1.0,,
,LIGR,GRFCR,Accounts actioned due to (local) law violations,half-year,Jul-Dec 2025,all,all,all,all,country_name,Bhutan,0.0,,
,LIGR,GRFCR,Accounts not actioned,half-year,Jul-Dec 2025,all,all,all,all,country_name,Bhutan,11.0,,
,LIGR,GRFCR,Removal rate,half-year,Jul-Dec 2025,all,all,all,all,country_name,Bhutan,0.56,,
,LIGR,GRFCR,Total requests received,half-year,Jul-Dec 2025,all,all,all,all,country_name,Brazil,20.0,,
,LIGR,GRFCR,Total content received,half-year,Jul-Dec 2025,all,all,all,all,country_name,Brazil,354.0,,
,LIGR,GRFCR,Content actioned due to community guidelines violations,half-year,Jul-Dec 2025,all,all,all,all,country_name,Brazil,310.0,,
,LIGR,GRFCR,Content actioned due to (local) law violations,half-year,Jul-Dec 2025,all,all,all,all,country_name,Brazil,0.0,,
,LIGR,GRFCR,Content not actioned,half-year,Jul-Dec 2025,all,all,all,all,country_name,Brazil,44.0,,
,LIGR,GRFCR,Total accounts received,half-year,Jul-Dec 2025,all,all,all,all,country_name,Brazil,18.0,,
,LIGR,GRFCR,Accounts actioned due to community guidelines violations,half-year,Jul-Dec 2025,all,all,all,all,country_name,Brazil,1.0,,
,LIGR,GRFCR,Accounts actioned due to (local) law violations,half-year,Jul-Dec 2025,all,all,all,all,country_name,Brazil,9.0,,
,LIGR,GRFCR,Accounts not actioned,half-year,Jul-Dec 2025,all,all,all,all,country_name,Brazil,8.0,,
,LIGR,GRFCR,Removal rate,half-year,Jul-Dec 2025,all,all,all,all,country_name,Brazil,0.860215054,,
,LIGR,GRFCR,Total requests received,half-year,Jul-Dec 2025,all,all,all,all,country_name,Cambodia,44.0,,
,LIGR,GRFCR,Total content received,half-year,Jul-Dec 2025,all,all,all,all,country_name,Cambodia,102.0,,
,LIGR,GRFCR,Content actioned due to community guidelines violations,half-year,Jul-Dec 2025,all,all,all,all,country_name,Cambodia,46.0,,
,LIGR,GRFCR,Content actioned due to (local) law violations,half-year,Jul-Dec 2025,all,all,all,all,country_name,Cambodia,33.0,,
,LIGR,GRFCR,Content not actioned,half-year,Jul-Dec 2025,all,all,all,all,country_name,Cambodia,23.0,,
,LIGR,GRFCR,Total accounts received,half-year,Jul-Dec 2025,all,all,all,all,country_name,Cambodia,44.0,,
,LIGR,GRFCR,Accounts actioned due to community guidelines violations,half-year,Jul-Dec 2025,all,all,all,all,country_name,Cambodia,3.0,,
,LIGR,GRFCR,Accounts actioned due to (local) law violations,half-year,Jul-Dec 2025,all,all,all,all,country_name,Cambodia,4.0,,
,LIGR,GRFCR,Accounts not actioned,half-year,Jul-Dec 2025,all,all,all,all,country_name,Cambodia,37.0,,
,LIGR,GRFCR,Removal rate,half-year,Jul-Dec 2025,all,all,all,all,country_name,Cambodia,0.589041096,,
,LIGR,GRFCR,Total requests received,half-year,Jul-Dec 2025,all,all,all,all,country_name,Cameroon,21.0,,
,LIGR,GRFCR,Total content received,half-year,Jul-Dec 2025,all,all,all,all,country_name,Cameroon,114.0,,
,LIGR,GRFCR,Content actioned due to community guidelines violations,half-year,Jul-Dec 2025,all,all,all,all,country_name,Cameroon,64.0,,
,LIGR,GRFCR,Content actioned due to (local) law violations,half-year,Jul-Dec 2025,all,all,all,all,country_name,Cameroon,9.0,,
,LIGR,GRFCR,Content not actioned,half-year,Jul-Dec 2025,all,all,all,all,country_name,Cameroon,41.0,,
,LIGR,GRFCR,Total accounts received,half-year,Jul-Dec 2025,all,all,all,all,country_name,Cameroon,21.0,,
,LIGR,GRFCR,Accounts actioned due to community guidelines violations,half-year,Jul-Dec 2025,all,all,all,all,country_name,Cameroon,0.0,,
,LIGR,GRFCR,Accounts actioned due to (local) law violations,half-year,Jul-Dec 2025,all,all,all,all,country_name,Cameroon,2.0,,
,LIGR,GRFCR,Accounts not actioned,half-year,Jul-Dec 2025,all,all,all,all,country_name,Cameroon,19.0,,
,LIGR,GRFCR,Removal rate,half-year,Jul-Dec 2025,all,all,all,all,country_name,Cameroon,0.555555556,,
,LIGR,GRFCR,Total requests received,half-year,Jul-Dec 2025,all,all,all,all,country_name,Canada,2.0,,
,LIGR,GRFCR,Total content received,half-year,Jul-Dec 2025,all,all,all,all,country_name,Canada,3.0,,
,LIGR,GRFCR,Content actioned due to community guidelines violations,half-year,Jul-Dec 2025,all,all,all,all,country_name,Canada,3.0,,
,LIGR,GRFCR,Content actioned due to (local) law violations,half-year,Jul-Dec 2025,all,all,all,all,country_name,Canada,0.0,,
,LIGR,GRFCR,Content not actioned,half-year,Jul-Dec 2025,all,all,all,all,country_name,Canada,0.0,,
,LIGR,GRFCR,Total accounts received,half-year,Jul-Dec 2025,all,all,all,all,country_name,Canada,2.0,,
,LIGR,GRFCR,Accounts actioned due to community guidelines violations,half-year,Jul-Dec 2025,all,all,all,all,country_name,Canada,0.0,,
,LIGR,GRFCR,Accounts actioned due to (local) law violations,half-year,Jul-Dec 2025,all,all,all,all,country_name,Canada,0.0,,
,LIGR,GRFCR,Accounts not actioned,half-year,Jul-Dec 2025,all,all,all,all,country_name,Canada,2.0,,
,LIGR,GRFCR,Removal rate,half-year,Jul-Dec 2025,all,all,all,all,country_name,Canada,0.6,,
,LIGR,GRFCR,Total requests received,half-year,Jul-Dec 2025,all,all,all,all,country_name,Chad,107.0,,
,LIGR,GRFCR,Total content received,half-year,Jul-Dec 2025,all,all,all,all,country_name,Chad,45.0,,
,LIGR,GRFCR,Content actioned due to community guidelines violations,half-year,Jul-Dec 2025,all,all,all,all,country_name,Chad,29.0,,
,LIGR,GRFCR,Content actioned due to (local) law violations,half-year,Jul-Dec 2025,all,all,all,all,country_name,Chad,2.0,,
,LIGR,GRFCR,Content not actioned,half-year,Jul-Dec 2025,all,all,all,all,country_name,Chad,14.0,,
,LIGR,GRFCR,Total accounts received,half-year,Jul-Dec 2025,all,all,all,all,country_name,Chad,53.0,,
,LIGR,GRFCR,Accounts actioned due to community guidelines violations,half-year,Jul-Dec 2025,all,all,all,all,country_name,Chad,3.0,,
,LIGR,GRFCR,Accounts actioned due to (local) law violations,half-year,Jul-Dec 2025,all,all,all,all,country_name,Chad,5.0,,
,LIGR,GRFCR,Accounts not actioned,half-year,Jul-Dec 2025,all,all,all,all,country_name,Chad,45.0,,
,LIGR,GRFCR,Removal rate,half-year,Jul-Dec 2025,all,all,all,all,country_name,Chad,0.397959184,,
,LIGR,GRFCR,Total requests received,half-year,Jul-Dec 2025,all,all,all,all,country_name,Chile,1.0,,
,LIGR,GRFCR,Total content received,half-year,Jul-Dec 2025,all,all,all,all,country_name,Chile,2.0,,
,LIGR,GRFCR,Content actioned due to community guidelines violations,half-year,Jul-Dec 2025,all,all,all,all,country_name,Chile,2.0,,
,LIGR,GRFCR,Content actioned due to (local) law violations,half-year,Jul-Dec 2025,all,all,all,all,country_name,Chile,0.0,,
,LIGR,GRFCR,Content not actioned,half-year,Jul-Dec 2025,all,all,all,all,country_name,Chile,0.0,,
,LIGR,GRFCR,Total accounts received,half-year,Jul-Dec 2025,all,all,all,all,country_name,Chile,0.0,,
,LIGR,GRFCR,Accounts actioned due to community guidelines violations,half-year,Jul-Dec 2025,all,all,all,all,country_name,Chile,0.0,,
,LIGR,GRFCR,Accounts actioned due to (local) law violations,half-year,Jul-Dec 2025,all,all,all,all,country_name,Chile,0.0,,
,LIGR,GRFCR,Accounts not actioned,half-year,Jul-Dec 2025,all,all,all,all,country_name,Chile,0.0,,
,LIGR,GRFCR,Removal rate,half-year,Jul-Dec 2025,all,all,all,all,country_name,Chile,1.0,,
,LIGR,GRFCR,Total requests received,half-year,Jul-Dec 2025,all,all,all,all,country_name,Colombia,1.0,,
,LIGR,GRFCR,Total content received,half-year,Jul-Dec 2025,all,all,all,all,country_name,Colombia,1.0,,
,LIGR,GRFCR,Content actioned due to community guidelines violations,half-year,Jul-Dec 2025,all,all,all,all,country_name,Colombia,1.0,,
,LIGR,GRFCR,Content actioned due to (local) law violations,half-year,Jul-Dec 2025,all,all,all,all,country_name,Colombia,0.0,,
,LIGR,GRFCR,Content not actioned,half-year,Jul-Dec 2025,all,all,all,all,country_name,Colombia,0.0,,
,LIGR,GRFCR,Total accounts received,half-year,Jul-Dec 2025,all,all,all,all,country_name,Colombia,0.0,,
,LIGR,GRFCR,Accounts actioned due to community guidelines violations,half-year,Jul-Dec 2025,all,all,all,all,country_name,Colombia,0.0,,
,LIGR,GRFCR,Accounts actioned due to (local) law violations,half-year,Jul-Dec 2025,all,all,all,all,country_name,Colombia,0.0,,
,LIGR,GRFCR,Accounts not actioned,half-year,Jul-Dec 2025,all,all,all,all,country_name,Colombia,0.0,,
,LIGR,GRFCR,Removal rate,half-year,Jul-Dec 2025,all,all,all,all,country_name,Colombia,1.0,,
,LIGR,GRFCR,Total requests received,half-year,Jul-Dec 2025,all,all,all,all,country_name,Costa Rica,1.0,,
,LIGR,GRFCR,Total content received,half-year,Jul-Dec 2025,all,all,all,all,country_name,Costa Rica,1.0,,
,LIGR,GRFCR,Content actioned due to community guidelines violations,half-year,Jul-Dec 2025,all,all,all,all,country_name,Costa Rica,1.0,,
,LIGR,GRFCR,Content actioned due to (local) law violations,half-year,Jul-Dec 2025,all,all,all,all,country_name,Costa Rica,0.0,,
,LIGR,GRFCR,Content not actioned,half-year,Jul-Dec 2025,all,all,all,all,country_name,Costa Rica,0.0,,
,LIGR,GRFCR,Total accounts received,half-year,Jul-Dec 2025,all,all,all,all,country_name,Costa Rica,0.0,,
,LIGR,GRFCR,Accounts actioned due to community guidelines violations,half-year,Jul-Dec 2025,all,all,all,all,country_name,Costa Rica,0.0,,
,LIGR,GRFCR,Accounts actioned due to (local) law violations,half-year,Jul-Dec 2025,all,all,all,all,country_name,Costa Rica,0.0,,
,LIGR,GRFCR,Accounts not actioned,half-year,Jul-Dec 2025,all,all,all,all,country_name,Costa Rica,0.0,,
,LIGR,GRFCR,Removal rate,half-year,Jul-Dec 2025,all,all,all,all,country_name,Costa Rica,1.0,,
,LIGR,GRFCR,Total requests received,half-year,Jul-Dec 2025,all,all,all,all,country_name,Croatia,0.0,,
,LIGR,GRFCR,Total content received,half-year,Jul-Dec 2025,all,all,all,all,country_name,Croatia,0.0,,
,LIGR,GRFCR,Content actioned due to community guidelines violations,half-year,Jul-Dec 2025,all,all,all,all,country_name,Croatia,0.0,,
,LIGR,GRFCR,Content actioned due to (local) law violations,half-year,Jul-Dec 2025,all,all,all,all,country_name,Croatia,0.0,,
,LIGR,GRFCR,Content not actioned,half-year,Jul-Dec 2025,all,all,all,all,country_name,Croatia,0.0,,
,LIGR,GRFCR,Total accounts received,half-year,Jul-Dec 2025,all,all,all,all,country_name,Croatia,0.0,,
,LIGR,GRFCR,Accounts actioned due to community guidelines violations,half-year,Jul-Dec 2025,all,all,all,all,country_name,Croatia,0.0,,
,LIGR,GRFCR,Accounts actioned due to (local) law violations,half-year,Jul-Dec 2025,all,all,all,all,country_name,Croatia,0.0,,
,LIGR,GRFCR,Accounts not actioned,half-year,Jul-Dec 2025,all,all,all,all,country_name,Croatia,0.0,,
,LIGR,GRFCR,Removal rate,half-year,Jul-Dec 2025,all,all,all,all,country_name,Croatia,0.0,,
,LIGR,GRFCR,Total requests received,half-year,Jul-Dec 2025,all,all,all,all,country_name,Cyprus,2.0,,
,LIGR,GRFCR,Total content received,half-year,Jul-Dec 2025,all,all,all,all,country_name,Cyprus,5.0,,
,LIGR,GRFCR,Content actioned due to community guidelines violations,half-year,Jul-Dec 2025,all,all,all,all,country_name,Cyprus,5.0,,
,LIGR,GRFCR,Content actioned due to (local) law violations,half-year,Jul-Dec 2025,all,all,all,all,country_name,Cyprus,0.0,,
,LIGR,GRFCR,Content not actioned,half-year,Jul-Dec 2025,all,all,all,all,country_name,Cyprus,0.0,,
,LIGR,GRFCR,Total accounts received,half-year,Jul-Dec 2025,all,all,all,all,country_name,Cyprus,0.0,,
,LIGR,GRFCR,Accounts actioned due to community guidelines violations,half-year,Jul-Dec 2025,all,all,all,all,country_name,Cyprus,0.0,,
,LIGR,GRFCR,Accounts actioned due to (local) law violations,half-year,Jul-Dec 2025,all,all,all,all,country_name,Cyprus,0.0,,
,LIGR,GRFCR,Accounts not actioned,half-year,Jul-Dec 2025,all,all,all,all,country_name,Cyprus,0.0,,
,LIGR,GRFCR,Removal rate,half-year,Jul-Dec 2025,all,all,all,all,country_name,Cyprus,1.0,,
,LIGR,GRFCR,Total requests received,half-year,Jul-Dec 2025,all,all,all,all,country_name,Czech Republic,2.0,,
,LIGR,GRFCR,Total content received,half-year,Jul-Dec 2025,all,all,all,all,country_name,Czech Republic,0.0,,
,LIGR,GRFCR,Content actioned due to community guidelines violations,half-year,Jul-Dec 2025,all,all,all,all,country_name,Czech Republic,0.0,,
,LIGR,GRFCR,Content actioned due to (local) law violations,half-year,Jul-Dec 2025,all,all,all,all,country_name,Czech Republic,0.0,,
,LIGR,GRFCR,Content not actioned,half-year,Jul-Dec 2025,all,all,all,all,country_name,Czech Republic,0.0,,
,LIGR,GRFCR,Total accounts received,half-year,Jul-Dec 2025,all,all,all,all,country_name,Czech Republic,2.0,,
,LIGR,GRFCR,Accounts actioned due to community guidelines violations,half-year,Jul-Dec 2025,all,all,all,all,country_name,Czech Republic,0.0,,
,LIGR,GRFCR,Accounts actioned due to (local) law violations,half-year,Jul-Dec 2025,all,all,all,all,country_name,Czech Republic,0.0,,
,LIGR,GRFCR,Accounts not actioned,half-year,Jul-Dec 2025,all,all,all,all,country_name,Czech Republic,2.0,,
,LIGR,GRFCR,Removal rate,half-year,Jul-Dec 2025,all,all,all,all,country_name,Czech Republic,0.0,,
,LIGR,GRFCR,Total requests received,half-year,Jul-Dec 2025,all,all,all,all,country_name,Cote d’Ivoire,492.0,,
,LIGR,GRFCR,Total content received,half-year,Jul-Dec 2025,all,all,all,all,country_name,Cote d’Ivoire,649.0,,
,LIGR,GRFCR,Content actioned due to community guidelines violations,half-year,Jul-Dec 2025,all,all,all,all,country_name,Cote d’Ivoire,274.0,,
,LIGR,GRFCR,Content actioned due to (local) law violations,half-year,Jul-Dec 2025,all,all,all,all,country_name,Cote d’Ivoire,76.0,,
,LIGR,GRFCR,Content not actioned,half-year,Jul-Dec 2025,all,all,all,all,country_name,Cote d’Ivoire,299.0,,
,LIGR,GRFCR,Total accounts received,half-year,Jul-Dec 2025,all,all,all,all,country_name,Cote d’Ivoire,271.0,,
,LIGR,GRFCR,Accounts actioned due to community guidelines violations,half-year,Jul-Dec 2025,all,all,all,all,country_name,Cote d’Ivoire,56.0,,
,LIGR,GRFCR,Accounts actioned due to (local) law violations,half-year,Jul-Dec 2025,all,all,all,all,country_name,Cote d’Ivoire,11.0,,
,LIGR,GRFCR,Accounts not actioned,half-year,Jul-Dec 2025,all,all,all,all,country_name,Cote d’Ivoire,204.0,,
,LIGR,GRFCR,Removal rate,half-year,Jul-Dec 2025,all,all,all,all,country_name,Cote d’Ivoire,0.45326087,,
,LIGR,GRFCR,Total requests received,half-year,Jul-Dec 2025,all,all,all,all,country_name,Democratic Republic of Congo,27.0,,
,LIGR,GRFCR,Total content received,half-year,Jul-Dec 2025,all,all,all,all,country_name,Democratic Republic of Congo,106.0,,
,LIGR,GRFCR,Content actioned due to community guidelines violations,half-year,Jul-Dec 2025,all,all,all,all,country_name,Democratic Republic of Congo,55.0,,
,LIGR,GRFCR,Content actioned due to (local) law violations,half-year,Jul-Dec 2025,all,all,all,all,country_name,Democratic Republic of Congo,6.0,,
,LIGR,GRFCR,Content not actioned,half-year,Jul-Dec 2025,all,all,all,all,country_name,Democratic Republic of Congo,45.0,,
,LIGR,GRFCR,Total accounts received,half-year,Jul-Dec 2025,all,all,all,all,country_name,Democratic Republic of Congo,16.0,,
,LIGR,GRFCR,Accounts actioned due to community guidelines violations,half-year,Jul-Dec 2025,all,all,all,all,country_name,Democratic Republic of Congo,5.0,,
,LIGR,GRFCR,Accounts actioned due to (local) law violations,half-year,Jul-Dec 2025,all,all,all,all,country_name,Democratic Republic of Congo,0.0,,
,LIGR,GRFCR,Accounts not actioned,half-year,Jul-Dec 2025,all,all,all,all,country_name,Democratic Republic of Congo,11.0,,
,LIGR,GRFCR,Removal rate,half-year,Jul-Dec 2025,all,all,all,all,country_name,Democratic Republic of Congo,0.540983607,,
,LIGR,GRFCR,Total requests received,half-year,Jul-Dec 2025,all,all,all,all,country_name,Denmark,29.0,,
,LIGR,GRFCR,Total content received,half-year,Jul-Dec 2025,all,all,all,all,country_name,Denmark,121.0,,
,LIGR,GRFCR,Content actioned due to community guidelines violations,half-year,Jul-Dec 2025,all,all,all,all,country_name,Denmark,120.0,,
,LIGR,GRFCR,Content actioned due to (local) law violations,half-year,Jul-Dec 2025,all,all,all,all,country_name,Denmark,1.0,,
,LIGR,GRFCR,Content not actioned,half-year,Jul-Dec 2025,all,all,all,all,country_name,Denmark,0.0,,
,LIGR,GRFCR,Total accounts received,half-year,Jul-Dec 2025,all,all,all,all,country_name,Denmark,9.0,,
,LIGR,GRFCR,Accounts actioned due to community guidelines violations,half-year,Jul-Dec 2025,all,all,all,all,country_name,Denmark,6.0,,
,LIGR,GRFCR,Accounts actioned due to (local) law violations,half-year,Jul-Dec 2025,all,all,all,all,country_name,Denmark,0.0,,
,LIGR,GRFCR,Accounts not actioned,half-year,Jul-Dec 2025,all,all,all,all,country_name,Denmark,3.0,,
,LIGR,GRFCR,Removal rate,half-year,Jul-Dec 2025,all,all,all,all,country_name,Denmark,0.976923077,,
,LIGR,GRFCR,Total requests received,half-year,Jul-Dec 2025,all,all,all,all,country_name,Ecuador,0.0,,
,LIGR,GRFCR,Total content received,half-year,Jul-Dec 2025,all,all,all,all,country_name,Ecuador,0.0,,
,LIGR,GRFCR,Content actioned due to community guidelines violations,half-year,Jul-Dec 2025,all,all,all,all,country_name,Ecuador,0.0,,
,LIGR,GRFCR,Content actioned due to (local) law violations,half-year,Jul-Dec 2025,all,all,all,all,country_name,Ecuador,0.0,,
,LIGR,GRFCR,Content not actioned,half-year,Jul-Dec 2025,all,all,all,all,country_name,Ecuador,0.0,,
,LIGR,GRFCR,Total accounts received,half-year,Jul-Dec 2025,all,all,all,all,country_name,Ecuador,0.0,,
,LIGR,GRFCR,Accounts actioned due to community guidelines violations,half-year,Jul-Dec 2025,all,all,all,all,country_name,Ecuador,0.0,,
,LIGR,GRFCR,Accounts actioned due to (local) law violations,half-year,Jul-Dec 2025,all,all,all,all,country_name,Ecuador,0.0,,
,LIGR,GRFCR,Accounts not actioned,half-year,Jul-Dec 2025,all,all,all,all,country_name,Ecuador,0.0,,
,LIGR,GRFCR,Removal rate,half-year,Jul-Dec 2025,all,all,all,all,country_name,Ecuador,0.0,,
,LIGR,GRFCR,Total requests received,half-year,Jul-Dec 2025,all,all,all,all,country_name,Egypt,31.0,,
,LIGR,GRFCR,Total content received,half-year,Jul-Dec 2025,all,all,all,all,country_name,Egypt,12.0,,
,LIGR,GRFCR,Content actioned due to community guidelines violations,half-year,Jul-Dec 2025,all,all,all,all,country_name,Egypt,4.0,,
,LIGR,GRFCR,Content actioned due to (local) law violations,half-year,Jul-Dec 2025,all,all,all,all,country_name,Egypt,7.0,,
,LIGR,GRFCR,Content not actioned,half-year,Jul-Dec 2025,all,all,all,all,country_name,Egypt,1.0,,
,LIGR,GRFCR,Total accounts received,half-year,Jul-Dec 2025,all,all,all,all,country_name,Egypt,21.0,,
,LIGR,GRFCR,Accounts actioned due to community guidelines violations,half-year,Jul-Dec 2025,all,all,all,all,country_name,Egypt,2.0,,
,LIGR,GRFCR,Accounts actioned due to (local) law violations,half-year,Jul-Dec 2025,all,all,all,all,country_name,Egypt,10.0,,
,LIGR,GRFCR,Accounts not actioned,half-year,Jul-Dec 2025,all,all,all,all,country_name,Egypt,9.0,,
,LIGR,GRFCR,Removal rate,half-year,Jul-Dec 2025,all,all,all,all,country_name,Egypt,0.696969697,,
,LIGR,GRFCR,Total requests received,half-year,Jul-Dec 2025,all,all,all,all,country_name,Estonia,4.0,,
,LIGR,GRFCR,Total content received,half-year,Jul-Dec 2025,all,all,all,all,country_name,Estonia,1.0,,
,LIGR,GRFCR,Content actioned due to community guidelines violations,half-year,Jul-Dec 2025,all,all,all,all,country_name,Estonia,1.0,,
,LIGR,GRFCR,Content actioned due to (local) law violations,half-year,Jul-Dec 2025,all,all,all,all,country_name,Estonia,0.0,,
,LIGR,GRFCR,Content not actioned,half-year,Jul-Dec 2025,all,all,all,all,country_name,Estonia,0.0,,
,LIGR,GRFCR,Total accounts received,half-year,Jul-Dec 2025,all,all,all,all,country_name,Estonia,2.0,,
,LIGR,GRFCR,Accounts actioned due to community guidelines violations,half-year,Jul-Dec 2025,all,all,all,all,country_name,Estonia,1.0,,
,LIGR,GRFCR,Accounts actioned due to (local) law violations,half-year,Jul-Dec 2025,all,all,all,all,country_name,Estonia,0.0,,
,LIGR,GRFCR,Accounts not actioned,half-year,Jul-Dec 2025,all,all,all,all,country_name,Estonia,1.0,,
,LIGR,GRFCR,Removal rate,half-year,Jul-Dec 2025,all,all,all,all,country_name,Estonia,0.666666667,,
,LIGR,GRFCR,Total requests received,half-year,Jul-Dec 2025,all,all,all,all,country_name,Ethiopia,0.0,,
,LIGR,GRFCR,Total content received,half-year,Jul-Dec 2025,all,all,all,all,country_name,Ethiopia,0.0,,
,LIGR,GRFCR,Content actioned due to community guidelines violations,half-year,Jul-Dec 2025,all,all,all,all,country_name,Ethiopia,0.0,,
,LIGR,GRFCR,Content actioned due to (local) law violations,half-year,Jul-Dec 2025,all,all,all,all,country_name,Ethiopia,0.0,,
,LIGR,GRFCR,Content not actioned,half-year,Jul-Dec 2025,all,all,all,all,country_name,Ethiopia,0.0,,
,LIGR,GRFCR,Total accounts received,half-year,Jul-Dec 2025,all,all,all,all,country_name,Ethiopia,0.0,,
,LIGR,GRFCR,Accounts actioned due to community guidelines violations,half-year,Jul-Dec 2025,all,all,all,all,country_name,Ethiopia,0.0,,
,LIGR,GRFCR,Accounts actioned due to (local) law violations,half-year,Jul-Dec 2025,all,all,all,all,country_name,Ethiopia,0.0,,
,LIGR,GRFCR,Accounts not actioned,half-year,Jul-Dec 2025,all,all,all,all,country_name,Ethiopia,0.0,,
,LIGR,GRFCR,Removal rate,half-year,Jul-Dec 2025,all,all,all,all,country_name,Ethiopia,0.0,,
,LIGR,GRFCR,Total requests received,half-year,Jul-Dec 2025,all,all,all,all,country_name,Fiji,55.0,,
,LIGR,GRFCR,Total content received,half-year,Jul-Dec 2025,all,all,all,all,country_name,Fiji,156.0,,
,LIGR,GRFCR,Content actioned due to community guidelines violations,half-year,Jul-Dec 2025,all,all,all,all,country_name,Fiji,31.0,,
,LIGR,GRFCR,Content actioned due to (local) law violations,half-year,Jul-Dec 2025,all,all,all,all,country_name,Fiji,0.0,,
,LIGR,GRFCR,Content not actioned,half-year,Jul-Dec 2025,all,all,all,all,country_name,Fiji,125.0,,
,LIGR,GRFCR,Total accounts received,half-year,Jul-Dec 2025,all,all,all,all,country_name,Fiji,54.0,,
,LIGR,GRFCR,Accounts actioned due to community guidelines violations,half-year,Jul-Dec 2025,all,all,all,all,country_name,Fiji,8.0,,
,LIGR,GRFCR,Accounts actioned due to (local) law violations,half-year,Jul-Dec 2025,all,all,all,all,country_name,Fiji,0.0,,
,LIGR,GRFCR,Accounts not actioned,half-year,Jul-Dec 2025,all,all,all,all,country_name,Fiji,46.0,,
,LIGR,GRFCR,Removal rate,half-year,Jul-Dec 2025,all,all,all,all,country_name,Fiji,0.185714286,,
,LIGR,GRFCR,Total requests received,half-year,Jul-Dec 2025,all,all,all,all,country_name,France,239.0,,
,LIGR,GRFCR,Total content received,half-year,Jul-Dec 2025,all,all,all,all,country_name,France,365.0,,
,LIGR,GRFCR,Content actioned due to community guidelines violations,half-year,Jul-Dec 2025,all,all,all,all,country_name,France,252.0,,
,LIGR,GRFCR,Content actioned due to (local) law violations,half-year,Jul-Dec 2025,all,all,all,all,country_name,France,61.0,,
,LIGR,GRFCR,Content not actioned,half-year,Jul-Dec 2025,all,all,all,all,country_name,France,52.0,,
,LIGR,GRFCR,Total accounts received,half-year,Jul-Dec 2025,all,all,all,all,country_name,France,191.0,,
,LIGR,GRFCR,Accounts actioned due to community guidelines violations,half-year,Jul-Dec 2025,all,all,all,all,country_name,France,83.0,,
,LIGR,GRFCR,Accounts actioned due to (local) law violations,half-year,Jul-Dec 2025,all,all,all,all,country_name,France,34.0,,
,LIGR,GRFCR,Accounts not actioned,half-year,Jul-Dec 2025,all,all,all,all,country_name,France,74.0,,
,LIGR,GRFCR,Removal rate,half-year,Jul-Dec 2025,all,all,all,all,country_name,France,0.773381295,,
,LIGR,GRFCR,Total requests received,half-year,Jul-Dec 2025,all,all,all,all,country_name,Germany,135.0,,
,LIGR,GRFCR,Total content received,half-year,Jul-Dec 2025,all,all,all,all,country_name,Germany,440.0,,
,LIGR,GRFCR,Content actioned due to community guidelines violations,half-year,Jul-Dec 2025,all,all,all,all,country_name,Germany,410.0,,
,LIGR,GRFCR,Content actioned due to (local) law violations,half-year,Jul-Dec 2025,all,all,all,all,country_name,Germany,4.0,,
,LIGR,GRFCR,Content not actioned,half-year,Jul-Dec 2025,all,all,all,all,country_name,Germany,26.0,,
,LIGR,GRFCR,Total accounts received,half-year,Jul-Dec 2025,all,all,all,all,country_name,Germany,142.0,,
,LIGR,GRFCR,Accounts actioned due to community guidelines violations,half-year,Jul-Dec 2025,all,all,all,all,country_name,Germany,65.0,,
,LIGR,GRFCR,Accounts actioned due to (local) law violations,half-year,Jul-Dec 2025,all,all,all,all,country_name,Germany,60.0,,
,LIGR,GRFCR,Accounts not actioned,half-year,Jul-Dec 2025,all,all,all,all,country_name,Germany,17.0,,
,LIGR,GRFCR,Removal rate,half-year,Jul-Dec 2025,all,all,all,all,country_name,Germany,0.926116838,,
,LIGR,GRFCR,Total requests received,half-year,Jul-Dec 2025,all,all,all,all,country_name,Ghana,14.0,,
,LIGR,GRFCR,Total content received,half-year,Jul-Dec 2025,all,all,all,all,country_name,Ghana,0.0,,
,LIGR,GRFCR,Content actioned due to community guidelines violations,half-year,Jul-Dec 2025,all,all,all,all,country_name,Ghana,0.0,,
,LIGR,GRFCR,Content actioned due to (local) law violations,half-year,Jul-Dec 2025,all,all,all,all,country_name,Ghana,0.0,,
,LIGR,GRFCR,Content not actioned,half-year,Jul-Dec 2025,all,all,all,all,country_name,Ghana,0.0,,
,LIGR,GRFCR,Total accounts received,half-year,Jul-Dec 2025,all,all,all,all,country_name,Ghana,49.0,,
,LIGR,GRFCR,Accounts actioned due to community guidelines violations,half-year,Jul-Dec 2025,all,all,all,all,country_name,Ghana,33.0,,
,LIGR,GRFCR,Accounts actioned due to (local) law violations,half-year,Jul-Dec 2025,all,all,all,all,country_name,Ghana,0.0,,
,LIGR,GRFCR,Accounts not actioned,half-year,Jul-Dec 2025,all,all,all,all,country_name,Ghana,16.0,,
,LIGR,GRFCR,Removal rate,half-year,Jul-Dec 2025,all,all,all,all,country_name,Ghana,0.673469388,,
,LIGR,GRFCR,Total requests received,half-year,Jul-Dec 2025,all,all,all,all,country_name,Greece,0.0,,
,LIGR,GRFCR,Total content received,half-year,Jul-Dec 2025,all,all,all,all,country_name,Greece,0.0,,
,LIGR,GRFCR,Content actioned due to community guidelines violations,half-year,Jul-Dec 2025,all,all,all,all,country_name,Greece,0.0,,
,LIGR,GRFCR,Content actioned due to (local) law violations,half-year,Jul-Dec 2025,all,all,all,all,country_name,Greece,0.0,,
,LIGR,GRFCR,Content not actioned,half-year,Jul-Dec 2025,all,all,all,all,country_name,Greece,0.0,,
,LIGR,GRFCR,Total accounts received,half-year,Jul-Dec 2025,all,all,all,all,country_name,Greece,0.0,,
,LIGR,GRFCR,Accounts actioned due to community guidelines violations,half-year,Jul-Dec 2025,all,all,all,all,country_name,Greece,0.0,,
,LIGR,GRFCR,Accounts actioned due to (local) law violations,half-year,Jul-Dec 2025,all,all,all,all,country_name,Greece,0.0,,
,LIGR,GRFCR,Accounts not actioned,half-year,Jul-Dec 2025,all,all,all,all,country_name,Greece,0.0,,
,LIGR,GRFCR,Removal rate,half-year,Jul-Dec 2025,all,all,all,all,country_name,Greece,0.0,,
,LIGR,GRFCR,Total requests received,half-year,Jul-Dec 2025,all,all,all,all,country_name,Hungary,6.0,,
,LIGR,GRFCR,Total content received,half-year,Jul-Dec 2025,all,all,all,all,country_name,Hungary,2.0,,
,LIGR,GRFCR,Content actioned due to community guidelines violations,half-year,Jul-Dec 2025,all,all,all,all,country_name,Hungary,2.0,,
,LIGR,GRFCR,Content actioned due to (local) law violations,half-year,Jul-Dec 2025,all,all,all,all,country_name,Hungary,0.0,,
,LIGR,GRFCR,Content not actioned,half-year,Jul-Dec 2025,all,all,all,all,country_name,Hungary,0.0,,
,LIGR,GRFCR,Total accounts received,half-year,Jul-Dec 2025,all,all,all,all,country_name,Hungary,4.0,,
,LIGR,GRFCR,Accounts actioned due to community guidelines violations,half-year,Jul-Dec 2025,all,all,all,all,country_name,Hungary,2.0,,
,LIGR,GRFCR,Accounts actioned due to (local) law violations,half-year,Jul-Dec 2025,all,all,all,all,country_name,Hungary,0.0,,
,LIGR,GRFCR,Accounts not actioned,half-year,Jul-Dec 2025,all,all,all,all,country_name,Hungary,2.0,,
,LIGR,GRFCR,Removal rate,half-year,Jul-Dec 2025,all,all,all,all,country_name,Hungary,0.666666667,,
,LIGR,GRFCR,Total requests received,half-year,Jul-Dec 2025,all,all,all,all,country_name,Indonesia,1113.0,,
,LIGR,GRFCR,Total content received,half-year,Jul-Dec 2025,all,all,all,all,country_name,Indonesia,3895.0,,
,LIGR,GRFCR,Content actioned due to community guidelines violations,half-year,Jul-Dec 2025,all,all,all,all,country_name,Indonesia,1359.0,,
,LIGR,GRFCR,Content actioned due to (local) law violations,half-year,Jul-Dec 2025,all,all,all,all,country_name,Indonesia,1282.0,,
,LIGR,GRFCR,Content not actioned,half-year,Jul-Dec 2025,all,all,all,all,country_name,Indonesia,1254.0,,
,LIGR,GRFCR,Total accounts received,half-year,Jul-Dec 2025,all,all,all,all,country_name,Indonesia,1869.0,,
,LIGR,GRFCR,Accounts actioned due to community guidelines violations,half-year,Jul-Dec 2025,all,all,all,all,country_name,Indonesia,803.0,,
,LIGR,GRFCR,Accounts actioned due to (local) law violations,half-year,Jul-Dec 2025,all,all,all,all,country_name,Indonesia,155.0,,
,LIGR,GRFCR,Accounts not actioned,half-year,Jul-Dec 2025,all,all,all,all,country_name,Indonesia,911.0,,
,LIGR,GRFCR,Removal rate,half-year,Jul-Dec 2025,all,all,all,all,country_name,Indonesia,0.624392783,,
,LIGR,GRFCR,Total requests received,half-year,Jul-Dec 2025,all,all,all,all,country_name,Iraq,479.0,,
,LIGR,GRFCR,Total content received,half-year,Jul-Dec 2025,all,all,all,all,country_name,Iraq,831.0,,
,LIGR,GRFCR,Content actioned due to community guidelines violations,half-year,Jul-Dec 2025,all,all,all,all,country_name,Iraq,316.0,,
,LIGR,GRFCR,Content actioned due to (local) law violations,half-year,Jul-Dec 2025,all,all,all,all,country_name,Iraq,358.0,,
,LIGR,GRFCR,Content not actioned,half-year,Jul-Dec 2025,all,all,all,all,country_name,Iraq,157.0,,
,LIGR,GRFCR,Total accounts received,half-year,Jul-Dec 2025,all,all,all,all,country_name,Iraq,2087.0,,
,LIGR,GRFCR,Accounts actioned due to community guidelines violations,half-year,Jul-Dec 2025,all,all,all,all,country_name,Iraq,229.0,,
,LIGR,GRFCR,Accounts actioned due to (local) law violations,half-year,Jul-Dec 2025,all,all,all,all,country_name,Iraq,1142.0,,
,LIGR,GRFCR,Accounts not actioned,half-year,Jul-Dec 2025,all,all,all,all,country_name,Iraq,716.0,,
,LIGR,GRFCR,Removal rate,half-year,Jul-Dec 2025,all,all,all,all,country_name,Iraq,0.700822481,,
,LIGR,GRFCR,Total requests received,half-year,Jul-Dec 2025,all,all,all,all,country_name,Ireland,5.0,,
,LIGR,GRFCR,Total content received,half-year,Jul-Dec 2025,all,all,all,all,country_name,Ireland,2.0,,
,LIGR,GRFCR,Content actioned due to community guidelines violations,half-year,Jul-Dec 2025,all,all,all,all,country_name,Ireland,0.0,,
,LIGR,GRFCR,Content actioned due to (local) law violations,half-year,Jul-Dec 2025,all,all,all,all,country_name,Ireland,2.0,,
,LIGR,GRFCR,Content not actioned,half-year,Jul-Dec 2025,all,all,all,all,country_name,Ireland,0.0,,
,LIGR,GRFCR,Total accounts received,half-year,Jul-Dec 2025,all,all,all,all,country_name,Ireland,11.0,,
,LIGR,GRFCR,Accounts actioned due to community guidelines violations,half-year,Jul-Dec 2025,all,all,all,all,country_name,Ireland,9.0,,
,LIGR,GRFCR,Accounts actioned due to (local) law violations,half-year,Jul-Dec 2025,all,all,all,all,country_name,Ireland,0.0,,
,LIGR,GRFCR,Accounts not actioned,half-year,Jul-Dec 2025,all,all,all,all,country_name,Ireland,2.0,,
,LIGR,GRFCR,Removal rate,half-year,Jul-Dec 2025,all,all,all,all,country_name,Ireland,0.846153846,,
,LIGR,GRFCR,Total requests received,half-year,Jul-Dec 2025,all,all,all,all,country_name,Israel,114.0,,
,LIGR,GRFCR,Total content received,half-year,Jul-Dec 2025,all,all,all,all,country_name,Israel,3912.0,,
,LIGR,GRFCR,Content actioned due to community guidelines violations,half-year,Jul-Dec 2025,all,all,all,all,country_name,Israel,3729.0,,
,LIGR,GRFCR,Content actioned due to (local) law violations,half-year,Jul-Dec 2025,all,all,all,all,country_name,Israel,43.0,,
,LIGR,GRFCR,Content not actioned,half-year,Jul-Dec 2025,all,all,all,all,country_name,Israel,140.0,,
,LIGR,GRFCR,Total accounts received,half-year,Jul-Dec 2025,all,all,all,all,country_name,Israel,117.0,,
,LIGR,GRFCR,Accounts actioned due to community guidelines violations,half-year,Jul-Dec 2025,all,all,all,all,country_name,Israel,45.0,,
,LIGR,GRFCR,Accounts actioned due to (local) law violations,half-year,Jul-Dec 2025,all,all,all,all,country_name,Israel,4.0,,
,LIGR,GRFCR,Accounts not actioned,half-year,Jul-Dec 2025,all,all,all,all,country_name,Israel,68.0,,
,LIGR,GRFCR,Removal rate,half-year,Jul-Dec 2025,all,all,all,all,country_name,Israel,0.948374286,,
,LIGR,GRFCR,Total requests received,half-year,Jul-Dec 2025,all,all,all,all,country_name,Italy,32.0,,
,LIGR,GRFCR,Total content received,half-year,Jul-Dec 2025,all,all,all,all,country_name,Italy,3.0,,
,LIGR,GRFCR,Content actioned due to community guidelines violations,half-year,Jul-Dec 2025,all,all,all,all,country_name,Italy,2.0,,
,LIGR,GRFCR,Content actioned due to (local) law violations,half-year,Jul-Dec 2025,all,all,all,all,country_name,Italy,1.0,,
,LIGR,GRFCR,Content not actioned,half-year,Jul-Dec 2025,all,all,all,all,country_name,Italy,0.0,,
,LIGR,GRFCR,Total accounts received,half-year,Jul-Dec 2025,all,all,all,all,country_name,Italy,9.0,,
,LIGR,GRFCR,Accounts actioned due to community guidelines violations,half-year,Jul-Dec 2025,all,all,all,all,country_name,Italy,3.0,,
,LIGR,GRFCR,Accounts actioned due to (local) law violations,half-year,Jul-Dec 2025,all,all,all,all,country_name,Italy,0.0,,
,LIGR,GRFCR,Accounts not actioned,half-year,Jul-Dec 2025,all,all,all,all,country_name,Italy,6.0,,
,LIGR,GRFCR,Removal rate,half-year,Jul-Dec 2025,all,all,all,all,country_name,Italy,0.5,,
,LIGR,GRFCR,Total requests received,half-year,Jul-Dec 2025,all,all,all,all,country_name,Japan,5.0,,
,LIGR,GRFCR,Total content received,half-year,Jul-Dec 2025,all,all,all,all,country_name,Japan,6.0,,
,LIGR,GRFCR,Content actioned due to community guidelines violations,half-year,Jul-Dec 2025,all,all,all,all,country_name,Japan,5.0,,
,LIGR,GRFCR,Content actioned due to (local) law violations,half-year,Jul-Dec 2025,all,all,all,all,country_name,Japan,1.0,,
,LIGR,GRFCR,Content not actioned,half-year,Jul-Dec 2025,all,all,all,all,country_name,Japan,0.0,,
,LIGR,GRFCR,Total accounts received,half-year,Jul-Dec 2025,all,all,all,all,country_name,Japan,3.0,,
,LIGR,GRFCR,Accounts actioned due to community guidelines violations,half-year,Jul-Dec 2025,all,all,all,all,country_name,Japan,3.0,,
,LIGR,GRFCR,Accounts actioned due to (local) law violations,half-year,Jul-Dec 2025,all,all,all,all,country_name,Japan,0.0,,
,LIGR,GRFCR,Accounts not actioned,half-year,Jul-Dec 2025,all,all,all,all,country_name,Japan,0.0,,
,LIGR,GRFCR,Removal rate,half-year,Jul-Dec 2025,all,all,all,all,country_name,Japan,1.0,,
,LIGR,GRFCR,Total requests received,half-year,Jul-Dec 2025,all,all,all,all,country_name,Jordan,5.0,,
,LIGR,GRFCR,Total content received,half-year,Jul-Dec 2025,all,all,all,all,country_name,Jordan,0.0,,
,LIGR,GRFCR,Content actioned due to community guidelines violations,half-year,Jul-Dec 2025,all,all,all,all,country_name,Jordan,0.0,,
,LIGR,GRFCR,Content actioned due to (local) law violations,half-year,Jul-Dec 2025,all,all,all,all,country_name,Jordan,0.0,,
,LIGR,GRFCR,Content not actioned,half-year,Jul-Dec 2025,all,all,all,all,country_name,Jordan,0.0,,
,LIGR,GRFCR,Total accounts received,half-year,Jul-Dec 2025,all,all,all,all,country_name,Jordan,11.0,,
,LIGR,GRFCR,Accounts actioned due to community guidelines violations,half-year,Jul-Dec 2025,all,all,all,all,country_name,Jordan,4.0,,
,LIGR,GRFCR,Accounts actioned due to (local) law violations,half-year,Jul-Dec 2025,all,all,all,all,country_name,Jordan,0.0,,
,LIGR,GRFCR,Accounts not actioned,half-year,Jul-Dec 2025,all,all,all,all,country_name,Jordan,7.0,,
,LIGR,GRFCR,Removal rate,half-year,Jul-Dec 2025,all,all,all,all,country_name,Jordan,0.363636364,,
,LIGR,GRFCR,Total requests received,half-year,Jul-Dec 2025,all,all,all,all,country_name,Kazakhstan,522.0,,
,LIGR,GRFCR,Total content received,half-year,Jul-Dec 2025,all,all,all,all,country_name,Kazakhstan,2865.0,,
,LIGR,GRFCR,Content actioned due to community guidelines violations,half-year,Jul-Dec 2025,all,all,all,all,country_name,Kazakhstan,1558.0,,
,LIGR,GRFCR,Content actioned due to (local) law violations,half-year,Jul-Dec 2025,all,all,all,all,country_name,Kazakhstan,559.0,,
,LIGR,GRFCR,Content not actioned,half-year,Jul-Dec 2025,all,all,all,all,country_name,Kazakhstan,748.0,,
,LIGR,GRFCR,Total accounts received,half-year,Jul-Dec 2025,all,all,all,all,country_name,Kazakhstan,173.0,,
,LIGR,GRFCR,Accounts actioned due to community guidelines violations,half-year,Jul-Dec 2025,all,all,all,all,country_name,Kazakhstan,26.0,,
,LIGR,GRFCR,Accounts actioned due to (local) law violations,half-year,Jul-Dec 2025,all,all,all,all,country_name,Kazakhstan,15.0,,
,LIGR,GRFCR,Accounts not actioned,half-year,Jul-Dec 2025,all,all,all,all,country_name,Kazakhstan,132.0,,
,LIGR,GRFCR,Removal rate,half-year,Jul-Dec 2025,all,all,all,all,country_name,Kazakhstan,0.710335747,,
,LIGR,GRFCR,Total requests received,half-year,Jul-Dec 2025,all,all,all,all,country_name,Kenya,23.0,,
,LIGR,GRFCR,Total content received,half-year,Jul-Dec 2025,all,all,all,all,country_name,Kenya,20.0,,
,LIGR,GRFCR,Content actioned due to community guidelines violations,half-year,Jul-Dec 2025,all,all,all,all,country_name,Kenya,14.0,,
,LIGR,GRFCR,Content actioned due to (local) law violations,half-year,Jul-Dec 2025,all,all,all,all,country_name,Kenya,4.0,,
,LIGR,GRFCR,Content not actioned,half-year,Jul-Dec 2025,all,all,all,all,country_name,Kenya,2.0,,
,LIGR,GRFCR,Total accounts received,half-year,Jul-Dec 2025,all,all,all,all,country_name,Kenya,35.0,,
,LIGR,GRFCR,Accounts actioned due to community guidelines violations,half-year,Jul-Dec 2025,all,all,all,all,country_name,Kenya,20.0,,
,LIGR,GRFCR,Accounts actioned due to (local) law violations,half-year,Jul-Dec 2025,all,all,all,all,country_name,Kenya,0.0,,
,LIGR,GRFCR,Accounts not actioned,half-year,Jul-Dec 2025,all,all,all,all,country_name,Kenya,15.0,,
,LIGR,GRFCR,Removal rate,half-year,Jul-Dec 2025,all,all,all,all,country_name,Kenya,0.690909091,,
,LIGR,GRFCR,Total requests received,half-year,Jul-Dec 2025,all,all,all,all,country_name,Kuwait,2.0,,
,LIGR,GRFCR,Total content received,half-year,Jul-Dec 2025,all,all,all,all,country_name,Kuwait,0.0,,
,LIGR,GRFCR,Content actioned due to community guidelines violations,half-year,Jul-Dec 2025,all,all,all,all,country_name,Kuwait,0.0,,
,LIGR,GRFCR,Content actioned due to (local) law violations,half-year,Jul-Dec 2025,all,all,all,all,country_name,Kuwait,0.0,,
,LIGR,GRFCR,Content not actioned,half-year,Jul-Dec 2025,all,all,all,all,country_name,Kuwait,0.0,,
,LIGR,GRFCR,Total accounts received,half-year,Jul-Dec 2025,all,all,all,all,country_name,Kuwait,2.0,,
,LIGR,GRFCR,Accounts actioned due to community guidelines violations,half-year,Jul-Dec 2025,all,all,all,all,country_name,Kuwait,0.0,,
,LIGR,GRFCR,Accounts actioned due to (local) law violations,half-year,Jul-Dec 2025,all,all,all,all,country_name,Kuwait,0.0,,
,LIGR,GRFCR,Accounts not actioned,half-year,Jul-Dec 2025,all,all,all,all,country_name,Kuwait,2.0,,
,LIGR,GRFCR,Removal rate,half-year,Jul-Dec 2025,all,all,all,all,country_name,Kuwait,0.0,,
,LIGR,GRFCR,Total requests received,half-year,Jul-Dec 2025,all,all,all,all,country_name,Laos,1.0,,
,LIGR,GRFCR,Total content received,half-year,Jul-Dec 2025,all,all,all,all,country_name,Laos,0.0,,
,LIGR,GRFCR,Content actioned due to community guidelines violations,half-year,Jul-Dec 2025,all,all,all,all,country_name,Laos,0.0,,
,LIGR,GRFCR,Content actioned due to (local) law violations,half-year,Jul-Dec 2025,all,all,all,all,country_name,Laos,0.0,,
,LIGR,GRFCR,Content not actioned,half-year,Jul-Dec 2025,all,all,all,all,country_name,Laos,0.0,,
,LIGR,GRFCR,Total accounts received,half-year,Jul-Dec 2025,all,all,all,all,country_name,Laos,0.0,,
,LIGR,GRFCR,Accounts actioned due to community guidelines violations,half-year,Jul-Dec 2025,all,all,all,all,country_name,Laos,0.0,,
,LIGR,GRFCR,Accounts actioned due to (local) law violations,half-year,Jul-Dec 2025,all,all,all,all,country_name,Laos,0.0,,
,LIGR,GRFCR,Accounts not actioned,half-year,Jul-Dec 2025,all,all,all,all,country_name,Laos,0.0,,
,LIGR,GRFCR,Removal rate,half-year,Jul-Dec 2025,all,all,all,all,country_name,Laos,0.0,,
,LIGR,GRFCR,Total requests received,half-year,Jul-Dec 2025,all,all,all,all,country_name,Latvia,0.0,,
,LIGR,GRFCR,Total content received,half-year,Jul-Dec 2025,all,all,all,all,country_name,Latvia,0.0,,
,LIGR,GRFCR,Content actioned due to community guidelines violations,half-year,Jul-Dec 2025,all,all,all,all,country_name,Latvia,0.0,,
,LIGR,GRFCR,Content actioned due to (local) law violations,half-year,Jul-Dec 2025,all,all,all,all,country_name,Latvia,0.0,,
,LIGR,GRFCR,Content not actioned,half-year,Jul-Dec 2025,all,all,all,all,country_name,Latvia,0.0,,
,LIGR,GRFCR,Total accounts received,half-year,Jul-Dec 2025,all,all,all,all,country_name,Latvia,0.0,,
,LIGR,GRFCR,Accounts actioned due to community guidelines violations,half-year,Jul-Dec 2025,all,all,all,all,country_name,Latvia,0.0,,
,LIGR,GRFCR,Accounts actioned due to (local) law violations,half-year,Jul-Dec 2025,all,all,all,all,country_name,Latvia,0.0,,
,LIGR,GRFCR,Accounts not actioned,half-year,Jul-Dec 2025,all,all,all,all,country_name,Latvia,0.0,,
,LIGR,GRFCR,Removal rate,half-year,Jul-Dec 2025,all,all,all,all,country_name,Latvia,0.0,,
,LIGR,GRFCR,Total requests received,half-year,Jul-Dec 2025,all,all,all,all,country_name,Lebanon,0.0,,
,LIGR,GRFCR,Total content received,half-year,Jul-Dec 2025,all,all,all,all,country_name,Lebanon,0.0,,
,LIGR,GRFCR,Content actioned due to community guidelines violations,half-year,Jul-Dec 2025,all,all,all,all,country_name,Lebanon,0.0,,
,LIGR,GRFCR,Content actioned due to (local) law violations,half-year,Jul-Dec 2025,all,all,all,all,country_name,Lebanon,0.0,,
,LIGR,GRFCR,Content not actioned,half-year,Jul-Dec 2025,all,all,all,all,country_name,Lebanon,0.0,,
,LIGR,GRFCR,Total accounts received,half-year,Jul-Dec 2025,all,all,all,all,country_name,Lebanon,0.0,,
,LIGR,GRFCR,Accounts actioned due to community guidelines violations,half-year,Jul-Dec 2025,all,all,all,all,country_name,Lebanon,0.0,,
,LIGR,GRFCR,Accounts actioned due to (local) law violations,half-year,Jul-Dec 2025,all,all,all,all,country_name,Lebanon,0.0,,
,LIGR,GRFCR,Accounts not actioned,half-year,Jul-Dec 2025,all,all,all,all,country_name,Lebanon,0.0,,
,LIGR,GRFCR,Removal rate,half-year,Jul-Dec 2025,all,all,all,all,country_name,Lebanon,0.0,,
,LIGR,GRFCR,Total requests received,half-year,Jul-Dec 2025,all,all,all,all,country_name,Libya,0.0,,
,LIGR,GRFCR,Total content received,half-year,Jul-Dec 2025,all,all,all,all,country_name,Libya,0.0,,
,LIGR,GRFCR,Content actioned due to community guidelines violations,half-year,Jul-Dec 2025,all,all,all,all,country_name,Libya,0.0,,
,LIGR,GRFCR,Content actioned due to (local) law violations,half-year,Jul-Dec 2025,all,all,all,all,country_name,Libya,0.0,,
,LIGR,GRFCR,Content not actioned,half-year,Jul-Dec 2025,all,all,all,all,country_name,Libya,0.0,,
,LIGR,GRFCR,Total accounts received,half-year,Jul-Dec 2025,all,all,all,all,country_name,Libya,0.0,,
,LIGR,GRFCR,Accounts actioned due to community guidelines violations,half-year,Jul-Dec 2025,all,all,all,all,country_name,Libya,0.0,,
,LIGR,GRFCR,Accounts actioned due to (local) law violations,half-year,Jul-Dec 2025,all,all,all,all,country_name,Libya,0.0,,
,LIGR,GRFCR,Accounts not actioned,half-year,Jul-Dec 2025,all,all,all,all,country_name,Libya,0.0,,
,LIGR,GRFCR,Removal rate,half-year,Jul-Dec 2025,all,all,all,all,country_name,Libya,0.0,,
,LIGR,GRFCR,Total requests received,half-year,Jul-Dec 2025,all,all,all,all,country_name,Lithuania,6.0,,
,LIGR,GRFCR,Total content received,half-year,Jul-Dec 2025,all,all,all,all,country_name,Lithuania,9.0,,
,LIGR,GRFCR,Content actioned due to community guidelines violations,half-year,Jul-Dec 2025,all,all,all,all,country_name,Lithuania,9.0,,
,LIGR,GRFCR,Content actioned due to (local) law violations,half-year,Jul-Dec 2025,all,all,all,all,country_name,Lithuania,0.0,,
,LIGR,GRFCR,Content not actioned,half-year,Jul-Dec 2025,all,all,all,all,country_name,Lithuania,0.0,,
,LIGR,GRFCR,Total accounts received,half-year,Jul-Dec 2025,all,all,all,all,country_name,Lithuania,29.0,,
,LIGR,GRFCR,Accounts actioned due to community guidelines violations,half-year,Jul-Dec 2025,all,all,all,all,country_name,Lithuania,8.0,,
,LIGR,GRFCR,Accounts actioned due to (local) law violations,half-year,Jul-Dec 2025,all,all,all,all,country_name,Lithuania,16.0,,
,LIGR,GRFCR,Accounts not actioned,half-year,Jul-Dec 2025,all,all,all,all,country_name,Lithuania,5.0,,
,LIGR,GRFCR,Removal rate,half-year,Jul-Dec 2025,all,all,all,all,country_name,Lithuania,0.868421053,,
,LIGR,GRFCR,Total requests received,half-year,Jul-Dec 2025,all,all,all,all,country_name,Luxembourg,0.0,,
,LIGR,GRFCR,Total content received,half-year,Jul-Dec 2025,all,all,all,all,country_name,Luxembourg,0.0,,
,LIGR,GRFCR,Content actioned due to community guidelines violations,half-year,Jul-Dec 2025,all,all,all,all,country_name,Luxembourg,0.0,,
,LIGR,GRFCR,Content actioned due to (local) law violations,half-year,Jul-Dec 2025,all,all,all,all,country_name,Luxembourg,0.0,,
,LIGR,GRFCR,Content not actioned,half-year,Jul-Dec 2025,all,all,all,all,country_name,Luxembourg,0.0,,
,LIGR,GRFCR,Total accounts received,half-year,Jul-Dec 2025,all,all,all,all,country_name,Luxembourg,0.0,,
,LIGR,GRFCR,Accounts actioned due to community guidelines violations,half-year,Jul-Dec 2025,all,all,all,all,country_name,Luxembourg,0.0,,
,LIGR,GRFCR,Accounts actioned due to (local) law violations,half-year,Jul-Dec 2025,all,all,all,all,country_name,Luxembourg,0.0,,
,LIGR,GRFCR,Accounts not actioned,half-year,Jul-Dec 2025,all,all,all,all,country_name,Luxembourg,0.0,,
,LIGR,GRFCR,Removal rate,half-year,Jul-Dec 2025,all,all,all,all,country_name,Luxembourg,0.0,,
,LIGR,GRFCR,Total requests received,half-year,Jul-Dec 2025,all,all,all,all,country_name,Malaysia,6302.0,,
,LIGR,GRFCR,Total content received,half-year,Jul-Dec 2025,all,all,all,all,country_name,Malaysia,51095.0,,
,LIGR,GRFCR,Content actioned due to community guidelines violations,half-year,Jul-Dec 2025,all,all,all,all,country_name,Malaysia,28131.0,,
,LIGR,GRFCR,Content actioned due to (local) law violations,half-year,Jul-Dec 2025,all,all,all,all,country_name,Malaysia,12539.0,,
,LIGR,GRFCR,Content not actioned,half-year,Jul-Dec 2025,all,all,all,all,country_name,Malaysia,10425.0,,
,LIGR,GRFCR,Total accounts received,half-year,Jul-Dec 2025,all,all,all,all,country_name,Malaysia,17520.0,,
,LIGR,GRFCR,Accounts actioned due to community guidelines violations,half-year,Jul-Dec 2025,all,all,all,all,country_name,Malaysia,8092.0,,
,LIGR,GRFCR,Accounts actioned due to (local) law violations,half-year,Jul-Dec 2025,all,all,all,all,country_name,Malaysia,803.0,,
,LIGR,GRFCR,Accounts not actioned,half-year,Jul-Dec 2025,all,all,all,all,country_name,Malaysia,8625.0,,
,LIGR,GRFCR,Removal rate,half-year,Jul-Dec 2025,all,all,all,all,country_name,Malaysia,0.722363915,,
,LIGR,GRFCR,Total requests received,half-year,Jul-Dec 2025,all,all,all,all,country_name,Malta,0.0,,
,LIGR,GRFCR,Total content received,half-year,Jul-Dec 2025,all,all,all,all,country_name,Malta,0.0,,
,LIGR,GRFCR,Content actioned due to community guidelines violations,half-year,Jul-Dec 2025,all,all,all,all,country_name,Malta,0.0,,
,LIGR,GRFCR,Content actioned due to (local) law violations,half-year,Jul-Dec 2025,all,all,all,all,country_name,Malta,0.0,,
,LIGR,GRFCR,Content not actioned,half-year,Jul-Dec 2025,all,all,all,all,country_name,Malta,0.0,,
,LIGR,GRFCR,Total accounts received,half-year,Jul-Dec 2025,all,all,all,all,country_name,Malta,0.0,,
,LIGR,GRFCR,Accounts actioned due to community guidelines violations,half-year,Jul-Dec 2025,all,all,all,all,country_name,Malta,0.0,,
,LIGR,GRFCR,Accounts actioned due to (local) law violations,half-year,Jul-Dec 2025,all,all,all,all,country_name,Malta,0.0,,
,LIGR,GRFCR,Accounts not actioned,half-year,Jul-Dec 2025,all,all,all,all,country_name,Malta,0.0,,
,LIGR,GRFCR,Removal rate,half-year,Jul-Dec 2025,all,all,all,all,country_name,Malta,0.0,,
,LIGR,GRFCR,Total requests received,half-year,Jul-Dec 2025,all,all,all,all,country_name,Mauritania,35.0,,
,LIGR,GRFCR,Total content received,half-year,Jul-Dec 2025,all,all,all,all,country_name,Mauritania,458.0,,
,LIGR,GRFCR,Content actioned due to community guidelines violations,half-year,Jul-Dec 2025,all,all,all,all,country_name,Mauritania,263.0,,
,LIGR,GRFCR,Content actioned due to (local) law violations,half-year,Jul-Dec 2025,all,all,all,all,country_name,Mauritania,17.0,,
,LIGR,GRFCR,Content not actioned,half-year,Jul-Dec 2025,all,all,all,all,country_name,Mauritania,178.0,,
,LIGR,GRFCR,Total accounts received,half-year,Jul-Dec 2025,all,all,all,all,country_name,Mauritania,56.0,,
,LIGR,GRFCR,Accounts actioned due to community guidelines violations,half-year,Jul-Dec 2025,all,all,all,all,country_name,Mauritania,0.0,,
,LIGR,GRFCR,Accounts actioned due to (local) law violations,half-year,Jul-Dec 2025,all,all,all,all,country_name,Mauritania,0.0,,
,LIGR,GRFCR,Accounts not actioned,half-year,Jul-Dec 2025,all,all,all,all,country_name,Mauritania,56.0,,
,LIGR,GRFCR,Removal rate,half-year,Jul-Dec 2025,all,all,all,all,country_name,Mauritania,0.544747082,,
,LIGR,GRFCR,Total requests received,half-year,Jul-Dec 2025,all,all,all,all,country_name,Mauritius,95.0,,
,LIGR,GRFCR,Total content received,half-year,Jul-Dec 2025,all,all,all,all,country_name,Mauritius,105.0,,
,LIGR,GRFCR,Content actioned due to community guidelines violations,half-year,Jul-Dec 2025,all,all,all,all,country_name,Mauritius,64.0,,
,LIGR,GRFCR,Content actioned due to (local) law violations,half-year,Jul-Dec 2025,all,all,all,all,country_name,Mauritius,0.0,,
,LIGR,GRFCR,Content not actioned,half-year,Jul-Dec 2025,all,all,all,all,country_name,Mauritius,41.0,,
,LIGR,GRFCR,Total accounts received,half-year,Jul-Dec 2025,all,all,all,all,country_name,Mauritius,121.0,,
,LIGR,GRFCR,Accounts actioned due to community guidelines violations,half-year,Jul-Dec 2025,all,all,all,all,country_name,Mauritius,21.0,,
,LIGR,GRFCR,Accounts actioned due to (local) law violations,half-year,Jul-Dec 2025,all,all,all,all,country_name,Mauritius,0.0,,
,LIGR,GRFCR,Accounts not actioned,half-year,Jul-Dec 2025,all,all,all,all,country_name,Mauritius,100.0,,
,LIGR,GRFCR,Removal rate,half-year,Jul-Dec 2025,all,all,all,all,country_name,Mauritius,0.376106195,,
,LIGR,GRFCR,Total requests received,half-year,Jul-Dec 2025,all,all,all,all,country_name,Mayotte,0.0,,
,LIGR,GRFCR,Total content received,half-year,Jul-Dec 2025,all,all,all,all,country_name,Mayotte,0.0,,
,LIGR,GRFCR,Content actioned due to community guidelines violations,half-year,Jul-Dec 2025,all,all,all,all,country_name,Mayotte,0.0,,
,LIGR,GRFCR,Content actioned due to (local) law violations,half-year,Jul-Dec 2025,all,all,all,all,country_name,Mayotte,0.0,,
,LIGR,GRFCR,Content not actioned,half-year,Jul-Dec 2025,all,all,all,all,country_name,Mayotte,0.0,,
,LIGR,GRFCR,Total accounts received,half-year,Jul-Dec 2025,all,all,all,all,country_name,Mayotte,0.0,,
,LIGR,GRFCR,Accounts actioned due to community guidelines violations,half-year,Jul-Dec 2025,all,all,all,all,country_name,Mayotte,0.0,,
,LIGR,GRFCR,Accounts actioned due to (local) law violations,half-year,Jul-Dec 2025,all,all,all,all,country_name,Mayotte,0.0,,
,LIGR,GRFCR,Accounts not actioned,half-year,Jul-Dec 2025,all,all,all,all,country_name,Mayotte,0.0,,
,LIGR,GRFCR,Removal rate,half-year,Jul-Dec 2025,all,all,all,all,country_name,Mayotte,0.0,,
,LIGR,GRFCR,Total requests received,half-year,Jul-Dec 2025,all,all,all,all,country_name,Mexico,10.0,,
,LIGR,GRFCR,Total content received,half-year,Jul-Dec 2025,all,all,all,all,country_name,Mexico,291.0,,
,LIGR,GRFCR,Content actioned due to community guidelines violations,half-year,Jul-Dec 2025,all,all,all,all,country_name,Mexico,212.0,,
,LIGR,GRFCR,Content actioned due to (local) law violations,half-year,Jul-Dec 2025,all,all,all,all,country_name,Mexico,74.0,,
,LIGR,GRFCR,Content not actioned,half-year,Jul-Dec 2025,all,all,all,all,country_name,Mexico,5.0,,
,LIGR,GRFCR,Total accounts received,half-year,Jul-Dec 2025,all,all,all,all,country_name,Mexico,8.0,,
,LIGR,GRFCR,Accounts actioned due to community guidelines violations,half-year,Jul-Dec 2025,all,all,all,all,country_name,Mexico,4.0,,
,LIGR,GRFCR,Accounts actioned due to (local) law violations,half-year,Jul-Dec 2025,all,all,all,all,country_name,Mexico,0.0,,
,LIGR,GRFCR,Accounts not actioned,half-year,Jul-Dec 2025,all,all,all,all,country_name,Mexico,4.0,,
,LIGR,GRFCR,Removal rate,half-year,Jul-Dec 2025,all,all,all,all,country_name,Mexico,0.969899666,,
,LIGR,GRFCR,Total requests received,half-year,Jul-Dec 2025,all,all,all,all,country_name,Moldova,140.0,,
,LIGR,GRFCR,Total content received,half-year,Jul-Dec 2025,all,all,all,all,country_name,Moldova,784.0,,
,LIGR,GRFCR,Content actioned due to community guidelines violations,half-year,Jul-Dec 2025,all,all,all,all,country_name,Moldova,553.0,,
,LIGR,GRFCR,Content actioned due to (local) law violations,half-year,Jul-Dec 2025,all,all,all,all,country_name,Moldova,34.0,,
,LIGR,GRFCR,Content not actioned,half-year,Jul-Dec 2025,all,all,all,all,country_name,Moldova,197.0,,
,LIGR,GRFCR,Total accounts received,half-year,Jul-Dec 2025,all,all,all,all,country_name,Moldova,261.0,,
,LIGR,GRFCR,Accounts actioned due to community guidelines violations,half-year,Jul-Dec 2025,all,all,all,all,country_name,Moldova,19.0,,
,LIGR,GRFCR,Accounts actioned due to (local) law violations,half-year,Jul-Dec 2025,all,all,all,all,country_name,Moldova,0.0,,
,LIGR,GRFCR,Accounts not actioned,half-year,Jul-Dec 2025,all,all,all,all,country_name,Moldova,242.0,,
,LIGR,GRFCR,Removal rate,half-year,Jul-Dec 2025,all,all,all,all,country_name,Moldova,0.579904306,,
,LIGR,GRFCR,Total requests received,half-year,Jul-Dec 2025,all,all,all,all,country_name,Morocco,2.0,,
,LIGR,GRFCR,Total content received,half-year,Jul-Dec 2025,all,all,all,all,country_name,Morocco,16.0,,
,LIGR,GRFCR,Content actioned due to community guidelines violations,half-year,Jul-Dec 2025,all,all,all,all,country_name,Morocco,10.0,,
,LIGR,GRFCR,Content actioned due to (local) law violations,half-year,Jul-Dec 2025,all,all,all,all,country_name,Morocco,0.0,,
,LIGR,GRFCR,Content not actioned,half-year,Jul-Dec 2025,all,all,all,all,country_name,Morocco,6.0,,
,LIGR,GRFCR,Total accounts received,half-year,Jul-Dec 2025,all,all,all,all,country_name,Morocco,3.0,,
,LIGR,GRFCR,Accounts actioned due to community guidelines violations,half-year,Jul-Dec 2025,all,all,all,all,country_name,Morocco,0.0,,
,LIGR,GRFCR,Accounts actioned due to (local) law violations,half-year,Jul-Dec 2025,all,all,all,all,country_name,Morocco,0.0,,
,LIGR,GRFCR,Accounts not actioned,half-year,Jul-Dec 2025,all,all,all,all,country_name,Morocco,3.0,,
,LIGR,GRFCR,Removal rate,half-year,Jul-Dec 2025,all,all,all,all,country_name,Morocco,0.526315789,,
,LIGR,GRFCR,Total requests received,half-year,Jul-Dec 2025,all,all,all,all,country_name,Myanmar,0.0,,
,LIGR,GRFCR,Total content received,half-year,Jul-Dec 2025,all,all,all,all,country_name,Myanmar,0.0,,
,LIGR,GRFCR,Content actioned due to community guidelines violations,half-year,Jul-Dec 2025,all,all,all,all,country_name,Myanmar,0.0,,
,LIGR,GRFCR,Content actioned due to (local) law violations,half-year,Jul-Dec 2025,all,all,all,all,country_name,Myanmar,0.0,,
,LIGR,GRFCR,Content not actioned,half-year,Jul-Dec 2025,all,all,all,all,country_name,Myanmar,0.0,,
,LIGR,GRFCR,Total accounts received,half-year,Jul-Dec 2025,all,all,all,all,country_name,Myanmar,0.0,,
,LIGR,GRFCR,Accounts actioned due to community guidelines violations,half-year,Jul-Dec 2025,all,all,all,all,country_name,Myanmar,0.0,,
,LIGR,GRFCR,Accounts actioned due to (local) law violations,half-year,Jul-Dec 2025,all,all,all,all,country_name,Myanmar,0.0,,
,LIGR,GRFCR,Accounts not actioned,half-year,Jul-Dec 2025,all,all,all,all,country_name,Myanmar,0.0,,
,LIGR,GRFCR,Removal rate,half-year,Jul-Dec 2025,all,all,all,all,country_name,Myanmar,0.0,,
,LIGR,GRFCR,Total requests received,half-year,Jul-Dec 2025,all,all,all,all,country_name,Nepal,745.0,,
,LIGR,GRFCR,Total content received,half-year,Jul-Dec 2025,all,all,all,all,country_name,Nepal,2047.0,,
,LIGR,GRFCR,Content actioned due to community guidelines violations,half-year,Jul-Dec 2025,all,all,all,all,country_name,Nepal,1029.0,,
,LIGR,GRFCR,Content actioned due to (local) law violations,half-year,Jul-Dec 2025,all,all,all,all,country_name,Nepal,130.0,,
,LIGR,GRFCR,Content not actioned,half-year,Jul-Dec 2025,all,all,all,all,country_name,Nepal,888.0,,
,LIGR,GRFCR,Total accounts received,half-year,Jul-Dec 2025,all,all,all,all,country_name,Nepal,817.0,,
,LIGR,GRFCR,Accounts actioned due to community guidelines violations,half-year,Jul-Dec 2025,all,all,all,all,country_name,Nepal,128.0,,
,LIGR,GRFCR,Accounts actioned due to (local) law violations,half-year,Jul-Dec 2025,all,all,all,all,country_name,Nepal,13.0,,
,LIGR,GRFCR,Accounts not actioned,half-year,Jul-Dec 2025,all,all,all,all,country_name,Nepal,676.0,,
,LIGR,GRFCR,Removal rate,half-year,Jul-Dec 2025,all,all,all,all,country_name,Nepal,0.453910615,,
,LIGR,GRFCR,Total requests received,half-year,Jul-Dec 2025,all,all,all,all,country_name,Netherlands,82.0,,
,LIGR,GRFCR,Total content received,half-year,Jul-Dec 2025,all,all,all,all,country_name,Netherlands,247.0,,
,LIGR,GRFCR,Content actioned due to community guidelines violations,half-year,Jul-Dec 2025,all,all,all,all,country_name,Netherlands,236.0,,
,LIGR,GRFCR,Content actioned due to (local) law violations,half-year,Jul-Dec 2025,all,all,all,all,country_name,Netherlands,9.0,,
,LIGR,GRFCR,Content not actioned,half-year,Jul-Dec 2025,all,all,all,all,country_name,Netherlands,2.0,,
,LIGR,GRFCR,Total accounts received,half-year,Jul-Dec 2025,all,all,all,all,country_name,Netherlands,23.0,,
,LIGR,GRFCR,Accounts actioned due to community guidelines violations,half-year,Jul-Dec 2025,all,all,all,all,country_name,Netherlands,3.0,,
,LIGR,GRFCR,Accounts actioned due to (local) law violations,half-year,Jul-Dec 2025,all,all,all,all,country_name,Netherlands,17.0,,
,LIGR,GRFCR,Accounts not actioned,half-year,Jul-Dec 2025,all,all,all,all,country_name,Netherlands,3.0,,
,LIGR,GRFCR,Removal rate,half-year,Jul-Dec 2025,all,all,all,all,country_name,Netherlands,0.981481481,,
,LIGR,GRFCR,Total requests received,half-year,Jul-Dec 2025,all,all,all,all,country_name,New Zealand,133.0,,
,LIGR,GRFCR,Total content received,half-year,Jul-Dec 2025,all,all,all,all,country_name,New Zealand,122.0,,
,LIGR,GRFCR,Content actioned due to community guidelines violations,half-year,Jul-Dec 2025,all,all,all,all,country_name,New Zealand,71.0,,
,LIGR,GRFCR,Content actioned due to (local) law violations,half-year,Jul-Dec 2025,all,all,all,all,country_name,New Zealand,2.0,,
,LIGR,GRFCR,Content not actioned,half-year,Jul-Dec 2025,all,all,all,all,country_name,New Zealand,49.0,,
,LIGR,GRFCR,Total accounts received,half-year,Jul-Dec 2025,all,all,all,all,country_name,New Zealand,157.0,,
,LIGR,GRFCR,Accounts actioned due to community guidelines violations,half-year,Jul-Dec 2025,all,all,all,all,country_name,New Zealand,68.0,,
,LIGR,GRFCR,Accounts actioned due to (local) law violations,half-year,Jul-Dec 2025,all,all,all,all,country_name,New Zealand,0.0,,
,LIGR,GRFCR,Accounts not actioned,half-year,Jul-Dec 2025,all,all,all,all,country_name,New Zealand,89.0,,
,LIGR,GRFCR,Removal rate,half-year,Jul-Dec 2025,all,all,all,all,country_name,New Zealand,0.505376344,,
,LIGR,GRFCR,Total requests received,half-year,Jul-Dec 2025,all,all,all,all,country_name,Nigeria,20.0,,
,LIGR,GRFCR,Total content received,half-year,Jul-Dec 2025,all,all,all,all,country_name,Nigeria,19.0,,
,LIGR,GRFCR,Content actioned due to community guidelines violations,half-year,Jul-Dec 2025,all,all,all,all,country_name,Nigeria,14.0,,
,LIGR,GRFCR,Content actioned due to (local) law violations,half-year,Jul-Dec 2025,all,all,all,all,country_name,Nigeria,0.0,,
,LIGR,GRFCR,Content not actioned,half-year,Jul-Dec 2025,all,all,all,all,country_name,Nigeria,5.0,,
,LIGR,GRFCR,Total accounts received,half-year,Jul-Dec 2025,all,all,all,all,country_name,Nigeria,13.0,,
,LIGR,GRFCR,Accounts actioned due to community guidelines violations,half-year,Jul-Dec 2025,all,all,all,all,country_name,Nigeria,1.0,,
,LIGR,GRFCR,Accounts actioned due to (local) law violations,half-year,Jul-Dec 2025,all,all,all,all,country_name,Nigeria,1.0,,
,LIGR,GRFCR,Accounts not actioned,half-year,Jul-Dec 2025,all,all,all,all,country_name,Nigeria,11.0,,
,LIGR,GRFCR,Removal rate,half-year,Jul-Dec 2025,all,all,all,all,country_name,Nigeria,0.5,,
,LIGR,GRFCR,Total requests received,half-year,Jul-Dec 2025,all,all,all,all,country_name,Norway,9.0,,
,LIGR,GRFCR,Total content received,half-year,Jul-Dec 2025,all,all,all,all,country_name,Norway,2.0,,
,LIGR,GRFCR,Content actioned due to community guidelines violations,half-year,Jul-Dec 2025,all,all,all,all,country_name,Norway,2.0,,
,LIGR,GRFCR,Content actioned due to (local) law violations,half-year,Jul-Dec 2025,all,all,all,all,country_name,Norway,0.0,,
,LIGR,GRFCR,Content not actioned,half-year,Jul-Dec 2025,all,all,all,all,country_name,Norway,0.0,,
,LIGR,GRFCR,Total accounts received,half-year,Jul-Dec 2025,all,all,all,all,country_name,Norway,4.0,,
,LIGR,GRFCR,Accounts actioned due to community guidelines violations,half-year,Jul-Dec 2025,all,all,all,all,country_name,Norway,3.0,,
,LIGR,GRFCR,Accounts actioned due to (local) law violations,half-year,Jul-Dec 2025,all,all,all,all,country_name,Norway,0.0,,
,LIGR,GRFCR,Accounts not actioned,half-year,Jul-Dec 2025,all,all,all,all,country_name,Norway,1.0,,
,LIGR,GRFCR,Removal rate,half-year,Jul-Dec 2025,all,all,all,all,country_name,Norway,0.833333333,,
,LIGR,GRFCR,Total requests received,half-year,Jul-Dec 2025,all,all,all,all,country_name,Oman,4.0,,
,LIGR,GRFCR,Total content received,half-year,Jul-Dec 2025,all,all,all,all,country_name,Oman,11.0,,
,LIGR,GRFCR,Content actioned due to community guidelines violations,half-year,Jul-Dec 2025,all,all,all,all,country_name,Oman,10.0,,
,LIGR,GRFCR,Content actioned due to (local) law violations,half-year,Jul-Dec 2025,all,all,all,all,country_name,Oman,0.0,,
,LIGR,GRFCR,Content not actioned,half-year,Jul-Dec 2025,all,all,all,all,country_name,Oman,1.0,,
,LIGR,GRFCR,Total accounts received,half-year,Jul-Dec 2025,all,all,all,all,country_name,Oman,3.0,,
,LIGR,GRFCR,Accounts actioned due to community guidelines violations,half-year,Jul-Dec 2025,all,all,all,all,country_name,Oman,1.0,,
,LIGR,GRFCR,Accounts actioned due to (local) law violations,half-year,Jul-Dec 2025,all,all,all,all,country_name,Oman,0.0,,
,LIGR,GRFCR,Accounts not actioned,half-year,Jul-Dec 2025,all,all,all,all,country_name,Oman,2.0,,
,LIGR,GRFCR,Removal rate,half-year,Jul-Dec 2025,all,all,all,all,country_name,Oman,0.785714286,,
,LIGR,GRFCR,Total requests received,half-year,Jul-Dec 2025,all,all,all,all,country_name,Pakistan,935.0,,
,LIGR,GRFCR,Total content received,half-year,Jul-Dec 2025,all,all,all,all,country_name,Pakistan,9922.0,,
,LIGR,GRFCR,Content actioned due to community guidelines violations,half-year,Jul-Dec 2025,all,all,all,all,country_name,Pakistan,4473.0,,
,LIGR,GRFCR,Content actioned due to (local) law violations,half-year,Jul-Dec 2025,all,all,all,all,country_name,Pakistan,1596.0,,
,LIGR,GRFCR,Content not actioned,half-year,Jul-Dec 2025,all,all,all,all,country_name,Pakistan,3853.0,,
,LIGR,GRFCR,Total accounts received,half-year,Jul-Dec 2025,all,all,all,all,country_name,Pakistan,2632.0,,
,LIGR,GRFCR,Accounts actioned due to community guidelines violations,half-year,Jul-Dec 2025,all,all,all,all,country_name,Pakistan,317.0,,
,LIGR,GRFCR,Accounts actioned due to (local) law violations,half-year,Jul-Dec 2025,all,all,all,all,country_name,Pakistan,129.0,,
,LIGR,GRFCR,Accounts not actioned,half-year,Jul-Dec 2025,all,all,all,all,country_name,Pakistan,2186.0,,
,LIGR,GRFCR,Removal rate,half-year,Jul-Dec 2025,all,all,all,all,country_name,Pakistan,0.518958101,,
,LIGR,GRFCR,Total requests received,half-year,Jul-Dec 2025,all,all,all,all,country_name,Palestine,1.0,,
,LIGR,GRFCR,Total content received,half-year,Jul-Dec 2025,all,all,all,all,country_name,Palestine,0.0,,
,LIGR,GRFCR,Content actioned due to community guidelines violations,half-year,Jul-Dec 2025,all,all,all,all,country_name,Palestine,0.0,,
,LIGR,GRFCR,Content actioned due to (local) law violations,half-year,Jul-Dec 2025,all,all,all,all,country_name,Palestine,0.0,,
,LIGR,GRFCR,Content not actioned,half-year,Jul-Dec 2025,all,all,all,all,country_name,Palestine,0.0,,
,LIGR,GRFCR,Total accounts received,half-year,Jul-Dec 2025,all,all,all,all,country_name,Palestine,0.0,,
,LIGR,GRFCR,Accounts actioned due to community guidelines violations,half-year,Jul-Dec 2025,all,all,all,all,country_name,Palestine,0.0,,
,LIGR,GRFCR,Accounts actioned due to (local) law violations,half-year,Jul-Dec 2025,all,all,all,all,country_name,Palestine,0.0,,
,LIGR,GRFCR,Accounts not actioned,half-year,Jul-Dec 2025,all,all,all,all,country_name,Palestine,0.0,,
,LIGR,GRFCR,Removal rate,half-year,Jul-Dec 2025,all,all,all,all,country_name,Palestine,0.0,,
,LIGR,GRFCR,Total requests received,half-year,Jul-Dec 2025,all,all,all,all,country_name,Paraguay,1.0,,
,LIGR,GRFCR,Total content received,half-year,Jul-Dec 2025,all,all,all,all,country_name,Paraguay,1.0,,
,LIGR,GRFCR,Content actioned due to community guidelines violations,half-year,Jul-Dec 2025,all,all,all,all,country_name,Paraguay,0.0,,
,LIGR,GRFCR,Content actioned due to (local) law violations,half-year,Jul-Dec 2025,all,all,all,all,country_name,Paraguay,0.0,,
,LIGR,GRFCR,Content not actioned,half-year,Jul-Dec 2025,all,all,all,all,country_name,Paraguay,1.0,,
,LIGR,GRFCR,Total accounts received,half-year,Jul-Dec 2025,all,all,all,all,country_name,Paraguay,1.0,,
,LIGR,GRFCR,Accounts actioned due to community guidelines violations,half-year,Jul-Dec 2025,all,all,all,all,country_name,Paraguay,0.0,,
,LIGR,GRFCR,Accounts actioned due to (local) law violations,half-year,Jul-Dec 2025,all,all,all,all,country_name,Paraguay,0.0,,
,LIGR,GRFCR,Accounts not actioned,half-year,Jul-Dec 2025,all,all,all,all,country_name,Paraguay,1.0,,
,LIGR,GRFCR,Removal rate,half-year,Jul-Dec 2025,all,all,all,all,country_name,Paraguay,0.0,,
,LIGR,GRFCR,Total requests received,half-year,Jul-Dec 2025,all,all,all,all,country_name,Peru,0.0,,
,LIGR,GRFCR,Total content received,half-year,Jul-Dec 2025,all,all,all,all,country_name,Peru,0.0,,
,LIGR,GRFCR,Content actioned due to community guidelines violations,half-year,Jul-Dec 2025,all,all,all,all,country_name,Peru,0.0,,
,LIGR,GRFCR,Content actioned due to (local) law violations,half-year,Jul-Dec 2025,all,all,all,all,country_name,Peru,0.0,,
,LIGR,GRFCR,Content not actioned,half-year,Jul-Dec 2025,all,all,all,all,country_name,Peru,0.0,,
,LIGR,GRFCR,Total accounts received,half-year,Jul-Dec 2025,all,all,all,all,country_name,Peru,0.0,,
,LIGR,GRFCR,Accounts actioned due to community guidelines violations,half-year,Jul-Dec 2025,all,all,all,all,country_name,Peru,0.0,,
,LIGR,GRFCR,Accounts actioned due to (local) law violations,half-year,Jul-Dec 2025,all,all,all,all,country_name,Peru,0.0,,
,LIGR,GRFCR,Accounts not actioned,half-year,Jul-Dec 2025,all,all,all,all,country_name,Peru,0.0,,
,LIGR,GRFCR,Removal rate,half-year,Jul-Dec 2025,all,all,all,all,country_name,Peru,0.0,,
,LIGR,GRFCR,Total requests received,half-year,Jul-Dec 2025,all,all,all,all,country_name,Philippines,111.0,,
,LIGR,GRFCR,Total content received,half-year,Jul-Dec 2025,all,all,all,all,country_name,Philippines,11635.0,,
,LIGR,GRFCR,Content actioned due to community guidelines violations,half-year,Jul-Dec 2025,all,all,all,all,country_name,Philippines,6723.0,,
,LIGR,GRFCR,Content actioned due to (local) law violations,half-year,Jul-Dec 2025,all,all,all,all,country_name,Philippines,263.0,,
,LIGR,GRFCR,Content not actioned,half-year,Jul-Dec 2025,all,all,all,all,country_name,Philippines,4649.0,,
,LIGR,GRFCR,Total accounts received,half-year,Jul-Dec 2025,all,all,all,all,country_name,Philippines,25.0,,
,LIGR,GRFCR,Accounts actioned due to community guidelines violations,half-year,Jul-Dec 2025,all,all,all,all,country_name,Philippines,0.0,,
,LIGR,GRFCR,Accounts actioned due to (local) law violations,half-year,Jul-Dec 2025,all,all,all,all,country_name,Philippines,5.0,,
,LIGR,GRFCR,Accounts not actioned,half-year,Jul-Dec 2025,all,all,all,all,country_name,Philippines,20.0,,
,LIGR,GRFCR,Removal rate,half-year,Jul-Dec 2025,all,all,all,all,country_name,Philippines,0.599571184,,
,LIGR,GRFCR,Total requests received,half-year,Jul-Dec 2025,all,all,all,all,country_name,Poland,2.0,,
,LIGR,GRFCR,Total content received,half-year,Jul-Dec 2025,all,all,all,all,country_name,Poland,2.0,,
,LIGR,GRFCR,Content actioned due to community guidelines violations,half-year,Jul-Dec 2025,all,all,all,all,country_name,Poland,1.0,,
,LIGR,GRFCR,Content actioned due to (local) law violations,half-year,Jul-Dec 2025,all,all,all,all,country_name,Poland,0.0,,
,LIGR,GRFCR,Content not actioned,half-year,Jul-Dec 2025,all,all,all,all,country_name,Poland,1.0,,
,LIGR,GRFCR,Total accounts received,half-year,Jul-Dec 2025,all,all,all,all,country_name,Poland,0.0,,
,LIGR,GRFCR,Accounts actioned due to community guidelines violations,half-year,Jul-Dec 2025,all,all,all,all,country_name,Poland,0.0,,
,LIGR,GRFCR,Accounts actioned due to (local) law violations,half-year,Jul-Dec 2025,all,all,all,all,country_name,Poland,0.0,,
,LIGR,GRFCR,Accounts not actioned,half-year,Jul-Dec 2025,all,all,all,all,country_name,Poland,0.0,,
,LIGR,GRFCR,Removal rate,half-year,Jul-Dec 2025,all,all,all,all,country_name,Poland,0.5,,
,LIGR,GRFCR,Total requests received,half-year,Jul-Dec 2025,all,all,all,all,country_name,Portugal,0.0,,
,LIGR,GRFCR,Total content received,half-year,Jul-Dec 2025,all,all,all,all,country_name,Portugal,0.0,,
,LIGR,GRFCR,Content actioned due to community guidelines violations,half-year,Jul-Dec 2025,all,all,all,all,country_name,Portugal,0.0,,
,LIGR,GRFCR,Content actioned due to (local) law violations,half-year,Jul-Dec 2025,all,all,all,all,country_name,Portugal,0.0,,
,LIGR,GRFCR,Content not actioned,half-year,Jul-Dec 2025,all,all,all,all,country_name,Portugal,0.0,,
,LIGR,GRFCR,Total accounts received,half-year,Jul-Dec 2025,all,all,all,all,country_name,Portugal,0.0,,
,LIGR,GRFCR,Accounts actioned due to community guidelines violations,half-year,Jul-Dec 2025,all,all,all,all,country_name,Portugal,0.0,,
,LIGR,GRFCR,Accounts actioned due to (local) law violations,half-year,Jul-Dec 2025,all,all,all,all,country_name,Portugal,0.0,,
,LIGR,GRFCR,Accounts not actioned,half-year,Jul-Dec 2025,all,all,all,all,country_name,Portugal,0.0,,
,LIGR,GRFCR,Removal rate,half-year,Jul-Dec 2025,all,all,all,all,country_name,Portugal,0.0,,
,LIGR,GRFCR,Total requests received,half-year,Jul-Dec 2025,all,all,all,all,country_name,Qatar,10.0,,
,LIGR,GRFCR,Total content received,half-year,Jul-Dec 2025,all,all,all,all,country_name,Qatar,0.0,,
,LIGR,GRFCR,Content actioned due to community guidelines violations,half-year,Jul-Dec 2025,all,all,all,all,country_name,Qatar,0.0,,
,LIGR,GRFCR,Content actioned due to (local) law violations,half-year,Jul-Dec 2025,all,all,all,all,country_name,Qatar,0.0,,
,LIGR,GRFCR,Content not actioned,half-year,Jul-Dec 2025,all,all,all,all,country_name,Qatar,0.0,,
,LIGR,GRFCR,Total accounts received,half-year,Jul-Dec 2025,all,all,all,all,country_name,Qatar,5.0,,
,LIGR,GRFCR,Accounts actioned due to community guidelines violations,half-year,Jul-Dec 2025,all,all,all,all,country_name,Qatar,2.0,,
,LIGR,GRFCR,Accounts actioned due to (local) law violations,half-year,Jul-Dec 2025,all,all,all,all,country_name,Qatar,0.0,,
,LIGR,GRFCR,Accounts not actioned,half-year,Jul-Dec 2025,all,all,all,all,country_name,Qatar,3.0,,
,LIGR,GRFCR,Removal rate,half-year,Jul-Dec 2025,all,all,all,all,country_name,Qatar,0.4,,
,LIGR,GRFCR,Total requests received,half-year,Jul-Dec 2025,all,all,all,all,country_name,Romania,216.0,,
,LIGR,GRFCR,Total content received,half-year,Jul-Dec 2025,all,all,all,all,country_name,Romania,874.0,,
,LIGR,GRFCR,Content actioned due to community guidelines violations,half-year,Jul-Dec 2025,all,all,all,all,country_name,Romania,498.0,,
,LIGR,GRFCR,Content actioned due to (local) law violations,half-year,Jul-Dec 2025,all,all,all,all,country_name,Romania,178.0,,
,LIGR,GRFCR,Content not actioned,half-year,Jul-Dec 2025,all,all,all,all,country_name,Romania,198.0,,
,LIGR,GRFCR,Total accounts received,half-year,Jul-Dec 2025,all,all,all,all,country_name,Romania,377.0,,
,LIGR,GRFCR,Accounts actioned due to community guidelines violations,half-year,Jul-Dec 2025,all,all,all,all,country_name,Romania,35.0,,
,LIGR,GRFCR,Accounts actioned due to (local) law violations,half-year,Jul-Dec 2025,all,all,all,all,country_name,Romania,146.0,,
,LIGR,GRFCR,Accounts not actioned,half-year,Jul-Dec 2025,all,all,all,all,country_name,Romania,196.0,,
,LIGR,GRFCR,Removal rate,half-year,Jul-Dec 2025,all,all,all,all,country_name,Romania,0.685051958,,
,LIGR,GRFCR,Total requests received,half-year,Jul-Dec 2025,all,all,all,all,country_name,Russia,947.0,,
,LIGR,GRFCR,Total content received,half-year,Jul-Dec 2025,all,all,all,all,country_name,Russia,587.0,,
,LIGR,GRFCR,Content actioned due to community guidelines violations,half-year,Jul-Dec 2025,all,all,all,all,country_name,Russia,472.0,,
,LIGR,GRFCR,Content actioned due to (local) law violations,half-year,Jul-Dec 2025,all,all,all,all,country_name,Russia,62.0,,
,LIGR,GRFCR,Content not actioned,half-year,Jul-Dec 2025,all,all,all,all,country_name,Russia,53.0,,
,LIGR,GRFCR,Total accounts received,half-year,Jul-Dec 2025,all,all,all,all,country_name,Russia,87.0,,
,LIGR,GRFCR,Accounts actioned due to community guidelines violations,half-year,Jul-Dec 2025,all,all,all,all,country_name,Russia,38.0,,
,LIGR,GRFCR,Accounts actioned due to (local) law violations,half-year,Jul-Dec 2025,all,all,all,all,country_name,Russia,7.0,,
,LIGR,GRFCR,Accounts not actioned,half-year,Jul-Dec 2025,all,all,all,all,country_name,Russia,42.0,,
,LIGR,GRFCR,Removal rate,half-year,Jul-Dec 2025,all,all,all,all,country_name,Russia,0.859050445,,
,LIGR,GRFCR,Total requests received,half-year,Jul-Dec 2025,all,all,all,all,country_name,Saudi Arabia,45.0,,
,LIGR,GRFCR,Total content received,half-year,Jul-Dec 2025,all,all,all,all,country_name,Saudi Arabia,38.0,,
,LIGR,GRFCR,Content actioned due to community guidelines violations,half-year,Jul-Dec 2025,all,all,all,all,country_name,Saudi Arabia,30.0,,
,LIGR,GRFCR,Content actioned due to (local) law violations,half-year,Jul-Dec 2025,all,all,all,all,country_name,Saudi Arabia,6.0,,
,LIGR,GRFCR,Content not actioned,half-year,Jul-Dec 2025,all,all,all,all,country_name,Saudi Arabia,2.0,,
,LIGR,GRFCR,Total accounts received,half-year,Jul-Dec 2025,all,all,all,all,country_name,Saudi Arabia,936.0,,
,LIGR,GRFCR,Accounts actioned due to community guidelines violations,half-year,Jul-Dec 2025,all,all,all,all,country_name,Saudi Arabia,181.0,,
,LIGR,GRFCR,Accounts actioned due to (local) law violations,half-year,Jul-Dec 2025,all,all,all,all,country_name,Saudi Arabia,147.0,,
,LIGR,GRFCR,Accounts not actioned,half-year,Jul-Dec 2025,all,all,all,all,country_name,Saudi Arabia,608.0,,
,LIGR,GRFCR,Removal rate,half-year,Jul-Dec 2025,all,all,all,all,country_name,Saudi Arabia,0.373716632,,
,LIGR,GRFCR,Total requests received,half-year,Jul-Dec 2025,all,all,all,all,country_name,Senegal,1.0,,
,LIGR,GRFCR,Total content received,half-year,Jul-Dec 2025,all,all,all,all,country_name,Senegal,0.0,,
,LIGR,GRFCR,Content actioned due to community guidelines violations,half-year,Jul-Dec 2025,all,all,all,all,country_name,Senegal,0.0,,
,LIGR,GRFCR,Content actioned due to (local) law violations,half-year,Jul-Dec 2025,all,all,all,all,country_name,Senegal,0.0,,
,LIGR,GRFCR,Content not actioned,half-year,Jul-Dec 2025,all,all,all,all,country_name,Senegal,0.0,,
,LIGR,GRFCR,Total accounts received,half-year,Jul-Dec 2025,all,all,all,all,country_name,Senegal,2.0,,
,LIGR,GRFCR,Accounts actioned due to community guidelines violations,half-year,Jul-Dec 2025,all,all,all,all,country_name,Senegal,0.0,,
,LIGR,GRFCR,Accounts actioned due to (local) law violations,half-year,Jul-Dec 2025,all,all,all,all,country_name,Senegal,0.0,,
,LIGR,GRFCR,Accounts not actioned,half-year,Jul-Dec 2025,all,all,all,all,country_name,Senegal,2.0,,
,LIGR,GRFCR,Removal rate,half-year,Jul-Dec 2025,all,all,all,all,country_name,Senegal,0.0,,
,LIGR,GRFCR,Total requests received,half-year,Jul-Dec 2025,all,all,all,all,country_name,Singapore,1737.0,,
,LIGR,GRFCR,Total content received,half-year,Jul-Dec 2025,all,all,all,all,country_name,Singapore,564.0,,
,LIGR,GRFCR,Content actioned due to community guidelines violations,half-year,Jul-Dec 2025,all,all,all,all,country_name,Singapore,127.0,,
,LIGR,GRFCR,Content actioned due to (local) law violations,half-year,Jul-Dec 2025,all,all,all,all,country_name,Singapore,188.0,,
,LIGR,GRFCR,Content not actioned,half-year,Jul-Dec 2025,all,all,all,all,country_name,Singapore,249.0,,
,LIGR,GRFCR,Total accounts received,half-year,Jul-Dec 2025,all,all,all,all,country_name,Singapore,132.0,,
,LIGR,GRFCR,Accounts actioned due to community guidelines violations,half-year,Jul-Dec 2025,all,all,all,all,country_name,Singapore,36.0,,
,LIGR,GRFCR,Accounts actioned due to (local) law violations,half-year,Jul-Dec 2025,all,all,all,all,country_name,Singapore,1.0,,
,LIGR,GRFCR,Accounts not actioned,half-year,Jul-Dec 2025,all,all,all,all,country_name,Singapore,95.0,,
,LIGR,GRFCR,Removal rate,half-year,Jul-Dec 2025,all,all,all,all,country_name,Singapore,0.505747126,,
,LIGR,GRFCR,Total requests received,half-year,Jul-Dec 2025,all,all,all,all,country_name,Slovakia,0.0,,
,LIGR,GRFCR,Total content received,half-year,Jul-Dec 2025,all,all,all,all,country_name,Slovakia,0.0,,
,LIGR,GRFCR,Content actioned due to community guidelines violations,half-year,Jul-Dec 2025,all,all,all,all,country_name,Slovakia,0.0,,
,LIGR,GRFCR,Content actioned due to (local) law violations,half-year,Jul-Dec 2025,all,all,all,all,country_name,Slovakia,0.0,,
,LIGR,GRFCR,Content not actioned,half-year,Jul-Dec 2025,all,all,all,all,country_name,Slovakia,0.0,,
,LIGR,GRFCR,Total accounts received,half-year,Jul-Dec 2025,all,all,all,all,country_name,Slovakia,0.0,,
,LIGR,GRFCR,Accounts actioned due to community guidelines violations,half-year,Jul-Dec 2025,all,all,all,all,country_name,Slovakia,0.0,,
,LIGR,GRFCR,Accounts actioned due to (local) law violations,half-year,Jul-Dec 2025,all,all,all,all,country_name,Slovakia,0.0,,
,LIGR,GRFCR,Accounts not actioned,half-year,Jul-Dec 2025,all,all,all,all,country_name,Slovakia,0.0,,
,LIGR,GRFCR,Removal rate,half-year,Jul-Dec 2025,all,all,all,all,country_name,Slovakia,0.0,,
,LIGR,GRFCR,Total requests received,half-year,Jul-Dec 2025,all,all,all,all,country_name,Somalia,14.0,,
,LIGR,GRFCR,Total content received,half-year,Jul-Dec 2025,all,all,all,all,country_name,Somalia,0.0,,
,LIGR,GRFCR,Content actioned due to community guidelines violations,half-year,Jul-Dec 2025,all,all,all,all,country_name,Somalia,0.0,,
,LIGR,GRFCR,Content actioned due to (local) law violations,half-year,Jul-Dec 2025,all,all,all,all,country_name,Somalia,0.0,,
,LIGR,GRFCR,Content not actioned,half-year,Jul-Dec 2025,all,all,all,all,country_name,Somalia,0.0,,
,LIGR,GRFCR,Total accounts received,half-year,Jul-Dec 2025,all,all,all,all,country_name,Somalia,534.0,,
,LIGR,GRFCR,Accounts actioned due to community guidelines violations,half-year,Jul-Dec 2025,all,all,all,all,country_name,Somalia,186.0,,
,LIGR,GRFCR,Accounts actioned due to (local) law violations,half-year,Jul-Dec 2025,all,all,all,all,country_name,Somalia,0.0,,
,LIGR,GRFCR,Accounts not actioned,half-year,Jul-Dec 2025,all,all,all,all,country_name,Somalia,348.0,,
,LIGR,GRFCR,Removal rate,half-year,Jul-Dec 2025,all,all,all,all,country_name,Somalia,0.348314607,,
,LIGR,GRFCR,Total requests received,half-year,Jul-Dec 2025,all,all,all,all,country_name,South Africa,1.0,,
,LIGR,GRFCR,Total content received,half-year,Jul-Dec 2025,all,all,all,all,country_name,South Africa,0.0,,
,LIGR,GRFCR,Content actioned due to community guidelines violations,half-year,Jul-Dec 2025,all,all,all,all,country_name,South Africa,0.0,,
,LIGR,GRFCR,Content actioned due to (local) law violations,half-year,Jul-Dec 2025,all,all,all,all,country_name,South Africa,0.0,,
,LIGR,GRFCR,Content not actioned,half-year,Jul-Dec 2025,all,all,all,all,country_name,South Africa,0.0,,
,LIGR,GRFCR,Total accounts received,half-year,Jul-Dec 2025,all,all,all,all,country_name,South Africa,1.0,,
,LIGR,GRFCR,Accounts actioned due to community guidelines violations,half-year,Jul-Dec 2025,all,all,all,all,country_name,South Africa,0.0,,
,LIGR,GRFCR,Accounts actioned due to (local) law violations,half-year,Jul-Dec 2025,all,all,all,all,country_name,South Africa,0.0,,
,LIGR,GRFCR,Accounts not actioned,half-year,Jul-Dec 2025,all,all,all,all,country_name,South Africa,1.0,,
,LIGR,GRFCR,Removal rate,half-year,Jul-Dec 2025,all,all,all,all,country_name,South Africa,0.0,,
,LIGR,GRFCR,Total requests received,half-year,Jul-Dec 2025,all,all,all,all,country_name,South Korea,9.0,,
,LIGR,GRFCR,Total content received,half-year,Jul-Dec 2025,all,all,all,all,country_name,South Korea,297.0,,
,LIGR,GRFCR,Content actioned due to community guidelines violations,half-year,Jul-Dec 2025,all,all,all,all,country_name,South Korea,234.0,,
,LIGR,GRFCR,Content actioned due to (local) law violations,half-year,Jul-Dec 2025,all,all,all,all,country_name,South Korea,0.0,,
,LIGR,GRFCR,Content not actioned,half-year,Jul-Dec 2025,all,all,all,all,country_name,South Korea,63.0,,
,LIGR,GRFCR,Total accounts received,half-year,Jul-Dec 2025,all,all,all,all,country_name,South Korea,4.0,,
,LIGR,GRFCR,Accounts actioned due to community guidelines violations,half-year,Jul-Dec 2025,all,all,all,all,country_name,South Korea,3.0,,
,LIGR,GRFCR,Accounts actioned due to (local) law violations,half-year,Jul-Dec 2025,all,all,all,all,country_name,South Korea,0.0,,
,LIGR,GRFCR,Accounts not actioned,half-year,Jul-Dec 2025,all,all,all,all,country_name,South Korea,1.0,,
,LIGR,GRFCR,Removal rate,half-year,Jul-Dec 2025,all,all,all,all,country_name,South Korea,0.787375415,,
,LIGR,GRFCR,Total requests received,half-year,Jul-Dec 2025,all,all,all,all,country_name,Spain,23.0,,
,LIGR,GRFCR,Total content received,half-year,Jul-Dec 2025,all,all,all,all,country_name,Spain,1334.0,,
,LIGR,GRFCR,Content actioned due to community guidelines violations,half-year,Jul-Dec 2025,all,all,all,all,country_name,Spain,1149.0,,
,LIGR,GRFCR,Content actioned due to (local) law violations,half-year,Jul-Dec 2025,all,all,all,all,country_name,Spain,5.0,,
,LIGR,GRFCR,Content not actioned,half-year,Jul-Dec 2025,all,all,all,all,country_name,Spain,180.0,,
,LIGR,GRFCR,Total accounts received,half-year,Jul-Dec 2025,all,all,all,all,country_name,Spain,32.0,,
,LIGR,GRFCR,Accounts actioned due to community guidelines violations,half-year,Jul-Dec 2025,all,all,all,all,country_name,Spain,15.0,,
,LIGR,GRFCR,Accounts actioned due to (local) law violations,half-year,Jul-Dec 2025,all,all,all,all,country_name,Spain,0.0,,
,LIGR,GRFCR,Accounts not actioned,half-year,Jul-Dec 2025,all,all,all,all,country_name,Spain,17.0,,
,LIGR,GRFCR,Removal rate,half-year,Jul-Dec 2025,all,all,all,all,country_name,Spain,0.855783309,,
,LIGR,GRFCR,Total requests received,half-year,Jul-Dec 2025,all,all,all,all,country_name,Sri Lanka,152.0,,
,LIGR,GRFCR,Total content received,half-year,Jul-Dec 2025,all,all,all,all,country_name,Sri Lanka,161.0,,
,LIGR,GRFCR,Content actioned due to community guidelines violations,half-year,Jul-Dec 2025,all,all,all,all,country_name,Sri Lanka,123.0,,
,LIGR,GRFCR,Content actioned due to (local) law violations,half-year,Jul-Dec 2025,all,all,all,all,country_name,Sri Lanka,0.0,,
,LIGR,GRFCR,Content not actioned,half-year,Jul-Dec 2025,all,all,all,all,country_name,Sri Lanka,38.0,,
,LIGR,GRFCR,Total accounts received,half-year,Jul-Dec 2025,all,all,all,all,country_name,Sri Lanka,161.0,,
,LIGR,GRFCR,Accounts actioned due to community guidelines violations,half-year,Jul-Dec 2025,all,all,all,all,country_name,Sri Lanka,37.0,,
,LIGR,GRFCR,Accounts actioned due to (local) law violations,half-year,Jul-Dec 2025,all,all,all,all,country_name,Sri Lanka,1.0,,
,LIGR,GRFCR,Accounts not actioned,half-year,Jul-Dec 2025,all,all,all,all,country_name,Sri Lanka,123.0,,
,LIGR,GRFCR,Removal rate,half-year,Jul-Dec 2025,all,all,all,all,country_name,Sri Lanka,0.5,,
,LIGR,GRFCR,Total requests received,half-year,Jul-Dec 2025,all,all,all,all,country_name,Sudan,0.0,,
,LIGR,GRFCR,Total content received,half-year,Jul-Dec 2025,all,all,all,all,country_name,Sudan,0.0,,
,LIGR,GRFCR,Content actioned due to community guidelines violations,half-year,Jul-Dec 2025,all,all,all,all,country_name,Sudan,0.0,,
,LIGR,GRFCR,Content actioned due to (local) law violations,half-year,Jul-Dec 2025,all,all,all,all,country_name,Sudan,0.0,,
,LIGR,GRFCR,Content not actioned,half-year,Jul-Dec 2025,all,all,all,all,country_name,Sudan,0.0,,
,LIGR,GRFCR,Total accounts received,half-year,Jul-Dec 2025,all,all,all,all,country_name,Sudan,0.0,,
,LIGR,GRFCR,Accounts actioned due to community guidelines violations,half-year,Jul-Dec 2025,all,all,all,all,country_name,Sudan,0.0,,
,LIGR,GRFCR,Accounts actioned due to (local) law violations,half-year,Jul-Dec 2025,all,all,all,all,country_name,Sudan,0.0,,
,LIGR,GRFCR,Accounts not actioned,half-year,Jul-Dec 2025,all,all,all,all,country_name,Sudan,0.0,,
,LIGR,GRFCR,Removal rate,half-year,Jul-Dec 2025,all,all,all,all,country_name,Sudan,0.0,,
,LIGR,GRFCR,Total requests received,half-year,Jul-Dec 2025,all,all,all,all,country_name,Sweden,3.0,,
,LIGR,GRFCR,Total content received,half-year,Jul-Dec 2025,all,all,all,all,country_name,Sweden,1.0,,
,LIGR,GRFCR,Content actioned due to community guidelines violations,half-year,Jul-Dec 2025,all,all,all,all,country_name,Sweden,1.0,,
,LIGR,GRFCR,Content actioned due to (local) law violations,half-year,Jul-Dec 2025,all,all,all,all,country_name,Sweden,0.0,,
,LIGR,GRFCR,Content not actioned,half-year,Jul-Dec 2025,all,all,all,all,country_name,Sweden,0.0,,
,LIGR,GRFCR,Total accounts received,half-year,Jul-Dec 2025,all,all,all,all,country_name,Sweden,2.0,,
,LIGR,GRFCR,Accounts actioned due to community guidelines violations,half-year,Jul-Dec 2025,all,all,all,all,country_name,Sweden,2.0,,
,LIGR,GRFCR,Accounts actioned due to (local) law violations,half-year,Jul-Dec 2025,all,all,all,all,country_name,Sweden,0.0,,
,LIGR,GRFCR,Accounts not actioned,half-year,Jul-Dec 2025,all,all,all,all,country_name,Sweden,0.0,,
,LIGR,GRFCR,Removal rate,half-year,Jul-Dec 2025,all,all,all,all,country_name,Sweden,1.0,,
,LIGR,GRFCR,Total requests received,half-year,Jul-Dec 2025,all,all,all,all,country_name,Taiwan,408.0,,
,LIGR,GRFCR,Total content received,half-year,Jul-Dec 2025,all,all,all,all,country_name,Taiwan,356.0,,
,LIGR,GRFCR,Content actioned due to community guidelines violations,half-year,Jul-Dec 2025,all,all,all,all,country_name,Taiwan,285.0,,
,LIGR,GRFCR,Content actioned due to (local) law violations,half-year,Jul-Dec 2025,all,all,all,all,country_name,Taiwan,19.0,,
,LIGR,GRFCR,Content not actioned,half-year,Jul-Dec 2025,all,all,all,all,country_name,Taiwan,52.0,,
,LIGR,GRFCR,Total accounts received,half-year,Jul-Dec 2025,all,all,all,all,country_name,Taiwan,740.0,,
,LIGR,GRFCR,Accounts actioned due to community guidelines violations,half-year,Jul-Dec 2025,all,all,all,all,country_name,Taiwan,366.0,,
,LIGR,GRFCR,Accounts actioned due to (local) law violations,half-year,Jul-Dec 2025,all,all,all,all,country_name,Taiwan,12.0,,
,LIGR,GRFCR,Accounts not actioned,half-year,Jul-Dec 2025,all,all,all,all,country_name,Taiwan,362.0,,
,LIGR,GRFCR,Removal rate,half-year,Jul-Dec 2025,all,all,all,all,country_name,Taiwan,0.622262774,,
,LIGR,GRFCR,Total requests received,half-year,Jul-Dec 2025,all,all,all,all,country_name,Tanzania,256.0,,
,LIGR,GRFCR,Total content received,half-year,Jul-Dec 2025,all,all,all,all,country_name,Tanzania,362.0,,
,LIGR,GRFCR,Content actioned due to community guidelines violations,half-year,Jul-Dec 2025,all,all,all,all,country_name,Tanzania,38.0,,
,LIGR,GRFCR,Content actioned due to (local) law violations,half-year,Jul-Dec 2025,all,all,all,all,country_name,Tanzania,5.0,,
,LIGR,GRFCR,Content not actioned,half-year,Jul-Dec 2025,all,all,all,all,country_name,Tanzania,319.0,,
,LIGR,GRFCR,Total accounts received,half-year,Jul-Dec 2025,all,all,all,all,country_name,Tanzania,168.0,,
,LIGR,GRFCR,Accounts actioned due to community guidelines violations,half-year,Jul-Dec 2025,all,all,all,all,country_name,Tanzania,54.0,,
,LIGR,GRFCR,Accounts actioned due to (local) law violations,half-year,Jul-Dec 2025,all,all,all,all,country_name,Tanzania,3.0,,
,LIGR,GRFCR,Accounts not actioned,half-year,Jul-Dec 2025,all,all,all,all,country_name,Tanzania,111.0,,
,LIGR,GRFCR,Removal rate,half-year,Jul-Dec 2025,all,all,all,all,country_name,Tanzania,0.188679245,,
,LIGR,GRFCR,Total requests received,half-year,Jul-Dec 2025,all,all,all,all,country_name,Thailand,880.0,,
,LIGR,GRFCR,Total content received,half-year,Jul-Dec 2025,all,all,all,all,country_name,Thailand,2458.0,,
,LIGR,GRFCR,Content actioned due to community guidelines violations,half-year,Jul-Dec 2025,all,all,all,all,country_name,Thailand,965.0,,
,LIGR,GRFCR,Content actioned due to (local) law violations,half-year,Jul-Dec 2025,all,all,all,all,country_name,Thailand,727.0,,
,LIGR,GRFCR,Content not actioned,half-year,Jul-Dec 2025,all,all,all,all,country_name,Thailand,766.0,,
,LIGR,GRFCR,Total accounts received,half-year,Jul-Dec 2025,all,all,all,all,country_name,Thailand,3020.0,,
,LIGR,GRFCR,Accounts actioned due to community guidelines violations,half-year,Jul-Dec 2025,all,all,all,all,country_name,Thailand,1045.0,,
,LIGR,GRFCR,Accounts actioned due to (local) law violations,half-year,Jul-Dec 2025,all,all,all,all,country_name,Thailand,258.0,,
,LIGR,GRFCR,Accounts not actioned,half-year,Jul-Dec 2025,all,all,all,all,country_name,Thailand,1717.0,,
,LIGR,GRFCR,Removal rate,half-year,Jul-Dec 2025,all,all,all,all,country_name,Thailand,0.546732384,,
,LIGR,GRFCR,Total requests received,half-year,Jul-Dec 2025,all,all,all,all,country_name,Togo,126.0,,
,LIGR,GRFCR,Total content received,half-year,Jul-Dec 2025,all,all,all,all,country_name,Togo,112.0,,
,LIGR,GRFCR,Content actioned due to community guidelines violations,half-year,Jul-Dec 2025,all,all,all,all,country_name,Togo,29.0,,
,LIGR,GRFCR,Content actioned due to (local) law violations,half-year,Jul-Dec 2025,all,all,all,all,country_name,Togo,47.0,,
,LIGR,GRFCR,Content not actioned,half-year,Jul-Dec 2025,all,all,all,all,country_name,Togo,36.0,,
,LIGR,GRFCR,Total accounts received,half-year,Jul-Dec 2025,all,all,all,all,country_name,Togo,75.0,,
,LIGR,GRFCR,Accounts actioned due to community guidelines violations,half-year,Jul-Dec 2025,all,all,all,all,country_name,Togo,12.0,,
,LIGR,GRFCR,Accounts actioned due to (local) law violations,half-year,Jul-Dec 2025,all,all,all,all,country_name,Togo,33.0,,
,LIGR,GRFCR,Accounts not actioned,half-year,Jul-Dec 2025,all,all,all,all,country_name,Togo,30.0,,
,LIGR,GRFCR,Removal rate,half-year,Jul-Dec 2025,all,all,all,all,country_name,Togo,0.647058824,,
,LIGR,GRFCR,Total requests received,half-year,Jul-Dec 2025,all,all,all,all,country_name,Tunisia,0.0,,
,LIGR,GRFCR,Total content received,half-year,Jul-Dec 2025,all,all,all,all,country_name,Tunisia,0.0,,
,LIGR,GRFCR,Content actioned due to community guidelines violations,half-year,Jul-Dec 2025,all,all,all,all,country_name,Tunisia,0.0,,
,LIGR,GRFCR,Content actioned due to (local) law violations,half-year,Jul-Dec 2025,all,all,all,all,country_name,Tunisia,0.0,,
,LIGR,GRFCR,Content not actioned,half-year,Jul-Dec 2025,all,all,all,all,country_name,Tunisia,0.0,,
,LIGR,GRFCR,Total accounts received,half-year,Jul-Dec 2025,all,all,all,all,country_name,Tunisia,0.0,,
,LIGR,GRFCR,Accounts actioned due to community guidelines violations,half-year,Jul-Dec 2025,all,all,all,all,country_name,Tunisia,0.0,,
,LIGR,GRFCR,Accounts actioned due to (local) law violations,half-year,Jul-Dec 2025,all,all,all,all,country_name,Tunisia,0.0,,
,LIGR,GRFCR,Accounts not actioned,half-year,Jul-Dec 2025,all,all,all,all,country_name,Tunisia,0.0,,
,LIGR,GRFCR,Removal rate,half-year,Jul-Dec 2025,all,all,all,all,country_name,Tunisia,0.0,,
,LIGR,GRFCR,Total requests received,half-year,Jul-Dec 2025,all,all,all,all,country_name,Turkey,484.0,,
,LIGR,GRFCR,Total content received,half-year,Jul-Dec 2025,all,all,all,all,country_name,Turkey,2680.0,,
,LIGR,GRFCR,Content actioned due to community guidelines violations,half-year,Jul-Dec 2025,all,all,all,all,country_name,Turkey,1580.0,,
,LIGR,GRFCR,Content actioned due to (local) law violations,half-year,Jul-Dec 2025,all,all,all,all,country_name,Turkey,916.0,,
,LIGR,GRFCR,Content not actioned,half-year,Jul-Dec 2025,all,all,all,all,country_name,Turkey,184.0,,
,LIGR,GRFCR,Total accounts received,half-year,Jul-Dec 2025,all,all,all,all,country_name,Turkey,5968.0,,
,LIGR,GRFCR,Accounts actioned due to community guidelines violations,half-year,Jul-Dec 2025,all,all,all,all,country_name,Turkey,2881.0,,
,LIGR,GRFCR,Accounts actioned due to (local) law violations,half-year,Jul-Dec 2025,all,all,all,all,country_name,Turkey,1581.0,,
,LIGR,GRFCR,Accounts not actioned,half-year,Jul-Dec 2025,all,all,all,all,country_name,Turkey,1506.0,,
,LIGR,GRFCR,Removal rate,half-year,Jul-Dec 2025,all,all,all,all,country_name,Turkey,0.804579093,,
,LIGR,GRFCR,Total requests received,half-year,Jul-Dec 2025,all,all,all,all,country_name,Uganda,24.0,,
,LIGR,GRFCR,Total content received,half-year,Jul-Dec 2025,all,all,all,all,country_name,Uganda,31.0,,
,LIGR,GRFCR,Content actioned due to community guidelines violations,half-year,Jul-Dec 2025,all,all,all,all,country_name,Uganda,12.0,,
,LIGR,GRFCR,Content actioned due to (local) law violations,half-year,Jul-Dec 2025,all,all,all,all,country_name,Uganda,0.0,,
,LIGR,GRFCR,Content not actioned,half-year,Jul-Dec 2025,all,all,all,all,country_name,Uganda,19.0,,
,LIGR,GRFCR,Total accounts received,half-year,Jul-Dec 2025,all,all,all,all,country_name,Uganda,0.0,,
,LIGR,GRFCR,Accounts actioned due to community guidelines violations,half-year,Jul-Dec 2025,all,all,all,all,country_name,Uganda,0.0,,
,LIGR,GRFCR,Accounts actioned due to (local) law violations,half-year,Jul-Dec 2025,all,all,all,all,country_name,Uganda,0.0,,
,LIGR,GRFCR,Accounts not actioned,half-year,Jul-Dec 2025,all,all,all,all,country_name,Uganda,0.0,,
,LIGR,GRFCR,Removal rate,half-year,Jul-Dec 2025,all,all,all,all,country_name,Uganda,0.387096774,,
,LIGR,GRFCR,Total requests received,half-year,Jul-Dec 2025,all,all,all,all,country_name,Ukraine,82.0,,
,LIGR,GRFCR,Total content received,half-year,Jul-Dec 2025,all,all,all,all,country_name,Ukraine,6.0,,
,LIGR,GRFCR,Content actioned due to community guidelines violations,half-year,Jul-Dec 2025,all,all,all,all,country_name,Ukraine,3.0,,
,LIGR,GRFCR,Content actioned due to (local) law violations,half-year,Jul-Dec 2025,all,all,all,all,country_name,Ukraine,0.0,,
,LIGR,GRFCR,Content not actioned,half-year,Jul-Dec 2025,all,all,all,all,country_name,Ukraine,3.0,,
,LIGR,GRFCR,Total accounts received,half-year,Jul-Dec 2025,all,all,all,all,country_name,Ukraine,741.0,,
,LIGR,GRFCR,Accounts actioned due to community guidelines violations,half-year,Jul-Dec 2025,all,all,all,all,country_name,Ukraine,366.0,,
,LIGR,GRFCR,Accounts actioned due to (local) law violations,half-year,Jul-Dec 2025,all,all,all,all,country_name,Ukraine,1.0,,
,LIGR,GRFCR,Accounts not actioned,half-year,Jul-Dec 2025,all,all,all,all,country_name,Ukraine,374.0,,
,LIGR,GRFCR,Removal rate,half-year,Jul-Dec 2025,all,all,all,all,country_name,Ukraine,0.495314592,,
,LIGR,GRFCR,Total requests received,half-year,Jul-Dec 2025,all,all,all,all,country_name,United Arab Emirates,358.0,,
,LIGR,GRFCR,Total content received,half-year,Jul-Dec 2025,all,all,all,all,country_name,United Arab Emirates,154.0,,
,LIGR,GRFCR,Content actioned due to community guidelines violations,half-year,Jul-Dec 2025,all,all,all,all,country_name,United Arab Emirates,72.0,,
,LIGR,GRFCR,Content actioned due to (local) law violations,half-year,Jul-Dec 2025,all,all,all,all,country_name,United Arab Emirates,28.0,,
,LIGR,GRFCR,Content not actioned,half-year,Jul-Dec 2025,all,all,all,all,country_name,United Arab Emirates,54.0,,
,LIGR,GRFCR,Total accounts received,half-year,Jul-Dec 2025,all,all,all,all,country_name,United Arab Emirates,5605.0,,
,LIGR,GRFCR,Accounts actioned due to community guidelines violations,half-year,Jul-Dec 2025,all,all,all,all,country_name,United Arab Emirates,2879.0,,
,LIGR,GRFCR,Accounts actioned due to (local) law violations,half-year,Jul-Dec 2025,all,all,all,all,country_name,United Arab Emirates,54.0,,
,LIGR,GRFCR,Accounts not actioned,half-year,Jul-Dec 2025,all,all,all,all,country_name,United Arab Emirates,2672.0,,
,LIGR,GRFCR,Removal rate,half-year,Jul-Dec 2025,all,all,all,all,country_name,United Arab Emirates,0.526653933,,
,LIGR,GRFCR,Total requests received,half-year,Jul-Dec 2025,all,all,all,all,country_name,United Kingdom,159.0,,
,LIGR,GRFCR,Total content received,half-year,Jul-Dec 2025,all,all,all,all,country_name,United Kingdom,591.0,,
,LIGR,GRFCR,Content actioned due to community guidelines violations,half-year,Jul-Dec 2025,all,all,all,all,country_name,United Kingdom,365.0,,
,LIGR,GRFCR,Content actioned due to (local) law violations,half-year,Jul-Dec 2025,all,all,all,all,country_name,United Kingdom,57.0,,
,LIGR,GRFCR,Content not actioned,half-year,Jul-Dec 2025,all,all,all,all,country_name,United Kingdom,169.0,,
,LIGR,GRFCR,Total accounts received,half-year,Jul-Dec 2025,all,all,all,all,country_name,United Kingdom,908.0,,
,LIGR,GRFCR,Accounts actioned due to community guidelines violations,half-year,Jul-Dec 2025,all,all,all,all,country_name,United Kingdom,469.0,,
,LIGR,GRFCR,Accounts actioned due to (local) law violations,half-year,Jul-Dec 2025,all,all,all,all,country_name,United Kingdom,47.0,,
,LIGR,GRFCR,Accounts not actioned,half-year,Jul-Dec 2025,all,all,all,all,country_name,United Kingdom,392.0,,
,LIGR,GRFCR,Removal rate,half-year,Jul-Dec 2025,all,all,all,all,country_name,United Kingdom,0.6257505,,
,LIGR,GRFCR,Total requests received,half-year,Jul-Dec 2025,all,all,all,all,country_name,Vietnam,505.0,,
,LIGR,GRFCR,Total content received,half-year,Jul-Dec 2025,all,all,all,all,country_name,Vietnam,4553.0,,
,LIGR,GRFCR,Content actioned due to community guidelines violations,half-year,Jul-Dec 2025,all,all,all,all,country_name,Vietnam,311.0,,
,LIGR,GRFCR,Content actioned due to (local) law violations,half-year,Jul-Dec 2025,all,all,all,all,country_name,Vietnam,3511.0,,
,LIGR,GRFCR,Content not actioned,half-year,Jul-Dec 2025,all,all,all,all,country_name,Vietnam,731.0,,
,LIGR,GRFCR,Total accounts received,half-year,Jul-Dec 2025,all,all,all,all,country_name,Vietnam,1425.0,,
,LIGR,GRFCR,Accounts actioned due to community guidelines violations,half-year,Jul-Dec 2025,all,all,all,all,country_name,Vietnam,102.0,,
,LIGR,GRFCR,Accounts actioned due to (local) law violations,half-year,Jul-Dec 2025,all,all,all,all,country_name,Vietnam,1001.0,,
,LIGR,GRFCR,Accounts not actioned,half-year,Jul-Dec 2025,all,all,all,all,country_name,Vietnam,322.0,,
,LIGR,GRFCR,Removal rate,half-year,Jul-Dec 2025,all,all,all,all,country_name,Vietnam,0.823854132,,
,LIGR,GRFCR,Total requests received,half-year,Jul-Dec 2025,all,all,all,all,country_name,Yemen,0.0,,
,LIGR,GRFCR,Total content received,half-year,Jul-Dec 2025,all,all,all,all,country_name,Yemen,0.0,,
,LIGR,GRFCR,Content actioned due to community guidelines violations,half-year,Jul-Dec 2025,all,all,all,all,country_name,Yemen,0.0,,
,LIGR,GRFCR,Content actioned due to (local) law violations,half-year,Jul-Dec 2025,all,all,all,all,country_name,Yemen,0.0,,
,LIGR,GRFCR,Content not actioned,half-year,Jul-Dec 2025,all,all,all,all,country_name,Yemen,0.0,,
,LIGR,GRFCR,Total accounts received,half-year,Jul-Dec 2025,all,all,all,all,country_name,Yemen,0.0,,
,LIGR,GRFCR,Accounts actioned due to community guidelines violations,half-year,Jul-Dec 2025,all,all,all,all,country_name,Yemen,0.0,,
,LIGR,GRFCR,Accounts actioned due to (local) law violations,half-year,Jul-Dec 2025,all,all,all,all,country_name,Yemen,0.0,,
,LIGR,GRFCR,Accounts not actioned,half-year,Jul-Dec 2025,all,all,all,all,country_name,Yemen,0.0,,
,LIGR,GRFCR,Removal rate,half-year,Jul-Dec 2025,all,all,all,all,country_name,Yemen,0.0,,
,LIGR,GRFCR,Total requests received,half-year,Jul-Dec 2025,all,all,all,all,country_name,Zimbabwe,0.0,,
,LIGR,GRFCR,Total content received,half-year,Jul-Dec 2025,all,all,all,all,country_name,Zimbabwe,0.0,,
,LIGR,GRFCR,Content actioned due to community guidelines violations,half-year,Jul-Dec 2025,all,all,all,all,country_name,Zimbabwe,0.0,,
,LIGR,GRFCR,Content actioned due to (local) law violations,half-year,Jul-Dec 2025,all,all,all,all,country_name,Zimbabwe,0.0,,
,LIGR,GRFCR,Content not actioned,half-year,Jul-Dec 2025,all,all,all,all,country_name,Zimbabwe,0.0,,
,LIGR,GRFCR,Total accounts received,half-year,Jul-Dec 2025,all,all,all,all,country_name,Zimbabwe,0.0,,
,LIGR,GRFCR,Accounts actioned due to community guidelines violations,half-year,Jul-Dec 2025,all,all,all,all,country_name,Zimbabwe,0.0,,
,LIGR,GRFCR,Accounts actioned due to (local) law violations,half-year,Jul-Dec 2025,all,all,all,all,country_name,Zimbabwe,0.0,,
,LIGR,GRFCR,Accounts not actioned,half-year,Jul-Dec 2025,all,all,all,all,country_name,Zimbabwe,0.0,,
,LIGR,GRFCR,Removal rate,half-year,Jul-Dec 2025,all,all,all,all,country_name,Zimbabwe,0.0,,
,LIGR,GRFCR,Total Government Requests,half-year,Jul-Dec 2025,all,all,all,all,all,All,20175.0,,
,LIGR,GRFCR,Total requests received,half-year,Jan-Jun 2025,all,all,all,all,country_name,United States,52.0,,
,LIGR,GRFCR,Total content received,half-year,Jan-Jun 2025,all,all,all,all,country_name,United States,13.0,,
,LIGR,GRFCR,Content actioned due to community guidelines violations,half-year,Jan-Jun 2025,all,all,all,all,country_name,United States,3.0,,
,LIGR,GRFCR,Content actioned due to (local) law violations,half-year,Jan-Jun 2025,all,all,all,all,country_name,United States,0.0,,
,LIGR,GRFCR,Content not actioned,half-year,Jan-Jun 2025,all,all,all,all,country_name,United States,7.0,,
,LIGR,GRFCR,Total accounts received,half-year,Jan-Jun 2025,all,all,all,all,country_name,United States,70.0,,
,LIGR,GRFCR,Accounts actioned due to community guidelines violations,half-year,Jan-Jun 2025,all,all,all,all,country_name,United States,22.0,,
,LIGR,GRFCR,Accounts actioned due to (local) law violations,half-year,Jan-Jun 2025,all,all,all,all,country_name,United States,0.0,,
,LIGR,GRFCR,Accounts not actioned,half-year,Jan-Jun 2025,all,all,all,all,country_name,United States,48.0,,
,LIGR,GRFCR,Removal rate,half-year,Jan-Jun 2025,all,all,all,all,country_name,United States,0.301,,
,LIGR,GRFCR,Total requests received,half-year,Jan-Jun 2025,all,all,all,all,country_name,Albania,300.0,,
,LIGR,GRFCR,Total content received,half-year,Jan-Jun 2025,all,all,all,all,country_name,Albania,555.0,,
,LIGR,GRFCR,Content actioned due to community guidelines violations,half-year,Jan-Jun 2025,all,all,all,all,country_name,Albania,478.0,,
,LIGR,GRFCR,Content actioned due to (local) law violations,half-year,Jan-Jun 2025,all,all,all,all,country_name,Albania,26.0,,
,LIGR,GRFCR,Content not actioned,half-year,Jan-Jun 2025,all,all,all,all,country_name,Albania,51.0,,
,LIGR,GRFCR,Total accounts received,half-year,Jan-Jun 2025,all,all,all,all,country_name,Albania,69.0,,
,LIGR,GRFCR,Accounts actioned due to community guidelines violations,half-year,Jan-Jun 2025,all,all,all,all,country_name,Albania,32.0,,
,LIGR,GRFCR,Accounts actioned due to (local) law violations,half-year,Jan-Jun 2025,all,all,all,all,country_name,Albania,0.0,,
,LIGR,GRFCR,Accounts not actioned,half-year,Jan-Jun 2025,all,all,all,all,country_name,Albania,37.0,,
,LIGR,GRFCR,Removal rate,half-year,Jan-Jun 2025,all,all,all,all,country_name,Albania,0.859,,
,LIGR,GRFCR,Total requests received,half-year,Jan-Jun 2025,all,all,all,all,country_name,Argentina,5.0,,
,LIGR,GRFCR,Total content received,half-year,Jan-Jun 2025,all,all,all,all,country_name,Argentina,29.0,,
,LIGR,GRFCR,Content actioned due to community guidelines violations,half-year,Jan-Jun 2025,all,all,all,all,country_name,Argentina,27.0,,
,LIGR,GRFCR,Content actioned due to (local) law violations,half-year,Jan-Jun 2025,all,all,all,all,country_name,Argentina,0.0,,
,LIGR,GRFCR,Content not actioned,half-year,Jan-Jun 2025,all,all,all,all,country_name,Argentina,2.0,,
,LIGR,GRFCR,Total accounts received,half-year,Jan-Jun 2025,all,all,all,all,country_name,Argentina,36.0,,
,LIGR,GRFCR,Accounts actioned due to community guidelines violations,half-year,Jan-Jun 2025,all,all,all,all,country_name,Argentina,7.0,,
,LIGR,GRFCR,Accounts actioned due to (local) law violations,half-year,Jan-Jun 2025,all,all,all,all,country_name,Argentina,1.0,,
,LIGR,GRFCR,Accounts not actioned,half-year,Jan-Jun 2025,all,all,all,all,country_name,Argentina,28.0,,
,LIGR,GRFCR,Removal rate,half-year,Jan-Jun 2025,all,all,all,all,country_name,Argentina,0.538,,
,LIGR,GRFCR,Total requests received,half-year,Jan-Jun 2025,all,all,all,all,country_name,Armenia,4.0,,
,LIGR,GRFCR,Total content received,half-year,Jan-Jun 2025,all,all,all,all,country_name,Armenia,0.0,,
,LIGR,GRFCR,Content actioned due to community guidelines violations,half-year,Jan-Jun 2025,all,all,all,all,country_name,Armenia,0.0,,
,LIGR,GRFCR,Content actioned due to (local) law violations,half-year,Jan-Jun 2025,all,all,all,all,country_name,Armenia,0.0,,
,LIGR,GRFCR,Content not actioned,half-year,Jan-Jun 2025,all,all,all,all,country_name,Armenia,0.0,,
,LIGR,GRFCR,Total accounts received,half-year,Jan-Jun 2025,all,all,all,all,country_name,Armenia,4.0,,
,LIGR,GRFCR,Accounts actioned due to community guidelines violations,half-year,Jan-Jun 2025,all,all,all,all,country_name,Armenia,3.0,,
,LIGR,GRFCR,Accounts actioned due to (local) law violations,half-year,Jan-Jun 2025,all,all,all,all,country_name,Armenia,0.0,,
,LIGR,GRFCR,Accounts not actioned,half-year,Jan-Jun 2025,all,all,all,all,country_name,Armenia,1.0,,
,LIGR,GRFCR,Removal rate,half-year,Jan-Jun 2025,all,all,all,all,country_name,Armenia,0.75,,
,LIGR,GRFCR,Total requests received,half-year,Jan-Jun 2025,all,all,all,all,country_name,Australia,440.0,,
,LIGR,GRFCR,Total content received,half-year,Jan-Jun 2025,all,all,all,all,country_name,Australia,183.0,,
,LIGR,GRFCR,Content actioned due to community guidelines violations,half-year,Jan-Jun 2025,all,all,all,all,country_name,Australia,145.0,,
,LIGR,GRFCR,Content actioned due to (local) law violations,half-year,Jan-Jun 2025,all,all,all,all,country_name,Australia,17.0,,
,LIGR,GRFCR,Content not actioned,half-year,Jan-Jun 2025,all,all,all,all,country_name,Australia,21.0,,
,LIGR,GRFCR,Total accounts received,half-year,Jan-Jun 2025,all,all,all,all,country_name,Australia,753.0,,
,LIGR,GRFCR,Accounts actioned due to community guidelines violations,half-year,Jan-Jun 2025,all,all,all,all,country_name,Australia,504.0,,
,LIGR,GRFCR,Accounts actioned due to (local) law violations,half-year,Jan-Jun 2025,all,all,all,all,country_name,Australia,0.0,,
,LIGR,GRFCR,Accounts not actioned,half-year,Jan-Jun 2025,all,all,all,all,country_name,Australia,249.0,,
,LIGR,GRFCR,Removal rate,half-year,Jan-Jun 2025,all,all,all,all,country_name,Australia,0.712,,
,LIGR,GRFCR,Total requests received,half-year,Jan-Jun 2025,all,all,all,all,country_name,Austria,3.0,,
,LIGR,GRFCR,Total content received,half-year,Jan-Jun 2025,all,all,all,all,country_name,Austria,0.0,,
,LIGR,GRFCR,Content actioned due to community guidelines violations,half-year,Jan-Jun 2025,all,all,all,all,country_name,Austria,0.0,,
,LIGR,GRFCR,Content actioned due to (local) law violations,half-year,Jan-Jun 2025,all,all,all,all,country_name,Austria,0.0,,
,LIGR,GRFCR,Content not actioned,half-year,Jan-Jun 2025,all,all,all,all,country_name,Austria,0.0,,
,LIGR,GRFCR,Total accounts received,half-year,Jan-Jun 2025,all,all,all,all,country_name,Austria,3.0,,
,LIGR,GRFCR,Accounts actioned due to community guidelines violations,half-year,Jan-Jun 2025,all,all,all,all,country_name,Austria,2.0,,
,LIGR,GRFCR,Accounts actioned due to (local) law violations,half-year,Jan-Jun 2025,all,all,all,all,country_name,Austria,0.0,,
,LIGR,GRFCR,Accounts not actioned,half-year,Jan-Jun 2025,all,all,all,all,country_name,Austria,1.0,,
,LIGR,GRFCR,Removal rate,half-year,Jan-Jun 2025,all,all,all,all,country_name,Austria,0.667,,
,LIGR,GRFCR,Total requests received,half-year,Jan-Jun 2025,all,all,all,all,country_name,Azerbaijan,264.0,,
,LIGR,GRFCR,Total content received,half-year,Jan-Jun 2025,all,all,all,all,country_name,Azerbaijan,3238.0,,
,LIGR,GRFCR,Content actioned due to community guidelines violations,half-year,Jan-Jun 2025,all,all,all,all,country_name,Azerbaijan,1706.0,,
,LIGR,GRFCR,Content actioned due to (local) law violations,half-year,Jan-Jun 2025,all,all,all,all,country_name,Azerbaijan,491.0,,
,LIGR,GRFCR,Content not actioned,half-year,Jan-Jun 2025,all,all,all,all,country_name,Azerbaijan,1041.0,,
,LIGR,GRFCR,Total accounts received,half-year,Jan-Jun 2025,all,all,all,all,country_name,Azerbaijan,1014.0,,
,LIGR,GRFCR,Accounts actioned due to community guidelines violations,half-year,Jan-Jun 2025,all,all,all,all,country_name,Azerbaijan,360.0,,
,LIGR,GRFCR,Accounts actioned due to (local) law violations,half-year,Jan-Jun 2025,all,all,all,all,country_name,Azerbaijan,36.0,,
,LIGR,GRFCR,Accounts not actioned,half-year,Jan-Jun 2025,all,all,all,all,country_name,Azerbaijan,618.0,,
,LIGR,GRFCR,Removal rate,half-year,Jan-Jun 2025,all,all,all,all,country_name,Azerbaijan,0.61,,
,LIGR,GRFCR,Total requests received,half-year,Jan-Jun 2025,all,all,all,all,country_name,Bahrain,1.0,,
,LIGR,GRFCR,Total content received,half-year,Jan-Jun 2025,all,all,all,all,country_name,Bahrain,0.0,,
,LIGR,GRFCR,Content actioned due to community guidelines violations,half-year,Jan-Jun 2025,all,all,all,all,country_name,Bahrain,0.0,,
,LIGR,GRFCR,Content actioned due to (local) law violations,half-year,Jan-Jun 2025,all,all,all,all,country_name,Bahrain,0.0,,
,LIGR,GRFCR,Content not actioned,half-year,Jan-Jun 2025,all,all,all,all,country_name,Bahrain,0.0,,
,LIGR,GRFCR,Total accounts received,half-year,Jan-Jun 2025,all,all,all,all,country_name,Bahrain,1.0,,
,LIGR,GRFCR,Accounts actioned due to community guidelines violations,half-year,Jan-Jun 2025,all,all,all,all,country_name,Bahrain,1.0,,
,LIGR,GRFCR,Accounts actioned due to (local) law violations,half-year,Jan-Jun 2025,all,all,all,all,country_name,Bahrain,0.0,,
,LIGR,GRFCR,Accounts not actioned,half-year,Jan-Jun 2025,all,all,all,all,country_name,Bahrain,0.0,,
,LIGR,GRFCR,Removal rate,half-year,Jan-Jun 2025,all,all,all,all,country_name,Bahrain,1.0,,
,LIGR,GRFCR,Total requests received,half-year,Jan-Jun 2025,all,all,all,all,country_name,Bangladesh,97.0,,
,LIGR,GRFCR,Total content received,half-year,Jan-Jun 2025,all,all,all,all,country_name,Bangladesh,450.0,,
,LIGR,GRFCR,Content actioned due to community guidelines violations,half-year,Jan-Jun 2025,all,all,all,all,country_name,Bangladesh,319.0,,
,LIGR,GRFCR,Content actioned due to (local) law violations,half-year,Jan-Jun 2025,all,all,all,all,country_name,Bangladesh,100.0,,
,LIGR,GRFCR,Content not actioned,half-year,Jan-Jun 2025,all,all,all,all,country_name,Bangladesh,31.0,,
,LIGR,GRFCR,Total accounts received,half-year,Jan-Jun 2025,all,all,all,all,country_name,Bangladesh,22.0,,
,LIGR,GRFCR,Accounts actioned due to community guidelines violations,half-year,Jan-Jun 2025,all,all,all,all,country_name,Bangladesh,10.0,,
,LIGR,GRFCR,Accounts actioned due to (local) law violations,half-year,Jan-Jun 2025,all,all,all,all,country_name,Bangladesh,2.0,,
,LIGR,GRFCR,Accounts not actioned,half-year,Jan-Jun 2025,all,all,all,all,country_name,Bangladesh,10.0,,
,LIGR,GRFCR,Removal rate,half-year,Jan-Jun 2025,all,all,all,all,country_name,Bangladesh,0.913,,
,LIGR,GRFCR,Total requests received,half-year,Jan-Jun 2025,all,all,all,all,country_name,Belarus,2.0,,
,LIGR,GRFCR,Total content received,half-year,Jan-Jun 2025,all,all,all,all,country_name,Belarus,17.0,,
,LIGR,GRFCR,Content actioned due to community guidelines violations,half-year,Jan-Jun 2025,all,all,all,all,country_name,Belarus,13.0,,
,LIGR,GRFCR,Content actioned due to (local) law violations,half-year,Jan-Jun 2025,all,all,all,all,country_name,Belarus,1.0,,
,LIGR,GRFCR,Content not actioned,half-year,Jan-Jun 2025,all,all,all,all,country_name,Belarus,3.0,,
,LIGR,GRFCR,Total accounts received,half-year,Jan-Jun 2025,all,all,all,all,country_name,Belarus,31.0,,
,LIGR,GRFCR,Accounts actioned due to community guidelines violations,half-year,Jan-Jun 2025,all,all,all,all,country_name,Belarus,0.0,,
,LIGR,GRFCR,Accounts actioned due to (local) law violations,half-year,Jan-Jun 2025,all,all,all,all,country_name,Belarus,18.0,,
,LIGR,GRFCR,Accounts not actioned,half-year,Jan-Jun 2025,all,all,all,all,country_name,Belarus,13.0,,
,LIGR,GRFCR,Removal rate,half-year,Jan-Jun 2025,all,all,all,all,country_name,Belarus,0.667,,
,LIGR,GRFCR,Total requests received,half-year,Jan-Jun 2025,all,all,all,all,country_name,Belgium,20.0,,
,LIGR,GRFCR,Total content received,half-year,Jan-Jun 2025,all,all,all,all,country_name,Belgium,31.0,,
,LIGR,GRFCR,Content actioned due to community guidelines violations,half-year,Jan-Jun 2025,all,all,all,all,country_name,Belgium,26.0,,
,LIGR,GRFCR,Content actioned due to (local) law violations,half-year,Jan-Jun 2025,all,all,all,all,country_name,Belgium,2.0,,
,LIGR,GRFCR,Content not actioned,half-year,Jan-Jun 2025,all,all,all,all,country_name,Belgium,3.0,,
,LIGR,GRFCR,Total accounts received,half-year,Jan-Jun 2025,all,all,all,all,country_name,Belgium,10.0,,
,LIGR,GRFCR,Accounts actioned due to community guidelines violations,half-year,Jan-Jun 2025,all,all,all,all,country_name,Belgium,4.0,,
,LIGR,GRFCR,Accounts actioned due to (local) law violations,half-year,Jan-Jun 2025,all,all,all,all,country_name,Belgium,0.0,,
,LIGR,GRFCR,Accounts not actioned,half-year,Jan-Jun 2025,all,all,all,all,country_name,Belgium,6.0,,
,LIGR,GRFCR,Removal rate,half-year,Jan-Jun 2025,all,all,all,all,country_name,Belgium,0.78,,
,LIGR,GRFCR,Total requests received,half-year,Jan-Jun 2025,all,all,all,all,country_name,Bosnia and Herzegovina,2.0,,
,LIGR,GRFCR,Total content received,half-year,Jan-Jun 2025,all,all,all,all,country_name,Bosnia and Herzegovina,0.0,,
,LIGR,GRFCR,Content actioned due to community guidelines violations,half-year,Jan-Jun 2025,all,all,all,all,country_name,Bosnia and Herzegovina,0.0,,
,LIGR,GRFCR,Content actioned due to (local) law violations,half-year,Jan-Jun 2025,all,all,all,all,country_name,Bosnia and Herzegovina,0.0,,
,LIGR,GRFCR,Content not actioned,half-year,Jan-Jun 2025,all,all,all,all,country_name,Bosnia and Herzegovina,0.0,,
,LIGR,GRFCR,Total accounts received,half-year,Jan-Jun 2025,all,all,all,all,country_name,Bosnia and Herzegovina,2.0,,
,LIGR,GRFCR,Accounts actioned due to community guidelines violations,half-year,Jan-Jun 2025,all,all,all,all,country_name,Bosnia and Herzegovina,2.0,,
,LIGR,GRFCR,Accounts actioned due to (local) law violations,half-year,Jan-Jun 2025,all,all,all,all,country_name,Bosnia and Herzegovina,0.0,,
,LIGR,GRFCR,Accounts not actioned,half-year,Jan-Jun 2025,all,all,all,all,country_name,Bosnia and Herzegovina,0.0,,
,LIGR,GRFCR,Removal rate,half-year,Jan-Jun 2025,all,all,all,all,country_name,Bosnia and Herzegovina,1.0,,
,LIGR,GRFCR,Total requests received,half-year,Jan-Jun 2025,all,all,all,all,country_name,Brazil,18.0,,
,LIGR,GRFCR,Total content received,half-year,Jan-Jun 2025,all,all,all,all,country_name,Brazil,47.0,,
,LIGR,GRFCR,Content actioned due to community guidelines violations,half-year,Jan-Jun 2025,all,all,all,all,country_name,Brazil,19.0,,
,LIGR,GRFCR,Content actioned due to (local) law violations,half-year,Jan-Jun 2025,all,all,all,all,country_name,Brazil,0.0,,
,LIGR,GRFCR,Content not actioned,half-year,Jan-Jun 2025,all,all,all,all,country_name,Brazil,28.0,,
,LIGR,GRFCR,Total accounts received,half-year,Jan-Jun 2025,all,all,all,all,country_name,Brazil,60.0,,
,LIGR,GRFCR,Accounts actioned due to community guidelines violations,half-year,Jan-Jun 2025,all,all,all,all,country_name,Brazil,21.0,,
,LIGR,GRFCR,Accounts actioned due to (local) law violations,half-year,Jan-Jun 2025,all,all,all,all,country_name,Brazil,5.0,,
,LIGR,GRFCR,Accounts not actioned,half-year,Jan-Jun 2025,all,all,all,all,country_name,Brazil,34.0,,
,LIGR,GRFCR,Removal rate,half-year,Jan-Jun 2025,all,all,all,all,country_name,Brazil,0.421,,
,LIGR,GRFCR,Total requests received,half-year,Jan-Jun 2025,all,all,all,all,country_name,Brunei Darussalam,3.0,,
,LIGR,GRFCR,Total content received,half-year,Jan-Jun 2025,all,all,all,all,country_name,Brunei Darussalam,0.0,,
,LIGR,GRFCR,Content actioned due to community guidelines violations,half-year,Jan-Jun 2025,all,all,all,all,country_name,Brunei Darussalam,0.0,,
,LIGR,GRFCR,Content actioned due to (local) law violations,half-year,Jan-Jun 2025,all,all,all,all,country_name,Brunei Darussalam,0.0,,
,LIGR,GRFCR,Content not actioned,half-year,Jan-Jun 2025,all,all,all,all,country_name,Brunei Darussalam,0.0,,
,LIGR,GRFCR,Total accounts received,half-year,Jan-Jun 2025,all,all,all,all,country_name,Brunei Darussalam,4.0,,
,LIGR,GRFCR,Accounts actioned due to community guidelines violations,half-year,Jan-Jun 2025,all,all,all,all,country_name,Brunei Darussalam,3.0,,
,LIGR,GRFCR,Accounts actioned due to (local) law violations,half-year,Jan-Jun 2025,all,all,all,all,country_name,Brunei Darussalam,0.0,,
,LIGR,GRFCR,Accounts not actioned,half-year,Jan-Jun 2025,all,all,all,all,country_name,Brunei Darussalam,1.0,,
,LIGR,GRFCR,Removal rate,half-year,Jan-Jun 2025,all,all,all,all,country_name,Brunei Darussalam,0.75,,
,LIGR,GRFCR,Total requests received,half-year,Jan-Jun 2025,all,all,all,all,country_name,Cambodia,11.0,,
,LIGR,GRFCR,Total content received,half-year,Jan-Jun 2025,all,all,all,all,country_name,Cambodia,9.0,,
,LIGR,GRFCR,Content actioned due to community guidelines violations,half-year,Jan-Jun 2025,all,all,all,all,country_name,Cambodia,6.0,,
,LIGR,GRFCR,Content actioned due to (local) law violations,half-year,Jan-Jun 2025,all,all,all,all,country_name,Cambodia,0.0,,
,LIGR,GRFCR,Content not actioned,half-year,Jan-Jun 2025,all,all,all,all,country_name,Cambodia,3.0,,
,LIGR,GRFCR,Total accounts received,half-year,Jan-Jun 2025,all,all,all,all,country_name,Cambodia,18.0,,
,LIGR,GRFCR,Accounts actioned due to community guidelines violations,half-year,Jan-Jun 2025,all,all,all,all,country_name,Cambodia,12.0,,
,LIGR,GRFCR,Accounts actioned due to (local) law violations,half-year,Jan-Jun 2025,all,all,all,all,country_name,Cambodia,0.0,,
,LIGR,GRFCR,Accounts not actioned,half-year,Jan-Jun 2025,all,all,all,all,country_name,Cambodia,6.0,,
,LIGR,GRFCR,Removal rate,half-year,Jan-Jun 2025,all,all,all,all,country_name,Cambodia,0.667,,
,LIGR,GRFCR,Total requests received,half-year,Jan-Jun 2025,all,all,all,all,country_name,Cameroon,5.0,,
,LIGR,GRFCR,Total content received,half-year,Jan-Jun 2025,all,all,all,all,country_name,Cameroon,2.0,,
,LIGR,GRFCR,Content actioned due to community guidelines violations,half-year,Jan-Jun 2025,all,all,all,all,country_name,Cameroon,0.0,,
,LIGR,GRFCR,Content actioned due to (local) law violations,half-year,Jan-Jun 2025,all,all,all,all,country_name,Cameroon,0.0,,
,LIGR,GRFCR,Content not actioned,half-year,Jan-Jun 2025,all,all,all,all,country_name,Cameroon,2.0,,
,LIGR,GRFCR,Total accounts received,half-year,Jan-Jun 2025,all,all,all,all,country_name,Cameroon,16.0,,
,LIGR,GRFCR,Accounts actioned due to community guidelines violations,half-year,Jan-Jun 2025,all,all,all,all,country_name,Cameroon,14.0,,
,LIGR,GRFCR,Accounts actioned due to (local) law violations,half-year,Jan-Jun 2025,all,all,all,all,country_name,Cameroon,0.0,,
,LIGR,GRFCR,Accounts not actioned,half-year,Jan-Jun 2025,all,all,all,all,country_name,Cameroon,2.0,,
,LIGR,GRFCR,Removal rate,half-year,Jan-Jun 2025,all,all,all,all,country_name,Cameroon,0.778,,
,LIGR,GRFCR,Total requests received,half-year,Jan-Jun 2025,all,all,all,all,country_name,Canada,1.0,,
,LIGR,GRFCR,Total content received,half-year,Jan-Jun 2025,all,all,all,all,country_name,Canada,0.0,,
,LIGR,GRFCR,Content actioned due to community guidelines violations,half-year,Jan-Jun 2025,all,all,all,all,country_name,Canada,0.0,,
,LIGR,GRFCR,Content actioned due to (local) law violations,half-year,Jan-Jun 2025,all,all,all,all,country_name,Canada,0.0,,
,LIGR,GRFCR,Content not actioned,half-year,Jan-Jun 2025,all,all,all,all,country_name,Canada,0.0,,
,LIGR,GRFCR,Total accounts received,half-year,Jan-Jun 2025,all,all,all,all,country_name,Canada,1.0,,
,LIGR,GRFCR,Accounts actioned due to community guidelines violations,half-year,Jan-Jun 2025,all,all,all,all,country_name,Canada,1.0,,
,LIGR,GRFCR,Accounts actioned due to (local) law violations,half-year,Jan-Jun 2025,all,all,all,all,country_name,Canada,0.0,,
,LIGR,GRFCR,Accounts not actioned,half-year,Jan-Jun 2025,all,all,all,all,country_name,Canada,0.0,,
,LIGR,GRFCR,Removal rate,half-year,Jan-Jun 2025,all,all,all,all,country_name,Canada,1.0,,
,LIGR,GRFCR,Total requests received,half-year,Jan-Jun 2025,all,all,all,all,country_name,Chad,7.0,,
,LIGR,GRFCR,Total content received,half-year,Jan-Jun 2025,all,all,all,all,country_name,Chad,2.0,,
,LIGR,GRFCR,Content actioned due to community guidelines violations,half-year,Jan-Jun 2025,all,all,all,all,country_name,Chad,0.0,,
,LIGR,GRFCR,Content actioned due to (local) law violations,half-year,Jan-Jun 2025,all,all,all,all,country_name,Chad,0.0,,
,LIGR,GRFCR,Content not actioned,half-year,Jan-Jun 2025,all,all,all,all,country_name,Chad,2.0,,
,LIGR,GRFCR,Total accounts received,half-year,Jan-Jun 2025,all,all,all,all,country_name,Chad,6.0,,
,LIGR,GRFCR,Accounts actioned due to community guidelines violations,half-year,Jan-Jun 2025,all,all,all,all,country_name,Chad,1.0,,
,LIGR,GRFCR,Accounts actioned due to (local) law violations,half-year,Jan-Jun 2025,all,all,all,all,country_name,Chad,0.0,,
,LIGR,GRFCR,Accounts not actioned,half-year,Jan-Jun 2025,all,all,all,all,country_name,Chad,5.0,,
,LIGR,GRFCR,Removal rate,half-year,Jan-Jun 2025,all,all,all,all,country_name,Chad,0.125,,
,LIGR,GRFCR,Total requests received,half-year,Jan-Jun 2025,all,all,all,all,country_name,Croatia,2.0,,
,LIGR,GRFCR,Total content received,half-year,Jan-Jun 2025,all,all,all,all,country_name,Croatia,12.0,,
,LIGR,GRFCR,Content actioned due to community guidelines violations,half-year,Jan-Jun 2025,all,all,all,all,country_name,Croatia,12.0,,
,LIGR,GRFCR,Content actioned due to (local) law violations,half-year,Jan-Jun 2025,all,all,all,all,country_name,Croatia,0.0,,
,LIGR,GRFCR,Content not actioned,half-year,Jan-Jun 2025,all,all,all,all,country_name,Croatia,0.0,,
,LIGR,GRFCR,Total accounts received,half-year,Jan-Jun 2025,all,all,all,all,country_name,Croatia,1.0,,
,LIGR,GRFCR,Accounts actioned due to community guidelines violations,half-year,Jan-Jun 2025,all,all,all,all,country_name,Croatia,0.0,,
,LIGR,GRFCR,Accounts actioned due to (local) law violations,half-year,Jan-Jun 2025,all,all,all,all,country_name,Croatia,0.0,,
,LIGR,GRFCR,Accounts not actioned,half-year,Jan-Jun 2025,all,all,all,all,country_name,Croatia,1.0,,
,LIGR,GRFCR,Removal rate,half-year,Jan-Jun 2025,all,all,all,all,country_name,Croatia,0.923,,
,LIGR,GRFCR,Total requests received,half-year,Jan-Jun 2025,all,all,all,all,country_name,Cote d’Ivoire,15.0,,
,LIGR,GRFCR,Total content received,half-year,Jan-Jun 2025,all,all,all,all,country_name,Cote d’Ivoire,23.0,,
,LIGR,GRFCR,Content actioned due to community guidelines violations,half-year,Jan-Jun 2025,all,all,all,all,country_name,Cote d’Ivoire,17.0,,
,LIGR,GRFCR,Content actioned due to (local) law violations,half-year,Jan-Jun 2025,all,all,all,all,country_name,Cote d’Ivoire,4.0,,
,LIGR,GRFCR,Content not actioned,half-year,Jan-Jun 2025,all,all,all,all,country_name,Cote d’Ivoire,2.0,,
,LIGR,GRFCR,Total accounts received,half-year,Jan-Jun 2025,all,all,all,all,country_name,Cote d’Ivoire,11.0,,
,LIGR,GRFCR,Accounts actioned due to community guidelines violations,half-year,Jan-Jun 2025,all,all,all,all,country_name,Cote d’Ivoire,4.0,,
,LIGR,GRFCR,Accounts actioned due to (local) law violations,half-year,Jan-Jun 2025,all,all,all,all,country_name,Cote d’Ivoire,0.0,,
,LIGR,GRFCR,Accounts not actioned,half-year,Jan-Jun 2025,all,all,all,all,country_name,Cote d’Ivoire,7.0,,
,LIGR,GRFCR,Removal rate,half-year,Jan-Jun 2025,all,all,all,all,country_name,Cote d’Ivoire,0.735,,
,LIGR,GRFCR,Total requests received,half-year,Jan-Jun 2025,all,all,all,all,country_name,Democratic Republic of Congo,181.0,,
,LIGR,GRFCR,Total content received,half-year,Jan-Jun 2025,all,all,all,all,country_name,Democratic Republic of Congo,318.0,,
,LIGR,GRFCR,Content actioned due to community guidelines violations,half-year,Jan-Jun 2025,all,all,all,all,country_name,Democratic Republic of Congo,53.0,,
,LIGR,GRFCR,Content actioned due to (local) law violations,half-year,Jan-Jun 2025,all,all,all,all,country_name,Democratic Republic of Congo,252.0,,
,LIGR,GRFCR,Content not actioned,half-year,Jan-Jun 2025,all,all,all,all,country_name,Democratic Republic of Congo,13.0,,
,LIGR,GRFCR,Total accounts received,half-year,Jan-Jun 2025,all,all,all,all,country_name,Democratic Republic of Congo,29.0,,
,LIGR,GRFCR,Accounts actioned due to community guidelines violations,half-year,Jan-Jun 2025,all,all,all,all,country_name,Democratic Republic of Congo,7.0,,
,LIGR,GRFCR,Accounts actioned due to (local) law violations,half-year,Jan-Jun 2025,all,all,all,all,country_name,Democratic Republic of Congo,11.0,,
,LIGR,GRFCR,Accounts not actioned,half-year,Jan-Jun 2025,all,all,all,all,country_name,Democratic Republic of Congo,11.0,,
,LIGR,GRFCR,Removal rate,half-year,Jan-Jun 2025,all,all,all,all,country_name,Democratic Republic of Congo,0.931,,
,LIGR,GRFCR,Total requests received,half-year,Jan-Jun 2025,all,all,all,all,country_name,Denmark,5.0,,
,LIGR,GRFCR,Total content received,half-year,Jan-Jun 2025,all,all,all,all,country_name,Denmark,74.0,,
,LIGR,GRFCR,Content actioned due to community guidelines violations,half-year,Jan-Jun 2025,all,all,all,all,country_name,Denmark,67.0,,
,LIGR,GRFCR,Content actioned due to (local) law violations,half-year,Jan-Jun 2025,all,all,all,all,country_name,Denmark,0.0,,
,LIGR,GRFCR,Content not actioned,half-year,Jan-Jun 2025,all,all,all,all,country_name,Denmark,7.0,,
,LIGR,GRFCR,Total accounts received,half-year,Jan-Jun 2025,all,all,all,all,country_name,Denmark,1.0,,
,LIGR,GRFCR,Accounts actioned due to community guidelines violations,half-year,Jan-Jun 2025,all,all,all,all,country_name,Denmark,0.0,,
,LIGR,GRFCR,Accounts actioned due to (local) law violations,half-year,Jan-Jun 2025,all,all,all,all,country_name,Denmark,0.0,,
,LIGR,GRFCR,Accounts not actioned,half-year,Jan-Jun 2025,all,all,all,all,country_name,Denmark,1.0,,
,LIGR,GRFCR,Removal rate,half-year,Jan-Jun 2025,all,all,all,all,country_name,Denmark,0.893,,
,LIGR,GRFCR,Total requests received,half-year,Jan-Jun 2025,all,all,all,all,country_name,Egypt,75.0,,
,LIGR,GRFCR,Total content received,half-year,Jan-Jun 2025,all,all,all,all,country_name,Egypt,109.0,,
,LIGR,GRFCR,Content actioned due to community guidelines violations,half-year,Jan-Jun 2025,all,all,all,all,country_name,Egypt,41.0,,
,LIGR,GRFCR,Content actioned due to (local) law violations,half-year,Jan-Jun 2025,all,all,all,all,country_name,Egypt,40.0,,
,LIGR,GRFCR,Content not actioned,half-year,Jan-Jun 2025,all,all,all,all,country_name,Egypt,28.0,,
,LIGR,GRFCR,Total accounts received,half-year,Jan-Jun 2025,all,all,all,all,country_name,Egypt,9.0,,
,LIGR,GRFCR,Accounts actioned due to community guidelines violations,half-year,Jan-Jun 2025,all,all,all,all,country_name,Egypt,5.0,,
,LIGR,GRFCR,Accounts actioned due to (local) law violations,half-year,Jan-Jun 2025,all,all,all,all,country_name,Egypt,1.0,,
,LIGR,GRFCR,Accounts not actioned,half-year,Jan-Jun 2025,all,all,all,all,country_name,Egypt,3.0,,
,LIGR,GRFCR,Removal rate,half-year,Jan-Jun 2025,all,all,all,all,country_name,Egypt,0.737,,
,LIGR,GRFCR,Total requests received,half-year,Jan-Jun 2025,all,all,all,all,country_name,Estonia,1.0,,
,LIGR,GRFCR,Total content received,half-year,Jan-Jun 2025,all,all,all,all,country_name,Estonia,16.0,,
,LIGR,GRFCR,Content actioned due to community guidelines violations,half-year,Jan-Jun 2025,all,all,all,all,country_name,Estonia,16.0,,
,LIGR,GRFCR,Content actioned due to (local) law violations,half-year,Jan-Jun 2025,all,all,all,all,country_name,Estonia,0.0,,
,LIGR,GRFCR,Content not actioned,half-year,Jan-Jun 2025,all,all,all,all,country_name,Estonia,0.0,,
,LIGR,GRFCR,Total accounts received,half-year,Jan-Jun 2025,all,all,all,all,country_name,Estonia,0.0,,
,LIGR,GRFCR,Accounts actioned due to community guidelines violations,half-year,Jan-Jun 2025,all,all,all,all,country_name,Estonia,0.0,,
,LIGR,GRFCR,Accounts actioned due to (local) law violations,half-year,Jan-Jun 2025,all,all,all,all,country_name,Estonia,0.0,,
,LIGR,GRFCR,Accounts not actioned,half-year,Jan-Jun 2025,all,all,all,all,country_name,Estonia,0.0,,
,LIGR,GRFCR,Removal rate,half-year,Jan-Jun 2025,all,all,all,all,country_name,Estonia,1.0,,
,LIGR,GRFCR,Total requests received,half-year,Jan-Jun 2025,all,all,all,all,country_name,Ethiopia,3.0,,
,LIGR,GRFCR,Total content received,half-year,Jan-Jun 2025,all,all,all,all,country_name,Ethiopia,21.0,,
,LIGR,GRFCR,Content actioned due to community guidelines violations,half-year,Jan-Jun 2025,all,all,all,all,country_name,Ethiopia,10.0,,
,LIGR,GRFCR,Content actioned due to (local) law violations,half-year,Jan-Jun 2025,all,all,all,all,country_name,Ethiopia,1.0,,
,LIGR,GRFCR,Content not actioned,half-year,Jan-Jun 2025,all,all,all,all,country_name,Ethiopia,10.0,,
,LIGR,GRFCR,Total accounts received,half-year,Jan-Jun 2025,all,all,all,all,country_name,Ethiopia,20.0,,
,LIGR,GRFCR,Accounts actioned due to community guidelines violations,half-year,Jan-Jun 2025,all,all,all,all,country_name,Ethiopia,0.0,,
,LIGR,GRFCR,Accounts actioned due to (local) law violations,half-year,Jan-Jun 2025,all,all,all,all,country_name,Ethiopia,0.0,,
,LIGR,GRFCR,Accounts not actioned,half-year,Jan-Jun 2025,all,all,all,all,country_name,Ethiopia,20.0,,
,LIGR,GRFCR,Removal rate,half-year,Jan-Jun 2025,all,all,all,all,country_name,Ethiopia,0.268,,
,LIGR,GRFCR,Total requests received,half-year,Jan-Jun 2025,all,all,all,all,country_name,Fiji,44.0,,
,LIGR,GRFCR,Total content received,half-year,Jan-Jun 2025,all,all,all,all,country_name,Fiji,19.0,,
,LIGR,GRFCR,Content actioned due to community guidelines violations,half-year,Jan-Jun 2025,all,all,all,all,country_name,Fiji,13.0,,
,LIGR,GRFCR,Content actioned due to (local) law violations,half-year,Jan-Jun 2025,all,all,all,all,country_name,Fiji,0.0,,
,LIGR,GRFCR,Content not actioned,half-year,Jan-Jun 2025,all,all,all,all,country_name,Fiji,6.0,,
,LIGR,GRFCR,Total accounts received,half-year,Jan-Jun 2025,all,all,all,all,country_name,Fiji,45.0,,
,LIGR,GRFCR,Accounts actioned due to community guidelines violations,half-year,Jan-Jun 2025,all,all,all,all,country_name,Fiji,22.0,,
,LIGR,GRFCR,Accounts actioned due to (local) law violations,half-year,Jan-Jun 2025,all,all,all,all,country_name,Fiji,0.0,,
,LIGR,GRFCR,Accounts not actioned,half-year,Jan-Jun 2025,all,all,all,all,country_name,Fiji,23.0,,
,LIGR,GRFCR,Removal rate,half-year,Jan-Jun 2025,all,all,all,all,country_name,Fiji,0.547,,
,LIGR,GRFCR,Total requests received,half-year,Jan-Jun 2025,all,all,all,all,country_name,Finland,1.0,,
,LIGR,GRFCR,Total content received,half-year,Jan-Jun 2025,all,all,all,all,country_name,Finland,1.0,,
,LIGR,GRFCR,Content actioned due to community guidelines violations,half-year,Jan-Jun 2025,all,all,all,all,country_name,Finland,0.0,,
,LIGR,GRFCR,Content actioned due to (local) law violations,half-year,Jan-Jun 2025,all,all,all,all,country_name,Finland,1.0,,
,LIGR,GRFCR,Content not actioned,half-year,Jan-Jun 2025,all,all,all,all,country_name,Finland,0.0,,
,LIGR,GRFCR,Total accounts received,half-year,Jan-Jun 2025,all,all,all,all,country_name,Finland,0.0,,
,LIGR,GRFCR,Accounts actioned due to community guidelines violations,half-year,Jan-Jun 2025,all,all,all,all,country_name,Finland,0.0,,
,LIGR,GRFCR,Accounts actioned due to (local) law violations,half-year,Jan-Jun 2025,all,all,all,all,country_name,Finland,0.0,,
,LIGR,GRFCR,Accounts not actioned,half-year,Jan-Jun 2025,all,all,all,all,country_name,Finland,0.0,,
,LIGR,GRFCR,Removal rate,half-year,Jan-Jun 2025,all,all,all,all,country_name,Finland,1.0,,
,LIGR,GRFCR,Total requests received,half-year,Jan-Jun 2025,all,all,all,all,country_name,France,167.0,,
,LIGR,GRFCR,Total content received,half-year,Jan-Jun 2025,all,all,all,all,country_name,France,541.0,,
,LIGR,GRFCR,Content actioned due to community guidelines violations,half-year,Jan-Jun 2025,all,all,all,all,country_name,France,465.0,,
,LIGR,GRFCR,Content actioned due to (local) law violations,half-year,Jan-Jun 2025,all,all,all,all,country_name,France,47.0,,
,LIGR,GRFCR,Content not actioned,half-year,Jan-Jun 2025,all,all,all,all,country_name,France,29.0,,
,LIGR,GRFCR,Total accounts received,half-year,Jan-Jun 2025,all,all,all,all,country_name,France,279.0,,
,LIGR,GRFCR,Accounts actioned due to community guidelines violations,half-year,Jan-Jun 2025,all,all,all,all,country_name,France,142.0,,
,LIGR,GRFCR,Accounts actioned due to (local) law violations,half-year,Jan-Jun 2025,all,all,all,all,country_name,France,36.0,,
,LIGR,GRFCR,Accounts not actioned,half-year,Jan-Jun 2025,all,all,all,all,country_name,France,101.0,,
,LIGR,GRFCR,Removal rate,half-year,Jan-Jun 2025,all,all,all,all,country_name,France,0.841,,
,LIGR,GRFCR,Total requests received,half-year,Jan-Jun 2025,all,all,all,all,country_name,Germany,255.0,,
,LIGR,GRFCR,Total content received,half-year,Jan-Jun 2025,all,all,all,all,country_name,Germany,3659.0,,
,LIGR,GRFCR,Content actioned due to community guidelines violations,half-year,Jan-Jun 2025,all,all,all,all,country_name,Germany,3409.0,,
,LIGR,GRFCR,Content actioned due to (local) law violations,half-year,Jan-Jun 2025,all,all,all,all,country_name,Germany,3.0,,
,LIGR,GRFCR,Content not actioned,half-year,Jan-Jun 2025,all,all,all,all,country_name,Germany,247.0,,
,LIGR,GRFCR,Total accounts received,half-year,Jan-Jun 2025,all,all,all,all,country_name,Germany,781.0,,
,LIGR,GRFCR,Accounts actioned due to community guidelines violations,half-year,Jan-Jun 2025,all,all,all,all,country_name,Germany,186.0,,
,LIGR,GRFCR,Accounts actioned due to (local) law violations,half-year,Jan-Jun 2025,all,all,all,all,country_name,Germany,8.0,,
,LIGR,GRFCR,Accounts not actioned,half-year,Jan-Jun 2025,all,all,all,all,country_name,Germany,587.0,,
,LIGR,GRFCR,Removal rate,half-year,Jan-Jun 2025,all,all,all,all,country_name,Germany,0.812,,
,LIGR,GRFCR,Total requests received,half-year,Jan-Jun 2025,all,all,all,all,country_name,Ghana,13.0,,
,LIGR,GRFCR,Total content received,half-year,Jan-Jun 2025,all,all,all,all,country_name,Ghana,0.0,,
,LIGR,GRFCR,Content actioned due to community guidelines violations,half-year,Jan-Jun 2025,all,all,all,all,country_name,Ghana,0.0,,
,LIGR,GRFCR,Content actioned due to (local) law violations,half-year,Jan-Jun 2025,all,all,all,all,country_name,Ghana,0.0,,
,LIGR,GRFCR,Content not actioned,half-year,Jan-Jun 2025,all,all,all,all,country_name,Ghana,0.0,,
,LIGR,GRFCR,Total accounts received,half-year,Jan-Jun 2025,all,all,all,all,country_name,Ghana,16.0,,
,LIGR,GRFCR,Accounts actioned due to community guidelines violations,half-year,Jan-Jun 2025,all,all,all,all,country_name,Ghana,12.0,,
,LIGR,GRFCR,Accounts actioned due to (local) law violations,half-year,Jan-Jun 2025,all,all,all,all,country_name,Ghana,0.0,,
,LIGR,GRFCR,Accounts not actioned,half-year,Jan-Jun 2025,all,all,all,all,country_name,Ghana,4.0,,
,LIGR,GRFCR,Removal rate,half-year,Jan-Jun 2025,all,all,all,all,country_name,Ghana,0.75,,
,LIGR,GRFCR,Total requests received,half-year,Jan-Jun 2025,all,all,all,all,country_name,Guatemala,1.0,,
,LIGR,GRFCR,Total content received,half-year,Jan-Jun 2025,all,all,all,all,country_name,Guatemala,0.0,,
,LIGR,GRFCR,Content actioned due to community guidelines violations,half-year,Jan-Jun 2025,all,all,all,all,country_name,Guatemala,0.0,,
,LIGR,GRFCR,Content actioned due to (local) law violations,half-year,Jan-Jun 2025,all,all,all,all,country_name,Guatemala,0.0,,
,LIGR,GRFCR,Content not actioned,half-year,Jan-Jun 2025,all,all,all,all,country_name,Guatemala,0.0,,
,LIGR,GRFCR,Total accounts received,half-year,Jan-Jun 2025,all,all,all,all,country_name,Guatemala,1.0,,
,LIGR,GRFCR,Accounts actioned due to community guidelines violations,half-year,Jan-Jun 2025,all,all,all,all,country_name,Guatemala,0.0,,
,LIGR,GRFCR,Accounts actioned due to (local) law violations,half-year,Jan-Jun 2025,all,all,all,all,country_name,Guatemala,0.0,,
,LIGR,GRFCR,Accounts not actioned,half-year,Jan-Jun 2025,all,all,all,all,country_name,Guatemala,1.0,,
,LIGR,GRFCR,Removal rate,half-year,Jan-Jun 2025,all,all,all,all,country_name,Guatemala,0.0,,
,LIGR,GRFCR,Total requests received,half-year,Jan-Jun 2025,all,all,all,all,country_name,Hungary,15.0,,
,LIGR,GRFCR,Total content received,half-year,Jan-Jun 2025,all,all,all,all,country_name,Hungary,9.0,,
,LIGR,GRFCR,Content actioned due to community guidelines violations,half-year,Jan-Jun 2025,all,all,all,all,country_name,Hungary,7.0,,
,LIGR,GRFCR,Content actioned due to (local) law violations,half-year,Jan-Jun 2025,all,all,all,all,country_name,Hungary,0.0,,
,LIGR,GRFCR,Content not actioned,half-year,Jan-Jun 2025,all,all,all,all,country_name,Hungary,2.0,,
,LIGR,GRFCR,Total accounts received,half-year,Jan-Jun 2025,all,all,all,all,country_name,Hungary,3.0,,
,LIGR,GRFCR,Accounts actioned due to community guidelines violations,half-year,Jan-Jun 2025,all,all,all,all,country_name,Hungary,1.0,,
,LIGR,GRFCR,Accounts actioned due to (local) law violations,half-year,Jan-Jun 2025,all,all,all,all,country_name,Hungary,0.0,,
,LIGR,GRFCR,Accounts not actioned,half-year,Jan-Jun 2025,all,all,all,all,country_name,Hungary,2.0,,
,LIGR,GRFCR,Removal rate,half-year,Jan-Jun 2025,all,all,all,all,country_name,Hungary,0.667,,
,LIGR,GRFCR,Total requests received,half-year,Jan-Jun 2025,all,all,all,all,country_name,Indonesia,515.0,,
,LIGR,GRFCR,Total content received,half-year,Jan-Jun 2025,all,all,all,all,country_name,Indonesia,1625.0,,
,LIGR,GRFCR,Content actioned due to community guidelines violations,half-year,Jan-Jun 2025,all,all,all,all,country_name,Indonesia,566.0,,
,LIGR,GRFCR,Content actioned due to (local) law violations,half-year,Jan-Jun 2025,all,all,all,all,country_name,Indonesia,615.0,,
,LIGR,GRFCR,Content not actioned,half-year,Jan-Jun 2025,all,all,all,all,country_name,Indonesia,444.0,,
,LIGR,GRFCR,Total accounts received,half-year,Jan-Jun 2025,all,all,all,all,country_name,Indonesia,1367.0,,
,LIGR,GRFCR,Accounts actioned due to community guidelines violations,half-year,Jan-Jun 2025,all,all,all,all,country_name,Indonesia,627.0,,
,LIGR,GRFCR,Accounts actioned due to (local) law violations,half-year,Jan-Jun 2025,all,all,all,all,country_name,Indonesia,593.0,,
,LIGR,GRFCR,Accounts not actioned,half-year,Jan-Jun 2025,all,all,all,all,country_name,Indonesia,147.0,,
,LIGR,GRFCR,Removal rate,half-year,Jan-Jun 2025,all,all,all,all,country_name,Indonesia,0.802,,
,LIGR,GRFCR,Total requests received,half-year,Jan-Jun 2025,all,all,all,all,country_name,Iraq,174.0,,
,LIGR,GRFCR,Total content received,half-year,Jan-Jun 2025,all,all,all,all,country_name,Iraq,654.0,,
,LIGR,GRFCR,Content actioned due to community guidelines violations,half-year,Jan-Jun 2025,all,all,all,all,country_name,Iraq,254.0,,
,LIGR,GRFCR,Content actioned due to (local) law violations,half-year,Jan-Jun 2025,all,all,all,all,country_name,Iraq,329.0,,
,LIGR,GRFCR,Content not actioned,half-year,Jan-Jun 2025,all,all,all,all,country_name,Iraq,71.0,,
,LIGR,GRFCR,Total accounts received,half-year,Jan-Jun 2025,all,all,all,all,country_name,Iraq,319.0,,
,LIGR,GRFCR,Accounts actioned due to community guidelines violations,half-year,Jan-Jun 2025,all,all,all,all,country_name,Iraq,71.0,,
,LIGR,GRFCR,Accounts actioned due to (local) law violations,half-year,Jan-Jun 2025,all,all,all,all,country_name,Iraq,147.0,,
,LIGR,GRFCR,Accounts not actioned,half-year,Jan-Jun 2025,all,all,all,all,country_name,Iraq,101.0,,
,LIGR,GRFCR,Removal rate,half-year,Jan-Jun 2025,all,all,all,all,country_name,Iraq,0.823,,
,LIGR,GRFCR,Total requests received,half-year,Jan-Jun 2025,all,all,all,all,country_name,Ireland,18.0,,
,LIGR,GRFCR,Total content received,half-year,Jan-Jun 2025,all,all,all,all,country_name,Ireland,40.0,,
,LIGR,GRFCR,Content actioned due to community guidelines violations,half-year,Jan-Jun 2025,all,all,all,all,country_name,Ireland,23.0,,
,LIGR,GRFCR,Content actioned due to (local) law violations,half-year,Jan-Jun 2025,all,all,all,all,country_name,Ireland,6.0,,
,LIGR,GRFCR,Content not actioned,half-year,Jan-Jun 2025,all,all,all,all,country_name,Ireland,11.0,,
,LIGR,GRFCR,Total accounts received,half-year,Jan-Jun 2025,all,all,all,all,country_name,Ireland,21.0,,
,LIGR,GRFCR,Accounts actioned due to community guidelines violations,half-year,Jan-Jun 2025,all,all,all,all,country_name,Ireland,18.0,,
,LIGR,GRFCR,Accounts actioned due to (local) law violations,half-year,Jan-Jun 2025,all,all,all,all,country_name,Ireland,0.0,,
,LIGR,GRFCR,Accounts not actioned,half-year,Jan-Jun 2025,all,all,all,all,country_name,Ireland,3.0,,
,LIGR,GRFCR,Removal rate,half-year,Jan-Jun 2025,all,all,all,all,country_name,Ireland,0.77,,
,LIGR,GRFCR,Total requests received,half-year,Jan-Jun 2025,all,all,all,all,country_name,Israel,126.0,,
,LIGR,GRFCR,Total content received,half-year,Jan-Jun 2025,all,all,all,all,country_name,Israel,4880.0,,
,LIGR,GRFCR,Content actioned due to community guidelines violations,half-year,Jan-Jun 2025,all,all,all,all,country_name,Israel,4577.0,,
,LIGR,GRFCR,Content actioned due to (local) law violations,half-year,Jan-Jun 2025,all,all,all,all,country_name,Israel,111.0,,
,LIGR,GRFCR,Content not actioned,half-year,Jan-Jun 2025,all,all,all,all,country_name,Israel,192.0,,
,LIGR,GRFCR,Total accounts received,half-year,Jan-Jun 2025,all,all,all,all,country_name,Israel,122.0,,
,LIGR,GRFCR,Accounts actioned due to community guidelines violations,half-year,Jan-Jun 2025,all,all,all,all,country_name,Israel,61.0,,
,LIGR,GRFCR,Accounts actioned due to (local) law violations,half-year,Jan-Jun 2025,all,all,all,all,country_name,Israel,1.0,,
,LIGR,GRFCR,Accounts not actioned,half-year,Jan-Jun 2025,all,all,all,all,country_name,Israel,60.0,,
,LIGR,GRFCR,Removal rate,half-year,Jan-Jun 2025,all,all,all,all,country_name,Israel,0.95,,
,LIGR,GRFCR,Total requests received,half-year,Jan-Jun 2025,all,all,all,all,country_name,Italy,10.0,,
,LIGR,GRFCR,Total content received,half-year,Jan-Jun 2025,all,all,all,all,country_name,Italy,0.0,,
,LIGR,GRFCR,Content actioned due to community guidelines violations,half-year,Jan-Jun 2025,all,all,all,all,country_name,Italy,0.0,,
,LIGR,GRFCR,Content actioned due to (local) law violations,half-year,Jan-Jun 2025,all,all,all,all,country_name,Italy,0.0,,
,LIGR,GRFCR,Content not actioned,half-year,Jan-Jun 2025,all,all,all,all,country_name,Italy,0.0,,
,LIGR,GRFCR,Total accounts received,half-year,Jan-Jun 2025,all,all,all,all,country_name,Italy,1.0,,
,LIGR,GRFCR,Accounts actioned due to community guidelines violations,half-year,Jan-Jun 2025,all,all,all,all,country_name,Italy,1.0,,
,LIGR,GRFCR,Accounts actioned due to (local) law violations,half-year,Jan-Jun 2025,all,all,all,all,country_name,Italy,0.0,,
,LIGR,GRFCR,Accounts not actioned,half-year,Jan-Jun 2025,all,all,all,all,country_name,Italy,0.0,,
,LIGR,GRFCR,Removal rate,half-year,Jan-Jun 2025,all,all,all,all,country_name,Italy,1.0,,
,LIGR,GRFCR,Total requests received,half-year,Jan-Jun 2025,all,all,all,all,country_name,Japan,8.0,,
,LIGR,GRFCR,Total content received,half-year,Jan-Jun 2025,all,all,all,all,country_name,Japan,11.0,,
,LIGR,GRFCR,Content actioned due to community guidelines violations,half-year,Jan-Jun 2025,all,all,all,all,country_name,Japan,9.0,,
,LIGR,GRFCR,Content actioned due to (local) law violations,half-year,Jan-Jun 2025,all,all,all,all,country_name,Japan,2.0,,
,LIGR,GRFCR,Content not actioned,half-year,Jan-Jun 2025,all,all,all,all,country_name,Japan,0.0,,
,LIGR,GRFCR,Total accounts received,half-year,Jan-Jun 2025,all,all,all,all,country_name,Japan,4.0,,
,LIGR,GRFCR,Accounts actioned due to community guidelines violations,half-year,Jan-Jun 2025,all,all,all,all,country_name,Japan,0.0,,
,LIGR,GRFCR,Accounts actioned due to (local) law violations,half-year,Jan-Jun 2025,all,all,all,all,country_name,Japan,1.0,,
,LIGR,GRFCR,Accounts not actioned,half-year,Jan-Jun 2025,all,all,all,all,country_name,Japan,3.0,,
,LIGR,GRFCR,Removal rate,half-year,Jan-Jun 2025,all,all,all,all,country_name,Japan,0.8,,
,LIGR,GRFCR,Total requests received,half-year,Jan-Jun 2025,all,all,all,all,country_name,Jordan,19.0,,
,LIGR,GRFCR,Total content received,half-year,Jan-Jun 2025,all,all,all,all,country_name,Jordan,21.0,,
,LIGR,GRFCR,Content actioned due to community guidelines violations,half-year,Jan-Jun 2025,all,all,all,all,country_name,Jordan,21.0,,
,LIGR,GRFCR,Content actioned due to (local) law violations,half-year,Jan-Jun 2025,all,all,all,all,country_name,Jordan,0.0,,
,LIGR,GRFCR,Content not actioned,half-year,Jan-Jun 2025,all,all,all,all,country_name,Jordan,0.0,,
,LIGR,GRFCR,Total accounts received,half-year,Jan-Jun 2025,all,all,all,all,country_name,Jordan,42.0,,
,LIGR,GRFCR,Accounts actioned due to community guidelines violations,half-year,Jan-Jun 2025,all,all,all,all,country_name,Jordan,37.0,,
,LIGR,GRFCR,Accounts actioned due to (local) law violations,half-year,Jan-Jun 2025,all,all,all,all,country_name,Jordan,1.0,,
,LIGR,GRFCR,Accounts not actioned,half-year,Jan-Jun 2025,all,all,all,all,country_name,Jordan,4.0,,
,LIGR,GRFCR,Removal rate,half-year,Jan-Jun 2025,all,all,all,all,country_name,Jordan,0.937,,
,LIGR,GRFCR,Total requests received,half-year,Jan-Jun 2025,all,all,all,all,country_name,Kazakhstan,418.0,,
,LIGR,GRFCR,Total content received,half-year,Jan-Jun 2025,all,all,all,all,country_name,Kazakhstan,6070.0,,
,LIGR,GRFCR,Content actioned due to community guidelines violations,half-year,Jan-Jun 2025,all,all,all,all,country_name,Kazakhstan,2070.0,,
,LIGR,GRFCR,Content actioned due to (local) law violations,half-year,Jan-Jun 2025,all,all,all,all,country_name,Kazakhstan,258.0,,
,LIGR,GRFCR,Content not actioned,half-year,Jan-Jun 2025,all,all,all,all,country_name,Kazakhstan,3742.0,,
,LIGR,GRFCR,Total accounts received,half-year,Jan-Jun 2025,all,all,all,all,country_name,Kazakhstan,556.0,,
,LIGR,GRFCR,Accounts actioned due to community guidelines violations,half-year,Jan-Jun 2025,all,all,all,all,country_name,Kazakhstan,281.0,,
,LIGR,GRFCR,Accounts actioned due to (local) law violations,half-year,Jan-Jun 2025,all,all,all,all,country_name,Kazakhstan,5.0,,
,LIGR,GRFCR,Accounts not actioned,half-year,Jan-Jun 2025,all,all,all,all,country_name,Kazakhstan,270.0,,
,LIGR,GRFCR,Removal rate,half-year,Jan-Jun 2025,all,all,all,all,country_name,Kazakhstan,0.395,,
,LIGR,GRFCR,Total requests received,half-year,Jan-Jun 2025,all,all,all,all,country_name,Kenya,9.0,,
,LIGR,GRFCR,Total content received,half-year,Jan-Jun 2025,all,all,all,all,country_name,Kenya,6.0,,
,LIGR,GRFCR,Content actioned due to community guidelines violations,half-year,Jan-Jun 2025,all,all,all,all,country_name,Kenya,0.0,,
,LIGR,GRFCR,Content actioned due to (local) law violations,half-year,Jan-Jun 2025,all,all,all,all,country_name,Kenya,0.0,,
,LIGR,GRFCR,Content not actioned,half-year,Jan-Jun 2025,all,all,all,all,country_name,Kenya,6.0,,
,LIGR,GRFCR,Total accounts received,half-year,Jan-Jun 2025,all,all,all,all,country_name,Kenya,17.0,,
,LIGR,GRFCR,Accounts actioned due to community guidelines violations,half-year,Jan-Jun 2025,all,all,all,all,country_name,Kenya,3.0,,
,LIGR,GRFCR,Accounts actioned due to (local) law violations,half-year,Jan-Jun 2025,all,all,all,all,country_name,Kenya,0.0,,
,LIGR,GRFCR,Accounts not actioned,half-year,Jan-Jun 2025,all,all,all,all,country_name,Kenya,14.0,,
,LIGR,GRFCR,Removal rate,half-year,Jan-Jun 2025,all,all,all,all,country_name,Kenya,0.13,,
,LIGR,GRFCR,Total requests received,half-year,Jan-Jun 2025,all,all,all,all,country_name,Kosovo,1.0,,
,LIGR,GRFCR,Total content received,half-year,Jan-Jun 2025,all,all,all,all,country_name,Kosovo,2.0,,
,LIGR,GRFCR,Content actioned due to community guidelines violations,half-year,Jan-Jun 2025,all,all,all,all,country_name,Kosovo,0.0,,
,LIGR,GRFCR,Content actioned due to (local) law violations,half-year,Jan-Jun 2025,all,all,all,all,country_name,Kosovo,0.0,,
,LIGR,GRFCR,Content not actioned,half-year,Jan-Jun 2025,all,all,all,all,country_name,Kosovo,2.0,,
,LIGR,GRFCR,Total accounts received,half-year,Jan-Jun 2025,all,all,all,all,country_name,Kosovo,0.0,,
,LIGR,GRFCR,Accounts actioned due to community guidelines violations,half-year,Jan-Jun 2025,all,all,all,all,country_name,Kosovo,0.0,,
,LIGR,GRFCR,Accounts actioned due to (local) law violations,half-year,Jan-Jun 2025,all,all,all,all,country_name,Kosovo,0.0,,
,LIGR,GRFCR,Accounts not actioned,half-year,Jan-Jun 2025,all,all,all,all,country_name,Kosovo,0.0,,
,LIGR,GRFCR,Removal rate,half-year,Jan-Jun 2025,all,all,all,all,country_name,Kosovo,0.0,,
,LIGR,GRFCR,Total requests received,half-year,Jan-Jun 2025,all,all,all,all,country_name,Lebanon,1.0,,
,LIGR,GRFCR,Total content received,half-year,Jan-Jun 2025,all,all,all,all,country_name,Lebanon,0.0,,
,LIGR,GRFCR,Content actioned due to community guidelines violations,half-year,Jan-Jun 2025,all,all,all,all,country_name,Lebanon,0.0,,
,LIGR,GRFCR,Content actioned due to (local) law violations,half-year,Jan-Jun 2025,all,all,all,all,country_name,Lebanon,0.0,,
,LIGR,GRFCR,Content not actioned,half-year,Jan-Jun 2025,all,all,all,all,country_name,Lebanon,0.0,,
,LIGR,GRFCR,Total accounts received,half-year,Jan-Jun 2025,all,all,all,all,country_name,Lebanon,2.0,,
,LIGR,GRFCR,Accounts actioned due to community guidelines violations,half-year,Jan-Jun 2025,all,all,all,all,country_name,Lebanon,1.0,,
,LIGR,GRFCR,Accounts actioned due to (local) law violations,half-year,Jan-Jun 2025,all,all,all,all,country_name,Lebanon,0.0,,
,LIGR,GRFCR,Accounts not actioned,half-year,Jan-Jun 2025,all,all,all,all,country_name,Lebanon,1.0,,
,LIGR,GRFCR,Removal rate,half-year,Jan-Jun 2025,all,all,all,all,country_name,Lebanon,0.5,,
,LIGR,GRFCR,Total requests received,half-year,Jan-Jun 2025,all,all,all,all,country_name,Libya,5.0,,
,LIGR,GRFCR,Total content received,half-year,Jan-Jun 2025,all,all,all,all,country_name,Libya,0.0,,
,LIGR,GRFCR,Content actioned due to community guidelines violations,half-year,Jan-Jun 2025,all,all,all,all,country_name,Libya,0.0,,
,LIGR,GRFCR,Content actioned due to (local) law violations,half-year,Jan-Jun 2025,all,all,all,all,country_name,Libya,0.0,,
,LIGR,GRFCR,Content not actioned,half-year,Jan-Jun 2025,all,all,all,all,country_name,Libya,0.0,,
,LIGR,GRFCR,Total accounts received,half-year,Jan-Jun 2025,all,all,all,all,country_name,Libya,5.0,,
,LIGR,GRFCR,Accounts actioned due to community guidelines violations,half-year,Jan-Jun 2025,all,all,all,all,country_name,Libya,1.0,,
,LIGR,GRFCR,Accounts actioned due to (local) law violations,half-year,Jan-Jun 2025,all,all,all,all,country_name,Libya,1.0,,
,LIGR,GRFCR,Accounts not actioned,half-year,Jan-Jun 2025,all,all,all,all,country_name,Libya,3.0,,
,LIGR,GRFCR,Removal rate,half-year,Jan-Jun 2025,all,all,all,all,country_name,Libya,0.4,,
,LIGR,GRFCR,Total requests received,half-year,Jan-Jun 2025,all,all,all,all,country_name,Lithuania,3.0,,
,LIGR,GRFCR,Total content received,half-year,Jan-Jun 2025,all,all,all,all,country_name,Lithuania,1.0,,
,LIGR,GRFCR,Content actioned due to community guidelines violations,half-year,Jan-Jun 2025,all,all,all,all,country_name,Lithuania,0.0,,
,LIGR,GRFCR,Content actioned due to (local) law violations,half-year,Jan-Jun 2025,all,all,all,all,country_name,Lithuania,0.0,,
,LIGR,GRFCR,Content not actioned,half-year,Jan-Jun 2025,all,all,all,all,country_name,Lithuania,1.0,,
,LIGR,GRFCR,Total accounts received,half-year,Jan-Jun 2025,all,all,all,all,country_name,Lithuania,3.0,,
,LIGR,GRFCR,Accounts actioned due to community guidelines violations,half-year,Jan-Jun 2025,all,all,all,all,country_name,Lithuania,0.0,,
,LIGR,GRFCR,Accounts actioned due to (local) law violations,half-year,Jan-Jun 2025,all,all,all,all,country_name,Lithuania,1.0,,
,LIGR,GRFCR,Accounts not actioned,half-year,Jan-Jun 2025,all,all,all,all,country_name,Lithuania,2.0,,
,LIGR,GRFCR,Removal rate,half-year,Jan-Jun 2025,all,all,all,all,country_name,Lithuania,0.25,,
,LIGR,GRFCR,Total requests received,half-year,Jan-Jun 2025,all,all,all,all,country_name,Malaysia,5141.0,,
,LIGR,GRFCR,Total content received,half-year,Jan-Jun 2025,all,all,all,all,country_name,Malaysia,24702.0,,
,LIGR,GRFCR,Content actioned due to community guidelines violations,half-year,Jan-Jun 2025,all,all,all,all,country_name,Malaysia,2745.0,,
,LIGR,GRFCR,Content actioned due to (local) law violations,half-year,Jan-Jun 2025,all,all,all,all,country_name,Malaysia,18608.0,,
,LIGR,GRFCR,Content not actioned,half-year,Jan-Jun 2025,all,all,all,all,country_name,Malaysia,3349.0,,
,LIGR,GRFCR,Total accounts received,half-year,Jan-Jun 2025,all,all,all,all,country_name,Malaysia,28857.0,,
,LIGR,GRFCR,Accounts actioned due to community guidelines violations,half-year,Jan-Jun 2025,all,all,all,all,country_name,Malaysia,26644.0,,
,LIGR,GRFCR,Accounts actioned due to (local) law violations,half-year,Jan-Jun 2025,all,all,all,all,country_name,Malaysia,1292.0,,
,LIGR,GRFCR,Accounts not actioned,half-year,Jan-Jun 2025,all,all,all,all,country_name,Malaysia,921.0,,
,LIGR,GRFCR,Removal rate,half-year,Jan-Jun 2025,all,all,all,all,country_name,Malaysia,0.92,,
,LIGR,GRFCR,Total requests received,half-year,Jan-Jun 2025,all,all,all,all,country_name,Mauritania,830.0,,
,LIGR,GRFCR,Total content received,half-year,Jan-Jun 2025,all,all,all,all,country_name,Mauritania,1401.0,,
,LIGR,GRFCR,Content actioned due to community guidelines violations,half-year,Jan-Jun 2025,all,all,all,all,country_name,Mauritania,519.0,,
,LIGR,GRFCR,Content actioned due to (local) law violations,half-year,Jan-Jun 2025,all,all,all,all,country_name,Mauritania,170.0,,
,LIGR,GRFCR,Content not actioned,half-year,Jan-Jun 2025,all,all,all,all,country_name,Mauritania,712.0,,
,LIGR,GRFCR,Total accounts received,half-year,Jan-Jun 2025,all,all,all,all,country_name,Mauritania,97.0,,
,LIGR,GRFCR,Accounts actioned due to community guidelines violations,half-year,Jan-Jun 2025,all,all,all,all,country_name,Mauritania,11.0,,
,LIGR,GRFCR,Accounts actioned due to (local) law violations,half-year,Jan-Jun 2025,all,all,all,all,country_name,Mauritania,23.0,,
,LIGR,GRFCR,Accounts not actioned,half-year,Jan-Jun 2025,all,all,all,all,country_name,Mauritania,63.0,,
,LIGR,GRFCR,Removal rate,half-year,Jan-Jun 2025,all,all,all,all,country_name,Mauritania,0.483,,
,LIGR,GRFCR,Total requests received,half-year,Jan-Jun 2025,all,all,all,all,country_name,Mauritius,154.0,,
,LIGR,GRFCR,Total content received,half-year,Jan-Jun 2025,all,all,all,all,country_name,Mauritius,133.0,,
,LIGR,GRFCR,Content actioned due to community guidelines violations,half-year,Jan-Jun 2025,all,all,all,all,country_name,Mauritius,83.0,,
,LIGR,GRFCR,Content actioned due to (local) law violations,half-year,Jan-Jun 2025,all,all,all,all,country_name,Mauritius,0.0,,
,LIGR,GRFCR,Content not actioned,half-year,Jan-Jun 2025,all,all,all,all,country_name,Mauritius,50.0,,
,LIGR,GRFCR,Total accounts received,half-year,Jan-Jun 2025,all,all,all,all,country_name,Mauritius,138.0,,
,LIGR,GRFCR,Accounts actioned due to community guidelines violations,half-year,Jan-Jun 2025,all,all,all,all,country_name,Mauritius,73.0,,
,LIGR,GRFCR,Accounts actioned due to (local) law violations,half-year,Jan-Jun 2025,all,all,all,all,country_name,Mauritius,0.0,,
,LIGR,GRFCR,Accounts not actioned,half-year,Jan-Jun 2025,all,all,all,all,country_name,Mauritius,65.0,,
,LIGR,GRFCR,Removal rate,half-year,Jan-Jun 2025,all,all,all,all,country_name,Mauritius,0.576,,
,LIGR,GRFCR,Total requests received,half-year,Jan-Jun 2025,all,all,all,all,country_name,Mexico,3.0,,
,LIGR,GRFCR,Total content received,half-year,Jan-Jun 2025,all,all,all,all,country_name,Mexico,6.0,,
,LIGR,GRFCR,Content actioned due to community guidelines violations,half-year,Jan-Jun 2025,all,all,all,all,country_name,Mexico,0.0,,
,LIGR,GRFCR,Content actioned due to (local) law violations,half-year,Jan-Jun 2025,all,all,all,all,country_name,Mexico,4.0,,
,LIGR,GRFCR,Content not actioned,half-year,Jan-Jun 2025,all,all,all,all,country_name,Mexico,2.0,,
,LIGR,GRFCR,Total accounts received,half-year,Jan-Jun 2025,all,all,all,all,country_name,Mexico,2.0,,
,LIGR,GRFCR,Accounts actioned due to community guidelines violations,half-year,Jan-Jun 2025,all,all,all,all,country_name,Mexico,1.0,,
,LIGR,GRFCR,Accounts actioned due to (local) law violations,half-year,Jan-Jun 2025,all,all,all,all,country_name,Mexico,0.0,,
,LIGR,GRFCR,Accounts not actioned,half-year,Jan-Jun 2025,all,all,all,all,country_name,Mexico,1.0,,
,LIGR,GRFCR,Removal rate,half-year,Jan-Jun 2025,all,all,all,all,country_name,Mexico,0.625,,
,LIGR,GRFCR,Total requests received,half-year,Jan-Jun 2025,all,all,all,all,country_name,Moldova,29.0,,
,LIGR,GRFCR,Total content received,half-year,Jan-Jun 2025,all,all,all,all,country_name,Moldova,13.0,,
,LIGR,GRFCR,Content actioned due to community guidelines violations,half-year,Jan-Jun 2025,all,all,all,all,country_name,Moldova,11.0,,
,LIGR,GRFCR,Content actioned due to (local) law violations,half-year,Jan-Jun 2025,all,all,all,all,country_name,Moldova,0.0,,
,LIGR,GRFCR,Content not actioned,half-year,Jan-Jun 2025,all,all,all,all,country_name,Moldova,2.0,,
,LIGR,GRFCR,Total accounts received,half-year,Jan-Jun 2025,all,all,all,all,country_name,Moldova,11.0,,
,LIGR,GRFCR,Accounts actioned due to community guidelines violations,half-year,Jan-Jun 2025,all,all,all,all,country_name,Moldova,2.0,,
,LIGR,GRFCR,Accounts actioned due to (local) law violations,half-year,Jan-Jun 2025,all,all,all,all,country_name,Moldova,0.0,,
,LIGR,GRFCR,Accounts not actioned,half-year,Jan-Jun 2025,all,all,all,all,country_name,Moldova,9.0,,
,LIGR,GRFCR,Removal rate,half-year,Jan-Jun 2025,all,all,all,all,country_name,Moldova,0.542,,
,LIGR,GRFCR,Total requests received,half-year,Jan-Jun 2025,all,all,all,all,country_name,Morocco,4.0,,
,LIGR,GRFCR,Total content received,half-year,Jan-Jun 2025,all,all,all,all,country_name,Morocco,3.0,,
,LIGR,GRFCR,Content actioned due to community guidelines violations,half-year,Jan-Jun 2025,all,all,all,all,country_name,Morocco,3.0,,
,LIGR,GRFCR,Content actioned due to (local) law violations,half-year,Jan-Jun 2025,all,all,all,all,country_name,Morocco,0.0,,
,LIGR,GRFCR,Content not actioned,half-year,Jan-Jun 2025,all,all,all,all,country_name,Morocco,0.0,,
,LIGR,GRFCR,Total accounts received,half-year,Jan-Jun 2025,all,all,all,all,country_name,Morocco,5.0,,
,LIGR,GRFCR,Accounts actioned due to community guidelines violations,half-year,Jan-Jun 2025,all,all,all,all,country_name,Morocco,2.0,,
,LIGR,GRFCR,Accounts actioned due to (local) law violations,half-year,Jan-Jun 2025,all,all,all,all,country_name,Morocco,1.0,,
,LIGR,GRFCR,Accounts not actioned,half-year,Jan-Jun 2025,all,all,all,all,country_name,Morocco,2.0,,
,LIGR,GRFCR,Removal rate,half-year,Jan-Jun 2025,all,all,all,all,country_name,Morocco,0.75,,
,LIGR,GRFCR,Total requests received,half-year,Jan-Jun 2025,all,all,all,all,country_name,Nepal,1087.0,,
,LIGR,GRFCR,Total content received,half-year,Jan-Jun 2025,all,all,all,all,country_name,Nepal,3308.0,,
,LIGR,GRFCR,Content actioned due to community guidelines violations,half-year,Jan-Jun 2025,all,all,all,all,country_name,Nepal,2399.0,,
,LIGR,GRFCR,Content actioned due to (local) law violations,half-year,Jan-Jun 2025,all,all,all,all,country_name,Nepal,226.0,,
,LIGR,GRFCR,Content not actioned,half-year,Jan-Jun 2025,all,all,all,all,country_name,Nepal,683.0,,
,LIGR,GRFCR,Total accounts received,half-year,Jan-Jun 2025,all,all,all,all,country_name,Nepal,1329.0,,
,LIGR,GRFCR,Accounts actioned due to community guidelines violations,half-year,Jan-Jun 2025,all,all,all,all,country_name,Nepal,511.0,,
,LIGR,GRFCR,Accounts actioned due to (local) law violations,half-year,Jan-Jun 2025,all,all,all,all,country_name,Nepal,44.0,,
,LIGR,GRFCR,Accounts not actioned,half-year,Jan-Jun 2025,all,all,all,all,country_name,Nepal,774.0,,
,LIGR,GRFCR,Removal rate,half-year,Jan-Jun 2025,all,all,all,all,country_name,Nepal,0.686,,
,LIGR,GRFCR,Total requests received,half-year,Jan-Jun 2025,all,all,all,all,country_name,Netherlands,13.0,,
,LIGR,GRFCR,Total content received,half-year,Jan-Jun 2025,all,all,all,all,country_name,Netherlands,13.0,,
,LIGR,GRFCR,Content actioned due to community guidelines violations,half-year,Jan-Jun 2025,all,all,all,all,country_name,Netherlands,13.0,,
,LIGR,GRFCR,Content actioned due to (local) law violations,half-year,Jan-Jun 2025,all,all,all,all,country_name,Netherlands,0.0,,
,LIGR,GRFCR,Content not actioned,half-year,Jan-Jun 2025,all,all,all,all,country_name,Netherlands,0.0,,
,LIGR,GRFCR,Total accounts received,half-year,Jan-Jun 2025,all,all,all,all,country_name,Netherlands,6.0,,
,LIGR,GRFCR,Accounts actioned due to community guidelines violations,half-year,Jan-Jun 2025,all,all,all,all,country_name,Netherlands,3.0,,
,LIGR,GRFCR,Accounts actioned due to (local) law violations,half-year,Jan-Jun 2025,all,all,all,all,country_name,Netherlands,0.0,,
,LIGR,GRFCR,Accounts not actioned,half-year,Jan-Jun 2025,all,all,all,all,country_name,Netherlands,3.0,,
,LIGR,GRFCR,Removal rate,half-year,Jan-Jun 2025,all,all,all,all,country_name,Netherlands,0.842,,
,LIGR,GRFCR,Total requests received,half-year,Jan-Jun 2025,all,all,all,all,country_name,New Zealand,186.0,,
,LIGR,GRFCR,Total content received,half-year,Jan-Jun 2025,all,all,all,all,country_name,New Zealand,118.0,,
,LIGR,GRFCR,Content actioned due to community guidelines violations,half-year,Jan-Jun 2025,all,all,all,all,country_name,New Zealand,84.0,,
,LIGR,GRFCR,Content actioned due to (local) law violations,half-year,Jan-Jun 2025,all,all,all,all,country_name,New Zealand,1.0,,
,LIGR,GRFCR,Content not actioned,half-year,Jan-Jun 2025,all,all,all,all,country_name,New Zealand,33.0,,
,LIGR,GRFCR,Total accounts received,half-year,Jan-Jun 2025,all,all,all,all,country_name,New Zealand,219.0,,
,LIGR,GRFCR,Accounts actioned due to community guidelines violations,half-year,Jan-Jun 2025,all,all,all,all,country_name,New Zealand,144.0,,
,LIGR,GRFCR,Accounts actioned due to (local) law violations,half-year,Jan-Jun 2025,all,all,all,all,country_name,New Zealand,0.0,,
,LIGR,GRFCR,Accounts not actioned,half-year,Jan-Jun 2025,all,all,all,all,country_name,New Zealand,75.0,,
,LIGR,GRFCR,Removal rate,half-year,Jan-Jun 2025,all,all,all,all,country_name,New Zealand,0.68,,
,LIGR,GRFCR,Total requests received,half-year,Jan-Jun 2025,all,all,all,all,country_name,Nigeria,23.0,,
,LIGR,GRFCR,Total content received,half-year,Jan-Jun 2025,all,all,all,all,country_name,Nigeria,11.0,,
,LIGR,GRFCR,Content actioned due to community guidelines violations,half-year,Jan-Jun 2025,all,all,all,all,country_name,Nigeria,9.0,,
,LIGR,GRFCR,Content actioned due to (local) law violations,half-year,Jan-Jun 2025,all,all,all,all,country_name,Nigeria,2.0,,
,LIGR,GRFCR,Content not actioned,half-year,Jan-Jun 2025,all,all,all,all,country_name,Nigeria,0.0,,
,LIGR,GRFCR,Total accounts received,half-year,Jan-Jun 2025,all,all,all,all,country_name,Nigeria,55.0,,
,LIGR,GRFCR,Accounts actioned due to community guidelines violations,half-year,Jan-Jun 2025,all,all,all,all,country_name,Nigeria,24.0,,
,LIGR,GRFCR,Accounts actioned due to (local) law violations,half-year,Jan-Jun 2025,all,all,all,all,country_name,Nigeria,3.0,,
,LIGR,GRFCR,Accounts not actioned,half-year,Jan-Jun 2025,all,all,all,all,country_name,Nigeria,28.0,,
,LIGR,GRFCR,Removal rate,half-year,Jan-Jun 2025,all,all,all,all,country_name,Nigeria,0.576,,
,LIGR,GRFCR,Total requests received,half-year,Jan-Jun 2025,all,all,all,all,country_name,Oman,9.0,,
,LIGR,GRFCR,Total content received,half-year,Jan-Jun 2025,all,all,all,all,country_name,Oman,22.0,,
,LIGR,GRFCR,Content actioned due to community guidelines violations,half-year,Jan-Jun 2025,all,all,all,all,country_name,Oman,2.0,,
,LIGR,GRFCR,Content actioned due to (local) law violations,half-year,Jan-Jun 2025,all,all,all,all,country_name,Oman,12.0,,
,LIGR,GRFCR,Content not actioned,half-year,Jan-Jun 2025,all,all,all,all,country_name,Oman,8.0,,
,LIGR,GRFCR,Total accounts received,half-year,Jan-Jun 2025,all,all,all,all,country_name,Oman,2.0,,
,LIGR,GRFCR,Accounts actioned due to community guidelines violations,half-year,Jan-Jun 2025,all,all,all,all,country_name,Oman,0.0,,
,LIGR,GRFCR,Accounts actioned due to (local) law violations,half-year,Jan-Jun 2025,all,all,all,all,country_name,Oman,1.0,,
,LIGR,GRFCR,Accounts not actioned,half-year,Jan-Jun 2025,all,all,all,all,country_name,Oman,1.0,,
,LIGR,GRFCR,Removal rate,half-year,Jan-Jun 2025,all,all,all,all,country_name,Oman,0.625,,
,LIGR,GRFCR,Total requests received,half-year,Jan-Jun 2025,all,all,all,all,country_name,Pakistan,602.0,,
,LIGR,GRFCR,Total content received,half-year,Jan-Jun 2025,all,all,all,all,country_name,Pakistan,10196.0,,
,LIGR,GRFCR,Content actioned due to community guidelines violations,half-year,Jan-Jun 2025,all,all,all,all,country_name,Pakistan,4589.0,,
,LIGR,GRFCR,Content actioned due to (local) law violations,half-year,Jan-Jun 2025,all,all,all,all,country_name,Pakistan,2728.0,,
,LIGR,GRFCR,Content not actioned,half-year,Jan-Jun 2025,all,all,all,all,country_name,Pakistan,2879.0,,
,LIGR,GRFCR,Total accounts received,half-year,Jan-Jun 2025,all,all,all,all,country_name,Pakistan,2821.0,,
,LIGR,GRFCR,Accounts actioned due to community guidelines violations,half-year,Jan-Jun 2025,all,all,all,all,country_name,Pakistan,548.0,,
,LIGR,GRFCR,Accounts actioned due to (local) law violations,half-year,Jan-Jun 2025,all,all,all,all,country_name,Pakistan,419.0,,
,LIGR,GRFCR,Accounts not actioned,half-year,Jan-Jun 2025,all,all,all,all,country_name,Pakistan,1854.0,,
,LIGR,GRFCR,Removal rate,half-year,Jan-Jun 2025,all,all,all,all,country_name,Pakistan,0.636,,
,LIGR,GRFCR,Total requests received,half-year,Jan-Jun 2025,all,all,all,all,country_name,Palestine,5.0,,
,LIGR,GRFCR,Total content received,half-year,Jan-Jun 2025,all,all,all,all,country_name,Palestine,0.0,,
,LIGR,GRFCR,Content actioned due to community guidelines violations,half-year,Jan-Jun 2025,all,all,all,all,country_name,Palestine,0.0,,
,LIGR,GRFCR,Content actioned due to (local) law violations,half-year,Jan-Jun 2025,all,all,all,all,country_name,Palestine,0.0,,
,LIGR,GRFCR,Content not actioned,half-year,Jan-Jun 2025,all,all,all,all,country_name,Palestine,0.0,,
,LIGR,GRFCR,Total accounts received,half-year,Jan-Jun 2025,all,all,all,all,country_name,Palestine,5.0,,
,LIGR,GRFCR,Accounts actioned due to community guidelines violations,half-year,Jan-Jun 2025,all,all,all,all,country_name,Palestine,1.0,,
,LIGR,GRFCR,Accounts actioned due to (local) law violations,half-year,Jan-Jun 2025,all,all,all,all,country_name,Palestine,0.0,,
,LIGR,GRFCR,Accounts not actioned,half-year,Jan-Jun 2025,all,all,all,all,country_name,Palestine,4.0,,
,LIGR,GRFCR,Removal rate,half-year,Jan-Jun 2025,all,all,all,all,country_name,Palestine,0.2,,
,LIGR,GRFCR,Total requests received,half-year,Jan-Jun 2025,all,all,all,all,country_name,Peru,1.0,,
,LIGR,GRFCR,Total content received,half-year,Jan-Jun 2025,all,all,all,all,country_name,Peru,0.0,,
,LIGR,GRFCR,Content actioned due to community guidelines violations,half-year,Jan-Jun 2025,all,all,all,all,country_name,Peru,0.0,,
,LIGR,GRFCR,Content actioned due to (local) law violations,half-year,Jan-Jun 2025,all,all,all,all,country_name,Peru,0.0,,
,LIGR,GRFCR,Content not actioned,half-year,Jan-Jun 2025,all,all,all,all,country_name,Peru,0.0,,
,LIGR,GRFCR,Total accounts received,half-year,Jan-Jun 2025,all,all,all,all,country_name,Peru,1.0,,
,LIGR,GRFCR,Accounts actioned due to community guidelines violations,half-year,Jan-Jun 2025,all,all,all,all,country_name,Peru,1.0,,
,LIGR,GRFCR,Accounts actioned due to (local) law violations,half-year,Jan-Jun 2025,all,all,all,all,country_name,Peru,0.0,,
,LIGR,GRFCR,Accounts not actioned,half-year,Jan-Jun 2025,all,all,all,all,country_name,Peru,0.0,,
,LIGR,GRFCR,Removal rate,half-year,Jan-Jun 2025,all,all,all,all,country_name,Peru,1.0,,
,LIGR,GRFCR,Total requests received,half-year,Jan-Jun 2025,all,all,all,all,country_name,Philippines,197.0,,
,LIGR,GRFCR,Total content received,half-year,Jan-Jun 2025,all,all,all,all,country_name,Philippines,14736.0,,
,LIGR,GRFCR,Content actioned due to community guidelines violations,half-year,Jan-Jun 2025,all,all,all,all,country_name,Philippines,12561.0,,
,LIGR,GRFCR,Content actioned due to (local) law violations,half-year,Jan-Jun 2025,all,all,all,all,country_name,Philippines,594.0,,
,LIGR,GRFCR,Content not actioned,half-year,Jan-Jun 2025,all,all,all,all,country_name,Philippines,1581.0,,
,LIGR,GRFCR,Total accounts received,half-year,Jan-Jun 2025,all,all,all,all,country_name,Philippines,49.0,,
,LIGR,GRFCR,Accounts actioned due to community guidelines violations,half-year,Jan-Jun 2025,all,all,all,all,country_name,Philippines,3.0,,
,LIGR,GRFCR,Accounts actioned due to (local) law violations,half-year,Jan-Jun 2025,all,all,all,all,country_name,Philippines,2.0,,
,LIGR,GRFCR,Accounts not actioned,half-year,Jan-Jun 2025,all,all,all,all,country_name,Philippines,44.0,,
,LIGR,GRFCR,Removal rate,half-year,Jan-Jun 2025,all,all,all,all,country_name,Philippines,0.89,,
,LIGR,GRFCR,Total requests received,half-year,Jan-Jun 2025,all,all,all,all,country_name,Poland,67.0,,
,LIGR,GRFCR,Total content received,half-year,Jan-Jun 2025,all,all,all,all,country_name,Poland,257.0,,
,LIGR,GRFCR,Content actioned due to community guidelines violations,half-year,Jan-Jun 2025,all,all,all,all,country_name,Poland,143.0,,
,LIGR,GRFCR,Content actioned due to (local) law violations,half-year,Jan-Jun 2025,all,all,all,all,country_name,Poland,75.0,,
,LIGR,GRFCR,Content not actioned,half-year,Jan-Jun 2025,all,all,all,all,country_name,Poland,39.0,,
,LIGR,GRFCR,Total accounts received,half-year,Jan-Jun 2025,all,all,all,all,country_name,Poland,325.0,,
,LIGR,GRFCR,Accounts actioned due to community guidelines violations,half-year,Jan-Jun 2025,all,all,all,all,country_name,Poland,167.0,,
,LIGR,GRFCR,Accounts actioned due to (local) law violations,half-year,Jan-Jun 2025,all,all,all,all,country_name,Poland,0.0,,
,LIGR,GRFCR,Accounts not actioned,half-year,Jan-Jun 2025,all,all,all,all,country_name,Poland,158.0,,
,LIGR,GRFCR,Removal rate,half-year,Jan-Jun 2025,all,all,all,all,country_name,Poland,0.662,,
,LIGR,GRFCR,Total requests received,half-year,Jan-Jun 2025,all,all,all,all,country_name,Portugal,1.0,,
,LIGR,GRFCR,Total content received,half-year,Jan-Jun 2025,all,all,all,all,country_name,Portugal,1.0,,
,LIGR,GRFCR,Content actioned due to community guidelines violations,half-year,Jan-Jun 2025,all,all,all,all,country_name,Portugal,1.0,,
,LIGR,GRFCR,Content actioned due to (local) law violations,half-year,Jan-Jun 2025,all,all,all,all,country_name,Portugal,0.0,,
,LIGR,GRFCR,Content not actioned,half-year,Jan-Jun 2025,all,all,all,all,country_name,Portugal,0.0,,
,LIGR,GRFCR,Total accounts received,half-year,Jan-Jun 2025,all,all,all,all,country_name,Portugal,0.0,,
,LIGR,GRFCR,Accounts actioned due to community guidelines violations,half-year,Jan-Jun 2025,all,all,all,all,country_name,Portugal,0.0,,
,LIGR,GRFCR,Accounts actioned due to (local) law violations,half-year,Jan-Jun 2025,all,all,all,all,country_name,Portugal,0.0,,
,LIGR,GRFCR,Accounts not actioned,half-year,Jan-Jun 2025,all,all,all,all,country_name,Portugal,0.0,,
,LIGR,GRFCR,Removal rate,half-year,Jan-Jun 2025,all,all,all,all,country_name,Portugal,1.0,,
,LIGR,GRFCR,Total requests received,half-year,Jan-Jun 2025,all,all,all,all,country_name,Qatar,6.0,,
,LIGR,GRFCR,Total content received,half-year,Jan-Jun 2025,all,all,all,all,country_name,Qatar,1.0,,
,LIGR,GRFCR,Content actioned due to community guidelines violations,half-year,Jan-Jun 2025,all,all,all,all,country_name,Qatar,1.0,,
,LIGR,GRFCR,Content actioned due to (local) law violations,half-year,Jan-Jun 2025,all,all,all,all,country_name,Qatar,0.0,,
,LIGR,GRFCR,Content not actioned,half-year,Jan-Jun 2025,all,all,all,all,country_name,Qatar,0.0,,
,LIGR,GRFCR,Total accounts received,half-year,Jan-Jun 2025,all,all,all,all,country_name,Qatar,5.0,,
,LIGR,GRFCR,Accounts actioned due to community guidelines violations,half-year,Jan-Jun 2025,all,all,all,all,country_name,Qatar,2.0,,
,LIGR,GRFCR,Accounts actioned due to (local) law violations,half-year,Jan-Jun 2025,all,all,all,all,country_name,Qatar,1.0,,
,LIGR,GRFCR,Accounts not actioned,half-year,Jan-Jun 2025,all,all,all,all,country_name,Qatar,2.0,,
,LIGR,GRFCR,Removal rate,half-year,Jan-Jun 2025,all,all,all,all,country_name,Qatar,0.667,,
,LIGR,GRFCR,Total requests received,half-year,Jan-Jun 2025,all,all,all,all,country_name,Romania,3432.0,,
,LIGR,GRFCR,Total content received,half-year,Jan-Jun 2025,all,all,all,all,country_name,Romania,29259.0,,
,LIGR,GRFCR,Content actioned due to community guidelines violations,half-year,Jan-Jun 2025,all,all,all,all,country_name,Romania,2028.0,,
,LIGR,GRFCR,Content actioned due to (local) law violations,half-year,Jan-Jun 2025,all,all,all,all,country_name,Romania,25718.0,,
,LIGR,GRFCR,Content not actioned,half-year,Jan-Jun 2025,all,all,all,all,country_name,Romania,1513.0,,
,LIGR,GRFCR,Total accounts received,half-year,Jan-Jun 2025,all,all,all,all,country_name,Romania,1676.0,,
,LIGR,GRFCR,Accounts actioned due to community guidelines violations,half-year,Jan-Jun 2025,all,all,all,all,country_name,Romania,149.0,,
,LIGR,GRFCR,Accounts actioned due to (local) law violations,half-year,Jan-Jun 2025,all,all,all,all,country_name,Romania,67.0,,
,LIGR,GRFCR,Accounts not actioned,half-year,Jan-Jun 2025,all,all,all,all,country_name,Romania,1460.0,,
,LIGR,GRFCR,Removal rate,half-year,Jan-Jun 2025,all,all,all,all,country_name,Romania,0.904,,
,LIGR,GRFCR,Total requests received,half-year,Jan-Jun 2025,all,all,all,all,country_name,Russia,586.0,,
,LIGR,GRFCR,Total content received,half-year,Jan-Jun 2025,all,all,all,all,country_name,Russia,347.0,,
,LIGR,GRFCR,Content actioned due to community guidelines violations,half-year,Jan-Jun 2025,all,all,all,all,country_name,Russia,260.0,,
,LIGR,GRFCR,Content actioned due to (local) law violations,half-year,Jan-Jun 2025,all,all,all,all,country_name,Russia,48.0,,
,LIGR,GRFCR,Content not actioned,half-year,Jan-Jun 2025,all,all,all,all,country_name,Russia,39.0,,
,LIGR,GRFCR,Total accounts received,half-year,Jan-Jun 2025,all,all,all,all,country_name,Russia,170.0,,
,LIGR,GRFCR,Accounts actioned due to community guidelines violations,half-year,Jan-Jun 2025,all,all,all,all,country_name,Russia,42.0,,
,LIGR,GRFCR,Accounts actioned due to (local) law violations,half-year,Jan-Jun 2025,all,all,all,all,country_name,Russia,28.0,,
,LIGR,GRFCR,Accounts not actioned,half-year,Jan-Jun 2025,all,all,all,all,country_name,Russia,100.0,,
,LIGR,GRFCR,Removal rate,half-year,Jan-Jun 2025,all,all,all,all,country_name,Russia,0.731,,
,LIGR,GRFCR,Total requests received,half-year,Jan-Jun 2025,all,all,all,all,country_name,Saudi Arabia,11.0,,
,LIGR,GRFCR,Total content received,half-year,Jan-Jun 2025,all,all,all,all,country_name,Saudi Arabia,3.0,,
,LIGR,GRFCR,Content actioned due to community guidelines violations,half-year,Jan-Jun 2025,all,all,all,all,country_name,Saudi Arabia,1.0,,
,LIGR,GRFCR,Content actioned due to (local) law violations,half-year,Jan-Jun 2025,all,all,all,all,country_name,Saudi Arabia,0.0,,
,LIGR,GRFCR,Content not actioned,half-year,Jan-Jun 2025,all,all,all,all,country_name,Saudi Arabia,2.0,,
,LIGR,GRFCR,Total accounts received,half-year,Jan-Jun 2025,all,all,all,all,country_name,Saudi Arabia,22.0,,
,LIGR,GRFCR,Accounts actioned due to community guidelines violations,half-year,Jan-Jun 2025,all,all,all,all,country_name,Saudi Arabia,2.0,,
,LIGR,GRFCR,Accounts actioned due to (local) law violations,half-year,Jan-Jun 2025,all,all,all,all,country_name,Saudi Arabia,0.0,,
,LIGR,GRFCR,Accounts not actioned,half-year,Jan-Jun 2025,all,all,all,all,country_name,Saudi Arabia,20.0,,
,LIGR,GRFCR,Removal rate,half-year,Jan-Jun 2025,all,all,all,all,country_name,Saudi Arabia,0.12,,
,LIGR,GRFCR,Total requests received,half-year,Jan-Jun 2025,all,all,all,all,country_name,Senegal,2.0,,
,LIGR,GRFCR,Total content received,half-year,Jan-Jun 2025,all,all,all,all,country_name,Senegal,1.0,,
,LIGR,GRFCR,Content actioned due to community guidelines violations,half-year,Jan-Jun 2025,all,all,all,all,country_name,Senegal,0.0,,
,LIGR,GRFCR,Content actioned due to (local) law violations,half-year,Jan-Jun 2025,all,all,all,all,country_name,Senegal,0.0,,
,LIGR,GRFCR,Content not actioned,half-year,Jan-Jun 2025,all,all,all,all,country_name,Senegal,1.0,,
,LIGR,GRFCR,Total accounts received,half-year,Jan-Jun 2025,all,all,all,all,country_name,Senegal,2.0,,
,LIGR,GRFCR,Accounts actioned due to community guidelines violations,half-year,Jan-Jun 2025,all,all,all,all,country_name,Senegal,1.0,,
,LIGR,GRFCR,Accounts actioned due to (local) law violations,half-year,Jan-Jun 2025,all,all,all,all,country_name,Senegal,0.0,,
,LIGR,GRFCR,Accounts not actioned,half-year,Jan-Jun 2025,all,all,all,all,country_name,Senegal,1.0,,
,LIGR,GRFCR,Removal rate,half-year,Jan-Jun 2025,all,all,all,all,country_name,Senegal,0.333,,
,LIGR,GRFCR,Total requests received,half-year,Jan-Jun 2025,all,all,all,all,country_name,Serbia,2.0,,
,LIGR,GRFCR,Total content received,half-year,Jan-Jun 2025,all,all,all,all,country_name,Serbia,13.0,,
,LIGR,GRFCR,Content actioned due to community guidelines violations,half-year,Jan-Jun 2025,all,all,all,all,country_name,Serbia,4.0,,
,LIGR,GRFCR,Content actioned due to (local) law violations,half-year,Jan-Jun 2025,all,all,all,all,country_name,Serbia,0.0,,
,LIGR,GRFCR,Content not actioned,half-year,Jan-Jun 2025,all,all,all,all,country_name,Serbia,9.0,,
,LIGR,GRFCR,Total accounts received,half-year,Jan-Jun 2025,all,all,all,all,country_name,Serbia,5.0,,
,LIGR,GRFCR,Accounts actioned due to community guidelines violations,half-year,Jan-Jun 2025,all,all,all,all,country_name,Serbia,1.0,,
,LIGR,GRFCR,Accounts actioned due to (local) law violations,half-year,Jan-Jun 2025,all,all,all,all,country_name,Serbia,0.0,,
,LIGR,GRFCR,Accounts not actioned,half-year,Jan-Jun 2025,all,all,all,all,country_name,Serbia,4.0,,
,LIGR,GRFCR,Removal rate,half-year,Jan-Jun 2025,all,all,all,all,country_name,Serbia,0.278,,
,LIGR,GRFCR,Total requests received,half-year,Jan-Jun 2025,all,all,all,all,country_name,Seychelles,1.0,,
,LIGR,GRFCR,Total content received,half-year,Jan-Jun 2025,all,all,all,all,country_name,Seychelles,0.0,,
,LIGR,GRFCR,Content actioned due to community guidelines violations,half-year,Jan-Jun 2025,all,all,all,all,country_name,Seychelles,0.0,,
,LIGR,GRFCR,Content actioned due to (local) law violations,half-year,Jan-Jun 2025,all,all,all,all,country_name,Seychelles,0.0,,
,LIGR,GRFCR,Content not actioned,half-year,Jan-Jun 2025,all,all,all,all,country_name,Seychelles,0.0,,
,LIGR,GRFCR,Total accounts received,half-year,Jan-Jun 2025,all,all,all,all,country_name,Seychelles,4.0,,
,LIGR,GRFCR,Accounts actioned due to community guidelines violations,half-year,Jan-Jun 2025,all,all,all,all,country_name,Seychelles,0.0,,
,LIGR,GRFCR,Accounts actioned due to (local) law violations,half-year,Jan-Jun 2025,all,all,all,all,country_name,Seychelles,0.0,,
,LIGR,GRFCR,Accounts not actioned,half-year,Jan-Jun 2025,all,all,all,all,country_name,Seychelles,4.0,,
,LIGR,GRFCR,Removal rate,half-year,Jan-Jun 2025,all,all,all,all,country_name,Seychelles,0.0,,
,LIGR,GRFCR,Total requests received,half-year,Jan-Jun 2025,all,all,all,all,country_name,Singapore,974.0,,
,LIGR,GRFCR,Total content received,half-year,Jan-Jun 2025,all,all,all,all,country_name,Singapore,287.0,,
,LIGR,GRFCR,Content actioned due to community guidelines violations,half-year,Jan-Jun 2025,all,all,all,all,country_name,Singapore,231.0,,
,LIGR,GRFCR,Content actioned due to (local) law violations,half-year,Jan-Jun 2025,all,all,all,all,country_name,Singapore,26.0,,
,LIGR,GRFCR,Content not actioned,half-year,Jan-Jun 2025,all,all,all,all,country_name,Singapore,30.0,,
,LIGR,GRFCR,Total accounts received,half-year,Jan-Jun 2025,all,all,all,all,country_name,Singapore,1066.0,,
,LIGR,GRFCR,Accounts actioned due to community guidelines violations,half-year,Jan-Jun 2025,all,all,all,all,country_name,Singapore,602.0,,
,LIGR,GRFCR,Accounts actioned due to (local) law violations,half-year,Jan-Jun 2025,all,all,all,all,country_name,Singapore,110.0,,
,LIGR,GRFCR,Accounts not actioned,half-year,Jan-Jun 2025,all,all,all,all,country_name,Singapore,354.0,,
,LIGR,GRFCR,Removal rate,half-year,Jan-Jun 2025,all,all,all,all,country_name,Singapore,0.716,,
,LIGR,GRFCR,Total requests received,half-year,Jan-Jun 2025,all,all,all,all,country_name,Slovakia,1.0,,
,LIGR,GRFCR,Total content received,half-year,Jan-Jun 2025,all,all,all,all,country_name,Slovakia,2.0,,
,LIGR,GRFCR,Content actioned due to community guidelines violations,half-year,Jan-Jun 2025,all,all,all,all,country_name,Slovakia,2.0,,
,LIGR,GRFCR,Content actioned due to (local) law violations,half-year,Jan-Jun 2025,all,all,all,all,country_name,Slovakia,0.0,,
,LIGR,GRFCR,Content not actioned,half-year,Jan-Jun 2025,all,all,all,all,country_name,Slovakia,0.0,,
,LIGR,GRFCR,Total accounts received,half-year,Jan-Jun 2025,all,all,all,all,country_name,Slovakia,0.0,,
,LIGR,GRFCR,Accounts actioned due to community guidelines violations,half-year,Jan-Jun 2025,all,all,all,all,country_name,Slovakia,0.0,,
,LIGR,GRFCR,Accounts actioned due to (local) law violations,half-year,Jan-Jun 2025,all,all,all,all,country_name,Slovakia,0.0,,
,LIGR,GRFCR,Accounts not actioned,half-year,Jan-Jun 2025,all,all,all,all,country_name,Slovakia,0.0,,
,LIGR,GRFCR,Removal rate,half-year,Jan-Jun 2025,all,all,all,all,country_name,Slovakia,1.0,,
,LIGR,GRFCR,Total requests received,half-year,Jan-Jun 2025,all,all,all,all,country_name,Somalia,54.0,,
,LIGR,GRFCR,Total content received,half-year,Jan-Jun 2025,all,all,all,all,country_name,Somalia,1.0,,
,LIGR,GRFCR,Content actioned due to community guidelines violations,half-year,Jan-Jun 2025,all,all,all,all,country_name,Somalia,1.0,,
,LIGR,GRFCR,Content actioned due to (local) law violations,half-year,Jan-Jun 2025,all,all,all,all,country_name,Somalia,0.0,,
,LIGR,GRFCR,Content not actioned,half-year,Jan-Jun 2025,all,all,all,all,country_name,Somalia,0.0,,
,LIGR,GRFCR,Total accounts received,half-year,Jan-Jun 2025,all,all,all,all,country_name,Somalia,1202.0,,
,LIGR,GRFCR,Accounts actioned due to community guidelines violations,half-year,Jan-Jun 2025,all,all,all,all,country_name,Somalia,790.0,,
,LIGR,GRFCR,Accounts actioned due to (local) law violations,half-year,Jan-Jun 2025,all,all,all,all,country_name,Somalia,0.0,,
,LIGR,GRFCR,Accounts not actioned,half-year,Jan-Jun 2025,all,all,all,all,country_name,Somalia,412.0,,
,LIGR,GRFCR,Removal rate,half-year,Jan-Jun 2025,all,all,all,all,country_name,Somalia,0.658,,
,LIGR,GRFCR,Total requests received,half-year,Jan-Jun 2025,all,all,all,all,country_name,South Africa,2.0,,
,LIGR,GRFCR,Total content received,half-year,Jan-Jun 2025,all,all,all,all,country_name,South Africa,2.0,,
,LIGR,GRFCR,Content actioned due to community guidelines violations,half-year,Jan-Jun 2025,all,all,all,all,country_name,South Africa,2.0,,
,LIGR,GRFCR,Content actioned due to (local) law violations,half-year,Jan-Jun 2025,all,all,all,all,country_name,South Africa,0.0,,
,LIGR,GRFCR,Content not actioned,half-year,Jan-Jun 2025,all,all,all,all,country_name,South Africa,0.0,,
,LIGR,GRFCR,Total accounts received,half-year,Jan-Jun 2025,all,all,all,all,country_name,South Africa,1.0,,
,LIGR,GRFCR,Accounts actioned due to community guidelines violations,half-year,Jan-Jun 2025,all,all,all,all,country_name,South Africa,0.0,,
,LIGR,GRFCR,Accounts actioned due to (local) law violations,half-year,Jan-Jun 2025,all,all,all,all,country_name,South Africa,0.0,,
,LIGR,GRFCR,Accounts not actioned,half-year,Jan-Jun 2025,all,all,all,all,country_name,South Africa,1.0,,
,LIGR,GRFCR,Removal rate,half-year,Jan-Jun 2025,all,all,all,all,country_name,South Africa,0.667,,
,LIGR,GRFCR,Total requests received,half-year,Jan-Jun 2025,all,all,all,all,country_name,South Korea,113.0,,
,LIGR,GRFCR,Total content received,half-year,Jan-Jun 2025,all,all,all,all,country_name,South Korea,1280.0,,
,LIGR,GRFCR,Content actioned due to community guidelines violations,half-year,Jan-Jun 2025,all,all,all,all,country_name,South Korea,54.0,,
,LIGR,GRFCR,Content actioned due to (local) law violations,half-year,Jan-Jun 2025,all,all,all,all,country_name,South Korea,925.0,,
,LIGR,GRFCR,Content not actioned,half-year,Jan-Jun 2025,all,all,all,all,country_name,South Korea,301.0,,
,LIGR,GRFCR,Total accounts received,half-year,Jan-Jun 2025,all,all,all,all,country_name,South Korea,5.0,,
,LIGR,GRFCR,Accounts actioned due to community guidelines violations,half-year,Jan-Jun 2025,all,all,all,all,country_name,South Korea,1.0,,
,LIGR,GRFCR,Accounts actioned due to (local) law violations,half-year,Jan-Jun 2025,all,all,all,all,country_name,South Korea,3.0,,
,LIGR,GRFCR,Accounts not actioned,half-year,Jan-Jun 2025,all,all,all,all,country_name,South Korea,1.0,,
,LIGR,GRFCR,Removal rate,half-year,Jan-Jun 2025,all,all,all,all,country_name,South Korea,0.765,,
,LIGR,GRFCR,Total requests received,half-year,Jan-Jun 2025,all,all,all,all,country_name,Spain,29.0,,
,LIGR,GRFCR,Total content received,half-year,Jan-Jun 2025,all,all,all,all,country_name,Spain,206.0,,
,LIGR,GRFCR,Content actioned due to community guidelines violations,half-year,Jan-Jun 2025,all,all,all,all,country_name,Spain,196.0,,
,LIGR,GRFCR,Content actioned due to (local) law violations,half-year,Jan-Jun 2025,all,all,all,all,country_name,Spain,0.0,,
,LIGR,GRFCR,Content not actioned,half-year,Jan-Jun 2025,all,all,all,all,country_name,Spain,10.0,,
,LIGR,GRFCR,Total accounts received,half-year,Jan-Jun 2025,all,all,all,all,country_name,Spain,68.0,,
,LIGR,GRFCR,Accounts actioned due to community guidelines violations,half-year,Jan-Jun 2025,all,all,all,all,country_name,Spain,28.0,,
,LIGR,GRFCR,Accounts actioned due to (local) law violations,half-year,Jan-Jun 2025,all,all,all,all,country_name,Spain,2.0,,
,LIGR,GRFCR,Accounts not actioned,half-year,Jan-Jun 2025,all,all,all,all,country_name,Spain,38.0,,
,LIGR,GRFCR,Removal rate,half-year,Jan-Jun 2025,all,all,all,all,country_name,Spain,0.825,,
,LIGR,GRFCR,Total requests received,half-year,Jan-Jun 2025,all,all,all,all,country_name,Sri Lanka,72.0,,
,LIGR,GRFCR,Total content received,half-year,Jan-Jun 2025,all,all,all,all,country_name,Sri Lanka,191.0,,
,LIGR,GRFCR,Content actioned due to community guidelines violations,half-year,Jan-Jun 2025,all,all,all,all,country_name,Sri Lanka,41.0,,
,LIGR,GRFCR,Content actioned due to (local) law violations,half-year,Jan-Jun 2025,all,all,all,all,country_name,Sri Lanka,95.0,,
,LIGR,GRFCR,Content not actioned,half-year,Jan-Jun 2025,all,all,all,all,country_name,Sri Lanka,55.0,,
,LIGR,GRFCR,Total accounts received,half-year,Jan-Jun 2025,all,all,all,all,country_name,Sri Lanka,69.0,,
,LIGR,GRFCR,Accounts actioned due to community guidelines violations,half-year,Jan-Jun 2025,all,all,all,all,country_name,Sri Lanka,53.0,,
,LIGR,GRFCR,Accounts actioned due to (local) law violations,half-year,Jan-Jun 2025,all,all,all,all,country_name,Sri Lanka,0.0,,
,LIGR,GRFCR,Accounts not actioned,half-year,Jan-Jun 2025,all,all,all,all,country_name,Sri Lanka,16.0,,
,LIGR,GRFCR,Removal rate,half-year,Jan-Jun 2025,all,all,all,all,country_name,Sri Lanka,0.727,,
,LIGR,GRFCR,Total requests received,half-year,Jan-Jun 2025,all,all,all,all,country_name,Sweden,16.0,,
,LIGR,GRFCR,Total content received,half-year,Jan-Jun 2025,all,all,all,all,country_name,Sweden,51.0,,
,LIGR,GRFCR,Content actioned due to community guidelines violations,half-year,Jan-Jun 2025,all,all,all,all,country_name,Sweden,49.0,,
,LIGR,GRFCR,Content actioned due to (local) law violations,half-year,Jan-Jun 2025,all,all,all,all,country_name,Sweden,1.0,,
,LIGR,GRFCR,Content not actioned,half-year,Jan-Jun 2025,all,all,all,all,country_name,Sweden,1.0,,
,LIGR,GRFCR,Total accounts received,half-year,Jan-Jun 2025,all,all,all,all,country_name,Sweden,5.0,,
,LIGR,GRFCR,Accounts actioned due to community guidelines violations,half-year,Jan-Jun 2025,all,all,all,all,country_name,Sweden,2.0,,
,LIGR,GRFCR,Accounts actioned due to (local) law violations,half-year,Jan-Jun 2025,all,all,all,all,country_name,Sweden,0.0,,
,LIGR,GRFCR,Accounts not actioned,half-year,Jan-Jun 2025,all,all,all,all,country_name,Sweden,3.0,,
,LIGR,GRFCR,Removal rate,half-year,Jan-Jun 2025,all,all,all,all,country_name,Sweden,0.929,,
,LIGR,GRFCR,Total requests received,half-year,Jan-Jun 2025,all,all,all,all,country_name,Switzerland,1.0,,
,LIGR,GRFCR,Total content received,half-year,Jan-Jun 2025,all,all,all,all,country_name,Switzerland,0.0,,
,LIGR,GRFCR,Content actioned due to community guidelines violations,half-year,Jan-Jun 2025,all,all,all,all,country_name,Switzerland,0.0,,
,LIGR,GRFCR,Content actioned due to (local) law violations,half-year,Jan-Jun 2025,all,all,all,all,country_name,Switzerland,0.0,,
,LIGR,GRFCR,Content not actioned,half-year,Jan-Jun 2025,all,all,all,all,country_name,Switzerland,0.0,,
,LIGR,GRFCR,Total accounts received,half-year,Jan-Jun 2025,all,all,all,all,country_name,Switzerland,1.0,,
,LIGR,GRFCR,Accounts actioned due to community guidelines violations,half-year,Jan-Jun 2025,all,all,all,all,country_name,Switzerland,0.0,,
,LIGR,GRFCR,Accounts actioned due to (local) law violations,half-year,Jan-Jun 2025,all,all,all,all,country_name,Switzerland,0.0,,
,LIGR,GRFCR,Accounts not actioned,half-year,Jan-Jun 2025,all,all,all,all,country_name,Switzerland,1.0,,
,LIGR,GRFCR,Removal rate,half-year,Jan-Jun 2025,all,all,all,all,country_name,Switzerland,0.0,,
,LIGR,GRFCR,Total requests received,half-year,Jan-Jun 2025,all,all,all,all,country_name,Taiwan,89.0,,
,LIGR,GRFCR,Total content received,half-year,Jan-Jun 2025,all,all,all,all,country_name,Taiwan,90.0,,
,LIGR,GRFCR,Content actioned due to community guidelines violations,half-year,Jan-Jun 2025,all,all,all,all,country_name,Taiwan,87.0,,
,LIGR,GRFCR,Content actioned due to (local) law violations,half-year,Jan-Jun 2025,all,all,all,all,country_name,Taiwan,1.0,,
,LIGR,GRFCR,Content not actioned,half-year,Jan-Jun 2025,all,all,all,all,country_name,Taiwan,2.0,,
,LIGR,GRFCR,Total accounts received,half-year,Jan-Jun 2025,all,all,all,all,country_name,Taiwan,85.0,,
,LIGR,GRFCR,Accounts actioned due to community guidelines violations,half-year,Jan-Jun 2025,all,all,all,all,country_name,Taiwan,46.0,,
,LIGR,GRFCR,Accounts actioned due to (local) law violations,half-year,Jan-Jun 2025,all,all,all,all,country_name,Taiwan,4.0,,
,LIGR,GRFCR,Accounts not actioned,half-year,Jan-Jun 2025,all,all,all,all,country_name,Taiwan,35.0,,
,LIGR,GRFCR,Removal rate,half-year,Jan-Jun 2025,all,all,all,all,country_name,Taiwan,0.789,,
,LIGR,GRFCR,Total requests received,half-year,Jan-Jun 2025,all,all,all,all,country_name,Tanzania,38.0,,
,LIGR,GRFCR,Total content received,half-year,Jan-Jun 2025,all,all,all,all,country_name,Tanzania,260.0,,
,LIGR,GRFCR,Content actioned due to community guidelines violations,half-year,Jan-Jun 2025,all,all,all,all,country_name,Tanzania,209.0,,
,LIGR,GRFCR,Content actioned due to (local) law violations,half-year,Jan-Jun 2025,all,all,all,all,country_name,Tanzania,24.0,,
,LIGR,GRFCR,Content not actioned,half-year,Jan-Jun 2025,all,all,all,all,country_name,Tanzania,27.0,,
,LIGR,GRFCR,Total accounts received,half-year,Jan-Jun 2025,all,all,all,all,country_name,Tanzania,426.0,,
,LIGR,GRFCR,Accounts actioned due to community guidelines violations,half-year,Jan-Jun 2025,all,all,all,all,country_name,Tanzania,399.0,,
,LIGR,GRFCR,Accounts actioned due to (local) law violations,half-year,Jan-Jun 2025,all,all,all,all,country_name,Tanzania,0.0,,
,LIGR,GRFCR,Accounts not actioned,half-year,Jan-Jun 2025,all,all,all,all,country_name,Tanzania,27.0,,
,LIGR,GRFCR,Removal rate,half-year,Jan-Jun 2025,all,all,all,all,country_name,Tanzania,0.921,,
,LIGR,GRFCR,Total requests received,half-year,Jan-Jun 2025,all,all,all,all,country_name,Thailand,1031.0,,
,LIGR,GRFCR,Total content received,half-year,Jan-Jun 2025,all,all,all,all,country_name,Thailand,5441.0,,
,LIGR,GRFCR,Content actioned due to community guidelines violations,half-year,Jan-Jun 2025,all,all,all,all,country_name,Thailand,2627.0,,
,LIGR,GRFCR,Content actioned due to (local) law violations,half-year,Jan-Jun 2025,all,all,all,all,country_name,Thailand,1430.0,,
,LIGR,GRFCR,Content not actioned,half-year,Jan-Jun 2025,all,all,all,all,country_name,Thailand,1384.0,,
,LIGR,GRFCR,Total accounts received,half-year,Jan-Jun 2025,all,all,all,all,country_name,Thailand,3097.0,,
,LIGR,GRFCR,Accounts actioned due to community guidelines violations,half-year,Jan-Jun 2025,all,all,all,all,country_name,Thailand,2768.0,,
,LIGR,GRFCR,Accounts actioned due to (local) law violations,half-year,Jan-Jun 2025,all,all,all,all,country_name,Thailand,86.0,,
,LIGR,GRFCR,Accounts not actioned,half-year,Jan-Jun 2025,all,all,all,all,country_name,Thailand,243.0,,
,LIGR,GRFCR,Removal rate,half-year,Jan-Jun 2025,all,all,all,all,country_name,Thailand,0.809,,
,LIGR,GRFCR,Total requests received,half-year,Jan-Jun 2025,all,all,all,all,country_name,Turkey,255.0,,
,LIGR,GRFCR,Total content received,half-year,Jan-Jun 2025,all,all,all,all,country_name,Turkey,1731.0,,
,LIGR,GRFCR,Content actioned due to community guidelines violations,half-year,Jan-Jun 2025,all,all,all,all,country_name,Turkey,818.0,,
,LIGR,GRFCR,Content actioned due to (local) law violations,half-year,Jan-Jun 2025,all,all,all,all,country_name,Turkey,763.0,,
,LIGR,GRFCR,Content not actioned,half-year,Jan-Jun 2025,all,all,all,all,country_name,Turkey,150.0,,
,LIGR,GRFCR,Total accounts received,half-year,Jan-Jun 2025,all,all,all,all,country_name,Turkey,2827.0,,
,LIGR,GRFCR,Accounts actioned due to community guidelines violations,half-year,Jan-Jun 2025,all,all,all,all,country_name,Turkey,1181.0,,
,LIGR,GRFCR,Accounts actioned due to (local) law violations,half-year,Jan-Jun 2025,all,all,all,all,country_name,Turkey,1319.0,,
,LIGR,GRFCR,Accounts not actioned,half-year,Jan-Jun 2025,all,all,all,all,country_name,Turkey,327.0,,
,LIGR,GRFCR,Removal rate,half-year,Jan-Jun 2025,all,all,all,all,country_name,Turkey,0.895,,
,LIGR,GRFCR,Total requests received,half-year,Jan-Jun 2025,all,all,all,all,country_name,Ukraine,79.0,,
,LIGR,GRFCR,Total content received,half-year,Jan-Jun 2025,all,all,all,all,country_name,Ukraine,19.0,,
,LIGR,GRFCR,Content actioned due to community guidelines violations,half-year,Jan-Jun 2025,all,all,all,all,country_name,Ukraine,8.0,,
,LIGR,GRFCR,Content actioned due to (local) law violations,half-year,Jan-Jun 2025,all,all,all,all,country_name,Ukraine,0.0,,
,LIGR,GRFCR,Content not actioned,half-year,Jan-Jun 2025,all,all,all,all,country_name,Ukraine,11.0,,
,LIGR,GRFCR,Total accounts received,half-year,Jan-Jun 2025,all,all,all,all,country_name,Ukraine,1070.0,,
,LIGR,GRFCR,Accounts actioned due to community guidelines violations,half-year,Jan-Jun 2025,all,all,all,all,country_name,Ukraine,102.0,,
,LIGR,GRFCR,Accounts actioned due to (local) law violations,half-year,Jan-Jun 2025,all,all,all,all,country_name,Ukraine,2.0,,
,LIGR,GRFCR,Accounts not actioned,half-year,Jan-Jun 2025,all,all,all,all,country_name,Ukraine,966.0,,
,LIGR,GRFCR,Removal rate,half-year,Jan-Jun 2025,all,all,all,all,country_name,Ukraine,0.103,,
,LIGR,GRFCR,Total requests received,half-year,Jan-Jun 2025,all,all,all,all,country_name,United Arab Emirates,113.0,,
,LIGR,GRFCR,Total content received,half-year,Jan-Jun 2025,all,all,all,all,country_name,United Arab Emirates,15.0,,
,LIGR,GRFCR,Content actioned due to community guidelines violations,half-year,Jan-Jun 2025,all,all,all,all,country_name,United Arab Emirates,7.0,,
,LIGR,GRFCR,Content actioned due to (local) law violations,half-year,Jan-Jun 2025,all,all,all,all,country_name,United Arab Emirates,5.0,,
,LIGR,GRFCR,Content not actioned,half-year,Jan-Jun 2025,all,all,all,all,country_name,United Arab Emirates,3.0,,
,LIGR,GRFCR,Total accounts received,half-year,Jan-Jun 2025,all,all,all,all,country_name,United Arab Emirates,442.0,,
,LIGR,GRFCR,Accounts actioned due to community guidelines violations,half-year,Jan-Jun 2025,all,all,all,all,country_name,United Arab Emirates,287.0,,
,LIGR,GRFCR,Accounts actioned due to (local) law violations,half-year,Jan-Jun 2025,all,all,all,all,country_name,United Arab Emirates,8.0,,
,LIGR,GRFCR,Accounts not actioned,half-year,Jan-Jun 2025,all,all,all,all,country_name,United Arab Emirates,147.0,,
,LIGR,GRFCR,Removal rate,half-year,Jan-Jun 2025,all,all,all,all,country_name,United Arab Emirates,0.672,,
,LIGR,GRFCR,Total requests received,half-year,Jan-Jun 2025,all,all,all,all,country_name,United Kingdom,280.0,,
,LIGR,GRFCR,Total content received,half-year,Jan-Jun 2025,all,all,all,all,country_name,United Kingdom,575.0,,
,LIGR,GRFCR,Content actioned due to community guidelines violations,half-year,Jan-Jun 2025,all,all,all,all,country_name,United Kingdom,146.0,,
,LIGR,GRFCR,Content actioned due to (local) law violations,half-year,Jan-Jun 2025,all,all,all,all,country_name,United Kingdom,245.0,,
,LIGR,GRFCR,Content not actioned,half-year,Jan-Jun 2025,all,all,all,all,country_name,United Kingdom,184.0,,
,LIGR,GRFCR,Total accounts received,half-year,Jan-Jun 2025,all,all,all,all,country_name,United Kingdom,1370.0,,
,LIGR,GRFCR,Accounts actioned due to community guidelines violations,half-year,Jan-Jun 2025,all,all,all,all,country_name,United Kingdom,677.0,,
,LIGR,GRFCR,Accounts actioned due to (local) law violations,half-year,Jan-Jun 2025,all,all,all,all,country_name,United Kingdom,80.0,,
,LIGR,GRFCR,Accounts not actioned,half-year,Jan-Jun 2025,all,all,all,all,country_name,United Kingdom,613.0,,
,LIGR,GRFCR,Removal rate,half-year,Jan-Jun 2025,all,all,all,all,country_name,United Kingdom,0.59,,
,LIGR,GRFCR,Total requests received,half-year,Jan-Jun 2025,all,all,all,all,country_name,Uruguay,1.0,,
,LIGR,GRFCR,Total content received,half-year,Jan-Jun 2025,all,all,all,all,country_name,Uruguay,0.0,,
,LIGR,GRFCR,Content actioned due to community guidelines violations,half-year,Jan-Jun 2025,all,all,all,all,country_name,Uruguay,0.0,,
,LIGR,GRFCR,Content actioned due to (local) law violations,half-year,Jan-Jun 2025,all,all,all,all,country_name,Uruguay,0.0,,
,LIGR,GRFCR,Content not actioned,half-year,Jan-Jun 2025,all,all,all,all,country_name,Uruguay,0.0,,
,LIGR,GRFCR,Total accounts received,half-year,Jan-Jun 2025,all,all,all,all,country_name,Uruguay,0.0,,
,LIGR,GRFCR,Accounts actioned due to community guidelines violations,half-year,Jan-Jun 2025,all,all,all,all,country_name,Uruguay,0.0,,
,LIGR,GRFCR,Accounts actioned due to (local) law violations,half-year,Jan-Jun 2025,all,all,all,all,country_name,Uruguay,0.0,,
,LIGR,GRFCR,Accounts not actioned,half-year,Jan-Jun 2025,all,all,all,all,country_name,Uruguay,0.0,,
,LIGR,GRFCR,Removal rate,half-year,Jan-Jun 2025,all,all,all,all,country_name,Uruguay,0.0,,
,LIGR,GRFCR,Total requests received,half-year,Jan-Jun 2025,all,all,all,all,country_name,Uzbekistan,41.0,,
,LIGR,GRFCR,Total content received,half-year,Jan-Jun 2025,all,all,all,all,country_name,Uzbekistan,132.0,,
,LIGR,GRFCR,Content actioned due to community guidelines violations,half-year,Jan-Jun 2025,all,all,all,all,country_name,Uzbekistan,28.0,,
,LIGR,GRFCR,Content actioned due to (local) law violations,half-year,Jan-Jun 2025,all,all,all,all,country_name,Uzbekistan,34.0,,
,LIGR,GRFCR,Content not actioned,half-year,Jan-Jun 2025,all,all,all,all,country_name,Uzbekistan,70.0,,
,LIGR,GRFCR,Total accounts received,half-year,Jan-Jun 2025,all,all,all,all,country_name,Uzbekistan,213.0,,
,LIGR,GRFCR,Accounts actioned due to community guidelines violations,half-year,Jan-Jun 2025,all,all,all,all,country_name,Uzbekistan,131.0,,
,LIGR,GRFCR,Accounts actioned due to (local) law violations,half-year,Jan-Jun 2025,all,all,all,all,country_name,Uzbekistan,10.0,,
,LIGR,GRFCR,Accounts not actioned,half-year,Jan-Jun 2025,all,all,all,all,country_name,Uzbekistan,72.0,,
,LIGR,GRFCR,Removal rate,half-year,Jan-Jun 2025,all,all,all,all,country_name,Uzbekistan,0.588,,
,LIGR,GRFCR,Total requests received,half-year,Jan-Jun 2025,all,all,all,all,country_name,Vietnam,295.0,,
,LIGR,GRFCR,Total content received,half-year,Jan-Jun 2025,all,all,all,all,country_name,Vietnam,1410.0,,
,LIGR,GRFCR,Content actioned due to community guidelines violations,half-year,Jan-Jun 2025,all,all,all,all,country_name,Vietnam,521.0,,
,LIGR,GRFCR,Content actioned due to (local) law violations,half-year,Jan-Jun 2025,all,all,all,all,country_name,Vietnam,633.0,,
,LIGR,GRFCR,Content not actioned,half-year,Jan-Jun 2025,all,all,all,all,country_name,Vietnam,256.0,,
,LIGR,GRFCR,Total accounts received,half-year,Jan-Jun 2025,all,all,all,all,country_name,Vietnam,860.0,,
,LIGR,GRFCR,Accounts actioned due to community guidelines violations,half-year,Jan-Jun 2025,all,all,all,all,country_name,Vietnam,84.0,,
,LIGR,GRFCR,Accounts actioned due to (local) law violations,half-year,Jan-Jun 2025,all,all,all,all,country_name,Vietnam,652.0,,
,LIGR,GRFCR,Accounts not actioned,half-year,Jan-Jun 2025,all,all,all,all,country_name,Vietnam,124.0,,
,LIGR,GRFCR,Removal rate,half-year,Jan-Jun 2025,all,all,all,all,country_name,Vietnam,0.833,,
,LIGR,GRFCR,Total requests received,half-year,Jan-Jun 2025,all,all,all,all,country_name,Zimbabwe,1.0,,
,LIGR,GRFCR,Total content received,half-year,Jan-Jun 2025,all,all,all,all,country_name,Zimbabwe,0.0,,
,LIGR,GRFCR,Content actioned due to community guidelines violations,half-year,Jan-Jun 2025,all,all,all,all,country_name,Zimbabwe,0.0,,
,LIGR,GRFCR,Content actioned due to (local) law violations,half-year,Jan-Jun 2025,all,all,all,all,country_name,Zimbabwe,0.0,,
,LIGR,GRFCR,Content not actioned,half-year,Jan-Jun 2025,all,all,all,all,country_name,Zimbabwe,0.0,,
,LIGR,GRFCR,Total accounts received,half-year,Jan-Jun 2025,all,all,all,all,country_name,Zimbabwe,1.0,,
,LIGR,GRFCR,Accounts actioned due to community guidelines violations,half-year,Jan-Jun 2025,all,all,all,all,country_name,Zimbabwe,0.0,,
,LIGR,GRFCR,Accounts actioned due to (local) law violations,half-year,Jan-Jun 2025,all,all,all,all,country_name,Zimbabwe,1.0,,
,LIGR,GRFCR,Accounts not actioned,half-year,Jan-Jun 2025,all,all,all,all,country_name,Zimbabwe,0.0,,
,LIGR,GRFCR,Removal rate,half-year,Jan-Jun 2025,all,all,all,all,country_name,Zimbabwe,1.0,,
,LIGR,GRFCR,Total Government Requests,half-year,Jan-Jun 2025,all,all,all,all,all,All,19197.0,,
,LIGR,GRFCR,Total requests received,half-year,Jul-Dec 2024,all,all,all,all,country_name,Albania,419.0,,
,LIGR,GRFCR,Total content received,half-year,Jul-Dec 2024,all,all,all,all,country_name,Albania,1768.0,,
,LIGR,GRFCR,Content actioned due to community guidelines violations,half-year,Jul-Dec 2024,all,all,all,all,country_name,Albania,1738.0,,
,LIGR,GRFCR,Content actioned due to (local) law violations,half-year,Jul-Dec 2024,all,all,all,all,country_name,Albania,1.0,,
,LIGR,GRFCR,Content not actioned,half-year,Jul-Dec 2024,all,all,all,all,country_name,Albania,29.0,,
,LIGR,GRFCR,Total accounts received,half-year,Jul-Dec 2024,all,all,all,all,country_name,Albania,66.0,,
,LIGR,GRFCR,Accounts actioned due to community guidelines violations,half-year,Jul-Dec 2024,all,all,all,all,country_name,Albania,59.0,,
,LIGR,GRFCR,Accounts actioned due to (local) law violations,half-year,Jul-Dec 2024,all,all,all,all,country_name,Albania,0.0,,
,LIGR,GRFCR,Accounts not actioned,half-year,Jul-Dec 2024,all,all,all,all,country_name,Albania,7.0,,
,LIGR,GRFCR,Removal rate,half-year,Jul-Dec 2024,all,all,all,all,country_name,Albania,0.980370774,,
,LIGR,GRFCR,Total requests received,half-year,Jul-Dec 2024,all,all,all,all,country_name,Angola,2.0,,
,LIGR,GRFCR,Total content received,half-year,Jul-Dec 2024,all,all,all,all,country_name,Angola,0.0,,
,LIGR,GRFCR,Content actioned due to community guidelines violations,half-year,Jul-Dec 2024,all,all,all,all,country_name,Angola,0.0,,
,LIGR,GRFCR,Content actioned due to (local) law violations,half-year,Jul-Dec 2024,all,all,all,all,country_name,Angola,0.0,,
,LIGR,GRFCR,Content not actioned,half-year,Jul-Dec 2024,all,all,all,all,country_name,Angola,0.0,,
,LIGR,GRFCR,Total accounts received,half-year,Jul-Dec 2024,all,all,all,all,country_name,Angola,2.0,,
,LIGR,GRFCR,Accounts actioned due to community guidelines violations,half-year,Jul-Dec 2024,all,all,all,all,country_name,Angola,1.0,,
,LIGR,GRFCR,Accounts actioned due to (local) law violations,half-year,Jul-Dec 2024,all,all,all,all,country_name,Angola,0.0,,
,LIGR,GRFCR,Accounts not actioned,half-year,Jul-Dec 2024,all,all,all,all,country_name,Angola,1.0,,
,LIGR,GRFCR,Removal rate,half-year,Jul-Dec 2024,all,all,all,all,country_name,Angola,0.5,,
,LIGR,GRFCR,Total requests received,half-year,Jul-Dec 2024,all,all,all,all,country_name,Armenia,9.0,,
,LIGR,GRFCR,Total content received,half-year,Jul-Dec 2024,all,all,all,all,country_name,Armenia,0.0,,
,LIGR,GRFCR,Content actioned due to community guidelines violations,half-year,Jul-Dec 2024,all,all,all,all,country_name,Armenia,0.0,,
,LIGR,GRFCR,Content actioned due to (local) law violations,half-year,Jul-Dec 2024,all,all,all,all,country_name,Armenia,0.0,,
,LIGR,GRFCR,Content not actioned,half-year,Jul-Dec 2024,all,all,all,all,country_name,Armenia,0.0,,
,LIGR,GRFCR,Total accounts received,half-year,Jul-Dec 2024,all,all,all,all,country_name,Armenia,8.0,,
,LIGR,GRFCR,Accounts actioned due to community guidelines violations,half-year,Jul-Dec 2024,all,all,all,all,country_name,Armenia,8.0,,
,LIGR,GRFCR,Accounts actioned due to (local) law violations,half-year,Jul-Dec 2024,all,all,all,all,country_name,Armenia,0.0,,
,LIGR,GRFCR,Accounts not actioned,half-year,Jul-Dec 2024,all,all,all,all,country_name,Armenia,0.0,,
,LIGR,GRFCR,Removal rate,half-year,Jul-Dec 2024,all,all,all,all,country_name,Armenia,1.0,,
,LIGR,GRFCR,Total requests received,half-year,Jul-Dec 2024,all,all,all,all,country_name,Australia,777.0,,
,LIGR,GRFCR,Total content received,half-year,Jul-Dec 2024,all,all,all,all,country_name,Australia,352.0,,
,LIGR,GRFCR,Content actioned due to community guidelines violations,half-year,Jul-Dec 2024,all,all,all,all,country_name,Australia,328.0,,
,LIGR,GRFCR,Content actioned due to (local) law violations,half-year,Jul-Dec 2024,all,all,all,all,country_name,Australia,1.0,,
,LIGR,GRFCR,Content not actioned,half-year,Jul-Dec 2024,all,all,all,all,country_name,Australia,23.0,,
,LIGR,GRFCR,Total accounts received,half-year,Jul-Dec 2024,all,all,all,all,country_name,Australia,1278.0,,
,LIGR,GRFCR,Accounts actioned due to community guidelines violations,half-year,Jul-Dec 2024,all,all,all,all,country_name,Australia,1214.0,,
,LIGR,GRFCR,Accounts actioned due to (local) law violations,half-year,Jul-Dec 2024,all,all,all,all,country_name,Australia,4.0,,
,LIGR,GRFCR,Accounts not actioned,half-year,Jul-Dec 2024,all,all,all,all,country_name,Australia,60.0,,
,LIGR,GRFCR,Removal rate,half-year,Jul-Dec 2024,all,all,all,all,country_name,Australia,0.949079755,,
,LIGR,GRFCR,Total requests received,half-year,Jul-Dec 2024,all,all,all,all,country_name,Austria,4.0,,
,LIGR,GRFCR,Total content received,half-year,Jul-Dec 2024,all,all,all,all,country_name,Austria,37.0,,
,LIGR,GRFCR,Content actioned due to community guidelines violations,half-year,Jul-Dec 2024,all,all,all,all,country_name,Austria,36.0,,
,LIGR,GRFCR,Content actioned due to (local) law violations,half-year,Jul-Dec 2024,all,all,all,all,country_name,Austria,0.0,,
,LIGR,GRFCR,Content not actioned,half-year,Jul-Dec 2024,all,all,all,all,country_name,Austria,1.0,,
,LIGR,GRFCR,Total accounts received,half-year,Jul-Dec 2024,all,all,all,all,country_name,Austria,3.0,,
,LIGR,GRFCR,Accounts actioned due to community guidelines violations,half-year,Jul-Dec 2024,all,all,all,all,country_name,Austria,1.0,,
,LIGR,GRFCR,Accounts actioned due to (local) law violations,half-year,Jul-Dec 2024,all,all,all,all,country_name,Austria,0.0,,
,LIGR,GRFCR,Accounts not actioned,half-year,Jul-Dec 2024,all,all,all,all,country_name,Austria,2.0,,
,LIGR,GRFCR,Removal rate,half-year,Jul-Dec 2024,all,all,all,all,country_name,Austria,0.925,,
,LIGR,GRFCR,Total requests received,half-year,Jul-Dec 2024,all,all,all,all,country_name,Azerbaijan,74.0,,
,LIGR,GRFCR,Total content received,half-year,Jul-Dec 2024,all,all,all,all,country_name,Azerbaijan,369.0,,
,LIGR,GRFCR,Content actioned due to community guidelines violations,half-year,Jul-Dec 2024,all,all,all,all,country_name,Azerbaijan,188.0,,
,LIGR,GRFCR,Content actioned due to (local) law violations,half-year,Jul-Dec 2024,all,all,all,all,country_name,Azerbaijan,55.0,,
,LIGR,GRFCR,Content not actioned,half-year,Jul-Dec 2024,all,all,all,all,country_name,Azerbaijan,126.0,,
,LIGR,GRFCR,Total accounts received,half-year,Jul-Dec 2024,all,all,all,all,country_name,Azerbaijan,232.0,,
,LIGR,GRFCR,Accounts actioned due to community guidelines violations,half-year,Jul-Dec 2024,all,all,all,all,country_name,Azerbaijan,123.0,,
,LIGR,GRFCR,Accounts actioned due to (local) law violations,half-year,Jul-Dec 2024,all,all,all,all,country_name,Azerbaijan,16.0,,
,LIGR,GRFCR,Accounts not actioned,half-year,Jul-Dec 2024,all,all,all,all,country_name,Azerbaijan,93.0,,
,LIGR,GRFCR,Removal rate,half-year,Jul-Dec 2024,all,all,all,all,country_name,Azerbaijan,0.635607321,,
,LIGR,GRFCR,Total requests received,half-year,Jul-Dec 2024,all,all,all,all,country_name,Bangladesh,111.0,,
,LIGR,GRFCR,Total content received,half-year,Jul-Dec 2024,all,all,all,all,country_name,Bangladesh,1319.0,,
,LIGR,GRFCR,Content actioned due to community guidelines violations,half-year,Jul-Dec 2024,all,all,all,all,country_name,Bangladesh,138.0,,
,LIGR,GRFCR,Content actioned due to (local) law violations,half-year,Jul-Dec 2024,all,all,all,all,country_name,Bangladesh,1062.0,,
,LIGR,GRFCR,Content not actioned,half-year,Jul-Dec 2024,all,all,all,all,country_name,Bangladesh,119.0,,
,LIGR,GRFCR,Total accounts received,half-year,Jul-Dec 2024,all,all,all,all,country_name,Bangladesh,15.0,,
,LIGR,GRFCR,Accounts actioned due to community guidelines violations,half-year,Jul-Dec 2024,all,all,all,all,country_name,Bangladesh,5.0,,
,LIGR,GRFCR,Accounts actioned due to (local) law violations,half-year,Jul-Dec 2024,all,all,all,all,country_name,Bangladesh,10.0,,
,LIGR,GRFCR,Accounts not actioned,half-year,Jul-Dec 2024,all,all,all,all,country_name,Bangladesh,0.0,,
,LIGR,GRFCR,Removal rate,half-year,Jul-Dec 2024,all,all,all,all,country_name,Bangladesh,0.910794603,,
,LIGR,GRFCR,Total requests received,half-year,Jul-Dec 2024,all,all,all,all,country_name,Belgium,8.0,,
,LIGR,GRFCR,Total content received,half-year,Jul-Dec 2024,all,all,all,all,country_name,Belgium,9.0,,
,LIGR,GRFCR,Content actioned due to community guidelines violations,half-year,Jul-Dec 2024,all,all,all,all,country_name,Belgium,5.0,,
,LIGR,GRFCR,Content actioned due to (local) law violations,half-year,Jul-Dec 2024,all,all,all,all,country_name,Belgium,0.0,,
,LIGR,GRFCR,Content not actioned,half-year,Jul-Dec 2024,all,all,all,all,country_name,Belgium,4.0,,
,LIGR,GRFCR,Total accounts received,half-year,Jul-Dec 2024,all,all,all,all,country_name,Belgium,1.0,,
,LIGR,GRFCR,Accounts actioned due to community guidelines violations,half-year,Jul-Dec 2024,all,all,all,all,country_name,Belgium,0.0,,
,LIGR,GRFCR,Accounts actioned due to (local) law violations,half-year,Jul-Dec 2024,all,all,all,all,country_name,Belgium,1.0,,
,LIGR,GRFCR,Accounts not actioned,half-year,Jul-Dec 2024,all,all,all,all,country_name,Belgium,0.0,,
,LIGR,GRFCR,Removal rate,half-year,Jul-Dec 2024,all,all,all,all,country_name,Belgium,0.6,,
,LIGR,GRFCR,Total requests received,half-year,Jul-Dec 2024,all,all,all,all,country_name,Bosnia and Herzegovina,2.0,,
,LIGR,GRFCR,Total content received,half-year,Jul-Dec 2024,all,all,all,all,country_name,Bosnia and Herzegovina,1.0,,
,LIGR,GRFCR,Content actioned due to community guidelines violations,half-year,Jul-Dec 2024,all,all,all,all,country_name,Bosnia and Herzegovina,1.0,,
,LIGR,GRFCR,Content actioned due to (local) law violations,half-year,Jul-Dec 2024,all,all,all,all,country_name,Bosnia and Herzegovina,0.0,,
,LIGR,GRFCR,Content not actioned,half-year,Jul-Dec 2024,all,all,all,all,country_name,Bosnia and Herzegovina,0.0,,
,LIGR,GRFCR,Total accounts received,half-year,Jul-Dec 2024,all,all,all,all,country_name,Bosnia and Herzegovina,1.0,,
,LIGR,GRFCR,Accounts actioned due to community guidelines violations,half-year,Jul-Dec 2024,all,all,all,all,country_name,Bosnia and Herzegovina,1.0,,
,LIGR,GRFCR,Accounts actioned due to (local) law violations,half-year,Jul-Dec 2024,all,all,all,all,country_name,Bosnia and Herzegovina,0.0,,
,LIGR,GRFCR,Accounts not actioned,half-year,Jul-Dec 2024,all,all,all,all,country_name,Bosnia and Herzegovina,0.0,,
,LIGR,GRFCR,Removal rate,half-year,Jul-Dec 2024,all,all,all,all,country_name,Bosnia and Herzegovina,1.0,,
,LIGR,GRFCR,Total requests received,half-year,Jul-Dec 2024,all,all,all,all,country_name,Brazil,6.0,,
,LIGR,GRFCR,Total content received,half-year,Jul-Dec 2024,all,all,all,all,country_name,Brazil,29.0,,
,LIGR,GRFCR,Content actioned due to community guidelines violations,half-year,Jul-Dec 2024,all,all,all,all,country_name,Brazil,29.0,,
,LIGR,GRFCR,Content actioned due to (local) law violations,half-year,Jul-Dec 2024,all,all,all,all,country_name,Brazil,0.0,,
,LIGR,GRFCR,Content not actioned,half-year,Jul-Dec 2024,all,all,all,all,country_name,Brazil,0.0,,
,LIGR,GRFCR,Total accounts received,half-year,Jul-Dec 2024,all,all,all,all,country_name,Brazil,4.0,,
,LIGR,GRFCR,Accounts actioned due to community guidelines violations,half-year,Jul-Dec 2024,all,all,all,all,country_name,Brazil,4.0,,
,LIGR,GRFCR,Accounts actioned due to (local) law violations,half-year,Jul-Dec 2024,all,all,all,all,country_name,Brazil,0.0,,
,LIGR,GRFCR,Accounts not actioned,half-year,Jul-Dec 2024,all,all,all,all,country_name,Brazil,0.0,,
,LIGR,GRFCR,Removal rate,half-year,Jul-Dec 2024,all,all,all,all,country_name,Brazil,1.0,,
,LIGR,GRFCR,Total requests received,half-year,Jul-Dec 2024,all,all,all,all,country_name,Burkina Faso,2.0,,
,LIGR,GRFCR,Total content received,half-year,Jul-Dec 2024,all,all,all,all,country_name,Burkina Faso,18.0,,
,LIGR,GRFCR,Content actioned due to community guidelines violations,half-year,Jul-Dec 2024,all,all,all,all,country_name,Burkina Faso,18.0,,
,LIGR,GRFCR,Content actioned due to (local) law violations,half-year,Jul-Dec 2024,all,all,all,all,country_name,Burkina Faso,0.0,,
,LIGR,GRFCR,Content not actioned,half-year,Jul-Dec 2024,all,all,all,all,country_name,Burkina Faso,0.0,,
,LIGR,GRFCR,Total accounts received,half-year,Jul-Dec 2024,all,all,all,all,country_name,Burkina Faso,1.0,,
,LIGR,GRFCR,Accounts actioned due to community guidelines violations,half-year,Jul-Dec 2024,all,all,all,all,country_name,Burkina Faso,0.0,,
,LIGR,GRFCR,Accounts actioned due to (local) law violations,half-year,Jul-Dec 2024,all,all,all,all,country_name,Burkina Faso,0.0,,
,LIGR,GRFCR,Accounts not actioned,half-year,Jul-Dec 2024,all,all,all,all,country_name,Burkina Faso,1.0,,
,LIGR,GRFCR,Removal rate,half-year,Jul-Dec 2024,all,all,all,all,country_name,Burkina Faso,0.947368421,,
,LIGR,GRFCR,Total requests received,half-year,Jul-Dec 2024,all,all,all,all,country_name,Cambodia,17.0,,
,LIGR,GRFCR,Total content received,half-year,Jul-Dec 2024,all,all,all,all,country_name,Cambodia,6.0,,
,LIGR,GRFCR,Content actioned due to community guidelines violations,half-year,Jul-Dec 2024,all,all,all,all,country_name,Cambodia,3.0,,
,LIGR,GRFCR,Content actioned due to (local) law violations,half-year,Jul-Dec 2024,all,all,all,all,country_name,Cambodia,1.0,,
,LIGR,GRFCR,Content not actioned,half-year,Jul-Dec 2024,all,all,all,all,country_name,Cambodia,2.0,,
,LIGR,GRFCR,Total accounts received,half-year,Jul-Dec 2024,all,all,all,all,country_name,Cambodia,12.0,,
,LIGR,GRFCR,Accounts actioned due to community guidelines violations,half-year,Jul-Dec 2024,all,all,all,all,country_name,Cambodia,4.0,,
,LIGR,GRFCR,Accounts actioned due to (local) law violations,half-year,Jul-Dec 2024,all,all,all,all,country_name,Cambodia,3.0,,
,LIGR,GRFCR,Accounts not actioned,half-year,Jul-Dec 2024,all,all,all,all,country_name,Cambodia,5.0,,
,LIGR,GRFCR,Removal rate,half-year,Jul-Dec 2024,all,all,all,all,country_name,Cambodia,0.611111111,,
,LIGR,GRFCR,Total requests received,half-year,Jul-Dec 2024,all,all,all,all,country_name,Cameroon,6.0,,
,LIGR,GRFCR,Total content received,half-year,Jul-Dec 2024,all,all,all,all,country_name,Cameroon,3.0,,
,LIGR,GRFCR,Content actioned due to community guidelines violations,half-year,Jul-Dec 2024,all,all,all,all,country_name,Cameroon,3.0,,
,LIGR,GRFCR,Content actioned due to (local) law violations,half-year,Jul-Dec 2024,all,all,all,all,country_name,Cameroon,0.0,,
,LIGR,GRFCR,Content not actioned,half-year,Jul-Dec 2024,all,all,all,all,country_name,Cameroon,0.0,,
,LIGR,GRFCR,Total accounts received,half-year,Jul-Dec 2024,all,all,all,all,country_name,Cameroon,3.0,,
,LIGR,GRFCR,Accounts actioned due to community guidelines violations,half-year,Jul-Dec 2024,all,all,all,all,country_name,Cameroon,2.0,,
,LIGR,GRFCR,Accounts actioned due to (local) law violations,half-year,Jul-Dec 2024,all,all,all,all,country_name,Cameroon,0.0,,
,LIGR,GRFCR,Accounts not actioned,half-year,Jul-Dec 2024,all,all,all,all,country_name,Cameroon,1.0,,
,LIGR,GRFCR,Removal rate,half-year,Jul-Dec 2024,all,all,all,all,country_name,Cameroon,0.833333333,,
,LIGR,GRFCR,Total requests received,half-year,Jul-Dec 2024,all,all,all,all,country_name,Canada,2.0,,
,LIGR,GRFCR,Total content received,half-year,Jul-Dec 2024,all,all,all,all,country_name,Canada,3.0,,
,LIGR,GRFCR,Content actioned due to community guidelines violations,half-year,Jul-Dec 2024,all,all,all,all,country_name,Canada,3.0,,
,LIGR,GRFCR,Content actioned due to (local) law violations,half-year,Jul-Dec 2024,all,all,all,all,country_name,Canada,0.0,,
,LIGR,GRFCR,Content not actioned,half-year,Jul-Dec 2024,all,all,all,all,country_name,Canada,0.0,,
,LIGR,GRFCR,Total accounts received,half-year,Jul-Dec 2024,all,all,all,all,country_name,Canada,1.0,,
,LIGR,GRFCR,Accounts actioned due to community guidelines violations,half-year,Jul-Dec 2024,all,all,all,all,country_name,Canada,1.0,,
,LIGR,GRFCR,Accounts actioned due to (local) law violations,half-year,Jul-Dec 2024,all,all,all,all,country_name,Canada,0.0,,
,LIGR,GRFCR,Accounts not actioned,half-year,Jul-Dec 2024,all,all,all,all,country_name,Canada,0.0,,
,LIGR,GRFCR,Removal rate,half-year,Jul-Dec 2024,all,all,all,all,country_name,Canada,1.0,,
,LIGR,GRFCR,Total requests received,half-year,Jul-Dec 2024,all,all,all,all,country_name,Chad,8.0,,
,LIGR,GRFCR,Total content received,half-year,Jul-Dec 2024,all,all,all,all,country_name,Chad,3.0,,
,LIGR,GRFCR,Content actioned due to community guidelines violations,half-year,Jul-Dec 2024,all,all,all,all,country_name,Chad,0.0,,
,LIGR,GRFCR,Content actioned due to (local) law violations,half-year,Jul-Dec 2024,all,all,all,all,country_name,Chad,0.0,,
,LIGR,GRFCR,Content not actioned,half-year,Jul-Dec 2024,all,all,all,all,country_name,Chad,3.0,,
,LIGR,GRFCR,Total accounts received,half-year,Jul-Dec 2024,all,all,all,all,country_name,Chad,9.0,,
,LIGR,GRFCR,Accounts actioned due to community guidelines violations,half-year,Jul-Dec 2024,all,all,all,all,country_name,Chad,8.0,,
,LIGR,GRFCR,Accounts actioned due to (local) law violations,half-year,Jul-Dec 2024,all,all,all,all,country_name,Chad,0.0,,
,LIGR,GRFCR,Accounts not actioned,half-year,Jul-Dec 2024,all,all,all,all,country_name,Chad,1.0,,
,LIGR,GRFCR,Removal rate,half-year,Jul-Dec 2024,all,all,all,all,country_name,Chad,0.666666667,,
,LIGR,GRFCR,Total requests received,half-year,Jul-Dec 2024,all,all,all,all,country_name,Colombia,32.0,,
,LIGR,GRFCR,Total content received,half-year,Jul-Dec 2024,all,all,all,all,country_name,Colombia,6.0,,
,LIGR,GRFCR,Content actioned due to community guidelines violations,half-year,Jul-Dec 2024,all,all,all,all,country_name,Colombia,6.0,,
,LIGR,GRFCR,Content actioned due to (local) law violations,half-year,Jul-Dec 2024,all,all,all,all,country_name,Colombia,0.0,,
,LIGR,GRFCR,Content not actioned,half-year,Jul-Dec 2024,all,all,all,all,country_name,Colombia,0.0,,
,LIGR,GRFCR,Total accounts received,half-year,Jul-Dec 2024,all,all,all,all,country_name,Colombia,27.0,,
,LIGR,GRFCR,Accounts actioned due to community guidelines violations,half-year,Jul-Dec 2024,all,all,all,all,country_name,Colombia,27.0,,
,LIGR,GRFCR,Accounts actioned due to (local) law violations,half-year,Jul-Dec 2024,all,all,all,all,country_name,Colombia,0.0,,
,LIGR,GRFCR,Accounts not actioned,half-year,Jul-Dec 2024,all,all,all,all,country_name,Colombia,0.0,,
,LIGR,GRFCR,Removal rate,half-year,Jul-Dec 2024,all,all,all,all,country_name,Colombia,1.0,,
,LIGR,GRFCR,Total requests received,half-year,Jul-Dec 2024,all,all,all,all,country_name,Czech Republic,1.0,,
,LIGR,GRFCR,Total content received,half-year,Jul-Dec 2024,all,all,all,all,country_name,Czech Republic,0.0,,
,LIGR,GRFCR,Content actioned due to community guidelines violations,half-year,Jul-Dec 2024,all,all,all,all,country_name,Czech Republic,0.0,,
,LIGR,GRFCR,Content actioned due to (local) law violations,half-year,Jul-Dec 2024,all,all,all,all,country_name,Czech Republic,0.0,,
,LIGR,GRFCR,Content not actioned,half-year,Jul-Dec 2024,all,all,all,all,country_name,Czech Republic,0.0,,
,LIGR,GRFCR,Total accounts received,half-year,Jul-Dec 2024,all,all,all,all,country_name,Czech Republic,0.0,,
,LIGR,GRFCR,Accounts actioned due to community guidelines violations,half-year,Jul-Dec 2024,all,all,all,all,country_name,Czech Republic,0.0,,
,LIGR,GRFCR,Accounts actioned due to (local) law violations,half-year,Jul-Dec 2024,all,all,all,all,country_name,Czech Republic,0.0,,
,LIGR,GRFCR,Accounts not actioned,half-year,Jul-Dec 2024,all,all,all,all,country_name,Czech Republic,0.0,,
,LIGR,GRFCR,Removal rate,half-year,Jul-Dec 2024,all,all,all,all,country_name,Czech Republic,0.0,,
,LIGR,GRFCR,Total requests received,half-year,Jul-Dec 2024,all,all,all,all,country_name,Denmark,13.0,,
,LIGR,GRFCR,Total content received,half-year,Jul-Dec 2024,all,all,all,all,country_name,Denmark,85.0,,
,LIGR,GRFCR,Content actioned due to community guidelines violations,half-year,Jul-Dec 2024,all,all,all,all,country_name,Denmark,84.0,,
,LIGR,GRFCR,Content actioned due to (local) law violations,half-year,Jul-Dec 2024,all,all,all,all,country_name,Denmark,1.0,,
,LIGR,GRFCR,Content not actioned,half-year,Jul-Dec 2024,all,all,all,all,country_name,Denmark,0.0,,
,LIGR,GRFCR,Total accounts received,half-year,Jul-Dec 2024,all,all,all,all,country_name,Denmark,1.0,,
,LIGR,GRFCR,Accounts actioned due to community guidelines violations,half-year,Jul-Dec 2024,all,all,all,all,country_name,Denmark,1.0,,
,LIGR,GRFCR,Accounts actioned due to (local) law violations,half-year,Jul-Dec 2024,all,all,all,all,country_name,Denmark,0.0,,
,LIGR,GRFCR,Accounts not actioned,half-year,Jul-Dec 2024,all,all,all,all,country_name,Denmark,0.0,,
,LIGR,GRFCR,Removal rate,half-year,Jul-Dec 2024,all,all,all,all,country_name,Denmark,1.0,,
,LIGR,GRFCR,Total requests received,half-year,Jul-Dec 2024,all,all,all,all,country_name,Egypt,12.0,,
,LIGR,GRFCR,Total content received,half-year,Jul-Dec 2024,all,all,all,all,country_name,Egypt,179.0,,
,LIGR,GRFCR,Content actioned due to community guidelines violations,half-year,Jul-Dec 2024,all,all,all,all,country_name,Egypt,88.0,,
,LIGR,GRFCR,Content actioned due to (local) law violations,half-year,Jul-Dec 2024,all,all,all,all,country_name,Egypt,52.0,,
,LIGR,GRFCR,Content not actioned,half-year,Jul-Dec 2024,all,all,all,all,country_name,Egypt,39.0,,
,LIGR,GRFCR,Total accounts received,half-year,Jul-Dec 2024,all,all,all,all,country_name,Egypt,8.0,,
,LIGR,GRFCR,Accounts actioned due to community guidelines violations,half-year,Jul-Dec 2024,all,all,all,all,country_name,Egypt,1.0,,
,LIGR,GRFCR,Accounts actioned due to (local) law violations,half-year,Jul-Dec 2024,all,all,all,all,country_name,Egypt,5.0,,
,LIGR,GRFCR,Accounts not actioned,half-year,Jul-Dec 2024,all,all,all,all,country_name,Egypt,2.0,,
,LIGR,GRFCR,Removal rate,half-year,Jul-Dec 2024,all,all,all,all,country_name,Egypt,0.780748663,,
,LIGR,GRFCR,Total requests received,half-year,Jul-Dec 2024,all,all,all,all,country_name,Estonia,14.0,,
,LIGR,GRFCR,Total content received,half-year,Jul-Dec 2024,all,all,all,all,country_name,Estonia,9.0,,
,LIGR,GRFCR,Content actioned due to community guidelines violations,half-year,Jul-Dec 2024,all,all,all,all,country_name,Estonia,5.0,,
,LIGR,GRFCR,Content actioned due to (local) law violations,half-year,Jul-Dec 2024,all,all,all,all,country_name,Estonia,0.0,,
,LIGR,GRFCR,Content not actioned,half-year,Jul-Dec 2024,all,all,all,all,country_name,Estonia,4.0,,
,LIGR,GRFCR,Total accounts received,half-year,Jul-Dec 2024,all,all,all,all,country_name,Estonia,7.0,,
,LIGR,GRFCR,Accounts actioned due to community guidelines violations,half-year,Jul-Dec 2024,all,all,all,all,country_name,Estonia,5.0,,
,LIGR,GRFCR,Accounts actioned due to (local) law violations,half-year,Jul-Dec 2024,all,all,all,all,country_name,Estonia,0.0,,
,LIGR,GRFCR,Accounts not actioned,half-year,Jul-Dec 2024,all,all,all,all,country_name,Estonia,2.0,,
,LIGR,GRFCR,Removal rate,half-year,Jul-Dec 2024,all,all,all,all,country_name,Estonia,0.625,,
,LIGR,GRFCR,Total requests received,half-year,Jul-Dec 2024,all,all,all,all,country_name,Ethiopia,48.0,,
,LIGR,GRFCR,Total content received,half-year,Jul-Dec 2024,all,all,all,all,country_name,Ethiopia,14.0,,
,LIGR,GRFCR,Content actioned due to community guidelines violations,half-year,Jul-Dec 2024,all,all,all,all,country_name,Ethiopia,6.0,,
,LIGR,GRFCR,Content actioned due to (local) law violations,half-year,Jul-Dec 2024,all,all,all,all,country_name,Ethiopia,0.0,,
,LIGR,GRFCR,Content not actioned,half-year,Jul-Dec 2024,all,all,all,all,country_name,Ethiopia,8.0,,
,LIGR,GRFCR,Total accounts received,half-year,Jul-Dec 2024,all,all,all,all,country_name,Ethiopia,114.0,,
,LIGR,GRFCR,Accounts actioned due to community guidelines violations,half-year,Jul-Dec 2024,all,all,all,all,country_name,Ethiopia,75.0,,
,LIGR,GRFCR,Accounts actioned due to (local) law violations,half-year,Jul-Dec 2024,all,all,all,all,country_name,Ethiopia,0.0,,
,LIGR,GRFCR,Accounts not actioned,half-year,Jul-Dec 2024,all,all,all,all,country_name,Ethiopia,39.0,,
,LIGR,GRFCR,Removal rate,half-year,Jul-Dec 2024,all,all,all,all,country_name,Ethiopia,0.6328125,,
,LIGR,GRFCR,Total requests received,half-year,Jul-Dec 2024,all,all,all,all,country_name,Fiji,105.0,,
,LIGR,GRFCR,Total content received,half-year,Jul-Dec 2024,all,all,all,all,country_name,Fiji,48.0,,
,LIGR,GRFCR,Content actioned due to community guidelines violations,half-year,Jul-Dec 2024,all,all,all,all,country_name,Fiji,40.0,,
,LIGR,GRFCR,Content actioned due to (local) law violations,half-year,Jul-Dec 2024,all,all,all,all,country_name,Fiji,0.0,,
,LIGR,GRFCR,Content not actioned,half-year,Jul-Dec 2024,all,all,all,all,country_name,Fiji,8.0,,
,LIGR,GRFCR,Total accounts received,half-year,Jul-Dec 2024,all,all,all,all,country_name,Fiji,124.0,,
,LIGR,GRFCR,Accounts actioned due to community guidelines violations,half-year,Jul-Dec 2024,all,all,all,all,country_name,Fiji,111.0,,
,LIGR,GRFCR,Accounts actioned due to (local) law violations,half-year,Jul-Dec 2024,all,all,all,all,country_name,Fiji,0.0,,
,LIGR,GRFCR,Accounts not actioned,half-year,Jul-Dec 2024,all,all,all,all,country_name,Fiji,13.0,,
,LIGR,GRFCR,Removal rate,half-year,Jul-Dec 2024,all,all,all,all,country_name,Fiji,0.877906977,,
,LIGR,GRFCR,Total requests received,half-year,Jul-Dec 2024,all,all,all,all,country_name,Finland,3.0,,
,LIGR,GRFCR,Total content received,half-year,Jul-Dec 2024,all,all,all,all,country_name,Finland,0.0,,
,LIGR,GRFCR,Content actioned due to community guidelines violations,half-year,Jul-Dec 2024,all,all,all,all,country_name,Finland,0.0,,
,LIGR,GRFCR,Content actioned due to (local) law violations,half-year,Jul-Dec 2024,all,all,all,all,country_name,Finland,0.0,,
,LIGR,GRFCR,Content not actioned,half-year,Jul-Dec 2024,all,all,all,all,country_name,Finland,0.0,,
,LIGR,GRFCR,Total accounts received,half-year,Jul-Dec 2024,all,all,all,all,country_name,Finland,6.0,,
,LIGR,GRFCR,Accounts actioned due to community guidelines violations,half-year,Jul-Dec 2024,all,all,all,all,country_name,Finland,3.0,,
,LIGR,GRFCR,Accounts actioned due to (local) law violations,half-year,Jul-Dec 2024,all,all,all,all,country_name,Finland,0.0,,
,LIGR,GRFCR,Accounts not actioned,half-year,Jul-Dec 2024,all,all,all,all,country_name,Finland,3.0,,
,LIGR,GRFCR,Removal rate,half-year,Jul-Dec 2024,all,all,all,all,country_name,Finland,0.5,,
,LIGR,GRFCR,Total requests received,half-year,Jul-Dec 2024,all,all,all,all,country_name,France,255.0,,
,LIGR,GRFCR,Total content received,half-year,Jul-Dec 2024,all,all,all,all,country_name,France,532.0,,
,LIGR,GRFCR,Content actioned due to community guidelines violations,half-year,Jul-Dec 2024,all,all,all,all,country_name,France,462.0,,
,LIGR,GRFCR,Content actioned due to (local) law violations,half-year,Jul-Dec 2024,all,all,all,all,country_name,France,47.0,,
,LIGR,GRFCR,Content not actioned,half-year,Jul-Dec 2024,all,all,all,all,country_name,France,23.0,,
,LIGR,GRFCR,Total accounts received,half-year,Jul-Dec 2024,all,all,all,all,country_name,France,82.0,,
,LIGR,GRFCR,Accounts actioned due to community guidelines violations,half-year,Jul-Dec 2024,all,all,all,all,country_name,France,59.0,,
,LIGR,GRFCR,Accounts actioned due to (local) law violations,half-year,Jul-Dec 2024,all,all,all,all,country_name,France,10.0,,
,LIGR,GRFCR,Accounts not actioned,half-year,Jul-Dec 2024,all,all,all,all,country_name,France,13.0,,
,LIGR,GRFCR,Removal rate,half-year,Jul-Dec 2024,all,all,all,all,country_name,France,0.941368078,,
,LIGR,GRFCR,Total requests received,half-year,Jul-Dec 2024,all,all,all,all,country_name,Gambia,1.0,,
,LIGR,GRFCR,Total content received,half-year,Jul-Dec 2024,all,all,all,all,country_name,Gambia,0.0,,
,LIGR,GRFCR,Content actioned due to community guidelines violations,half-year,Jul-Dec 2024,all,all,all,all,country_name,Gambia,0.0,,
,LIGR,GRFCR,Content actioned due to (local) law violations,half-year,Jul-Dec 2024,all,all,all,all,country_name,Gambia,0.0,,
,LIGR,GRFCR,Content not actioned,half-year,Jul-Dec 2024,all,all,all,all,country_name,Gambia,0.0,,
,LIGR,GRFCR,Total accounts received,half-year,Jul-Dec 2024,all,all,all,all,country_name,Gambia,1.0,,
,LIGR,GRFCR,Accounts actioned due to community guidelines violations,half-year,Jul-Dec 2024,all,all,all,all,country_name,Gambia,0.0,,
,LIGR,GRFCR,Accounts actioned due to (local) law violations,half-year,Jul-Dec 2024,all,all,all,all,country_name,Gambia,0.0,,
,LIGR,GRFCR,Accounts not actioned,half-year,Jul-Dec 2024,all,all,all,all,country_name,Gambia,1.0,,
,LIGR,GRFCR,Removal rate,half-year,Jul-Dec 2024,all,all,all,all,country_name,Gambia,0.0,,
,LIGR,GRFCR,Total requests received,half-year,Jul-Dec 2024,all,all,all,all,country_name,Germany,243.0,,
,LIGR,GRFCR,Total content received,half-year,Jul-Dec 2024,all,all,all,all,country_name,Germany,3520.0,,
,LIGR,GRFCR,Content actioned due to community guidelines violations,half-year,Jul-Dec 2024,all,all,all,all,country_name,Germany,2969.0,,
,LIGR,GRFCR,Content actioned due to (local) law violations,half-year,Jul-Dec 2024,all,all,all,all,country_name,Germany,1.0,,
,LIGR,GRFCR,Content not actioned,half-year,Jul-Dec 2024,all,all,all,all,country_name,Germany,550.0,,
,LIGR,GRFCR,Total accounts received,half-year,Jul-Dec 2024,all,all,all,all,country_name,Germany,83.0,,
,LIGR,GRFCR,Accounts actioned due to community guidelines violations,half-year,Jul-Dec 2024,all,all,all,all,country_name,Germany,63.0,,
,LIGR,GRFCR,Accounts actioned due to (local) law violations,half-year,Jul-Dec 2024,all,all,all,all,country_name,Germany,1.0,,
,LIGR,GRFCR,Accounts not actioned,half-year,Jul-Dec 2024,all,all,all,all,country_name,Germany,19.0,,
,LIGR,GRFCR,Removal rate,half-year,Jul-Dec 2024,all,all,all,all,country_name,Germany,0.842076048,,
,LIGR,GRFCR,Total requests received,half-year,Jul-Dec 2024,all,all,all,all,country_name,Ghana,3.0,,
,LIGR,GRFCR,Total content received,half-year,Jul-Dec 2024,all,all,all,all,country_name,Ghana,7.0,,
,LIGR,GRFCR,Content actioned due to community guidelines violations,half-year,Jul-Dec 2024,all,all,all,all,country_name,Ghana,3.0,,
,LIGR,GRFCR,Content actioned due to (local) law violations,half-year,Jul-Dec 2024,all,all,all,all,country_name,Ghana,0.0,,
,LIGR,GRFCR,Content not actioned,half-year,Jul-Dec 2024,all,all,all,all,country_name,Ghana,4.0,,
,LIGR,GRFCR,Total accounts received,half-year,Jul-Dec 2024,all,all,all,all,country_name,Ghana,1.0,,
,LIGR,GRFCR,Accounts actioned due to community guidelines violations,half-year,Jul-Dec 2024,all,all,all,all,country_name,Ghana,0.0,,
,LIGR,GRFCR,Accounts actioned due to (local) law violations,half-year,Jul-Dec 2024,all,all,all,all,country_name,Ghana,0.0,,
,LIGR,GRFCR,Accounts not actioned,half-year,Jul-Dec 2024,all,all,all,all,country_name,Ghana,1.0,,
,LIGR,GRFCR,Removal rate,half-year,Jul-Dec 2024,all,all,all,all,country_name,Ghana,0.375,,
,LIGR,GRFCR,Total requests received,half-year,Jul-Dec 2024,all,all,all,all,country_name,Greece,1.0,,
,LIGR,GRFCR,Total content received,half-year,Jul-Dec 2024,all,all,all,all,country_name,Greece,0.0,,
,LIGR,GRFCR,Content actioned due to community guidelines violations,half-year,Jul-Dec 2024,all,all,all,all,country_name,Greece,0.0,,
,LIGR,GRFCR,Content actioned due to (local) law violations,half-year,Jul-Dec 2024,all,all,all,all,country_name,Greece,0.0,,
,LIGR,GRFCR,Content not actioned,half-year,Jul-Dec 2024,all,all,all,all,country_name,Greece,0.0,,
,LIGR,GRFCR,Total accounts received,half-year,Jul-Dec 2024,all,all,all,all,country_name,Greece,2.0,,
,LIGR,GRFCR,Accounts actioned due to community guidelines violations,half-year,Jul-Dec 2024,all,all,all,all,country_name,Greece,1.0,,
,LIGR,GRFCR,Accounts actioned due to (local) law violations,half-year,Jul-Dec 2024,all,all,all,all,country_name,Greece,0.0,,
,LIGR,GRFCR,Accounts not actioned,half-year,Jul-Dec 2024,all,all,all,all,country_name,Greece,1.0,,
,LIGR,GRFCR,Removal rate,half-year,Jul-Dec 2024,all,all,all,all,country_name,Greece,0.5,,
,LIGR,GRFCR,Total requests received,half-year,Jul-Dec 2024,all,all,all,all,country_name,Hungary,8.0,,
,LIGR,GRFCR,Total content received,half-year,Jul-Dec 2024,all,all,all,all,country_name,Hungary,5.0,,
,LIGR,GRFCR,Content actioned due to community guidelines violations,half-year,Jul-Dec 2024,all,all,all,all,country_name,Hungary,5.0,,
,LIGR,GRFCR,Content actioned due to (local) law violations,half-year,Jul-Dec 2024,all,all,all,all,country_name,Hungary,0.0,,
,LIGR,GRFCR,Content not actioned,half-year,Jul-Dec 2024,all,all,all,all,country_name,Hungary,0.0,,
,LIGR,GRFCR,Total accounts received,half-year,Jul-Dec 2024,all,all,all,all,country_name,Hungary,3.0,,
,LIGR,GRFCR,Accounts actioned due to community guidelines violations,half-year,Jul-Dec 2024,all,all,all,all,country_name,Hungary,1.0,,
,LIGR,GRFCR,Accounts actioned due to (local) law violations,half-year,Jul-Dec 2024,all,all,all,all,country_name,Hungary,0.0,,
,LIGR,GRFCR,Accounts not actioned,half-year,Jul-Dec 2024,all,all,all,all,country_name,Hungary,2.0,,
,LIGR,GRFCR,Removal rate,half-year,Jul-Dec 2024,all,all,all,all,country_name,Hungary,0.75,,
,LIGR,GRFCR,Total requests received,half-year,Jul-Dec 2024,all,all,all,all,country_name,Indonesia,497.0,,
,LIGR,GRFCR,Total content received,half-year,Jul-Dec 2024,all,all,all,all,country_name,Indonesia,1847.0,,
,LIGR,GRFCR,Content actioned due to community guidelines violations,half-year,Jul-Dec 2024,all,all,all,all,country_name,Indonesia,947.0,,
,LIGR,GRFCR,Content actioned due to (local) law violations,half-year,Jul-Dec 2024,all,all,all,all,country_name,Indonesia,351.0,,
,LIGR,GRFCR,Content not actioned,half-year,Jul-Dec 2024,all,all,all,all,country_name,Indonesia,549.0,,
,LIGR,GRFCR,Total accounts received,half-year,Jul-Dec 2024,all,all,all,all,country_name,Indonesia,2107.0,,
,LIGR,GRFCR,Accounts actioned due to community guidelines violations,half-year,Jul-Dec 2024,all,all,all,all,country_name,Indonesia,2049.0,,
,LIGR,GRFCR,Accounts actioned due to (local) law violations,half-year,Jul-Dec 2024,all,all,all,all,country_name,Indonesia,20.0,,
,LIGR,GRFCR,Accounts not actioned,half-year,Jul-Dec 2024,all,all,all,all,country_name,Indonesia,38.0,,
,LIGR,GRFCR,Removal rate,half-year,Jul-Dec 2024,all,all,all,all,country_name,Indonesia,0.851542742,,
,LIGR,GRFCR,Total requests received,half-year,Jul-Dec 2024,all,all,all,all,country_name,Iraq,133.0,,
,LIGR,GRFCR,Total content received,half-year,Jul-Dec 2024,all,all,all,all,country_name,Iraq,454.0,,
,LIGR,GRFCR,Content actioned due to community guidelines violations,half-year,Jul-Dec 2024,all,all,all,all,country_name,Iraq,200.0,,
,LIGR,GRFCR,Content actioned due to (local) law violations,half-year,Jul-Dec 2024,all,all,all,all,country_name,Iraq,210.0,,
,LIGR,GRFCR,Content not actioned,half-year,Jul-Dec 2024,all,all,all,all,country_name,Iraq,44.0,,
,LIGR,GRFCR,Total accounts received,half-year,Jul-Dec 2024,all,all,all,all,country_name,Iraq,530.0,,
,LIGR,GRFCR,Accounts actioned due to community guidelines violations,half-year,Jul-Dec 2024,all,all,all,all,country_name,Iraq,209.0,,
,LIGR,GRFCR,Accounts actioned due to (local) law violations,half-year,Jul-Dec 2024,all,all,all,all,country_name,Iraq,263.0,,
,LIGR,GRFCR,Accounts not actioned,half-year,Jul-Dec 2024,all,all,all,all,country_name,Iraq,58.0,,
,LIGR,GRFCR,Removal rate,half-year,Jul-Dec 2024,all,all,all,all,country_name,Iraq,0.896341463,,
,LIGR,GRFCR,Total requests received,half-year,Jul-Dec 2024,all,all,all,all,country_name,Ireland,7.0,,
,LIGR,GRFCR,Total content received,half-year,Jul-Dec 2024,all,all,all,all,country_name,Ireland,3.0,,
,LIGR,GRFCR,Content actioned due to community guidelines violations,half-year,Jul-Dec 2024,all,all,all,all,country_name,Ireland,3.0,,
,LIGR,GRFCR,Content actioned due to (local) law violations,half-year,Jul-Dec 2024,all,all,all,all,country_name,Ireland,0.0,,
,LIGR,GRFCR,Content not actioned,half-year,Jul-Dec 2024,all,all,all,all,country_name,Ireland,0.0,,
,LIGR,GRFCR,Total accounts received,half-year,Jul-Dec 2024,all,all,all,all,country_name,Ireland,3.0,,
,LIGR,GRFCR,Accounts actioned due to community guidelines violations,half-year,Jul-Dec 2024,all,all,all,all,country_name,Ireland,3.0,,
,LIGR,GRFCR,Accounts actioned due to (local) law violations,half-year,Jul-Dec 2024,all,all,all,all,country_name,Ireland,0.0,,
,LIGR,GRFCR,Accounts not actioned,half-year,Jul-Dec 2024,all,all,all,all,country_name,Ireland,0.0,,
,LIGR,GRFCR,Removal rate,half-year,Jul-Dec 2024,all,all,all,all,country_name,Ireland,1.0,,
,LIGR,GRFCR,Total requests received,half-year,Jul-Dec 2024,all,all,all,all,country_name,Israel,165.0,,
,LIGR,GRFCR,Total content received,half-year,Jul-Dec 2024,all,all,all,all,country_name,Israel,9155.0,,
,LIGR,GRFCR,Content actioned due to community guidelines violations,half-year,Jul-Dec 2024,all,all,all,all,country_name,Israel,8637.0,,
,LIGR,GRFCR,Content actioned due to (local) law violations,half-year,Jul-Dec 2024,all,all,all,all,country_name,Israel,447.0,,
,LIGR,GRFCR,Content not actioned,half-year,Jul-Dec 2024,all,all,all,all,country_name,Israel,71.0,,
,LIGR,GRFCR,Total accounts received,half-year,Jul-Dec 2024,all,all,all,all,country_name,Israel,194.0,,
,LIGR,GRFCR,Accounts actioned due to community guidelines violations,half-year,Jul-Dec 2024,all,all,all,all,country_name,Israel,177.0,,
,LIGR,GRFCR,Accounts actioned due to (local) law violations,half-year,Jul-Dec 2024,all,all,all,all,country_name,Israel,9.0,,
,LIGR,GRFCR,Accounts not actioned,half-year,Jul-Dec 2024,all,all,all,all,country_name,Israel,8.0,,
,LIGR,GRFCR,Removal rate,half-year,Jul-Dec 2024,all,all,all,all,country_name,Israel,0.991549898,,
,LIGR,GRFCR,Total requests received,half-year,Jul-Dec 2024,all,all,all,all,country_name,Italy,17.0,,
,LIGR,GRFCR,Total content received,half-year,Jul-Dec 2024,all,all,all,all,country_name,Italy,1.0,,
,LIGR,GRFCR,Content actioned due to community guidelines violations,half-year,Jul-Dec 2024,all,all,all,all,country_name,Italy,1.0,,
,LIGR,GRFCR,Content actioned due to (local) law violations,half-year,Jul-Dec 2024,all,all,all,all,country_name,Italy,0.0,,
,LIGR,GRFCR,Content not actioned,half-year,Jul-Dec 2024,all,all,all,all,country_name,Italy,0.0,,
,LIGR,GRFCR,Total accounts received,half-year,Jul-Dec 2024,all,all,all,all,country_name,Italy,0.0,,
,LIGR,GRFCR,Accounts actioned due to community guidelines violations,half-year,Jul-Dec 2024,all,all,all,all,country_name,Italy,0.0,,
,LIGR,GRFCR,Accounts actioned due to (local) law violations,half-year,Jul-Dec 2024,all,all,all,all,country_name,Italy,0.0,,
,LIGR,GRFCR,Accounts not actioned,half-year,Jul-Dec 2024,all,all,all,all,country_name,Italy,0.0,,
,LIGR,GRFCR,Removal rate,half-year,Jul-Dec 2024,all,all,all,all,country_name,Italy,1.0,,
,LIGR,GRFCR,Total requests received,half-year,Jul-Dec 2024,all,all,all,all,country_name,Ivory Coast,4.0,,
,LIGR,GRFCR,Total content received,half-year,Jul-Dec 2024,all,all,all,all,country_name,Ivory Coast,2.0,,
,LIGR,GRFCR,Content actioned due to community guidelines violations,half-year,Jul-Dec 2024,all,all,all,all,country_name,Ivory Coast,1.0,,
,LIGR,GRFCR,Content actioned due to (local) law violations,half-year,Jul-Dec 2024,all,all,all,all,country_name,Ivory Coast,0.0,,
,LIGR,GRFCR,Content not actioned,half-year,Jul-Dec 2024,all,all,all,all,country_name,Ivory Coast,1.0,,
,LIGR,GRFCR,Total accounts received,half-year,Jul-Dec 2024,all,all,all,all,country_name,Ivory Coast,2.0,,
,LIGR,GRFCR,Accounts actioned due to community guidelines violations,half-year,Jul-Dec 2024,all,all,all,all,country_name,Ivory Coast,2.0,,
,LIGR,GRFCR,Accounts actioned due to (local) law violations,half-year,Jul-Dec 2024,all,all,all,all,country_name,Ivory Coast,0.0,,
,LIGR,GRFCR,Accounts not actioned,half-year,Jul-Dec 2024,all,all,all,all,country_name,Ivory Coast,0.0,,
,LIGR,GRFCR,Removal rate,half-year,Jul-Dec 2024,all,all,all,all,country_name,Ivory Coast,0.75,,
,LIGR,GRFCR,Total requests received,half-year,Jul-Dec 2024,all,all,all,all,country_name,Japan,7.0,,
,LIGR,GRFCR,Total content received,half-year,Jul-Dec 2024,all,all,all,all,country_name,Japan,22.0,,
,LIGR,GRFCR,Content actioned due to community guidelines violations,half-year,Jul-Dec 2024,all,all,all,all,country_name,Japan,2.0,,
,LIGR,GRFCR,Content actioned due to (local) law violations,half-year,Jul-Dec 2024,all,all,all,all,country_name,Japan,20.0,,
,LIGR,GRFCR,Content not actioned,half-year,Jul-Dec 2024,all,all,all,all,country_name,Japan,0.0,,
,LIGR,GRFCR,Total accounts received,half-year,Jul-Dec 2024,all,all,all,all,country_name,Japan,1.0,,
,LIGR,GRFCR,Accounts actioned due to community guidelines violations,half-year,Jul-Dec 2024,all,all,all,all,country_name,Japan,1.0,,
,LIGR,GRFCR,Accounts actioned due to (local) law violations,half-year,Jul-Dec 2024,all,all,all,all,country_name,Japan,0.0,,
,LIGR,GRFCR,Accounts not actioned,half-year,Jul-Dec 2024,all,all,all,all,country_name,Japan,0.0,,
,LIGR,GRFCR,Removal rate,half-year,Jul-Dec 2024,all,all,all,all,country_name,Japan,1.0,,
,LIGR,GRFCR,Total requests received,half-year,Jul-Dec 2024,all,all,all,all,country_name,Jordan,3.0,,
,LIGR,GRFCR,Total content received,half-year,Jul-Dec 2024,all,all,all,all,country_name,Jordan,7.0,,
,LIGR,GRFCR,Content actioned due to community guidelines violations,half-year,Jul-Dec 2024,all,all,all,all,country_name,Jordan,7.0,,
,LIGR,GRFCR,Content actioned due to (local) law violations,half-year,Jul-Dec 2024,all,all,all,all,country_name,Jordan,0.0,,
,LIGR,GRFCR,Content not actioned,half-year,Jul-Dec 2024,all,all,all,all,country_name,Jordan,0.0,,
,LIGR,GRFCR,Total accounts received,half-year,Jul-Dec 2024,all,all,all,all,country_name,Jordan,2.0,,
,LIGR,GRFCR,Accounts actioned due to community guidelines violations,half-year,Jul-Dec 2024,all,all,all,all,country_name,Jordan,1.0,,
,LIGR,GRFCR,Accounts actioned due to (local) law violations,half-year,Jul-Dec 2024,all,all,all,all,country_name,Jordan,0.0,,
,LIGR,GRFCR,Accounts not actioned,half-year,Jul-Dec 2024,all,all,all,all,country_name,Jordan,1.0,,
,LIGR,GRFCR,Removal rate,half-year,Jul-Dec 2024,all,all,all,all,country_name,Jordan,0.888888889,,
,LIGR,GRFCR,Total requests received,half-year,Jul-Dec 2024,all,all,all,all,country_name,Kazakhstan,393.0,,
,LIGR,GRFCR,Total content received,half-year,Jul-Dec 2024,all,all,all,all,country_name,Kazakhstan,10409.0,,
,LIGR,GRFCR,Content actioned due to community guidelines violations,half-year,Jul-Dec 2024,all,all,all,all,country_name,Kazakhstan,3458.0,,
,LIGR,GRFCR,Content actioned due to (local) law violations,half-year,Jul-Dec 2024,all,all,all,all,country_name,Kazakhstan,232.0,,
,LIGR,GRFCR,Content not actioned,half-year,Jul-Dec 2024,all,all,all,all,country_name,Kazakhstan,6719.0,,
,LIGR,GRFCR,Total accounts received,half-year,Jul-Dec 2024,all,all,all,all,country_name,Kazakhstan,302.0,,
,LIGR,GRFCR,Accounts actioned due to community guidelines violations,half-year,Jul-Dec 2024,all,all,all,all,country_name,Kazakhstan,209.0,,
,LIGR,GRFCR,Accounts actioned due to (local) law violations,half-year,Jul-Dec 2024,all,all,all,all,country_name,Kazakhstan,11.0,,
,LIGR,GRFCR,Accounts not actioned,half-year,Jul-Dec 2024,all,all,all,all,country_name,Kazakhstan,82.0,,
,LIGR,GRFCR,Removal rate,half-year,Jul-Dec 2024,all,all,all,all,country_name,Kazakhstan,0.365045281,,
,LIGR,GRFCR,Total requests received,half-year,Jul-Dec 2024,all,all,all,all,country_name,Kuwait,2.0,,
,LIGR,GRFCR,Total content received,half-year,Jul-Dec 2024,all,all,all,all,country_name,Kuwait,0.0,,
,LIGR,GRFCR,Content actioned due to community guidelines violations,half-year,Jul-Dec 2024,all,all,all,all,country_name,Kuwait,0.0,,
,LIGR,GRFCR,Content actioned due to (local) law violations,half-year,Jul-Dec 2024,all,all,all,all,country_name,Kuwait,0.0,,
,LIGR,GRFCR,Content not actioned,half-year,Jul-Dec 2024,all,all,all,all,country_name,Kuwait,0.0,,
,LIGR,GRFCR,Total accounts received,half-year,Jul-Dec 2024,all,all,all,all,country_name,Kuwait,2.0,,
,LIGR,GRFCR,Accounts actioned due to community guidelines violations,half-year,Jul-Dec 2024,all,all,all,all,country_name,Kuwait,1.0,,
,LIGR,GRFCR,Accounts actioned due to (local) law violations,half-year,Jul-Dec 2024,all,all,all,all,country_name,Kuwait,0.0,,
,LIGR,GRFCR,Accounts not actioned,half-year,Jul-Dec 2024,all,all,all,all,country_name,Kuwait,1.0,,
,LIGR,GRFCR,Removal rate,half-year,Jul-Dec 2024,all,all,all,all,country_name,Kuwait,0.5,,
,LIGR,GRFCR,Total requests received,half-year,Jul-Dec 2024,all,all,all,all,country_name,Libya,9.0,,
,LIGR,GRFCR,Total content received,half-year,Jul-Dec 2024,all,all,all,all,country_name,Libya,0.0,,
,LIGR,GRFCR,Content actioned due to community guidelines violations,half-year,Jul-Dec 2024,all,all,all,all,country_name,Libya,0.0,,
,LIGR,GRFCR,Content actioned due to (local) law violations,half-year,Jul-Dec 2024,all,all,all,all,country_name,Libya,0.0,,
,LIGR,GRFCR,Content not actioned,half-year,Jul-Dec 2024,all,all,all,all,country_name,Libya,0.0,,
,LIGR,GRFCR,Total accounts received,half-year,Jul-Dec 2024,all,all,all,all,country_name,Libya,9.0,,
,LIGR,GRFCR,Accounts actioned due to community guidelines violations,half-year,Jul-Dec 2024,all,all,all,all,country_name,Libya,5.0,,
,LIGR,GRFCR,Accounts actioned due to (local) law violations,half-year,Jul-Dec 2024,all,all,all,all,country_name,Libya,0.0,,
,LIGR,GRFCR,Accounts not actioned,half-year,Jul-Dec 2024,all,all,all,all,country_name,Libya,4.0,,
,LIGR,GRFCR,Removal rate,half-year,Jul-Dec 2024,all,all,all,all,country_name,Libya,0.555555556,,
,LIGR,GRFCR,Total requests received,half-year,Jul-Dec 2024,all,all,all,all,country_name,Lithuania,2.0,,
,LIGR,GRFCR,Total content received,half-year,Jul-Dec 2024,all,all,all,all,country_name,Lithuania,0.0,,
,LIGR,GRFCR,Content actioned due to community guidelines violations,half-year,Jul-Dec 2024,all,all,all,all,country_name,Lithuania,0.0,,
,LIGR,GRFCR,Content actioned due to (local) law violations,half-year,Jul-Dec 2024,all,all,all,all,country_name,Lithuania,0.0,,
,LIGR,GRFCR,Content not actioned,half-year,Jul-Dec 2024,all,all,all,all,country_name,Lithuania,0.0,,
,LIGR,GRFCR,Total accounts received,half-year,Jul-Dec 2024,all,all,all,all,country_name,Lithuania,3.0,,
,LIGR,GRFCR,Accounts actioned due to community guidelines violations,half-year,Jul-Dec 2024,all,all,all,all,country_name,Lithuania,3.0,,
,LIGR,GRFCR,Accounts actioned due to (local) law violations,half-year,Jul-Dec 2024,all,all,all,all,country_name,Lithuania,0.0,,
,LIGR,GRFCR,Accounts not actioned,half-year,Jul-Dec 2024,all,all,all,all,country_name,Lithuania,0.0,,
,LIGR,GRFCR,Removal rate,half-year,Jul-Dec 2024,all,all,all,all,country_name,Lithuania,1.0,,
,LIGR,GRFCR,Total requests received,half-year,Jul-Dec 2024,all,all,all,all,country_name,Luxembourg,2.0,,
,LIGR,GRFCR,Total content received,half-year,Jul-Dec 2024,all,all,all,all,country_name,Luxembourg,0.0,,
,LIGR,GRFCR,Content actioned due to community guidelines violations,half-year,Jul-Dec 2024,all,all,all,all,country_name,Luxembourg,0.0,,
,LIGR,GRFCR,Content actioned due to (local) law violations,half-year,Jul-Dec 2024,all,all,all,all,country_name,Luxembourg,0.0,,
,LIGR,GRFCR,Content not actioned,half-year,Jul-Dec 2024,all,all,all,all,country_name,Luxembourg,0.0,,
,LIGR,GRFCR,Total accounts received,half-year,Jul-Dec 2024,all,all,all,all,country_name,Luxembourg,2.0,,
,LIGR,GRFCR,Accounts actioned due to community guidelines violations,half-year,Jul-Dec 2024,all,all,all,all,country_name,Luxembourg,2.0,,
,LIGR,GRFCR,Accounts actioned due to (local) law violations,half-year,Jul-Dec 2024,all,all,all,all,country_name,Luxembourg,0.0,,
,LIGR,GRFCR,Accounts not actioned,half-year,Jul-Dec 2024,all,all,all,all,country_name,Luxembourg,0.0,,
,LIGR,GRFCR,Removal rate,half-year,Jul-Dec 2024,all,all,all,all,country_name,Luxembourg,1.0,,
,LIGR,GRFCR,Total requests received,half-year,Jul-Dec 2024,all,all,all,all,country_name,Malaysia,3234.0,,
,LIGR,GRFCR,Total content received,half-year,Jul-Dec 2024,all,all,all,all,country_name,Malaysia,7212.0,,
,LIGR,GRFCR,Content actioned due to community guidelines violations,half-year,Jul-Dec 2024,all,all,all,all,country_name,Malaysia,2509.0,,
,LIGR,GRFCR,Content actioned due to (local) law violations,half-year,Jul-Dec 2024,all,all,all,all,country_name,Malaysia,4087.0,,
,LIGR,GRFCR,Content not actioned,half-year,Jul-Dec 2024,all,all,all,all,country_name,Malaysia,616.0,,
,LIGR,GRFCR,Total accounts received,half-year,Jul-Dec 2024,all,all,all,all,country_name,Malaysia,5293.0,,
,LIGR,GRFCR,Accounts actioned due to community guidelines violations,half-year,Jul-Dec 2024,all,all,all,all,country_name,Malaysia,4051.0,,
,LIGR,GRFCR,Accounts actioned due to (local) law violations,half-year,Jul-Dec 2024,all,all,all,all,country_name,Malaysia,1082.0,,
,LIGR,GRFCR,Accounts not actioned,half-year,Jul-Dec 2024,all,all,all,all,country_name,Malaysia,160.0,,
,LIGR,GRFCR,Removal rate,half-year,Jul-Dec 2024,all,all,all,all,country_name,Malaysia,0.937944822,,
,LIGR,GRFCR,Total requests received,half-year,Jul-Dec 2024,all,all,all,all,country_name,Maldives,1.0,,
,LIGR,GRFCR,Total content received,half-year,Jul-Dec 2024,all,all,all,all,country_name,Maldives,1.0,,
,LIGR,GRFCR,Content actioned due to community guidelines violations,half-year,Jul-Dec 2024,all,all,all,all,country_name,Maldives,1.0,,
,LIGR,GRFCR,Content actioned due to (local) law violations,half-year,Jul-Dec 2024,all,all,all,all,country_name,Maldives,0.0,,
,LIGR,GRFCR,Content not actioned,half-year,Jul-Dec 2024,all,all,all,all,country_name,Maldives,0.0,,
,LIGR,GRFCR,Total accounts received,half-year,Jul-Dec 2024,all,all,all,all,country_name,Maldives,0.0,,
,LIGR,GRFCR,Accounts actioned due to community guidelines violations,half-year,Jul-Dec 2024,all,all,all,all,country_name,Maldives,0.0,,
,LIGR,GRFCR,Accounts actioned due to (local) law violations,half-year,Jul-Dec 2024,all,all,all,all,country_name,Maldives,0.0,,
,LIGR,GRFCR,Accounts not actioned,half-year,Jul-Dec 2024,all,all,all,all,country_name,Maldives,0.0,,
,LIGR,GRFCR,Removal rate,half-year,Jul-Dec 2024,all,all,all,all,country_name,Maldives,1.0,,
,LIGR,GRFCR,Total requests received,half-year,Jul-Dec 2024,all,all,all,all,country_name,Mauritius,159.0,,
,LIGR,GRFCR,Total content received,half-year,Jul-Dec 2024,all,all,all,all,country_name,Mauritius,140.0,,
,LIGR,GRFCR,Content actioned due to community guidelines violations,half-year,Jul-Dec 2024,all,all,all,all,country_name,Mauritius,102.0,,
,LIGR,GRFCR,Content actioned due to (local) law violations,half-year,Jul-Dec 2024,all,all,all,all,country_name,Mauritius,0.0,,
,LIGR,GRFCR,Content not actioned,half-year,Jul-Dec 2024,all,all,all,all,country_name,Mauritius,38.0,,
,LIGR,GRFCR,Total accounts received,half-year,Jul-Dec 2024,all,all,all,all,country_name,Mauritius,152.0,,
,LIGR,GRFCR,Accounts actioned due to community guidelines violations,half-year,Jul-Dec 2024,all,all,all,all,country_name,Mauritius,102.0,,
,LIGR,GRFCR,Accounts actioned due to (local) law violations,half-year,Jul-Dec 2024,all,all,all,all,country_name,Mauritius,0.0,,
,LIGR,GRFCR,Accounts not actioned,half-year,Jul-Dec 2024,all,all,all,all,country_name,Mauritius,50.0,,
,LIGR,GRFCR,Removal rate,half-year,Jul-Dec 2024,all,all,all,all,country_name,Mauritius,0.698630137,,
,LIGR,GRFCR,Total requests received,half-year,Jul-Dec 2024,all,all,all,all,country_name,Mexico,3.0,,
,LIGR,GRFCR,Total content received,half-year,Jul-Dec 2024,all,all,all,all,country_name,Mexico,1.0,,
,LIGR,GRFCR,Content actioned due to community guidelines violations,half-year,Jul-Dec 2024,all,all,all,all,country_name,Mexico,0.0,,
,LIGR,GRFCR,Content actioned due to (local) law violations,half-year,Jul-Dec 2024,all,all,all,all,country_name,Mexico,0.0,,
,LIGR,GRFCR,Content not actioned,half-year,Jul-Dec 2024,all,all,all,all,country_name,Mexico,1.0,,
,LIGR,GRFCR,Total accounts received,half-year,Jul-Dec 2024,all,all,all,all,country_name,Mexico,1.0,,
,LIGR,GRFCR,Accounts actioned due to community guidelines violations,half-year,Jul-Dec 2024,all,all,all,all,country_name,Mexico,1.0,,
,LIGR,GRFCR,Accounts actioned due to (local) law violations,half-year,Jul-Dec 2024,all,all,all,all,country_name,Mexico,0.0,,
,LIGR,GRFCR,Accounts not actioned,half-year,Jul-Dec 2024,all,all,all,all,country_name,Mexico,0.0,,
,LIGR,GRFCR,Removal rate,half-year,Jul-Dec 2024,all,all,all,all,country_name,Mexico,0.5,,
,LIGR,GRFCR,Total requests received,half-year,Jul-Dec 2024,all,all,all,all,country_name,Moldova,154.0,,
,LIGR,GRFCR,Total content received,half-year,Jul-Dec 2024,all,all,all,all,country_name,Moldova,88.0,,
,LIGR,GRFCR,Content actioned due to community guidelines violations,half-year,Jul-Dec 2024,all,all,all,all,country_name,Moldova,64.0,,
,LIGR,GRFCR,Content actioned due to (local) law violations,half-year,Jul-Dec 2024,all,all,all,all,country_name,Moldova,0.0,,
,LIGR,GRFCR,Content not actioned,half-year,Jul-Dec 2024,all,all,all,all,country_name,Moldova,24.0,,
,LIGR,GRFCR,Total accounts received,half-year,Jul-Dec 2024,all,all,all,all,country_name,Moldova,68.0,,
,LIGR,GRFCR,Accounts actioned due to community guidelines violations,half-year,Jul-Dec 2024,all,all,all,all,country_name,Moldova,32.0,,
,LIGR,GRFCR,Accounts actioned due to (local) law violations,half-year,Jul-Dec 2024,all,all,all,all,country_name,Moldova,0.0,,
,LIGR,GRFCR,Accounts not actioned,half-year,Jul-Dec 2024,all,all,all,all,country_name,Moldova,36.0,,
,LIGR,GRFCR,Removal rate,half-year,Jul-Dec 2024,all,all,all,all,country_name,Moldova,0.615384615,,
,LIGR,GRFCR,Total requests received,half-year,Jul-Dec 2024,all,all,all,all,country_name,Monaco,1.0,,
,LIGR,GRFCR,Total content received,half-year,Jul-Dec 2024,all,all,all,all,country_name,Monaco,1.0,,
,LIGR,GRFCR,Content actioned due to community guidelines violations,half-year,Jul-Dec 2024,all,all,all,all,country_name,Monaco,1.0,,
,LIGR,GRFCR,Content actioned due to (local) law violations,half-year,Jul-Dec 2024,all,all,all,all,country_name,Monaco,0.0,,
,LIGR,GRFCR,Content not actioned,half-year,Jul-Dec 2024,all,all,all,all,country_name,Monaco,0.0,,
,LIGR,GRFCR,Total accounts received,half-year,Jul-Dec 2024,all,all,all,all,country_name,Monaco,0.0,,
,LIGR,GRFCR,Accounts actioned due to community guidelines violations,half-year,Jul-Dec 2024,all,all,all,all,country_name,Monaco,0.0,,
,LIGR,GRFCR,Accounts actioned due to (local) law violations,half-year,Jul-Dec 2024,all,all,all,all,country_name,Monaco,0.0,,
,LIGR,GRFCR,Accounts not actioned,half-year,Jul-Dec 2024,all,all,all,all,country_name,Monaco,0.0,,
,LIGR,GRFCR,Removal rate,half-year,Jul-Dec 2024,all,all,all,all,country_name,Monaco,1.0,,
,LIGR,GRFCR,Total requests received,half-year,Jul-Dec 2024,all,all,all,all,country_name,Morocco,1.0,,
,LIGR,GRFCR,Total content received,half-year,Jul-Dec 2024,all,all,all,all,country_name,Morocco,0.0,,
,LIGR,GRFCR,Content actioned due to community guidelines violations,half-year,Jul-Dec 2024,all,all,all,all,country_name,Morocco,0.0,,
,LIGR,GRFCR,Content actioned due to (local) law violations,half-year,Jul-Dec 2024,all,all,all,all,country_name,Morocco,0.0,,
,LIGR,GRFCR,Content not actioned,half-year,Jul-Dec 2024,all,all,all,all,country_name,Morocco,0.0,,
,LIGR,GRFCR,Total accounts received,half-year,Jul-Dec 2024,all,all,all,all,country_name,Morocco,1.0,,
,LIGR,GRFCR,Accounts actioned due to community guidelines violations,half-year,Jul-Dec 2024,all,all,all,all,country_name,Morocco,0.0,,
,LIGR,GRFCR,Accounts actioned due to (local) law violations,half-year,Jul-Dec 2024,all,all,all,all,country_name,Morocco,0.0,,
,LIGR,GRFCR,Accounts not actioned,half-year,Jul-Dec 2024,all,all,all,all,country_name,Morocco,1.0,,
,LIGR,GRFCR,Removal rate,half-year,Jul-Dec 2024,all,all,all,all,country_name,Morocco,0.0,,
,LIGR,GRFCR,Total requests received,half-year,Jul-Dec 2024,all,all,all,all,country_name,Nepal,570.0,,
,LIGR,GRFCR,Total content received,half-year,Jul-Dec 2024,all,all,all,all,country_name,Nepal,1206.0,,
,LIGR,GRFCR,Content actioned due to community guidelines violations,half-year,Jul-Dec 2024,all,all,all,all,country_name,Nepal,944.0,,
,LIGR,GRFCR,Content actioned due to (local) law violations,half-year,Jul-Dec 2024,all,all,all,all,country_name,Nepal,117.0,,
,LIGR,GRFCR,Content not actioned,half-year,Jul-Dec 2024,all,all,all,all,country_name,Nepal,145.0,,
,LIGR,GRFCR,Total accounts received,half-year,Jul-Dec 2024,all,all,all,all,country_name,Nepal,640.0,,
,LIGR,GRFCR,Accounts actioned due to community guidelines violations,half-year,Jul-Dec 2024,all,all,all,all,country_name,Nepal,377.0,,
,LIGR,GRFCR,Accounts actioned due to (local) law violations,half-year,Jul-Dec 2024,all,all,all,all,country_name,Nepal,17.0,,
,LIGR,GRFCR,Accounts not actioned,half-year,Jul-Dec 2024,all,all,all,all,country_name,Nepal,246.0,,
,LIGR,GRFCR,Removal rate,half-year,Jul-Dec 2024,all,all,all,all,country_name,Nepal,0.788190683,,
,LIGR,GRFCR,Total requests received,half-year,Jul-Dec 2024,all,all,all,all,country_name,Netherlands,6.0,,
,LIGR,GRFCR,Total content received,half-year,Jul-Dec 2024,all,all,all,all,country_name,Netherlands,11.0,,
,LIGR,GRFCR,Content actioned due to community guidelines violations,half-year,Jul-Dec 2024,all,all,all,all,country_name,Netherlands,11.0,,
,LIGR,GRFCR,Content actioned due to (local) law violations,half-year,Jul-Dec 2024,all,all,all,all,country_name,Netherlands,0.0,,
,LIGR,GRFCR,Content not actioned,half-year,Jul-Dec 2024,all,all,all,all,country_name,Netherlands,0.0,,
,LIGR,GRFCR,Total accounts received,half-year,Jul-Dec 2024,all,all,all,all,country_name,Netherlands,1.0,,
,LIGR,GRFCR,Accounts actioned due to community guidelines violations,half-year,Jul-Dec 2024,all,all,all,all,country_name,Netherlands,0.0,,
,LIGR,GRFCR,Accounts actioned due to (local) law violations,half-year,Jul-Dec 2024,all,all,all,all,country_name,Netherlands,0.0,,
,LIGR,GRFCR,Accounts not actioned,half-year,Jul-Dec 2024,all,all,all,all,country_name,Netherlands,1.0,,
,LIGR,GRFCR,Removal rate,half-year,Jul-Dec 2024,all,all,all,all,country_name,Netherlands,0.916666667,,
,LIGR,GRFCR,Total requests received,half-year,Jul-Dec 2024,all,all,all,all,country_name,New Zealand,188.0,,
,LIGR,GRFCR,Total content received,half-year,Jul-Dec 2024,all,all,all,all,country_name,New Zealand,69.0,,
,LIGR,GRFCR,Content actioned due to community guidelines violations,half-year,Jul-Dec 2024,all,all,all,all,country_name,New Zealand,55.0,,
,LIGR,GRFCR,Content actioned due to (local) law violations,half-year,Jul-Dec 2024,all,all,all,all,country_name,New Zealand,0.0,,
,LIGR,GRFCR,Content not actioned,half-year,Jul-Dec 2024,all,all,all,all,country_name,New Zealand,14.0,,
,LIGR,GRFCR,Total accounts received,half-year,Jul-Dec 2024,all,all,all,all,country_name,New Zealand,232.0,,
,LIGR,GRFCR,Accounts actioned due to community guidelines violations,half-year,Jul-Dec 2024,all,all,all,all,country_name,New Zealand,194.0,,
,LIGR,GRFCR,Accounts actioned due to (local) law violations,half-year,Jul-Dec 2024,all,all,all,all,country_name,New Zealand,0.0,,
,LIGR,GRFCR,Accounts not actioned,half-year,Jul-Dec 2024,all,all,all,all,country_name,New Zealand,38.0,,
,LIGR,GRFCR,Removal rate,half-year,Jul-Dec 2024,all,all,all,all,country_name,New Zealand,0.827242525,,
,LIGR,GRFCR,Total requests received,half-year,Jul-Dec 2024,all,all,all,all,country_name,Nigeria,4.0,,
,LIGR,GRFCR,Total content received,half-year,Jul-Dec 2024,all,all,all,all,country_name,Nigeria,5.0,,
,LIGR,GRFCR,Content actioned due to community guidelines violations,half-year,Jul-Dec 2024,all,all,all,all,country_name,Nigeria,5.0,,
,LIGR,GRFCR,Content actioned due to (local) law violations,half-year,Jul-Dec 2024,all,all,all,all,country_name,Nigeria,0.0,,
,LIGR,GRFCR,Content not actioned,half-year,Jul-Dec 2024,all,all,all,all,country_name,Nigeria,0.0,,
,LIGR,GRFCR,Total accounts received,half-year,Jul-Dec 2024,all,all,all,all,country_name,Nigeria,2.0,,
,LIGR,GRFCR,Accounts actioned due to community guidelines violations,half-year,Jul-Dec 2024,all,all,all,all,country_name,Nigeria,2.0,,
,LIGR,GRFCR,Accounts actioned due to (local) law violations,half-year,Jul-Dec 2024,all,all,all,all,country_name,Nigeria,0.0,,
,LIGR,GRFCR,Accounts not actioned,half-year,Jul-Dec 2024,all,all,all,all,country_name,Nigeria,0.0,,
,LIGR,GRFCR,Removal rate,half-year,Jul-Dec 2024,all,all,all,all,country_name,Nigeria,1.0,,
,LIGR,GRFCR,Total requests received,half-year,Jul-Dec 2024,all,all,all,all,country_name,Norway,8.0,,
,LIGR,GRFCR,Total content received,half-year,Jul-Dec 2024,all,all,all,all,country_name,Norway,6.0,,
,LIGR,GRFCR,Content actioned due to community guidelines violations,half-year,Jul-Dec 2024,all,all,all,all,country_name,Norway,6.0,,
,LIGR,GRFCR,Content actioned due to (local) law violations,half-year,Jul-Dec 2024,all,all,all,all,country_name,Norway,0.0,,
,LIGR,GRFCR,Content not actioned,half-year,Jul-Dec 2024,all,all,all,all,country_name,Norway,0.0,,
,LIGR,GRFCR,Total accounts received,half-year,Jul-Dec 2024,all,all,all,all,country_name,Norway,34.0,,
,LIGR,GRFCR,Accounts actioned due to community guidelines violations,half-year,Jul-Dec 2024,all,all,all,all,country_name,Norway,33.0,,
,LIGR,GRFCR,Accounts actioned due to (local) law violations,half-year,Jul-Dec 2024,all,all,all,all,country_name,Norway,0.0,,
,LIGR,GRFCR,Accounts not actioned,half-year,Jul-Dec 2024,all,all,all,all,country_name,Norway,1.0,,
,LIGR,GRFCR,Removal rate,half-year,Jul-Dec 2024,all,all,all,all,country_name,Norway,0.975,,
,LIGR,GRFCR,Total requests received,half-year,Jul-Dec 2024,all,all,all,all,country_name,Pakistan,674.0,,
,LIGR,GRFCR,Total content received,half-year,Jul-Dec 2024,all,all,all,all,country_name,Pakistan,27509.0,,
,LIGR,GRFCR,Content actioned due to community guidelines violations,half-year,Jul-Dec 2024,all,all,all,all,country_name,Pakistan,23037.0,,
,LIGR,GRFCR,Content actioned due to (local) law violations,half-year,Jul-Dec 2024,all,all,all,all,country_name,Pakistan,1904.0,,
,LIGR,GRFCR,Content not actioned,half-year,Jul-Dec 2024,all,all,all,all,country_name,Pakistan,2568.0,,
,LIGR,GRFCR,Total accounts received,half-year,Jul-Dec 2024,all,all,all,all,country_name,Pakistan,3175.0,,
,LIGR,GRFCR,Accounts actioned due to community guidelines violations,half-year,Jul-Dec 2024,all,all,all,all,country_name,Pakistan,1973.0,,
,LIGR,GRFCR,Accounts actioned due to (local) law violations,half-year,Jul-Dec 2024,all,all,all,all,country_name,Pakistan,429.0,,
,LIGR,GRFCR,Accounts not actioned,half-year,Jul-Dec 2024,all,all,all,all,country_name,Pakistan,773.0,,
,LIGR,GRFCR,Removal rate,half-year,Jul-Dec 2024,all,all,all,all,country_name,Pakistan,0.891115891,,
,LIGR,GRFCR,Total requests received,half-year,Jul-Dec 2024,all,all,all,all,country_name,Palestine,1.0,,
,LIGR,GRFCR,Total content received,half-year,Jul-Dec 2024,all,all,all,all,country_name,Palestine,0.0,,
,LIGR,GRFCR,Content actioned due to community guidelines violations,half-year,Jul-Dec 2024,all,all,all,all,country_name,Palestine,0.0,,
,LIGR,GRFCR,Content actioned due to (local) law violations,half-year,Jul-Dec 2024,all,all,all,all,country_name,Palestine,0.0,,
,LIGR,GRFCR,Content not actioned,half-year,Jul-Dec 2024,all,all,all,all,country_name,Palestine,0.0,,
,LIGR,GRFCR,Total accounts received,half-year,Jul-Dec 2024,all,all,all,all,country_name,Palestine,1.0,,
,LIGR,GRFCR,Accounts actioned due to community guidelines violations,half-year,Jul-Dec 2024,all,all,all,all,country_name,Palestine,1.0,,
,LIGR,GRFCR,Accounts actioned due to (local) law violations,half-year,Jul-Dec 2024,all,all,all,all,country_name,Palestine,0.0,,
,LIGR,GRFCR,Accounts not actioned,half-year,Jul-Dec 2024,all,all,all,all,country_name,Palestine,0.0,,
,LIGR,GRFCR,Removal rate,half-year,Jul-Dec 2024,all,all,all,all,country_name,Palestine,1.0,,
,LIGR,GRFCR,Total requests received,half-year,Jul-Dec 2024,all,all,all,all,country_name,Peru,1.0,,
,LIGR,GRFCR,Total content received,half-year,Jul-Dec 2024,all,all,all,all,country_name,Peru,0.0,,
,LIGR,GRFCR,Content actioned due to community guidelines violations,half-year,Jul-Dec 2024,all,all,all,all,country_name,Peru,0.0,,
,LIGR,GRFCR,Content actioned due to (local) law violations,half-year,Jul-Dec 2024,all,all,all,all,country_name,Peru,0.0,,
,LIGR,GRFCR,Content not actioned,half-year,Jul-Dec 2024,all,all,all,all,country_name,Peru,0.0,,
,LIGR,GRFCR,Total accounts received,half-year,Jul-Dec 2024,all,all,all,all,country_name,Peru,1.0,,
,LIGR,GRFCR,Accounts actioned due to community guidelines violations,half-year,Jul-Dec 2024,all,all,all,all,country_name,Peru,1.0,,
,LIGR,GRFCR,Accounts actioned due to (local) law violations,half-year,Jul-Dec 2024,all,all,all,all,country_name,Peru,0.0,,
,LIGR,GRFCR,Accounts not actioned,half-year,Jul-Dec 2024,all,all,all,all,country_name,Peru,0.0,,
,LIGR,GRFCR,Removal rate,half-year,Jul-Dec 2024,all,all,all,all,country_name,Peru,1.0,,
,LIGR,GRFCR,Total requests received,half-year,Jul-Dec 2024,all,all,all,all,country_name,Philippines,348.0,,
,LIGR,GRFCR,Total content received,half-year,Jul-Dec 2024,all,all,all,all,country_name,Philippines,13877.0,,
,LIGR,GRFCR,Content actioned due to community guidelines violations,half-year,Jul-Dec 2024,all,all,all,all,country_name,Philippines,12169.0,,
,LIGR,GRFCR,Content actioned due to (local) law violations,half-year,Jul-Dec 2024,all,all,all,all,country_name,Philippines,1150.0,,
,LIGR,GRFCR,Content not actioned,half-year,Jul-Dec 2024,all,all,all,all,country_name,Philippines,558.0,,
,LIGR,GRFCR,Total accounts received,half-year,Jul-Dec 2024,all,all,all,all,country_name,Philippines,14.0,,
,LIGR,GRFCR,Accounts actioned due to community guidelines violations,half-year,Jul-Dec 2024,all,all,all,all,country_name,Philippines,0.0,,
,LIGR,GRFCR,Accounts actioned due to (local) law violations,half-year,Jul-Dec 2024,all,all,all,all,country_name,Philippines,2.0,,
,LIGR,GRFCR,Accounts not actioned,half-year,Jul-Dec 2024,all,all,all,all,country_name,Philippines,12.0,,
,LIGR,GRFCR,Removal rate,half-year,Jul-Dec 2024,all,all,all,all,country_name,Philippines,0.958966237,,
,LIGR,GRFCR,Total requests received,half-year,Jul-Dec 2024,all,all,all,all,country_name,Poland,44.0,,
,LIGR,GRFCR,Total content received,half-year,Jul-Dec 2024,all,all,all,all,country_name,Poland,125.0,,
,LIGR,GRFCR,Content actioned due to community guidelines violations,half-year,Jul-Dec 2024,all,all,all,all,country_name,Poland,85.0,,
,LIGR,GRFCR,Content actioned due to (local) law violations,half-year,Jul-Dec 2024,all,all,all,all,country_name,Poland,0.0,,
,LIGR,GRFCR,Content not actioned,half-year,Jul-Dec 2024,all,all,all,all,country_name,Poland,40.0,,
,LIGR,GRFCR,Total accounts received,half-year,Jul-Dec 2024,all,all,all,all,country_name,Poland,99.0,,
,LIGR,GRFCR,Accounts actioned due to community guidelines violations,half-year,Jul-Dec 2024,all,all,all,all,country_name,Poland,83.0,,
,LIGR,GRFCR,Accounts actioned due to (local) law violations,half-year,Jul-Dec 2024,all,all,all,all,country_name,Poland,0.0,,
,LIGR,GRFCR,Accounts not actioned,half-year,Jul-Dec 2024,all,all,all,all,country_name,Poland,16.0,,
,LIGR,GRFCR,Removal rate,half-year,Jul-Dec 2024,all,all,all,all,country_name,Poland,0.75,,
,LIGR,GRFCR,Total requests received,half-year,Jul-Dec 2024,all,all,all,all,country_name,Qatar,8.0,,
,LIGR,GRFCR,Total content received,half-year,Jul-Dec 2024,all,all,all,all,country_name,Qatar,0.0,,
,LIGR,GRFCR,Content actioned due to community guidelines violations,half-year,Jul-Dec 2024,all,all,all,all,country_name,Qatar,0.0,,
,LIGR,GRFCR,Content actioned due to (local) law violations,half-year,Jul-Dec 2024,all,all,all,all,country_name,Qatar,0.0,,
,LIGR,GRFCR,Content not actioned,half-year,Jul-Dec 2024,all,all,all,all,country_name,Qatar,0.0,,
,LIGR,GRFCR,Total accounts received,half-year,Jul-Dec 2024,all,all,all,all,country_name,Qatar,8.0,,
,LIGR,GRFCR,Accounts actioned due to community guidelines violations,half-year,Jul-Dec 2024,all,all,all,all,country_name,Qatar,7.0,,
,LIGR,GRFCR,Accounts actioned due to (local) law violations,half-year,Jul-Dec 2024,all,all,all,all,country_name,Qatar,0.0,,
,LIGR,GRFCR,Accounts not actioned,half-year,Jul-Dec 2024,all,all,all,all,country_name,Qatar,1.0,,
,LIGR,GRFCR,Removal rate,half-year,Jul-Dec 2024,all,all,all,all,country_name,Qatar,0.875,,
,LIGR,GRFCR,Total requests received,half-year,Jul-Dec 2024,all,all,all,all,country_name,Romania,61.0,,
,LIGR,GRFCR,Total content received,half-year,Jul-Dec 2024,all,all,all,all,country_name,Romania,50.0,,
,LIGR,GRFCR,Content actioned due to community guidelines violations,half-year,Jul-Dec 2024,all,all,all,all,country_name,Romania,23.0,,
,LIGR,GRFCR,Content actioned due to (local) law violations,half-year,Jul-Dec 2024,all,all,all,all,country_name,Romania,3.0,,
,LIGR,GRFCR,Content not actioned,half-year,Jul-Dec 2024,all,all,all,all,country_name,Romania,24.0,,
,LIGR,GRFCR,Total accounts received,half-year,Jul-Dec 2024,all,all,all,all,country_name,Romania,13.0,,
,LIGR,GRFCR,Accounts actioned due to community guidelines violations,half-year,Jul-Dec 2024,all,all,all,all,country_name,Romania,12.0,,
,LIGR,GRFCR,Accounts actioned due to (local) law violations,half-year,Jul-Dec 2024,all,all,all,all,country_name,Romania,0.0,,
,LIGR,GRFCR,Accounts not actioned,half-year,Jul-Dec 2024,all,all,all,all,country_name,Romania,1.0,,
,LIGR,GRFCR,Removal rate,half-year,Jul-Dec 2024,all,all,all,all,country_name,Romania,0.603174603,,
,LIGR,GRFCR,Total requests received,half-year,Jul-Dec 2024,all,all,all,all,country_name,Russia,741.0,,
,LIGR,GRFCR,Total content received,half-year,Jul-Dec 2024,all,all,all,all,country_name,Russia,545.0,,
,LIGR,GRFCR,Content actioned due to community guidelines violations,half-year,Jul-Dec 2024,all,all,all,all,country_name,Russia,440.0,,
,LIGR,GRFCR,Content actioned due to (local) law violations,half-year,Jul-Dec 2024,all,all,all,all,country_name,Russia,70.0,,
,LIGR,GRFCR,Content not actioned,half-year,Jul-Dec 2024,all,all,all,all,country_name,Russia,35.0,,
,LIGR,GRFCR,Total accounts received,half-year,Jul-Dec 2024,all,all,all,all,country_name,Russia,129.0,,
,LIGR,GRFCR,Accounts actioned due to community guidelines violations,half-year,Jul-Dec 2024,all,all,all,all,country_name,Russia,95.0,,
,LIGR,GRFCR,Accounts actioned due to (local) law violations,half-year,Jul-Dec 2024,all,all,all,all,country_name,Russia,17.0,,
,LIGR,GRFCR,Accounts not actioned,half-year,Jul-Dec 2024,all,all,all,all,country_name,Russia,17.0,,
,LIGR,GRFCR,Removal rate,half-year,Jul-Dec 2024,all,all,all,all,country_name,Russia,0.922848665,,
,LIGR,GRFCR,Total requests received,half-year,Jul-Dec 2024,all,all,all,all,country_name,Saudi Arabia,59.0,,
,LIGR,GRFCR,Total content received,half-year,Jul-Dec 2024,all,all,all,all,country_name,Saudi Arabia,3.0,,
,LIGR,GRFCR,Content actioned due to community guidelines violations,half-year,Jul-Dec 2024,all,all,all,all,country_name,Saudi Arabia,2.0,,
,LIGR,GRFCR,Content actioned due to (local) law violations,half-year,Jul-Dec 2024,all,all,all,all,country_name,Saudi Arabia,0.0,,
,LIGR,GRFCR,Content not actioned,half-year,Jul-Dec 2024,all,all,all,all,country_name,Saudi Arabia,1.0,,
,LIGR,GRFCR,Total accounts received,half-year,Jul-Dec 2024,all,all,all,all,country_name,Saudi Arabia,455.0,,
,LIGR,GRFCR,Accounts actioned due to community guidelines violations,half-year,Jul-Dec 2024,all,all,all,all,country_name,Saudi Arabia,348.0,,
,LIGR,GRFCR,Accounts actioned due to (local) law violations,half-year,Jul-Dec 2024,all,all,all,all,country_name,Saudi Arabia,7.0,,
,LIGR,GRFCR,Accounts not actioned,half-year,Jul-Dec 2024,all,all,all,all,country_name,Saudi Arabia,100.0,,
,LIGR,GRFCR,Removal rate,half-year,Jul-Dec 2024,all,all,all,all,country_name,Saudi Arabia,0.779475983,,
,LIGR,GRFCR,Total requests received,half-year,Jul-Dec 2024,all,all,all,all,country_name,Singapore,320.0,,
,LIGR,GRFCR,Total content received,half-year,Jul-Dec 2024,all,all,all,all,country_name,Singapore,144.0,,
,LIGR,GRFCR,Content actioned due to community guidelines violations,half-year,Jul-Dec 2024,all,all,all,all,country_name,Singapore,121.0,,
,LIGR,GRFCR,Content actioned due to (local) law violations,half-year,Jul-Dec 2024,all,all,all,all,country_name,Singapore,10.0,,
,LIGR,GRFCR,Content not actioned,half-year,Jul-Dec 2024,all,all,all,all,country_name,Singapore,13.0,,
,LIGR,GRFCR,Total accounts received,half-year,Jul-Dec 2024,all,all,all,all,country_name,Singapore,442.0,,
,LIGR,GRFCR,Accounts actioned due to community guidelines violations,half-year,Jul-Dec 2024,all,all,all,all,country_name,Singapore,266.0,,
,LIGR,GRFCR,Accounts actioned due to (local) law violations,half-year,Jul-Dec 2024,all,all,all,all,country_name,Singapore,36.0,,
,LIGR,GRFCR,Accounts not actioned,half-year,Jul-Dec 2024,all,all,all,all,country_name,Singapore,140.0,,
,LIGR,GRFCR,Removal rate,half-year,Jul-Dec 2024,all,all,all,all,country_name,Singapore,0.73890785,,
,LIGR,GRFCR,Total requests received,half-year,Jul-Dec 2024,all,all,all,all,country_name,Slovakia,3.0,,
,LIGR,GRFCR,Total content received,half-year,Jul-Dec 2024,all,all,all,all,country_name,Slovakia,1.0,,
,LIGR,GRFCR,Content actioned due to community guidelines violations,half-year,Jul-Dec 2024,all,all,all,all,country_name,Slovakia,0.0,,
,LIGR,GRFCR,Content actioned due to (local) law violations,half-year,Jul-Dec 2024,all,all,all,all,country_name,Slovakia,0.0,,
,LIGR,GRFCR,Content not actioned,half-year,Jul-Dec 2024,all,all,all,all,country_name,Slovakia,1.0,,
,LIGR,GRFCR,Total accounts received,half-year,Jul-Dec 2024,all,all,all,all,country_name,Slovakia,13.0,,
,LIGR,GRFCR,Accounts actioned due to community guidelines violations,half-year,Jul-Dec 2024,all,all,all,all,country_name,Slovakia,13.0,,
,LIGR,GRFCR,Accounts actioned due to (local) law violations,half-year,Jul-Dec 2024,all,all,all,all,country_name,Slovakia,0.0,,
,LIGR,GRFCR,Accounts not actioned,half-year,Jul-Dec 2024,all,all,all,all,country_name,Slovakia,0.0,,
,LIGR,GRFCR,Removal rate,half-year,Jul-Dec 2024,all,all,all,all,country_name,Slovakia,0.928571429,,
,LIGR,GRFCR,Total requests received,half-year,Jul-Dec 2024,all,all,all,all,country_name,Somalia,48.0,,
,LIGR,GRFCR,Total content received,half-year,Jul-Dec 2024,all,all,all,all,country_name,Somalia,0.0,,
,LIGR,GRFCR,Content actioned due to community guidelines violations,half-year,Jul-Dec 2024,all,all,all,all,country_name,Somalia,0.0,,
,LIGR,GRFCR,Content actioned due to (local) law violations,half-year,Jul-Dec 2024,all,all,all,all,country_name,Somalia,0.0,,
,LIGR,GRFCR,Content not actioned,half-year,Jul-Dec 2024,all,all,all,all,country_name,Somalia,0.0,,
,LIGR,GRFCR,Total accounts received,half-year,Jul-Dec 2024,all,all,all,all,country_name,Somalia,1325.0,,
,LIGR,GRFCR,Accounts actioned due to community guidelines violations,half-year,Jul-Dec 2024,all,all,all,all,country_name,Somalia,1133.0,,
,LIGR,GRFCR,Accounts actioned due to (local) law violations,half-year,Jul-Dec 2024,all,all,all,all,country_name,Somalia,0.0,,
,LIGR,GRFCR,Accounts not actioned,half-year,Jul-Dec 2024,all,all,all,all,country_name,Somalia,192.0,,
,LIGR,GRFCR,Removal rate,half-year,Jul-Dec 2024,all,all,all,all,country_name,Somalia,0.85509434,,
,LIGR,GRFCR,Total requests received,half-year,Jul-Dec 2024,all,all,all,all,country_name,South Korea,21.0,,
,LIGR,GRFCR,Total content received,half-year,Jul-Dec 2024,all,all,all,all,country_name,South Korea,21.0,,
,LIGR,GRFCR,Content actioned due to community guidelines violations,half-year,Jul-Dec 2024,all,all,all,all,country_name,South Korea,5.0,,
,LIGR,GRFCR,Content actioned due to (local) law violations,half-year,Jul-Dec 2024,all,all,all,all,country_name,South Korea,14.0,,
,LIGR,GRFCR,Content not actioned,half-year,Jul-Dec 2024,all,all,all,all,country_name,South Korea,2.0,,
,LIGR,GRFCR,Total accounts received,half-year,Jul-Dec 2024,all,all,all,all,country_name,South Korea,12.0,,
,LIGR,GRFCR,Accounts actioned due to community guidelines violations,half-year,Jul-Dec 2024,all,all,all,all,country_name,South Korea,9.0,,
,LIGR,GRFCR,Accounts actioned due to (local) law violations,half-year,Jul-Dec 2024,all,all,all,all,country_name,South Korea,3.0,,
,LIGR,GRFCR,Accounts not actioned,half-year,Jul-Dec 2024,all,all,all,all,country_name,South Korea,0.0,,
,LIGR,GRFCR,Removal rate,half-year,Jul-Dec 2024,all,all,all,all,country_name,South Korea,0.939393939,,
,LIGR,GRFCR,Total requests received,half-year,Jul-Dec 2024,all,all,all,all,country_name,Spain,4.0,,
,LIGR,GRFCR,Total content received,half-year,Jul-Dec 2024,all,all,all,all,country_name,Spain,52.0,,
,LIGR,GRFCR,Content actioned due to community guidelines violations,half-year,Jul-Dec 2024,all,all,all,all,country_name,Spain,51.0,,
,LIGR,GRFCR,Content actioned due to (local) law violations,half-year,Jul-Dec 2024,all,all,all,all,country_name,Spain,0.0,,
,LIGR,GRFCR,Content not actioned,half-year,Jul-Dec 2024,all,all,all,all,country_name,Spain,1.0,,
,LIGR,GRFCR,Total accounts received,half-year,Jul-Dec 2024,all,all,all,all,country_name,Spain,0.0,,
,LIGR,GRFCR,Accounts actioned due to community guidelines violations,half-year,Jul-Dec 2024,all,all,all,all,country_name,Spain,0.0,,
,LIGR,GRFCR,Accounts actioned due to (local) law violations,half-year,Jul-Dec 2024,all,all,all,all,country_name,Spain,0.0,,
,LIGR,GRFCR,Accounts not actioned,half-year,Jul-Dec 2024,all,all,all,all,country_name,Spain,0.0,,
,LIGR,GRFCR,Removal rate,half-year,Jul-Dec 2024,all,all,all,all,country_name,Spain,0.980769231,,
,LIGR,GRFCR,Total requests received,half-year,Jul-Dec 2024,all,all,all,all,country_name,Sri Lanka,25.0,,
,LIGR,GRFCR,Total content received,half-year,Jul-Dec 2024,all,all,all,all,country_name,Sri Lanka,56.0,,
,LIGR,GRFCR,Content actioned due to community guidelines violations,half-year,Jul-Dec 2024,all,all,all,all,country_name,Sri Lanka,35.0,,
,LIGR,GRFCR,Content actioned due to (local) law violations,half-year,Jul-Dec 2024,all,all,all,all,country_name,Sri Lanka,13.0,,
,LIGR,GRFCR,Content not actioned,half-year,Jul-Dec 2024,all,all,all,all,country_name,Sri Lanka,8.0,,
,LIGR,GRFCR,Total accounts received,half-year,Jul-Dec 2024,all,all,all,all,country_name,Sri Lanka,21.0,,
,LIGR,GRFCR,Accounts actioned due to community guidelines violations,half-year,Jul-Dec 2024,all,all,all,all,country_name,Sri Lanka,14.0,,
,LIGR,GRFCR,Accounts actioned due to (local) law violations,half-year,Jul-Dec 2024,all,all,all,all,country_name,Sri Lanka,0.0,,
,LIGR,GRFCR,Accounts not actioned,half-year,Jul-Dec 2024,all,all,all,all,country_name,Sri Lanka,7.0,,
,LIGR,GRFCR,Removal rate,half-year,Jul-Dec 2024,all,all,all,all,country_name,Sri Lanka,0.805194805,,
,LIGR,GRFCR,Total requests received,half-year,Jul-Dec 2024,all,all,all,all,country_name,Sweden,5.0,,
,LIGR,GRFCR,Total content received,half-year,Jul-Dec 2024,all,all,all,all,country_name,Sweden,3.0,,
,LIGR,GRFCR,Content actioned due to community guidelines violations,half-year,Jul-Dec 2024,all,all,all,all,country_name,Sweden,3.0,,
,LIGR,GRFCR,Content actioned due to (local) law violations,half-year,Jul-Dec 2024,all,all,all,all,country_name,Sweden,0.0,,
,LIGR,GRFCR,Content not actioned,half-year,Jul-Dec 2024,all,all,all,all,country_name,Sweden,0.0,,
,LIGR,GRFCR,Total accounts received,half-year,Jul-Dec 2024,all,all,all,all,country_name,Sweden,1.0,,
,LIGR,GRFCR,Accounts actioned due to community guidelines violations,half-year,Jul-Dec 2024,all,all,all,all,country_name,Sweden,1.0,,
,LIGR,GRFCR,Accounts actioned due to (local) law violations,half-year,Jul-Dec 2024,all,all,all,all,country_name,Sweden,0.0,,
,LIGR,GRFCR,Accounts not actioned,half-year,Jul-Dec 2024,all,all,all,all,country_name,Sweden,0.0,,
,LIGR,GRFCR,Removal rate,half-year,Jul-Dec 2024,all,all,all,all,country_name,Sweden,1.0,,
,LIGR,GRFCR,Total requests received,half-year,Jul-Dec 2024,all,all,all,all,country_name,Switzerland,1.0,,
,LIGR,GRFCR,Total content received,half-year,Jul-Dec 2024,all,all,all,all,country_name,Switzerland,0.0,,
,LIGR,GRFCR,Content actioned due to community guidelines violations,half-year,Jul-Dec 2024,all,all,all,all,country_name,Switzerland,0.0,,
,LIGR,GRFCR,Content actioned due to (local) law violations,half-year,Jul-Dec 2024,all,all,all,all,country_name,Switzerland,0.0,,
,LIGR,GRFCR,Content not actioned,half-year,Jul-Dec 2024,all,all,all,all,country_name,Switzerland,0.0,,
,LIGR,GRFCR,Total accounts received,half-year,Jul-Dec 2024,all,all,all,all,country_name,Switzerland,0.0,,
,LIGR,GRFCR,Accounts actioned due to community guidelines violations,half-year,Jul-Dec 2024,all,all,all,all,country_name,Switzerland,0.0,,
,LIGR,GRFCR,Accounts actioned due to (local) law violations,half-year,Jul-Dec 2024,all,all,all,all,country_name,Switzerland,0.0,,
,LIGR,GRFCR,Accounts not actioned,half-year,Jul-Dec 2024,all,all,all,all,country_name,Switzerland,0.0,,
,LIGR,GRFCR,Removal rate,half-year,Jul-Dec 2024,all,all,all,all,country_name,Switzerland,0.0,,
,LIGR,GRFCR,Total requests received,half-year,Jul-Dec 2024,all,all,all,all,country_name,Taiwan,19.0,,
,LIGR,GRFCR,Total content received,half-year,Jul-Dec 2024,all,all,all,all,country_name,Taiwan,3.0,,
,LIGR,GRFCR,Content actioned due to community guidelines violations,half-year,Jul-Dec 2024,all,all,all,all,country_name,Taiwan,3.0,,
,LIGR,GRFCR,Content actioned due to (local) law violations,half-year,Jul-Dec 2024,all,all,all,all,country_name,Taiwan,0.0,,
,LIGR,GRFCR,Content not actioned,half-year,Jul-Dec 2024,all,all,all,all,country_name,Taiwan,0.0,,
,LIGR,GRFCR,Total accounts received,half-year,Jul-Dec 2024,all,all,all,all,country_name,Taiwan,17.0,,
,LIGR,GRFCR,Accounts actioned due to community guidelines violations,half-year,Jul-Dec 2024,all,all,all,all,country_name,Taiwan,16.0,,
,LIGR,GRFCR,Accounts actioned due to (local) law violations,half-year,Jul-Dec 2024,all,all,all,all,country_name,Taiwan,0.0,,
,LIGR,GRFCR,Accounts not actioned,half-year,Jul-Dec 2024,all,all,all,all,country_name,Taiwan,1.0,,
,LIGR,GRFCR,Removal rate,half-year,Jul-Dec 2024,all,all,all,all,country_name,Taiwan,0.95,,
,LIGR,GRFCR,Total requests received,half-year,Jul-Dec 2024,all,all,all,all,country_name,Tanzania,30.0,,
,LIGR,GRFCR,Total content received,half-year,Jul-Dec 2024,all,all,all,all,country_name,Tanzania,13.0,,
,LIGR,GRFCR,Content actioned due to community guidelines violations,half-year,Jul-Dec 2024,all,all,all,all,country_name,Tanzania,9.0,,
,LIGR,GRFCR,Content actioned due to (local) law violations,half-year,Jul-Dec 2024,all,all,all,all,country_name,Tanzania,0.0,,
,LIGR,GRFCR,Content not actioned,half-year,Jul-Dec 2024,all,all,all,all,country_name,Tanzania,4.0,,
,LIGR,GRFCR,Total accounts received,half-year,Jul-Dec 2024,all,all,all,all,country_name,Tanzania,719.0,,
,LIGR,GRFCR,Accounts actioned due to community guidelines violations,half-year,Jul-Dec 2024,all,all,all,all,country_name,Tanzania,689.0,,
,LIGR,GRFCR,Accounts actioned due to (local) law violations,half-year,Jul-Dec 2024,all,all,all,all,country_name,Tanzania,0.0,,
,LIGR,GRFCR,Accounts not actioned,half-year,Jul-Dec 2024,all,all,all,all,country_name,Tanzania,30.0,,
,LIGR,GRFCR,Removal rate,half-year,Jul-Dec 2024,all,all,all,all,country_name,Tanzania,0.953551913,,
,LIGR,GRFCR,Total requests received,half-year,Jul-Dec 2024,all,all,all,all,country_name,Thailand,860.0,,
,LIGR,GRFCR,Total content received,half-year,Jul-Dec 2024,all,all,all,all,country_name,Thailand,7492.0,,
,LIGR,GRFCR,Content actioned due to community guidelines violations,half-year,Jul-Dec 2024,all,all,all,all,country_name,Thailand,3525.0,,
,LIGR,GRFCR,Content actioned due to (local) law violations,half-year,Jul-Dec 2024,all,all,all,all,country_name,Thailand,3380.0,,
,LIGR,GRFCR,Content not actioned,half-year,Jul-Dec 2024,all,all,all,all,country_name,Thailand,587.0,,
,LIGR,GRFCR,Total accounts received,half-year,Jul-Dec 2024,all,all,all,all,country_name,Thailand,4790.0,,
,LIGR,GRFCR,Accounts actioned due to community guidelines violations,half-year,Jul-Dec 2024,all,all,all,all,country_name,Thailand,4717.0,,
,LIGR,GRFCR,Accounts actioned due to (local) law violations,half-year,Jul-Dec 2024,all,all,all,all,country_name,Thailand,29.0,,
,LIGR,GRFCR,Accounts not actioned,half-year,Jul-Dec 2024,all,all,all,all,country_name,Thailand,44.0,,
,LIGR,GRFCR,Removal rate,half-year,Jul-Dec 2024,all,all,all,all,country_name,Thailand,0.948624003,,
,LIGR,GRFCR,Total requests received,half-year,Jul-Dec 2024,all,all,all,all,country_name,Turkey,253.0,,
,LIGR,GRFCR,Total content received,half-year,Jul-Dec 2024,all,all,all,all,country_name,Turkey,1392.0,,
,LIGR,GRFCR,Content actioned due to community guidelines violations,half-year,Jul-Dec 2024,all,all,all,all,country_name,Turkey,883.0,,
,LIGR,GRFCR,Content actioned due to (local) law violations,half-year,Jul-Dec 2024,all,all,all,all,country_name,Turkey,419.0,,
,LIGR,GRFCR,Content not actioned,half-year,Jul-Dec 2024,all,all,all,all,country_name,Turkey,90.0,,
,LIGR,GRFCR,Total accounts received,half-year,Jul-Dec 2024,all,all,all,all,country_name,Turkey,642.0,,
,LIGR,GRFCR,Accounts actioned due to community guidelines violations,half-year,Jul-Dec 2024,all,all,all,all,country_name,Turkey,386.0,,
,LIGR,GRFCR,Accounts actioned due to (local) law violations,half-year,Jul-Dec 2024,all,all,all,all,country_name,Turkey,244.0,,
,LIGR,GRFCR,Accounts not actioned,half-year,Jul-Dec 2024,all,all,all,all,country_name,Turkey,12.0,,
,LIGR,GRFCR,Removal rate,half-year,Jul-Dec 2024,all,all,all,all,country_name,Turkey,0.949852507,,
,LIGR,GRFCR,Total requests received,half-year,Jul-Dec 2024,all,all,all,all,country_name,Ukraine,61.0,,
,LIGR,GRFCR,Total content received,half-year,Jul-Dec 2024,all,all,all,all,country_name,Ukraine,3.0,,
,LIGR,GRFCR,Content actioned due to community guidelines violations,half-year,Jul-Dec 2024,all,all,all,all,country_name,Ukraine,3.0,,
,LIGR,GRFCR,Content actioned due to (local) law violations,half-year,Jul-Dec 2024,all,all,all,all,country_name,Ukraine,0.0,,
,LIGR,GRFCR,Content not actioned,half-year,Jul-Dec 2024,all,all,all,all,country_name,Ukraine,0.0,,
,LIGR,GRFCR,Total accounts received,half-year,Jul-Dec 2024,all,all,all,all,country_name,Ukraine,85.0,,
,LIGR,GRFCR,Accounts actioned due to community guidelines violations,half-year,Jul-Dec 2024,all,all,all,all,country_name,Ukraine,68.0,,
,LIGR,GRFCR,Accounts actioned due to (local) law violations,half-year,Jul-Dec 2024,all,all,all,all,country_name,Ukraine,1.0,,
,LIGR,GRFCR,Accounts not actioned,half-year,Jul-Dec 2024,all,all,all,all,country_name,Ukraine,16.0,,
,LIGR,GRFCR,Removal rate,half-year,Jul-Dec 2024,all,all,all,all,country_name,Ukraine,0.818181818,,
,LIGR,GRFCR,Total requests received,half-year,Jul-Dec 2024,all,all,all,all,country_name,United Arab Emirates,161.0,,
,LIGR,GRFCR,Total content received,half-year,Jul-Dec 2024,all,all,all,all,country_name,United Arab Emirates,94.0,,
,LIGR,GRFCR,Content actioned due to community guidelines violations,half-year,Jul-Dec 2024,all,all,all,all,country_name,United Arab Emirates,21.0,,
,LIGR,GRFCR,Content actioned due to (local) law violations,half-year,Jul-Dec 2024,all,all,all,all,country_name,United Arab Emirates,40.0,,
,LIGR,GRFCR,Content not actioned,half-year,Jul-Dec 2024,all,all,all,all,country_name,United Arab Emirates,33.0,,
,LIGR,GRFCR,Total accounts received,half-year,Jul-Dec 2024,all,all,all,all,country_name,United Arab Emirates,897.0,,
,LIGR,GRFCR,Accounts actioned due to community guidelines violations,half-year,Jul-Dec 2024,all,all,all,all,country_name,United Arab Emirates,822.0,,
,LIGR,GRFCR,Accounts actioned due to (local) law violations,half-year,Jul-Dec 2024,all,all,all,all,country_name,United Arab Emirates,22.0,,
,LIGR,GRFCR,Accounts not actioned,half-year,Jul-Dec 2024,all,all,all,all,country_name,United Arab Emirates,53.0,,
,LIGR,GRFCR,Removal rate,half-year,Jul-Dec 2024,all,all,all,all,country_name,United Arab Emirates,0.913218971,,
,LIGR,GRFCR,Total requests received,half-year,Jul-Dec 2024,all,all,all,all,country_name,United Kingdom,242.0,,
,LIGR,GRFCR,Total content received,half-year,Jul-Dec 2024,all,all,all,all,country_name,United Kingdom,217.0,,
,LIGR,GRFCR,Content actioned due to community guidelines violations,half-year,Jul-Dec 2024,all,all,all,all,country_name,United Kingdom,122.0,,
,LIGR,GRFCR,Content actioned due to (local) law violations,half-year,Jul-Dec 2024,all,all,all,all,country_name,United Kingdom,61.0,,
,LIGR,GRFCR,Content not actioned,half-year,Jul-Dec 2024,all,all,all,all,country_name,United Kingdom,34.0,,
,LIGR,GRFCR,Total accounts received,half-year,Jul-Dec 2024,all,all,all,all,country_name,United Kingdom,1519.0,,
,LIGR,GRFCR,Accounts actioned due to community guidelines violations,half-year,Jul-Dec 2024,all,all,all,all,country_name,United Kingdom,1264.0,,
,LIGR,GRFCR,Accounts actioned due to (local) law violations,half-year,Jul-Dec 2024,all,all,all,all,country_name,United Kingdom,68.0,,
,LIGR,GRFCR,Accounts not actioned,half-year,Jul-Dec 2024,all,all,all,all,country_name,United Kingdom,187.0,,
,LIGR,GRFCR,Removal rate,half-year,Jul-Dec 2024,all,all,all,all,country_name,United Kingdom,0.872695853,,
,LIGR,GRFCR,Total requests received,half-year,Jul-Dec 2024,all,all,all,all,country_name,Uzbekistan,65.0,,
,LIGR,GRFCR,Total content received,half-year,Jul-Dec 2024,all,all,all,all,country_name,Uzbekistan,144.0,,
,LIGR,GRFCR,Content actioned due to community guidelines violations,half-year,Jul-Dec 2024,all,all,all,all,country_name,Uzbekistan,79.0,,
,LIGR,GRFCR,Content actioned due to (local) law violations,half-year,Jul-Dec 2024,all,all,all,all,country_name,Uzbekistan,50.0,,
,LIGR,GRFCR,Content not actioned,half-year,Jul-Dec 2024,all,all,all,all,country_name,Uzbekistan,15.0,,
,LIGR,GRFCR,Total accounts received,half-year,Jul-Dec 2024,all,all,all,all,country_name,Uzbekistan,184.0,,
,LIGR,GRFCR,Accounts actioned due to community guidelines violations,half-year,Jul-Dec 2024,all,all,all,all,country_name,Uzbekistan,106.0,,
,LIGR,GRFCR,Accounts actioned due to (local) law violations,half-year,Jul-Dec 2024,all,all,all,all,country_name,Uzbekistan,10.0,,
,LIGR,GRFCR,Accounts not actioned,half-year,Jul-Dec 2024,all,all,all,all,country_name,Uzbekistan,68.0,,
,LIGR,GRFCR,Removal rate,half-year,Jul-Dec 2024,all,all,all,all,country_name,Uzbekistan,0.74695122,,
,LIGR,GRFCR,Total requests received,half-year,Jul-Dec 2024,all,all,all,all,country_name,Venezuela,1.0,,
,LIGR,GRFCR,Total content received,half-year,Jul-Dec 2024,all,all,all,all,country_name,Venezuela,2.0,,
,LIGR,GRFCR,Content actioned due to community guidelines violations,half-year,Jul-Dec 2024,all,all,all,all,country_name,Venezuela,2.0,,
,LIGR,GRFCR,Content actioned due to (local) law violations,half-year,Jul-Dec 2024,all,all,all,all,country_name,Venezuela,0.0,,
,LIGR,GRFCR,Content not actioned,half-year,Jul-Dec 2024,all,all,all,all,country_name,Venezuela,0.0,,
,LIGR,GRFCR,Total accounts received,half-year,Jul-Dec 2024,all,all,all,all,country_name,Venezuela,0.0,,
,LIGR,GRFCR,Accounts actioned due to community guidelines violations,half-year,Jul-Dec 2024,all,all,all,all,country_name,Venezuela,0.0,,
,LIGR,GRFCR,Accounts actioned due to (local) law violations,half-year,Jul-Dec 2024,all,all,all,all,country_name,Venezuela,0.0,,
,LIGR,GRFCR,Accounts not actioned,half-year,Jul-Dec 2024,all,all,all,all,country_name,Venezuela,0.0,,
,LIGR,GRFCR,Removal rate,half-year,Jul-Dec 2024,all,all,all,all,country_name,Venezuela,1.0,,
,LIGR,GRFCR,Total requests received,half-year,Jul-Dec 2024,all,all,all,all,country_name,Vietnam,305.0,,
,LIGR,GRFCR,Total content received,half-year,Jul-Dec 2024,all,all,all,all,country_name,Vietnam,412.0,,
,LIGR,GRFCR,Content actioned due to community guidelines violations,half-year,Jul-Dec 2024,all,all,all,all,country_name,Vietnam,103.0,,
,LIGR,GRFCR,Content actioned due to (local) law violations,half-year,Jul-Dec 2024,all,all,all,all,country_name,Vietnam,245.0,,
,LIGR,GRFCR,Content not actioned,half-year,Jul-Dec 2024,all,all,all,all,country_name,Vietnam,64.0,,
,LIGR,GRFCR,Total accounts received,half-year,Jul-Dec 2024,all,all,all,all,country_name,Vietnam,680.0,,
,LIGR,GRFCR,Accounts actioned due to community guidelines violations,half-year,Jul-Dec 2024,all,all,all,all,country_name,Vietnam,79.0,,
,LIGR,GRFCR,Accounts actioned due to (local) law violations,half-year,Jul-Dec 2024,all,all,all,all,country_name,Vietnam,545.0,,
,LIGR,GRFCR,Accounts not actioned,half-year,Jul-Dec 2024,all,all,all,all,country_name,Vietnam,56.0,,
,LIGR,GRFCR,Removal rate,half-year,Jul-Dec 2024,all,all,all,all,country_name,Vietnam,0.89010989,,
,LIGR,GRFCR,Total requests received,half-year,Jul-Dec 2024,all,all,all,all,country_name,Zimbabwe,1.0,,
,LIGR,GRFCR,Total content received,half-year,Jul-Dec 2024,all,all,all,all,country_name,Zimbabwe,1.0,,
,LIGR,GRFCR,Content actioned due to community guidelines violations,half-year,Jul-Dec 2024,all,all,all,all,country_name,Zimbabwe,1.0,,
,LIGR,GRFCR,Content actioned due to (local) law violations,half-year,Jul-Dec 2024,all,all,all,all,country_name,Zimbabwe,0.0,,
,LIGR,GRFCR,Content not actioned,half-year,Jul-Dec 2024,all,all,all,all,country_name,Zimbabwe,0.0,,
,LIGR,GRFCR,Total accounts received,half-year,Jul-Dec 2024,all,all,all,all,country_name,Zimbabwe,0.0,,
,LIGR,GRFCR,Accounts actioned due to community guidelines violations,half-year,Jul-Dec 2024,all,all,all,all,country_name,Zimbabwe,0.0,,
,LIGR,GRFCR,Accounts actioned due to (local) law violations,half-year,Jul-Dec 2024,all,all,all,all,country_name,Zimbabwe,0.0,,
,LIGR,GRFCR,Accounts not actioned,half-year,Jul-Dec 2024,all,all,all,all,country_name,Zimbabwe,0.0,,
,LIGR,GRFCR,Removal rate,half-year,Jul-Dec 2024,all,all,all,all,country_name,Zimbabwe,1.0,,
,LIGR,GRFCR,Total Government Requests,half-year,Jul-Dec 2024,all,all,all,all,all,All,12153.0,,
,LIGR,GRFCR,Total requests received,half-year,Jul-Dec 2024,all,all,all,all,country_name,United States,35.0,,
,LIGR,GRFCR,Total content received,half-year,Jul-Dec 2024,all,all,all,all,country_name,United States,5.0,,
,LIGR,GRFCR,Content actioned due to community guidelines violations,half-year,Jul-Dec 2024,all,all,all,all,country_name,United States,5.0,,
,LIGR,GRFCR,Content actioned due to (local) law violations,half-year,Jul-Dec 2024,all,all,all,all,country_name,United States,0.0,,
,LIGR,GRFCR,Content not actioned,half-year,Jul-Dec 2024,all,all,all,all,country_name,United States,0.0,,
,LIGR,GRFCR,Total accounts received,half-year,Jul-Dec 2024,all,all,all,all,country_name,United States,39.0,,
,LIGR,GRFCR,Accounts actioned due to community guidelines violations,half-year,Jul-Dec 2024,all,all,all,all,country_name,United States,19.0,,
,LIGR,GRFCR,Accounts actioned due to (local) law violations,half-year,Jul-Dec 2024,all,all,all,all,country_name,United States,0.0,,
,LIGR,GRFCR,Accounts not actioned,half-year,Jul-Dec 2024,all,all,all,all,country_name,United States,20.0,,
,LIGR,GRFCR,Removal rate,half-year,Jul-Dec 2024,all,all,all,all,country_name,United States,0.54545455,,
,LIGR,GRFCR,Total requests received,half-year,Jan-Jun 2024,all,all,all,all,country_name,Albania,12.0,,
,LIGR,GRFCR,Total content received,half-year,Jan-Jun 2024,all,all,all,all,country_name,Albania,2.0,,
,LIGR,GRFCR,Content actioned due to community guidelines violations,half-year,Jan-Jun 2024,all,all,all,all,country_name,Albania,1.0,,
,LIGR,GRFCR,Content actioned due to (local) law violations,half-year,Jan-Jun 2024,all,all,all,all,country_name,Albania,0.0,,
,LIGR,GRFCR,Content not actioned,half-year,Jan-Jun 2024,all,all,all,all,country_name,Albania,1.0,,
,LIGR,GRFCR,Total accounts received,half-year,Jan-Jun 2024,all,all,all,all,country_name,Albania,9.0,,
,LIGR,GRFCR,Accounts actioned due to community guidelines violations,half-year,Jan-Jun 2024,all,all,all,all,country_name,Albania,4.0,,
,LIGR,GRFCR,Accounts actioned due to (local) law violations,half-year,Jan-Jun 2024,all,all,all,all,country_name,Albania,0.0,,
,LIGR,GRFCR,Accounts not actioned,half-year,Jan-Jun 2024,all,all,all,all,country_name,Albania,5.0,,
,LIGR,GRFCR,Removal rate,half-year,Jan-Jun 2024,all,all,all,all,country_name,Albania,0.455,,
,LIGR,GRFCR,Total requests received,half-year,Jan-Jun 2024,all,all,all,all,country_name,Armenia,12.0,,
,LIGR,GRFCR,Total content received,half-year,Jan-Jun 2024,all,all,all,all,country_name,Armenia,45.0,,
,LIGR,GRFCR,Content actioned due to community guidelines violations,half-year,Jan-Jun 2024,all,all,all,all,country_name,Armenia,42.0,,
,LIGR,GRFCR,Content actioned due to (local) law violations,half-year,Jan-Jun 2024,all,all,all,all,country_name,Armenia,0.0,,
,LIGR,GRFCR,Content not actioned,half-year,Jan-Jun 2024,all,all,all,all,country_name,Armenia,3.0,,
,LIGR,GRFCR,Total accounts received,half-year,Jan-Jun 2024,all,all,all,all,country_name,Armenia,12.0,,
,LIGR,GRFCR,Accounts actioned due to community guidelines violations,half-year,Jan-Jun 2024,all,all,all,all,country_name,Armenia,9.0,,
,LIGR,GRFCR,Accounts actioned due to (local) law violations,half-year,Jan-Jun 2024,all,all,all,all,country_name,Armenia,0.0,,
,LIGR,GRFCR,Accounts not actioned,half-year,Jan-Jun 2024,all,all,all,all,country_name,Armenia,3.0,,
,LIGR,GRFCR,Removal rate,half-year,Jan-Jun 2024,all,all,all,all,country_name,Armenia,0.895,,
,LIGR,GRFCR,Total requests received,half-year,Jan-Jun 2024,all,all,all,all,country_name,Australia,522.0,,
,LIGR,GRFCR,Total content received,half-year,Jan-Jun 2024,all,all,all,all,country_name,Australia,199.0,,
,LIGR,GRFCR,Content actioned due to community guidelines violations,half-year,Jan-Jun 2024,all,all,all,all,country_name,Australia,169.0,,
,LIGR,GRFCR,Content actioned due to (local) law violations,half-year,Jan-Jun 2024,all,all,all,all,country_name,Australia,1.0,,
,LIGR,GRFCR,Content not actioned,half-year,Jan-Jun 2024,all,all,all,all,country_name,Australia,29.0,,
,LIGR,GRFCR,Total accounts received,half-year,Jan-Jun 2024,all,all,all,all,country_name,Australia,1031.0,,
,LIGR,GRFCR,Accounts actioned due to community guidelines violations,half-year,Jan-Jun 2024,all,all,all,all,country_name,Australia,971.0,,
,LIGR,GRFCR,Accounts actioned due to (local) law violations,half-year,Jan-Jun 2024,all,all,all,all,country_name,Australia,2.0,,
,LIGR,GRFCR,Accounts not actioned,half-year,Jan-Jun 2024,all,all,all,all,country_name,Australia,58.0,,
,LIGR,GRFCR,Removal rate,half-year,Jan-Jun 2024,all,all,all,all,country_name,Australia,0.929,,
,LIGR,GRFCR,Total requests received,half-year,Jan-Jun 2024,all,all,all,all,country_name,Austria,3.0,,
,LIGR,GRFCR,Total content received,half-year,Jan-Jun 2024,all,all,all,all,country_name,Austria,0.0,,
,LIGR,GRFCR,Content actioned due to community guidelines violations,half-year,Jan-Jun 2024,all,all,all,all,country_name,Austria,0.0,,
,LIGR,GRFCR,Content actioned due to (local) law violations,half-year,Jan-Jun 2024,all,all,all,all,country_name,Austria,0.0,,
,LIGR,GRFCR,Content not actioned,half-year,Jan-Jun 2024,all,all,all,all,country_name,Austria,0.0,,
,LIGR,GRFCR,Total accounts received,half-year,Jan-Jun 2024,all,all,all,all,country_name,Austria,2.0,,
,LIGR,GRFCR,Accounts actioned due to community guidelines violations,half-year,Jan-Jun 2024,all,all,all,all,country_name,Austria,1.0,,
,LIGR,GRFCR,Accounts actioned due to (local) law violations,half-year,Jan-Jun 2024,all,all,all,all,country_name,Austria,0.0,,
,LIGR,GRFCR,Accounts not actioned,half-year,Jan-Jun 2024,all,all,all,all,country_name,Austria,1.0,,
,LIGR,GRFCR,Removal rate,half-year,Jan-Jun 2024,all,all,all,all,country_name,Austria,0.5,,
,LIGR,GRFCR,Total requests received,half-year,Jan-Jun 2024,all,all,all,all,country_name,Azerbaijan,57.0,,
,LIGR,GRFCR,Total content received,half-year,Jan-Jun 2024,all,all,all,all,country_name,Azerbaijan,61.0,,
,LIGR,GRFCR,Content actioned due to community guidelines violations,half-year,Jan-Jun 2024,all,all,all,all,country_name,Azerbaijan,41.0,,
,LIGR,GRFCR,Content actioned due to (local) law violations,half-year,Jan-Jun 2024,all,all,all,all,country_name,Azerbaijan,11.0,,
,LIGR,GRFCR,Content not actioned,half-year,Jan-Jun 2024,all,all,all,all,country_name,Azerbaijan,9.0,,
,LIGR,GRFCR,Total accounts received,half-year,Jan-Jun 2024,all,all,all,all,country_name,Azerbaijan,213.0,,
,LIGR,GRFCR,Accounts actioned due to community guidelines violations,half-year,Jan-Jun 2024,all,all,all,all,country_name,Azerbaijan,125.0,,
,LIGR,GRFCR,Accounts actioned due to (local) law violations,half-year,Jan-Jun 2024,all,all,all,all,country_name,Azerbaijan,53.0,,
,LIGR,GRFCR,Accounts not actioned,half-year,Jan-Jun 2024,all,all,all,all,country_name,Azerbaijan,35.0,,
,LIGR,GRFCR,Removal rate,half-year,Jan-Jun 2024,all,all,all,all,country_name,Azerbaijan,0.839,,
,LIGR,GRFCR,Total requests received,half-year,Jan-Jun 2024,all,all,all,all,country_name,Bahrain,1.0,,
,LIGR,GRFCR,Total content received,half-year,Jan-Jun 2024,all,all,all,all,country_name,Bahrain,1.0,,
,LIGR,GRFCR,Content actioned due to community guidelines violations,half-year,Jan-Jun 2024,all,all,all,all,country_name,Bahrain,0.0,,
,LIGR,GRFCR,Content actioned due to (local) law violations,half-year,Jan-Jun 2024,all,all,all,all,country_name,Bahrain,0.0,,
,LIGR,GRFCR,Content not actioned,half-year,Jan-Jun 2024,all,all,all,all,country_name,Bahrain,1.0,,
,LIGR,GRFCR,Total accounts received,half-year,Jan-Jun 2024,all,all,all,all,country_name,Bahrain,0.0,,
,LIGR,GRFCR,Accounts actioned due to community guidelines violations,half-year,Jan-Jun 2024,all,all,all,all,country_name,Bahrain,0.0,,
,LIGR,GRFCR,Accounts actioned due to (local) law violations,half-year,Jan-Jun 2024,all,all,all,all,country_name,Bahrain,0.0,,
,LIGR,GRFCR,Accounts not actioned,half-year,Jan-Jun 2024,all,all,all,all,country_name,Bahrain,0.0,,
,LIGR,GRFCR,Removal rate,half-year,Jan-Jun 2024,all,all,all,all,country_name,Bahrain,0.0,,
,LIGR,GRFCR,Total requests received,half-year,Jan-Jun 2024,all,all,all,all,country_name,Bangladesh,175.0,,
,LIGR,GRFCR,Total content received,half-year,Jan-Jun 2024,all,all,all,all,country_name,Bangladesh,2175.0,,
,LIGR,GRFCR,Content actioned due to community guidelines violations,half-year,Jan-Jun 2024,all,all,all,all,country_name,Bangladesh,408.0,,
,LIGR,GRFCR,Content actioned due to (local) law violations,half-year,Jan-Jun 2024,all,all,all,all,country_name,Bangladesh,869.0,,
,LIGR,GRFCR,Content not actioned,half-year,Jan-Jun 2024,all,all,all,all,country_name,Bangladesh,898.0,,
,LIGR,GRFCR,Total accounts received,half-year,Jan-Jun 2024,all,all,all,all,country_name,Bangladesh,13.0,,
,LIGR,GRFCR,Accounts actioned due to community guidelines violations,half-year,Jan-Jun 2024,all,all,all,all,country_name,Bangladesh,6.0,,
,LIGR,GRFCR,Accounts actioned due to (local) law violations,half-year,Jan-Jun 2024,all,all,all,all,country_name,Bangladesh,0.0,,
,LIGR,GRFCR,Accounts not actioned,half-year,Jan-Jun 2024,all,all,all,all,country_name,Bangladesh,7.0,,
,LIGR,GRFCR,Removal rate,half-year,Jan-Jun 2024,all,all,all,all,country_name,Bangladesh,0.586,,
,LIGR,GRFCR,Total requests received,half-year,Jan-Jun 2024,all,all,all,all,country_name,Belarus,1.0,,
,LIGR,GRFCR,Total content received,half-year,Jan-Jun 2024,all,all,all,all,country_name,Belarus,0.0,,
,LIGR,GRFCR,Content actioned due to community guidelines violations,half-year,Jan-Jun 2024,all,all,all,all,country_name,Belarus,0.0,,
,LIGR,GRFCR,Content actioned due to (local) law violations,half-year,Jan-Jun 2024,all,all,all,all,country_name,Belarus,0.0,,
,LIGR,GRFCR,Content not actioned,half-year,Jan-Jun 2024,all,all,all,all,country_name,Belarus,0.0,,
,LIGR,GRFCR,Total accounts received,half-year,Jan-Jun 2024,all,all,all,all,country_name,Belarus,9.0,,
,LIGR,GRFCR,Accounts actioned due to community guidelines violations,half-year,Jan-Jun 2024,all,all,all,all,country_name,Belarus,3.0,,
,LIGR,GRFCR,Accounts actioned due to (local) law violations,half-year,Jan-Jun 2024,all,all,all,all,country_name,Belarus,0.0,,
,LIGR,GRFCR,Accounts not actioned,half-year,Jan-Jun 2024,all,all,all,all,country_name,Belarus,6.0,,
,LIGR,GRFCR,Removal rate,half-year,Jan-Jun 2024,all,all,all,all,country_name,Belarus,0.333,,
,LIGR,GRFCR,Total requests received,half-year,Jan-Jun 2024,all,all,all,all,country_name,Belgium,1.0,,
,LIGR,GRFCR,Total content received,half-year,Jan-Jun 2024,all,all,all,all,country_name,Belgium,0.0,,
,LIGR,GRFCR,Content actioned due to community guidelines violations,half-year,Jan-Jun 2024,all,all,all,all,country_name,Belgium,0.0,,
,LIGR,GRFCR,Content actioned due to (local) law violations,half-year,Jan-Jun 2024,all,all,all,all,country_name,Belgium,0.0,,
,LIGR,GRFCR,Content not actioned,half-year,Jan-Jun 2024,all,all,all,all,country_name,Belgium,0.0,,
,LIGR,GRFCR,Total accounts received,half-year,Jan-Jun 2024,all,all,all,all,country_name,Belgium,1.0,,
,LIGR,GRFCR,Accounts actioned due to community guidelines violations,half-year,Jan-Jun 2024,all,all,all,all,country_name,Belgium,1.0,,
,LIGR,GRFCR,Accounts actioned due to (local) law violations,half-year,Jan-Jun 2024,all,all,all,all,country_name,Belgium,0.0,,
,LIGR,GRFCR,Accounts not actioned,half-year,Jan-Jun 2024,all,all,all,all,country_name,Belgium,0.0,,
,LIGR,GRFCR,Removal rate,half-year,Jan-Jun 2024,all,all,all,all,country_name,Belgium,1.0,,
,LIGR,GRFCR,Total requests received,half-year,Jan-Jun 2024,all,all,all,all,country_name,Bosnia and Herzegovina,1.0,,
,LIGR,GRFCR,Total content received,half-year,Jan-Jun 2024,all,all,all,all,country_name,Bosnia and Herzegovina,0.0,,
,LIGR,GRFCR,Content actioned due to community guidelines violations,half-year,Jan-Jun 2024,all,all,all,all,country_name,Bosnia and Herzegovina,0.0,,
,LIGR,GRFCR,Content actioned due to (local) law violations,half-year,Jan-Jun 2024,all,all,all,all,country_name,Bosnia and Herzegovina,0.0,,
,LIGR,GRFCR,Content not actioned,half-year,Jan-Jun 2024,all,all,all,all,country_name,Bosnia and Herzegovina,0.0,,
,LIGR,GRFCR,Total accounts received,half-year,Jan-Jun 2024,all,all,all,all,country_name,Bosnia and Herzegovina,1.0,,
,LIGR,GRFCR,Accounts actioned due to community guidelines violations,half-year,Jan-Jun 2024,all,all,all,all,country_name,Bosnia and Herzegovina,0.0,,
,LIGR,GRFCR,Accounts actioned due to (local) law violations,half-year,Jan-Jun 2024,all,all,all,all,country_name,Bosnia and Herzegovina,0.0,,
,LIGR,GRFCR,Accounts not actioned,half-year,Jan-Jun 2024,all,all,all,all,country_name,Bosnia and Herzegovina,1.0,,
,LIGR,GRFCR,Removal rate,half-year,Jan-Jun 2024,all,all,all,all,country_name,Bosnia and Herzegovina,0.0,,
,LIGR,GRFCR,Total requests received,half-year,Jan-Jun 2024,all,all,all,all,country_name,Brazil,5.0,,
,LIGR,GRFCR,Total content received,half-year,Jan-Jun 2024,all,all,all,all,country_name,Brazil,0.0,,
,LIGR,GRFCR,Content actioned due to community guidelines violations,half-year,Jan-Jun 2024,all,all,all,all,country_name,Brazil,0.0,,
,LIGR,GRFCR,Content actioned due to (local) law violations,half-year,Jan-Jun 2024,all,all,all,all,country_name,Brazil,0.0,,
,LIGR,GRFCR,Content not actioned,half-year,Jan-Jun 2024,all,all,all,all,country_name,Brazil,0.0,,
,LIGR,GRFCR,Total accounts received,half-year,Jan-Jun 2024,all,all,all,all,country_name,Brazil,38.0,,
,LIGR,GRFCR,Accounts actioned due to community guidelines violations,half-year,Jan-Jun 2024,all,all,all,all,country_name,Brazil,35.0,,
,LIGR,GRFCR,Accounts actioned due to (local) law violations,half-year,Jan-Jun 2024,all,all,all,all,country_name,Brazil,0.0,,
,LIGR,GRFCR,Accounts not actioned,half-year,Jan-Jun 2024,all,all,all,all,country_name,Brazil,3.0,,
,LIGR,GRFCR,Removal rate,half-year,Jan-Jun 2024,all,all,all,all,country_name,Brazil,0.921,,
,LIGR,GRFCR,Total requests received,half-year,Jan-Jun 2024,all,all,all,all,country_name,Brunei Darussalam,1.0,,
,LIGR,GRFCR,Total content received,half-year,Jan-Jun 2024,all,all,all,all,country_name,Brunei Darussalam,0.0,,
,LIGR,GRFCR,Content actioned due to community guidelines violations,half-year,Jan-Jun 2024,all,all,all,all,country_name,Brunei Darussalam,0.0,,
,LIGR,GRFCR,Content actioned due to (local) law violations,half-year,Jan-Jun 2024,all,all,all,all,country_name,Brunei Darussalam,0.0,,
,LIGR,GRFCR,Content not actioned,half-year,Jan-Jun 2024,all,all,all,all,country_name,Brunei Darussalam,0.0,,
,LIGR,GRFCR,Total accounts received,half-year,Jan-Jun 2024,all,all,all,all,country_name,Brunei Darussalam,1.0,,
,LIGR,GRFCR,Accounts actioned due to community guidelines violations,half-year,Jan-Jun 2024,all,all,all,all,country_name,Brunei Darussalam,0.0,,
,LIGR,GRFCR,Accounts actioned due to (local) law violations,half-year,Jan-Jun 2024,all,all,all,all,country_name,Brunei Darussalam,0.0,,
,LIGR,GRFCR,Accounts not actioned,half-year,Jan-Jun 2024,all,all,all,all,country_name,Brunei Darussalam,1.0,,
,LIGR,GRFCR,Removal rate,half-year,Jan-Jun 2024,all,all,all,all,country_name,Brunei Darussalam,0.0,,
,LIGR,GRFCR,Total requests received,half-year,Jan-Jun 2024,all,all,all,all,country_name,Bulgaria,1.0,,
,LIGR,GRFCR,Total content received,half-year,Jan-Jun 2024,all,all,all,all,country_name,Bulgaria,0.0,,
,LIGR,GRFCR,Content actioned due to community guidelines violations,half-year,Jan-Jun 2024,all,all,all,all,country_name,Bulgaria,0.0,,
,LIGR,GRFCR,Content actioned due to (local) law violations,half-year,Jan-Jun 2024,all,all,all,all,country_name,Bulgaria,0.0,,
,LIGR,GRFCR,Content not actioned,half-year,Jan-Jun 2024,all,all,all,all,country_name,Bulgaria,0.0,,
,LIGR,GRFCR,Total accounts received,half-year,Jan-Jun 2024,all,all,all,all,country_name,Bulgaria,8.0,,
,LIGR,GRFCR,Accounts actioned due to community guidelines violations,half-year,Jan-Jun 2024,all,all,all,all,country_name,Bulgaria,3.0,,
,LIGR,GRFCR,Accounts actioned due to (local) law violations,half-year,Jan-Jun 2024,all,all,all,all,country_name,Bulgaria,0.0,,
,LIGR,GRFCR,Accounts not actioned,half-year,Jan-Jun 2024,all,all,all,all,country_name,Bulgaria,5.0,,
,LIGR,GRFCR,Removal rate,half-year,Jan-Jun 2024,all,all,all,all,country_name,Bulgaria,0.375,,
,LIGR,GRFCR,Total requests received,half-year,Jan-Jun 2024,all,all,all,all,country_name,Cambodia,7.0,,
,LIGR,GRFCR,Total content received,half-year,Jan-Jun 2024,all,all,all,all,country_name,Cambodia,3.0,,
,LIGR,GRFCR,Content actioned due to community guidelines violations,half-year,Jan-Jun 2024,all,all,all,all,country_name,Cambodia,0.0,,
,LIGR,GRFCR,Content actioned due to (local) law violations,half-year,Jan-Jun 2024,all,all,all,all,country_name,Cambodia,1.0,,
,LIGR,GRFCR,Content not actioned,half-year,Jan-Jun 2024,all,all,all,all,country_name,Cambodia,2.0,,
,LIGR,GRFCR,Total accounts received,half-year,Jan-Jun 2024,all,all,all,all,country_name,Cambodia,4.0,,
,LIGR,GRFCR,Accounts actioned due to community guidelines violations,half-year,Jan-Jun 2024,all,all,all,all,country_name,Cambodia,4.0,,
,LIGR,GRFCR,Accounts actioned due to (local) law violations,half-year,Jan-Jun 2024,all,all,all,all,country_name,Cambodia,0.0,,
,LIGR,GRFCR,Accounts not actioned,half-year,Jan-Jun 2024,all,all,all,all,country_name,Cambodia,0.0,,
,LIGR,GRFCR,Removal rate,half-year,Jan-Jun 2024,all,all,all,all,country_name,Cambodia,0.714,,
,LIGR,GRFCR,Total requests received,half-year,Jan-Jun 2024,all,all,all,all,country_name,Canada,9.0,,
,LIGR,GRFCR,Total content received,half-year,Jan-Jun 2024,all,all,all,all,country_name,Canada,1.0,,
,LIGR,GRFCR,Content actioned due to community guidelines violations,half-year,Jan-Jun 2024,all,all,all,all,country_name,Canada,1.0,,
,LIGR,GRFCR,Content actioned due to (local) law violations,half-year,Jan-Jun 2024,all,all,all,all,country_name,Canada,0.0,,
,LIGR,GRFCR,Content not actioned,half-year,Jan-Jun 2024,all,all,all,all,country_name,Canada,0.0,,
,LIGR,GRFCR,Total accounts received,half-year,Jan-Jun 2024,all,all,all,all,country_name,Canada,15.0,,
,LIGR,GRFCR,Accounts actioned due to community guidelines violations,half-year,Jan-Jun 2024,all,all,all,all,country_name,Canada,12.0,,
,LIGR,GRFCR,Accounts actioned due to (local) law violations,half-year,Jan-Jun 2024,all,all,all,all,country_name,Canada,0.0,,
,LIGR,GRFCR,Accounts not actioned,half-year,Jan-Jun 2024,all,all,all,all,country_name,Canada,3.0,,
,LIGR,GRFCR,Removal rate,half-year,Jan-Jun 2024,all,all,all,all,country_name,Canada,0.813,,
,LIGR,GRFCR,Total requests received,half-year,Jan-Jun 2024,all,all,all,all,country_name,Colombia,150.0,,
,LIGR,GRFCR,Total content received,half-year,Jan-Jun 2024,all,all,all,all,country_name,Colombia,51.0,,
,LIGR,GRFCR,Content actioned due to community guidelines violations,half-year,Jan-Jun 2024,all,all,all,all,country_name,Colombia,42.0,,
,LIGR,GRFCR,Content actioned due to (local) law violations,half-year,Jan-Jun 2024,all,all,all,all,country_name,Colombia,0.0,,
,LIGR,GRFCR,Content not actioned,half-year,Jan-Jun 2024,all,all,all,all,country_name,Colombia,9.0,,
,LIGR,GRFCR,Total accounts received,half-year,Jan-Jun 2024,all,all,all,all,country_name,Colombia,149.0,,
,LIGR,GRFCR,Accounts actioned due to community guidelines violations,half-year,Jan-Jun 2024,all,all,all,all,country_name,Colombia,137.0,,
,LIGR,GRFCR,Accounts actioned due to (local) law violations,half-year,Jan-Jun 2024,all,all,all,all,country_name,Colombia,0.0,,
,LIGR,GRFCR,Accounts not actioned,half-year,Jan-Jun 2024,all,all,all,all,country_name,Colombia,12.0,,
,LIGR,GRFCR,Removal rate,half-year,Jan-Jun 2024,all,all,all,all,country_name,Colombia,0.895,,
,LIGR,GRFCR,Total requests received,half-year,Jan-Jun 2024,all,all,all,all,country_name,Denmark,5.0,,
,LIGR,GRFCR,Total content received,half-year,Jan-Jun 2024,all,all,all,all,country_name,Denmark,12.0,,
,LIGR,GRFCR,Content actioned due to community guidelines violations,half-year,Jan-Jun 2024,all,all,all,all,country_name,Denmark,12.0,,
,LIGR,GRFCR,Content actioned due to (local) law violations,half-year,Jan-Jun 2024,all,all,all,all,country_name,Denmark,0.0,,
,LIGR,GRFCR,Content not actioned,half-year,Jan-Jun 2024,all,all,all,all,country_name,Denmark,0.0,,
,LIGR,GRFCR,Total accounts received,half-year,Jan-Jun 2024,all,all,all,all,country_name,Denmark,1.0,,
,LIGR,GRFCR,Accounts actioned due to community guidelines violations,half-year,Jan-Jun 2024,all,all,all,all,country_name,Denmark,1.0,,
,LIGR,GRFCR,Accounts actioned due to (local) law violations,half-year,Jan-Jun 2024,all,all,all,all,country_name,Denmark,0.0,,
,LIGR,GRFCR,Accounts not actioned,half-year,Jan-Jun 2024,all,all,all,all,country_name,Denmark,0.0,,
,LIGR,GRFCR,Removal rate,half-year,Jan-Jun 2024,all,all,all,all,country_name,Denmark,1.0,,
,LIGR,GRFCR,Total requests received,half-year,Jan-Jun 2024,all,all,all,all,country_name,Dominican Republic,3.0,,
,LIGR,GRFCR,Total content received,half-year,Jan-Jun 2024,all,all,all,all,country_name,Dominican Republic,1.0,,
,LIGR,GRFCR,Content actioned due to community guidelines violations,half-year,Jan-Jun 2024,all,all,all,all,country_name,Dominican Republic,1.0,,
,LIGR,GRFCR,Content actioned due to (local) law violations,half-year,Jan-Jun 2024,all,all,all,all,country_name,Dominican Republic,0.0,,
,LIGR,GRFCR,Content not actioned,half-year,Jan-Jun 2024,all,all,all,all,country_name,Dominican Republic,0.0,,
,LIGR,GRFCR,Total accounts received,half-year,Jan-Jun 2024,all,all,all,all,country_name,Dominican Republic,0.0,,
,LIGR,GRFCR,Accounts actioned due to community guidelines violations,half-year,Jan-Jun 2024,all,all,all,all,country_name,Dominican Republic,0.0,,
,LIGR,GRFCR,Accounts actioned due to (local) law violations,half-year,Jan-Jun 2024,all,all,all,all,country_name,Dominican Republic,0.0,,
,LIGR,GRFCR,Accounts not actioned,half-year,Jan-Jun 2024,all,all,all,all,country_name,Dominican Republic,0.0,,
,LIGR,GRFCR,Removal rate,half-year,Jan-Jun 2024,all,all,all,all,country_name,Dominican Republic,1.0,,
,LIGR,GRFCR,Total requests received,half-year,Jan-Jun 2024,all,all,all,all,country_name,Ecuador,2.0,,
,LIGR,GRFCR,Total content received,half-year,Jan-Jun 2024,all,all,all,all,country_name,Ecuador,6.0,,
,LIGR,GRFCR,Content actioned due to community guidelines violations,half-year,Jan-Jun 2024,all,all,all,all,country_name,Ecuador,6.0,,
,LIGR,GRFCR,Content actioned due to (local) law violations,half-year,Jan-Jun 2024,all,all,all,all,country_name,Ecuador,0.0,,
,LIGR,GRFCR,Content not actioned,half-year,Jan-Jun 2024,all,all,all,all,country_name,Ecuador,0.0,,
,LIGR,GRFCR,Total accounts received,half-year,Jan-Jun 2024,all,all,all,all,country_name,Ecuador,0.0,,
,LIGR,GRFCR,Accounts actioned due to community guidelines violations,half-year,Jan-Jun 2024,all,all,all,all,country_name,Ecuador,0.0,,
,LIGR,GRFCR,Accounts actioned due to (local) law violations,half-year,Jan-Jun 2024,all,all,all,all,country_name,Ecuador,0.0,,
,LIGR,GRFCR,Accounts not actioned,half-year,Jan-Jun 2024,all,all,all,all,country_name,Ecuador,0.0,,
,LIGR,GRFCR,Removal rate,half-year,Jan-Jun 2024,all,all,all,all,country_name,Ecuador,1.0,,
,LIGR,GRFCR,Total requests received,half-year,Jan-Jun 2024,all,all,all,all,country_name,Estonia,4.0,,
,LIGR,GRFCR,Total content received,half-year,Jan-Jun 2024,all,all,all,all,country_name,Estonia,22.0,,
,LIGR,GRFCR,Content actioned due to community guidelines violations,half-year,Jan-Jun 2024,all,all,all,all,country_name,Estonia,22.0,,
,LIGR,GRFCR,Content actioned due to (local) law violations,half-year,Jan-Jun 2024,all,all,all,all,country_name,Estonia,0.0,,
,LIGR,GRFCR,Content not actioned,half-year,Jan-Jun 2024,all,all,all,all,country_name,Estonia,0.0,,
,LIGR,GRFCR,Total accounts received,half-year,Jan-Jun 2024,all,all,all,all,country_name,Estonia,8.0,,
,LIGR,GRFCR,Accounts actioned due to community guidelines violations,half-year,Jan-Jun 2024,all,all,all,all,country_name,Estonia,8.0,,
,LIGR,GRFCR,Accounts actioned due to (local) law violations,half-year,Jan-Jun 2024,all,all,all,all,country_name,Estonia,0.0,,
,LIGR,GRFCR,Accounts not actioned,half-year,Jan-Jun 2024,all,all,all,all,country_name,Estonia,0.0,,
,LIGR,GRFCR,Removal rate,half-year,Jan-Jun 2024,all,all,all,all,country_name,Estonia,1.0,,
,LIGR,GRFCR,Total requests received,half-year,Jan-Jun 2024,all,all,all,all,country_name,Ethiopia,86.0,,
,LIGR,GRFCR,Total content received,half-year,Jan-Jun 2024,all,all,all,all,country_name,Ethiopia,17.0,,
,LIGR,GRFCR,Content actioned due to community guidelines violations,half-year,Jan-Jun 2024,all,all,all,all,country_name,Ethiopia,12.0,,
,LIGR,GRFCR,Content actioned due to (local) law violations,half-year,Jan-Jun 2024,all,all,all,all,country_name,Ethiopia,0.0,,
,LIGR,GRFCR,Content not actioned,half-year,Jan-Jun 2024,all,all,all,all,country_name,Ethiopia,5.0,,
,LIGR,GRFCR,Total accounts received,half-year,Jan-Jun 2024,all,all,all,all,country_name,Ethiopia,150.0,,
,LIGR,GRFCR,Accounts actioned due to community guidelines violations,half-year,Jan-Jun 2024,all,all,all,all,country_name,Ethiopia,125.0,,
,LIGR,GRFCR,Accounts actioned due to (local) law violations,half-year,Jan-Jun 2024,all,all,all,all,country_name,Ethiopia,1.0,,
,LIGR,GRFCR,Accounts not actioned,half-year,Jan-Jun 2024,all,all,all,all,country_name,Ethiopia,24.0,,
,LIGR,GRFCR,Removal rate,half-year,Jan-Jun 2024,all,all,all,all,country_name,Ethiopia,0.826,,
,LIGR,GRFCR,Total requests received,half-year,Jan-Jun 2024,all,all,all,all,country_name,Fiji,113.0,,
,LIGR,GRFCR,Total content received,half-year,Jan-Jun 2024,all,all,all,all,country_name,Fiji,23.0,,
,LIGR,GRFCR,Content actioned due to community guidelines violations,half-year,Jan-Jun 2024,all,all,all,all,country_name,Fiji,20.0,,
,LIGR,GRFCR,Content actioned due to (local) law violations,half-year,Jan-Jun 2024,all,all,all,all,country_name,Fiji,0.0,,
,LIGR,GRFCR,Content not actioned,half-year,Jan-Jun 2024,all,all,all,all,country_name,Fiji,3.0,,
,LIGR,GRFCR,Total accounts received,half-year,Jan-Jun 2024,all,all,all,all,country_name,Fiji,271.0,,
,LIGR,GRFCR,Accounts actioned due to community guidelines violations,half-year,Jan-Jun 2024,all,all,all,all,country_name,Fiji,234.0,,
,LIGR,GRFCR,Accounts actioned due to (local) law violations,half-year,Jan-Jun 2024,all,all,all,all,country_name,Fiji,0.0,,
,LIGR,GRFCR,Accounts not actioned,half-year,Jan-Jun 2024,all,all,all,all,country_name,Fiji,37.0,,
,LIGR,GRFCR,Removal rate,half-year,Jan-Jun 2024,all,all,all,all,country_name,Fiji,0.864,,
,LIGR,GRFCR,Total requests received,half-year,Jan-Jun 2024,all,all,all,all,country_name,France,163.0,,
,LIGR,GRFCR,Total content received,half-year,Jan-Jun 2024,all,all,all,all,country_name,France,176.0,,
,LIGR,GRFCR,Content actioned due to community guidelines violations,half-year,Jan-Jun 2024,all,all,all,all,country_name,France,157.0,,
,LIGR,GRFCR,Content actioned due to (local) law violations,half-year,Jan-Jun 2024,all,all,all,all,country_name,France,5.0,,
,LIGR,GRFCR,Content not actioned,half-year,Jan-Jun 2024,all,all,all,all,country_name,France,14.0,,
,LIGR,GRFCR,Total accounts received,half-year,Jan-Jun 2024,all,all,all,all,country_name,France,104.0,,
,LIGR,GRFCR,Accounts actioned due to community guidelines violations,half-year,Jan-Jun 2024,all,all,all,all,country_name,France,74.0,,
,LIGR,GRFCR,Accounts actioned due to (local) law violations,half-year,Jan-Jun 2024,all,all,all,all,country_name,France,27.0,,
,LIGR,GRFCR,Accounts not actioned,half-year,Jan-Jun 2024,all,all,all,all,country_name,France,3.0,,
,LIGR,GRFCR,Removal rate,half-year,Jan-Jun 2024,all,all,all,all,country_name,France,0.939,,
,LIGR,GRFCR,Total requests received,half-year,Jan-Jun 2024,all,all,all,all,country_name,Germany,220.0,,
,LIGR,GRFCR,Total content received,half-year,Jan-Jun 2024,all,all,all,all,country_name,Germany,1925.0,,
,LIGR,GRFCR,Content actioned due to community guidelines violations,half-year,Jan-Jun 2024,all,all,all,all,country_name,Germany,1873.0,,
,LIGR,GRFCR,Content actioned due to (local) law violations,half-year,Jan-Jun 2024,all,all,all,all,country_name,Germany,17.0,,
,LIGR,GRFCR,Content not actioned,half-year,Jan-Jun 2024,all,all,all,all,country_name,Germany,35.0,,
,LIGR,GRFCR,Total accounts received,half-year,Jan-Jun 2024,all,all,all,all,country_name,Germany,36.0,,
,LIGR,GRFCR,Accounts actioned due to community guidelines violations,half-year,Jan-Jun 2024,all,all,all,all,country_name,Germany,31.0,,
,LIGR,GRFCR,Accounts actioned due to (local) law violations,half-year,Jan-Jun 2024,all,all,all,all,country_name,Germany,3.0,,
,LIGR,GRFCR,Accounts not actioned,half-year,Jan-Jun 2024,all,all,all,all,country_name,Germany,2.0,,
,LIGR,GRFCR,Removal rate,half-year,Jan-Jun 2024,all,all,all,all,country_name,Germany,0.981,,
,LIGR,GRFCR,Total requests received,half-year,Jan-Jun 2024,all,all,all,all,country_name,Ghana,3.0,,
,LIGR,GRFCR,Total content received,half-year,Jan-Jun 2024,all,all,all,all,country_name,Ghana,1.0,,
,LIGR,GRFCR,Content actioned due to community guidelines violations,half-year,Jan-Jun 2024,all,all,all,all,country_name,Ghana,0.0,,
,LIGR,GRFCR,Content actioned due to (local) law violations,half-year,Jan-Jun 2024,all,all,all,all,country_name,Ghana,0.0,,
,LIGR,GRFCR,Content not actioned,half-year,Jan-Jun 2024,all,all,all,all,country_name,Ghana,1.0,,
,LIGR,GRFCR,Total accounts received,half-year,Jan-Jun 2024,all,all,all,all,country_name,Ghana,1.0,,
,LIGR,GRFCR,Accounts actioned due to community guidelines violations,half-year,Jan-Jun 2024,all,all,all,all,country_name,Ghana,0.0,,
,LIGR,GRFCR,Accounts actioned due to (local) law violations,half-year,Jan-Jun 2024,all,all,all,all,country_name,Ghana,0.0,,
,LIGR,GRFCR,Accounts not actioned,half-year,Jan-Jun 2024,all,all,all,all,country_name,Ghana,1.0,,
,LIGR,GRFCR,Removal rate,half-year,Jan-Jun 2024,all,all,all,all,country_name,Ghana,0.0,,
,LIGR,GRFCR,Total requests received,half-year,Jan-Jun 2024,all,all,all,all,country_name,Greece,1.0,,
,LIGR,GRFCR,Total content received,half-year,Jan-Jun 2024,all,all,all,all,country_name,Greece,0.0,,
,LIGR,GRFCR,Content actioned due to community guidelines violations,half-year,Jan-Jun 2024,all,all,all,all,country_name,Greece,0.0,,
,LIGR,GRFCR,Content actioned due to (local) law violations,half-year,Jan-Jun 2024,all,all,all,all,country_name,Greece,0.0,,
,LIGR,GRFCR,Content not actioned,half-year,Jan-Jun 2024,all,all,all,all,country_name,Greece,0.0,,
,LIGR,GRFCR,Total accounts received,half-year,Jan-Jun 2024,all,all,all,all,country_name,Greece,3.0,,
,LIGR,GRFCR,Accounts actioned due to community guidelines violations,half-year,Jan-Jun 2024,all,all,all,all,country_name,Greece,0.0,,
,LIGR,GRFCR,Accounts actioned due to (local) law violations,half-year,Jan-Jun 2024,all,all,all,all,country_name,Greece,0.0,,
,LIGR,GRFCR,Accounts not actioned,half-year,Jan-Jun 2024,all,all,all,all,country_name,Greece,3.0,,
,LIGR,GRFCR,Removal rate,half-year,Jan-Jun 2024,all,all,all,all,country_name,Greece,0.0,,
,LIGR,GRFCR,Total requests received,half-year,Jan-Jun 2024,all,all,all,all,country_name,Guyana,1.0,,
,LIGR,GRFCR,Total content received,half-year,Jan-Jun 2024,all,all,all,all,country_name,Guyana,0.0,,
,LIGR,GRFCR,Content actioned due to community guidelines violations,half-year,Jan-Jun 2024,all,all,all,all,country_name,Guyana,0.0,,
,LIGR,GRFCR,Content actioned due to (local) law violations,half-year,Jan-Jun 2024,all,all,all,all,country_name,Guyana,0.0,,
,LIGR,GRFCR,Content not actioned,half-year,Jan-Jun 2024,all,all,all,all,country_name,Guyana,0.0,,
,LIGR,GRFCR,Total accounts received,half-year,Jan-Jun 2024,all,all,all,all,country_name,Guyana,1.0,,
,LIGR,GRFCR,Accounts actioned due to community guidelines violations,half-year,Jan-Jun 2024,all,all,all,all,country_name,Guyana,1.0,,
,LIGR,GRFCR,Accounts actioned due to (local) law violations,half-year,Jan-Jun 2024,all,all,all,all,country_name,Guyana,0.0,,
,LIGR,GRFCR,Accounts not actioned,half-year,Jan-Jun 2024,all,all,all,all,country_name,Guyana,0.0,,
,LIGR,GRFCR,Removal rate,half-year,Jan-Jun 2024,all,all,all,all,country_name,Guyana,1.0,,
,LIGR,GRFCR,Total requests received,half-year,Jan-Jun 2024,all,all,all,all,country_name,Hungary,4.0,,
,LIGR,GRFCR,Total content received,half-year,Jan-Jun 2024,all,all,all,all,country_name,Hungary,23.0,,
,LIGR,GRFCR,Content actioned due to community guidelines violations,half-year,Jan-Jun 2024,all,all,all,all,country_name,Hungary,1.0,,
,LIGR,GRFCR,Content actioned due to (local) law violations,half-year,Jan-Jun 2024,all,all,all,all,country_name,Hungary,22.0,,
,LIGR,GRFCR,Content not actioned,half-year,Jan-Jun 2024,all,all,all,all,country_name,Hungary,0.0,,
,LIGR,GRFCR,Total accounts received,half-year,Jan-Jun 2024,all,all,all,all,country_name,Hungary,2.0,,
,LIGR,GRFCR,Accounts actioned due to community guidelines violations,half-year,Jan-Jun 2024,all,all,all,all,country_name,Hungary,1.0,,
,LIGR,GRFCR,Accounts actioned due to (local) law violations,half-year,Jan-Jun 2024,all,all,all,all,country_name,Hungary,0.0,,
,LIGR,GRFCR,Accounts not actioned,half-year,Jan-Jun 2024,all,all,all,all,country_name,Hungary,1.0,,
,LIGR,GRFCR,Removal rate,half-year,Jan-Jun 2024,all,all,all,all,country_name,Hungary,0.96,,
,LIGR,GRFCR,Total requests received,half-year,Jan-Jun 2024,all,all,all,all,country_name,Indonesia,778.0,,
,LIGR,GRFCR,Total content received,half-year,Jan-Jun 2024,all,all,all,all,country_name,Indonesia,3436.0,,
,LIGR,GRFCR,Content actioned due to community guidelines violations,half-year,Jan-Jun 2024,all,all,all,all,country_name,Indonesia,1519.0,,
,LIGR,GRFCR,Content actioned due to (local) law violations,half-year,Jan-Jun 2024,all,all,all,all,country_name,Indonesia,966.0,,
,LIGR,GRFCR,Content not actioned,half-year,Jan-Jun 2024,all,all,all,all,country_name,Indonesia,951.0,,
,LIGR,GRFCR,Total accounts received,half-year,Jan-Jun 2024,all,all,all,all,country_name,Indonesia,295.0,,
,LIGR,GRFCR,Accounts actioned due to community guidelines violations,half-year,Jan-Jun 2024,all,all,all,all,country_name,Indonesia,247.0,,
,LIGR,GRFCR,Accounts actioned due to (local) law violations,half-year,Jan-Jun 2024,all,all,all,all,country_name,Indonesia,28.0,,
,LIGR,GRFCR,Accounts not actioned,half-year,Jan-Jun 2024,all,all,all,all,country_name,Indonesia,20.0,,
,LIGR,GRFCR,Removal rate,half-year,Jan-Jun 2024,all,all,all,all,country_name,Indonesia,0.74,,
,LIGR,GRFCR,Total requests received,half-year,Jan-Jun 2024,all,all,all,all,country_name,Iraq,151.0,,
,LIGR,GRFCR,Total content received,half-year,Jan-Jun 2024,all,all,all,all,country_name,Iraq,140.0,,
,LIGR,GRFCR,Content actioned due to community guidelines violations,half-year,Jan-Jun 2024,all,all,all,all,country_name,Iraq,38.0,,
,LIGR,GRFCR,Content actioned due to (local) law violations,half-year,Jan-Jun 2024,all,all,all,all,country_name,Iraq,79.0,,
,LIGR,GRFCR,Content not actioned,half-year,Jan-Jun 2024,all,all,all,all,country_name,Iraq,23.0,,
,LIGR,GRFCR,Total accounts received,half-year,Jan-Jun 2024,all,all,all,all,country_name,Iraq,489.0,,
,LIGR,GRFCR,Accounts actioned due to community guidelines violations,half-year,Jan-Jun 2024,all,all,all,all,country_name,Iraq,148.0,,
,LIGR,GRFCR,Accounts actioned due to (local) law violations,half-year,Jan-Jun 2024,all,all,all,all,country_name,Iraq,296.0,,
,LIGR,GRFCR,Accounts not actioned,half-year,Jan-Jun 2024,all,all,all,all,country_name,Iraq,45.0,,
,LIGR,GRFCR,Removal rate,half-year,Jan-Jun 2024,all,all,all,all,country_name,Iraq,0.892,,
,LIGR,GRFCR,Total requests received,half-year,Jan-Jun 2024,all,all,all,all,country_name,Ireland,9.0,,
,LIGR,GRFCR,Total content received,half-year,Jan-Jun 2024,all,all,all,all,country_name,Ireland,9.0,,
,LIGR,GRFCR,Content actioned due to community guidelines violations,half-year,Jan-Jun 2024,all,all,all,all,country_name,Ireland,9.0,,
,LIGR,GRFCR,Content actioned due to (local) law violations,half-year,Jan-Jun 2024,all,all,all,all,country_name,Ireland,0.0,,
,LIGR,GRFCR,Content not actioned,half-year,Jan-Jun 2024,all,all,all,all,country_name,Ireland,0.0,,
,LIGR,GRFCR,Total accounts received,half-year,Jan-Jun 2024,all,all,all,all,country_name,Ireland,9.0,,
,LIGR,GRFCR,Accounts actioned due to community guidelines violations,half-year,Jan-Jun 2024,all,all,all,all,country_name,Ireland,8.0,,
,LIGR,GRFCR,Accounts actioned due to (local) law violations,half-year,Jan-Jun 2024,all,all,all,all,country_name,Ireland,0.0,,
,LIGR,GRFCR,Accounts not actioned,half-year,Jan-Jun 2024,all,all,all,all,country_name,Ireland,1.0,,
,LIGR,GRFCR,Removal rate,half-year,Jan-Jun 2024,all,all,all,all,country_name,Ireland,0.944,,
,LIGR,GRFCR,Total requests received,half-year,Jan-Jun 2024,all,all,all,all,country_name,Israel,179.0,,
,LIGR,GRFCR,Total content received,half-year,Jan-Jun 2024,all,all,all,all,country_name,Israel,7584.0,,
,LIGR,GRFCR,Content actioned due to community guidelines violations,half-year,Jan-Jun 2024,all,all,all,all,country_name,Israel,7540.0,,
,LIGR,GRFCR,Content actioned due to (local) law violations,half-year,Jan-Jun 2024,all,all,all,all,country_name,Israel,26.0,,
,LIGR,GRFCR,Content not actioned,half-year,Jan-Jun 2024,all,all,all,all,country_name,Israel,18.0,,
,LIGR,GRFCR,Total accounts received,half-year,Jan-Jun 2024,all,all,all,all,country_name,Israel,130.0,,
,LIGR,GRFCR,Accounts actioned due to community guidelines violations,half-year,Jan-Jun 2024,all,all,all,all,country_name,Israel,130.0,,
,LIGR,GRFCR,Accounts actioned due to (local) law violations,half-year,Jan-Jun 2024,all,all,all,all,country_name,Israel,0.0,,
,LIGR,GRFCR,Accounts not actioned,half-year,Jan-Jun 2024,all,all,all,all,country_name,Israel,0.0,,
,LIGR,GRFCR,Removal rate,half-year,Jan-Jun 2024,all,all,all,all,country_name,Israel,0.998,,
,LIGR,GRFCR,Total requests received,half-year,Jan-Jun 2024,all,all,all,all,country_name,Italy,25.0,,
,LIGR,GRFCR,Total content received,half-year,Jan-Jun 2024,all,all,all,all,country_name,Italy,2.0,,
,LIGR,GRFCR,Content actioned due to community guidelines violations,half-year,Jan-Jun 2024,all,all,all,all,country_name,Italy,2.0,,
,LIGR,GRFCR,Content actioned due to (local) law violations,half-year,Jan-Jun 2024,all,all,all,all,country_name,Italy,0.0,,
,LIGR,GRFCR,Content not actioned,half-year,Jan-Jun 2024,all,all,all,all,country_name,Italy,0.0,,
,LIGR,GRFCR,Total accounts received,half-year,Jan-Jun 2024,all,all,all,all,country_name,Italy,7.0,,
,LIGR,GRFCR,Accounts actioned due to community guidelines violations,half-year,Jan-Jun 2024,all,all,all,all,country_name,Italy,6.0,,
,LIGR,GRFCR,Accounts actioned due to (local) law violations,half-year,Jan-Jun 2024,all,all,all,all,country_name,Italy,0.0,,
,LIGR,GRFCR,Accounts not actioned,half-year,Jan-Jun 2024,all,all,all,all,country_name,Italy,1.0,,
,LIGR,GRFCR,Removal rate,half-year,Jan-Jun 2024,all,all,all,all,country_name,Italy,0.889,,
,LIGR,GRFCR,Total requests received,half-year,Jan-Jun 2024,all,all,all,all,country_name,Japan,4.0,,
,LIGR,GRFCR,Total content received,half-year,Jan-Jun 2024,all,all,all,all,country_name,Japan,6.0,,
,LIGR,GRFCR,Content actioned due to community guidelines violations,half-year,Jan-Jun 2024,all,all,all,all,country_name,Japan,0.0,,
,LIGR,GRFCR,Content actioned due to (local) law violations,half-year,Jan-Jun 2024,all,all,all,all,country_name,Japan,6.0,,
,LIGR,GRFCR,Content not actioned,half-year,Jan-Jun 2024,all,all,all,all,country_name,Japan,0.0,,
,LIGR,GRFCR,Total accounts received,half-year,Jan-Jun 2024,all,all,all,all,country_name,Japan,3.0,,
,LIGR,GRFCR,Accounts actioned due to community guidelines violations,half-year,Jan-Jun 2024,all,all,all,all,country_name,Japan,0.0,,
,LIGR,GRFCR,Accounts actioned due to (local) law violations,half-year,Jan-Jun 2024,all,all,all,all,country_name,Japan,1.0,,
,LIGR,GRFCR,Accounts not actioned,half-year,Jan-Jun 2024,all,all,all,all,country_name,Japan,2.0,,
,LIGR,GRFCR,Removal rate,half-year,Jan-Jun 2024,all,all,all,all,country_name,Japan,0.778,,
,LIGR,GRFCR,Total requests received,half-year,Jan-Jun 2024,all,all,all,all,country_name,Jordan,9.0,,
,LIGR,GRFCR,Total content received,half-year,Jan-Jun 2024,all,all,all,all,country_name,Jordan,11.0,,
,LIGR,GRFCR,Content actioned due to community guidelines violations,half-year,Jan-Jun 2024,all,all,all,all,country_name,Jordan,4.0,,
,LIGR,GRFCR,Content actioned due to (local) law violations,half-year,Jan-Jun 2024,all,all,all,all,country_name,Jordan,0.0,,
,LIGR,GRFCR,Content not actioned,half-year,Jan-Jun 2024,all,all,all,all,country_name,Jordan,7.0,,
,LIGR,GRFCR,Total accounts received,half-year,Jan-Jun 2024,all,all,all,all,country_name,Jordan,4.0,,
,LIGR,GRFCR,Accounts actioned due to community guidelines violations,half-year,Jan-Jun 2024,all,all,all,all,country_name,Jordan,3.0,,
,LIGR,GRFCR,Accounts actioned due to (local) law violations,half-year,Jan-Jun 2024,all,all,all,all,country_name,Jordan,0.0,,
,LIGR,GRFCR,Accounts not actioned,half-year,Jan-Jun 2024,all,all,all,all,country_name,Jordan,1.0,,
,LIGR,GRFCR,Removal rate,half-year,Jan-Jun 2024,all,all,all,all,country_name,Jordan,0.467,,
,LIGR,GRFCR,Total requests received,half-year,Jan-Jun 2024,all,all,all,all,country_name,Kazakhstan,216.0,,
,LIGR,GRFCR,Total content received,half-year,Jan-Jun 2024,all,all,all,all,country_name,Kazakhstan,782.0,,
,LIGR,GRFCR,Content actioned due to community guidelines violations,half-year,Jan-Jun 2024,all,all,all,all,country_name,Kazakhstan,184.0,,
,LIGR,GRFCR,Content actioned due to (local) law violations,half-year,Jan-Jun 2024,all,all,all,all,country_name,Kazakhstan,119.0,,
,LIGR,GRFCR,Content not actioned,half-year,Jan-Jun 2024,all,all,all,all,country_name,Kazakhstan,479.0,,
,LIGR,GRFCR,Total accounts received,half-year,Jan-Jun 2024,all,all,all,all,country_name,Kazakhstan,54.0,,
,LIGR,GRFCR,Accounts actioned due to community guidelines violations,half-year,Jan-Jun 2024,all,all,all,all,country_name,Kazakhstan,27.0,,
,LIGR,GRFCR,Accounts actioned due to (local) law violations,half-year,Jan-Jun 2024,all,all,all,all,country_name,Kazakhstan,2.0,,
,LIGR,GRFCR,Accounts not actioned,half-year,Jan-Jun 2024,all,all,all,all,country_name,Kazakhstan,25.0,,
,LIGR,GRFCR,Removal rate,half-year,Jan-Jun 2024,all,all,all,all,country_name,Kazakhstan,0.397,,
,LIGR,GRFCR,Total requests received,half-year,Jan-Jun 2024,all,all,all,all,country_name,Kuwait,2.0,,
,LIGR,GRFCR,Total content received,half-year,Jan-Jun 2024,all,all,all,all,country_name,Kuwait,3.0,,
,LIGR,GRFCR,Content actioned due to community guidelines violations,half-year,Jan-Jun 2024,all,all,all,all,country_name,Kuwait,3.0,,
,LIGR,GRFCR,Content actioned due to (local) law violations,half-year,Jan-Jun 2024,all,all,all,all,country_name,Kuwait,0.0,,
,LIGR,GRFCR,Content not actioned,half-year,Jan-Jun 2024,all,all,all,all,country_name,Kuwait,0.0,,
,LIGR,GRFCR,Total accounts received,half-year,Jan-Jun 2024,all,all,all,all,country_name,Kuwait,2.0,,
,LIGR,GRFCR,Accounts actioned due to community guidelines violations,half-year,Jan-Jun 2024,all,all,all,all,country_name,Kuwait,2.0,,
,LIGR,GRFCR,Accounts actioned due to (local) law violations,half-year,Jan-Jun 2024,all,all,all,all,country_name,Kuwait,0.0,,
,LIGR,GRFCR,Accounts not actioned,half-year,Jan-Jun 2024,all,all,all,all,country_name,Kuwait,0.0,,
,LIGR,GRFCR,Removal rate,half-year,Jan-Jun 2024,all,all,all,all,country_name,Kuwait,1.0,,
,LIGR,GRFCR,Total requests received,half-year,Jan-Jun 2024,all,all,all,all,country_name,Kyrgyzstan,56.0,,
,LIGR,GRFCR,Total content received,half-year,Jan-Jun 2024,all,all,all,all,country_name,Kyrgyzstan,417.0,,
,LIGR,GRFCR,Content actioned due to community guidelines violations,half-year,Jan-Jun 2024,all,all,all,all,country_name,Kyrgyzstan,52.0,,
,LIGR,GRFCR,Content actioned due to (local) law violations,half-year,Jan-Jun 2024,all,all,all,all,country_name,Kyrgyzstan,41.0,,
,LIGR,GRFCR,Content not actioned,half-year,Jan-Jun 2024,all,all,all,all,country_name,Kyrgyzstan,324.0,,
,LIGR,GRFCR,Total accounts received,half-year,Jan-Jun 2024,all,all,all,all,country_name,Kyrgyzstan,0.0,,
,LIGR,GRFCR,Accounts actioned due to community guidelines violations,half-year,Jan-Jun 2024,all,all,all,all,country_name,Kyrgyzstan,0.0,,
,LIGR,GRFCR,Accounts actioned due to (local) law violations,half-year,Jan-Jun 2024,all,all,all,all,country_name,Kyrgyzstan,0.0,,
,LIGR,GRFCR,Accounts not actioned,half-year,Jan-Jun 2024,all,all,all,all,country_name,Kyrgyzstan,0.0,,
,LIGR,GRFCR,Removal rate,half-year,Jan-Jun 2024,all,all,all,all,country_name,Kyrgyzstan,0.223,,
,LIGR,GRFCR,Total requests received,half-year,Jan-Jun 2024,all,all,all,all,country_name,Latvia,1.0,,
,LIGR,GRFCR,Total content received,half-year,Jan-Jun 2024,all,all,all,all,country_name,Latvia,0.0,,
,LIGR,GRFCR,Content actioned due to community guidelines violations,half-year,Jan-Jun 2024,all,all,all,all,country_name,Latvia,0.0,,
,LIGR,GRFCR,Content actioned due to (local) law violations,half-year,Jan-Jun 2024,all,all,all,all,country_name,Latvia,0.0,,
,LIGR,GRFCR,Content not actioned,half-year,Jan-Jun 2024,all,all,all,all,country_name,Latvia,0.0,,
,LIGR,GRFCR,Total accounts received,half-year,Jan-Jun 2024,all,all,all,all,country_name,Latvia,1.0,,
,LIGR,GRFCR,Accounts actioned due to community guidelines violations,half-year,Jan-Jun 2024,all,all,all,all,country_name,Latvia,1.0,,
,LIGR,GRFCR,Accounts actioned due to (local) law violations,half-year,Jan-Jun 2024,all,all,all,all,country_name,Latvia,0.0,,
,LIGR,GRFCR,Accounts not actioned,half-year,Jan-Jun 2024,all,all,all,all,country_name,Latvia,0.0,,
,LIGR,GRFCR,Removal rate,half-year,Jan-Jun 2024,all,all,all,all,country_name,Latvia,1.0,,
,LIGR,GRFCR,Total requests received,half-year,Jan-Jun 2024,all,all,all,all,country_name,Libya,35.0,,
,LIGR,GRFCR,Total content received,half-year,Jan-Jun 2024,all,all,all,all,country_name,Libya,0.0,,
,LIGR,GRFCR,Content actioned due to community guidelines violations,half-year,Jan-Jun 2024,all,all,all,all,country_name,Libya,0.0,,
,LIGR,GRFCR,Content actioned due to (local) law violations,half-year,Jan-Jun 2024,all,all,all,all,country_name,Libya,0.0,,
,LIGR,GRFCR,Content not actioned,half-year,Jan-Jun 2024,all,all,all,all,country_name,Libya,0.0,,
,LIGR,GRFCR,Total accounts received,half-year,Jan-Jun 2024,all,all,all,all,country_name,Libya,49.0,,
,LIGR,GRFCR,Accounts actioned due to community guidelines violations,half-year,Jan-Jun 2024,all,all,all,all,country_name,Libya,17.0,,
,LIGR,GRFCR,Accounts actioned due to (local) law violations,half-year,Jan-Jun 2024,all,all,all,all,country_name,Libya,0.0,,
,LIGR,GRFCR,Accounts not actioned,half-year,Jan-Jun 2024,all,all,all,all,country_name,Libya,32.0,,
,LIGR,GRFCR,Removal rate,half-year,Jan-Jun 2024,all,all,all,all,country_name,Libya,0.347,,
,LIGR,GRFCR,Total requests received,half-year,Jan-Jun 2024,all,all,all,all,country_name,Malaysia,2606.0,,
,LIGR,GRFCR,Total content received,half-year,Jan-Jun 2024,all,all,all,all,country_name,Malaysia,8836.0,,
,LIGR,GRFCR,Content actioned due to community guidelines violations,half-year,Jan-Jun 2024,all,all,all,all,country_name,Malaysia,2229.0,,
,LIGR,GRFCR,Content actioned due to (local) law violations,half-year,Jan-Jun 2024,all,all,all,all,country_name,Malaysia,5296.0,,
,LIGR,GRFCR,Content not actioned,half-year,Jan-Jun 2024,all,all,all,all,country_name,Malaysia,1311.0,,
,LIGR,GRFCR,Total accounts received,half-year,Jan-Jun 2024,all,all,all,all,country_name,Malaysia,2822.0,,
,LIGR,GRFCR,Accounts actioned due to community guidelines violations,half-year,Jan-Jun 2024,all,all,all,all,country_name,Malaysia,2080.0,,
,LIGR,GRFCR,Accounts actioned due to (local) law violations,half-year,Jan-Jun 2024,all,all,all,all,country_name,Malaysia,423.0,,
,LIGR,GRFCR,Accounts not actioned,half-year,Jan-Jun 2024,all,all,all,all,country_name,Malaysia,319.0,,
,LIGR,GRFCR,Removal rate,half-year,Jan-Jun 2024,all,all,all,all,country_name,Malaysia,0.86,,
,LIGR,GRFCR,Total requests received,half-year,Jan-Jun 2024,all,all,all,all,country_name,Mauritius,92.0,,
,LIGR,GRFCR,Total content received,half-year,Jan-Jun 2024,all,all,all,all,country_name,Mauritius,74.0,,
,LIGR,GRFCR,Content actioned due to community guidelines violations,half-year,Jan-Jun 2024,all,all,all,all,country_name,Mauritius,52.0,,
,LIGR,GRFCR,Content actioned due to (local) law violations,half-year,Jan-Jun 2024,all,all,all,all,country_name,Mauritius,0.0,,
,LIGR,GRFCR,Content not actioned,half-year,Jan-Jun 2024,all,all,all,all,country_name,Mauritius,22.0,,
,LIGR,GRFCR,Total accounts received,half-year,Jan-Jun 2024,all,all,all,all,country_name,Mauritius,35.0,,
,LIGR,GRFCR,Accounts actioned due to community guidelines violations,half-year,Jan-Jun 2024,all,all,all,all,country_name,Mauritius,21.0,,
,LIGR,GRFCR,Accounts actioned due to (local) law violations,half-year,Jan-Jun 2024,all,all,all,all,country_name,Mauritius,0.0,,
,LIGR,GRFCR,Accounts not actioned,half-year,Jan-Jun 2024,all,all,all,all,country_name,Mauritius,14.0,,
,LIGR,GRFCR,Removal rate,half-year,Jan-Jun 2024,all,all,all,all,country_name,Mauritius,0.67,,
,LIGR,GRFCR,Total requests received,half-year,Jan-Jun 2024,all,all,all,all,country_name,Mexico,1.0,,
,LIGR,GRFCR,Total content received,half-year,Jan-Jun 2024,all,all,all,all,country_name,Mexico,6.0,,
,LIGR,GRFCR,Content actioned due to community guidelines violations,half-year,Jan-Jun 2024,all,all,all,all,country_name,Mexico,6.0,,
,LIGR,GRFCR,Content actioned due to (local) law violations,half-year,Jan-Jun 2024,all,all,all,all,country_name,Mexico,0.0,,
,LIGR,GRFCR,Content not actioned,half-year,Jan-Jun 2024,all,all,all,all,country_name,Mexico,0.0,,
,LIGR,GRFCR,Total accounts received,half-year,Jan-Jun 2024,all,all,all,all,country_name,Mexico,0.0,,
,LIGR,GRFCR,Accounts actioned due to community guidelines violations,half-year,Jan-Jun 2024,all,all,all,all,country_name,Mexico,0.0,,
,LIGR,GRFCR,Accounts actioned due to (local) law violations,half-year,Jan-Jun 2024,all,all,all,all,country_name,Mexico,0.0,,
,LIGR,GRFCR,Accounts not actioned,half-year,Jan-Jun 2024,all,all,all,all,country_name,Mexico,0.0,,
,LIGR,GRFCR,Removal rate,half-year,Jan-Jun 2024,all,all,all,all,country_name,Mexico,1.0,,
,LIGR,GRFCR,Total requests received,half-year,Jan-Jun 2024,all,all,all,all,country_name,Moldova,2.0,,
,LIGR,GRFCR,Total content received,half-year,Jan-Jun 2024,all,all,all,all,country_name,Moldova,24.0,,
,LIGR,GRFCR,Content actioned due to community guidelines violations,half-year,Jan-Jun 2024,all,all,all,all,country_name,Moldova,18.0,,
,LIGR,GRFCR,Content actioned due to (local) law violations,half-year,Jan-Jun 2024,all,all,all,all,country_name,Moldova,0.0,,
,LIGR,GRFCR,Content not actioned,half-year,Jan-Jun 2024,all,all,all,all,country_name,Moldova,6.0,,
,LIGR,GRFCR,Total accounts received,half-year,Jan-Jun 2024,all,all,all,all,country_name,Moldova,3.0,,
,LIGR,GRFCR,Accounts actioned due to community guidelines violations,half-year,Jan-Jun 2024,all,all,all,all,country_name,Moldova,2.0,,
,LIGR,GRFCR,Accounts actioned due to (local) law violations,half-year,Jan-Jun 2024,all,all,all,all,country_name,Moldova,0.0,,
,LIGR,GRFCR,Accounts not actioned,half-year,Jan-Jun 2024,all,all,all,all,country_name,Moldova,1.0,,
,LIGR,GRFCR,Removal rate,half-year,Jan-Jun 2024,all,all,all,all,country_name,Moldova,0.741,,
,LIGR,GRFCR,Total requests received,half-year,Jan-Jun 2024,all,all,all,all,country_name,Netherlands,8.0,,
,LIGR,GRFCR,Total content received,half-year,Jan-Jun 2024,all,all,all,all,country_name,Netherlands,3.0,,
,LIGR,GRFCR,Content actioned due to community guidelines violations,half-year,Jan-Jun 2024,all,all,all,all,country_name,Netherlands,3.0,,
,LIGR,GRFCR,Content actioned due to (local) law violations,half-year,Jan-Jun 2024,all,all,all,all,country_name,Netherlands,0.0,,
,LIGR,GRFCR,Content not actioned,half-year,Jan-Jun 2024,all,all,all,all,country_name,Netherlands,0.0,,
,LIGR,GRFCR,Total accounts received,half-year,Jan-Jun 2024,all,all,all,all,country_name,Netherlands,9.0,,
,LIGR,GRFCR,Accounts actioned due to community guidelines violations,half-year,Jan-Jun 2024,all,all,all,all,country_name,Netherlands,4.0,,
,LIGR,GRFCR,Accounts actioned due to (local) law violations,half-year,Jan-Jun 2024,all,all,all,all,country_name,Netherlands,0.0,,
,LIGR,GRFCR,Accounts not actioned,half-year,Jan-Jun 2024,all,all,all,all,country_name,Netherlands,5.0,,
,LIGR,GRFCR,Removal rate,half-year,Jan-Jun 2024,all,all,all,all,country_name,Netherlands,0.583,,
,LIGR,GRFCR,Total requests received,half-year,Jan-Jun 2024,all,all,all,all,country_name,New Zealand,178.0,,
,LIGR,GRFCR,Total content received,half-year,Jan-Jun 2024,all,all,all,all,country_name,New Zealand,84.0,,
,LIGR,GRFCR,Content actioned due to community guidelines violations,half-year,Jan-Jun 2024,all,all,all,all,country_name,New Zealand,69.0,,
,LIGR,GRFCR,Content actioned due to (local) law violations,half-year,Jan-Jun 2024,all,all,all,all,country_name,New Zealand,0.0,,
,LIGR,GRFCR,Content not actioned,half-year,Jan-Jun 2024,all,all,all,all,country_name,New Zealand,15.0,,
,LIGR,GRFCR,Total accounts received,half-year,Jan-Jun 2024,all,all,all,all,country_name,New Zealand,182.0,,
,LIGR,GRFCR,Accounts actioned due to community guidelines violations,half-year,Jan-Jun 2024,all,all,all,all,country_name,New Zealand,159.0,,
,LIGR,GRFCR,Accounts actioned due to (local) law violations,half-year,Jan-Jun 2024,all,all,all,all,country_name,New Zealand,0.0,,
,LIGR,GRFCR,Accounts not actioned,half-year,Jan-Jun 2024,all,all,all,all,country_name,New Zealand,23.0,,
,LIGR,GRFCR,Removal rate,half-year,Jan-Jun 2024,all,all,all,all,country_name,New Zealand,0.857,,
,LIGR,GRFCR,Total requests received,half-year,Jan-Jun 2024,all,all,all,all,country_name,Nigeria,1.0,,
,LIGR,GRFCR,Total content received,half-year,Jan-Jun 2024,all,all,all,all,country_name,Nigeria,1.0,,
,LIGR,GRFCR,Content actioned due to community guidelines violations,half-year,Jan-Jun 2024,all,all,all,all,country_name,Nigeria,1.0,,
,LIGR,GRFCR,Content actioned due to (local) law violations,half-year,Jan-Jun 2024,all,all,all,all,country_name,Nigeria,0.0,,
,LIGR,GRFCR,Content not actioned,half-year,Jan-Jun 2024,all,all,all,all,country_name,Nigeria,0.0,,
,LIGR,GRFCR,Total accounts received,half-year,Jan-Jun 2024,all,all,all,all,country_name,Nigeria,0.0,,
,LIGR,GRFCR,Accounts actioned due to community guidelines violations,half-year,Jan-Jun 2024,all,all,all,all,country_name,Nigeria,0.0,,
,LIGR,GRFCR,Accounts actioned due to (local) law violations,half-year,Jan-Jun 2024,all,all,all,all,country_name,Nigeria,0.0,,
,LIGR,GRFCR,Accounts not actioned,half-year,Jan-Jun 2024,all,all,all,all,country_name,Nigeria,0.0,,
,LIGR,GRFCR,Removal rate,half-year,Jan-Jun 2024,all,all,all,all,country_name,Nigeria,1.0,,
,LIGR,GRFCR,Total requests received,half-year,Jan-Jun 2024,all,all,all,all,country_name,Norway,13.0,,
,LIGR,GRFCR,Total content received,half-year,Jan-Jun 2024,all,all,all,all,country_name,Norway,3.0,,
,LIGR,GRFCR,Content actioned due to community guidelines violations,half-year,Jan-Jun 2024,all,all,all,all,country_name,Norway,3.0,,
,LIGR,GRFCR,Content actioned due to (local) law violations,half-year,Jan-Jun 2024,all,all,all,all,country_name,Norway,0.0,,
,LIGR,GRFCR,Content not actioned,half-year,Jan-Jun 2024,all,all,all,all,country_name,Norway,0.0,,
,LIGR,GRFCR,Total accounts received,half-year,Jan-Jun 2024,all,all,all,all,country_name,Norway,17.0,,
,LIGR,GRFCR,Accounts actioned due to community guidelines violations,half-year,Jan-Jun 2024,all,all,all,all,country_name,Norway,9.0,,
,LIGR,GRFCR,Accounts actioned due to (local) law violations,half-year,Jan-Jun 2024,all,all,all,all,country_name,Norway,0.0,,
,LIGR,GRFCR,Accounts not actioned,half-year,Jan-Jun 2024,all,all,all,all,country_name,Norway,8.0,,
,LIGR,GRFCR,Removal rate,half-year,Jan-Jun 2024,all,all,all,all,country_name,Norway,0.6,,
,LIGR,GRFCR,Total requests received,half-year,Jan-Jun 2024,all,all,all,all,country_name,Pakistan,371.0,,
,LIGR,GRFCR,Total content received,half-year,Jan-Jun 2024,all,all,all,all,country_name,Pakistan,25367.0,,
,LIGR,GRFCR,Content actioned due to community guidelines violations,half-year,Jan-Jun 2024,all,all,all,all,country_name,Pakistan,22969.0,,
,LIGR,GRFCR,Content actioned due to (local) law violations,half-year,Jan-Jun 2024,all,all,all,all,country_name,Pakistan,1048.0,,
,LIGR,GRFCR,Content not actioned,half-year,Jan-Jun 2024,all,all,all,all,country_name,Pakistan,1350.0,,
,LIGR,GRFCR,Total accounts received,half-year,Jan-Jun 2024,all,all,all,all,country_name,Pakistan,922.0,,
,LIGR,GRFCR,Accounts actioned due to community guidelines violations,half-year,Jan-Jun 2024,all,all,all,all,country_name,Pakistan,578.0,,
,LIGR,GRFCR,Accounts actioned due to (local) law violations,half-year,Jan-Jun 2024,all,all,all,all,country_name,Pakistan,213.0,,
,LIGR,GRFCR,Accounts not actioned,half-year,Jan-Jun 2024,all,all,all,all,country_name,Pakistan,131.0,,
,LIGR,GRFCR,Removal rate,half-year,Jan-Jun 2024,all,all,all,all,country_name,Pakistan,0.944,,
,LIGR,GRFCR,Total requests received,half-year,Jan-Jun 2024,all,all,all,all,country_name,Palestine,2.0,,
,LIGR,GRFCR,Total content received,half-year,Jan-Jun 2024,all,all,all,all,country_name,Palestine,0.0,,
,LIGR,GRFCR,Content actioned due to community guidelines violations,half-year,Jan-Jun 2024,all,all,all,all,country_name,Palestine,0.0,,
,LIGR,GRFCR,Content actioned due to (local) law violations,half-year,Jan-Jun 2024,all,all,all,all,country_name,Palestine,0.0,,
,LIGR,GRFCR,Content not actioned,half-year,Jan-Jun 2024,all,all,all,all,country_name,Palestine,0.0,,
,LIGR,GRFCR,Total accounts received,half-year,Jan-Jun 2024,all,all,all,all,country_name,Palestine,1.0,,
,LIGR,GRFCR,Accounts actioned due to community guidelines violations,half-year,Jan-Jun 2024,all,all,all,all,country_name,Palestine,1.0,,
,LIGR,GRFCR,Accounts actioned due to (local) law violations,half-year,Jan-Jun 2024,all,all,all,all,country_name,Palestine,0.0,,
,LIGR,GRFCR,Accounts not actioned,half-year,Jan-Jun 2024,all,all,all,all,country_name,Palestine,0.0,,
,LIGR,GRFCR,Removal rate,half-year,Jan-Jun 2024,all,all,all,all,country_name,Palestine,1.0,,
,LIGR,GRFCR,Total requests received,half-year,Jan-Jun 2024,all,all,all,all,country_name,Philippines,170.0,,
,LIGR,GRFCR,Total content received,half-year,Jan-Jun 2024,all,all,all,all,country_name,Philippines,8265.0,,
,LIGR,GRFCR,Content actioned due to community guidelines violations,half-year,Jan-Jun 2024,all,all,all,all,country_name,Philippines,6766.0,,
,LIGR,GRFCR,Content actioned due to (local) law violations,half-year,Jan-Jun 2024,all,all,all,all,country_name,Philippines,808.0,,
,LIGR,GRFCR,Content not actioned,half-year,Jan-Jun 2024,all,all,all,all,country_name,Philippines,691.0,,
,LIGR,GRFCR,Total accounts received,half-year,Jan-Jun 2024,all,all,all,all,country_name,Philippines,54.0,,
,LIGR,GRFCR,Accounts actioned due to community guidelines violations,half-year,Jan-Jun 2024,all,all,all,all,country_name,Philippines,26.0,,
,LIGR,GRFCR,Accounts actioned due to (local) law violations,half-year,Jan-Jun 2024,all,all,all,all,country_name,Philippines,3.0,,
,LIGR,GRFCR,Accounts not actioned,half-year,Jan-Jun 2024,all,all,all,all,country_name,Philippines,25.0,,
,LIGR,GRFCR,Removal rate,half-year,Jan-Jun 2024,all,all,all,all,country_name,Philippines,0.914,,
,LIGR,GRFCR,Total requests received,half-year,Jan-Jun 2024,all,all,all,all,country_name,Poland,3.0,,
,LIGR,GRFCR,Total content received,half-year,Jan-Jun 2024,all,all,all,all,country_name,Poland,2.0,,
,LIGR,GRFCR,Content actioned due to community guidelines violations,half-year,Jan-Jun 2024,all,all,all,all,country_name,Poland,1.0,,
,LIGR,GRFCR,Content actioned due to (local) law violations,half-year,Jan-Jun 2024,all,all,all,all,country_name,Poland,0.0,,
,LIGR,GRFCR,Content not actioned,half-year,Jan-Jun 2024,all,all,all,all,country_name,Poland,1.0,,
,LIGR,GRFCR,Total accounts received,half-year,Jan-Jun 2024,all,all,all,all,country_name,Poland,9.0,,
,LIGR,GRFCR,Accounts actioned due to community guidelines violations,half-year,Jan-Jun 2024,all,all,all,all,country_name,Poland,5.0,,
,LIGR,GRFCR,Accounts actioned due to (local) law violations,half-year,Jan-Jun 2024,all,all,all,all,country_name,Poland,0.0,,
,LIGR,GRFCR,Accounts not actioned,half-year,Jan-Jun 2024,all,all,all,all,country_name,Poland,4.0,,
,LIGR,GRFCR,Removal rate,half-year,Jan-Jun 2024,all,all,all,all,country_name,Poland,0.546,,
,LIGR,GRFCR,Total requests received,half-year,Jan-Jun 2024,all,all,all,all,country_name,Qatar,8.0,,
,LIGR,GRFCR,Total content received,half-year,Jan-Jun 2024,all,all,all,all,country_name,Qatar,0.0,,
,LIGR,GRFCR,Content actioned due to community guidelines violations,half-year,Jan-Jun 2024,all,all,all,all,country_name,Qatar,0.0,,
,LIGR,GRFCR,Content actioned due to (local) law violations,half-year,Jan-Jun 2024,all,all,all,all,country_name,Qatar,0.0,,
,LIGR,GRFCR,Content not actioned,half-year,Jan-Jun 2024,all,all,all,all,country_name,Qatar,0.0,,
,LIGR,GRFCR,Total accounts received,half-year,Jan-Jun 2024,all,all,all,all,country_name,Qatar,10.0,,
,LIGR,GRFCR,Accounts actioned due to community guidelines violations,half-year,Jan-Jun 2024,all,all,all,all,country_name,Qatar,5.0,,
,LIGR,GRFCR,Accounts actioned due to (local) law violations,half-year,Jan-Jun 2024,all,all,all,all,country_name,Qatar,0.0,,
,LIGR,GRFCR,Accounts not actioned,half-year,Jan-Jun 2024,all,all,all,all,country_name,Qatar,5.0,,
,LIGR,GRFCR,Removal rate,half-year,Jan-Jun 2024,all,all,all,all,country_name,Qatar,0.5,,
,LIGR,GRFCR,Total requests received,half-year,Jan-Jun 2024,all,all,all,all,country_name,Romania,51.0,,
,LIGR,GRFCR,Total content received,half-year,Jan-Jun 2024,all,all,all,all,country_name,Romania,42.0,,
,LIGR,GRFCR,Content actioned due to community guidelines violations,half-year,Jan-Jun 2024,all,all,all,all,country_name,Romania,19.0,,
,LIGR,GRFCR,Content actioned due to (local) law violations,half-year,Jan-Jun 2024,all,all,all,all,country_name,Romania,0.0,,
,LIGR,GRFCR,Content not actioned,half-year,Jan-Jun 2024,all,all,all,all,country_name,Romania,23.0,,
,LIGR,GRFCR,Total accounts received,half-year,Jan-Jun 2024,all,all,all,all,country_name,Romania,12.0,,
,LIGR,GRFCR,Accounts actioned due to community guidelines violations,half-year,Jan-Jun 2024,all,all,all,all,country_name,Romania,4.0,,
,LIGR,GRFCR,Accounts actioned due to (local) law violations,half-year,Jan-Jun 2024,all,all,all,all,country_name,Romania,0.0,,
,LIGR,GRFCR,Accounts not actioned,half-year,Jan-Jun 2024,all,all,all,all,country_name,Romania,8.0,,
,LIGR,GRFCR,Removal rate,half-year,Jan-Jun 2024,all,all,all,all,country_name,Romania,0.426,,
,LIGR,GRFCR,Total requests received,half-year,Jan-Jun 2024,all,all,all,all,country_name,Russia,492.0,,
,LIGR,GRFCR,Total content received,half-year,Jan-Jun 2024,all,all,all,all,country_name,Russia,394.0,,
,LIGR,GRFCR,Content actioned due to community guidelines violations,half-year,Jan-Jun 2024,all,all,all,all,country_name,Russia,288.0,,
,LIGR,GRFCR,Content actioned due to (local) law violations,half-year,Jan-Jun 2024,all,all,all,all,country_name,Russia,69.0,,
,LIGR,GRFCR,Content not actioned,half-year,Jan-Jun 2024,all,all,all,all,country_name,Russia,37.0,,
,LIGR,GRFCR,Total accounts received,half-year,Jan-Jun 2024,all,all,all,all,country_name,Russia,35.0,,
,LIGR,GRFCR,Accounts actioned due to community guidelines violations,half-year,Jan-Jun 2024,all,all,all,all,country_name,Russia,24.0,,
,LIGR,GRFCR,Accounts actioned due to (local) law violations,half-year,Jan-Jun 2024,all,all,all,all,country_name,Russia,3.0,,
,LIGR,GRFCR,Accounts not actioned,half-year,Jan-Jun 2024,all,all,all,all,country_name,Russia,8.0,,
,LIGR,GRFCR,Removal rate,half-year,Jan-Jun 2024,all,all,all,all,country_name,Russia,0.895,,
,LIGR,GRFCR,Total requests received,half-year,Jan-Jun 2024,all,all,all,all,country_name,Saudi Arabia,2.0,,
,LIGR,GRFCR,Total content received,half-year,Jan-Jun 2024,all,all,all,all,country_name,Saudi Arabia,0.0,,
,LIGR,GRFCR,Content actioned due to community guidelines violations,half-year,Jan-Jun 2024,all,all,all,all,country_name,Saudi Arabia,0.0,,
,LIGR,GRFCR,Content actioned due to (local) law violations,half-year,Jan-Jun 2024,all,all,all,all,country_name,Saudi Arabia,0.0,,
,LIGR,GRFCR,Content not actioned,half-year,Jan-Jun 2024,all,all,all,all,country_name,Saudi Arabia,0.0,,
,LIGR,GRFCR,Total accounts received,half-year,Jan-Jun 2024,all,all,all,all,country_name,Saudi Arabia,1.0,,
,LIGR,GRFCR,Accounts actioned due to community guidelines violations,half-year,Jan-Jun 2024,all,all,all,all,country_name,Saudi Arabia,1.0,,
,LIGR,GRFCR,Accounts actioned due to (local) law violations,half-year,Jan-Jun 2024,all,all,all,all,country_name,Saudi Arabia,0.0,,
,LIGR,GRFCR,Accounts not actioned,half-year,Jan-Jun 2024,all,all,all,all,country_name,Saudi Arabia,0.0,,
,LIGR,GRFCR,Removal rate,half-year,Jan-Jun 2024,all,all,all,all,country_name,Saudi Arabia,1.0,,
,LIGR,GRFCR,Total requests received,half-year,Jan-Jun 2024,all,all,all,all,country_name,Serbia,8.0,,
,LIGR,GRFCR,Total content received,half-year,Jan-Jun 2024,all,all,all,all,country_name,Serbia,4.0,,
,LIGR,GRFCR,Content actioned due to community guidelines violations,half-year,Jan-Jun 2024,all,all,all,all,country_name,Serbia,4.0,,
,LIGR,GRFCR,Content actioned due to (local) law violations,half-year,Jan-Jun 2024,all,all,all,all,country_name,Serbia,0.0,,
,LIGR,GRFCR,Content not actioned,half-year,Jan-Jun 2024,all,all,all,all,country_name,Serbia,0.0,,
,LIGR,GRFCR,Total accounts received,half-year,Jan-Jun 2024,all,all,all,all,country_name,Serbia,10.0,,
,LIGR,GRFCR,Accounts actioned due to community guidelines violations,half-year,Jan-Jun 2024,all,all,all,all,country_name,Serbia,9.0,,
,LIGR,GRFCR,Accounts actioned due to (local) law violations,half-year,Jan-Jun 2024,all,all,all,all,country_name,Serbia,0.0,,
,LIGR,GRFCR,Accounts not actioned,half-year,Jan-Jun 2024,all,all,all,all,country_name,Serbia,1.0,,
,LIGR,GRFCR,Removal rate,half-year,Jan-Jun 2024,all,all,all,all,country_name,Serbia,0.929,,
,LIGR,GRFCR,Total requests received,half-year,Jan-Jun 2024,all,all,all,all,country_name,Singapore,74.0,,
,LIGR,GRFCR,Total content received,half-year,Jan-Jun 2024,all,all,all,all,country_name,Singapore,177.0,,
,LIGR,GRFCR,Content actioned due to community guidelines violations,half-year,Jan-Jun 2024,all,all,all,all,country_name,Singapore,68.0,,
,LIGR,GRFCR,Content actioned due to (local) law violations,half-year,Jan-Jun 2024,all,all,all,all,country_name,Singapore,99.0,,
,LIGR,GRFCR,Content not actioned,half-year,Jan-Jun 2024,all,all,all,all,country_name,Singapore,10.0,,
,LIGR,GRFCR,Total accounts received,half-year,Jan-Jun 2024,all,all,all,all,country_name,Singapore,73.0,,
,LIGR,GRFCR,Accounts actioned due to community guidelines violations,half-year,Jan-Jun 2024,all,all,all,all,country_name,Singapore,55.0,,
,LIGR,GRFCR,Accounts actioned due to (local) law violations,half-year,Jan-Jun 2024,all,all,all,all,country_name,Singapore,4.0,,
,LIGR,GRFCR,Accounts not actioned,half-year,Jan-Jun 2024,all,all,all,all,country_name,Singapore,14.0,,
,LIGR,GRFCR,Removal rate,half-year,Jan-Jun 2024,all,all,all,all,country_name,Singapore,0.904,,
,LIGR,GRFCR,Total requests received,half-year,Jan-Jun 2024,all,all,all,all,country_name,Slovakia,5.0,,
,LIGR,GRFCR,Total content received,half-year,Jan-Jun 2024,all,all,all,all,country_name,Slovakia,6.0,,
,LIGR,GRFCR,Content actioned due to community guidelines violations,half-year,Jan-Jun 2024,all,all,all,all,country_name,Slovakia,6.0,,
,LIGR,GRFCR,Content actioned due to (local) law violations,half-year,Jan-Jun 2024,all,all,all,all,country_name,Slovakia,0.0,,
,LIGR,GRFCR,Content not actioned,half-year,Jan-Jun 2024,all,all,all,all,country_name,Slovakia,0.0,,
,LIGR,GRFCR,Total accounts received,half-year,Jan-Jun 2024,all,all,all,all,country_name,Slovakia,46.0,,
,LIGR,GRFCR,Accounts actioned due to community guidelines violations,half-year,Jan-Jun 2024,all,all,all,all,country_name,Slovakia,45.0,,
,LIGR,GRFCR,Accounts actioned due to (local) law violations,half-year,Jan-Jun 2024,all,all,all,all,country_name,Slovakia,0.0,,
,LIGR,GRFCR,Accounts not actioned,half-year,Jan-Jun 2024,all,all,all,all,country_name,Slovakia,1.0,,
,LIGR,GRFCR,Removal rate,half-year,Jan-Jun 2024,all,all,all,all,country_name,Slovakia,0.981,,
,LIGR,GRFCR,Total requests received,half-year,Jan-Jun 2024,all,all,all,all,country_name,Somalia,48.0,,
,LIGR,GRFCR,Total content received,half-year,Jan-Jun 2024,all,all,all,all,country_name,Somalia,22.0,,
,LIGR,GRFCR,Content actioned due to community guidelines violations,half-year,Jan-Jun 2024,all,all,all,all,country_name,Somalia,15.0,,
,LIGR,GRFCR,Content actioned due to (local) law violations,half-year,Jan-Jun 2024,all,all,all,all,country_name,Somalia,0.0,,
,LIGR,GRFCR,Content not actioned,half-year,Jan-Jun 2024,all,all,all,all,country_name,Somalia,7.0,,
,LIGR,GRFCR,Total accounts received,half-year,Jan-Jun 2024,all,all,all,all,country_name,Somalia,748.0,,
,LIGR,GRFCR,Accounts actioned due to community guidelines violations,half-year,Jan-Jun 2024,all,all,all,all,country_name,Somalia,625.0,,
,LIGR,GRFCR,Accounts actioned due to (local) law violations,half-year,Jan-Jun 2024,all,all,all,all,country_name,Somalia,0.0,,
,LIGR,GRFCR,Accounts not actioned,half-year,Jan-Jun 2024,all,all,all,all,country_name,Somalia,123.0,,
,LIGR,GRFCR,Removal rate,half-year,Jan-Jun 2024,all,all,all,all,country_name,Somalia,0.831,,
,LIGR,GRFCR,Total requests received,half-year,Jan-Jun 2024,all,all,all,all,country_name,South Africa,1.0,,
,LIGR,GRFCR,Total content received,half-year,Jan-Jun 2024,all,all,all,all,country_name,South Africa,0.0,,
,LIGR,GRFCR,Content actioned due to community guidelines violations,half-year,Jan-Jun 2024,all,all,all,all,country_name,South Africa,0.0,,
,LIGR,GRFCR,Content actioned due to (local) law violations,half-year,Jan-Jun 2024,all,all,all,all,country_name,South Africa,0.0,,
,LIGR,GRFCR,Content not actioned,half-year,Jan-Jun 2024,all,all,all,all,country_name,South Africa,0.0,,
,LIGR,GRFCR,Total accounts received,half-year,Jan-Jun 2024,all,all,all,all,country_name,South Africa,1.0,,
,LIGR,GRFCR,Accounts actioned due to community guidelines violations,half-year,Jan-Jun 2024,all,all,all,all,country_name,South Africa,1.0,,
,LIGR,GRFCR,Accounts actioned due to (local) law violations,half-year,Jan-Jun 2024,all,all,all,all,country_name,South Africa,0.0,,
,LIGR,GRFCR,Accounts not actioned,half-year,Jan-Jun 2024,all,all,all,all,country_name,South Africa,0.0,,
,LIGR,GRFCR,Removal rate,half-year,Jan-Jun 2024,all,all,all,all,country_name,South Africa,1.0,,
,LIGR,GRFCR,Total requests received,half-year,Jan-Jun 2024,all,all,all,all,country_name,South Korea,51.0,,
,LIGR,GRFCR,Total content received,half-year,Jan-Jun 2024,all,all,all,all,country_name,South Korea,190.0,,
,LIGR,GRFCR,Content actioned due to community guidelines violations,half-year,Jan-Jun 2024,all,all,all,all,country_name,South Korea,76.0,,
,LIGR,GRFCR,Content actioned due to (local) law violations,half-year,Jan-Jun 2024,all,all,all,all,country_name,South Korea,112.0,,
,LIGR,GRFCR,Content not actioned,half-year,Jan-Jun 2024,all,all,all,all,country_name,South Korea,2.0,,
,LIGR,GRFCR,Total accounts received,half-year,Jan-Jun 2024,all,all,all,all,country_name,South Korea,1.0,,
,LIGR,GRFCR,Accounts actioned due to community guidelines violations,half-year,Jan-Jun 2024,all,all,all,all,country_name,South Korea,1.0,,
,LIGR,GRFCR,Accounts actioned due to (local) law violations,half-year,Jan-Jun 2024,all,all,all,all,country_name,South Korea,0.0,,
,LIGR,GRFCR,Accounts not actioned,half-year,Jan-Jun 2024,all,all,all,all,country_name,South Korea,0.0,,
,LIGR,GRFCR,Removal rate,half-year,Jan-Jun 2024,all,all,all,all,country_name,South Korea,0.99,,
,LIGR,GRFCR,Total requests received,half-year,Jan-Jun 2024,all,all,all,all,country_name,Spain,33.0,,
,LIGR,GRFCR,Total content received,half-year,Jan-Jun 2024,all,all,all,all,country_name,Spain,41.0,,
,LIGR,GRFCR,Content actioned due to community guidelines violations,half-year,Jan-Jun 2024,all,all,all,all,country_name,Spain,37.0,,
,LIGR,GRFCR,Content actioned due to (local) law violations,half-year,Jan-Jun 2024,all,all,all,all,country_name,Spain,3.0,,
,LIGR,GRFCR,Content not actioned,half-year,Jan-Jun 2024,all,all,all,all,country_name,Spain,1.0,,
,LIGR,GRFCR,Total accounts received,half-year,Jan-Jun 2024,all,all,all,all,country_name,Spain,9.0,,
,LIGR,GRFCR,Accounts actioned due to community guidelines violations,half-year,Jan-Jun 2024,all,all,all,all,country_name,Spain,5.0,,
,LIGR,GRFCR,Accounts actioned due to (local) law violations,half-year,Jan-Jun 2024,all,all,all,all,country_name,Spain,0.0,,
,LIGR,GRFCR,Accounts not actioned,half-year,Jan-Jun 2024,all,all,all,all,country_name,Spain,4.0,,
,LIGR,GRFCR,Removal rate,half-year,Jan-Jun 2024,all,all,all,all,country_name,Spain,0.9,,
,LIGR,GRFCR,Total requests received,half-year,Jan-Jun 2024,all,all,all,all,country_name,Sri Lanka,5.0,,
,LIGR,GRFCR,Total content received,half-year,Jan-Jun 2024,all,all,all,all,country_name,Sri Lanka,7.0,,
,LIGR,GRFCR,Content actioned due to community guidelines violations,half-year,Jan-Jun 2024,all,all,all,all,country_name,Sri Lanka,7.0,,
,LIGR,GRFCR,Content actioned due to (local) law violations,half-year,Jan-Jun 2024,all,all,all,all,country_name,Sri Lanka,0.0,,
,LIGR,GRFCR,Content not actioned,half-year,Jan-Jun 2024,all,all,all,all,country_name,Sri Lanka,0.0,,
,LIGR,GRFCR,Total accounts received,half-year,Jan-Jun 2024,all,all,all,all,country_name,Sri Lanka,5.0,,
,LIGR,GRFCR,Accounts actioned due to community guidelines violations,half-year,Jan-Jun 2024,all,all,all,all,country_name,Sri Lanka,5.0,,
,LIGR,GRFCR,Accounts actioned due to (local) law violations,half-year,Jan-Jun 2024,all,all,all,all,country_name,Sri Lanka,0.0,,
,LIGR,GRFCR,Accounts not actioned,half-year,Jan-Jun 2024,all,all,all,all,country_name,Sri Lanka,0.0,,
,LIGR,GRFCR,Removal rate,half-year,Jan-Jun 2024,all,all,all,all,country_name,Sri Lanka,1.0,,
,LIGR,GRFCR,Total requests received,half-year,Jan-Jun 2024,all,all,all,all,country_name,Sweden,18.0,,
,LIGR,GRFCR,Total content received,half-year,Jan-Jun 2024,all,all,all,all,country_name,Sweden,12.0,,
,LIGR,GRFCR,Content actioned due to community guidelines violations,half-year,Jan-Jun 2024,all,all,all,all,country_name,Sweden,12.0,,
,LIGR,GRFCR,Content actioned due to (local) law violations,half-year,Jan-Jun 2024,all,all,all,all,country_name,Sweden,0.0,,
,LIGR,GRFCR,Content not actioned,half-year,Jan-Jun 2024,all,all,all,all,country_name,Sweden,0.0,,
,LIGR,GRFCR,Total accounts received,half-year,Jan-Jun 2024,all,all,all,all,country_name,Sweden,6.0,,
,LIGR,GRFCR,Accounts actioned due to community guidelines violations,half-year,Jan-Jun 2024,all,all,all,all,country_name,Sweden,3.0,,
,LIGR,GRFCR,Accounts actioned due to (local) law violations,half-year,Jan-Jun 2024,all,all,all,all,country_name,Sweden,0.0,,
,LIGR,GRFCR,Accounts not actioned,half-year,Jan-Jun 2024,all,all,all,all,country_name,Sweden,3.0,,
,LIGR,GRFCR,Removal rate,half-year,Jan-Jun 2024,all,all,all,all,country_name,Sweden,0.833,,
,LIGR,GRFCR,Total requests received,half-year,Jan-Jun 2024,all,all,all,all,country_name,Switzerland,1.0,,
,LIGR,GRFCR,Total content received,half-year,Jan-Jun 2024,all,all,all,all,country_name,Switzerland,0.0,,
,LIGR,GRFCR,Content actioned due to community guidelines violations,half-year,Jan-Jun 2024,all,all,all,all,country_name,Switzerland,0.0,,
,LIGR,GRFCR,Content actioned due to (local) law violations,half-year,Jan-Jun 2024,all,all,all,all,country_name,Switzerland,0.0,,
,LIGR,GRFCR,Content not actioned,half-year,Jan-Jun 2024,all,all,all,all,country_name,Switzerland,0.0,,
,LIGR,GRFCR,Total accounts received,half-year,Jan-Jun 2024,all,all,all,all,country_name,Switzerland,2.0,,
,LIGR,GRFCR,Accounts actioned due to community guidelines violations,half-year,Jan-Jun 2024,all,all,all,all,country_name,Switzerland,1.0,,
,LIGR,GRFCR,Accounts actioned due to (local) law violations,half-year,Jan-Jun 2024,all,all,all,all,country_name,Switzerland,0.0,,
,LIGR,GRFCR,Accounts not actioned,half-year,Jan-Jun 2024,all,all,all,all,country_name,Switzerland,1.0,,
,LIGR,GRFCR,Removal rate,half-year,Jan-Jun 2024,all,all,all,all,country_name,Switzerland,0.5,,
,LIGR,GRFCR,Total requests received,half-year,Jan-Jun 2024,all,all,all,all,country_name,Taiwan,96.0,,
,LIGR,GRFCR,Total content received,half-year,Jan-Jun 2024,all,all,all,all,country_name,Taiwan,415.0,,
,LIGR,GRFCR,Content actioned due to community guidelines violations,half-year,Jan-Jun 2024,all,all,all,all,country_name,Taiwan,249.0,,
,LIGR,GRFCR,Content actioned due to (local) law violations,half-year,Jan-Jun 2024,all,all,all,all,country_name,Taiwan,3.0,,
,LIGR,GRFCR,Content not actioned,half-year,Jan-Jun 2024,all,all,all,all,country_name,Taiwan,163.0,,
,LIGR,GRFCR,Total accounts received,half-year,Jan-Jun 2024,all,all,all,all,country_name,Taiwan,5.0,,
,LIGR,GRFCR,Accounts actioned due to community guidelines violations,half-year,Jan-Jun 2024,all,all,all,all,country_name,Taiwan,1.0,,
,LIGR,GRFCR,Accounts actioned due to (local) law violations,half-year,Jan-Jun 2024,all,all,all,all,country_name,Taiwan,0.0,,
,LIGR,GRFCR,Accounts not actioned,half-year,Jan-Jun 2024,all,all,all,all,country_name,Taiwan,4.0,,
,LIGR,GRFCR,Removal rate,half-year,Jan-Jun 2024,all,all,all,all,country_name,Taiwan,0.602,,
,LIGR,GRFCR,Total requests received,half-year,Jan-Jun 2024,all,all,all,all,country_name,Tanzania,12.0,,
,LIGR,GRFCR,Total content received,half-year,Jan-Jun 2024,all,all,all,all,country_name,Tanzania,5.0,,
,LIGR,GRFCR,Content actioned due to community guidelines violations,half-year,Jan-Jun 2024,all,all,all,all,country_name,Tanzania,3.0,,
,LIGR,GRFCR,Content actioned due to (local) law violations,half-year,Jan-Jun 2024,all,all,all,all,country_name,Tanzania,1.0,,
,LIGR,GRFCR,Content not actioned,half-year,Jan-Jun 2024,all,all,all,all,country_name,Tanzania,1.0,,
,LIGR,GRFCR,Total accounts received,half-year,Jan-Jun 2024,all,all,all,all,country_name,Tanzania,134.0,,
,LIGR,GRFCR,Accounts actioned due to community guidelines violations,half-year,Jan-Jun 2024,all,all,all,all,country_name,Tanzania,133.0,,
,LIGR,GRFCR,Accounts actioned due to (local) law violations,half-year,Jan-Jun 2024,all,all,all,all,country_name,Tanzania,0.0,,
,LIGR,GRFCR,Accounts not actioned,half-year,Jan-Jun 2024,all,all,all,all,country_name,Tanzania,1.0,,
,LIGR,GRFCR,Removal rate,half-year,Jan-Jun 2024,all,all,all,all,country_name,Tanzania,0.986,,
,LIGR,GRFCR,Total requests received,half-year,Jan-Jun 2024,all,all,all,all,country_name,Thailand,141.0,,
,LIGR,GRFCR,Total content received,half-year,Jan-Jun 2024,all,all,all,all,country_name,Thailand,1078.0,,
,LIGR,GRFCR,Content actioned due to community guidelines violations,half-year,Jan-Jun 2024,all,all,all,all,country_name,Thailand,709.0,,
,LIGR,GRFCR,Content actioned due to (local) law violations,half-year,Jan-Jun 2024,all,all,all,all,country_name,Thailand,313.0,,
,LIGR,GRFCR,Content not actioned,half-year,Jan-Jun 2024,all,all,all,all,country_name,Thailand,56.0,,
,LIGR,GRFCR,Total accounts received,half-year,Jan-Jun 2024,all,all,all,all,country_name,Thailand,252.0,,
,LIGR,GRFCR,Accounts actioned due to community guidelines violations,half-year,Jan-Jun 2024,all,all,all,all,country_name,Thailand,225.0,,
,LIGR,GRFCR,Accounts actioned due to (local) law violations,half-year,Jan-Jun 2024,all,all,all,all,country_name,Thailand,10.0,,
,LIGR,GRFCR,Accounts not actioned,half-year,Jan-Jun 2024,all,all,all,all,country_name,Thailand,17.0,,
,LIGR,GRFCR,Removal rate,half-year,Jan-Jun 2024,all,all,all,all,country_name,Thailand,0.945,,
,LIGR,GRFCR,Total requests received,half-year,Jan-Jun 2024,all,all,all,all,country_name,Turkey,295.0,,
,LIGR,GRFCR,Total content received,half-year,Jan-Jun 2024,all,all,all,all,country_name,Turkey,839.0,,
,LIGR,GRFCR,Content actioned due to community guidelines violations,half-year,Jan-Jun 2024,all,all,all,all,country_name,Turkey,437.0,,
,LIGR,GRFCR,Content actioned due to (local) law violations,half-year,Jan-Jun 2024,all,all,all,all,country_name,Turkey,346.0,,
,LIGR,GRFCR,Content not actioned,half-year,Jan-Jun 2024,all,all,all,all,country_name,Turkey,56.0,,
,LIGR,GRFCR,Total accounts received,half-year,Jan-Jun 2024,all,all,all,all,country_name,Turkey,335.0,,
,LIGR,GRFCR,Accounts actioned due to community guidelines violations,half-year,Jan-Jun 2024,all,all,all,all,country_name,Turkey,183.0,,
,LIGR,GRFCR,Accounts actioned due to (local) law violations,half-year,Jan-Jun 2024,all,all,all,all,country_name,Turkey,112.0,,
,LIGR,GRFCR,Accounts not actioned,half-year,Jan-Jun 2024,all,all,all,all,country_name,Turkey,40.0,,
,LIGR,GRFCR,Removal rate,half-year,Jan-Jun 2024,all,all,all,all,country_name,Turkey,0.918,,
,LIGR,GRFCR,Total requests received,half-year,Jan-Jun 2024,all,all,all,all,country_name,Ukraine,16.0,,
,LIGR,GRFCR,Total content received,half-year,Jan-Jun 2024,all,all,all,all,country_name,Ukraine,3.0,,
,LIGR,GRFCR,Content actioned due to community guidelines violations,half-year,Jan-Jun 2024,all,all,all,all,country_name,Ukraine,2.0,,
,LIGR,GRFCR,Content actioned due to (local) law violations,half-year,Jan-Jun 2024,all,all,all,all,country_name,Ukraine,0.0,,
,LIGR,GRFCR,Content not actioned,half-year,Jan-Jun 2024,all,all,all,all,country_name,Ukraine,1.0,,
,LIGR,GRFCR,Total accounts received,half-year,Jan-Jun 2024,all,all,all,all,country_name,Ukraine,92.0,,
,LIGR,GRFCR,Accounts actioned due to community guidelines violations,half-year,Jan-Jun 2024,all,all,all,all,country_name,Ukraine,40.0,,
,LIGR,GRFCR,Accounts actioned due to (local) law violations,half-year,Jan-Jun 2024,all,all,all,all,country_name,Ukraine,15.0,,
,LIGR,GRFCR,Accounts not actioned,half-year,Jan-Jun 2024,all,all,all,all,country_name,Ukraine,37.0,,
,LIGR,GRFCR,Removal rate,half-year,Jan-Jun 2024,all,all,all,all,country_name,Ukraine,0.6,,
,LIGR,GRFCR,Total requests received,half-year,Jan-Jun 2024,all,all,all,all,country_name,United Arab Emirates,129.0,,
,LIGR,GRFCR,Total content received,half-year,Jan-Jun 2024,all,all,all,all,country_name,United Arab Emirates,8.0,,
,LIGR,GRFCR,Content actioned due to community guidelines violations,half-year,Jan-Jun 2024,all,all,all,all,country_name,United Arab Emirates,3.0,,
,LIGR,GRFCR,Content actioned due to (local) law violations,half-year,Jan-Jun 2024,all,all,all,all,country_name,United Arab Emirates,1.0,,
,LIGR,GRFCR,Content not actioned,half-year,Jan-Jun 2024,all,all,all,all,country_name,United Arab Emirates,4.0,,
,LIGR,GRFCR,Total accounts received,half-year,Jan-Jun 2024,all,all,all,all,country_name,United Arab Emirates,426.0,,
,LIGR,GRFCR,Accounts actioned due to community guidelines violations,half-year,Jan-Jun 2024,all,all,all,all,country_name,United Arab Emirates,392.0,,
,LIGR,GRFCR,Accounts actioned due to (local) law violations,half-year,Jan-Jun 2024,all,all,all,all,country_name,United Arab Emirates,4.0,,
,LIGR,GRFCR,Accounts not actioned,half-year,Jan-Jun 2024,all,all,all,all,country_name,United Arab Emirates,30.0,,
,LIGR,GRFCR,Removal rate,half-year,Jan-Jun 2024,all,all,all,all,country_name,United Arab Emirates,0.922,,
,LIGR,GRFCR,Total requests received,half-year,Jan-Jun 2024,all,all,all,all,country_name,United Kingdom,212.0,,
,LIGR,GRFCR,Total content received,half-year,Jan-Jun 2024,all,all,all,all,country_name,United Kingdom,118.0,,
,LIGR,GRFCR,Content actioned due to community guidelines violations,half-year,Jan-Jun 2024,all,all,all,all,country_name,United Kingdom,64.0,,
,LIGR,GRFCR,Content actioned due to (local) law violations,half-year,Jan-Jun 2024,all,all,all,all,country_name,United Kingdom,52.0,,
,LIGR,GRFCR,Content not actioned,half-year,Jan-Jun 2024,all,all,all,all,country_name,United Kingdom,2.0,,
,LIGR,GRFCR,Total accounts received,half-year,Jan-Jun 2024,all,all,all,all,country_name,United Kingdom,930.0,,
,LIGR,GRFCR,Accounts actioned due to community guidelines violations,half-year,Jan-Jun 2024,all,all,all,all,country_name,United Kingdom,819.0,,
,LIGR,GRFCR,Accounts actioned due to (local) law violations,half-year,Jan-Jun 2024,all,all,all,all,country_name,United Kingdom,50.0,,
,LIGR,GRFCR,Accounts not actioned,half-year,Jan-Jun 2024,all,all,all,all,country_name,United Kingdom,61.0,,
,LIGR,GRFCR,Removal rate,half-year,Jan-Jun 2024,all,all,all,all,country_name,United Kingdom,0.94,,
,LIGR,GRFCR,Total requests received,half-year,Jan-Jun 2024,all,all,all,all,country_name,United States,21.0,,
,LIGR,GRFCR,Total content received,half-year,Jan-Jun 2024,all,all,all,all,country_name,United States,24.0,,
,LIGR,GRFCR,Content actioned due to community guidelines violations,half-year,Jan-Jun 2024,all,all,all,all,country_name,United States,14.0,,
,LIGR,GRFCR,Content actioned due to (local) law violations,half-year,Jan-Jun 2024,all,all,all,all,country_name,United States,0.0,,
,LIGR,GRFCR,Content not actioned,half-year,Jan-Jun 2024,all,all,all,all,country_name,United States,10.0,,
,LIGR,GRFCR,Total accounts received,half-year,Jan-Jun 2024,all,all,all,all,country_name,United States,23.0,,
,LIGR,GRFCR,Accounts actioned due to community guidelines violations,half-year,Jan-Jun 2024,all,all,all,all,country_name,United States,13.0,,
,LIGR,GRFCR,Accounts actioned due to (local) law violations,half-year,Jan-Jun 2024,all,all,all,all,country_name,United States,0.0,,
,LIGR,GRFCR,Accounts not actioned,half-year,Jan-Jun 2024,all,all,all,all,country_name,United States,10.0,,
,LIGR,GRFCR,Removal rate,half-year,Jan-Jun 2024,all,all,all,all,country_name,United States,0.574,,
,LIGR,GRFCR,Total requests received,half-year,Jan-Jun 2024,all,all,all,all,country_name,Uzbekistan,106.0,,
,LIGR,GRFCR,Total content received,half-year,Jan-Jun 2024,all,all,all,all,country_name,Uzbekistan,241.0,,
,LIGR,GRFCR,Content actioned due to community guidelines violations,half-year,Jan-Jun 2024,all,all,all,all,country_name,Uzbekistan,119.0,,
,LIGR,GRFCR,Content actioned due to (local) law violations,half-year,Jan-Jun 2024,all,all,all,all,country_name,Uzbekistan,14.0,,
,LIGR,GRFCR,Content not actioned,half-year,Jan-Jun 2024,all,all,all,all,country_name,Uzbekistan,108.0,,
,LIGR,GRFCR,Total accounts received,half-year,Jan-Jun 2024,all,all,all,all,country_name,Uzbekistan,383.0,,
,LIGR,GRFCR,Accounts actioned due to community guidelines violations,half-year,Jan-Jun 2024,all,all,all,all,country_name,Uzbekistan,292.0,,
,LIGR,GRFCR,Accounts actioned due to (local) law violations,half-year,Jan-Jun 2024,all,all,all,all,country_name,Uzbekistan,29.0,,
,LIGR,GRFCR,Accounts not actioned,half-year,Jan-Jun 2024,all,all,all,all,country_name,Uzbekistan,62.0,,
,LIGR,GRFCR,Removal rate,half-year,Jan-Jun 2024,all,all,all,all,country_name,Uzbekistan,0.728,,
,LIGR,GRFCR,Total requests received,half-year,Jan-Jun 2024,all,all,all,all,country_name,Vietnam,216.0,,
,LIGR,GRFCR,Total content received,half-year,Jan-Jun 2024,all,all,all,all,country_name,Vietnam,378.0,,
,LIGR,GRFCR,Content actioned due to community guidelines violations,half-year,Jan-Jun 2024,all,all,all,all,country_name,Vietnam,88.0,,
,LIGR,GRFCR,Content actioned due to (local) law violations,half-year,Jan-Jun 2024,all,all,all,all,country_name,Vietnam,215.0,,
,LIGR,GRFCR,Content not actioned,half-year,Jan-Jun 2024,all,all,all,all,country_name,Vietnam,75.0,,
,LIGR,GRFCR,Total accounts received,half-year,Jan-Jun 2024,all,all,all,all,country_name,Vietnam,424.0,,
,LIGR,GRFCR,Accounts actioned due to community guidelines violations,half-year,Jan-Jun 2024,all,all,all,all,country_name,Vietnam,25.0,,
,LIGR,GRFCR,Accounts actioned due to (local) law violations,half-year,Jan-Jun 2024,all,all,all,all,country_name,Vietnam,233.0,,
,LIGR,GRFCR,Accounts not actioned,half-year,Jan-Jun 2024,all,all,all,all,country_name,Vietnam,166.0,,
,LIGR,GRFCR,Removal rate,half-year,Jan-Jun 2024,all,all,all,all,country_name,Vietnam,0.7,,
,LIGR,GRFCR,Total Government Requests,half-year,Jan-Jun 2024,all,all,all,all,all,All,8516.0,,
,LIGR,GRFCR,Total requests received,half-year,Jul-Dec 2023,all,all,all,all,country_name,Albania,4.0,,
,LIGR,GRFCR,Total content received,half-year,Jul-Dec 2023,all,all,all,all,country_name,Albania,0.0,,
,LIGR,GRFCR,Content actioned due to community guidelines violations,half-year,Jul-Dec 2023,all,all,all,all,country_name,Albania,0.0,,
,LIGR,GRFCR,Content actioned due to (local) law violations,half-year,Jul-Dec 2023,all,all,all,all,country_name,Albania,0.0,,
,LIGR,GRFCR,Content not actioned,half-year,Jul-Dec 2023,all,all,all,all,country_name,Albania,0.0,,
,LIGR,GRFCR,Total accounts received,half-year,Jul-Dec 2023,all,all,all,all,country_name,Albania,6.0,,
,LIGR,GRFCR,Accounts actioned due to community guidelines violations,half-year,Jul-Dec 2023,all,all,all,all,country_name,Albania,2.0,,
,LIGR,GRFCR,Accounts actioned due to (local) law violations,half-year,Jul-Dec 2023,all,all,all,all,country_name,Albania,0.0,,
,LIGR,GRFCR,Accounts not actioned,half-year,Jul-Dec 2023,all,all,all,all,country_name,Albania,4.0,,
,LIGR,GRFCR,Removal rate,half-year,Jul-Dec 2023,all,all,all,all,country_name,Albania,0.333,,
,LIGR,GRFCR,Total requests received,half-year,Jul-Dec 2023,all,all,all,all,country_name,Armenia,10.0,,
,LIGR,GRFCR,Total content received,half-year,Jul-Dec 2023,all,all,all,all,country_name,Armenia,1.0,,
,LIGR,GRFCR,Content actioned due to community guidelines violations,half-year,Jul-Dec 2023,all,all,all,all,country_name,Armenia,1.0,,
,LIGR,GRFCR,Content actioned due to (local) law violations,half-year,Jul-Dec 2023,all,all,all,all,country_name,Armenia,0.0,,
,LIGR,GRFCR,Content not actioned,half-year,Jul-Dec 2023,all,all,all,all,country_name,Armenia,0.0,,
,LIGR,GRFCR,Total accounts received,half-year,Jul-Dec 2023,all,all,all,all,country_name,Armenia,8.0,,
,LIGR,GRFCR,Accounts actioned due to community guidelines violations,half-year,Jul-Dec 2023,all,all,all,all,country_name,Armenia,8.0,,
,LIGR,GRFCR,Accounts actioned due to (local) law violations,half-year,Jul-Dec 2023,all,all,all,all,country_name,Armenia,0.0,,
,LIGR,GRFCR,Accounts not actioned,half-year,Jul-Dec 2023,all,all,all,all,country_name,Armenia,0.0,,
,LIGR,GRFCR,Removal rate,half-year,Jul-Dec 2023,all,all,all,all,country_name,Armenia,1.0,,
,LIGR,GRFCR,Total requests received,half-year,Jul-Dec 2023,all,all,all,all,country_name,Australia,651.0,,
,LIGR,GRFCR,Total content received,half-year,Jul-Dec 2023,all,all,all,all,country_name,Australia,410.0,,
,LIGR,GRFCR,Content actioned due to community guidelines violations,half-year,Jul-Dec 2023,all,all,all,all,country_name,Australia,392.0,,
,LIGR,GRFCR,Content actioned due to (local) law violations,half-year,Jul-Dec 2023,all,all,all,all,country_name,Australia,4.0,,
,LIGR,GRFCR,Content not actioned,half-year,Jul-Dec 2023,all,all,all,all,country_name,Australia,14.0,,
,LIGR,GRFCR,Total accounts received,half-year,Jul-Dec 2023,all,all,all,all,country_name,Australia,1240.0,,
,LIGR,GRFCR,Accounts actioned due to community guidelines violations,half-year,Jul-Dec 2023,all,all,all,all,country_name,Australia,1188.0,,
,LIGR,GRFCR,Accounts actioned due to (local) law violations,half-year,Jul-Dec 2023,all,all,all,all,country_name,Australia,0.0,,
,LIGR,GRFCR,Accounts not actioned,half-year,Jul-Dec 2023,all,all,all,all,country_name,Australia,52.0,,
,LIGR,GRFCR,Removal rate,half-year,Jul-Dec 2023,all,all,all,all,country_name,Australia,0.96,,
,LIGR,GRFCR,Total requests received,half-year,Jul-Dec 2023,all,all,all,all,country_name,Austria,1.0,,
,LIGR,GRFCR,Total content received,half-year,Jul-Dec 2023,all,all,all,all,country_name,Austria,0.0,,
,LIGR,GRFCR,Content actioned due to community guidelines violations,half-year,Jul-Dec 2023,all,all,all,all,country_name,Austria,0.0,,
,LIGR,GRFCR,Content actioned due to (local) law violations,half-year,Jul-Dec 2023,all,all,all,all,country_name,Austria,0.0,,
,LIGR,GRFCR,Content not actioned,half-year,Jul-Dec 2023,all,all,all,all,country_name,Austria,0.0,,
,LIGR,GRFCR,Total accounts received,half-year,Jul-Dec 2023,all,all,all,all,country_name,Austria,1.0,,
,LIGR,GRFCR,Accounts actioned due to community guidelines violations,half-year,Jul-Dec 2023,all,all,all,all,country_name,Austria,1.0,,
,LIGR,GRFCR,Accounts actioned due to (local) law violations,half-year,Jul-Dec 2023,all,all,all,all,country_name,Austria,0.0,,
,LIGR,GRFCR,Accounts not actioned,half-year,Jul-Dec 2023,all,all,all,all,country_name,Austria,0.0,,
,LIGR,GRFCR,Removal rate,half-year,Jul-Dec 2023,all,all,all,all,country_name,Austria,1.0,,
,LIGR,GRFCR,Total requests received,half-year,Jul-Dec 2023,all,all,all,all,country_name,Azerbaijan,36.0,,
,LIGR,GRFCR,Total content received,half-year,Jul-Dec 2023,all,all,all,all,country_name,Azerbaijan,115.0,,
,LIGR,GRFCR,Content actioned due to community guidelines violations,half-year,Jul-Dec 2023,all,all,all,all,country_name,Azerbaijan,40.0,,
,LIGR,GRFCR,Content actioned due to (local) law violations,half-year,Jul-Dec 2023,all,all,all,all,country_name,Azerbaijan,67.0,,
,LIGR,GRFCR,Content not actioned,half-year,Jul-Dec 2023,all,all,all,all,country_name,Azerbaijan,8.0,,
,LIGR,GRFCR,Total accounts received,half-year,Jul-Dec 2023,all,all,all,all,country_name,Azerbaijan,53.0,,
,LIGR,GRFCR,Accounts actioned due to community guidelines violations,half-year,Jul-Dec 2023,all,all,all,all,country_name,Azerbaijan,25.0,,
,LIGR,GRFCR,Accounts actioned due to (local) law violations,half-year,Jul-Dec 2023,all,all,all,all,country_name,Azerbaijan,16.0,,
,LIGR,GRFCR,Accounts not actioned,half-year,Jul-Dec 2023,all,all,all,all,country_name,Azerbaijan,12.0,,
,LIGR,GRFCR,Removal rate,half-year,Jul-Dec 2023,all,all,all,all,country_name,Azerbaijan,0.88,,
,LIGR,GRFCR,Total requests received,half-year,Jul-Dec 2023,all,all,all,all,country_name,Bangladesh,235.0,,
,LIGR,GRFCR,Total content received,half-year,Jul-Dec 2023,all,all,all,all,country_name,Bangladesh,4341.0,,
,LIGR,GRFCR,Content actioned due to community guidelines violations,half-year,Jul-Dec 2023,all,all,all,all,country_name,Bangladesh,639.0,,
,LIGR,GRFCR,Content actioned due to (local) law violations,half-year,Jul-Dec 2023,all,all,all,all,country_name,Bangladesh,1370.0,,
,LIGR,GRFCR,Content not actioned,half-year,Jul-Dec 2023,all,all,all,all,country_name,Bangladesh,2332.0,,
,LIGR,GRFCR,Total accounts received,half-year,Jul-Dec 2023,all,all,all,all,country_name,Bangladesh,8.0,,
,LIGR,GRFCR,Accounts actioned due to community guidelines violations,half-year,Jul-Dec 2023,all,all,all,all,country_name,Bangladesh,3.0,,
,LIGR,GRFCR,Accounts actioned due to (local) law violations,half-year,Jul-Dec 2023,all,all,all,all,country_name,Bangladesh,2.0,,
,LIGR,GRFCR,Accounts not actioned,half-year,Jul-Dec 2023,all,all,all,all,country_name,Bangladesh,3.0,,
,LIGR,GRFCR,Removal rate,half-year,Jul-Dec 2023,all,all,all,all,country_name,Bangladesh,0.463,,
,LIGR,GRFCR,Total requests received,half-year,Jul-Dec 2023,all,all,all,all,country_name,Belgium,5.0,,
,LIGR,GRFCR,Total content received,half-year,Jul-Dec 2023,all,all,all,all,country_name,Belgium,3.0,,
,LIGR,GRFCR,Content actioned due to community guidelines violations,half-year,Jul-Dec 2023,all,all,all,all,country_name,Belgium,0.0,,
,LIGR,GRFCR,Content actioned due to (local) law violations,half-year,Jul-Dec 2023,all,all,all,all,country_name,Belgium,0.0,,
,LIGR,GRFCR,Content not actioned,half-year,Jul-Dec 2023,all,all,all,all,country_name,Belgium,3.0,,
,LIGR,GRFCR,Total accounts received,half-year,Jul-Dec 2023,all,all,all,all,country_name,Belgium,6.0,,
,LIGR,GRFCR,Accounts actioned due to community guidelines violations,half-year,Jul-Dec 2023,all,all,all,all,country_name,Belgium,5.0,,
,LIGR,GRFCR,Accounts actioned due to (local) law violations,half-year,Jul-Dec 2023,all,all,all,all,country_name,Belgium,0.0,,
,LIGR,GRFCR,Accounts not actioned,half-year,Jul-Dec 2023,all,all,all,all,country_name,Belgium,1.0,,
,LIGR,GRFCR,Removal rate,half-year,Jul-Dec 2023,all,all,all,all,country_name,Belgium,0.556,,
,LIGR,GRFCR,Total requests received,half-year,Jul-Dec 2023,all,all,all,all,country_name,Bosnia and Herzegovina,4.0,,
,LIGR,GRFCR,Total content received,half-year,Jul-Dec 2023,all,all,all,all,country_name,Bosnia and Herzegovina,32.0,,
,LIGR,GRFCR,Content actioned due to community guidelines violations,half-year,Jul-Dec 2023,all,all,all,all,country_name,Bosnia and Herzegovina,32.0,,
,LIGR,GRFCR,Content actioned due to (local) law violations,half-year,Jul-Dec 2023,all,all,all,all,country_name,Bosnia and Herzegovina,0.0,,
,LIGR,GRFCR,Content not actioned,half-year,Jul-Dec 2023,all,all,all,all,country_name,Bosnia and Herzegovina,0.0,,
,LIGR,GRFCR,Total accounts received,half-year,Jul-Dec 2023,all,all,all,all,country_name,Bosnia and Herzegovina,4.0,,
,LIGR,GRFCR,Accounts actioned due to community guidelines violations,half-year,Jul-Dec 2023,all,all,all,all,country_name,Bosnia and Herzegovina,3.0,,
,LIGR,GRFCR,Accounts actioned due to (local) law violations,half-year,Jul-Dec 2023,all,all,all,all,country_name,Bosnia and Herzegovina,0.0,,
,LIGR,GRFCR,Accounts not actioned,half-year,Jul-Dec 2023,all,all,all,all,country_name,Bosnia and Herzegovina,1.0,,
,LIGR,GRFCR,Removal rate,half-year,Jul-Dec 2023,all,all,all,all,country_name,Bosnia and Herzegovina,0.972,,
,LIGR,GRFCR,Total requests received,half-year,Jul-Dec 2023,all,all,all,all,country_name,Brazil,12.0,,
,LIGR,GRFCR,Total content received,half-year,Jul-Dec 2023,all,all,all,all,country_name,Brazil,16.0,,
,LIGR,GRFCR,Content actioned due to community guidelines violations,half-year,Jul-Dec 2023,all,all,all,all,country_name,Brazil,10.0,,
,LIGR,GRFCR,Content actioned due to (local) law violations,half-year,Jul-Dec 2023,all,all,all,all,country_name,Brazil,0.0,,
,LIGR,GRFCR,Content not actioned,half-year,Jul-Dec 2023,all,all,all,all,country_name,Brazil,6.0,,
,LIGR,GRFCR,Total accounts received,half-year,Jul-Dec 2023,all,all,all,all,country_name,Brazil,185.0,,
,LIGR,GRFCR,Accounts actioned due to community guidelines violations,half-year,Jul-Dec 2023,all,all,all,all,country_name,Brazil,116.0,,
,LIGR,GRFCR,Accounts actioned due to (local) law violations,half-year,Jul-Dec 2023,all,all,all,all,country_name,Brazil,1.0,,
,LIGR,GRFCR,Accounts not actioned,half-year,Jul-Dec 2023,all,all,all,all,country_name,Brazil,68.0,,
,LIGR,GRFCR,Removal rate,half-year,Jul-Dec 2023,all,all,all,all,country_name,Brazil,0.632,,
,LIGR,GRFCR,Total requests received,half-year,Jul-Dec 2023,all,all,all,all,country_name,Cambodia,7.0,,
,LIGR,GRFCR,Total content received,half-year,Jul-Dec 2023,all,all,all,all,country_name,Cambodia,17.0,,
,LIGR,GRFCR,Content actioned due to community guidelines violations,half-year,Jul-Dec 2023,all,all,all,all,country_name,Cambodia,0.0,,
,LIGR,GRFCR,Content actioned due to (local) law violations,half-year,Jul-Dec 2023,all,all,all,all,country_name,Cambodia,4.0,,
,LIGR,GRFCR,Content not actioned,half-year,Jul-Dec 2023,all,all,all,all,country_name,Cambodia,13.0,,
,LIGR,GRFCR,Total accounts received,half-year,Jul-Dec 2023,all,all,all,all,country_name,Cambodia,81.0,,
,LIGR,GRFCR,Accounts actioned due to community guidelines violations,half-year,Jul-Dec 2023,all,all,all,all,country_name,Cambodia,32.0,,
,LIGR,GRFCR,Accounts actioned due to (local) law violations,half-year,Jul-Dec 2023,all,all,all,all,country_name,Cambodia,15.0,,
,LIGR,GRFCR,Accounts not actioned,half-year,Jul-Dec 2023,all,all,all,all,country_name,Cambodia,34.0,,
,LIGR,GRFCR,Removal rate,half-year,Jul-Dec 2023,all,all,all,all,country_name,Cambodia,0.52,,
,LIGR,GRFCR,Total requests received,half-year,Jul-Dec 2023,all,all,all,all,country_name,Canada,29.0,,
,LIGR,GRFCR,Total content received,half-year,Jul-Dec 2023,all,all,all,all,country_name,Canada,5.0,,
,LIGR,GRFCR,Content actioned due to community guidelines violations,half-year,Jul-Dec 2023,all,all,all,all,country_name,Canada,4.0,,
,LIGR,GRFCR,Content actioned due to (local) law violations,half-year,Jul-Dec 2023,all,all,all,all,country_name,Canada,0.0,,
,LIGR,GRFCR,Content not actioned,half-year,Jul-Dec 2023,all,all,all,all,country_name,Canada,1.0,,
,LIGR,GRFCR,Total accounts received,half-year,Jul-Dec 2023,all,all,all,all,country_name,Canada,35.0,,
,LIGR,GRFCR,Accounts actioned due to community guidelines violations,half-year,Jul-Dec 2023,all,all,all,all,country_name,Canada,35.0,,
,LIGR,GRFCR,Accounts actioned due to (local) law violations,half-year,Jul-Dec 2023,all,all,all,all,country_name,Canada,0.0,,
,LIGR,GRFCR,Accounts not actioned,half-year,Jul-Dec 2023,all,all,all,all,country_name,Canada,0.0,,
,LIGR,GRFCR,Removal rate,half-year,Jul-Dec 2023,all,all,all,all,country_name,Canada,0.975,,
,LIGR,GRFCR,Total requests received,half-year,Jul-Dec 2023,all,all,all,all,country_name,Colombia,2.0,,
,LIGR,GRFCR,Total content received,half-year,Jul-Dec 2023,all,all,all,all,country_name,Colombia,0.0,,
,LIGR,GRFCR,Content actioned due to community guidelines violations,half-year,Jul-Dec 2023,all,all,all,all,country_name,Colombia,0.0,,
,LIGR,GRFCR,Content actioned due to (local) law violations,half-year,Jul-Dec 2023,all,all,all,all,country_name,Colombia,0.0,,
,LIGR,GRFCR,Content not actioned,half-year,Jul-Dec 2023,all,all,all,all,country_name,Colombia,0.0,,
,LIGR,GRFCR,Total accounts received,half-year,Jul-Dec 2023,all,all,all,all,country_name,Colombia,2.0,,
,LIGR,GRFCR,Accounts actioned due to community guidelines violations,half-year,Jul-Dec 2023,all,all,all,all,country_name,Colombia,1.0,,
,LIGR,GRFCR,Accounts actioned due to (local) law violations,half-year,Jul-Dec 2023,all,all,all,all,country_name,Colombia,0.0,,
,LIGR,GRFCR,Accounts not actioned,half-year,Jul-Dec 2023,all,all,all,all,country_name,Colombia,1.0,,
,LIGR,GRFCR,Removal rate,half-year,Jul-Dec 2023,all,all,all,all,country_name,Colombia,0.5,,
,LIGR,GRFCR,Total requests received,half-year,Jul-Dec 2023,all,all,all,all,country_name,Cyprus,1.0,,
,LIGR,GRFCR,Total content received,half-year,Jul-Dec 2023,all,all,all,all,country_name,Cyprus,0.0,,
,LIGR,GRFCR,Content actioned due to community guidelines violations,half-year,Jul-Dec 2023,all,all,all,all,country_name,Cyprus,0.0,,
,LIGR,GRFCR,Content actioned due to (local) law violations,half-year,Jul-Dec 2023,all,all,all,all,country_name,Cyprus,0.0,,
,LIGR,GRFCR,Content not actioned,half-year,Jul-Dec 2023,all,all,all,all,country_name,Cyprus,0.0,,
,LIGR,GRFCR,Total accounts received,half-year,Jul-Dec 2023,all,all,all,all,country_name,Cyprus,1.0,,
,LIGR,GRFCR,Accounts actioned due to community guidelines violations,half-year,Jul-Dec 2023,all,all,all,all,country_name,Cyprus,0.0,,
,LIGR,GRFCR,Accounts actioned due to (local) law violations,half-year,Jul-Dec 2023,all,all,all,all,country_name,Cyprus,0.0,,
,LIGR,GRFCR,Accounts not actioned,half-year,Jul-Dec 2023,all,all,all,all,country_name,Cyprus,1.0,,
,LIGR,GRFCR,Removal rate,half-year,Jul-Dec 2023,all,all,all,all,country_name,Cyprus,0.0,,
,LIGR,GRFCR,Total requests received,half-year,Jul-Dec 2023,all,all,all,all,country_name,Denmark,10.0,,
,LIGR,GRFCR,Total content received,half-year,Jul-Dec 2023,all,all,all,all,country_name,Denmark,26.0,,
,LIGR,GRFCR,Content actioned due to community guidelines violations,half-year,Jul-Dec 2023,all,all,all,all,country_name,Denmark,20.0,,
,LIGR,GRFCR,Content actioned due to (local) law violations,half-year,Jul-Dec 2023,all,all,all,all,country_name,Denmark,6.0,,
,LIGR,GRFCR,Content not actioned,half-year,Jul-Dec 2023,all,all,all,all,country_name,Denmark,0.0,,
,LIGR,GRFCR,Total accounts received,half-year,Jul-Dec 2023,all,all,all,all,country_name,Denmark,8.0,,
,LIGR,GRFCR,Accounts actioned due to community guidelines violations,half-year,Jul-Dec 2023,all,all,all,all,country_name,Denmark,7.0,,
,LIGR,GRFCR,Accounts actioned due to (local) law violations,half-year,Jul-Dec 2023,all,all,all,all,country_name,Denmark,0.0,,
,LIGR,GRFCR,Accounts not actioned,half-year,Jul-Dec 2023,all,all,all,all,country_name,Denmark,1.0,,
,LIGR,GRFCR,Removal rate,half-year,Jul-Dec 2023,all,all,all,all,country_name,Denmark,0.971,,
,LIGR,GRFCR,Total requests received,half-year,Jul-Dec 2023,all,all,all,all,country_name,Egypt,1.0,,
,LIGR,GRFCR,Total content received,half-year,Jul-Dec 2023,all,all,all,all,country_name,Egypt,3.0,,
,LIGR,GRFCR,Content actioned due to community guidelines violations,half-year,Jul-Dec 2023,all,all,all,all,country_name,Egypt,0.0,,
,LIGR,GRFCR,Content actioned due to (local) law violations,half-year,Jul-Dec 2023,all,all,all,all,country_name,Egypt,0.0,,
,LIGR,GRFCR,Content not actioned,half-year,Jul-Dec 2023,all,all,all,all,country_name,Egypt,3.0,,
,LIGR,GRFCR,Total accounts received,half-year,Jul-Dec 2023,all,all,all,all,country_name,Egypt,1.0,,
,LIGR,GRFCR,Accounts actioned due to community guidelines violations,half-year,Jul-Dec 2023,all,all,all,all,country_name,Egypt,0.0,,
,LIGR,GRFCR,Accounts actioned due to (local) law violations,half-year,Jul-Dec 2023,all,all,all,all,country_name,Egypt,0.0,,
,LIGR,GRFCR,Accounts not actioned,half-year,Jul-Dec 2023,all,all,all,all,country_name,Egypt,1.0,,
,LIGR,GRFCR,Removal rate,half-year,Jul-Dec 2023,all,all,all,all,country_name,Egypt,0.0,,
,LIGR,GRFCR,Total requests received,half-year,Jul-Dec 2023,all,all,all,all,country_name,Estonia,2.0,,
,LIGR,GRFCR,Total content received,half-year,Jul-Dec 2023,all,all,all,all,country_name,Estonia,3.0,,
,LIGR,GRFCR,Content actioned due to community guidelines violations,half-year,Jul-Dec 2023,all,all,all,all,country_name,Estonia,3.0,,
,LIGR,GRFCR,Content actioned due to (local) law violations,half-year,Jul-Dec 2023,all,all,all,all,country_name,Estonia,0.0,,
,LIGR,GRFCR,Content not actioned,half-year,Jul-Dec 2023,all,all,all,all,country_name,Estonia,0.0,,
,LIGR,GRFCR,Total accounts received,half-year,Jul-Dec 2023,all,all,all,all,country_name,Estonia,2.0,,
,LIGR,GRFCR,Accounts actioned due to community guidelines violations,half-year,Jul-Dec 2023,all,all,all,all,country_name,Estonia,1.0,,
,LIGR,GRFCR,Accounts actioned due to (local) law violations,half-year,Jul-Dec 2023,all,all,all,all,country_name,Estonia,0.0,,
,LIGR,GRFCR,Accounts not actioned,half-year,Jul-Dec 2023,all,all,all,all,country_name,Estonia,1.0,,
,LIGR,GRFCR,Removal rate,half-year,Jul-Dec 2023,all,all,all,all,country_name,Estonia,0.8,,
,LIGR,GRFCR,Total requests received,half-year,Jul-Dec 2023,all,all,all,all,country_name,Fiji,141.0,,
,LIGR,GRFCR,Total content received,half-year,Jul-Dec 2023,all,all,all,all,country_name,Fiji,86.0,,
,LIGR,GRFCR,Content actioned due to community guidelines violations,half-year,Jul-Dec 2023,all,all,all,all,country_name,Fiji,59.0,,
,LIGR,GRFCR,Content actioned due to (local) law violations,half-year,Jul-Dec 2023,all,all,all,all,country_name,Fiji,23.0,,
,LIGR,GRFCR,Content not actioned,half-year,Jul-Dec 2023,all,all,all,all,country_name,Fiji,4.0,,
,LIGR,GRFCR,Total accounts received,half-year,Jul-Dec 2023,all,all,all,all,country_name,Fiji,178.0,,
,LIGR,GRFCR,Accounts actioned due to community guidelines violations,half-year,Jul-Dec 2023,all,all,all,all,country_name,Fiji,152.0,,
,LIGR,GRFCR,Accounts actioned due to (local) law violations,half-year,Jul-Dec 2023,all,all,all,all,country_name,Fiji,1.0,,
,LIGR,GRFCR,Accounts not actioned,half-year,Jul-Dec 2023,all,all,all,all,country_name,Fiji,25.0,,
,LIGR,GRFCR,Removal rate,half-year,Jul-Dec 2023,all,all,all,all,country_name,Fiji,0.89,,
,LIGR,GRFCR,Total requests received,half-year,Jul-Dec 2023,all,all,all,all,country_name,Finland,2.0,,
,LIGR,GRFCR,Total content received,half-year,Jul-Dec 2023,all,all,all,all,country_name,Finland,4.0,,
,LIGR,GRFCR,Content actioned due to community guidelines violations,half-year,Jul-Dec 2023,all,all,all,all,country_name,Finland,0.0,,
,LIGR,GRFCR,Content actioned due to (local) law violations,half-year,Jul-Dec 2023,all,all,all,all,country_name,Finland,0.0,,
,LIGR,GRFCR,Content not actioned,half-year,Jul-Dec 2023,all,all,all,all,country_name,Finland,4.0,,
,LIGR,GRFCR,Total accounts received,half-year,Jul-Dec 2023,all,all,all,all,country_name,Finland,3.0,,
,LIGR,GRFCR,Accounts actioned due to community guidelines violations,half-year,Jul-Dec 2023,all,all,all,all,country_name,Finland,1.0,,
,LIGR,GRFCR,Accounts actioned due to (local) law violations,half-year,Jul-Dec 2023,all,all,all,all,country_name,Finland,0.0,,
,LIGR,GRFCR,Accounts not actioned,half-year,Jul-Dec 2023,all,all,all,all,country_name,Finland,2.0,,
,LIGR,GRFCR,Removal rate,half-year,Jul-Dec 2023,all,all,all,all,country_name,Finland,0.143,,
,LIGR,GRFCR,Total requests received,half-year,Jul-Dec 2023,all,all,all,all,country_name,France,140.0,,
,LIGR,GRFCR,Total content received,half-year,Jul-Dec 2023,all,all,all,all,country_name,France,150.0,,
,LIGR,GRFCR,Content actioned due to community guidelines violations,half-year,Jul-Dec 2023,all,all,all,all,country_name,France,111.0,,
,LIGR,GRFCR,Content actioned due to (local) law violations,half-year,Jul-Dec 2023,all,all,all,all,country_name,France,23.0,,
,LIGR,GRFCR,Content not actioned,half-year,Jul-Dec 2023,all,all,all,all,country_name,France,15.0,,
,LIGR,GRFCR,Total accounts received,half-year,Jul-Dec 2023,all,all,all,all,country_name,France,87.0,,
,LIGR,GRFCR,Accounts actioned due to community guidelines violations,half-year,Jul-Dec 2023,all,all,all,all,country_name,France,58.0,,
,LIGR,GRFCR,Accounts actioned due to (local) law violations,half-year,Jul-Dec 2023,all,all,all,all,country_name,France,3.0,,
,LIGR,GRFCR,Accounts not actioned,half-year,Jul-Dec 2023,all,all,all,all,country_name,France,24.0,,
,LIGR,GRFCR,Removal rate,half-year,Jul-Dec 2023,all,all,all,all,country_name,France,0.823,,
,LIGR,GRFCR,Total requests received,half-year,Jul-Dec 2023,all,all,all,all,country_name,Germany,55.0,,
,LIGR,GRFCR,Total content received,half-year,Jul-Dec 2023,all,all,all,all,country_name,Germany,105.0,,
,LIGR,GRFCR,Content actioned due to community guidelines violations,half-year,Jul-Dec 2023,all,all,all,all,country_name,Germany,99.0,,
,LIGR,GRFCR,Content actioned due to (local) law violations,half-year,Jul-Dec 2023,all,all,all,all,country_name,Germany,0.0,,
,LIGR,GRFCR,Content not actioned,half-year,Jul-Dec 2023,all,all,all,all,country_name,Germany,6.0,,
,LIGR,GRFCR,Total accounts received,half-year,Jul-Dec 2023,all,all,all,all,country_name,Germany,149.0,,
,LIGR,GRFCR,Accounts actioned due to community guidelines violations,half-year,Jul-Dec 2023,all,all,all,all,country_name,Germany,122.0,,
,LIGR,GRFCR,Accounts actioned due to (local) law violations,half-year,Jul-Dec 2023,all,all,all,all,country_name,Germany,0.0,,
,LIGR,GRFCR,Accounts not actioned,half-year,Jul-Dec 2023,all,all,all,all,country_name,Germany,27.0,,
,LIGR,GRFCR,Removal rate,half-year,Jul-Dec 2023,all,all,all,all,country_name,Germany,0.87,,
,LIGR,GRFCR,Total requests received,half-year,Jul-Dec 2023,all,all,all,all,country_name,Ghana,2.0,,
,LIGR,GRFCR,Total content received,half-year,Jul-Dec 2023,all,all,all,all,country_name,Ghana,2.0,,
,LIGR,GRFCR,Content actioned due to community guidelines violations,half-year,Jul-Dec 2023,all,all,all,all,country_name,Ghana,0.0,,
,LIGR,GRFCR,Content actioned due to (local) law violations,half-year,Jul-Dec 2023,all,all,all,all,country_name,Ghana,0.0,,
,LIGR,GRFCR,Content not actioned,half-year,Jul-Dec 2023,all,all,all,all,country_name,Ghana,2.0,,
,LIGR,GRFCR,Total accounts received,half-year,Jul-Dec 2023,all,all,all,all,country_name,Ghana,2.0,,
,LIGR,GRFCR,Accounts actioned due to community guidelines violations,half-year,Jul-Dec 2023,all,all,all,all,country_name,Ghana,1.0,,
,LIGR,GRFCR,Accounts actioned due to (local) law violations,half-year,Jul-Dec 2023,all,all,all,all,country_name,Ghana,0.0,,
,LIGR,GRFCR,Accounts not actioned,half-year,Jul-Dec 2023,all,all,all,all,country_name,Ghana,1.0,,
,LIGR,GRFCR,Removal rate,half-year,Jul-Dec 2023,all,all,all,all,country_name,Ghana,0.25,,
,LIGR,GRFCR,Total requests received,half-year,Jul-Dec 2023,all,all,all,all,country_name,Guatemala,1.0,,
,LIGR,GRFCR,Total content received,half-year,Jul-Dec 2023,all,all,all,all,country_name,Guatemala,0.0,,
,LIGR,GRFCR,Content actioned due to community guidelines violations,half-year,Jul-Dec 2023,all,all,all,all,country_name,Guatemala,0.0,,
,LIGR,GRFCR,Content actioned due to (local) law violations,half-year,Jul-Dec 2023,all,all,all,all,country_name,Guatemala,0.0,,
,LIGR,GRFCR,Content not actioned,half-year,Jul-Dec 2023,all,all,all,all,country_name,Guatemala,0.0,,
,LIGR,GRFCR,Total accounts received,half-year,Jul-Dec 2023,all,all,all,all,country_name,Guatemala,1.0,,
,LIGR,GRFCR,Accounts actioned due to community guidelines violations,half-year,Jul-Dec 2023,all,all,all,all,country_name,Guatemala,1.0,,
,LIGR,GRFCR,Accounts actioned due to (local) law violations,half-year,Jul-Dec 2023,all,all,all,all,country_name,Guatemala,0.0,,
,LIGR,GRFCR,Accounts not actioned,half-year,Jul-Dec 2023,all,all,all,all,country_name,Guatemala,0.0,,
,LIGR,GRFCR,Removal rate,half-year,Jul-Dec 2023,all,all,all,all,country_name,Guatemala,1.0,,
,LIGR,GRFCR,Total requests received,half-year,Jul-Dec 2023,all,all,all,all,country_name,Iceland,1.0,,
,LIGR,GRFCR,Total content received,half-year,Jul-Dec 2023,all,all,all,all,country_name,Iceland,0.0,,
,LIGR,GRFCR,Content actioned due to community guidelines violations,half-year,Jul-Dec 2023,all,all,all,all,country_name,Iceland,0.0,,
,LIGR,GRFCR,Content actioned due to (local) law violations,half-year,Jul-Dec 2023,all,all,all,all,country_name,Iceland,0.0,,
,LIGR,GRFCR,Content not actioned,half-year,Jul-Dec 2023,all,all,all,all,country_name,Iceland,0.0,,
,LIGR,GRFCR,Total accounts received,half-year,Jul-Dec 2023,all,all,all,all,country_name,Iceland,1.0,,
,LIGR,GRFCR,Accounts actioned due to community guidelines violations,half-year,Jul-Dec 2023,all,all,all,all,country_name,Iceland,0.0,,
,LIGR,GRFCR,Accounts actioned due to (local) law violations,half-year,Jul-Dec 2023,all,all,all,all,country_name,Iceland,0.0,,
,LIGR,GRFCR,Accounts not actioned,half-year,Jul-Dec 2023,all,all,all,all,country_name,Iceland,1.0,,
,LIGR,GRFCR,Removal rate,half-year,Jul-Dec 2023,all,all,all,all,country_name,Iceland,0.0,,
,LIGR,GRFCR,Total requests received,half-year,Jul-Dec 2023,all,all,all,all,country_name,Indonesia,350.0,,
,LIGR,GRFCR,Total content received,half-year,Jul-Dec 2023,all,all,all,all,country_name,Indonesia,1151.0,,
,LIGR,GRFCR,Content actioned due to community guidelines violations,half-year,Jul-Dec 2023,all,all,all,all,country_name,Indonesia,341.0,,
,LIGR,GRFCR,Content actioned due to (local) law violations,half-year,Jul-Dec 2023,all,all,all,all,country_name,Indonesia,120.0,,
,LIGR,GRFCR,Content not actioned,half-year,Jul-Dec 2023,all,all,all,all,country_name,Indonesia,690.0,,
,LIGR,GRFCR,Total accounts received,half-year,Jul-Dec 2023,all,all,all,all,country_name,Indonesia,171.0,,
,LIGR,GRFCR,Accounts actioned due to community guidelines violations,half-year,Jul-Dec 2023,all,all,all,all,country_name,Indonesia,99.0,,
,LIGR,GRFCR,Accounts actioned due to (local) law violations,half-year,Jul-Dec 2023,all,all,all,all,country_name,Indonesia,7.0,,
,LIGR,GRFCR,Accounts not actioned,half-year,Jul-Dec 2023,all,all,all,all,country_name,Indonesia,65.0,,
,LIGR,GRFCR,Removal rate,half-year,Jul-Dec 2023,all,all,all,all,country_name,Indonesia,0.429,,
,LIGR,GRFCR,Total requests received,half-year,Jul-Dec 2023,all,all,all,all,country_name,Iraq,99.0,,
,LIGR,GRFCR,Total content received,half-year,Jul-Dec 2023,all,all,all,all,country_name,Iraq,71.0,,
,LIGR,GRFCR,Content actioned due to community guidelines violations,half-year,Jul-Dec 2023,all,all,all,all,country_name,Iraq,53.0,,
,LIGR,GRFCR,Content actioned due to (local) law violations,half-year,Jul-Dec 2023,all,all,all,all,country_name,Iraq,10.0,,
,LIGR,GRFCR,Content not actioned,half-year,Jul-Dec 2023,all,all,all,all,country_name,Iraq,8.0,,
,LIGR,GRFCR,Total accounts received,half-year,Jul-Dec 2023,all,all,all,all,country_name,Iraq,587.0,,
,LIGR,GRFCR,Accounts actioned due to community guidelines violations,half-year,Jul-Dec 2023,all,all,all,all,country_name,Iraq,478.0,,
,LIGR,GRFCR,Accounts actioned due to (local) law violations,half-year,Jul-Dec 2023,all,all,all,all,country_name,Iraq,42.0,,
,LIGR,GRFCR,Accounts not actioned,half-year,Jul-Dec 2023,all,all,all,all,country_name,Iraq,67.0,,
,LIGR,GRFCR,Removal rate,half-year,Jul-Dec 2023,all,all,all,all,country_name,Iraq,0.886,,
,LIGR,GRFCR,Total requests received,half-year,Jul-Dec 2023,all,all,all,all,country_name,Ireland,5.0,,
,LIGR,GRFCR,Total content received,half-year,Jul-Dec 2023,all,all,all,all,country_name,Ireland,3.0,,
,LIGR,GRFCR,Content actioned due to community guidelines violations,half-year,Jul-Dec 2023,all,all,all,all,country_name,Ireland,3.0,,
,LIGR,GRFCR,Content actioned due to (local) law violations,half-year,Jul-Dec 2023,all,all,all,all,country_name,Ireland,0.0,,
,LIGR,GRFCR,Content not actioned,half-year,Jul-Dec 2023,all,all,all,all,country_name,Ireland,0.0,,
,LIGR,GRFCR,Total accounts received,half-year,Jul-Dec 2023,all,all,all,all,country_name,Ireland,7.0,,
,LIGR,GRFCR,Accounts actioned due to community guidelines violations,half-year,Jul-Dec 2023,all,all,all,all,country_name,Ireland,6.0,,
,LIGR,GRFCR,Accounts actioned due to (local) law violations,half-year,Jul-Dec 2023,all,all,all,all,country_name,Ireland,0.0,,
,LIGR,GRFCR,Accounts not actioned,half-year,Jul-Dec 2023,all,all,all,all,country_name,Ireland,1.0,,
,LIGR,GRFCR,Removal rate,half-year,Jul-Dec 2023,all,all,all,all,country_name,Ireland,0.9,,
,LIGR,GRFCR,Total requests received,half-year,Jul-Dec 2023,all,all,all,all,country_name,Israel,270.0,,
,LIGR,GRFCR,Total content received,half-year,Jul-Dec 2023,all,all,all,all,country_name,Israel,10191.0,,
,LIGR,GRFCR,Content actioned due to community guidelines violations,half-year,Jul-Dec 2023,all,all,all,all,country_name,Israel,9617.0,,
,LIGR,GRFCR,Content actioned due to (local) law violations,half-year,Jul-Dec 2023,all,all,all,all,country_name,Israel,394.0,,
,LIGR,GRFCR,Content not actioned,half-year,Jul-Dec 2023,all,all,all,all,country_name,Israel,180.0,,
,LIGR,GRFCR,Total accounts received,half-year,Jul-Dec 2023,all,all,all,all,country_name,Israel,529.0,,
,LIGR,GRFCR,Accounts actioned due to community guidelines violations,half-year,Jul-Dec 2023,all,all,all,all,country_name,Israel,488.0,,
,LIGR,GRFCR,Accounts actioned due to (local) law violations,half-year,Jul-Dec 2023,all,all,all,all,country_name,Israel,25.0,,
,LIGR,GRFCR,Accounts not actioned,half-year,Jul-Dec 2023,all,all,all,all,country_name,Israel,16.0,,
,LIGR,GRFCR,Removal rate,half-year,Jul-Dec 2023,all,all,all,all,country_name,Israel,0.982,,
,LIGR,GRFCR,Total requests received,half-year,Jul-Dec 2023,all,all,all,all,country_name,Italy,16.0,,
,LIGR,GRFCR,Total content received,half-year,Jul-Dec 2023,all,all,all,all,country_name,Italy,13.0,,
,LIGR,GRFCR,Content actioned due to community guidelines violations,half-year,Jul-Dec 2023,all,all,all,all,country_name,Italy,1.0,,
,LIGR,GRFCR,Content actioned due to (local) law violations,half-year,Jul-Dec 2023,all,all,all,all,country_name,Italy,11.0,,
,LIGR,GRFCR,Content not actioned,half-year,Jul-Dec 2023,all,all,all,all,country_name,Italy,1.0,,
,LIGR,GRFCR,Total accounts received,half-year,Jul-Dec 2023,all,all,all,all,country_name,Italy,12.0,,
,LIGR,GRFCR,Accounts actioned due to community guidelines violations,half-year,Jul-Dec 2023,all,all,all,all,country_name,Italy,1.0,,
,LIGR,GRFCR,Accounts actioned due to (local) law violations,half-year,Jul-Dec 2023,all,all,all,all,country_name,Italy,0.0,,
,LIGR,GRFCR,Accounts not actioned,half-year,Jul-Dec 2023,all,all,all,all,country_name,Italy,11.0,,
,LIGR,GRFCR,Removal rate,half-year,Jul-Dec 2023,all,all,all,all,country_name,Italy,0.52,,
,LIGR,GRFCR,Total requests received,half-year,Jul-Dec 2023,all,all,all,all,country_name,Japan,3.0,,
,LIGR,GRFCR,Total content received,half-year,Jul-Dec 2023,all,all,all,all,country_name,Japan,3.0,,
,LIGR,GRFCR,Content actioned due to community guidelines violations,half-year,Jul-Dec 2023,all,all,all,all,country_name,Japan,0.0,,
,LIGR,GRFCR,Content actioned due to (local) law violations,half-year,Jul-Dec 2023,all,all,all,all,country_name,Japan,1.0,,
,LIGR,GRFCR,Content not actioned,half-year,Jul-Dec 2023,all,all,all,all,country_name,Japan,2.0,,
,LIGR,GRFCR,Total accounts received,half-year,Jul-Dec 2023,all,all,all,all,country_name,Japan,1.0,,
,LIGR,GRFCR,Accounts actioned due to community guidelines violations,half-year,Jul-Dec 2023,all,all,all,all,country_name,Japan,0.0,,
,LIGR,GRFCR,Accounts actioned due to (local) law violations,half-year,Jul-Dec 2023,all,all,all,all,country_name,Japan,0.0,,
,LIGR,GRFCR,Accounts not actioned,half-year,Jul-Dec 2023,all,all,all,all,country_name,Japan,1.0,,
,LIGR,GRFCR,Removal rate,half-year,Jul-Dec 2023,all,all,all,all,country_name,Japan,0.25,,
,LIGR,GRFCR,Total requests received,half-year,Jul-Dec 2023,all,all,all,all,country_name,Jordan,71.0,,
,LIGR,GRFCR,Total content received,half-year,Jul-Dec 2023,all,all,all,all,country_name,Jordan,31.0,,
,LIGR,GRFCR,Content actioned due to community guidelines violations,half-year,Jul-Dec 2023,all,all,all,all,country_name,Jordan,29.0,,
,LIGR,GRFCR,Content actioned due to (local) law violations,half-year,Jul-Dec 2023,all,all,all,all,country_name,Jordan,0.0,,
,LIGR,GRFCR,Content not actioned,half-year,Jul-Dec 2023,all,all,all,all,country_name,Jordan,2.0,,
,LIGR,GRFCR,Total accounts received,half-year,Jul-Dec 2023,all,all,all,all,country_name,Jordan,183.0,,
,LIGR,GRFCR,Accounts actioned due to community guidelines violations,half-year,Jul-Dec 2023,all,all,all,all,country_name,Jordan,163.0,,
,LIGR,GRFCR,Accounts actioned due to (local) law violations,half-year,Jul-Dec 2023,all,all,all,all,country_name,Jordan,0.0,,
,LIGR,GRFCR,Accounts not actioned,half-year,Jul-Dec 2023,all,all,all,all,country_name,Jordan,20.0,,
,LIGR,GRFCR,Removal rate,half-year,Jul-Dec 2023,all,all,all,all,country_name,Jordan,0.897,,
,LIGR,GRFCR,Total requests received,half-year,Jul-Dec 2023,all,all,all,all,country_name,Kazakhstan,421.0,,
,LIGR,GRFCR,Total content received,half-year,Jul-Dec 2023,all,all,all,all,country_name,Kazakhstan,1542.0,,
,LIGR,GRFCR,Content actioned due to community guidelines violations,half-year,Jul-Dec 2023,all,all,all,all,country_name,Kazakhstan,373.0,,
,LIGR,GRFCR,Content actioned due to (local) law violations,half-year,Jul-Dec 2023,all,all,all,all,country_name,Kazakhstan,477.0,,
,LIGR,GRFCR,Content not actioned,half-year,Jul-Dec 2023,all,all,all,all,country_name,Kazakhstan,692.0,,
,LIGR,GRFCR,Total accounts received,half-year,Jul-Dec 2023,all,all,all,all,country_name,Kazakhstan,520.0,,
,LIGR,GRFCR,Accounts actioned due to community guidelines violations,half-year,Jul-Dec 2023,all,all,all,all,country_name,Kazakhstan,471.0,,
,LIGR,GRFCR,Accounts actioned due to (local) law violations,half-year,Jul-Dec 2023,all,all,all,all,country_name,Kazakhstan,5.0,,
,LIGR,GRFCR,Accounts not actioned,half-year,Jul-Dec 2023,all,all,all,all,country_name,Kazakhstan,44.0,,
,LIGR,GRFCR,Removal rate,half-year,Jul-Dec 2023,all,all,all,all,country_name,Kazakhstan,0.643,,
,LIGR,GRFCR,Total requests received,half-year,Jul-Dec 2023,all,all,all,all,country_name,Bhutan,1.0,,
,LIGR,GRFCR,Total content received,half-year,Jul-Dec 2023,all,all,all,all,country_name,Bhutan,2.0,,
,LIGR,GRFCR,Content actioned due to community guidelines violations,half-year,Jul-Dec 2023,all,all,all,all,country_name,Bhutan,1.0,,
,LIGR,GRFCR,Content actioned due to (local) law violations,half-year,Jul-Dec 2023,all,all,all,all,country_name,Bhutan,0.0,,
,LIGR,GRFCR,Content not actioned,half-year,Jul-Dec 2023,all,all,all,all,country_name,Bhutan,1.0,,
,LIGR,GRFCR,Total accounts received,half-year,Jul-Dec 2023,all,all,all,all,country_name,Bhutan,1.0,,
,LIGR,GRFCR,Accounts actioned due to community guidelines violations,half-year,Jul-Dec 2023,all,all,all,all,country_name,Bhutan,0.0,,
,LIGR,GRFCR,Accounts actioned due to (local) law violations,half-year,Jul-Dec 2023,all,all,all,all,country_name,Bhutan,0.0,,
,LIGR,GRFCR,Accounts not actioned,half-year,Jul-Dec 2023,all,all,all,all,country_name,Bhutan,1.0,,
,LIGR,GRFCR,Removal rate,half-year,Jul-Dec 2023,all,all,all,all,country_name,Bhutan,0.333,,
,LIGR,GRFCR,Total requests received,half-year,Jul-Dec 2023,all,all,all,all,country_name,Kosovo,5.0,,
,LIGR,GRFCR,Total content received,half-year,Jul-Dec 2023,all,all,all,all,country_name,Kosovo,5.0,,
,LIGR,GRFCR,Content actioned due to community guidelines violations,half-year,Jul-Dec 2023,all,all,all,all,country_name,Kosovo,5.0,,
,LIGR,GRFCR,Content actioned due to (local) law violations,half-year,Jul-Dec 2023,all,all,all,all,country_name,Kosovo,0.0,,
,LIGR,GRFCR,Content not actioned,half-year,Jul-Dec 2023,all,all,all,all,country_name,Kosovo,0.0,,
,LIGR,GRFCR,Total accounts received,half-year,Jul-Dec 2023,all,all,all,all,country_name,Kosovo,6.0,,
,LIGR,GRFCR,Accounts actioned due to community guidelines violations,half-year,Jul-Dec 2023,all,all,all,all,country_name,Kosovo,6.0,,
,LIGR,GRFCR,Accounts actioned due to (local) law violations,half-year,Jul-Dec 2023,all,all,all,all,country_name,Kosovo,0.0,,
,LIGR,GRFCR,Accounts not actioned,half-year,Jul-Dec 2023,all,all,all,all,country_name,Kosovo,0.0,,
,LIGR,GRFCR,Removal rate,half-year,Jul-Dec 2023,all,all,all,all,country_name,Kosovo,1.0,,
,LIGR,GRFCR,Total requests received,half-year,Jul-Dec 2023,all,all,all,all,country_name,Kuwait,1.0,,
,LIGR,GRFCR,Total content received,half-year,Jul-Dec 2023,all,all,all,all,country_name,Kuwait,0.0,,
,LIGR,GRFCR,Content actioned due to community guidelines violations,half-year,Jul-Dec 2023,all,all,all,all,country_name,Kuwait,0.0,,
,LIGR,GRFCR,Content actioned due to (local) law violations,half-year,Jul-Dec 2023,all,all,all,all,country_name,Kuwait,0.0,,
,LIGR,GRFCR,Content not actioned,half-year,Jul-Dec 2023,all,all,all,all,country_name,Kuwait,0.0,,
,LIGR,GRFCR,Total accounts received,half-year,Jul-Dec 2023,all,all,all,all,country_name,Kuwait,1.0,,
,LIGR,GRFCR,Accounts actioned due to community guidelines violations,half-year,Jul-Dec 2023,all,all,all,all,country_name,Kuwait,1.0,,
,LIGR,GRFCR,Accounts actioned due to (local) law violations,half-year,Jul-Dec 2023,all,all,all,all,country_name,Kuwait,0.0,,
,LIGR,GRFCR,Accounts not actioned,half-year,Jul-Dec 2023,all,all,all,all,country_name,Kuwait,0.0,,
,LIGR,GRFCR,Removal rate,half-year,Jul-Dec 2023,all,all,all,all,country_name,Kuwait,1.0,,
,LIGR,GRFCR,Total requests received,half-year,Jul-Dec 2023,all,all,all,all,country_name,Kyrgyzstan,62.0,,
,LIGR,GRFCR,Total content received,half-year,Jul-Dec 2023,all,all,all,all,country_name,Kyrgyzstan,242.0,,
,LIGR,GRFCR,Content actioned due to community guidelines violations,half-year,Jul-Dec 2023,all,all,all,all,country_name,Kyrgyzstan,49.0,,
,LIGR,GRFCR,Content actioned due to (local) law violations,half-year,Jul-Dec 2023,all,all,all,all,country_name,Kyrgyzstan,97.0,,
,LIGR,GRFCR,Content not actioned,half-year,Jul-Dec 2023,all,all,all,all,country_name,Kyrgyzstan,96.0,,
,LIGR,GRFCR,Total accounts received,half-year,Jul-Dec 2023,all,all,all,all,country_name,Kyrgyzstan,30.0,,
,LIGR,GRFCR,Accounts actioned due to community guidelines violations,half-year,Jul-Dec 2023,all,all,all,all,country_name,Kyrgyzstan,15.0,,
,LIGR,GRFCR,Accounts actioned due to (local) law violations,half-year,Jul-Dec 2023,all,all,all,all,country_name,Kyrgyzstan,4.0,,
,LIGR,GRFCR,Accounts not actioned,half-year,Jul-Dec 2023,all,all,all,all,country_name,Kyrgyzstan,11.0,,
,LIGR,GRFCR,Removal rate,half-year,Jul-Dec 2023,all,all,all,all,country_name,Kyrgyzstan,0.607,,
,LIGR,GRFCR,Total requests received,half-year,Jul-Dec 2023,all,all,all,all,country_name,Libya,3.0,,
,LIGR,GRFCR,Total content received,half-year,Jul-Dec 2023,all,all,all,all,country_name,Libya,8.0,,
,LIGR,GRFCR,Content actioned due to community guidelines violations,half-year,Jul-Dec 2023,all,all,all,all,country_name,Libya,2.0,,
,LIGR,GRFCR,Content actioned due to (local) law violations,half-year,Jul-Dec 2023,all,all,all,all,country_name,Libya,0.0,,
,LIGR,GRFCR,Content not actioned,half-year,Jul-Dec 2023,all,all,all,all,country_name,Libya,6.0,,
,LIGR,GRFCR,Total accounts received,half-year,Jul-Dec 2023,all,all,all,all,country_name,Libya,7.0,,
,LIGR,GRFCR,Accounts actioned due to community guidelines violations,half-year,Jul-Dec 2023,all,all,all,all,country_name,Libya,4.0,,
,LIGR,GRFCR,Accounts actioned due to (local) law violations,half-year,Jul-Dec 2023,all,all,all,all,country_name,Libya,0.0,,
,LIGR,GRFCR,Accounts not actioned,half-year,Jul-Dec 2023,all,all,all,all,country_name,Libya,3.0,,
,LIGR,GRFCR,Removal rate,half-year,Jul-Dec 2023,all,all,all,all,country_name,Libya,0.4,,
,LIGR,GRFCR,Total requests received,half-year,Jul-Dec 2023,all,all,all,all,country_name,Malaysia,1862.0,,
,LIGR,GRFCR,Total content received,half-year,Jul-Dec 2023,all,all,all,all,country_name,Malaysia,6231.0,,
,LIGR,GRFCR,Content actioned due to community guidelines violations,half-year,Jul-Dec 2023,all,all,all,all,country_name,Malaysia,2514.0,,
,LIGR,GRFCR,Content actioned due to (local) law violations,half-year,Jul-Dec 2023,all,all,all,all,country_name,Malaysia,2970.0,,
,LIGR,GRFCR,Content not actioned,half-year,Jul-Dec 2023,all,all,all,all,country_name,Malaysia,747.0,,
,LIGR,GRFCR,Total accounts received,half-year,Jul-Dec 2023,all,all,all,all,country_name,Malaysia,552.0,,
,LIGR,GRFCR,Accounts actioned due to community guidelines violations,half-year,Jul-Dec 2023,all,all,all,all,country_name,Malaysia,368.0,,
,LIGR,GRFCR,Accounts actioned due to (local) law violations,half-year,Jul-Dec 2023,all,all,all,all,country_name,Malaysia,103.0,,
,LIGR,GRFCR,Accounts not actioned,half-year,Jul-Dec 2023,all,all,all,all,country_name,Malaysia,81.0,,
,LIGR,GRFCR,Removal rate,half-year,Jul-Dec 2023,all,all,all,all,country_name,Malaysia,0.878,,
,LIGR,GRFCR,Total requests received,half-year,Jul-Dec 2023,all,all,all,all,country_name,Mauritius,11.0,,
,LIGR,GRFCR,Total content received,half-year,Jul-Dec 2023,all,all,all,all,country_name,Mauritius,1.0,,
,LIGR,GRFCR,Content actioned due to community guidelines violations,half-year,Jul-Dec 2023,all,all,all,all,country_name,Mauritius,0.0,,
,LIGR,GRFCR,Content actioned due to (local) law violations,half-year,Jul-Dec 2023,all,all,all,all,country_name,Mauritius,0.0,,
,LIGR,GRFCR,Content not actioned,half-year,Jul-Dec 2023,all,all,all,all,country_name,Mauritius,1.0,,
,LIGR,GRFCR,Total accounts received,half-year,Jul-Dec 2023,all,all,all,all,country_name,Mauritius,21.0,,
,LIGR,GRFCR,Accounts actioned due to community guidelines violations,half-year,Jul-Dec 2023,all,all,all,all,country_name,Mauritius,18.0,,
,LIGR,GRFCR,Accounts actioned due to (local) law violations,half-year,Jul-Dec 2023,all,all,all,all,country_name,Mauritius,0.0,,
,LIGR,GRFCR,Accounts not actioned,half-year,Jul-Dec 2023,all,all,all,all,country_name,Mauritius,3.0,,
,LIGR,GRFCR,Removal rate,half-year,Jul-Dec 2023,all,all,all,all,country_name,Mauritius,0.818,,
,LIGR,GRFCR,Total requests received,half-year,Jul-Dec 2023,all,all,all,all,country_name,Mexico,13.0,,
,LIGR,GRFCR,Total content received,half-year,Jul-Dec 2023,all,all,all,all,country_name,Mexico,5.0,,
,LIGR,GRFCR,Content actioned due to community guidelines violations,half-year,Jul-Dec 2023,all,all,all,all,country_name,Mexico,5.0,,
,LIGR,GRFCR,Content actioned due to (local) law violations,half-year,Jul-Dec 2023,all,all,all,all,country_name,Mexico,0.0,,
,LIGR,GRFCR,Content not actioned,half-year,Jul-Dec 2023,all,all,all,all,country_name,Mexico,0.0,,
,LIGR,GRFCR,Total accounts received,half-year,Jul-Dec 2023,all,all,all,all,country_name,Mexico,341.0,,
,LIGR,GRFCR,Accounts actioned due to community guidelines violations,half-year,Jul-Dec 2023,all,all,all,all,country_name,Mexico,329.0,,
,LIGR,GRFCR,Accounts actioned due to (local) law violations,half-year,Jul-Dec 2023,all,all,all,all,country_name,Mexico,0.0,,
,LIGR,GRFCR,Accounts not actioned,half-year,Jul-Dec 2023,all,all,all,all,country_name,Mexico,12.0,,
,LIGR,GRFCR,Removal rate,half-year,Jul-Dec 2023,all,all,all,all,country_name,Mexico,0.965,,
,LIGR,GRFCR,Total requests received,half-year,Jul-Dec 2023,all,all,all,all,country_name,Moldova,3.0,,
,LIGR,GRFCR,Total content received,half-year,Jul-Dec 2023,all,all,all,all,country_name,Moldova,17.0,,
,LIGR,GRFCR,Content actioned due to community guidelines violations,half-year,Jul-Dec 2023,all,all,all,all,country_name,Moldova,8.0,,
,LIGR,GRFCR,Content actioned due to (local) law violations,half-year,Jul-Dec 2023,all,all,all,all,country_name,Moldova,1.0,,
,LIGR,GRFCR,Content not actioned,half-year,Jul-Dec 2023,all,all,all,all,country_name,Moldova,8.0,,
,LIGR,GRFCR,Total accounts received,half-year,Jul-Dec 2023,all,all,all,all,country_name,Moldova,9.0,,
,LIGR,GRFCR,Accounts actioned due to community guidelines violations,half-year,Jul-Dec 2023,all,all,all,all,country_name,Moldova,1.0,,
,LIGR,GRFCR,Accounts actioned due to (local) law violations,half-year,Jul-Dec 2023,all,all,all,all,country_name,Moldova,0.0,,
,LIGR,GRFCR,Accounts not actioned,half-year,Jul-Dec 2023,all,all,all,all,country_name,Moldova,8.0,,
,LIGR,GRFCR,Removal rate,half-year,Jul-Dec 2023,all,all,all,all,country_name,Moldova,0.385,,
,LIGR,GRFCR,Total requests received,half-year,Jul-Dec 2023,all,all,all,all,country_name,Nepal,82.0,,
,LIGR,GRFCR,Total content received,half-year,Jul-Dec 2023,all,all,all,all,country_name,Nepal,32.0,,
,LIGR,GRFCR,Content actioned due to community guidelines violations,half-year,Jul-Dec 2023,all,all,all,all,country_name,Nepal,9.0,,
,LIGR,GRFCR,Content actioned due to (local) law violations,half-year,Jul-Dec 2023,all,all,all,all,country_name,Nepal,1.0,,
,LIGR,GRFCR,Content not actioned,half-year,Jul-Dec 2023,all,all,all,all,country_name,Nepal,22.0,,
,LIGR,GRFCR,Total accounts received,half-year,Jul-Dec 2023,all,all,all,all,country_name,Nepal,401.0,,
,LIGR,GRFCR,Accounts actioned due to community guidelines violations,half-year,Jul-Dec 2023,all,all,all,all,country_name,Nepal,172.0,,
,LIGR,GRFCR,Accounts actioned due to (local) law violations,half-year,Jul-Dec 2023,all,all,all,all,country_name,Nepal,75.0,,
,LIGR,GRFCR,Accounts not actioned,half-year,Jul-Dec 2023,all,all,all,all,country_name,Nepal,154.0,,
,LIGR,GRFCR,Removal rate,half-year,Jul-Dec 2023,all,all,all,all,country_name,Nepal,0.594,,
,LIGR,GRFCR,Total requests received,half-year,Jul-Dec 2023,all,all,all,all,country_name,Netherlands,5.0,,
,LIGR,GRFCR,Total content received,half-year,Jul-Dec 2023,all,all,all,all,country_name,Netherlands,7.0,,
,LIGR,GRFCR,Content actioned due to community guidelines violations,half-year,Jul-Dec 2023,all,all,all,all,country_name,Netherlands,6.0,,
,LIGR,GRFCR,Content actioned due to (local) law violations,half-year,Jul-Dec 2023,all,all,all,all,country_name,Netherlands,0.0,,
,LIGR,GRFCR,Content not actioned,half-year,Jul-Dec 2023,all,all,all,all,country_name,Netherlands,1.0,,
,LIGR,GRFCR,Total accounts received,half-year,Jul-Dec 2023,all,all,all,all,country_name,Netherlands,108.0,,
,LIGR,GRFCR,Accounts actioned due to community guidelines violations,half-year,Jul-Dec 2023,all,all,all,all,country_name,Netherlands,104.0,,
,LIGR,GRFCR,Accounts actioned due to (local) law violations,half-year,Jul-Dec 2023,all,all,all,all,country_name,Netherlands,0.0,,
,LIGR,GRFCR,Accounts not actioned,half-year,Jul-Dec 2023,all,all,all,all,country_name,Netherlands,4.0,,
,LIGR,GRFCR,Removal rate,half-year,Jul-Dec 2023,all,all,all,all,country_name,Netherlands,0.957,,
,LIGR,GRFCR,Total requests received,half-year,Jul-Dec 2023,all,all,all,all,country_name,New Zealand,164.0,,
,LIGR,GRFCR,Total content received,half-year,Jul-Dec 2023,all,all,all,all,country_name,New Zealand,103.0,,
,LIGR,GRFCR,Content actioned due to community guidelines violations,half-year,Jul-Dec 2023,all,all,all,all,country_name,New Zealand,84.0,,
,LIGR,GRFCR,Content actioned due to (local) law violations,half-year,Jul-Dec 2023,all,all,all,all,country_name,New Zealand,0.0,,
,LIGR,GRFCR,Content not actioned,half-year,Jul-Dec 2023,all,all,all,all,country_name,New Zealand,19.0,,
,LIGR,GRFCR,Total accounts received,half-year,Jul-Dec 2023,all,all,all,all,country_name,New Zealand,146.0,,
,LIGR,GRFCR,Accounts actioned due to community guidelines violations,half-year,Jul-Dec 2023,all,all,all,all,country_name,New Zealand,110.0,,
,LIGR,GRFCR,Accounts actioned due to (local) law violations,half-year,Jul-Dec 2023,all,all,all,all,country_name,New Zealand,2.0,,
,LIGR,GRFCR,Accounts not actioned,half-year,Jul-Dec 2023,all,all,all,all,country_name,New Zealand,34.0,,
,LIGR,GRFCR,Removal rate,half-year,Jul-Dec 2023,all,all,all,all,country_name,New Zealand,0.787,,
,LIGR,GRFCR,Total requests received,half-year,Jul-Dec 2023,all,all,all,all,country_name,Nigeria,5.0,,
,LIGR,GRFCR,Total content received,half-year,Jul-Dec 2023,all,all,all,all,country_name,Nigeria,8.0,,
,LIGR,GRFCR,Content actioned due to community guidelines violations,half-year,Jul-Dec 2023,all,all,all,all,country_name,Nigeria,3.0,,
,LIGR,GRFCR,Content actioned due to (local) law violations,half-year,Jul-Dec 2023,all,all,all,all,country_name,Nigeria,0.0,,
,LIGR,GRFCR,Content not actioned,half-year,Jul-Dec 2023,all,all,all,all,country_name,Nigeria,5.0,,
,LIGR,GRFCR,Total accounts received,half-year,Jul-Dec 2023,all,all,all,all,country_name,Nigeria,2.0,,
,LIGR,GRFCR,Accounts actioned due to community guidelines violations,half-year,Jul-Dec 2023,all,all,all,all,country_name,Nigeria,1.0,,
,LIGR,GRFCR,Accounts actioned due to (local) law violations,half-year,Jul-Dec 2023,all,all,all,all,country_name,Nigeria,0.0,,
,LIGR,GRFCR,Accounts not actioned,half-year,Jul-Dec 2023,all,all,all,all,country_name,Nigeria,1.0,,
,LIGR,GRFCR,Removal rate,half-year,Jul-Dec 2023,all,all,all,all,country_name,Nigeria,0.4,,
,LIGR,GRFCR,Total requests received,half-year,Jul-Dec 2023,all,all,all,all,country_name,Norway,13.0,,
,LIGR,GRFCR,Total content received,half-year,Jul-Dec 2023,all,all,all,all,country_name,Norway,8.0,,
,LIGR,GRFCR,Content actioned due to community guidelines violations,half-year,Jul-Dec 2023,all,all,all,all,country_name,Norway,5.0,,
,LIGR,GRFCR,Content actioned due to (local) law violations,half-year,Jul-Dec 2023,all,all,all,all,country_name,Norway,0.0,,
,LIGR,GRFCR,Content not actioned,half-year,Jul-Dec 2023,all,all,all,all,country_name,Norway,3.0,,
,LIGR,GRFCR,Total accounts received,half-year,Jul-Dec 2023,all,all,all,all,country_name,Norway,40.0,,
,LIGR,GRFCR,Accounts actioned due to community guidelines violations,half-year,Jul-Dec 2023,all,all,all,all,country_name,Norway,30.0,,
,LIGR,GRFCR,Accounts actioned due to (local) law violations,half-year,Jul-Dec 2023,all,all,all,all,country_name,Norway,0.0,,
,LIGR,GRFCR,Accounts not actioned,half-year,Jul-Dec 2023,all,all,all,all,country_name,Norway,10.0,,
,LIGR,GRFCR,Removal rate,half-year,Jul-Dec 2023,all,all,all,all,country_name,Norway,0.729,,
,LIGR,GRFCR,Total requests received,half-year,Jul-Dec 2023,all,all,all,all,country_name,Pakistan,303.0,,
,LIGR,GRFCR,Total content received,half-year,Jul-Dec 2023,all,all,all,all,country_name,Pakistan,15397.0,,
,LIGR,GRFCR,Content actioned due to community guidelines violations,half-year,Jul-Dec 2023,all,all,all,all,country_name,Pakistan,12392.0,,
,LIGR,GRFCR,Content actioned due to (local) law violations,half-year,Jul-Dec 2023,all,all,all,all,country_name,Pakistan,2126.0,,
,LIGR,GRFCR,Content not actioned,half-year,Jul-Dec 2023,all,all,all,all,country_name,Pakistan,879.0,,
,LIGR,GRFCR,Total accounts received,half-year,Jul-Dec 2023,all,all,all,all,country_name,Pakistan,488.0,,
,LIGR,GRFCR,Accounts actioned due to community guidelines violations,half-year,Jul-Dec 2023,all,all,all,all,country_name,Pakistan,270.0,,
,LIGR,GRFCR,Accounts actioned due to (local) law violations,half-year,Jul-Dec 2023,all,all,all,all,country_name,Pakistan,59.0,,
,LIGR,GRFCR,Accounts not actioned,half-year,Jul-Dec 2023,all,all,all,all,country_name,Pakistan,159.0,,
,LIGR,GRFCR,Removal rate,half-year,Jul-Dec 2023,all,all,all,all,country_name,Pakistan,0.935,,
,LIGR,GRFCR,Total requests received,half-year,Jul-Dec 2023,all,all,all,all,country_name,Palestine,38.0,,
,LIGR,GRFCR,Total content received,half-year,Jul-Dec 2023,all,all,all,all,country_name,Palestine,12.0,,
,LIGR,GRFCR,Content actioned due to community guidelines violations,half-year,Jul-Dec 2023,all,all,all,all,country_name,Palestine,7.0,,
,LIGR,GRFCR,Content actioned due to (local) law violations,half-year,Jul-Dec 2023,all,all,all,all,country_name,Palestine,1.0,,
,LIGR,GRFCR,Content not actioned,half-year,Jul-Dec 2023,all,all,all,all,country_name,Palestine,4.0,,
,LIGR,GRFCR,Total accounts received,half-year,Jul-Dec 2023,all,all,all,all,country_name,Palestine,27.0,,
,LIGR,GRFCR,Accounts actioned due to community guidelines violations,half-year,Jul-Dec 2023,all,all,all,all,country_name,Palestine,18.0,,
,LIGR,GRFCR,Accounts actioned due to (local) law violations,half-year,Jul-Dec 2023,all,all,all,all,country_name,Palestine,0.0,,
,LIGR,GRFCR,Accounts not actioned,half-year,Jul-Dec 2023,all,all,all,all,country_name,Palestine,9.0,,
,LIGR,GRFCR,Removal rate,half-year,Jul-Dec 2023,all,all,all,all,country_name,Palestine,0.667,,
,LIGR,GRFCR,Total requests received,half-year,Jul-Dec 2023,all,all,all,all,country_name,Paraguay,1.0,,
,LIGR,GRFCR,Total content received,half-year,Jul-Dec 2023,all,all,all,all,country_name,Paraguay,0.0,,
,LIGR,GRFCR,Content actioned due to community guidelines violations,half-year,Jul-Dec 2023,all,all,all,all,country_name,Paraguay,0.0,,
,LIGR,GRFCR,Content actioned due to (local) law violations,half-year,Jul-Dec 2023,all,all,all,all,country_name,Paraguay,0.0,,
,LIGR,GRFCR,Content not actioned,half-year,Jul-Dec 2023,all,all,all,all,country_name,Paraguay,0.0,,
,LIGR,GRFCR,Total accounts received,half-year,Jul-Dec 2023,all,all,all,all,country_name,Paraguay,1.0,,
,LIGR,GRFCR,Accounts actioned due to community guidelines violations,half-year,Jul-Dec 2023,all,all,all,all,country_name,Paraguay,1.0,,
,LIGR,GRFCR,Accounts actioned due to (local) law violations,half-year,Jul-Dec 2023,all,all,all,all,country_name,Paraguay,0.0,,
,LIGR,GRFCR,Accounts not actioned,half-year,Jul-Dec 2023,all,all,all,all,country_name,Paraguay,0.0,,
,LIGR,GRFCR,Removal rate,half-year,Jul-Dec 2023,all,all,all,all,country_name,Paraguay,1.0,,
,LIGR,GRFCR,Total requests received,half-year,Jul-Dec 2023,all,all,all,all,country_name,Peru,1.0,,
,LIGR,GRFCR,Total content received,half-year,Jul-Dec 2023,all,all,all,all,country_name,Peru,0.0,,
,LIGR,GRFCR,Content actioned due to community guidelines violations,half-year,Jul-Dec 2023,all,all,all,all,country_name,Peru,0.0,,
,LIGR,GRFCR,Content actioned due to (local) law violations,half-year,Jul-Dec 2023,all,all,all,all,country_name,Peru,0.0,,
,LIGR,GRFCR,Content not actioned,half-year,Jul-Dec 2023,all,all,all,all,country_name,Peru,0.0,,
,LIGR,GRFCR,Total accounts received,half-year,Jul-Dec 2023,all,all,all,all,country_name,Peru,1.0,,
,LIGR,GRFCR,Accounts actioned due to community guidelines violations,half-year,Jul-Dec 2023,all,all,all,all,country_name,Peru,0.0,,
,LIGR,GRFCR,Accounts actioned due to (local) law violations,half-year,Jul-Dec 2023,all,all,all,all,country_name,Peru,0.0,,
,LIGR,GRFCR,Accounts not actioned,half-year,Jul-Dec 2023,all,all,all,all,country_name,Peru,1.0,,
,LIGR,GRFCR,Removal rate,half-year,Jul-Dec 2023,all,all,all,all,country_name,Peru,0.0,,
,LIGR,GRFCR,Total requests received,half-year,Jul-Dec 2023,all,all,all,all,country_name,Philippines,113.0,,
,LIGR,GRFCR,Total content received,half-year,Jul-Dec 2023,all,all,all,all,country_name,Philippines,2621.0,,
,LIGR,GRFCR,Content actioned due to community guidelines violations,half-year,Jul-Dec 2023,all,all,all,all,country_name,Philippines,2350.0,,
,LIGR,GRFCR,Content actioned due to (local) law violations,half-year,Jul-Dec 2023,all,all,all,all,country_name,Philippines,160.0,,
,LIGR,GRFCR,Content not actioned,half-year,Jul-Dec 2023,all,all,all,all,country_name,Philippines,111.0,,
,LIGR,GRFCR,Total accounts received,half-year,Jul-Dec 2023,all,all,all,all,country_name,Philippines,378.0,,
,LIGR,GRFCR,Accounts actioned due to community guidelines violations,half-year,Jul-Dec 2023,all,all,all,all,country_name,Philippines,330.0,,
,LIGR,GRFCR,Accounts actioned due to (local) law violations,half-year,Jul-Dec 2023,all,all,all,all,country_name,Philippines,4.0,,
,LIGR,GRFCR,Accounts not actioned,half-year,Jul-Dec 2023,all,all,all,all,country_name,Philippines,44.0,,
,LIGR,GRFCR,Removal rate,half-year,Jul-Dec 2023,all,all,all,all,country_name,Philippines,0.948,,
,LIGR,GRFCR,Total requests received,half-year,Jul-Dec 2023,all,all,all,all,country_name,Poland,2.0,,
,LIGR,GRFCR,Total content received,half-year,Jul-Dec 2023,all,all,all,all,country_name,Poland,2.0,,
,LIGR,GRFCR,Content actioned due to community guidelines violations,half-year,Jul-Dec 2023,all,all,all,all,country_name,Poland,2.0,,
,LIGR,GRFCR,Content actioned due to (local) law violations,half-year,Jul-Dec 2023,all,all,all,all,country_name,Poland,0.0,,
,LIGR,GRFCR,Content not actioned,half-year,Jul-Dec 2023,all,all,all,all,country_name,Poland,0.0,,
,LIGR,GRFCR,Total accounts received,half-year,Jul-Dec 2023,all,all,all,all,country_name,Poland,0.0,,
,LIGR,GRFCR,Accounts actioned due to community guidelines violations,half-year,Jul-Dec 2023,all,all,all,all,country_name,Poland,0.0,,
,LIGR,GRFCR,Accounts actioned due to (local) law violations,half-year,Jul-Dec 2023,all,all,all,all,country_name,Poland,0.0,,
,LIGR,GRFCR,Accounts not actioned,half-year,Jul-Dec 2023,all,all,all,all,country_name,Poland,0.0,,
,LIGR,GRFCR,Removal rate,half-year,Jul-Dec 2023,all,all,all,all,country_name,Poland,1.0,,
,LIGR,GRFCR,Total requests received,half-year,Jul-Dec 2023,all,all,all,all,country_name,Qatar,11.0,,
,LIGR,GRFCR,Total content received,half-year,Jul-Dec 2023,all,all,all,all,country_name,Qatar,1.0,,
,LIGR,GRFCR,Content actioned due to community guidelines violations,half-year,Jul-Dec 2023,all,all,all,all,country_name,Qatar,1.0,,
,LIGR,GRFCR,Content actioned due to (local) law violations,half-year,Jul-Dec 2023,all,all,all,all,country_name,Qatar,0.0,,
,LIGR,GRFCR,Content not actioned,half-year,Jul-Dec 2023,all,all,all,all,country_name,Qatar,0.0,,
,LIGR,GRFCR,Total accounts received,half-year,Jul-Dec 2023,all,all,all,all,country_name,Qatar,16.0,,
,LIGR,GRFCR,Accounts actioned due to community guidelines violations,half-year,Jul-Dec 2023,all,all,all,all,country_name,Qatar,14.0,,
,LIGR,GRFCR,Accounts actioned due to (local) law violations,half-year,Jul-Dec 2023,all,all,all,all,country_name,Qatar,0.0,,
,LIGR,GRFCR,Accounts not actioned,half-year,Jul-Dec 2023,all,all,all,all,country_name,Qatar,2.0,,
,LIGR,GRFCR,Removal rate,half-year,Jul-Dec 2023,all,all,all,all,country_name,Qatar,0.882,,
,LIGR,GRFCR,Total requests received,half-year,Jul-Dec 2023,all,all,all,all,country_name,Russia,386.0,,
,LIGR,GRFCR,Total content received,half-year,Jul-Dec 2023,all,all,all,all,country_name,Russia,292.0,,
,LIGR,GRFCR,Content actioned due to community guidelines violations,half-year,Jul-Dec 2023,all,all,all,all,country_name,Russia,249.0,,
,LIGR,GRFCR,Content actioned due to (local) law violations,half-year,Jul-Dec 2023,all,all,all,all,country_name,Russia,15.0,,
,LIGR,GRFCR,Content not actioned,half-year,Jul-Dec 2023,all,all,all,all,country_name,Russia,27.0,,
,LIGR,GRFCR,Total accounts received,half-year,Jul-Dec 2023,all,all,all,all,country_name,Russia,54.0,,
,LIGR,GRFCR,Accounts actioned due to community guidelines violations,half-year,Jul-Dec 2023,all,all,all,all,country_name,Russia,38.0,,
,LIGR,GRFCR,Accounts actioned due to (local) law violations,half-year,Jul-Dec 2023,all,all,all,all,country_name,Russia,1.0,,
,LIGR,GRFCR,Accounts not actioned,half-year,Jul-Dec 2023,all,all,all,all,country_name,Russia,15.0,,
,LIGR,GRFCR,Removal rate,half-year,Jul-Dec 2023,all,all,all,all,country_name,Russia,0.876,,
,LIGR,GRFCR,Total requests received,half-year,Jul-Dec 2023,all,all,all,all,country_name,Saudi Arabia,3.0,,
,LIGR,GRFCR,Total content received,half-year,Jul-Dec 2023,all,all,all,all,country_name,Saudi Arabia,0.0,,
,LIGR,GRFCR,Content actioned due to community guidelines violations,half-year,Jul-Dec 2023,all,all,all,all,country_name,Saudi Arabia,0.0,,
,LIGR,GRFCR,Content actioned due to (local) law violations,half-year,Jul-Dec 2023,all,all,all,all,country_name,Saudi Arabia,0.0,,
,LIGR,GRFCR,Content not actioned,half-year,Jul-Dec 2023,all,all,all,all,country_name,Saudi Arabia,0.0,,
,LIGR,GRFCR,Total accounts received,half-year,Jul-Dec 2023,all,all,all,all,country_name,Saudi Arabia,3.0,,
,LIGR,GRFCR,Accounts actioned due to community guidelines violations,half-year,Jul-Dec 2023,all,all,all,all,country_name,Saudi Arabia,0.0,,
,LIGR,GRFCR,Accounts actioned due to (local) law violations,half-year,Jul-Dec 2023,all,all,all,all,country_name,Saudi Arabia,0.0,,
,LIGR,GRFCR,Accounts not actioned,half-year,Jul-Dec 2023,all,all,all,all,country_name,Saudi Arabia,3.0,,
,LIGR,GRFCR,Removal rate,half-year,Jul-Dec 2023,all,all,all,all,country_name,Saudi Arabia,0.0,,
,LIGR,GRFCR,Total requests received,half-year,Jul-Dec 2023,all,all,all,all,country_name,Serbia,1.0,,
,LIGR,GRFCR,Total content received,half-year,Jul-Dec 2023,all,all,all,all,country_name,Serbia,0.0,,
,LIGR,GRFCR,Content actioned due to community guidelines violations,half-year,Jul-Dec 2023,all,all,all,all,country_name,Serbia,0.0,,
,LIGR,GRFCR,Content actioned due to (local) law violations,half-year,Jul-Dec 2023,all,all,all,all,country_name,Serbia,0.0,,
,LIGR,GRFCR,Content not actioned,half-year,Jul-Dec 2023,all,all,all,all,country_name,Serbia,0.0,,
,LIGR,GRFCR,Total accounts received,half-year,Jul-Dec 2023,all,all,all,all,country_name,Serbia,2.0,,
,LIGR,GRFCR,Accounts actioned due to community guidelines violations,half-year,Jul-Dec 2023,all,all,all,all,country_name,Serbia,2.0,,
,LIGR,GRFCR,Accounts actioned due to (local) law violations,half-year,Jul-Dec 2023,all,all,all,all,country_name,Serbia,0.0,,
,LIGR,GRFCR,Accounts not actioned,half-year,Jul-Dec 2023,all,all,all,all,country_name,Serbia,0.0,,
,LIGR,GRFCR,Removal rate,half-year,Jul-Dec 2023,all,all,all,all,country_name,Serbia,1.0,,
,LIGR,GRFCR,Total requests received,half-year,Jul-Dec 2023,all,all,all,all,country_name,Singapore,40.0,,
,LIGR,GRFCR,Total content received,half-year,Jul-Dec 2023,all,all,all,all,country_name,Singapore,205.0,,
,LIGR,GRFCR,Content actioned due to community guidelines violations,half-year,Jul-Dec 2023,all,all,all,all,country_name,Singapore,22.0,,
,LIGR,GRFCR,Content actioned due to (local) law violations,half-year,Jul-Dec 2023,all,all,all,all,country_name,Singapore,179.0,,
,LIGR,GRFCR,Content not actioned,half-year,Jul-Dec 2023,all,all,all,all,country_name,Singapore,4.0,,
,LIGR,GRFCR,Total accounts received,half-year,Jul-Dec 2023,all,all,all,all,country_name,Singapore,39.0,,
,LIGR,GRFCR,Accounts actioned due to community guidelines violations,half-year,Jul-Dec 2023,all,all,all,all,country_name,Singapore,36.0,,
,LIGR,GRFCR,Accounts actioned due to (local) law violations,half-year,Jul-Dec 2023,all,all,all,all,country_name,Singapore,0.0,,
,LIGR,GRFCR,Accounts not actioned,half-year,Jul-Dec 2023,all,all,all,all,country_name,Singapore,3.0,,
,LIGR,GRFCR,Removal rate,half-year,Jul-Dec 2023,all,all,all,all,country_name,Singapore,0.971,,
,LIGR,GRFCR,Total requests received,half-year,Jul-Dec 2023,all,all,all,all,country_name,Slovakia,3.0,,
,LIGR,GRFCR,Total content received,half-year,Jul-Dec 2023,all,all,all,all,country_name,Slovakia,13.0,,
,LIGR,GRFCR,Content actioned due to community guidelines violations,half-year,Jul-Dec 2023,all,all,all,all,country_name,Slovakia,13.0,,
,LIGR,GRFCR,Content actioned due to (local) law violations,half-year,Jul-Dec 2023,all,all,all,all,country_name,Slovakia,0.0,,
,LIGR,GRFCR,Content not actioned,half-year,Jul-Dec 2023,all,all,all,all,country_name,Slovakia,0.0,,
,LIGR,GRFCR,Total accounts received,half-year,Jul-Dec 2023,all,all,all,all,country_name,Slovakia,10.0,,
,LIGR,GRFCR,Accounts actioned due to community guidelines violations,half-year,Jul-Dec 2023,all,all,all,all,country_name,Slovakia,0.0,,
,LIGR,GRFCR,Accounts actioned due to (local) law violations,half-year,Jul-Dec 2023,all,all,all,all,country_name,Slovakia,0.0,,
,LIGR,GRFCR,Accounts not actioned,half-year,Jul-Dec 2023,all,all,all,all,country_name,Slovakia,10.0,,
,LIGR,GRFCR,Removal rate,half-year,Jul-Dec 2023,all,all,all,all,country_name,Slovakia,0.565,,
,LIGR,GRFCR,Total requests received,half-year,Jul-Dec 2023,all,all,all,all,country_name,Somalia,123.0,,
,LIGR,GRFCR,Total content received,half-year,Jul-Dec 2023,all,all,all,all,country_name,Somalia,71.0,,
,LIGR,GRFCR,Content actioned due to community guidelines violations,half-year,Jul-Dec 2023,all,all,all,all,country_name,Somalia,65.0,,
,LIGR,GRFCR,Content actioned due to (local) law violations,half-year,Jul-Dec 2023,all,all,all,all,country_name,Somalia,0.0,,
,LIGR,GRFCR,Content not actioned,half-year,Jul-Dec 2023,all,all,all,all,country_name,Somalia,6.0,,
,LIGR,GRFCR,Total accounts received,half-year,Jul-Dec 2023,all,all,all,all,country_name,Somalia,665.0,,
,LIGR,GRFCR,Accounts actioned due to community guidelines violations,half-year,Jul-Dec 2023,all,all,all,all,country_name,Somalia,547.0,,
,LIGR,GRFCR,Accounts actioned due to (local) law violations,half-year,Jul-Dec 2023,all,all,all,all,country_name,Somalia,33.0,,
,LIGR,GRFCR,Accounts not actioned,half-year,Jul-Dec 2023,all,all,all,all,country_name,Somalia,85.0,,
,LIGR,GRFCR,Removal rate,half-year,Jul-Dec 2023,all,all,all,all,country_name,Somalia,0.876,,
,LIGR,GRFCR,Total requests received,half-year,Jul-Dec 2023,all,all,all,all,country_name,South Korea,7.0,,
,LIGR,GRFCR,Total content received,half-year,Jul-Dec 2023,all,all,all,all,country_name,South Korea,39.0,,
,LIGR,GRFCR,Content actioned due to community guidelines violations,half-year,Jul-Dec 2023,all,all,all,all,country_name,South Korea,2.0,,
,LIGR,GRFCR,Content actioned due to (local) law violations,half-year,Jul-Dec 2023,all,all,all,all,country_name,South Korea,0.0,,
,LIGR,GRFCR,Content not actioned,half-year,Jul-Dec 2023,all,all,all,all,country_name,South Korea,37.0,,
,LIGR,GRFCR,Total accounts received,half-year,Jul-Dec 2023,all,all,all,all,country_name,South Korea,5.0,,
,LIGR,GRFCR,Accounts actioned due to community guidelines violations,half-year,Jul-Dec 2023,all,all,all,all,country_name,South Korea,3.0,,
,LIGR,GRFCR,Accounts actioned due to (local) law violations,half-year,Jul-Dec 2023,all,all,all,all,country_name,South Korea,0.0,,
,LIGR,GRFCR,Accounts not actioned,half-year,Jul-Dec 2023,all,all,all,all,country_name,South Korea,2.0,,
,LIGR,GRFCR,Removal rate,half-year,Jul-Dec 2023,all,all,all,all,country_name,South Korea,0.114,,
,LIGR,GRFCR,Total requests received,half-year,Jul-Dec 2023,all,all,all,all,country_name,Spain,2.0,,
,LIGR,GRFCR,Total content received,half-year,Jul-Dec 2023,all,all,all,all,country_name,Spain,2.0,,
,LIGR,GRFCR,Content actioned due to community guidelines violations,half-year,Jul-Dec 2023,all,all,all,all,country_name,Spain,1.0,,
,LIGR,GRFCR,Content actioned due to (local) law violations,half-year,Jul-Dec 2023,all,all,all,all,country_name,Spain,0.0,,
,LIGR,GRFCR,Content not actioned,half-year,Jul-Dec 2023,all,all,all,all,country_name,Spain,1.0,,
,LIGR,GRFCR,Total accounts received,half-year,Jul-Dec 2023,all,all,all,all,country_name,Spain,2.0,,
,LIGR,GRFCR,Accounts actioned due to community guidelines violations,half-year,Jul-Dec 2023,all,all,all,all,country_name,Spain,1.0,,
,LIGR,GRFCR,Accounts actioned due to (local) law violations,half-year,Jul-Dec 2023,all,all,all,all,country_name,Spain,0.0,,
,LIGR,GRFCR,Accounts not actioned,half-year,Jul-Dec 2023,all,all,all,all,country_name,Spain,1.0,,
,LIGR,GRFCR,Removal rate,half-year,Jul-Dec 2023,all,all,all,all,country_name,Spain,0.5,,
,LIGR,GRFCR,Total requests received,half-year,Jul-Dec 2023,all,all,all,all,country_name,Sri Lanka,4.0,,
,LIGR,GRFCR,Total content received,half-year,Jul-Dec 2023,all,all,all,all,country_name,Sri Lanka,10.0,,
,LIGR,GRFCR,Content actioned due to community guidelines violations,half-year,Jul-Dec 2023,all,all,all,all,country_name,Sri Lanka,10.0,,
,LIGR,GRFCR,Content actioned due to (local) law violations,half-year,Jul-Dec 2023,all,all,all,all,country_name,Sri Lanka,0.0,,
,LIGR,GRFCR,Content not actioned,half-year,Jul-Dec 2023,all,all,all,all,country_name,Sri Lanka,0.0,,
,LIGR,GRFCR,Total accounts received,half-year,Jul-Dec 2023,all,all,all,all,country_name,Sri Lanka,2.0,,
,LIGR,GRFCR,Accounts actioned due to community guidelines violations,half-year,Jul-Dec 2023,all,all,all,all,country_name,Sri Lanka,1.0,,
,LIGR,GRFCR,Accounts actioned due to (local) law violations,half-year,Jul-Dec 2023,all,all,all,all,country_name,Sri Lanka,0.0,,
,LIGR,GRFCR,Accounts not actioned,half-year,Jul-Dec 2023,all,all,all,all,country_name,Sri Lanka,1.0,,
,LIGR,GRFCR,Removal rate,half-year,Jul-Dec 2023,all,all,all,all,country_name,Sri Lanka,0.917,,
,LIGR,GRFCR,Total requests received,half-year,Jul-Dec 2023,all,all,all,all,country_name,Sweden,3.0,,
,LIGR,GRFCR,Total content received,half-year,Jul-Dec 2023,all,all,all,all,country_name,Sweden,2.0,,
,LIGR,GRFCR,Content actioned due to community guidelines violations,half-year,Jul-Dec 2023,all,all,all,all,country_name,Sweden,2.0,,
,LIGR,GRFCR,Content actioned due to (local) law violations,half-year,Jul-Dec 2023,all,all,all,all,country_name,Sweden,0.0,,
,LIGR,GRFCR,Content not actioned,half-year,Jul-Dec 2023,all,all,all,all,country_name,Sweden,0.0,,
,LIGR,GRFCR,Total accounts received,half-year,Jul-Dec 2023,all,all,all,all,country_name,Sweden,1.0,,
,LIGR,GRFCR,Accounts actioned due to community guidelines violations,half-year,Jul-Dec 2023,all,all,all,all,country_name,Sweden,1.0,,
,LIGR,GRFCR,Accounts actioned due to (local) law violations,half-year,Jul-Dec 2023,all,all,all,all,country_name,Sweden,0.0,,
,LIGR,GRFCR,Accounts not actioned,half-year,Jul-Dec 2023,all,all,all,all,country_name,Sweden,0.0,,
,LIGR,GRFCR,Removal rate,half-year,Jul-Dec 2023,all,all,all,all,country_name,Sweden,1.0,,
,LIGR,GRFCR,Total requests received,half-year,Jul-Dec 2023,all,all,all,all,country_name,Taiwan,15.0,,
,LIGR,GRFCR,Total content received,half-year,Jul-Dec 2023,all,all,all,all,country_name,Taiwan,21.0,,
,LIGR,GRFCR,Content actioned due to community guidelines violations,half-year,Jul-Dec 2023,all,all,all,all,country_name,Taiwan,7.0,,
,LIGR,GRFCR,Content actioned due to (local) law violations,half-year,Jul-Dec 2023,all,all,all,all,country_name,Taiwan,0.0,,
,LIGR,GRFCR,Content not actioned,half-year,Jul-Dec 2023,all,all,all,all,country_name,Taiwan,14.0,,
,LIGR,GRFCR,Total accounts received,half-year,Jul-Dec 2023,all,all,all,all,country_name,Taiwan,2.0,,
,LIGR,GRFCR,Accounts actioned due to community guidelines violations,half-year,Jul-Dec 2023,all,all,all,all,country_name,Taiwan,1.0,,
,LIGR,GRFCR,Accounts actioned due to (local) law violations,half-year,Jul-Dec 2023,all,all,all,all,country_name,Taiwan,0.0,,
,LIGR,GRFCR,Accounts not actioned,half-year,Jul-Dec 2023,all,all,all,all,country_name,Taiwan,1.0,,
,LIGR,GRFCR,Removal rate,half-year,Jul-Dec 2023,all,all,all,all,country_name,Taiwan,0.348,,
,LIGR,GRFCR,Total requests received,half-year,Jul-Dec 2023,all,all,all,all,country_name,Tanzania,3.0,,
,LIGR,GRFCR,Total content received,half-year,Jul-Dec 2023,all,all,all,all,country_name,Tanzania,0.0,,
,LIGR,GRFCR,Content actioned due to community guidelines violations,half-year,Jul-Dec 2023,all,all,all,all,country_name,Tanzania,0.0,,
,LIGR,GRFCR,Content actioned due to (local) law violations,half-year,Jul-Dec 2023,all,all,all,all,country_name,Tanzania,0.0,,
,LIGR,GRFCR,Content not actioned,half-year,Jul-Dec 2023,all,all,all,all,country_name,Tanzania,0.0,,
,LIGR,GRFCR,Total accounts received,half-year,Jul-Dec 2023,all,all,all,all,country_name,Tanzania,65.0,,
,LIGR,GRFCR,Accounts actioned due to community guidelines violations,half-year,Jul-Dec 2023,all,all,all,all,country_name,Tanzania,64.0,,
,LIGR,GRFCR,Accounts actioned due to (local) law violations,half-year,Jul-Dec 2023,all,all,all,all,country_name,Tanzania,0.0,,
,LIGR,GRFCR,Accounts not actioned,half-year,Jul-Dec 2023,all,all,all,all,country_name,Tanzania,1.0,,
,LIGR,GRFCR,Removal rate,half-year,Jul-Dec 2023,all,all,all,all,country_name,Tanzania,0.985,,
,LIGR,GRFCR,Total requests received,half-year,Jul-Dec 2023,all,all,all,all,country_name,Thailand,70.0,,
,LIGR,GRFCR,Total content received,half-year,Jul-Dec 2023,all,all,all,all,country_name,Thailand,427.0,,
,LIGR,GRFCR,Content actioned due to community guidelines violations,half-year,Jul-Dec 2023,all,all,all,all,country_name,Thailand,197.0,,
,LIGR,GRFCR,Content actioned due to (local) law violations,half-year,Jul-Dec 2023,all,all,all,all,country_name,Thailand,220.0,,
,LIGR,GRFCR,Content not actioned,half-year,Jul-Dec 2023,all,all,all,all,country_name,Thailand,10.0,,
,LIGR,GRFCR,Total accounts received,half-year,Jul-Dec 2023,all,all,all,all,country_name,Thailand,13.0,,
,LIGR,GRFCR,Accounts actioned due to community guidelines violations,half-year,Jul-Dec 2023,all,all,all,all,country_name,Thailand,8.0,,
,LIGR,GRFCR,Accounts actioned due to (local) law violations,half-year,Jul-Dec 2023,all,all,all,all,country_name,Thailand,5.0,,
,LIGR,GRFCR,Accounts not actioned,half-year,Jul-Dec 2023,all,all,all,all,country_name,Thailand,0.0,,
,LIGR,GRFCR,Removal rate,half-year,Jul-Dec 2023,all,all,all,all,country_name,Thailand,0.977,,
,LIGR,GRFCR,Total requests received,half-year,Jul-Dec 2023,all,all,all,all,country_name,Turkey,244.0,,
,LIGR,GRFCR,Total content received,half-year,Jul-Dec 2023,all,all,all,all,country_name,Turkey,616.0,,
,LIGR,GRFCR,Content actioned due to community guidelines violations,half-year,Jul-Dec 2023,all,all,all,all,country_name,Turkey,349.0,,
,LIGR,GRFCR,Content actioned due to (local) law violations,half-year,Jul-Dec 2023,all,all,all,all,country_name,Turkey,194.0,,
,LIGR,GRFCR,Content not actioned,half-year,Jul-Dec 2023,all,all,all,all,country_name,Turkey,73.0,,
,LIGR,GRFCR,Total accounts received,half-year,Jul-Dec 2023,all,all,all,all,country_name,Turkey,466.0,,
,LIGR,GRFCR,Accounts actioned due to community guidelines violations,half-year,Jul-Dec 2023,all,all,all,all,country_name,Turkey,190.0,,
,LIGR,GRFCR,Accounts actioned due to (local) law violations,half-year,Jul-Dec 2023,all,all,all,all,country_name,Turkey,145.0,,
,LIGR,GRFCR,Accounts not actioned,half-year,Jul-Dec 2023,all,all,all,all,country_name,Turkey,131.0,,
,LIGR,GRFCR,Removal rate,half-year,Jul-Dec 2023,all,all,all,all,country_name,Turkey,0.811,,
,LIGR,GRFCR,Total requests received,half-year,Jul-Dec 2023,all,all,all,all,country_name,Ukraine,2.0,,
,LIGR,GRFCR,Total content received,half-year,Jul-Dec 2023,all,all,all,all,country_name,Ukraine,1.0,,
,LIGR,GRFCR,Content actioned due to community guidelines violations,half-year,Jul-Dec 2023,all,all,all,all,country_name,Ukraine,1.0,,
,LIGR,GRFCR,Content actioned due to (local) law violations,half-year,Jul-Dec 2023,all,all,all,all,country_name,Ukraine,0.0,,
,LIGR,GRFCR,Content not actioned,half-year,Jul-Dec 2023,all,all,all,all,country_name,Ukraine,0.0,,
,LIGR,GRFCR,Total accounts received,half-year,Jul-Dec 2023,all,all,all,all,country_name,Ukraine,2.0,,
,LIGR,GRFCR,Accounts actioned due to community guidelines violations,half-year,Jul-Dec 2023,all,all,all,all,country_name,Ukraine,2.0,,
,LIGR,GRFCR,Accounts actioned due to (local) law violations,half-year,Jul-Dec 2023,all,all,all,all,country_name,Ukraine,0.0,,
,LIGR,GRFCR,Accounts not actioned,half-year,Jul-Dec 2023,all,all,all,all,country_name,Ukraine,0.0,,
,LIGR,GRFCR,Removal rate,half-year,Jul-Dec 2023,all,all,all,all,country_name,Ukraine,1.0,,
,LIGR,GRFCR,Total requests received,half-year,Jul-Dec 2023,all,all,all,all,country_name,United Arab Emirates,81.0,,
,LIGR,GRFCR,Total content received,half-year,Jul-Dec 2023,all,all,all,all,country_name,United Arab Emirates,22.0,,
,LIGR,GRFCR,Content actioned due to community guidelines violations,half-year,Jul-Dec 2023,all,all,all,all,country_name,United Arab Emirates,8.0,,
,LIGR,GRFCR,Content actioned due to (local) law violations,half-year,Jul-Dec 2023,all,all,all,all,country_name,United Arab Emirates,4.0,,
,LIGR,GRFCR,Content not actioned,half-year,Jul-Dec 2023,all,all,all,all,country_name,United Arab Emirates,10.0,,
,LIGR,GRFCR,Total accounts received,half-year,Jul-Dec 2023,all,all,all,all,country_name,United Arab Emirates,170.0,,
,LIGR,GRFCR,Accounts actioned due to community guidelines violations,half-year,Jul-Dec 2023,all,all,all,all,country_name,United Arab Emirates,143.0,,
,LIGR,GRFCR,Accounts actioned due to (local) law violations,half-year,Jul-Dec 2023,all,all,all,all,country_name,United Arab Emirates,1.0,,
,LIGR,GRFCR,Accounts not actioned,half-year,Jul-Dec 2023,all,all,all,all,country_name,United Arab Emirates,26.0,,
,LIGR,GRFCR,Removal rate,half-year,Jul-Dec 2023,all,all,all,all,country_name,United Arab Emirates,0.813,,
,LIGR,GRFCR,Total requests received,half-year,Jul-Dec 2023,all,all,all,all,country_name,United Kingdom,188.0,,
,LIGR,GRFCR,Total content received,half-year,Jul-Dec 2023,all,all,all,all,country_name,United Kingdom,165.0,,
,LIGR,GRFCR,Content actioned due to community guidelines violations,half-year,Jul-Dec 2023,all,all,all,all,country_name,United Kingdom,108.0,,
,LIGR,GRFCR,Content actioned due to (local) law violations,half-year,Jul-Dec 2023,all,all,all,all,country_name,United Kingdom,47.0,,
,LIGR,GRFCR,Content not actioned,half-year,Jul-Dec 2023,all,all,all,all,country_name,United Kingdom,9.0,,
,LIGR,GRFCR,Total accounts received,half-year,Jul-Dec 2023,all,all,all,all,country_name,United Kingdom,2149.0,,
,LIGR,GRFCR,Accounts actioned due to community guidelines violations,half-year,Jul-Dec 2023,all,all,all,all,country_name,United Kingdom,1961.0,,
,LIGR,GRFCR,Accounts actioned due to (local) law violations,half-year,Jul-Dec 2023,all,all,all,all,country_name,United Kingdom,34.0,,
,LIGR,GRFCR,Accounts not actioned,half-year,Jul-Dec 2023,all,all,all,all,country_name,United Kingdom,153.0,,
,LIGR,GRFCR,Removal rate,half-year,Jul-Dec 2023,all,all,all,all,country_name,United Kingdom,0.929,,
,LIGR,GRFCR,Total requests received,half-year,Jul-Dec 2023,all,all,all,all,country_name,United States,21.0,,
,LIGR,GRFCR,Total content received,half-year,Jul-Dec 2023,all,all,all,all,country_name,United States,5.0,,
,LIGR,GRFCR,Content actioned due to community guidelines violations,half-year,Jul-Dec 2023,all,all,all,all,country_name,United States,3.0,,
,LIGR,GRFCR,Content actioned due to (local) law violations,half-year,Jul-Dec 2023,all,all,all,all,country_name,United States,0.0,,
,LIGR,GRFCR,Content not actioned,half-year,Jul-Dec 2023,all,all,all,all,country_name,United States,2.0,,
,LIGR,GRFCR,Total accounts received,half-year,Jul-Dec 2023,all,all,all,all,country_name,United States,21.0,,
,LIGR,GRFCR,Accounts actioned due to community guidelines violations,half-year,Jul-Dec 2023,all,all,all,all,country_name,United States,18.0,,
,LIGR,GRFCR,Accounts actioned due to (local) law violations,half-year,Jul-Dec 2023,all,all,all,all,country_name,United States,0.0,,
,LIGR,GRFCR,Accounts not actioned,half-year,Jul-Dec 2023,all,all,all,all,country_name,United States,3.0,,
,LIGR,GRFCR,Removal rate,half-year,Jul-Dec 2023,all,all,all,all,country_name,United States,0.808,,
,LIGR,GRFCR,Total requests received,half-year,Jul-Dec 2023,all,all,all,all,country_name,Uzbekistan,148.0,,
,LIGR,GRFCR,Total content received,half-year,Jul-Dec 2023,all,all,all,all,country_name,Uzbekistan,876.0,,
,LIGR,GRFCR,Content actioned due to community guidelines violations,half-year,Jul-Dec 2023,all,all,all,all,country_name,Uzbekistan,590.0,,
,LIGR,GRFCR,Content actioned due to (local) law violations,half-year,Jul-Dec 2023,all,all,all,all,country_name,Uzbekistan,130.0,,
,LIGR,GRFCR,Content not actioned,half-year,Jul-Dec 2023,all,all,all,all,country_name,Uzbekistan,156.0,,
,LIGR,GRFCR,Total accounts received,half-year,Jul-Dec 2023,all,all,all,all,country_name,Uzbekistan,364.0,,
,LIGR,GRFCR,Accounts actioned due to community guidelines violations,half-year,Jul-Dec 2023,all,all,all,all,country_name,Uzbekistan,308.0,,
,LIGR,GRFCR,Accounts actioned due to (local) law violations,half-year,Jul-Dec 2023,all,all,all,all,country_name,Uzbekistan,1.0,,
,LIGR,GRFCR,Accounts not actioned,half-year,Jul-Dec 2023,all,all,all,all,country_name,Uzbekistan,55.0,,
,LIGR,GRFCR,Removal rate,half-year,Jul-Dec 2023,all,all,all,all,country_name,Uzbekistan,0.83,,
,LIGR,GRFCR,Total requests received,half-year,Jul-Dec 2023,all,all,all,all,country_name,Vietnam,138.0,,
,LIGR,GRFCR,Total content received,half-year,Jul-Dec 2023,all,all,all,all,country_name,Vietnam,191.0,,
,LIGR,GRFCR,Content actioned due to community guidelines violations,half-year,Jul-Dec 2023,all,all,all,all,country_name,Vietnam,20.0,,
,LIGR,GRFCR,Content actioned due to (local) law violations,half-year,Jul-Dec 2023,all,all,all,all,country_name,Vietnam,63.0,,
,LIGR,GRFCR,Content not actioned,half-year,Jul-Dec 2023,all,all,all,all,country_name,Vietnam,108.0,,
,LIGR,GRFCR,Total accounts received,half-year,Jul-Dec 2023,all,all,all,all,country_name,Vietnam,150.0,,
,LIGR,GRFCR,Accounts actioned due to community guidelines violations,half-year,Jul-Dec 2023,all,all,all,all,country_name,Vietnam,16.0,,
,LIGR,GRFCR,Accounts actioned due to (local) law violations,half-year,Jul-Dec 2023,all,all,all,all,country_name,Vietnam,125.0,,
,LIGR,GRFCR,Accounts not actioned,half-year,Jul-Dec 2023,all,all,all,all,country_name,Vietnam,9.0,,
,LIGR,GRFCR,Removal rate,half-year,Jul-Dec 2023,all,all,all,all,country_name,Vietnam,0.657,,
,LIGR,GRFCR,Total Government Requests,half-year,Jul-Dec 2023,all,all,all,all,all,All,6768.0,,
,LIGR,GRFCR,Total Government Requests,half-year,Jan-Jun 2023,all,all,all,all,all,All,4083.0,,20231010.0
,LIGR,GRFCR,Total requests received,half-year,Jan-Jun 2023,all,all,all,all,country_name,Albania,2.0,,20231010.0
,LIGR,GRFCR,Total content received,half-year,Jan-Jun 2023,all,all,all,all,country_name,Albania,1.0,,20231010.0
,LIGR,GRFCR,Content actioned due to community guidelines violations,half-year,Jan-Jun 2023,all,all,all,all,country_name,Albania,1.0,,20231010.0
,LIGR,GRFCR,Content actioned due to (local) law violations,half-year,Jan-Jun 2023,all,all,all,all,country_name,Albania,0.0,,20231010.0
,LIGR,GRFCR,Content not actioned,half-year,Jan-Jun 2023,all,all,all,all,country_name,Albania,0.0,,20231010.0
,LIGR,GRFCR,Total accounts received,half-year,Jan-Jun 2023,all,all,all,all,country_name,Albania,1.0,,20231010.0
,LIGR,GRFCR,Accounts actioned due to community guidelines violations,half-year,Jan-Jun 2023,all,all,all,all,country_name,Albania,1.0,,20231010.0
,LIGR,GRFCR,Accounts actioned due to (local) law violations,half-year,Jan-Jun 2023,all,all,all,all,country_name,Albania,0.0,,20231010.0
,LIGR,GRFCR,Accounts not actioned,half-year,Jan-Jun 2023,all,all,all,all,country_name,Albania,0.0,,20231010.0
,LIGR,GRFCR,Removal rate,half-year,Jan-Jun 2023,all,all,all,all,country_name,Albania,1.0,,20231010.0
,LIGR,GRFCR,Total requests received,half-year,Jan-Jun 2023,all,all,all,all,country_name,Algeria,2.0,,20231010.0
,LIGR,GRFCR,Total content received,half-year,Jan-Jun 2023,all,all,all,all,country_name,Algeria,0.0,,20231010.0
,LIGR,GRFCR,Content actioned due to community guidelines violations,half-year,Jan-Jun 2023,all,all,all,all,country_name,Algeria,0.0,,20231010.0
,LIGR,GRFCR,Content actioned due to (local) law violations,half-year,Jan-Jun 2023,all,all,all,all,country_name,Algeria,0.0,,20231010.0
,LIGR,GRFCR,Content not actioned,half-year,Jan-Jun 2023,all,all,all,all,country_name,Algeria,0.0,,20231010.0
,LIGR,GRFCR,Total accounts received,half-year,Jan-Jun 2023,all,all,all,all,country_name,Algeria,2.0,,20231010.0
,LIGR,GRFCR,Accounts actioned due to community guidelines violations,half-year,Jan-Jun 2023,all,all,all,all,country_name,Algeria,1.0,,20231010.0
,LIGR,GRFCR,Accounts actioned due to (local) law violations,half-year,Jan-Jun 2023,all,all,all,all,country_name,Algeria,0.0,,20231010.0
,LIGR,GRFCR,Accounts not actioned,half-year,Jan-Jun 2023,all,all,all,all,country_name,Algeria,1.0,,20231010.0
,LIGR,GRFCR,Removal rate,half-year,Jan-Jun 2023,all,all,all,all,country_name,Algeria,0.5,,20231010.0
,LIGR,GRFCR,Total requests received,half-year,Jan-Jun 2023,all,all,all,all,country_name,Argentina,2.0,,20231010.0
,LIGR,GRFCR,Total content received,half-year,Jan-Jun 2023,all,all,all,all,country_name,Argentina,0.0,,20231010.0
,LIGR,GRFCR,Content actioned due to community guidelines violations,half-year,Jan-Jun 2023,all,all,all,all,country_name,Argentina,0.0,,20231010.0
,LIGR,GRFCR,Content actioned due to (local) law violations,half-year,Jan-Jun 2023,all,all,all,all,country_name,Argentina,0.0,,20231010.0
,LIGR,GRFCR,Content not actioned,half-year,Jan-Jun 2023,all,all,all,all,country_name,Argentina,0.0,,20231010.0
,LIGR,GRFCR,Total accounts received,half-year,Jan-Jun 2023,all,all,all,all,country_name,Argentina,2.0,,20231010.0
,LIGR,GRFCR,Accounts actioned due to community guidelines violations,half-year,Jan-Jun 2023,all,all,all,all,country_name,Argentina,0.0,,20231010.0
,LIGR,GRFCR,Accounts actioned due to (local) law violations,half-year,Jan-Jun 2023,all,all,all,all,country_name,Argentina,0.0,,20231010.0
,LIGR,GRFCR,Accounts not actioned,half-year,Jan-Jun 2023,all,all,all,all,country_name,Argentina,2.0,,20231010.0
,LIGR,GRFCR,Removal rate,half-year,Jan-Jun 2023,all,all,all,all,country_name,Argentina,0.0,,20231010.0
,LIGR,GRFCR,Total requests received,half-year,Jan-Jun 2023,all,all,all,all,country_name,Australia,470.0,,20231010.0
,LIGR,GRFCR,Total content received,half-year,Jan-Jun 2023,all,all,all,all,country_name,Australia,701.0,,20231010.0
,LIGR,GRFCR,Content actioned due to community guidelines violations,half-year,Jan-Jun 2023,all,all,all,all,country_name,Australia,386.0,,20231010.0
,LIGR,GRFCR,Content actioned due to (local) law violations,half-year,Jan-Jun 2023,all,all,all,all,country_name,Australia,308.0,,20231010.0
,LIGR,GRFCR,Content not actioned,half-year,Jan-Jun 2023,all,all,all,all,country_name,Australia,7.0,,20231010.0
,LIGR,GRFCR,Total accounts received,half-year,Jan-Jun 2023,all,all,all,all,country_name,Australia,652.0,,20231010.0
,LIGR,GRFCR,Accounts actioned due to community guidelines violations,half-year,Jan-Jun 2023,all,all,all,all,country_name,Australia,581.0,,20231010.0
,LIGR,GRFCR,Accounts actioned due to (local) law violations,half-year,Jan-Jun 2023,all,all,all,all,country_name,Australia,6.0,,20231010.0
,LIGR,GRFCR,Accounts not actioned,half-year,Jan-Jun 2023,all,all,all,all,country_name,Australia,65.0,,20231010.0
,LIGR,GRFCR,Removal rate,half-year,Jan-Jun 2023,all,all,all,all,country_name,Australia,0.946784922,,20231010.0
,LIGR,GRFCR,Total requests received,half-year,Jan-Jun 2023,all,all,all,all,country_name,Austria,4.0,,20231010.0
,LIGR,GRFCR,Total content received,half-year,Jan-Jun 2023,all,all,all,all,country_name,Austria,3.0,,20231010.0
,LIGR,GRFCR,Content actioned due to community guidelines violations,half-year,Jan-Jun 2023,all,all,all,all,country_name,Austria,2.0,,20231010.0
,LIGR,GRFCR,Content actioned due to (local) law violations,half-year,Jan-Jun 2023,all,all,all,all,country_name,Austria,0.0,,20231010.0
,LIGR,GRFCR,Content not actioned,half-year,Jan-Jun 2023,all,all,all,all,country_name,Austria,1.0,,20231010.0
,LIGR,GRFCR,Total accounts received,half-year,Jan-Jun 2023,all,all,all,all,country_name,Austria,1.0,,20231010.0
,LIGR,GRFCR,Accounts actioned due to community guidelines violations,half-year,Jan-Jun 2023,all,all,all,all,country_name,Austria,1.0,,20231010.0
,LIGR,GRFCR,Accounts actioned due to (local) law violations,half-year,Jan-Jun 2023,all,all,all,all,country_name,Austria,0.0,,20231010.0
,LIGR,GRFCR,Accounts not actioned,half-year,Jan-Jun 2023,all,all,all,all,country_name,Austria,0.0,,20231010.0
,LIGR,GRFCR,Removal rate,half-year,Jan-Jun 2023,all,all,all,all,country_name,Austria,0.75,,20231010.0
,LIGR,GRFCR,Total requests received,half-year,Jan-Jun 2023,all,all,all,all,country_name,Azerbaijan,14.0,,20231010.0
,LIGR,GRFCR,Total content received,half-year,Jan-Jun 2023,all,all,all,all,country_name,Azerbaijan,81.0,,20231010.0
,LIGR,GRFCR,Content actioned due to community guidelines violations,half-year,Jan-Jun 2023,all,all,all,all,country_name,Azerbaijan,24.0,,20231010.0
,LIGR,GRFCR,Content actioned due to (local) law violations,half-year,Jan-Jun 2023,all,all,all,all,country_name,Azerbaijan,38.0,,20231010.0
,LIGR,GRFCR,Content not actioned,half-year,Jan-Jun 2023,all,all,all,all,country_name,Azerbaijan,19.0,,20231010.0
,LIGR,GRFCR,Total accounts received,half-year,Jan-Jun 2023,all,all,all,all,country_name,Azerbaijan,10.0,,20231010.0
,LIGR,GRFCR,Accounts actioned due to community guidelines violations,half-year,Jan-Jun 2023,all,all,all,all,country_name,Azerbaijan,5.0,,20231010.0
,LIGR,GRFCR,Accounts actioned due to (local) law violations,half-year,Jan-Jun 2023,all,all,all,all,country_name,Azerbaijan,1.0,,20231010.0
,LIGR,GRFCR,Accounts not actioned,half-year,Jan-Jun 2023,all,all,all,all,country_name,Azerbaijan,4.0,,20231010.0
,LIGR,GRFCR,Removal rate,half-year,Jan-Jun 2023,all,all,all,all,country_name,Azerbaijan,0.747252747,,20231010.0
,LIGR,GRFCR,Total requests received,half-year,Jan-Jun 2023,all,all,all,all,country_name,Bangladesh,474.0,,20231010.0
,LIGR,GRFCR,Total content received,half-year,Jan-Jun 2023,all,all,all,all,country_name,Bangladesh,3720.0,,20231010.0
,LIGR,GRFCR,Content actioned due to community guidelines violations,half-year,Jan-Jun 2023,all,all,all,all,country_name,Bangladesh,402.0,,20231010.0
,LIGR,GRFCR,Content actioned due to (local) law violations,half-year,Jan-Jun 2023,all,all,all,all,country_name,Bangladesh,1115.0,,20231010.0
,LIGR,GRFCR,Content not actioned,half-year,Jan-Jun 2023,all,all,all,all,country_name,Bangladesh,2203.0,,20231010.0
,LIGR,GRFCR,Total accounts received,half-year,Jan-Jun 2023,all,all,all,all,country_name,Bangladesh,20.0,,20231010.0
,LIGR,GRFCR,Accounts actioned due to community guidelines violations,half-year,Jan-Jun 2023,all,all,all,all,country_name,Bangladesh,8.0,,20231010.0
,LIGR,GRFCR,Accounts actioned due to (local) law violations,half-year,Jan-Jun 2023,all,all,all,all,country_name,Bangladesh,0.0,,20231010.0
,LIGR,GRFCR,Accounts not actioned,half-year,Jan-Jun 2023,all,all,all,all,country_name,Bangladesh,12.0,,20231010.0
,LIGR,GRFCR,Removal rate,half-year,Jan-Jun 2023,all,all,all,all,country_name,Bangladesh,0.407754011,,20231010.0
,LIGR,GRFCR,Total requests received,half-year,Jan-Jun 2023,all,all,all,all,country_name,Bolivia,2.0,,20231010.0
,LIGR,GRFCR,Total content received,half-year,Jan-Jun 2023,all,all,all,all,country_name,Bolivia,0.0,,20231010.0
,LIGR,GRFCR,Content actioned due to community guidelines violations,half-year,Jan-Jun 2023,all,all,all,all,country_name,Bolivia,0.0,,20231010.0
,LIGR,GRFCR,Content actioned due to (local) law violations,half-year,Jan-Jun 2023,all,all,all,all,country_name,Bolivia,0.0,,20231010.0
,LIGR,GRFCR,Content not actioned,half-year,Jan-Jun 2023,all,all,all,all,country_name,Bolivia,0.0,,20231010.0
,LIGR,GRFCR,Total accounts received,half-year,Jan-Jun 2023,all,all,all,all,country_name,Bolivia,4.0,,20231010.0
,LIGR,GRFCR,Accounts actioned due to community guidelines violations,half-year,Jan-Jun 2023,all,all,all,all,country_name,Bolivia,3.0,,20231010.0
,LIGR,GRFCR,Accounts actioned due to (local) law violations,half-year,Jan-Jun 2023,all,all,all,all,country_name,Bolivia,0.0,,20231010.0
,LIGR,GRFCR,Accounts not actioned,half-year,Jan-Jun 2023,all,all,all,all,country_name,Bolivia,1.0,,20231010.0
,LIGR,GRFCR,Removal rate,half-year,Jan-Jun 2023,all,all,all,all,country_name,Bolivia,0.75,,20231010.0
,LIGR,GRFCR,Total requests received,half-year,Jan-Jun 2023,all,all,all,all,country_name,Brazil,16.0,,20231010.0
,LIGR,GRFCR,Total content received,half-year,Jan-Jun 2023,all,all,all,all,country_name,Brazil,13.0,,20231010.0
,LIGR,GRFCR,Content actioned due to community guidelines violations,half-year,Jan-Jun 2023,all,all,all,all,country_name,Brazil,12.0,,20231010.0
,LIGR,GRFCR,Content actioned due to (local) law violations,half-year,Jan-Jun 2023,all,all,all,all,country_name,Brazil,0.0,,20231010.0
,LIGR,GRFCR,Content not actioned,half-year,Jan-Jun 2023,all,all,all,all,country_name,Brazil,1.0,,20231010.0
,LIGR,GRFCR,Total accounts received,half-year,Jan-Jun 2023,all,all,all,all,country_name,Brazil,10.0,,20231010.0
,LIGR,GRFCR,Accounts actioned due to community guidelines violations,half-year,Jan-Jun 2023,all,all,all,all,country_name,Brazil,8.0,,20231010.0
,LIGR,GRFCR,Accounts actioned due to (local) law violations,half-year,Jan-Jun 2023,all,all,all,all,country_name,Brazil,0.0,,20231010.0
,LIGR,GRFCR,Accounts not actioned,half-year,Jan-Jun 2023,all,all,all,all,country_name,Brazil,2.0,,20231010.0
,LIGR,GRFCR,Removal rate,half-year,Jan-Jun 2023,all,all,all,all,country_name,Brazil,0.869565217,,20231010.0
,LIGR,GRFCR,Total requests received,half-year,Jan-Jun 2023,all,all,all,all,country_name,Canada,14.0,,20231010.0
,LIGR,GRFCR,Total content received,half-year,Jan-Jun 2023,all,all,all,all,country_name,Canada,9.0,,20231010.0
,LIGR,GRFCR,Content actioned due to community guidelines violations,half-year,Jan-Jun 2023,all,all,all,all,country_name,Canada,8.0,,20231010.0
,LIGR,GRFCR,Content actioned due to (local) law violations,half-year,Jan-Jun 2023,all,all,all,all,country_name,Canada,1.0,,20231010.0
,LIGR,GRFCR,Content not actioned,half-year,Jan-Jun 2023,all,all,all,all,country_name,Canada,0.0,,20231010.0
,LIGR,GRFCR,Total accounts received,half-year,Jan-Jun 2023,all,all,all,all,country_name,Canada,13.0,,20231010.0
,LIGR,GRFCR,Accounts actioned due to community guidelines violations,half-year,Jan-Jun 2023,all,all,all,all,country_name,Canada,13.0,,20231010.0
,LIGR,GRFCR,Accounts actioned due to (local) law violations,half-year,Jan-Jun 2023,all,all,all,all,country_name,Canada,0.0,,20231010.0
,LIGR,GRFCR,Accounts not actioned,half-year,Jan-Jun 2023,all,all,all,all,country_name,Canada,0.0,,20231010.0
,LIGR,GRFCR,Removal rate,half-year,Jan-Jun 2023,all,all,all,all,country_name,Canada,1.0,,20231010.0
,LIGR,GRFCR,Total requests received,half-year,Jan-Jun 2023,all,all,all,all,country_name,Colombia,1.0,,20231010.0
,LIGR,GRFCR,Total content received,half-year,Jan-Jun 2023,all,all,all,all,country_name,Colombia,2.0,,20231010.0
,LIGR,GRFCR,Content actioned due to community guidelines violations,half-year,Jan-Jun 2023,all,all,all,all,country_name,Colombia,0.0,,20231010.0
,LIGR,GRFCR,Content actioned due to (local) law violations,half-year,Jan-Jun 2023,all,all,all,all,country_name,Colombia,0.0,,20231010.0
,LIGR,GRFCR,Content not actioned,half-year,Jan-Jun 2023,all,all,all,all,country_name,Colombia,2.0,,20231010.0
,LIGR,GRFCR,Total accounts received,half-year,Jan-Jun 2023,all,all,all,all,country_name,Colombia,0.0,,20231010.0
,LIGR,GRFCR,Accounts actioned due to community guidelines violations,half-year,Jan-Jun 2023,all,all,all,all,country_name,Colombia,0.0,,20231010.0
,LIGR,GRFCR,Accounts actioned due to (local) law violations,half-year,Jan-Jun 2023,all,all,all,all,country_name,Colombia,0.0,,20231010.0
,LIGR,GRFCR,Accounts not actioned,half-year,Jan-Jun 2023,all,all,all,all,country_name,Colombia,0.0,,20231010.0
,LIGR,GRFCR,Removal rate,half-year,Jan-Jun 2023,all,all,all,all,country_name,Colombia,0.0,,20231010.0
,LIGR,GRFCR,Total requests received,half-year,Jan-Jun 2023,all,all,all,all,country_name,Costa Rica,1.0,,20231010.0
,LIGR,GRFCR,Total content received,half-year,Jan-Jun 2023,all,all,all,all,country_name,Costa Rica,0.0,,20231010.0
,LIGR,GRFCR,Content actioned due to community guidelines violations,half-year,Jan-Jun 2023,all,all,all,all,country_name,Costa Rica,0.0,,20231010.0
,LIGR,GRFCR,Content actioned due to (local) law violations,half-year,Jan-Jun 2023,all,all,all,all,country_name,Costa Rica,0.0,,20231010.0
,LIGR,GRFCR,Content not actioned,half-year,Jan-Jun 2023,all,all,all,all,country_name,Costa Rica,0.0,,20231010.0
,LIGR,GRFCR,Total accounts received,half-year,Jan-Jun 2023,all,all,all,all,country_name,Costa Rica,1.0,,20231010.0
,LIGR,GRFCR,Accounts actioned due to community guidelines violations,half-year,Jan-Jun 2023,all,all,all,all,country_name,Costa Rica,1.0,,20231010.0
,LIGR,GRFCR,Accounts actioned due to (local) law violations,half-year,Jan-Jun 2023,all,all,all,all,country_name,Costa Rica,0.0,,20231010.0
,LIGR,GRFCR,Accounts not actioned,half-year,Jan-Jun 2023,all,all,all,all,country_name,Costa Rica,0.0,,20231010.0
,LIGR,GRFCR,Removal rate,half-year,Jan-Jun 2023,all,all,all,all,country_name,Costa Rica,1.0,,20231010.0
,LIGR,GRFCR,Total requests received,half-year,Jan-Jun 2023,all,all,all,all,country_name,Croatia,3.0,,20231010.0
,LIGR,GRFCR,Total content received,half-year,Jan-Jun 2023,all,all,all,all,country_name,Croatia,0.0,,20231010.0
,LIGR,GRFCR,Content actioned due to community guidelines violations,half-year,Jan-Jun 2023,all,all,all,all,country_name,Croatia,0.0,,20231010.0
,LIGR,GRFCR,Content actioned due to (local) law violations,half-year,Jan-Jun 2023,all,all,all,all,country_name,Croatia,0.0,,20231010.0
,LIGR,GRFCR,Content not actioned,half-year,Jan-Jun 2023,all,all,all,all,country_name,Croatia,0.0,,20231010.0
,LIGR,GRFCR,Total accounts received,half-year,Jan-Jun 2023,all,all,all,all,country_name,Croatia,4.0,,20231010.0
,LIGR,GRFCR,Accounts actioned due to community guidelines violations,half-year,Jan-Jun 2023,all,all,all,all,country_name,Croatia,3.0,,20231010.0
,LIGR,GRFCR,Accounts actioned due to (local) law violations,half-year,Jan-Jun 2023,all,all,all,all,country_name,Croatia,0.0,,20231010.0
,LIGR,GRFCR,Accounts not actioned,half-year,Jan-Jun 2023,all,all,all,all,country_name,Croatia,1.0,,20231010.0
,LIGR,GRFCR,Removal rate,half-year,Jan-Jun 2023,all,all,all,all,country_name,Croatia,0.75,,20231010.0
,LIGR,GRFCR,Total requests received,half-year,Jan-Jun 2023,all,all,all,all,country_name,Cyprus,1.0,,20231010.0
,LIGR,GRFCR,Total content received,half-year,Jan-Jun 2023,all,all,all,all,country_name,Cyprus,1.0,,20231010.0
,LIGR,GRFCR,Content actioned due to community guidelines violations,half-year,Jan-Jun 2023,all,all,all,all,country_name,Cyprus,1.0,,20231010.0
,LIGR,GRFCR,Content actioned due to (local) law violations,half-year,Jan-Jun 2023,all,all,all,all,country_name,Cyprus,0.0,,20231010.0
,LIGR,GRFCR,Content not actioned,half-year,Jan-Jun 2023,all,all,all,all,country_name,Cyprus,0.0,,20231010.0
,LIGR,GRFCR,Total accounts received,half-year,Jan-Jun 2023,all,all,all,all,country_name,Cyprus,0.0,,20231010.0
,LIGR,GRFCR,Accounts actioned due to community guidelines violations,half-year,Jan-Jun 2023,all,all,all,all,country_name,Cyprus,0.0,,20231010.0
,LIGR,GRFCR,Accounts actioned due to (local) law violations,half-year,Jan-Jun 2023,all,all,all,all,country_name,Cyprus,0.0,,20231010.0
,LIGR,GRFCR,Accounts not actioned,half-year,Jan-Jun 2023,all,all,all,all,country_name,Cyprus,0.0,,20231010.0
,LIGR,GRFCR,Removal rate,half-year,Jan-Jun 2023,all,all,all,all,country_name,Cyprus,1.0,,20231010.0
,LIGR,GRFCR,Total requests received,half-year,Jan-Jun 2023,all,all,all,all,country_name,Denmark,8.0,,20231010.0
,LIGR,GRFCR,Total content received,half-year,Jan-Jun 2023,all,all,all,all,country_name,Denmark,0.0,,20231010.0
,LIGR,GRFCR,Content actioned due to community guidelines violations,half-year,Jan-Jun 2023,all,all,all,all,country_name,Denmark,0.0,,20231010.0
,LIGR,GRFCR,Content actioned due to (local) law violations,half-year,Jan-Jun 2023,all,all,all,all,country_name,Denmark,0.0,,20231010.0
,LIGR,GRFCR,Content not actioned,half-year,Jan-Jun 2023,all,all,all,all,country_name,Denmark,0.0,,20231010.0
,LIGR,GRFCR,Total accounts received,half-year,Jan-Jun 2023,all,all,all,all,country_name,Denmark,20.0,,20231010.0
,LIGR,GRFCR,Accounts actioned due to community guidelines violations,half-year,Jan-Jun 2023,all,all,all,all,country_name,Denmark,18.0,,20231010.0
,LIGR,GRFCR,Accounts actioned due to (local) law violations,half-year,Jan-Jun 2023,all,all,all,all,country_name,Denmark,0.0,,20231010.0
,LIGR,GRFCR,Accounts not actioned,half-year,Jan-Jun 2023,all,all,all,all,country_name,Denmark,2.0,,20231010.0
,LIGR,GRFCR,Removal rate,half-year,Jan-Jun 2023,all,all,all,all,country_name,Denmark,0.9,,20231010.0
,LIGR,GRFCR,Total requests received,half-year,Jan-Jun 2023,all,all,all,all,country_name,Dominican Republic,1.0,,20231010.0
,LIGR,GRFCR,Total content received,half-year,Jan-Jun 2023,all,all,all,all,country_name,Dominican Republic,1.0,,20231010.0
,LIGR,GRFCR,Content actioned due to community guidelines violations,half-year,Jan-Jun 2023,all,all,all,all,country_name,Dominican Republic,1.0,,20231010.0
,LIGR,GRFCR,Content actioned due to (local) law violations,half-year,Jan-Jun 2023,all,all,all,all,country_name,Dominican Republic,0.0,,20231010.0
,LIGR,GRFCR,Content not actioned,half-year,Jan-Jun 2023,all,all,all,all,country_name,Dominican Republic,0.0,,20231010.0
,LIGR,GRFCR,Total accounts received,half-year,Jan-Jun 2023,all,all,all,all,country_name,Dominican Republic,0.0,,20231010.0
,LIGR,GRFCR,Accounts actioned due to community guidelines violations,half-year,Jan-Jun 2023,all,all,all,all,country_name,Dominican Republic,0.0,,20231010.0
,LIGR,GRFCR,Accounts actioned due to (local) law violations,half-year,Jan-Jun 2023,all,all,all,all,country_name,Dominican Republic,0.0,,20231010.0
,LIGR,GRFCR,Accounts not actioned,half-year,Jan-Jun 2023,all,all,all,all,country_name,Dominican Republic,0.0,,20231010.0
,LIGR,GRFCR,Removal rate,half-year,Jan-Jun 2023,all,all,all,all,country_name,Dominican Republic,1.0,,20231010.0
,LIGR,GRFCR,Total requests received,half-year,Jan-Jun 2023,all,all,all,all,country_name,Egypt,2.0,,20231010.0
,LIGR,GRFCR,Total content received,half-year,Jan-Jun 2023,all,all,all,all,country_name,Egypt,0.0,,20231010.0
,LIGR,GRFCR,Content actioned due to community guidelines violations,half-year,Jan-Jun 2023,all,all,all,all,country_name,Egypt,0.0,,20231010.0
,LIGR,GRFCR,Content actioned due to (local) law violations,half-year,Jan-Jun 2023,all,all,all,all,country_name,Egypt,0.0,,20231010.0
,LIGR,GRFCR,Content not actioned,half-year,Jan-Jun 2023,all,all,all,all,country_name,Egypt,0.0,,20231010.0
,LIGR,GRFCR,Total accounts received,half-year,Jan-Jun 2023,all,all,all,all,country_name,Egypt,2.0,,20231010.0
,LIGR,GRFCR,Accounts actioned due to community guidelines violations,half-year,Jan-Jun 2023,all,all,all,all,country_name,Egypt,0.0,,20231010.0
,LIGR,GRFCR,Accounts actioned due to (local) law violations,half-year,Jan-Jun 2023,all,all,all,all,country_name,Egypt,0.0,,20231010.0
,LIGR,GRFCR,Accounts not actioned,half-year,Jan-Jun 2023,all,all,all,all,country_name,Egypt,2.0,,20231010.0
,LIGR,GRFCR,Removal rate,half-year,Jan-Jun 2023,all,all,all,all,country_name,Egypt,0.0,,20231010.0
,LIGR,GRFCR,Total requests received,half-year,Jan-Jun 2023,all,all,all,all,country_name,Estonia,4.0,,20231010.0
,LIGR,GRFCR,Total content received,half-year,Jan-Jun 2023,all,all,all,all,country_name,Estonia,1.0,,20231010.0
,LIGR,GRFCR,Content actioned due to community guidelines violations,half-year,Jan-Jun 2023,all,all,all,all,country_name,Estonia,1.0,,20231010.0
,LIGR,GRFCR,Content actioned due to (local) law violations,half-year,Jan-Jun 2023,all,all,all,all,country_name,Estonia,0.0,,20231010.0
,LIGR,GRFCR,Content not actioned,half-year,Jan-Jun 2023,all,all,all,all,country_name,Estonia,0.0,,20231010.0
,LIGR,GRFCR,Total accounts received,half-year,Jan-Jun 2023,all,all,all,all,country_name,Estonia,3.0,,20231010.0
,LIGR,GRFCR,Accounts actioned due to community guidelines violations,half-year,Jan-Jun 2023,all,all,all,all,country_name,Estonia,3.0,,20231010.0
,LIGR,GRFCR,Accounts actioned due to (local) law violations,half-year,Jan-Jun 2023,all,all,all,all,country_name,Estonia,0.0,,20231010.0
,LIGR,GRFCR,Accounts not actioned,half-year,Jan-Jun 2023,all,all,all,all,country_name,Estonia,0.0,,20231010.0
,LIGR,GRFCR,Removal rate,half-year,Jan-Jun 2023,all,all,all,all,country_name,Estonia,1.0,,20231010.0
,LIGR,GRFCR,Total requests received,half-year,Jan-Jun 2023,all,all,all,all,country_name,Fiji,97.0,,20231010.0
,LIGR,GRFCR,Total content received,half-year,Jan-Jun 2023,all,all,all,all,country_name,Fiji,331.0,,20231010.0
,LIGR,GRFCR,Content actioned due to community guidelines violations,half-year,Jan-Jun 2023,all,all,all,all,country_name,Fiji,299.0,,20231010.0
,LIGR,GRFCR,Content actioned due to (local) law violations,half-year,Jan-Jun 2023,all,all,all,all,country_name,Fiji,0.0,,20231010.0
,LIGR,GRFCR,Content not actioned,half-year,Jan-Jun 2023,all,all,all,all,country_name,Fiji,32.0,,20231010.0
,LIGR,GRFCR,Total accounts received,half-year,Jan-Jun 2023,all,all,all,all,country_name,Fiji,51.0,,20231010.0
,LIGR,GRFCR,Accounts actioned due to community guidelines violations,half-year,Jan-Jun 2023,all,all,all,all,country_name,Fiji,42.0,,20231010.0
,LIGR,GRFCR,Accounts actioned due to (local) law violations,half-year,Jan-Jun 2023,all,all,all,all,country_name,Fiji,0.0,,20231010.0
,LIGR,GRFCR,Accounts not actioned,half-year,Jan-Jun 2023,all,all,all,all,country_name,Fiji,9.0,,20231010.0
,LIGR,GRFCR,Removal rate,half-year,Jan-Jun 2023,all,all,all,all,country_name,Fiji,0.892670157,,20231010.0
,LIGR,GRFCR,Total requests received,half-year,Jan-Jun 2023,all,all,all,all,country_name,Finland,10.0,,20231010.0
,LIGR,GRFCR,Total content received,half-year,Jan-Jun 2023,all,all,all,all,country_name,Finland,0.0,,20231010.0
,LIGR,GRFCR,Content actioned due to community guidelines violations,half-year,Jan-Jun 2023,all,all,all,all,country_name,Finland,0.0,,20231010.0
,LIGR,GRFCR,Content actioned due to (local) law violations,half-year,Jan-Jun 2023,all,all,all,all,country_name,Finland,0.0,,20231010.0
,LIGR,GRFCR,Content not actioned,half-year,Jan-Jun 2023,all,all,all,all,country_name,Finland,0.0,,20231010.0
,LIGR,GRFCR,Total accounts received,half-year,Jan-Jun 2023,all,all,all,all,country_name,Finland,12.0,,20231010.0
,LIGR,GRFCR,Accounts actioned due to community guidelines violations,half-year,Jan-Jun 2023,all,all,all,all,country_name,Finland,4.0,,20231010.0
,LIGR,GRFCR,Accounts actioned due to (local) law violations,half-year,Jan-Jun 2023,all,all,all,all,country_name,Finland,0.0,,20231010.0
,LIGR,GRFCR,Accounts not actioned,half-year,Jan-Jun 2023,all,all,all,all,country_name,Finland,8.0,,20231010.0
,LIGR,GRFCR,Removal rate,half-year,Jan-Jun 2023,all,all,all,all,country_name,Finland,0.333333333,,20231010.0
,LIGR,GRFCR,Total requests received,half-year,Jan-Jun 2023,all,all,all,all,country_name,France,20.0,,20231010.0
,LIGR,GRFCR,Total content received,half-year,Jan-Jun 2023,all,all,all,all,country_name,France,10.0,,20231010.0
,LIGR,GRFCR,Content actioned due to community guidelines violations,half-year,Jan-Jun 2023,all,all,all,all,country_name,France,8.0,,20231010.0
,LIGR,GRFCR,Content actioned due to (local) law violations,half-year,Jan-Jun 2023,all,all,all,all,country_name,France,0.0,,20231010.0
,LIGR,GRFCR,Content not actioned,half-year,Jan-Jun 2023,all,all,all,all,country_name,France,2.0,,20231010.0
,LIGR,GRFCR,Total accounts received,half-year,Jan-Jun 2023,all,all,all,all,country_name,France,10.0,,20231010.0
,LIGR,GRFCR,Accounts actioned due to community guidelines violations,half-year,Jan-Jun 2023,all,all,all,all,country_name,France,8.0,,20231010.0
,LIGR,GRFCR,Accounts actioned due to (local) law violations,half-year,Jan-Jun 2023,all,all,all,all,country_name,France,0.0,,20231010.0
,LIGR,GRFCR,Accounts not actioned,half-year,Jan-Jun 2023,all,all,all,all,country_name,France,2.0,,20231010.0
,LIGR,GRFCR,Removal rate,half-year,Jan-Jun 2023,all,all,all,all,country_name,France,0.8,,20231010.0
,LIGR,GRFCR,Total requests received,half-year,Jan-Jun 2023,all,all,all,all,country_name,Germany,222.0,,20231010.0
,LIGR,GRFCR,Total content received,half-year,Jan-Jun 2023,all,all,all,all,country_name,Germany,63.0,,20231010.0
,LIGR,GRFCR,Content actioned due to community guidelines violations,half-year,Jan-Jun 2023,all,all,all,all,country_name,Germany,58.0,,20231010.0
,LIGR,GRFCR,Content actioned due to (local) law violations,half-year,Jan-Jun 2023,all,all,all,all,country_name,Germany,0.0,,20231010.0
,LIGR,GRFCR,Content not actioned,half-year,Jan-Jun 2023,all,all,all,all,country_name,Germany,5.0,,20231010.0
,LIGR,GRFCR,Total accounts received,half-year,Jan-Jun 2023,all,all,all,all,country_name,Germany,277.0,,20231010.0
,LIGR,GRFCR,Accounts actioned due to community guidelines violations,half-year,Jan-Jun 2023,all,all,all,all,country_name,Germany,167.0,,20231010.0
,LIGR,GRFCR,Accounts actioned due to (local) law violations,half-year,Jan-Jun 2023,all,all,all,all,country_name,Germany,0.0,,20231010.0
,LIGR,GRFCR,Accounts not actioned,half-year,Jan-Jun 2023,all,all,all,all,country_name,Germany,110.0,,20231010.0
,LIGR,GRFCR,Removal rate,half-year,Jan-Jun 2023,all,all,all,all,country_name,Germany,0.661764706,,20231010.0
,LIGR,GRFCR,Total requests received,half-year,Jan-Jun 2023,all,all,all,all,country_name,Greece,1.0,,20231010.0
,LIGR,GRFCR,Total content received,half-year,Jan-Jun 2023,all,all,all,all,country_name,Greece,0.0,,20231010.0
,LIGR,GRFCR,Content actioned due to community guidelines violations,half-year,Jan-Jun 2023,all,all,all,all,country_name,Greece,0.0,,20231010.0
,LIGR,GRFCR,Content actioned due to (local) law violations,half-year,Jan-Jun 2023,all,all,all,all,country_name,Greece,0.0,,20231010.0
,LIGR,GRFCR,Content not actioned,half-year,Jan-Jun 2023,all,all,all,all,country_name,Greece,0.0,,20231010.0
,LIGR,GRFCR,Total accounts received,half-year,Jan-Jun 2023,all,all,all,all,country_name,Greece,1.0,,20231010.0
,LIGR,GRFCR,Accounts actioned due to community guidelines violations,half-year,Jan-Jun 2023,all,all,all,all,country_name,Greece,0.0,,20231010.0
,LIGR,GRFCR,Accounts actioned due to (local) law violations,half-year,Jan-Jun 2023,all,all,all,all,country_name,Greece,0.0,,20231010.0
,LIGR,GRFCR,Accounts not actioned,half-year,Jan-Jun 2023,all,all,all,all,country_name,Greece,1.0,,20231010.0
,LIGR,GRFCR,Removal rate,half-year,Jan-Jun 2023,all,all,all,all,country_name,Greece,0.0,,20231010.0
,LIGR,GRFCR,Total requests received,half-year,Jan-Jun 2023,all,all,all,all,country_name,Guyana,5.0,,20231010.0
,LIGR,GRFCR,Total content received,half-year,Jan-Jun 2023,all,all,all,all,country_name,Guyana,0.0,,20231010.0
,LIGR,GRFCR,Content actioned due to community guidelines violations,half-year,Jan-Jun 2023,all,all,all,all,country_name,Guyana,0.0,,20231010.0
,LIGR,GRFCR,Content actioned due to (local) law violations,half-year,Jan-Jun 2023,all,all,all,all,country_name,Guyana,0.0,,20231010.0
,LIGR,GRFCR,Content not actioned,half-year,Jan-Jun 2023,all,all,all,all,country_name,Guyana,0.0,,20231010.0
,LIGR,GRFCR,Total accounts received,half-year,Jan-Jun 2023,all,all,all,all,country_name,Guyana,9.0,,20231010.0
,LIGR,GRFCR,Accounts actioned due to community guidelines violations,half-year,Jan-Jun 2023,all,all,all,all,country_name,Guyana,7.0,,20231010.0
,LIGR,GRFCR,Accounts actioned due to (local) law violations,half-year,Jan-Jun 2023,all,all,all,all,country_name,Guyana,0.0,,20231010.0
,LIGR,GRFCR,Accounts not actioned,half-year,Jan-Jun 2023,all,all,all,all,country_name,Guyana,2.0,,20231010.0
,LIGR,GRFCR,Removal rate,half-year,Jan-Jun 2023,all,all,all,all,country_name,Guyana,0.777777778,,20231010.0
,LIGR,GRFCR,Total requests received,half-year,Jan-Jun 2023,all,all,all,all,country_name,Haiti,2.0,,20231010.0
,LIGR,GRFCR,Total content received,half-year,Jan-Jun 2023,all,all,all,all,country_name,Haiti,0.0,,20231010.0
,LIGR,GRFCR,Content actioned due to community guidelines violations,half-year,Jan-Jun 2023,all,all,all,all,country_name,Haiti,0.0,,20231010.0
,LIGR,GRFCR,Content actioned due to (local) law violations,half-year,Jan-Jun 2023,all,all,all,all,country_name,Haiti,0.0,,20231010.0
,LIGR,GRFCR,Content not actioned,half-year,Jan-Jun 2023,all,all,all,all,country_name,Haiti,0.0,,20231010.0
,LIGR,GRFCR,Total accounts received,half-year,Jan-Jun 2023,all,all,all,all,country_name,Haiti,2.0,,20231010.0
,LIGR,GRFCR,Accounts actioned due to community guidelines violations,half-year,Jan-Jun 2023,all,all,all,all,country_name,Haiti,2.0,,20231010.0
,LIGR,GRFCR,Accounts actioned due to (local) law violations,half-year,Jan-Jun 2023,all,all,all,all,country_name,Haiti,0.0,,20231010.0
,LIGR,GRFCR,Accounts not actioned,half-year,Jan-Jun 2023,all,all,all,all,country_name,Haiti,0.0,,20231010.0
,LIGR,GRFCR,Removal rate,half-year,Jan-Jun 2023,all,all,all,all,country_name,Haiti,1.0,,20231010.0
,LIGR,GRFCR,Total requests received,half-year,Jan-Jun 2023,all,all,all,all,country_name,Hungary,2.0,,20231010.0
,LIGR,GRFCR,Total content received,half-year,Jan-Jun 2023,all,all,all,all,country_name,Hungary,0.0,,20231010.0
,LIGR,GRFCR,Content actioned due to community guidelines violations,half-year,Jan-Jun 2023,all,all,all,all,country_name,Hungary,0.0,,20231010.0
,LIGR,GRFCR,Content actioned due to (local) law violations,half-year,Jan-Jun 2023,all,all,all,all,country_name,Hungary,0.0,,20231010.0
,LIGR,GRFCR,Content not actioned,half-year,Jan-Jun 2023,all,all,all,all,country_name,Hungary,0.0,,20231010.0
,LIGR,GRFCR,Total accounts received,half-year,Jan-Jun 2023,all,all,all,all,country_name,Hungary,4.0,,20231010.0
,LIGR,GRFCR,Accounts actioned due to community guidelines violations,half-year,Jan-Jun 2023,all,all,all,all,country_name,Hungary,1.0,,20231010.0
,LIGR,GRFCR,Accounts actioned due to (local) law violations,half-year,Jan-Jun 2023,all,all,all,all,country_name,Hungary,0.0,,20231010.0
,LIGR,GRFCR,Accounts not actioned,half-year,Jan-Jun 2023,all,all,all,all,country_name,Hungary,3.0,,20231010.0
,LIGR,GRFCR,Removal rate,half-year,Jan-Jun 2023,all,all,all,all,country_name,Hungary,0.25,,20231010.0
,LIGR,GRFCR,Total requests received,half-year,Jan-Jun 2023,all,all,all,all,country_name,Indonesia,224.0,,20231010.0
,LIGR,GRFCR,Total content received,half-year,Jan-Jun 2023,all,all,all,all,country_name,Indonesia,1013.0,,20231010.0
,LIGR,GRFCR,Content actioned due to community guidelines violations,half-year,Jan-Jun 2023,all,all,all,all,country_name,Indonesia,143.0,,20231010.0
,LIGR,GRFCR,Content actioned due to (local) law violations,half-year,Jan-Jun 2023,all,all,all,all,country_name,Indonesia,254.0,,20231010.0
,LIGR,GRFCR,Content not actioned,half-year,Jan-Jun 2023,all,all,all,all,country_name,Indonesia,616.0,,20231010.0
,LIGR,GRFCR,Total accounts received,half-year,Jan-Jun 2023,all,all,all,all,country_name,Indonesia,185.0,,20231010.0
,LIGR,GRFCR,Accounts actioned due to community guidelines violations,half-year,Jan-Jun 2023,all,all,all,all,country_name,Indonesia,86.0,,20231010.0
,LIGR,GRFCR,Accounts actioned due to (local) law violations,half-year,Jan-Jun 2023,all,all,all,all,country_name,Indonesia,48.0,,20231010.0
,LIGR,GRFCR,Accounts not actioned,half-year,Jan-Jun 2023,all,all,all,all,country_name,Indonesia,51.0,,20231010.0
,LIGR,GRFCR,Removal rate,half-year,Jan-Jun 2023,all,all,all,all,country_name,Indonesia,0.443238731,,20231010.0
,LIGR,GRFCR,Total requests received,half-year,Jan-Jun 2023,all,all,all,all,country_name,Iraq,5.0,,20231010.0
,LIGR,GRFCR,Total content received,half-year,Jan-Jun 2023,all,all,all,all,country_name,Iraq,2.0,,20231010.0
,LIGR,GRFCR,Content actioned due to community guidelines violations,half-year,Jan-Jun 2023,all,all,all,all,country_name,Iraq,0.0,,20231010.0
,LIGR,GRFCR,Content actioned due to (local) law violations,half-year,Jan-Jun 2023,all,all,all,all,country_name,Iraq,0.0,,20231010.0
,LIGR,GRFCR,Content not actioned,half-year,Jan-Jun 2023,all,all,all,all,country_name,Iraq,2.0,,20231010.0
,LIGR,GRFCR,Total accounts received,half-year,Jan-Jun 2023,all,all,all,all,country_name,Iraq,6.0,,20231010.0
,LIGR,GRFCR,Accounts actioned due to community guidelines violations,half-year,Jan-Jun 2023,all,all,all,all,country_name,Iraq,1.0,,20231010.0
,LIGR,GRFCR,Accounts actioned due to (local) law violations,half-year,Jan-Jun 2023,all,all,all,all,country_name,Iraq,0.0,,20231010.0
,LIGR,GRFCR,Accounts not actioned,half-year,Jan-Jun 2023,all,all,all,all,country_name,Iraq,5.0,,20231010.0
,LIGR,GRFCR,Removal rate,half-year,Jan-Jun 2023,all,all,all,all,country_name,Iraq,0.125,,20231010.0
,LIGR,GRFCR,Total requests received,half-year,Jan-Jun 2023,all,all,all,all,country_name,Ireland,5.0,,20231010.0
,LIGR,GRFCR,Total content received,half-year,Jan-Jun 2023,all,all,all,all,country_name,Ireland,0.0,,20231010.0
,LIGR,GRFCR,Content actioned due to community guidelines violations,half-year,Jan-Jun 2023,all,all,all,all,country_name,Ireland,0.0,,20231010.0
,LIGR,GRFCR,Content actioned due to (local) law violations,half-year,Jan-Jun 2023,all,all,all,all,country_name,Ireland,0.0,,20231010.0
,LIGR,GRFCR,Content not actioned,half-year,Jan-Jun 2023,all,all,all,all,country_name,Ireland,0.0,,20231010.0
,LIGR,GRFCR,Total accounts received,half-year,Jan-Jun 2023,all,all,all,all,country_name,Ireland,11.0,,20231010.0
,LIGR,GRFCR,Accounts actioned due to community guidelines violations,half-year,Jan-Jun 2023,all,all,all,all,country_name,Ireland,10.0,,20231010.0
,LIGR,GRFCR,Accounts actioned due to (local) law violations,half-year,Jan-Jun 2023,all,all,all,all,country_name,Ireland,0.0,,20231010.0
,LIGR,GRFCR,Accounts not actioned,half-year,Jan-Jun 2023,all,all,all,all,country_name,Ireland,1.0,,20231010.0
,LIGR,GRFCR,Removal rate,half-year,Jan-Jun 2023,all,all,all,all,country_name,Ireland,0.909090909,,20231010.0
,LIGR,GRFCR,Total requests received,half-year,Jan-Jun 2023,all,all,all,all,country_name,Isle of Man,1.0,,20231010.0
,LIGR,GRFCR,Total content received,half-year,Jan-Jun 2023,all,all,all,all,country_name,Isle of Man,0.0,,20231010.0
,LIGR,GRFCR,Content actioned due to community guidelines violations,half-year,Jan-Jun 2023,all,all,all,all,country_name,Isle of Man,0.0,,20231010.0
,LIGR,GRFCR,Content actioned due to (local) law violations,half-year,Jan-Jun 2023,all,all,all,all,country_name,Isle of Man,0.0,,20231010.0
,LIGR,GRFCR,Content not actioned,half-year,Jan-Jun 2023,all,all,all,all,country_name,Isle of Man,0.0,,20231010.0
,LIGR,GRFCR,Total accounts received,half-year,Jan-Jun 2023,all,all,all,all,country_name,Isle of Man,1.0,,20231010.0
,LIGR,GRFCR,Accounts actioned due to community guidelines violations,half-year,Jan-Jun 2023,all,all,all,all,country_name,Isle of Man,1.0,,20231010.0
,LIGR,GRFCR,Accounts actioned due to (local) law violations,half-year,Jan-Jun 2023,all,all,all,all,country_name,Isle of Man,0.0,,20231010.0
,LIGR,GRFCR,Accounts not actioned,half-year,Jan-Jun 2023,all,all,all,all,country_name,Isle of Man,0.0,,20231010.0
,LIGR,GRFCR,Removal rate,half-year,Jan-Jun 2023,all,all,all,all,country_name,Isle of Man,1.0,,20231010.0
,LIGR,GRFCR,Total requests received,half-year,Jan-Jun 2023,all,all,all,all,country_name,Israel,104.0,,20231010.0
,LIGR,GRFCR,Total content received,half-year,Jan-Jun 2023,all,all,all,all,country_name,Israel,3829.0,,20231010.0
,LIGR,GRFCR,Content actioned due to community guidelines violations,half-year,Jan-Jun 2023,all,all,all,all,country_name,Israel,3471.0,,20231010.0
,LIGR,GRFCR,Content actioned due to (local) law violations,half-year,Jan-Jun 2023,all,all,all,all,country_name,Israel,300.0,,20231010.0
,LIGR,GRFCR,Content not actioned,half-year,Jan-Jun 2023,all,all,all,all,country_name,Israel,58.0,,20231010.0
,LIGR,GRFCR,Total accounts received,half-year,Jan-Jun 2023,all,all,all,all,country_name,Israel,389.0,,20231010.0
,LIGR,GRFCR,Accounts actioned due to community guidelines violations,half-year,Jan-Jun 2023,all,all,all,all,country_name,Israel,377.0,,20231010.0
,LIGR,GRFCR,Accounts actioned due to (local) law violations,half-year,Jan-Jun 2023,all,all,all,all,country_name,Israel,11.0,,20231010.0
,LIGR,GRFCR,Accounts not actioned,half-year,Jan-Jun 2023,all,all,all,all,country_name,Israel,1.0,,20231010.0
,LIGR,GRFCR,Removal rate,half-year,Jan-Jun 2023,all,all,all,all,country_name,Israel,0.986012328,,20231010.0
,LIGR,GRFCR,Total requests received,half-year,Jan-Jun 2023,all,all,all,all,country_name,Italy,5.0,,20231010.0
,LIGR,GRFCR,Total content received,half-year,Jan-Jun 2023,all,all,all,all,country_name,Italy,5.0,,20231010.0
,LIGR,GRFCR,Content actioned due to community guidelines violations,half-year,Jan-Jun 2023,all,all,all,all,country_name,Italy,3.0,,20231010.0
,LIGR,GRFCR,Content actioned due to (local) law violations,half-year,Jan-Jun 2023,all,all,all,all,country_name,Italy,0.0,,20231010.0
,LIGR,GRFCR,Content not actioned,half-year,Jan-Jun 2023,all,all,all,all,country_name,Italy,2.0,,20231010.0
,LIGR,GRFCR,Total accounts received,half-year,Jan-Jun 2023,all,all,all,all,country_name,Italy,1.0,,20231010.0
,LIGR,GRFCR,Accounts actioned due to community guidelines violations,half-year,Jan-Jun 2023,all,all,all,all,country_name,Italy,1.0,,20231010.0
,LIGR,GRFCR,Accounts actioned due to (local) law violations,half-year,Jan-Jun 2023,all,all,all,all,country_name,Italy,0.0,,20231010.0
,LIGR,GRFCR,Accounts not actioned,half-year,Jan-Jun 2023,all,all,all,all,country_name,Italy,0.0,,20231010.0
,LIGR,GRFCR,Removal rate,half-year,Jan-Jun 2023,all,all,all,all,country_name,Italy,0.666666667,,20231010.0
,LIGR,GRFCR,Total requests received,half-year,Jan-Jun 2023,all,all,all,all,country_name,Ivory Coast,14.0,,20231010.0
,LIGR,GRFCR,Total content received,half-year,Jan-Jun 2023,all,all,all,all,country_name,Ivory Coast,0.0,,20231010.0
,LIGR,GRFCR,Content actioned due to community guidelines violations,half-year,Jan-Jun 2023,all,all,all,all,country_name,Ivory Coast,0.0,,20231010.0
,LIGR,GRFCR,Content actioned due to (local) law violations,half-year,Jan-Jun 2023,all,all,all,all,country_name,Ivory Coast,0.0,,20231010.0
,LIGR,GRFCR,Content not actioned,half-year,Jan-Jun 2023,all,all,all,all,country_name,Ivory Coast,0.0,,20231010.0
,LIGR,GRFCR,Total accounts received,half-year,Jan-Jun 2023,all,all,all,all,country_name,Ivory Coast,14.0,,20231010.0
,LIGR,GRFCR,Accounts actioned due to community guidelines violations,half-year,Jan-Jun 2023,all,all,all,all,country_name,Ivory Coast,11.0,,20231010.0
,LIGR,GRFCR,Accounts actioned due to (local) law violations,half-year,Jan-Jun 2023,all,all,all,all,country_name,Ivory Coast,0.0,,20231010.0
,LIGR,GRFCR,Accounts not actioned,half-year,Jan-Jun 2023,all,all,all,all,country_name,Ivory Coast,3.0,,20231010.0
,LIGR,GRFCR,Removal rate,half-year,Jan-Jun 2023,all,all,all,all,country_name,Ivory Coast,0.785714286,,20231010.0
,LIGR,GRFCR,Total requests received,half-year,Jan-Jun 2023,all,all,all,all,country_name,Japan,7.0,,20231010.0
,LIGR,GRFCR,Total content received,half-year,Jan-Jun 2023,all,all,all,all,country_name,Japan,18.0,,20231010.0
,LIGR,GRFCR,Content actioned due to community guidelines violations,half-year,Jan-Jun 2023,all,all,all,all,country_name,Japan,16.0,,20231010.0
,LIGR,GRFCR,Content actioned due to (local) law violations,half-year,Jan-Jun 2023,all,all,all,all,country_name,Japan,0.0,,20231010.0
,LIGR,GRFCR,Content not actioned,half-year,Jan-Jun 2023,all,all,all,all,country_name,Japan,2.0,,20231010.0
,LIGR,GRFCR,Total accounts received,half-year,Jan-Jun 2023,all,all,all,all,country_name,Japan,23.0,,20231010.0
,LIGR,GRFCR,Accounts actioned due to community guidelines violations,half-year,Jan-Jun 2023,all,all,all,all,country_name,Japan,2.0,,20231010.0
,LIGR,GRFCR,Accounts actioned due to (local) law violations,half-year,Jan-Jun 2023,all,all,all,all,country_name,Japan,21.0,,20231010.0
,LIGR,GRFCR,Accounts not actioned,half-year,Jan-Jun 2023,all,all,all,all,country_name,Japan,0.0,,20231010.0
,LIGR,GRFCR,Removal rate,half-year,Jan-Jun 2023,all,all,all,all,country_name,Japan,0.951219512,,20231010.0
,LIGR,GRFCR,Total requests received,half-year,Jan-Jun 2023,all,all,all,all,country_name,Jordan,64.0,,20231010.0
,LIGR,GRFCR,Total content received,half-year,Jan-Jun 2023,all,all,all,all,country_name,Jordan,99.0,,20231010.0
,LIGR,GRFCR,Content actioned due to community guidelines violations,half-year,Jan-Jun 2023,all,all,all,all,country_name,Jordan,71.0,,20231010.0
,LIGR,GRFCR,Content actioned due to (local) law violations,half-year,Jan-Jun 2023,all,all,all,all,country_name,Jordan,13.0,,20231010.0
,LIGR,GRFCR,Content not actioned,half-year,Jan-Jun 2023,all,all,all,all,country_name,Jordan,15.0,,20231010.0
,LIGR,GRFCR,Total accounts received,half-year,Jan-Jun 2023,all,all,all,all,country_name,Jordan,81.0,,20231010.0
,LIGR,GRFCR,Accounts actioned due to community guidelines violations,half-year,Jan-Jun 2023,all,all,all,all,country_name,Jordan,72.0,,20231010.0
,LIGR,GRFCR,Accounts actioned due to (local) law violations,half-year,Jan-Jun 2023,all,all,all,all,country_name,Jordan,5.0,,20231010.0
,LIGR,GRFCR,Accounts not actioned,half-year,Jan-Jun 2023,all,all,all,all,country_name,Jordan,4.0,,20231010.0
,LIGR,GRFCR,Removal rate,half-year,Jan-Jun 2023,all,all,all,all,country_name,Jordan,0.894444444,,20231010.0
,LIGR,GRFCR,Total requests received,half-year,Jan-Jun 2023,all,all,all,all,country_name,Kazakhstan,105.0,,20231010.0
,LIGR,GRFCR,Total content received,half-year,Jan-Jun 2023,all,all,all,all,country_name,Kazakhstan,1189.0,,20231010.0
,LIGR,GRFCR,Content actioned due to community guidelines violations,half-year,Jan-Jun 2023,all,all,all,all,country_name,Kazakhstan,105.0,,20231010.0
,LIGR,GRFCR,Content actioned due to (local) law violations,half-year,Jan-Jun 2023,all,all,all,all,country_name,Kazakhstan,118.0,,20231010.0
,LIGR,GRFCR,Content not actioned,half-year,Jan-Jun 2023,all,all,all,all,country_name,Kazakhstan,966.0,,20231010.0
,LIGR,GRFCR,Total accounts received,half-year,Jan-Jun 2023,all,all,all,all,country_name,Kazakhstan,356.0,,20231010.0
,LIGR,GRFCR,Accounts actioned due to community guidelines violations,half-year,Jan-Jun 2023,all,all,all,all,country_name,Kazakhstan,313.0,,20231010.0
,LIGR,GRFCR,Accounts actioned due to (local) law violations,half-year,Jan-Jun 2023,all,all,all,all,country_name,Kazakhstan,9.0,,20231010.0
,LIGR,GRFCR,Accounts not actioned,half-year,Jan-Jun 2023,all,all,all,all,country_name,Kazakhstan,34.0,,20231010.0
,LIGR,GRFCR,Removal rate,half-year,Jan-Jun 2023,all,all,all,all,country_name,Kazakhstan,0.352750809,,20231010.0
,LIGR,GRFCR,Total requests received,half-year,Jan-Jun 2023,all,all,all,all,country_name,South Korea,12.0,,20231010.0
,LIGR,GRFCR,Total content received,half-year,Jan-Jun 2023,all,all,all,all,country_name,South Korea,14.0,,20231010.0
,LIGR,GRFCR,Content actioned due to community guidelines violations,half-year,Jan-Jun 2023,all,all,all,all,country_name,South Korea,12.0,,20231010.0
,LIGR,GRFCR,Content actioned due to (local) law violations,half-year,Jan-Jun 2023,all,all,all,all,country_name,South Korea,1.0,,20231010.0
,LIGR,GRFCR,Content not actioned,half-year,Jan-Jun 2023,all,all,all,all,country_name,South Korea,1.0,,20231010.0
,LIGR,GRFCR,Total accounts received,half-year,Jan-Jun 2023,all,all,all,all,country_name,South Korea,9.0,,20231010.0
,LIGR,GRFCR,Accounts actioned due to community guidelines violations,half-year,Jan-Jun 2023,all,all,all,all,country_name,South Korea,8.0,,20231010.0
,LIGR,GRFCR,Accounts actioned due to (local) law violations,half-year,Jan-Jun 2023,all,all,all,all,country_name,South Korea,0.0,,20231010.0
,LIGR,GRFCR,Accounts not actioned,half-year,Jan-Jun 2023,all,all,all,all,country_name,South Korea,1.0,,20231010.0
,LIGR,GRFCR,Removal rate,half-year,Jan-Jun 2023,all,all,all,all,country_name,South Korea,0.913043478,,20231010.0
,LIGR,GRFCR,Total requests received,half-year,Jan-Jun 2023,all,all,all,all,country_name,Kuwait,1.0,,20231010.0
,LIGR,GRFCR,Total content received,half-year,Jan-Jun 2023,all,all,all,all,country_name,Kuwait,0.0,,20231010.0
,LIGR,GRFCR,Content actioned due to community guidelines violations,half-year,Jan-Jun 2023,all,all,all,all,country_name,Kuwait,0.0,,20231010.0
,LIGR,GRFCR,Content actioned due to (local) law violations,half-year,Jan-Jun 2023,all,all,all,all,country_name,Kuwait,0.0,,20231010.0
,LIGR,GRFCR,Content not actioned,half-year,Jan-Jun 2023,all,all,all,all,country_name,Kuwait,0.0,,20231010.0
,LIGR,GRFCR,Total accounts received,half-year,Jan-Jun 2023,all,all,all,all,country_name,Kuwait,1.0,,20231010.0
,LIGR,GRFCR,Accounts actioned due to community guidelines violations,half-year,Jan-Jun 2023,all,all,all,all,country_name,Kuwait,1.0,,20231010.0
,LIGR,GRFCR,Accounts actioned due to (local) law violations,half-year,Jan-Jun 2023,all,all,all,all,country_name,Kuwait,0.0,,20231010.0
,LIGR,GRFCR,Accounts not actioned,half-year,Jan-Jun 2023,all,all,all,all,country_name,Kuwait,0.0,,20231010.0
,LIGR,GRFCR,Removal rate,half-year,Jan-Jun 2023,all,all,all,all,country_name,Kuwait,1.0,,20231010.0
,LIGR,GRFCR,Total requests received,half-year,Jan-Jun 2023,all,all,all,all,country_name,Luxembourg,3.0,,20231010.0
,LIGR,GRFCR,Total content received,half-year,Jan-Jun 2023,all,all,all,all,country_name,Luxembourg,2.0,,20231010.0
,LIGR,GRFCR,Content actioned due to community guidelines violations,half-year,Jan-Jun 2023,all,all,all,all,country_name,Luxembourg,2.0,,20231010.0
,LIGR,GRFCR,Content actioned due to (local) law violations,half-year,Jan-Jun 2023,all,all,all,all,country_name,Luxembourg,0.0,,20231010.0
,LIGR,GRFCR,Content not actioned,half-year,Jan-Jun 2023,all,all,all,all,country_name,Luxembourg,0.0,,20231010.0
,LIGR,GRFCR,Total accounts received,half-year,Jan-Jun 2023,all,all,all,all,country_name,Luxembourg,3.0,,20231010.0
,LIGR,GRFCR,Accounts actioned due to community guidelines violations,half-year,Jan-Jun 2023,all,all,all,all,country_name,Luxembourg,2.0,,20231010.0
,LIGR,GRFCR,Accounts actioned due to (local) law violations,half-year,Jan-Jun 2023,all,all,all,all,country_name,Luxembourg,0.0,,20231010.0
,LIGR,GRFCR,Accounts not actioned,half-year,Jan-Jun 2023,all,all,all,all,country_name,Luxembourg,1.0,,20231010.0
,LIGR,GRFCR,Removal rate,half-year,Jan-Jun 2023,all,all,all,all,country_name,Luxembourg,0.8,,20231010.0
,LIGR,GRFCR,Total requests received,half-year,Jan-Jun 2023,all,all,all,all,country_name,Malaysia,340.0,,20231010.0
,LIGR,GRFCR,Total content received,half-year,Jan-Jun 2023,all,all,all,all,country_name,Malaysia,847.0,,20231010.0
,LIGR,GRFCR,Content actioned due to community guidelines violations,half-year,Jan-Jun 2023,all,all,all,all,country_name,Malaysia,373.0,,20231010.0
,LIGR,GRFCR,Content actioned due to (local) law violations,half-year,Jan-Jun 2023,all,all,all,all,country_name,Malaysia,410.0,,20231010.0
,LIGR,GRFCR,Content not actioned,half-year,Jan-Jun 2023,all,all,all,all,country_name,Malaysia,64.0,,20231010.0
,LIGR,GRFCR,Total accounts received,half-year,Jan-Jun 2023,all,all,all,all,country_name,Malaysia,43.0,,20231010.0
,LIGR,GRFCR,Accounts actioned due to community guidelines violations,half-year,Jan-Jun 2023,all,all,all,all,country_name,Malaysia,28.0,,20231010.0
,LIGR,GRFCR,Accounts actioned due to (local) law violations,half-year,Jan-Jun 2023,all,all,all,all,country_name,Malaysia,4.0,,20231010.0
,LIGR,GRFCR,Accounts not actioned,half-year,Jan-Jun 2023,all,all,all,all,country_name,Malaysia,11.0,,20231010.0
,LIGR,GRFCR,Removal rate,half-year,Jan-Jun 2023,all,all,all,all,country_name,Malaysia,0.915730337,,20231010.0
,LIGR,GRFCR,Total requests received,half-year,Jan-Jun 2023,all,all,all,all,country_name,Malta,1.0,,20231010.0
,LIGR,GRFCR,Total content received,half-year,Jan-Jun 2023,all,all,all,all,country_name,Malta,0.0,,20231010.0
,LIGR,GRFCR,Content actioned due to community guidelines violations,half-year,Jan-Jun 2023,all,all,all,all,country_name,Malta,0.0,,20231010.0
,LIGR,GRFCR,Content actioned due to (local) law violations,half-year,Jan-Jun 2023,all,all,all,all,country_name,Malta,0.0,,20231010.0
,LIGR,GRFCR,Content not actioned,half-year,Jan-Jun 2023,all,all,all,all,country_name,Malta,0.0,,20231010.0
,LIGR,GRFCR,Total accounts received,half-year,Jan-Jun 2023,all,all,all,all,country_name,Malta,1.0,,20231010.0
,LIGR,GRFCR,Accounts actioned due to community guidelines violations,half-year,Jan-Jun 2023,all,all,all,all,country_name,Malta,1.0,,20231010.0
,LIGR,GRFCR,Accounts actioned due to (local) law violations,half-year,Jan-Jun 2023,all,all,all,all,country_name,Malta,0.0,,20231010.0
,LIGR,GRFCR,Accounts not actioned,half-year,Jan-Jun 2023,all,all,all,all,country_name,Malta,0.0,,20231010.0
,LIGR,GRFCR,Removal rate,half-year,Jan-Jun 2023,all,all,all,all,country_name,Malta,1.0,,20231010.0
,LIGR,GRFCR,Total requests received,half-year,Jan-Jun 2023,all,all,all,all,country_name,Mauritius,3.0,,20231010.0
,LIGR,GRFCR,Total content received,half-year,Jan-Jun 2023,all,all,all,all,country_name,Mauritius,1.0,,20231010.0
,LIGR,GRFCR,Content actioned due to community guidelines violations,half-year,Jan-Jun 2023,all,all,all,all,country_name,Mauritius,1.0,,20231010.0
,LIGR,GRFCR,Content actioned due to (local) law violations,half-year,Jan-Jun 2023,all,all,all,all,country_name,Mauritius,0.0,,20231010.0
,LIGR,GRFCR,Content not actioned,half-year,Jan-Jun 2023,all,all,all,all,country_name,Mauritius,0.0,,20231010.0
,LIGR,GRFCR,Total accounts received,half-year,Jan-Jun 2023,all,all,all,all,country_name,Mauritius,4.0,,20231010.0
,LIGR,GRFCR,Accounts actioned due to community guidelines violations,half-year,Jan-Jun 2023,all,all,all,all,country_name,Mauritius,3.0,,20231010.0
,LIGR,GRFCR,Accounts actioned due to (local) law violations,half-year,Jan-Jun 2023,all,all,all,all,country_name,Mauritius,0.0,,20231010.0
,LIGR,GRFCR,Accounts not actioned,half-year,Jan-Jun 2023,all,all,all,all,country_name,Mauritius,1.0,,20231010.0
,LIGR,GRFCR,Removal rate,half-year,Jan-Jun 2023,all,all,all,all,country_name,Mauritius,0.8,,20231010.0
,LIGR,GRFCR,Total requests received,half-year,Jan-Jun 2023,all,all,all,all,country_name,Mexico,21.0,,20231010.0
,LIGR,GRFCR,Total content received,half-year,Jan-Jun 2023,all,all,all,all,country_name,Mexico,28.0,,20231010.0
,LIGR,GRFCR,Content actioned due to community guidelines violations,half-year,Jan-Jun 2023,all,all,all,all,country_name,Mexico,15.0,,20231010.0
,LIGR,GRFCR,Content actioned due to (local) law violations,half-year,Jan-Jun 2023,all,all,all,all,country_name,Mexico,0.0,,20231010.0
,LIGR,GRFCR,Content not actioned,half-year,Jan-Jun 2023,all,all,all,all,country_name,Mexico,13.0,,20231010.0
,LIGR,GRFCR,Total accounts received,half-year,Jan-Jun 2023,all,all,all,all,country_name,Mexico,308.0,,20231010.0
,LIGR,GRFCR,Accounts actioned due to community guidelines violations,half-year,Jan-Jun 2023,all,all,all,all,country_name,Mexico,226.0,,20231010.0
,LIGR,GRFCR,Accounts actioned due to (local) law violations,half-year,Jan-Jun 2023,all,all,all,all,country_name,Mexico,0.0,,20231010.0
,LIGR,GRFCR,Accounts not actioned,half-year,Jan-Jun 2023,all,all,all,all,country_name,Mexico,82.0,,20231010.0
,LIGR,GRFCR,Removal rate,half-year,Jan-Jun 2023,all,all,all,all,country_name,Mexico,0.717261905,,20231010.0
,LIGR,GRFCR,Total requests received,half-year,Jan-Jun 2023,all,all,all,all,country_name,Moldova,1.0,,20231010.0
,LIGR,GRFCR,Total content received,half-year,Jan-Jun 2023,all,all,all,all,country_name,Moldova,17.0,,20231010.0
,LIGR,GRFCR,Content actioned due to community guidelines violations,half-year,Jan-Jun 2023,all,all,all,all,country_name,Moldova,14.0,,20231010.0
,LIGR,GRFCR,Content actioned due to (local) law violations,half-year,Jan-Jun 2023,all,all,all,all,country_name,Moldova,0.0,,20231010.0
,LIGR,GRFCR,Content not actioned,half-year,Jan-Jun 2023,all,all,all,all,country_name,Moldova,3.0,,20231010.0
,LIGR,GRFCR,Total accounts received,half-year,Jan-Jun 2023,all,all,all,all,country_name,Moldova,0.0,,20231010.0
,LIGR,GRFCR,Accounts actioned due to community guidelines violations,half-year,Jan-Jun 2023,all,all,all,all,country_name,Moldova,0.0,,20231010.0
,LIGR,GRFCR,Accounts actioned due to (local) law violations,half-year,Jan-Jun 2023,all,all,all,all,country_name,Moldova,0.0,,20231010.0
,LIGR,GRFCR,Accounts not actioned,half-year,Jan-Jun 2023,all,all,all,all,country_name,Moldova,0.0,,20231010.0
,LIGR,GRFCR,Removal rate,half-year,Jan-Jun 2023,all,all,all,all,country_name,Moldova,0.823529412,,20231010.0
,LIGR,GRFCR,Total requests received,half-year,Jan-Jun 2023,all,all,all,all,country_name,Nepal,82.0,,20231010.0
,LIGR,GRFCR,Total content received,half-year,Jan-Jun 2023,all,all,all,all,country_name,Nepal,48.0,,20231010.0
,LIGR,GRFCR,Content actioned due to community guidelines violations,half-year,Jan-Jun 2023,all,all,all,all,country_name,Nepal,34.0,,20231010.0
,LIGR,GRFCR,Content actioned due to (local) law violations,half-year,Jan-Jun 2023,all,all,all,all,country_name,Nepal,3.0,,20231010.0
,LIGR,GRFCR,Content not actioned,half-year,Jan-Jun 2023,all,all,all,all,country_name,Nepal,11.0,,20231010.0
,LIGR,GRFCR,Total accounts received,half-year,Jan-Jun 2023,all,all,all,all,country_name,Nepal,76.0,,20231010.0
,LIGR,GRFCR,Accounts actioned due to community guidelines violations,half-year,Jan-Jun 2023,all,all,all,all,country_name,Nepal,49.0,,20231010.0
,LIGR,GRFCR,Accounts actioned due to (local) law violations,half-year,Jan-Jun 2023,all,all,all,all,country_name,Nepal,0.0,,20231010.0
,LIGR,GRFCR,Accounts not actioned,half-year,Jan-Jun 2023,all,all,all,all,country_name,Nepal,27.0,,20231010.0
,LIGR,GRFCR,Removal rate,half-year,Jan-Jun 2023,all,all,all,all,country_name,Nepal,0.693548387,,20231010.0
,LIGR,GRFCR,Total requests received,half-year,Jan-Jun 2023,all,all,all,all,country_name,Netherlands,11.0,,20231010.0
,LIGR,GRFCR,Total content received,half-year,Jan-Jun 2023,all,all,all,all,country_name,Netherlands,6.0,,20231010.0
,LIGR,GRFCR,Content actioned due to community guidelines violations,half-year,Jan-Jun 2023,all,all,all,all,country_name,Netherlands,5.0,,20231010.0
,LIGR,GRFCR,Content actioned due to (local) law violations,half-year,Jan-Jun 2023,all,all,all,all,country_name,Netherlands,0.0,,20231010.0
,LIGR,GRFCR,Content not actioned,half-year,Jan-Jun 2023,all,all,all,all,country_name,Netherlands,1.0,,20231010.0
,LIGR,GRFCR,Total accounts received,half-year,Jan-Jun 2023,all,all,all,all,country_name,Netherlands,13.0,,20231010.0
,LIGR,GRFCR,Accounts actioned due to community guidelines violations,half-year,Jan-Jun 2023,all,all,all,all,country_name,Netherlands,5.0,,20231010.0
,LIGR,GRFCR,Accounts actioned due to (local) law violations,half-year,Jan-Jun 2023,all,all,all,all,country_name,Netherlands,0.0,,20231010.0
,LIGR,GRFCR,Accounts not actioned,half-year,Jan-Jun 2023,all,all,all,all,country_name,Netherlands,8.0,,20231010.0
,LIGR,GRFCR,Removal rate,half-year,Jan-Jun 2023,all,all,all,all,country_name,Netherlands,0.526315789,,20231010.0
,LIGR,GRFCR,Total requests received,half-year,Jan-Jun 2023,all,all,all,all,country_name,New Zealand,214.0,,20231010.0
,LIGR,GRFCR,Total content received,half-year,Jan-Jun 2023,all,all,all,all,country_name,New Zealand,163.0,,20231010.0
,LIGR,GRFCR,Content actioned due to community guidelines violations,half-year,Jan-Jun 2023,all,all,all,all,country_name,New Zealand,116.0,,20231010.0
,LIGR,GRFCR,Content actioned due to (local) law violations,half-year,Jan-Jun 2023,all,all,all,all,country_name,New Zealand,1.0,,20231010.0
,LIGR,GRFCR,Content not actioned,half-year,Jan-Jun 2023,all,all,all,all,country_name,New Zealand,46.0,,20231010.0
,LIGR,GRFCR,Total accounts received,half-year,Jan-Jun 2023,all,all,all,all,country_name,New Zealand,221.0,,20231010.0
,LIGR,GRFCR,Accounts actioned due to community guidelines violations,half-year,Jan-Jun 2023,all,all,all,all,country_name,New Zealand,148.0,,20231010.0
,LIGR,GRFCR,Accounts actioned due to (local) law violations,half-year,Jan-Jun 2023,all,all,all,all,country_name,New Zealand,0.0,,20231010.0
,LIGR,GRFCR,Accounts not actioned,half-year,Jan-Jun 2023,all,all,all,all,country_name,New Zealand,73.0,,20231010.0
,LIGR,GRFCR,Removal rate,half-year,Jan-Jun 2023,all,all,all,all,country_name,New Zealand,0.690104167,,20231010.0
,LIGR,GRFCR,Total requests received,half-year,Jan-Jun 2023,all,all,all,all,country_name,Norway,13.0,,20231010.0
,LIGR,GRFCR,Total content received,half-year,Jan-Jun 2023,all,all,all,all,country_name,Norway,9.0,,20231010.0
,LIGR,GRFCR,Content actioned due to community guidelines violations,half-year,Jan-Jun 2023,all,all,all,all,country_name,Norway,9.0,,20231010.0
,LIGR,GRFCR,Content actioned due to (local) law violations,half-year,Jan-Jun 2023,all,all,all,all,country_name,Norway,0.0,,20231010.0
,LIGR,GRFCR,Content not actioned,half-year,Jan-Jun 2023,all,all,all,all,country_name,Norway,0.0,,20231010.0
,LIGR,GRFCR,Total accounts received,half-year,Jan-Jun 2023,all,all,all,all,country_name,Norway,14.0,,20231010.0
,LIGR,GRFCR,Accounts actioned due to community guidelines violations,half-year,Jan-Jun 2023,all,all,all,all,country_name,Norway,11.0,,20231010.0
,LIGR,GRFCR,Accounts actioned due to (local) law violations,half-year,Jan-Jun 2023,all,all,all,all,country_name,Norway,0.0,,20231010.0
,LIGR,GRFCR,Accounts not actioned,half-year,Jan-Jun 2023,all,all,all,all,country_name,Norway,3.0,,20231010.0
,LIGR,GRFCR,Removal rate,half-year,Jan-Jun 2023,all,all,all,all,country_name,Norway,0.869565217,,20231010.0
,LIGR,GRFCR,Total requests received,half-year,Jan-Jun 2023,all,all,all,all,country_name,Pakistan,189.0,,20231010.0
,LIGR,GRFCR,Total content received,half-year,Jan-Jun 2023,all,all,all,all,country_name,Pakistan,11772.0,,20231010.0
,LIGR,GRFCR,Content actioned due to community guidelines violations,half-year,Jan-Jun 2023,all,all,all,all,country_name,Pakistan,9698.0,,20231010.0
,LIGR,GRFCR,Content actioned due to (local) law violations,half-year,Jan-Jun 2023,all,all,all,all,country_name,Pakistan,1772.0,,20231010.0
,LIGR,GRFCR,Content not actioned,half-year,Jan-Jun 2023,all,all,all,all,country_name,Pakistan,302.0,,20231010.0
,LIGR,GRFCR,Total accounts received,half-year,Jan-Jun 2023,all,all,all,all,country_name,Pakistan,206.0,,20231010.0
,LIGR,GRFCR,Accounts actioned due to community guidelines violations,half-year,Jan-Jun 2023,all,all,all,all,country_name,Pakistan,97.0,,20231010.0
,LIGR,GRFCR,Accounts actioned due to (local) law violations,half-year,Jan-Jun 2023,all,all,all,all,country_name,Pakistan,30.0,,20231010.0
,LIGR,GRFCR,Accounts not actioned,half-year,Jan-Jun 2023,all,all,all,all,country_name,Pakistan,79.0,,20231010.0
,LIGR,GRFCR,Removal rate,half-year,Jan-Jun 2023,all,all,all,all,country_name,Pakistan,0.968191685,,20231010.0
,LIGR,GRFCR,Total requests received,half-year,Jan-Jun 2023,all,all,all,all,country_name,Philippines,7.0,,20231010.0
,LIGR,GRFCR,Total content received,half-year,Jan-Jun 2023,all,all,all,all,country_name,Philippines,272.0,,20231010.0
,LIGR,GRFCR,Content actioned due to community guidelines violations,half-year,Jan-Jun 2023,all,all,all,all,country_name,Philippines,258.0,,20231010.0
,LIGR,GRFCR,Content actioned due to (local) law violations,half-year,Jan-Jun 2023,all,all,all,all,country_name,Philippines,0.0,,20231010.0
,LIGR,GRFCR,Content not actioned,half-year,Jan-Jun 2023,all,all,all,all,country_name,Philippines,14.0,,20231010.0
,LIGR,GRFCR,Total accounts received,half-year,Jan-Jun 2023,all,all,all,all,country_name,Philippines,65.0,,20231010.0
,LIGR,GRFCR,Accounts actioned due to community guidelines violations,half-year,Jan-Jun 2023,all,all,all,all,country_name,Philippines,59.0,,20231010.0
,LIGR,GRFCR,Accounts actioned due to (local) law violations,half-year,Jan-Jun 2023,all,all,all,all,country_name,Philippines,0.0,,20231010.0
,LIGR,GRFCR,Accounts not actioned,half-year,Jan-Jun 2023,all,all,all,all,country_name,Philippines,6.0,,20231010.0
,LIGR,GRFCR,Removal rate,half-year,Jan-Jun 2023,all,all,all,all,country_name,Philippines,0.940652819,,20231010.0
,LIGR,GRFCR,Total requests received,half-year,Jan-Jun 2023,all,all,all,all,country_name,Poland,4.0,,20231010.0
,LIGR,GRFCR,Total content received,half-year,Jan-Jun 2023,all,all,all,all,country_name,Poland,3.0,,20231010.0
,LIGR,GRFCR,Content actioned due to community guidelines violations,half-year,Jan-Jun 2023,all,all,all,all,country_name,Poland,1.0,,20231010.0
,LIGR,GRFCR,Content actioned due to (local) law violations,half-year,Jan-Jun 2023,all,all,all,all,country_name,Poland,0.0,,20231010.0
,LIGR,GRFCR,Content not actioned,half-year,Jan-Jun 2023,all,all,all,all,country_name,Poland,2.0,,20231010.0
,LIGR,GRFCR,Total accounts received,half-year,Jan-Jun 2023,all,all,all,all,country_name,Poland,3.0,,20231010.0
,LIGR,GRFCR,Accounts actioned due to community guidelines violations,half-year,Jan-Jun 2023,all,all,all,all,country_name,Poland,2.0,,20231010.0
,LIGR,GRFCR,Accounts actioned due to (local) law violations,half-year,Jan-Jun 2023,all,all,all,all,country_name,Poland,0.0,,20231010.0
,LIGR,GRFCR,Accounts not actioned,half-year,Jan-Jun 2023,all,all,all,all,country_name,Poland,1.0,,20231010.0
,LIGR,GRFCR,Removal rate,half-year,Jan-Jun 2023,all,all,all,all,country_name,Poland,0.5,,20231010.0
,LIGR,GRFCR,Total requests received,half-year,Jan-Jun 2023,all,all,all,all,country_name,Qatar,8.0,,20231010.0
,LIGR,GRFCR,Total content received,half-year,Jan-Jun 2023,all,all,all,all,country_name,Qatar,0.0,,20231010.0
,LIGR,GRFCR,Content actioned due to community guidelines violations,half-year,Jan-Jun 2023,all,all,all,all,country_name,Qatar,0.0,,20231010.0
,LIGR,GRFCR,Content actioned due to (local) law violations,half-year,Jan-Jun 2023,all,all,all,all,country_name,Qatar,0.0,,20231010.0
,LIGR,GRFCR,Content not actioned,half-year,Jan-Jun 2023,all,all,all,all,country_name,Qatar,0.0,,20231010.0
,LIGR,GRFCR,Total accounts received,half-year,Jan-Jun 2023,all,all,all,all,country_name,Qatar,8.0,,20231010.0
,LIGR,GRFCR,Accounts actioned due to community guidelines violations,half-year,Jan-Jun 2023,all,all,all,all,country_name,Qatar,7.0,,20231010.0
,LIGR,GRFCR,Accounts actioned due to (local) law violations,half-year,Jan-Jun 2023,all,all,all,all,country_name,Qatar,0.0,,20231010.0
,LIGR,GRFCR,Accounts not actioned,half-year,Jan-Jun 2023,all,all,all,all,country_name,Qatar,1.0,,20231010.0
,LIGR,GRFCR,Removal rate,half-year,Jan-Jun 2023,all,all,all,all,country_name,Qatar,0.875,,20231010.0
,LIGR,GRFCR,Total requests received,half-year,Jan-Jun 2023,all,all,all,all,country_name,Romania,1.0,,20231010.0
,LIGR,GRFCR,Total content received,half-year,Jan-Jun 2023,all,all,all,all,country_name,Romania,0.0,,20231010.0
,LIGR,GRFCR,Content actioned due to community guidelines violations,half-year,Jan-Jun 2023,all,all,all,all,country_name,Romania,0.0,,20231010.0
,LIGR,GRFCR,Content actioned due to (local) law violations,half-year,Jan-Jun 2023,all,all,all,all,country_name,Romania,0.0,,20231010.0
,LIGR,GRFCR,Content not actioned,half-year,Jan-Jun 2023,all,all,all,all,country_name,Romania,0.0,,20231010.0
,LIGR,GRFCR,Total accounts received,half-year,Jan-Jun 2023,all,all,all,all,country_name,Romania,1.0,,20231010.0
,LIGR,GRFCR,Accounts actioned due to community guidelines violations,half-year,Jan-Jun 2023,all,all,all,all,country_name,Romania,1.0,,20231010.0
,LIGR,GRFCR,Accounts actioned due to (local) law violations,half-year,Jan-Jun 2023,all,all,all,all,country_name,Romania,0.0,,20231010.0
,LIGR,GRFCR,Accounts not actioned,half-year,Jan-Jun 2023,all,all,all,all,country_name,Romania,0.0,,20231010.0
,LIGR,GRFCR,Removal rate,half-year,Jan-Jun 2023,all,all,all,all,country_name,Romania,1.0,,20231010.0
,LIGR,GRFCR,Total requests received,half-year,Jan-Jun 2023,all,all,all,all,country_name,Russia,792.0,,20231010.0
,LIGR,GRFCR,Total content received,half-year,Jan-Jun 2023,all,all,all,all,country_name,Russia,533.0,,20231010.0
,LIGR,GRFCR,Content actioned due to community guidelines violations,half-year,Jan-Jun 2023,all,all,all,all,country_name,Russia,459.0,,20231010.0
,LIGR,GRFCR,Content actioned due to (local) law violations,half-year,Jan-Jun 2023,all,all,all,all,country_name,Russia,13.0,,20231010.0
,LIGR,GRFCR,Content not actioned,half-year,Jan-Jun 2023,all,all,all,all,country_name,Russia,61.0,,20231010.0
,LIGR,GRFCR,Total accounts received,half-year,Jan-Jun 2023,all,all,all,all,country_name,Russia,44.0,,20231010.0
,LIGR,GRFCR,Accounts actioned due to community guidelines violations,half-year,Jan-Jun 2023,all,all,all,all,country_name,Russia,32.0,,20231010.0
,LIGR,GRFCR,Accounts actioned due to (local) law violations,half-year,Jan-Jun 2023,all,all,all,all,country_name,Russia,0.0,,20231010.0
,LIGR,GRFCR,Accounts not actioned,half-year,Jan-Jun 2023,all,all,all,all,country_name,Russia,12.0,,20231010.0
,LIGR,GRFCR,Removal rate,half-year,Jan-Jun 2023,all,all,all,all,country_name,Russia,0.873483536,,20231010.0
,LIGR,GRFCR,Total requests received,half-year,Jan-Jun 2023,all,all,all,all,country_name,Saudi Arabia,7.0,,20231010.0
,LIGR,GRFCR,Total content received,half-year,Jan-Jun 2023,all,all,all,all,country_name,Saudi Arabia,1.0,,20231010.0
,LIGR,GRFCR,Content actioned due to community guidelines violations,half-year,Jan-Jun 2023,all,all,all,all,country_name,Saudi Arabia,1.0,,20231010.0
,LIGR,GRFCR,Content actioned due to (local) law violations,half-year,Jan-Jun 2023,all,all,all,all,country_name,Saudi Arabia,0.0,,20231010.0
,LIGR,GRFCR,Content not actioned,half-year,Jan-Jun 2023,all,all,all,all,country_name,Saudi Arabia,0.0,,20231010.0
,LIGR,GRFCR,Total accounts received,half-year,Jan-Jun 2023,all,all,all,all,country_name,Saudi Arabia,129.0,,20231010.0
,LIGR,GRFCR,Accounts actioned due to community guidelines violations,half-year,Jan-Jun 2023,all,all,all,all,country_name,Saudi Arabia,103.0,,20231010.0
,LIGR,GRFCR,Accounts actioned due to (local) law violations,half-year,Jan-Jun 2023,all,all,all,all,country_name,Saudi Arabia,0.0,,20231010.0
,LIGR,GRFCR,Accounts not actioned,half-year,Jan-Jun 2023,all,all,all,all,country_name,Saudi Arabia,26.0,,20231010.0
,LIGR,GRFCR,Removal rate,half-year,Jan-Jun 2023,all,all,all,all,country_name,Saudi Arabia,0.8,,20231010.0
,LIGR,GRFCR,Total requests received,half-year,Jan-Jun 2023,all,all,all,all,country_name,Singapore,13.0,,20231010.0
,LIGR,GRFCR,Total content received,half-year,Jan-Jun 2023,all,all,all,all,country_name,Singapore,3.0,,20231010.0
,LIGR,GRFCR,Content actioned due to community guidelines violations,half-year,Jan-Jun 2023,all,all,all,all,country_name,Singapore,1.0,,20231010.0
,LIGR,GRFCR,Content actioned due to (local) law violations,half-year,Jan-Jun 2023,all,all,all,all,country_name,Singapore,2.0,,20231010.0
,LIGR,GRFCR,Content not actioned,half-year,Jan-Jun 2023,all,all,all,all,country_name,Singapore,0.0,,20231010.0
,LIGR,GRFCR,Total accounts received,half-year,Jan-Jun 2023,all,all,all,all,country_name,Singapore,17.0,,20231010.0
,LIGR,GRFCR,Accounts actioned due to community guidelines violations,half-year,Jan-Jun 2023,all,all,all,all,country_name,Singapore,13.0,,20231010.0
,LIGR,GRFCR,Accounts actioned due to (local) law violations,half-year,Jan-Jun 2023,all,all,all,all,country_name,Singapore,2.0,,20231010.0
,LIGR,GRFCR,Accounts not actioned,half-year,Jan-Jun 2023,all,all,all,all,country_name,Singapore,2.0,,20231010.0
,LIGR,GRFCR,Removal rate,half-year,Jan-Jun 2023,all,all,all,all,country_name,Singapore,0.9,,20231010.0
,LIGR,GRFCR,Total requests received,half-year,Jan-Jun 2023,all,all,all,all,country_name,South Africa,1.0,,20231010.0
,LIGR,GRFCR,Total content received,half-year,Jan-Jun 2023,all,all,all,all,country_name,South Africa,0.0,,20231010.0
,LIGR,GRFCR,Content actioned due to community guidelines violations,half-year,Jan-Jun 2023,all,all,all,all,country_name,South Africa,0.0,,20231010.0
,LIGR,GRFCR,Content actioned due to (local) law violations,half-year,Jan-Jun 2023,all,all,all,all,country_name,South Africa,0.0,,20231010.0
,LIGR,GRFCR,Content not actioned,half-year,Jan-Jun 2023,all,all,all,all,country_name,South Africa,0.0,,20231010.0
,LIGR,GRFCR,Total accounts received,half-year,Jan-Jun 2023,all,all,all,all,country_name,South Africa,1.0,,20231010.0
,LIGR,GRFCR,Accounts actioned due to community guidelines violations,half-year,Jan-Jun 2023,all,all,all,all,country_name,South Africa,1.0,,20231010.0
,LIGR,GRFCR,Accounts actioned due to (local) law violations,half-year,Jan-Jun 2023,all,all,all,all,country_name,South Africa,0.0,,20231010.0
,LIGR,GRFCR,Accounts not actioned,half-year,Jan-Jun 2023,all,all,all,all,country_name,South Africa,0.0,,20231010.0
,LIGR,GRFCR,Removal rate,half-year,Jan-Jun 2023,all,all,all,all,country_name,South Africa,1.0,,20231010.0
,LIGR,GRFCR,Total requests received,half-year,Jan-Jun 2023,all,all,all,all,country_name,Spain,10.0,,20231010.0
,LIGR,GRFCR,Total content received,half-year,Jan-Jun 2023,all,all,all,all,country_name,Spain,2.0,,20231010.0
,LIGR,GRFCR,Content actioned due to community guidelines violations,half-year,Jan-Jun 2023,all,all,all,all,country_name,Spain,1.0,,20231010.0
,LIGR,GRFCR,Content actioned due to (local) law violations,half-year,Jan-Jun 2023,all,all,all,all,country_name,Spain,0.0,,20231010.0
,LIGR,GRFCR,Content not actioned,half-year,Jan-Jun 2023,all,all,all,all,country_name,Spain,0.0,,20231010.0
,LIGR,GRFCR,Total accounts received,half-year,Jan-Jun 2023,all,all,all,all,country_name,Spain,13.0,,20231010.0
,LIGR,GRFCR,Accounts actioned due to community guidelines violations,half-year,Jan-Jun 2023,all,all,all,all,country_name,Spain,8.0,,20231010.0
,LIGR,GRFCR,Accounts actioned due to (local) law violations,half-year,Jan-Jun 2023,all,all,all,all,country_name,Spain,0.0,,20231010.0
,LIGR,GRFCR,Accounts not actioned,half-year,Jan-Jun 2023,all,all,all,all,country_name,Spain,5.0,,20231010.0
,LIGR,GRFCR,Removal rate,half-year,Jan-Jun 2023,all,all,all,all,country_name,Spain,0.6,,20231010.0
,LIGR,GRFCR,Total requests received,half-year,Jan-Jun 2023,all,all,all,all,country_name,Sri Lanka,11.0,,20231010.0
,LIGR,GRFCR,Total content received,half-year,Jan-Jun 2023,all,all,all,all,country_name,Sri Lanka,1.0,,20231010.0
,LIGR,GRFCR,Content actioned due to community guidelines violations,half-year,Jan-Jun 2023,all,all,all,all,country_name,Sri Lanka,1.0,,20231010.0
,LIGR,GRFCR,Content actioned due to (local) law violations,half-year,Jan-Jun 2023,all,all,all,all,country_name,Sri Lanka,0.0,,20231010.0
,LIGR,GRFCR,Content not actioned,half-year,Jan-Jun 2023,all,all,all,all,country_name,Sri Lanka,0.0,,20231010.0
,LIGR,GRFCR,Total accounts received,half-year,Jan-Jun 2023,all,all,all,all,country_name,Sri Lanka,28.0,,20231010.0
,LIGR,GRFCR,Accounts actioned due to community guidelines violations,half-year,Jan-Jun 2023,all,all,all,all,country_name,Sri Lanka,27.0,,20231010.0
,LIGR,GRFCR,Accounts actioned due to (local) law violations,half-year,Jan-Jun 2023,all,all,all,all,country_name,Sri Lanka,1.0,,20231010.0
,LIGR,GRFCR,Accounts not actioned,half-year,Jan-Jun 2023,all,all,all,all,country_name,Sri Lanka,0.0,,20231010.0
,LIGR,GRFCR,Removal rate,half-year,Jan-Jun 2023,all,all,all,all,country_name,Sri Lanka,1.0,,20231010.0
,LIGR,GRFCR,Total requests received,half-year,Jan-Jun 2023,all,all,all,all,country_name,Sweden,20.0,,20231010.0
,LIGR,GRFCR,Total content received,half-year,Jan-Jun 2023,all,all,all,all,country_name,Sweden,27.0,,20231010.0
,LIGR,GRFCR,Content actioned due to community guidelines violations,half-year,Jan-Jun 2023,all,all,all,all,country_name,Sweden,24.0,,20231010.0
,LIGR,GRFCR,Content actioned due to (local) law violations,half-year,Jan-Jun 2023,all,all,all,all,country_name,Sweden,0.0,,20231010.0
,LIGR,GRFCR,Content not actioned,half-year,Jan-Jun 2023,all,all,all,all,country_name,Sweden,3.0,,20231010.0
,LIGR,GRFCR,Total accounts received,half-year,Jan-Jun 2023,all,all,all,all,country_name,Sweden,7.0,,20231010.0
,LIGR,GRFCR,Accounts actioned due to community guidelines violations,half-year,Jan-Jun 2023,all,all,all,all,country_name,Sweden,4.0,,20231010.0
,LIGR,GRFCR,Accounts actioned due to (local) law violations,half-year,Jan-Jun 2023,all,all,all,all,country_name,Sweden,0.0,,20231010.0
,LIGR,GRFCR,Accounts not actioned,half-year,Jan-Jun 2023,all,all,all,all,country_name,Sweden,3.0,,20231010.0
,LIGR,GRFCR,Removal rate,half-year,Jan-Jun 2023,all,all,all,all,country_name,Sweden,0.823529412,,20231010.0
,LIGR,GRFCR,Total requests received,half-year,Jan-Jun 2023,all,all,all,all,country_name,Switzerland,2.0,,20231010.0
,LIGR,GRFCR,Total content received,half-year,Jan-Jun 2023,all,all,all,all,country_name,Switzerland,0.0,,20231010.0
,LIGR,GRFCR,Content actioned due to community guidelines violations,half-year,Jan-Jun 2023,all,all,all,all,country_name,Switzerland,0.0,,20231010.0
,LIGR,GRFCR,Content actioned due to (local) law violations,half-year,Jan-Jun 2023,all,all,all,all,country_name,Switzerland,0.0,,20231010.0
,LIGR,GRFCR,Content not actioned,half-year,Jan-Jun 2023,all,all,all,all,country_name,Switzerland,0.0,,20231010.0
,LIGR,GRFCR,Total accounts received,half-year,Jan-Jun 2023,all,all,all,all,country_name,Switzerland,2.0,,20231010.0
,LIGR,GRFCR,Accounts actioned due to community guidelines violations,half-year,Jan-Jun 2023,all,all,all,all,country_name,Switzerland,2.0,,20231010.0
,LIGR,GRFCR,Accounts actioned due to (local) law violations,half-year,Jan-Jun 2023,all,all,all,all,country_name,Switzerland,0.0,,20231010.0
,LIGR,GRFCR,Accounts not actioned,half-year,Jan-Jun 2023,all,all,all,all,country_name,Switzerland,0.0,,20231010.0
,LIGR,GRFCR,Removal rate,half-year,Jan-Jun 2023,all,all,all,all,country_name,Switzerland,1.0,,20231010.0
,LIGR,GRFCR,Total requests received,half-year,Jan-Jun 2023,all,all,all,all,country_name,Taiwan,6.0,,20231010.0
,LIGR,GRFCR,Total content received,half-year,Jan-Jun 2023,all,all,all,all,country_name,Taiwan,0.0,,20231010.0
,LIGR,GRFCR,Content actioned due to community guidelines violations,half-year,Jan-Jun 2023,all,all,all,all,country_name,Taiwan,0.0,,20231010.0
,LIGR,GRFCR,Content actioned due to (local) law violations,half-year,Jan-Jun 2023,all,all,all,all,country_name,Taiwan,0.0,,20231010.0
,LIGR,GRFCR,Content not actioned,half-year,Jan-Jun 2023,all,all,all,all,country_name,Taiwan,0.0,,20231010.0
,LIGR,GRFCR,Total accounts received,half-year,Jan-Jun 2023,all,all,all,all,country_name,Taiwan,15.0,,20231010.0
,LIGR,GRFCR,Accounts actioned due to community guidelines violations,half-year,Jan-Jun 2023,all,all,all,all,country_name,Taiwan,10.0,,20231010.0
,LIGR,GRFCR,Accounts actioned due to (local) law violations,half-year,Jan-Jun 2023,all,all,all,all,country_name,Taiwan,0.0,,20231010.0
,LIGR,GRFCR,Accounts not actioned,half-year,Jan-Jun 2023,all,all,all,all,country_name,Taiwan,5.0,,20231010.0
,LIGR,GRFCR,Removal rate,half-year,Jan-Jun 2023,all,all,all,all,country_name,Taiwan,0.666666667,,20231010.0
,LIGR,GRFCR,Total requests received,half-year,Jan-Jun 2023,all,all,all,all,country_name,Thailand,8.0,,20231010.0
,LIGR,GRFCR,Total content received,half-year,Jan-Jun 2023,all,all,all,all,country_name,Thailand,42.0,,20231010.0
,LIGR,GRFCR,Content actioned due to community guidelines violations,half-year,Jan-Jun 2023,all,all,all,all,country_name,Thailand,10.0,,20231010.0
,LIGR,GRFCR,Content actioned due to (local) law violations,half-year,Jan-Jun 2023,all,all,all,all,country_name,Thailand,32.0,,20231010.0
,LIGR,GRFCR,Content not actioned,half-year,Jan-Jun 2023,all,all,all,all,country_name,Thailand,0.0,,20231010.0
,LIGR,GRFCR,Total accounts received,half-year,Jan-Jun 2023,all,all,all,all,country_name,Thailand,1.0,,20231010.0
,LIGR,GRFCR,Accounts actioned due to community guidelines violations,half-year,Jan-Jun 2023,all,all,all,all,country_name,Thailand,0.0,,20231010.0
,LIGR,GRFCR,Accounts actioned due to (local) law violations,half-year,Jan-Jun 2023,all,all,all,all,country_name,Thailand,0.0,,20231010.0
,LIGR,GRFCR,Accounts not actioned,half-year,Jan-Jun 2023,all,all,all,all,country_name,Thailand,1.0,,20231010.0
,LIGR,GRFCR,Removal rate,half-year,Jan-Jun 2023,all,all,all,all,country_name,Thailand,0.976744186,,20231010.0
,LIGR,GRFCR,Total requests received,half-year,Jan-Jun 2023,all,all,all,all,country_name,Turkey,107.0,,20231010.0
,LIGR,GRFCR,Total content received,half-year,Jan-Jun 2023,all,all,all,all,country_name,Turkey,3958.0,,20231010.0
,LIGR,GRFCR,Content actioned due to community guidelines violations,half-year,Jan-Jun 2023,all,all,all,all,country_name,Turkey,71.0,,20231010.0
,LIGR,GRFCR,Content actioned due to (local) law violations,half-year,Jan-Jun 2023,all,all,all,all,country_name,Turkey,3796.0,,20231010.0
,LIGR,GRFCR,Content not actioned,half-year,Jan-Jun 2023,all,all,all,all,country_name,Turkey,91.0,,20231010.0
,LIGR,GRFCR,Total accounts received,half-year,Jan-Jun 2023,all,all,all,all,country_name,Turkey,124.0,,20231010.0
,LIGR,GRFCR,Accounts actioned due to community guidelines violations,half-year,Jan-Jun 2023,all,all,all,all,country_name,Turkey,10.0,,20231010.0
,LIGR,GRFCR,Accounts actioned due to (local) law violations,half-year,Jan-Jun 2023,all,all,all,all,country_name,Turkey,113.0,,20231010.0
,LIGR,GRFCR,Accounts not actioned,half-year,Jan-Jun 2023,all,all,all,all,country_name,Turkey,1.0,,20231010.0
,LIGR,GRFCR,Removal rate,half-year,Jan-Jun 2023,all,all,all,all,country_name,Turkey,0.977462028,,20231010.0
,LIGR,GRFCR,Total requests received,half-year,Jan-Jun 2023,all,all,all,all,country_name,Ukraine,14.0,,20231010.0
,LIGR,GRFCR,Total content received,half-year,Jan-Jun 2023,all,all,all,all,country_name,Ukraine,20.0,,20231010.0
,LIGR,GRFCR,Content actioned due to community guidelines violations,half-year,Jan-Jun 2023,all,all,all,all,country_name,Ukraine,10.0,,20231010.0
,LIGR,GRFCR,Content actioned due to (local) law violations,half-year,Jan-Jun 2023,all,all,all,all,country_name,Ukraine,10.0,,20231010.0
,LIGR,GRFCR,Content not actioned,half-year,Jan-Jun 2023,all,all,all,all,country_name,Ukraine,0.0,,20231010.0
,LIGR,GRFCR,Total accounts received,half-year,Jan-Jun 2023,all,all,all,all,country_name,Ukraine,33.0,,20231010.0
,LIGR,GRFCR,Accounts actioned due to community guidelines violations,half-year,Jan-Jun 2023,all,all,all,all,country_name,Ukraine,1.0,,20231010.0
,LIGR,GRFCR,Accounts actioned due to (local) law violations,half-year,Jan-Jun 2023,all,all,all,all,country_name,Ukraine,0.0,,20231010.0
,LIGR,GRFCR,Accounts not actioned,half-year,Jan-Jun 2023,all,all,all,all,country_name,Ukraine,32.0,,20231010.0
,LIGR,GRFCR,Removal rate,half-year,Jan-Jun 2023,all,all,all,all,country_name,Ukraine,0.396226415,,20231010.0
,LIGR,GRFCR,Total requests received,half-year,Jan-Jun 2023,all,all,all,all,country_name,United Arab Emirates,42.0,,20231010.0
,LIGR,GRFCR,Total content received,half-year,Jan-Jun 2023,all,all,all,all,country_name,United Arab Emirates,5.0,,20231010.0
,LIGR,GRFCR,Content actioned due to community guidelines violations,half-year,Jan-Jun 2023,all,all,all,all,country_name,United Arab Emirates,4.0,,20231010.0
,LIGR,GRFCR,Content actioned due to (local) law violations,half-year,Jan-Jun 2023,all,all,all,all,country_name,United Arab Emirates,0.0,,20231010.0
,LIGR,GRFCR,Content not actioned,half-year,Jan-Jun 2023,all,all,all,all,country_name,United Arab Emirates,1.0,,20231010.0
,LIGR,GRFCR,Total accounts received,half-year,Jan-Jun 2023,all,all,all,all,country_name,United Arab Emirates,54.0,,20231010.0
,LIGR,GRFCR,Accounts actioned due to community guidelines violations,half-year,Jan-Jun 2023,all,all,all,all,country_name,United Arab Emirates,44.0,,20231010.0
,LIGR,GRFCR,Accounts actioned due to (local) law violations,half-year,Jan-Jun 2023,all,all,all,all,country_name,United Arab Emirates,2.0,,20231010.0
,LIGR,GRFCR,Accounts not actioned,half-year,Jan-Jun 2023,all,all,all,all,country_name,United Arab Emirates,8.0,,20231010.0
,LIGR,GRFCR,Removal rate,half-year,Jan-Jun 2023,all,all,all,all,country_name,United Arab Emirates,0.847457627,,20231010.0
,LIGR,GRFCR,Total requests received,half-year,Jan-Jun 2023,all,all,all,all,country_name,United Kingdom,58.0,,20231010.0
,LIGR,GRFCR,Total content received,half-year,Jan-Jun 2023,all,all,all,all,country_name,United Kingdom,195.0,,20231010.0
,LIGR,GRFCR,Content actioned due to community guidelines violations,half-year,Jan-Jun 2023,all,all,all,all,country_name,United Kingdom,170.0,,20231010.0
,LIGR,GRFCR,Content actioned due to (local) law violations,half-year,Jan-Jun 2023,all,all,all,all,country_name,United Kingdom,1.0,,20231010.0
,LIGR,GRFCR,Content not actioned,half-year,Jan-Jun 2023,all,all,all,all,country_name,United Kingdom,24.0,,20231010.0
,LIGR,GRFCR,Total accounts received,half-year,Jan-Jun 2023,all,all,all,all,country_name,United Kingdom,267.0,,20231010.0
,LIGR,GRFCR,Accounts actioned due to community guidelines violations,half-year,Jan-Jun 2023,all,all,all,all,country_name,United Kingdom,229.0,,20231010.0
,LIGR,GRFCR,Accounts actioned due to (local) law violations,half-year,Jan-Jun 2023,all,all,all,all,country_name,United Kingdom,0.0,,20231010.0
,LIGR,GRFCR,Accounts not actioned,half-year,Jan-Jun 2023,all,all,all,all,country_name,United Kingdom,38.0,,20231010.0
,LIGR,GRFCR,Removal rate,half-year,Jan-Jun 2023,all,all,all,all,country_name,United Kingdom,0.865800866,,20231010.0
,LIGR,GRFCR,Total requests received,half-year,Jan-Jun 2023,all,all,all,all,country_name,United States,11.0,,20231010.0
,LIGR,GRFCR,Total content received,half-year,Jan-Jun 2023,all,all,all,all,country_name,United States,16.0,,20231010.0
,LIGR,GRFCR,Content actioned due to community guidelines violations,half-year,Jan-Jun 2023,all,all,all,all,country_name,United States,14.0,,20231010.0
,LIGR,GRFCR,Content actioned due to (local) law violations,half-year,Jan-Jun 2023,all,all,all,all,country_name,United States,0.0,,20231010.0
,LIGR,GRFCR,Content not actioned,half-year,Jan-Jun 2023,all,all,all,all,country_name,United States,2.0,,20231010.0
,LIGR,GRFCR,Total accounts received,half-year,Jan-Jun 2023,all,all,all,all,country_name,United States,16.0,,20231010.0
,LIGR,GRFCR,Accounts actioned due to community guidelines violations,half-year,Jan-Jun 2023,all,all,all,all,country_name,United States,14.0,,20231010.0
,LIGR,GRFCR,Accounts actioned due to (local) law violations,half-year,Jan-Jun 2023,all,all,all,all,country_name,United States,0.0,,20231010.0
,LIGR,GRFCR,Accounts not actioned,half-year,Jan-Jun 2023,all,all,all,all,country_name,United States,2.0,,20231010.0
,LIGR,GRFCR,Removal rate,half-year,Jan-Jun 2023,all,all,all,all,country_name,United States,0.875,,20231010.0
,LIGR,GRFCR,Total requests received,half-year,Jan-Jun 2023,all,all,all,all,country_name,Uzbekistan,58.0,,20231010.0
,LIGR,GRFCR,Total content received,half-year,Jan-Jun 2023,all,all,all,all,country_name,Uzbekistan,892.0,,20231010.0
,LIGR,GRFCR,Content actioned due to community guidelines violations,half-year,Jan-Jun 2023,all,all,all,all,country_name,Uzbekistan,179.0,,20231010.0
,LIGR,GRFCR,Content actioned due to (local) law violations,half-year,Jan-Jun 2023,all,all,all,all,country_name,Uzbekistan,45.0,,20231010.0
,LIGR,GRFCR,Content not actioned,half-year,Jan-Jun 2023,all,all,all,all,country_name,Uzbekistan,668.0,,20231010.0
,LIGR,GRFCR,Total accounts received,half-year,Jan-Jun 2023,all,all,all,all,country_name,Uzbekistan,139.0,,20231010.0
,LIGR,GRFCR,Accounts actioned due to community guidelines violations,half-year,Jan-Jun 2023,all,all,all,all,country_name,Uzbekistan,104.0,,20231010.0
,LIGR,GRFCR,Accounts actioned due to (local) law violations,half-year,Jan-Jun 2023,all,all,all,all,country_name,Uzbekistan,3.0,,20231010.0
,LIGR,GRFCR,Accounts not actioned,half-year,Jan-Jun 2023,all,all,all,all,country_name,Uzbekistan,32.0,,20231010.0
,LIGR,GRFCR,Removal rate,half-year,Jan-Jun 2023,all,all,all,all,country_name,Uzbekistan,0.321047527,,20231010.0
,LIGR,GRFCR,Total requests received,half-year,Jan-Jun 2023,all,all,all,all,country_name,Vietnam,98.0,,20231010.0
,LIGR,GRFCR,Total content received,half-year,Jan-Jun 2023,all,all,all,all,country_name,Vietnam,388.0,,20231010.0
,LIGR,GRFCR,Content actioned due to community guidelines violations,half-year,Jan-Jun 2023,all,all,all,all,country_name,Vietnam,71.0,,20231010.0
,LIGR,GRFCR,Content actioned due to (local) law violations,half-year,Jan-Jun 2023,all,all,all,all,country_name,Vietnam,284.0,,20231010.0
,LIGR,GRFCR,Content not actioned,half-year,Jan-Jun 2023,all,all,all,all,country_name,Vietnam,33.0,,20231010.0
,LIGR,GRFCR,Total accounts received,half-year,Jan-Jun 2023,all,all,all,all,country_name,Vietnam,194.0,,20231010.0
,LIGR,GRFCR,Accounts actioned due to community guidelines violations,half-year,Jan-Jun 2023,all,all,all,all,country_name,Vietnam,21.0,,20231010.0
,LIGR,GRFCR,Accounts actioned due to (local) law violations,half-year,Jan-Jun 2023,all,all,all,all,country_name,Vietnam,144.0,,20231010.0
,LIGR,GRFCR,Accounts not actioned,half-year,Jan-Jun 2023,all,all,all,all,country_name,Vietnam,29.0,,20231010.0
,LIGR,GRFCR,Removal rate,half-year,Jan-Jun 2023,all,all,all,all,country_name,Vietnam,0.89347079,,20231010.0
,LIGR,GRFCR,Total Government Requests,half-year,Jul-Dec 2022,all,all,all,all,all,All,2296.0,,20230120.0
,LIGR,GRFCR,Total requests received,half-year,Jul-Dec 2022,all,all,all,all,country_name,Albania,2.0,,20230120.0
,LIGR,GRFCR,Total content received,half-year,Jul-Dec 2022,all,all,all,all,country_name,Albania,1.0,,20230120.0
,LIGR,GRFCR,Content actioned due to community guidelines violations,half-year,Jul-Dec 2022,all,all,all,all,country_name,Albania,1.0,,20230120.0
,LIGR,GRFCR,Content actioned due to (local) law violations,half-year,Jul-Dec 2022,all,all,all,all,country_name,Albania,0.0,,20230120.0
,LIGR,GRFCR,Content not actioned,half-year,Jul-Dec 2022,all,all,all,all,country_name,Albania,0.0,,20230120.0
,LIGR,GRFCR,Total accounts received,half-year,Jul-Dec 2022,all,all,all,all,country_name,Albania,2.0,,20230120.0
,LIGR,GRFCR,Accounts actioned due to community guidelines violations,half-year,Jul-Dec 2022,all,all,all,all,country_name,Albania,2.0,,20230120.0
,LIGR,GRFCR,Accounts actioned due to (local) law violations,half-year,Jul-Dec 2022,all,all,all,all,country_name,Albania,0.0,,20230120.0
,LIGR,GRFCR,Accounts not actioned,half-year,Jul-Dec 2022,all,all,all,all,country_name,Albania,0.0,,20230120.0
,LIGR,GRFCR,Removal rate,half-year,Jul-Dec 2022,all,all,all,all,country_name,Albania,1.0,,20230120.0
,LIGR,GRFCR,Total requests received,half-year,Jul-Dec 2022,all,all,all,all,country_name,Australia,322.0,,20230120.0
,LIGR,GRFCR,Total content received,half-year,Jul-Dec 2022,all,all,all,all,country_name,Australia,804.0,,20230120.0
,LIGR,GRFCR,Content actioned due to community guidelines violations,half-year,Jul-Dec 2022,all,all,all,all,country_name,Australia,633.0,,20230120.0
,LIGR,GRFCR,Content actioned due to (local) law violations,half-year,Jul-Dec 2022,all,all,all,all,country_name,Australia,163.0,,20230120.0
,LIGR,GRFCR,Content not actioned,half-year,Jul-Dec 2022,all,all,all,all,country_name,Australia,8.0,,20230120.0
,LIGR,GRFCR,Total accounts received,half-year,Jul-Dec 2022,all,all,all,all,country_name,Australia,494.0,,20230120.0
,LIGR,GRFCR,Accounts actioned due to community guidelines violations,half-year,Jul-Dec 2022,all,all,all,all,country_name,Australia,421.0,,20230120.0
,LIGR,GRFCR,Accounts actioned due to (local) law violations,half-year,Jul-Dec 2022,all,all,all,all,country_name,Australia,3.0,,20230120.0
,LIGR,GRFCR,Accounts not actioned,half-year,Jul-Dec 2022,all,all,all,all,country_name,Australia,70.0,,20230120.0
,LIGR,GRFCR,Removal rate,half-year,Jul-Dec 2022,all,all,all,all,country_name,Australia,0.9399,,20230120.0
,LIGR,GRFCR,Total requests received,half-year,Jul-Dec 2022,all,all,all,all,country_name,Austria,2.0,,20230120.0
,LIGR,GRFCR,Total content received,half-year,Jul-Dec 2022,all,all,all,all,country_name,Austria,2.0,,20230120.0
,LIGR,GRFCR,Content actioned due to community guidelines violations,half-year,Jul-Dec 2022,all,all,all,all,country_name,Austria,2.0,,20230120.0
,LIGR,GRFCR,Content actioned due to (local) law violations,half-year,Jul-Dec 2022,all,all,all,all,country_name,Austria,0.0,,20230120.0
,LIGR,GRFCR,Content not actioned,half-year,Jul-Dec 2022,all,all,all,all,country_name,Austria,0.0,,20230120.0
,LIGR,GRFCR,Total accounts received,half-year,Jul-Dec 2022,all,all,all,all,country_name,Austria,2.0,,20230120.0
,LIGR,GRFCR,Accounts actioned due to community guidelines violations,half-year,Jul-Dec 2022,all,all,all,all,country_name,Austria,2.0,,20230120.0
,LIGR,GRFCR,Accounts actioned due to (local) law violations,half-year,Jul-Dec 2022,all,all,all,all,country_name,Austria,0.0,,20230120.0
,LIGR,GRFCR,Accounts not actioned,half-year,Jul-Dec 2022,all,all,all,all,country_name,Austria,0.0,,20230120.0
,LIGR,GRFCR,Removal rate,half-year,Jul-Dec 2022,all,all,all,all,country_name,Austria,1.0,,20230120.0
,LIGR,GRFCR,Total requests received,half-year,Jul-Dec 2022,all,all,all,all,country_name,Azerbaijan,10.0,,20230120.0
,LIGR,GRFCR,Total content received,half-year,Jul-Dec 2022,all,all,all,all,country_name,Azerbaijan,104.0,,20230120.0
,LIGR,GRFCR,Content actioned due to community guidelines violations,half-year,Jul-Dec 2022,all,all,all,all,country_name,Azerbaijan,52.0,,20230120.0
,LIGR,GRFCR,Content actioned due to (local) law violations,half-year,Jul-Dec 2022,all,all,all,all,country_name,Azerbaijan,27.0,,20230120.0
,LIGR,GRFCR,Content not actioned,half-year,Jul-Dec 2022,all,all,all,all,country_name,Azerbaijan,25.0,,20230120.0
,LIGR,GRFCR,Total accounts received,half-year,Jul-Dec 2022,all,all,all,all,country_name,Azerbaijan,32.0,,20230120.0
,LIGR,GRFCR,Accounts actioned due to community guidelines violations,half-year,Jul-Dec 2022,all,all,all,all,country_name,Azerbaijan,19.0,,20230120.0
,LIGR,GRFCR,Accounts actioned due to (local) law violations,half-year,Jul-Dec 2022,all,all,all,all,country_name,Azerbaijan,4.0,,20230120.0
,LIGR,GRFCR,Accounts not actioned,half-year,Jul-Dec 2022,all,all,all,all,country_name,Azerbaijan,9.0,,20230120.0
,LIGR,GRFCR,Removal rate,half-year,Jul-Dec 2022,all,all,all,all,country_name,Azerbaijan,0.75,,20230120.0
,LIGR,GRFCR,Total requests received,half-year,Jul-Dec 2022,all,all,all,all,country_name,Bangladesh,486.0,,20230120.0
,LIGR,GRFCR,Total content received,half-year,Jul-Dec 2022,all,all,all,all,country_name,Bangladesh,3813.0,,20230120.0
,LIGR,GRFCR,Content actioned due to community guidelines violations,half-year,Jul-Dec 2022,all,all,all,all,country_name,Bangladesh,113.0,,20230120.0
,LIGR,GRFCR,Content actioned due to (local) law violations,half-year,Jul-Dec 2022,all,all,all,all,country_name,Bangladesh,1142.0,,20230120.0
,LIGR,GRFCR,Content not actioned,half-year,Jul-Dec 2022,all,all,all,all,country_name,Bangladesh,2558.0,,20230120.0
,LIGR,GRFCR,Total accounts received,half-year,Jul-Dec 2022,all,all,all,all,country_name,Bangladesh,74.0,,20230120.0
,LIGR,GRFCR,Accounts actioned due to community guidelines violations,half-year,Jul-Dec 2022,all,all,all,all,country_name,Bangladesh,3.0,,20230120.0
,LIGR,GRFCR,Accounts actioned due to (local) law violations,half-year,Jul-Dec 2022,all,all,all,all,country_name,Bangladesh,1.0,,20230120.0
,LIGR,GRFCR,Accounts not actioned,half-year,Jul-Dec 2022,all,all,all,all,country_name,Bangladesh,70.0,,20230120.0
,LIGR,GRFCR,Removal rate,half-year,Jul-Dec 2022,all,all,all,all,country_name,Bangladesh,0.3239,,20230120.0
,LIGR,GRFCR,Total requests received,half-year,Jul-Dec 2022,all,all,all,all,country_name,Belgium,6.0,,20230120.0
,LIGR,GRFCR,Total content received,half-year,Jul-Dec 2022,all,all,all,all,country_name,Belgium,0.0,,20230120.0
,LIGR,GRFCR,Content actioned due to community guidelines violations,half-year,Jul-Dec 2022,all,all,all,all,country_name,Belgium,0.0,,20230120.0
,LIGR,GRFCR,Content actioned due to (local) law violations,half-year,Jul-Dec 2022,all,all,all,all,country_name,Belgium,0.0,,20230120.0
,LIGR,GRFCR,Content not actioned,half-year,Jul-Dec 2022,all,all,all,all,country_name,Belgium,0.0,,20230120.0
,LIGR,GRFCR,Total accounts received,half-year,Jul-Dec 2022,all,all,all,all,country_name,Belgium,6.0,,20230120.0
,LIGR,GRFCR,Accounts actioned due to community guidelines violations,half-year,Jul-Dec 2022,all,all,all,all,country_name,Belgium,6.0,,20230120.0
,LIGR,GRFCR,Accounts actioned due to (local) law violations,half-year,Jul-Dec 2022,all,all,all,all,country_name,Belgium,0.0,,20230120.0
,LIGR,GRFCR,Accounts not actioned,half-year,Jul-Dec 2022,all,all,all,all,country_name,Belgium,0.0,,20230120.0
,LIGR,GRFCR,Removal rate,half-year,Jul-Dec 2022,all,all,all,all,country_name,Belgium,1.0,,20230120.0
,LIGR,GRFCR,Total requests received,half-year,Jul-Dec 2022,all,all,all,all,country_name,Canada,5.0,,20230120.0
,LIGR,GRFCR,Total content received,half-year,Jul-Dec 2022,all,all,all,all,country_name,Canada,2.0,,20230120.0
,LIGR,GRFCR,Content actioned due to community guidelines violations,half-year,Jul-Dec 2022,all,all,all,all,country_name,Canada,1.0,,20230120.0
,LIGR,GRFCR,Content actioned due to (local) law violations,half-year,Jul-Dec 2022,all,all,all,all,country_name,Canada,0.0,,20230120.0
,LIGR,GRFCR,Content not actioned,half-year,Jul-Dec 2022,all,all,all,all,country_name,Canada,1.0,,20230120.0
,LIGR,GRFCR,Total accounts received,half-year,Jul-Dec 2022,all,all,all,all,country_name,Canada,4.0,,20230120.0
,LIGR,GRFCR,Accounts actioned due to community guidelines violations,half-year,Jul-Dec 2022,all,all,all,all,country_name,Canada,1.0,,20230120.0
,LIGR,GRFCR,Accounts actioned due to (local) law violations,half-year,Jul-Dec 2022,all,all,all,all,country_name,Canada,0.0,,20230120.0
,LIGR,GRFCR,Accounts not actioned,half-year,Jul-Dec 2022,all,all,all,all,country_name,Canada,3.0,,20230120.0
,LIGR,GRFCR,Removal rate,half-year,Jul-Dec 2022,all,all,all,all,country_name,Canada,0.333,,20230120.0
,LIGR,GRFCR,Total requests received,half-year,Jul-Dec 2022,all,all,all,all,country_name,Denmark,41.0,,20230120.0
,LIGR,GRFCR,Total content received,half-year,Jul-Dec 2022,all,all,all,all,country_name,Denmark,1.0,,20230120.0
,LIGR,GRFCR,Content actioned due to community guidelines violations,half-year,Jul-Dec 2022,all,all,all,all,country_name,Denmark,0.0,,20230120.0
,LIGR,GRFCR,Content actioned due to (local) law violations,half-year,Jul-Dec 2022,all,all,all,all,country_name,Denmark,0.0,,20230120.0
,LIGR,GRFCR,Content not actioned,half-year,Jul-Dec 2022,all,all,all,all,country_name,Denmark,1.0,,20230120.0
,LIGR,GRFCR,Total accounts received,half-year,Jul-Dec 2022,all,all,all,all,country_name,Denmark,87.0,,20230120.0
,LIGR,GRFCR,Accounts actioned due to community guidelines violations,half-year,Jul-Dec 2022,all,all,all,all,country_name,Denmark,80.0,,20230120.0
,LIGR,GRFCR,Accounts actioned due to (local) law violations,half-year,Jul-Dec 2022,all,all,all,all,country_name,Denmark,0.0,,20230120.0
,LIGR,GRFCR,Accounts not actioned,half-year,Jul-Dec 2022,all,all,all,all,country_name,Denmark,7.0,,20230120.0
,LIGR,GRFCR,Removal rate,half-year,Jul-Dec 2022,all,all,all,all,country_name,Denmark,0.9091,,20230120.0
,LIGR,GRFCR,Total requests received,half-year,Jul-Dec 2022,all,all,all,all,country_name,Fiji,24.0,,20230120.0
,LIGR,GRFCR,Total content received,half-year,Jul-Dec 2022,all,all,all,all,country_name,Fiji,186.0,,20230120.0
,LIGR,GRFCR,Content actioned due to community guidelines violations,half-year,Jul-Dec 2022,all,all,all,all,country_name,Fiji,182.0,,20230120.0
,LIGR,GRFCR,Content actioned due to (local) law violations,half-year,Jul-Dec 2022,all,all,all,all,country_name,Fiji,4.0,,20230120.0
,LIGR,GRFCR,Content not actioned,half-year,Jul-Dec 2022,all,all,all,all,country_name,Fiji,0.0,,20230120.0
,LIGR,GRFCR,Total accounts received,half-year,Jul-Dec 2022,all,all,all,all,country_name,Fiji,26.0,,20230120.0
,LIGR,GRFCR,Accounts actioned due to community guidelines violations,half-year,Jul-Dec 2022,all,all,all,all,country_name,Fiji,16.0,,20230120.0
,LIGR,GRFCR,Accounts actioned due to (local) law violations,half-year,Jul-Dec 2022,all,all,all,all,country_name,Fiji,10.0,,20230120.0
,LIGR,GRFCR,Accounts not actioned,half-year,Jul-Dec 2022,all,all,all,all,country_name,Fiji,0.0,,20230120.0
,LIGR,GRFCR,Removal rate,half-year,Jul-Dec 2022,all,all,all,all,country_name,Fiji,1.0,,20230120.0
,LIGR,GRFCR,Total requests received,half-year,Jul-Dec 2022,all,all,all,all,country_name,France,5.0,,20230120.0
,LIGR,GRFCR,Total content received,half-year,Jul-Dec 2022,all,all,all,all,country_name,France,2.0,,20230120.0
,LIGR,GRFCR,Content actioned due to community guidelines violations,half-year,Jul-Dec 2022,all,all,all,all,country_name,France,1.0,,20230120.0
,LIGR,GRFCR,Content actioned due to (local) law violations,half-year,Jul-Dec 2022,all,all,all,all,country_name,France,0.0,,20230120.0
,LIGR,GRFCR,Content not actioned,half-year,Jul-Dec 2022,all,all,all,all,country_name,France,1.0,,20230120.0
,LIGR,GRFCR,Total accounts received,half-year,Jul-Dec 2022,all,all,all,all,country_name,France,12.0,,20230120.0
,LIGR,GRFCR,Accounts actioned due to community guidelines violations,half-year,Jul-Dec 2022,all,all,all,all,country_name,France,11.0,,20230120.0
,LIGR,GRFCR,Accounts actioned due to (local) law violations,half-year,Jul-Dec 2022,all,all,all,all,country_name,France,0.0,,20230120.0
,LIGR,GRFCR,Accounts not actioned,half-year,Jul-Dec 2022,all,all,all,all,country_name,France,1.0,,20230120.0
,LIGR,GRFCR,Removal rate,half-year,Jul-Dec 2022,all,all,all,all,country_name,France,0.8571,,20230120.0
,LIGR,GRFCR,Total requests received,half-year,Jul-Dec 2022,all,all,all,all,country_name,Germany,10.0,,20230120.0
,LIGR,GRFCR,Total content received,half-year,Jul-Dec 2022,all,all,all,all,country_name,Germany,69.0,,20230120.0
,LIGR,GRFCR,Content actioned due to community guidelines violations,half-year,Jul-Dec 2022,all,all,all,all,country_name,Germany,65.0,,20230120.0
,LIGR,GRFCR,Content actioned due to (local) law violations,half-year,Jul-Dec 2022,all,all,all,all,country_name,Germany,0.0,,20230120.0
,LIGR,GRFCR,Content not actioned,half-year,Jul-Dec 2022,all,all,all,all,country_name,Germany,4.0,,20230120.0
,LIGR,GRFCR,Total accounts received,half-year,Jul-Dec 2022,all,all,all,all,country_name,Germany,2.0,,20230120.0
,LIGR,GRFCR,Accounts actioned due to community guidelines violations,half-year,Jul-Dec 2022,all,all,all,all,country_name,Germany,1.0,,20230120.0
,LIGR,GRFCR,Accounts actioned due to (local) law violations,half-year,Jul-Dec 2022,all,all,all,all,country_name,Germany,0.0,,20230120.0
,LIGR,GRFCR,Accounts not actioned,half-year,Jul-Dec 2022,all,all,all,all,country_name,Germany,1.0,,20230120.0
,LIGR,GRFCR,Removal rate,half-year,Jul-Dec 2022,all,all,all,all,country_name,Germany,0.9296,,20230120.0
,LIGR,GRFCR,Total requests received,half-year,Jul-Dec 2022,all,all,all,all,country_name,Indonesia,66.0,,20230120.0
,LIGR,GRFCR,Total content received,half-year,Jul-Dec 2022,all,all,all,all,country_name,Indonesia,442.0,,20230120.0
,LIGR,GRFCR,Content actioned due to community guidelines violations,half-year,Jul-Dec 2022,all,all,all,all,country_name,Indonesia,74.0,,20230120.0
,LIGR,GRFCR,Content actioned due to (local) law violations,half-year,Jul-Dec 2022,all,all,all,all,country_name,Indonesia,220.0,,20230120.0
,LIGR,GRFCR,Content not actioned,half-year,Jul-Dec 2022,all,all,all,all,country_name,Indonesia,148.0,,20230120.0
,LIGR,GRFCR,Total accounts received,half-year,Jul-Dec 2022,all,all,all,all,country_name,Indonesia,61.0,,20230120.0
,LIGR,GRFCR,Accounts actioned due to community guidelines violations,half-year,Jul-Dec 2022,all,all,all,all,country_name,Indonesia,52.0,,20230120.0
,LIGR,GRFCR,Accounts actioned due to (local) law violations,half-year,Jul-Dec 2022,all,all,all,all,country_name,Indonesia,1.0,,20230120.0
,LIGR,GRFCR,Accounts not actioned,half-year,Jul-Dec 2022,all,all,all,all,country_name,Indonesia,8.0,,20230120.0
,LIGR,GRFCR,Removal rate,half-year,Jul-Dec 2022,all,all,all,all,country_name,Indonesia,0.6899,,20230120.0
,LIGR,GRFCR,Total requests received,half-year,Jul-Dec 2022,all,all,all,all,country_name,Iraq,3.0,,20230120.0
,LIGR,GRFCR,Total content received,half-year,Jul-Dec 2022,all,all,all,all,country_name,Iraq,219.0,,20230120.0
,LIGR,GRFCR,Content actioned due to community guidelines violations,half-year,Jul-Dec 2022,all,all,all,all,country_name,Iraq,0.0,,20230120.0
,LIGR,GRFCR,Content actioned due to (local) law violations,half-year,Jul-Dec 2022,all,all,all,all,country_name,Iraq,217.0,,20230120.0
,LIGR,GRFCR,Content not actioned,half-year,Jul-Dec 2022,all,all,all,all,country_name,Iraq,2.0,,20230120.0
,LIGR,GRFCR,Total accounts received,half-year,Jul-Dec 2022,all,all,all,all,country_name,Iraq,15.0,,20230120.0
,LIGR,GRFCR,Accounts actioned due to community guidelines violations,half-year,Jul-Dec 2022,all,all,all,all,country_name,Iraq,1.0,,20230120.0
,LIGR,GRFCR,Accounts actioned due to (local) law violations,half-year,Jul-Dec 2022,all,all,all,all,country_name,Iraq,6.0,,20230120.0
,LIGR,GRFCR,Accounts not actioned,half-year,Jul-Dec 2022,all,all,all,all,country_name,Iraq,8.0,,20230120.0
,LIGR,GRFCR,Removal rate,half-year,Jul-Dec 2022,all,all,all,all,country_name,Iraq,0.9573,,20230120.0
,LIGR,GRFCR,Total requests received,half-year,Jul-Dec 2022,all,all,all,all,country_name,Israel,82.0,,20230120.0
,LIGR,GRFCR,Total content received,half-year,Jul-Dec 2022,all,all,all,all,country_name,Israel,1575.0,,20230120.0
,LIGR,GRFCR,Content actioned due to community guidelines violations,half-year,Jul-Dec 2022,all,all,all,all,country_name,Israel,1039.0,,20230120.0
,LIGR,GRFCR,Content actioned due to (local) law violations,half-year,Jul-Dec 2022,all,all,all,all,country_name,Israel,376.0,,20230120.0
,LIGR,GRFCR,Content not actioned,half-year,Jul-Dec 2022,all,all,all,all,country_name,Israel,160.0,,20230120.0
,LIGR,GRFCR,Total accounts received,half-year,Jul-Dec 2022,all,all,all,all,country_name,Israel,47.0,,20230120.0
,LIGR,GRFCR,Accounts actioned due to community guidelines violations,half-year,Jul-Dec 2022,all,all,all,all,country_name,Israel,25.0,,20230120.0
,LIGR,GRFCR,Accounts actioned due to (local) law violations,half-year,Jul-Dec 2022,all,all,all,all,country_name,Israel,7.0,,20230120.0
,LIGR,GRFCR,Accounts not actioned,half-year,Jul-Dec 2022,all,all,all,all,country_name,Israel,15.0,,20230120.0
,LIGR,GRFCR,Removal rate,half-year,Jul-Dec 2022,all,all,all,all,country_name,Israel,0.8921,,20230120.0
,LIGR,GRFCR,Total requests received,half-year,Jul-Dec 2022,all,all,all,all,country_name,Japan,1.0,,20230120.0
,LIGR,GRFCR,Total content received,half-year,Jul-Dec 2022,all,all,all,all,country_name,Japan,1.0,,20230120.0
,LIGR,GRFCR,Content actioned due to community guidelines violations,half-year,Jul-Dec 2022,all,all,all,all,country_name,Japan,1.0,,20230120.0
,LIGR,GRFCR,Content actioned due to (local) law violations,half-year,Jul-Dec 2022,all,all,all,all,country_name,Japan,0.0,,20230120.0
,LIGR,GRFCR,Content not actioned,half-year,Jul-Dec 2022,all,all,all,all,country_name,Japan,0.0,,20230120.0
,LIGR,GRFCR,Total accounts received,half-year,Jul-Dec 2022,all,all,all,all,country_name,Japan,0.0,,20230120.0
,LIGR,GRFCR,Accounts actioned due to community guidelines violations,half-year,Jul-Dec 2022,all,all,all,all,country_name,Japan,0.0,,20230120.0
,LIGR,GRFCR,Accounts actioned due to (local) law violations,half-year,Jul-Dec 2022,all,all,all,all,country_name,Japan,0.0,,20230120.0
,LIGR,GRFCR,Accounts not actioned,half-year,Jul-Dec 2022,all,all,all,all,country_name,Japan,0.0,,20230120.0
,LIGR,GRFCR,Removal rate,half-year,Jul-Dec 2022,all,all,all,all,country_name,Japan,1.0,,20230120.0
,LIGR,GRFCR,Total requests received,half-year,Jul-Dec 2022,all,all,all,all,country_name,Jordan,14.0,,20230120.0
,LIGR,GRFCR,Total content received,half-year,Jul-Dec 2022,all,all,all,all,country_name,Jordan,9.0,,20230120.0
,LIGR,GRFCR,Content actioned due to community guidelines violations,half-year,Jul-Dec 2022,all,all,all,all,country_name,Jordan,1.0,,20230120.0
,LIGR,GRFCR,Content actioned due to (local) law violations,half-year,Jul-Dec 2022,all,all,all,all,country_name,Jordan,0.0,,20230120.0
,LIGR,GRFCR,Content not actioned,half-year,Jul-Dec 2022,all,all,all,all,country_name,Jordan,8.0,,20230120.0
,LIGR,GRFCR,Total accounts received,half-year,Jul-Dec 2022,all,all,all,all,country_name,Jordan,11.0,,20230120.0
,LIGR,GRFCR,Accounts actioned due to community guidelines violations,half-year,Jul-Dec 2022,all,all,all,all,country_name,Jordan,6.0,,20230120.0
,LIGR,GRFCR,Accounts actioned due to (local) law violations,half-year,Jul-Dec 2022,all,all,all,all,country_name,Jordan,0.0,,20230120.0
,LIGR,GRFCR,Accounts not actioned,half-year,Jul-Dec 2022,all,all,all,all,country_name,Jordan,5.0,,20230120.0
,LIGR,GRFCR,Removal rate,half-year,Jul-Dec 2022,all,all,all,all,country_name,Jordan,0.35,,20230120.0
,LIGR,GRFCR,Total requests received,half-year,Jul-Dec 2022,all,all,all,all,country_name,Kazakhstan,34.0,,20230120.0
,LIGR,GRFCR,Total content received,half-year,Jul-Dec 2022,all,all,all,all,country_name,Kazakhstan,948.0,,20230120.0
,LIGR,GRFCR,Content actioned due to community guidelines violations,half-year,Jul-Dec 2022,all,all,all,all,country_name,Kazakhstan,676.0,,20230120.0
,LIGR,GRFCR,Content actioned due to (local) law violations,half-year,Jul-Dec 2022,all,all,all,all,country_name,Kazakhstan,5.0,,20230120.0
,LIGR,GRFCR,Content not actioned,half-year,Jul-Dec 2022,all,all,all,all,country_name,Kazakhstan,267.0,,20230120.0
,LIGR,GRFCR,Total accounts received,half-year,Jul-Dec 2022,all,all,all,all,country_name,Kazakhstan,11.0,,20230120.0
,LIGR,GRFCR,Accounts actioned due to community guidelines violations,half-year,Jul-Dec 2022,all,all,all,all,country_name,Kazakhstan,5.0,,20230120.0
,LIGR,GRFCR,Accounts actioned due to (local) law violations,half-year,Jul-Dec 2022,all,all,all,all,country_name,Kazakhstan,0.0,,20230120.0
,LIGR,GRFCR,Accounts not actioned,half-year,Jul-Dec 2022,all,all,all,all,country_name,Kazakhstan,6.0,,20230120.0
,LIGR,GRFCR,Removal rate,half-year,Jul-Dec 2022,all,all,all,all,country_name,Kazakhstan,0.7153,,20230120.0
,LIGR,GRFCR,Total requests received,half-year,Jul-Dec 2022,all,all,all,all,country_name,South Korea,19.0,,20230120.0
,LIGR,GRFCR,Total content received,half-year,Jul-Dec 2022,all,all,all,all,country_name,South Korea,6.0,,20230120.0
,LIGR,GRFCR,Content actioned due to community guidelines violations,half-year,Jul-Dec 2022,all,all,all,all,country_name,South Korea,6.0,,20230120.0
,LIGR,GRFCR,Content actioned due to (local) law violations,half-year,Jul-Dec 2022,all,all,all,all,country_name,South Korea,0.0,,20230120.0
,LIGR,GRFCR,Content not actioned,half-year,Jul-Dec 2022,all,all,all,all,country_name,South Korea,0.0,,20230120.0
,LIGR,GRFCR,Total accounts received,half-year,Jul-Dec 2022,all,all,all,all,country_name,South Korea,61.0,,20230120.0
,LIGR,GRFCR,Accounts actioned due to community guidelines violations,half-year,Jul-Dec 2022,all,all,all,all,country_name,South Korea,53.0,,20230120.0
,LIGR,GRFCR,Accounts actioned due to (local) law violations,half-year,Jul-Dec 2022,all,all,all,all,country_name,South Korea,8.0,,20230120.0
,LIGR,GRFCR,Accounts not actioned,half-year,Jul-Dec 2022,all,all,all,all,country_name,South Korea,0.0,,20230120.0
,LIGR,GRFCR,Removal rate,half-year,Jul-Dec 2022,all,all,all,all,country_name,South Korea,1.0,,20230120.0
,LIGR,GRFCR,Total requests received,half-year,Jul-Dec 2022,all,all,all,all,country_name,Macedonia,1.0,,20230120.0
,LIGR,GRFCR,Total content received,half-year,Jul-Dec 2022,all,all,all,all,country_name,Macedonia,0.0,,20230120.0
,LIGR,GRFCR,Content actioned due to community guidelines violations,half-year,Jul-Dec 2022,all,all,all,all,country_name,Macedonia,0.0,,20230120.0
,LIGR,GRFCR,Content actioned due to (local) law violations,half-year,Jul-Dec 2022,all,all,all,all,country_name,Macedonia,0.0,,20230120.0
,LIGR,GRFCR,Content not actioned,half-year,Jul-Dec 2022,all,all,all,all,country_name,Macedonia,0.0,,20230120.0
,LIGR,GRFCR,Total accounts received,half-year,Jul-Dec 2022,all,all,all,all,country_name,Macedonia,1.0,,20230120.0
,LIGR,GRFCR,Accounts actioned due to community guidelines violations,half-year,Jul-Dec 2022,all,all,all,all,country_name,Macedonia,1.0,,20230120.0
,LIGR,GRFCR,Accounts actioned due to (local) law violations,half-year,Jul-Dec 2022,all,all,all,all,country_name,Macedonia,0.0,,20230120.0
,LIGR,GRFCR,Accounts not actioned,half-year,Jul-Dec 2022,all,all,all,all,country_name,Macedonia,0.0,,20230120.0
,LIGR,GRFCR,Removal rate,half-year,Jul-Dec 2022,all,all,all,all,country_name,Macedonia,1.0,,20230120.0
,LIGR,GRFCR,Total requests received,half-year,Jul-Dec 2022,all,all,all,all,country_name,Malaysia,55.0,,20230120.0
,LIGR,GRFCR,Total content received,half-year,Jul-Dec 2022,all,all,all,all,country_name,Malaysia,321.0,,20230120.0
,LIGR,GRFCR,Content actioned due to community guidelines violations,half-year,Jul-Dec 2022,all,all,all,all,country_name,Malaysia,185.0,,20230120.0
,LIGR,GRFCR,Content actioned due to (local) law violations,half-year,Jul-Dec 2022,all,all,all,all,country_name,Malaysia,80.0,,20230120.0
,LIGR,GRFCR,Content not actioned,half-year,Jul-Dec 2022,all,all,all,all,country_name,Malaysia,56.0,,20230120.0
,LIGR,GRFCR,Total accounts received,half-year,Jul-Dec 2022,all,all,all,all,country_name,Malaysia,13.0,,20230120.0
,LIGR,GRFCR,Accounts actioned due to community guidelines violations,half-year,Jul-Dec 2022,all,all,all,all,country_name,Malaysia,4.0,,20230120.0
,LIGR,GRFCR,Accounts actioned due to (local) law violations,half-year,Jul-Dec 2022,all,all,all,all,country_name,Malaysia,1.0,,20230120.0
,LIGR,GRFCR,Accounts not actioned,half-year,Jul-Dec 2022,all,all,all,all,country_name,Malaysia,8.0,,20230120.0
,LIGR,GRFCR,Removal rate,half-year,Jul-Dec 2022,all,all,all,all,country_name,Malaysia,0.8084,,20230120.0
,LIGR,GRFCR,Total requests received,half-year,Jul-Dec 2022,all,all,all,all,country_name,Mauritius,38.0,,20230120.0
,LIGR,GRFCR,Total content received,half-year,Jul-Dec 2022,all,all,all,all,country_name,Mauritius,39.0,,20230120.0
,LIGR,GRFCR,Content actioned due to community guidelines violations,half-year,Jul-Dec 2022,all,all,all,all,country_name,Mauritius,37.0,,20230120.0
,LIGR,GRFCR,Content actioned due to (local) law violations,half-year,Jul-Dec 2022,all,all,all,all,country_name,Mauritius,0.0,,20230120.0
,LIGR,GRFCR,Content not actioned,half-year,Jul-Dec 2022,all,all,all,all,country_name,Mauritius,2.0,,20230120.0
,LIGR,GRFCR,Total accounts received,half-year,Jul-Dec 2022,all,all,all,all,country_name,Mauritius,30.0,,20230120.0
,LIGR,GRFCR,Accounts actioned due to community guidelines violations,half-year,Jul-Dec 2022,all,all,all,all,country_name,Mauritius,25.0,,20230120.0
,LIGR,GRFCR,Accounts actioned due to (local) law violations,half-year,Jul-Dec 2022,all,all,all,all,country_name,Mauritius,0.0,,20230120.0
,LIGR,GRFCR,Accounts not actioned,half-year,Jul-Dec 2022,all,all,all,all,country_name,Mauritius,5.0,,20230120.0
,LIGR,GRFCR,Removal rate,half-year,Jul-Dec 2022,all,all,all,all,country_name,Mauritius,0.8986,,20230120.0
,LIGR,GRFCR,Total requests received,half-year,Jul-Dec 2022,all,all,all,all,country_name,Nepal,72.0,,20230120.0
,LIGR,GRFCR,Total content received,half-year,Jul-Dec 2022,all,all,all,all,country_name,Nepal,16.0,,20230120.0
,LIGR,GRFCR,Content actioned due to community guidelines violations,half-year,Jul-Dec 2022,all,all,all,all,country_name,Nepal,11.0,,20230120.0
,LIGR,GRFCR,Content actioned due to (local) law violations,half-year,Jul-Dec 2022,all,all,all,all,country_name,Nepal,1.0,,20230120.0
,LIGR,GRFCR,Content not actioned,half-year,Jul-Dec 2022,all,all,all,all,country_name,Nepal,4.0,,20230120.0
,LIGR,GRFCR,Total accounts received,half-year,Jul-Dec 2022,all,all,all,all,country_name,Nepal,74.0,,20230120.0
,LIGR,GRFCR,Accounts actioned due to community guidelines violations,half-year,Jul-Dec 2022,all,all,all,all,country_name,Nepal,59.0,,20230120.0
,LIGR,GRFCR,Accounts actioned due to (local) law violations,half-year,Jul-Dec 2022,all,all,all,all,country_name,Nepal,0.0,,20230120.0
,LIGR,GRFCR,Accounts not actioned,half-year,Jul-Dec 2022,all,all,all,all,country_name,Nepal,15.0,,20230120.0
,LIGR,GRFCR,Removal rate,half-year,Jul-Dec 2022,all,all,all,all,country_name,Nepal,0.7889,,20230120.0
,LIGR,GRFCR,Total requests received,half-year,Jul-Dec 2022,all,all,all,all,country_name,New Zealand,147.0,,20230120.0
,LIGR,GRFCR,Total content received,half-year,Jul-Dec 2022,all,all,all,all,country_name,New Zealand,204.0,,20230120.0
,LIGR,GRFCR,Content actioned due to community guidelines violations,half-year,Jul-Dec 2022,all,all,all,all,country_name,New Zealand,174.0,,20230120.0
,LIGR,GRFCR,Content actioned due to (local) law violations,half-year,Jul-Dec 2022,all,all,all,all,country_name,New Zealand,1.0,,20230120.0
,LIGR,GRFCR,Content not actioned,half-year,Jul-Dec 2022,all,all,all,all,country_name,New Zealand,29.0,,20230120.0
,LIGR,GRFCR,Total accounts received,half-year,Jul-Dec 2022,all,all,all,all,country_name,New Zealand,237.0,,20230120.0
,LIGR,GRFCR,Accounts actioned due to community guidelines violations,half-year,Jul-Dec 2022,all,all,all,all,country_name,New Zealand,183.0,,20230120.0
,LIGR,GRFCR,Accounts actioned due to (local) law violations,half-year,Jul-Dec 2022,all,all,all,all,country_name,New Zealand,0.0,,20230120.0
,LIGR,GRFCR,Accounts not actioned,half-year,Jul-Dec 2022,all,all,all,all,country_name,New Zealand,54.0,,20230120.0
,LIGR,GRFCR,Removal rate,half-year,Jul-Dec 2022,all,all,all,all,country_name,New Zealand,0.8118,,20230120.0
,LIGR,GRFCR,Total requests received,half-year,Jul-Dec 2022,all,all,all,all,country_name,Norway,3.0,,20230120.0
,LIGR,GRFCR,Total content received,half-year,Jul-Dec 2022,all,all,all,all,country_name,Norway,0.0,,20230120.0
,LIGR,GRFCR,Content actioned due to community guidelines violations,half-year,Jul-Dec 2022,all,all,all,all,country_name,Norway,0.0,,20230120.0
,LIGR,GRFCR,Content actioned due to (local) law violations,half-year,Jul-Dec 2022,all,all,all,all,country_name,Norway,0.0,,20230120.0
,LIGR,GRFCR,Content not actioned,half-year,Jul-Dec 2022,all,all,all,all,country_name,Norway,0.0,,20230120.0
,LIGR,GRFCR,Total accounts received,half-year,Jul-Dec 2022,all,all,all,all,country_name,Norway,3.0,,20230120.0
,LIGR,GRFCR,Accounts actioned due to community guidelines violations,half-year,Jul-Dec 2022,all,all,all,all,country_name,Norway,2.0,,20230120.0
,LIGR,GRFCR,Accounts actioned due to (local) law violations,half-year,Jul-Dec 2022,all,all,all,all,country_name,Norway,0.0,,20230120.0
,LIGR,GRFCR,Accounts not actioned,half-year,Jul-Dec 2022,all,all,all,all,country_name,Norway,1.0,,20230120.0
,LIGR,GRFCR,Removal rate,half-year,Jul-Dec 2022,all,all,all,all,country_name,Norway,0.6667,,20230120.0
,LIGR,GRFCR,Total requests received,half-year,Jul-Dec 2022,all,all,all,all,country_name,Pakistan,169.0,,20230120.0
,LIGR,GRFCR,Total content received,half-year,Jul-Dec 2022,all,all,all,all,country_name,Pakistan,9984.0,,20230120.0
,LIGR,GRFCR,Content actioned due to community guidelines violations,half-year,Jul-Dec 2022,all,all,all,all,country_name,Pakistan,4428.0,,20230120.0
,LIGR,GRFCR,Content actioned due to (local) law violations,half-year,Jul-Dec 2022,all,all,all,all,country_name,Pakistan,4481.0,,20230120.0
,LIGR,GRFCR,Content not actioned,half-year,Jul-Dec 2022,all,all,all,all,country_name,Pakistan,1075.0,,20230120.0
,LIGR,GRFCR,Total accounts received,half-year,Jul-Dec 2022,all,all,all,all,country_name,Pakistan,107.0,,20230120.0
,LIGR,GRFCR,Accounts actioned due to community guidelines violations,half-year,Jul-Dec 2022,all,all,all,all,country_name,Pakistan,15.0,,20230120.0
,LIGR,GRFCR,Accounts actioned due to (local) law violations,half-year,Jul-Dec 2022,all,all,all,all,country_name,Pakistan,53.0,,20230120.0
,LIGR,GRFCR,Accounts not actioned,half-year,Jul-Dec 2022,all,all,all,all,country_name,Pakistan,39.0,,20230120.0
,LIGR,GRFCR,Removal rate,half-year,Jul-Dec 2022,all,all,all,all,country_name,Pakistan,0.8896,,20230120.0
,LIGR,GRFCR,Total requests received,half-year,Jul-Dec 2022,all,all,all,all,country_name,Palestine,12.0,,20230120.0
,LIGR,GRFCR,Total content received,half-year,Jul-Dec 2022,all,all,all,all,country_name,Palestine,5.0,,20230120.0
,LIGR,GRFCR,Content actioned due to community guidelines violations,half-year,Jul-Dec 2022,all,all,all,all,country_name,Palestine,2.0,,20230120.0
,LIGR,GRFCR,Content actioned due to (local) law violations,half-year,Jul-Dec 2022,all,all,all,all,country_name,Palestine,0.0,,20230120.0
,LIGR,GRFCR,Content not actioned,half-year,Jul-Dec 2022,all,all,all,all,country_name,Palestine,3.0,,20230120.0
,LIGR,GRFCR,Total accounts received,half-year,Jul-Dec 2022,all,all,all,all,country_name,Palestine,9.0,,20230120.0
,LIGR,GRFCR,Accounts actioned due to community guidelines violations,half-year,Jul-Dec 2022,all,all,all,all,country_name,Palestine,3.0,,20230120.0
,LIGR,GRFCR,Accounts actioned due to (local) law violations,half-year,Jul-Dec 2022,all,all,all,all,country_name,Palestine,0.0,,20230120.0
,LIGR,GRFCR,Accounts not actioned,half-year,Jul-Dec 2022,all,all,all,all,country_name,Palestine,6.0,,20230120.0
,LIGR,GRFCR,Removal rate,half-year,Jul-Dec 2022,all,all,all,all,country_name,Palestine,0.3571,,20230120.0
,LIGR,GRFCR,Total requests received,half-year,Jul-Dec 2022,all,all,all,all,country_name,Philippines,5.0,,20230120.0
,LIGR,GRFCR,Total content received,half-year,Jul-Dec 2022,all,all,all,all,country_name,Philippines,3.0,,20230120.0
,LIGR,GRFCR,Content actioned due to community guidelines violations,half-year,Jul-Dec 2022,all,all,all,all,country_name,Philippines,2.0,,20230120.0
,LIGR,GRFCR,Content actioned due to (local) law violations,half-year,Jul-Dec 2022,all,all,all,all,country_name,Philippines,0.0,,20230120.0
,LIGR,GRFCR,Content not actioned,half-year,Jul-Dec 2022,all,all,all,all,country_name,Philippines,1.0,,20230120.0
,LIGR,GRFCR,Total accounts received,half-year,Jul-Dec 2022,all,all,all,all,country_name,Philippines,3.0,,20230120.0
,LIGR,GRFCR,Accounts actioned due to community guidelines violations,half-year,Jul-Dec 2022,all,all,all,all,country_name,Philippines,3.0,,20230120.0
,LIGR,GRFCR,Accounts actioned due to (local) law violations,half-year,Jul-Dec 2022,all,all,all,all,country_name,Philippines,0.0,,20230120.0
,LIGR,GRFCR,Accounts not actioned,half-year,Jul-Dec 2022,all,all,all,all,country_name,Philippines,0.0,,20230120.0
,LIGR,GRFCR,Removal rate,half-year,Jul-Dec 2022,all,all,all,all,country_name,Philippines,0.8333,,20230120.0
,LIGR,GRFCR,Total requests received,half-year,Jul-Dec 2022,all,all,all,all,country_name,Russia,335.0,,20230120.0
,LIGR,GRFCR,Total content received,half-year,Jul-Dec 2022,all,all,all,all,country_name,Russia,560.0,,20230120.0
,LIGR,GRFCR,Content actioned due to community guidelines violations,half-year,Jul-Dec 2022,all,all,all,all,country_name,Russia,515.0,,20230120.0
,LIGR,GRFCR,Content actioned due to (local) law violations,half-year,Jul-Dec 2022,all,all,all,all,country_name,Russia,33.0,,20230120.0
,LIGR,GRFCR,Content not actioned,half-year,Jul-Dec 2022,all,all,all,all,country_name,Russia,12.0,,20230120.0
,LIGR,GRFCR,Total accounts received,half-year,Jul-Dec 2022,all,all,all,all,country_name,Russia,65.0,,20230120.0
,LIGR,GRFCR,Accounts actioned due to community guidelines violations,half-year,Jul-Dec 2022,all,all,all,all,country_name,Russia,57.0,,20230120.0
,LIGR,GRFCR,Accounts actioned due to (local) law violations,half-year,Jul-Dec 2022,all,all,all,all,country_name,Russia,1.0,,20230120.0
,LIGR,GRFCR,Accounts not actioned,half-year,Jul-Dec 2022,all,all,all,all,country_name,Russia,7.0,,20230120.0
,LIGR,GRFCR,Removal rate,half-year,Jul-Dec 2022,all,all,all,all,country_name,Russia,0.9696,,20230120.0
,LIGR,GRFCR,Total requests received,half-year,Jul-Dec 2022,all,all,all,all,country_name,Singapore,27.0,,20230120.0
,LIGR,GRFCR,Total content received,half-year,Jul-Dec 2022,all,all,all,all,country_name,Singapore,26.0,,20230120.0
,LIGR,GRFCR,Content actioned due to community guidelines violations,half-year,Jul-Dec 2022,all,all,all,all,country_name,Singapore,23.0,,20230120.0
,LIGR,GRFCR,Content actioned due to (local) law violations,half-year,Jul-Dec 2022,all,all,all,all,country_name,Singapore,1.0,,20230120.0
,LIGR,GRFCR,Content not actioned,half-year,Jul-Dec 2022,all,all,all,all,country_name,Singapore,2.0,,20230120.0
,LIGR,GRFCR,Total accounts received,half-year,Jul-Dec 2022,all,all,all,all,country_name,Singapore,27.0,,20230120.0
,LIGR,GRFCR,Accounts actioned due to community guidelines violations,half-year,Jul-Dec 2022,all,all,all,all,country_name,Singapore,26.0,,20230120.0
,LIGR,GRFCR,Accounts actioned due to (local) law violations,half-year,Jul-Dec 2022,all,all,all,all,country_name,Singapore,0.0,,20230120.0
,LIGR,GRFCR,Accounts not actioned,half-year,Jul-Dec 2022,all,all,all,all,country_name,Singapore,1.0,,20230120.0
,LIGR,GRFCR,Removal rate,half-year,Jul-Dec 2022,all,all,all,all,country_name,Singapore,0.9434,,20230120.0
,LIGR,GRFCR,Total requests received,half-year,Jul-Dec 2022,all,all,all,all,country_name,Spain,1.0,,20230120.0
,LIGR,GRFCR,Total content received,half-year,Jul-Dec 2022,all,all,all,all,country_name,Spain,0.0,,20230120.0
,LIGR,GRFCR,Content actioned due to community guidelines violations,half-year,Jul-Dec 2022,all,all,all,all,country_name,Spain,0.0,,20230120.0
,LIGR,GRFCR,Content actioned due to (local) law violations,half-year,Jul-Dec 2022,all,all,all,all,country_name,Spain,0.0,,20230120.0
,LIGR,GRFCR,Content not actioned,half-year,Jul-Dec 2022,all,all,all,all,country_name,Spain,0.0,,20230120.0
,LIGR,GRFCR,Total accounts received,half-year,Jul-Dec 2022,all,all,all,all,country_name,Spain,1.0,,20230120.0
,LIGR,GRFCR,Accounts actioned due to community guidelines violations,half-year,Jul-Dec 2022,all,all,all,all,country_name,Spain,1.0,,20230120.0
,LIGR,GRFCR,Accounts actioned due to (local) law violations,half-year,Jul-Dec 2022,all,all,all,all,country_name,Spain,0.0,,20230120.0
,LIGR,GRFCR,Accounts not actioned,half-year,Jul-Dec 2022,all,all,all,all,country_name,Spain,0.0,,20230120.0
,LIGR,GRFCR,Removal rate,half-year,Jul-Dec 2022,all,all,all,all,country_name,Spain,1.0,,20230120.0
,LIGR,GRFCR,Total requests received,half-year,Jul-Dec 2022,all,all,all,all,country_name,Sri Lanka,3.0,,20230120.0
,LIGR,GRFCR,Total content received,half-year,Jul-Dec 2022,all,all,all,all,country_name,Sri Lanka,1.0,,20230120.0
,LIGR,GRFCR,Content actioned due to community guidelines violations,half-year,Jul-Dec 2022,all,all,all,all,country_name,Sri Lanka,1.0,,20230120.0
,LIGR,GRFCR,Content actioned due to (local) law violations,half-year,Jul-Dec 2022,all,all,all,all,country_name,Sri Lanka,0.0,,20230120.0
,LIGR,GRFCR,Content not actioned,half-year,Jul-Dec 2022,all,all,all,all,country_name,Sri Lanka,0.0,,20230120.0
,LIGR,GRFCR,Total accounts received,half-year,Jul-Dec 2022,all,all,all,all,country_name,Sri Lanka,2.0,,20230120.0
,LIGR,GRFCR,Accounts actioned due to community guidelines violations,half-year,Jul-Dec 2022,all,all,all,all,country_name,Sri Lanka,0.0,,20230120.0
,LIGR,GRFCR,Accounts actioned due to (local) law violations,half-year,Jul-Dec 2022,all,all,all,all,country_name,Sri Lanka,0.0,,20230120.0
,LIGR,GRFCR,Accounts not actioned,half-year,Jul-Dec 2022,all,all,all,all,country_name,Sri Lanka,2.0,,20230120.0
,LIGR,GRFCR,Removal rate,half-year,Jul-Dec 2022,all,all,all,all,country_name,Sri Lanka,0.3333,,20230120.0
,LIGR,GRFCR,Total requests received,half-year,Jul-Dec 2022,all,all,all,all,country_name,Thailand,5.0,,20230120.0
,LIGR,GRFCR,Total content received,half-year,Jul-Dec 2022,all,all,all,all,country_name,Thailand,2.0,,20230120.0
,LIGR,GRFCR,Content actioned due to community guidelines violations,half-year,Jul-Dec 2022,all,all,all,all,country_name,Thailand,2.0,,20230120.0
,LIGR,GRFCR,Content actioned due to (local) law violations,half-year,Jul-Dec 2022,all,all,all,all,country_name,Thailand,0.0,,20230120.0
,LIGR,GRFCR,Content not actioned,half-year,Jul-Dec 2022,all,all,all,all,country_name,Thailand,0.0,,20230120.0
,LIGR,GRFCR,Total accounts received,half-year,Jul-Dec 2022,all,all,all,all,country_name,Thailand,3.0,,20230120.0
,LIGR,GRFCR,Accounts actioned due to community guidelines violations,half-year,Jul-Dec 2022,all,all,all,all,country_name,Thailand,3.0,,20230120.0
,LIGR,GRFCR,Accounts actioned due to (local) law violations,half-year,Jul-Dec 2022,all,all,all,all,country_name,Thailand,0.0,,20230120.0
,LIGR,GRFCR,Accounts not actioned,half-year,Jul-Dec 2022,all,all,all,all,country_name,Thailand,0.0,,20230120.0
,LIGR,GRFCR,Removal rate,half-year,Jul-Dec 2022,all,all,all,all,country_name,Thailand,1.0,,20230120.0
,LIGR,GRFCR,Total requests received,half-year,Jul-Dec 2022,all,all,all,all,country_name,Turkey,92.0,,20230120.0
,LIGR,GRFCR,Total content received,half-year,Jul-Dec 2022,all,all,all,all,country_name,Turkey,181.0,,20230120.0
,LIGR,GRFCR,Content actioned due to community guidelines violations,half-year,Jul-Dec 2022,all,all,all,all,country_name,Turkey,44.0,,20230120.0
,LIGR,GRFCR,Content actioned due to (local) law violations,half-year,Jul-Dec 2022,all,all,all,all,country_name,Turkey,125.0,,20230120.0
,LIGR,GRFCR,Content not actioned,half-year,Jul-Dec 2022,all,all,all,all,country_name,Turkey,12.0,,20230120.0
,LIGR,GRFCR,Total accounts received,half-year,Jul-Dec 2022,all,all,all,all,country_name,Turkey,99.0,,20230120.0
,LIGR,GRFCR,Accounts actioned due to community guidelines violations,half-year,Jul-Dec 2022,all,all,all,all,country_name,Turkey,11.0,,20230120.0
,LIGR,GRFCR,Accounts actioned due to (local) law violations,half-year,Jul-Dec 2022,all,all,all,all,country_name,Turkey,82.0,,20230120.0
,LIGR,GRFCR,Accounts not actioned,half-year,Jul-Dec 2022,all,all,all,all,country_name,Turkey,6.0,,20230120.0
,LIGR,GRFCR,Removal rate,half-year,Jul-Dec 2022,all,all,all,all,country_name,Turkey,0.9357,,20230120.0
,LIGR,GRFCR,Total requests received,half-year,Jul-Dec 2022,all,all,all,all,country_name,Ukraine,1.0,,20230120.0
,LIGR,GRFCR,Total content received,half-year,Jul-Dec 2022,all,all,all,all,country_name,Ukraine,0.0,,20230120.0
,LIGR,GRFCR,Content actioned due to community guidelines violations,half-year,Jul-Dec 2022,all,all,all,all,country_name,Ukraine,0.0,,20230120.0
,LIGR,GRFCR,Content actioned due to (local) law violations,half-year,Jul-Dec 2022,all,all,all,all,country_name,Ukraine,0.0,,20230120.0
,LIGR,GRFCR,Content not actioned,half-year,Jul-Dec 2022,all,all,all,all,country_name,Ukraine,0.0,,20230120.0
,LIGR,GRFCR,Total accounts received,half-year,Jul-Dec 2022,all,all,all,all,country_name,Ukraine,24.0,,20230120.0
,LIGR,GRFCR,Accounts actioned due to community guidelines violations,half-year,Jul-Dec 2022,all,all,all,all,country_name,Ukraine,1.0,,20230120.0
,LIGR,GRFCR,Accounts actioned due to (local) law violations,half-year,Jul-Dec 2022,all,all,all,all,country_name,Ukraine,0.0,,20230120.0
,LIGR,GRFCR,Accounts not actioned,half-year,Jul-Dec 2022,all,all,all,all,country_name,Ukraine,23.0,,20230120.0
,LIGR,GRFCR,Removal rate,half-year,Jul-Dec 2022,all,all,all,all,country_name,Ukraine,0.0417,,20230120.0
,LIGR,GRFCR,Total requests received,half-year,Jul-Dec 2022,all,all,all,all,country_name,United Arab Emirates,35.0,,20230120.0
,LIGR,GRFCR,Total content received,half-year,Jul-Dec 2022,all,all,all,all,country_name,United Arab Emirates,22.0,,20230120.0
,LIGR,GRFCR,Content actioned due to community guidelines violations,half-year,Jul-Dec 2022,all,all,all,all,country_name,United Arab Emirates,15.0,,20230120.0
,LIGR,GRFCR,Content actioned due to (local) law violations,half-year,Jul-Dec 2022,all,all,all,all,country_name,United Arab Emirates,4.0,,20230120.0
,LIGR,GRFCR,Content not actioned,half-year,Jul-Dec 2022,all,all,all,all,country_name,United Arab Emirates,3.0,,20230120.0
,LIGR,GRFCR,Total accounts received,half-year,Jul-Dec 2022,all,all,all,all,country_name,United Arab Emirates,35.0,,20230120.0
,LIGR,GRFCR,Accounts actioned due to community guidelines violations,half-year,Jul-Dec 2022,all,all,all,all,country_name,United Arab Emirates,28.0,,20230120.0
,LIGR,GRFCR,Accounts actioned due to (local) law violations,half-year,Jul-Dec 2022,all,all,all,all,country_name,United Arab Emirates,0.0,,20230120.0
,LIGR,GRFCR,Accounts not actioned,half-year,Jul-Dec 2022,all,all,all,all,country_name,United Arab Emirates,7.0,,20230120.0
,LIGR,GRFCR,Removal rate,half-year,Jul-Dec 2022,all,all,all,all,country_name,United Arab Emirates,0.8246,,20230120.0
,LIGR,GRFCR,Total requests received,half-year,Jul-Dec 2022,all,all,all,all,country_name,United Kingdom,109.0,,20230120.0
,LIGR,GRFCR,Total content received,half-year,Jul-Dec 2022,all,all,all,all,country_name,United Kingdom,164.0,,20230120.0
,LIGR,GRFCR,Content actioned due to community guidelines violations,half-year,Jul-Dec 2022,all,all,all,all,country_name,United Kingdom,157.0,,20230120.0
,LIGR,GRFCR,Content actioned due to (local) law violations,half-year,Jul-Dec 2022,all,all,all,all,country_name,United Kingdom,0.0,,20230120.0
,LIGR,GRFCR,Content not actioned,half-year,Jul-Dec 2022,all,all,all,all,country_name,United Kingdom,7.0,,20230120.0
,LIGR,GRFCR,Total accounts received,half-year,Jul-Dec 2022,all,all,all,all,country_name,United Kingdom,201.0,,20230120.0
,LIGR,GRFCR,Accounts actioned due to community guidelines violations,half-year,Jul-Dec 2022,all,all,all,all,country_name,United Kingdom,166.0,,20230120.0
,LIGR,GRFCR,Accounts actioned due to (local) law violations,half-year,Jul-Dec 2022,all,all,all,all,country_name,United Kingdom,0.0,,20230120.0
,LIGR,GRFCR,Accounts not actioned,half-year,Jul-Dec 2022,all,all,all,all,country_name,United Kingdom,35.0,,20230120.0
,LIGR,GRFCR,Removal rate,half-year,Jul-Dec 2022,all,all,all,all,country_name,United Kingdom,0.8849,,20230120.0
,LIGR,GRFCR,Total requests received,half-year,Jul-Dec 2022,all,all,all,all,country_name,United States,11.0,,20230120.0
,LIGR,GRFCR,Total content received,half-year,Jul-Dec 2022,all,all,all,all,country_name,United States,10.0,,20230120.0
,LIGR,GRFCR,Content actioned due to community guidelines violations,half-year,Jul-Dec 2022,all,all,all,all,country_name,United States,1.0,,20230120.0
,LIGR,GRFCR,Content actioned due to (local) law violations,half-year,Jul-Dec 2022,all,all,all,all,country_name,United States,0.0,,20230120.0
,LIGR,GRFCR,Content not actioned,half-year,Jul-Dec 2022,all,all,all,all,country_name,United States,9.0,,20230120.0
,LIGR,GRFCR,Total accounts received,half-year,Jul-Dec 2022,all,all,all,all,country_name,United States,8.0,,20230120.0
,LIGR,GRFCR,Accounts actioned due to community guidelines violations,half-year,Jul-Dec 2022,all,all,all,all,country_name,United States,4.0,,20230120.0
,LIGR,GRFCR,Accounts actioned due to (local) law violations,half-year,Jul-Dec 2022,all,all,all,all,country_name,United States,0.0,,20230120.0
,LIGR,GRFCR,Accounts not actioned,half-year,Jul-Dec 2022,all,all,all,all,country_name,United States,4.0,,20230120.0
,LIGR,GRFCR,Removal rate,half-year,Jul-Dec 2022,all,all,all,all,country_name,United States,0.278,,20230120.0
,LIGR,GRFCR,Total requests received,half-year,Jul-Dec 2022,all,all,all,all,country_name,Uzbekistan,10.0,,20230120.0
,LIGR,GRFCR,Total content received,half-year,Jul-Dec 2022,all,all,all,all,country_name,Uzbekistan,55.0,,20230120.0
,LIGR,GRFCR,Content actioned due to community guidelines violations,half-year,Jul-Dec 2022,all,all,all,all,country_name,Uzbekistan,35.0,,20230120.0
,LIGR,GRFCR,Content actioned due to (local) law violations,half-year,Jul-Dec 2022,all,all,all,all,country_name,Uzbekistan,1.0,,20230120.0
,LIGR,GRFCR,Content not actioned,half-year,Jul-Dec 2022,all,all,all,all,country_name,Uzbekistan,19.0,,20230120.0
,LIGR,GRFCR,Total accounts received,half-year,Jul-Dec 2022,all,all,all,all,country_name,Uzbekistan,17.0,,20230120.0
,LIGR,GRFCR,Accounts actioned due to community guidelines violations,half-year,Jul-Dec 2022,all,all,all,all,country_name,Uzbekistan,16.0,,20230120.0
,LIGR,GRFCR,Accounts actioned due to (local) law violations,half-year,Jul-Dec 2022,all,all,all,all,country_name,Uzbekistan,0.0,,20230120.0
,LIGR,GRFCR,Accounts not actioned,half-year,Jul-Dec 2022,all,all,all,all,country_name,Uzbekistan,1.0,,20230120.0
,LIGR,GRFCR,Removal rate,half-year,Jul-Dec 2022,all,all,all,all,country_name,Uzbekistan,0.7222,,20230120.0
,LIGR,GRFCR,Total requests received,half-year,Jul-Dec 2022,all,all,all,all,country_name,Vietnam,33.0,,20230120.0
,LIGR,GRFCR,Total content received,half-year,Jul-Dec 2022,all,all,all,all,country_name,Vietnam,175.0,,20230120.0
,LIGR,GRFCR,Content actioned due to community guidelines violations,half-year,Jul-Dec 2022,all,all,all,all,country_name,Vietnam,4.0,,20230120.0
,LIGR,GRFCR,Content actioned due to (local) law violations,half-year,Jul-Dec 2022,all,all,all,all,country_name,Vietnam,126.0,,20230120.0
,LIGR,GRFCR,Content not actioned,half-year,Jul-Dec 2022,all,all,all,all,country_name,Vietnam,45.0,,20230120.0
,LIGR,GRFCR,Total accounts received,half-year,Jul-Dec 2022,all,all,all,all,country_name,Vietnam,20.0,,20230120.0
,LIGR,GRFCR,Accounts actioned due to community guidelines violations,half-year,Jul-Dec 2022,all,all,all,all,country_name,Vietnam,2.0,,20230120.0
,LIGR,GRFCR,Accounts actioned due to (local) law violations,half-year,Jul-Dec 2022,all,all,all,all,country_name,Vietnam,13.0,,20230120.0
,LIGR,GRFCR,Accounts not actioned,half-year,Jul-Dec 2022,all,all,all,all,country_name,Vietnam,5.0,,20230120.0
,LIGR,GRFCR,Removal rate,half-year,Jul-Dec 2022,all,all,all,all,country_name,Vietnam,0.7436,,20230120.0
,LIGR,GRFCR,Removal rate,half-year,Jan-Jun 2022,all,all,all,all,country_name,Australia,0.841,,20230120.0
,LIGR,GRFCR,Removal rate,half-year,Jan-Jun 2022,all,all,all,all,country_name,Austria,0.833,,20230120.0
,LIGR,GRFCR,Removal rate,half-year,Jan-Jun 2022,all,all,all,all,country_name,Azerbaijan,0.815,,20230120.0
,LIGR,GRFCR,Removal rate,half-year,Jan-Jun 2022,all,all,all,all,country_name,Bangladesh,0.332,,20230120.0
,LIGR,GRFCR,Removal rate,half-year,Jan-Jun 2022,all,all,all,all,country_name,Belgium,0.357,,20230120.0
,LIGR,GRFCR,Removal rate,half-year,Jan-Jun 2022,all,all,all,all,country_name,Canada,0.167,,20230120.0
,LIGR,GRFCR,Removal rate,half-year,Jan-Jun 2022,all,all,all,all,country_name,Cyprus,0.667,,20230120.0
,LIGR,GRFCR,Removal rate,half-year,Jan-Jun 2022,all,all,all,all,country_name,Fiji,0.97,,20230120.0
,LIGR,GRFCR,Removal rate,half-year,Jan-Jun 2022,all,all,all,all,country_name,Finland,0.5,,20230120.0
,LIGR,GRFCR,Removal rate,half-year,Jan-Jun 2022,all,all,all,all,country_name,France,0.548,,20230120.0
,LIGR,GRFCR,Removal rate,half-year,Jan-Jun 2022,all,all,all,all,country_name,Germany,0.474,,20230120.0
,LIGR,GRFCR,Removal rate,half-year,Jan-Jun 2022,all,all,all,all,country_name,Greece,0.5,,20230120.0
,LIGR,GRFCR,Removal rate,half-year,Jan-Jun 2022,all,all,all,all,country_name,Indonesia,0.732,,20230120.0
,LIGR,GRFCR,Removal rate,half-year,Jan-Jun 2022,all,all,all,all,country_name,Ireland,0.714,,20230120.0
,LIGR,GRFCR,Removal rate,half-year,Jan-Jun 2022,all,all,all,all,country_name,Israel,0.94,,20230120.0
,LIGR,GRFCR,Removal rate,half-year,Jan-Jun 2022,all,all,all,all,country_name,Italy,0.5,,20230120.0
,LIGR,GRFCR,Removal rate,half-year,Jan-Jun 2022,all,all,all,all,country_name,Jordan,0.714,,20230120.0
,LIGR,GRFCR,Removal rate,half-year,Jan-Jun 2022,all,all,all,all,country_name,Kazakhstan,0.833,,20230120.0
,LIGR,GRFCR,Removal rate,half-year,Jan-Jun 2022,all,all,all,all,country_name,Kosovo,0.667,,20230120.0
,LIGR,GRFCR,Removal rate,half-year,Jan-Jun 2022,all,all,all,all,country_name,Macedonia,0.429,,20230120.0
,LIGR,GRFCR,Removal rate,half-year,Jan-Jun 2022,all,all,all,all,country_name,Malaysia,0.769,,20230120.0
,LIGR,GRFCR,Removal rate,half-year,Jan-Jun 2022,all,all,all,all,country_name,Moldova,0.385,,20230120.0
,LIGR,GRFCR,Removal rate,half-year,Jan-Jun 2022,all,all,all,all,country_name,Nepal,0.622,,20230120.0
,LIGR,GRFCR,Removal rate,half-year,Jan-Jun 2022,all,all,all,all,country_name,Netherlands,0.111,,20230120.0
,LIGR,GRFCR,Removal rate,half-year,Jan-Jun 2022,all,all,all,all,country_name,New Zealand,0.793,,20230120.0
,LIGR,GRFCR,Removal rate,half-year,Jan-Jun 2022,all,all,all,all,country_name,Norway,0.786,,20230120.0
,LIGR,GRFCR,Removal rate,half-year,Jan-Jun 2022,all,all,all,all,country_name,Pakistan,0.987,,20230120.0
,LIGR,GRFCR,Removal rate,half-year,Jan-Jun 2022,all,all,all,all,country_name,Qatar,0.25,,20230120.0
,LIGR,GRFCR,Removal rate,half-year,Jan-Jun 2022,all,all,all,all,country_name,Russia,0.797,,20230120.0
,LIGR,GRFCR,Removal rate,half-year,Jan-Jun 2022,all,all,all,all,country_name,Singapore,0.887,,20230120.0
,LIGR,GRFCR,Removal rate,half-year,Jan-Jun 2022,all,all,all,all,country_name,Spain,0.227,,20230120.0
,LIGR,GRFCR,Removal rate,half-year,Jan-Jun 2022,all,all,all,all,country_name,Sweden,0.931,,20230120.0
,LIGR,GRFCR,Removal rate,half-year,Jan-Jun 2022,all,all,all,all,country_name,Thailand,0.916,,20230120.0
,LIGR,GRFCR,Removal rate,half-year,Jan-Jun 2022,all,all,all,all,country_name,Turkey,0.91,,20230120.0
,LIGR,GRFCR,Removal rate,half-year,Jan-Jun 2022,all,all,all,all,country_name,Ukraine,0.186,,20230120.0
,LIGR,GRFCR,Removal rate,half-year,Jan-Jun 2022,all,all,all,all,country_name,United Arab Emirates,0.786,,20230120.0
,LIGR,GRFCR,Removal rate,half-year,Jan-Jun 2022,all,all,all,all,country_name,United Kingdom,0.726,,20230120.0
,LIGR,GRFCR,Removal rate,half-year,Jan-Jun 2022,all,all,all,all,country_name,United States,0.227,,20230120.0
,LIGR,GRFCR,Removal rate,half-year,Jan-Jun 2022,all,all,all,all,country_name,Uzbekistan,0.885,,20230120.0
,LIGR,GRFCR,Removal rate,half-year,Jan-Jun 2022,all,all,all,all,country_name,Vietnam,0.675,,20230120.0
,LIGR,GRFCR,Accounts actioned due to (local) law violations,half-year,Jan-Jun 2022,all,all,all,all,country_name,Albania,0.0,,20230120.0
,LIGR,GRFCR,Accounts actioned due to (local) law violations,half-year,Jan-Jun 2022,all,all,all,all,country_name,Austria,0.0,,20230120.0
,LIGR,GRFCR,Accounts actioned due to (local) law violations,half-year,Jan-Jun 2022,all,all,all,all,country_name,Azerbaijan,0.0,,20230120.0
,LIGR,GRFCR,Accounts actioned due to (local) law violations,half-year,Jan-Jun 2022,all,all,all,all,country_name,Belarus,0.0,,20230120.0
,LIGR,GRFCR,Accounts actioned due to (local) law violations,half-year,Jan-Jun 2022,all,all,all,all,country_name,Belgium,0.0,,20230120.0
,LIGR,GRFCR,Accounts actioned due to (local) law violations,half-year,Jan-Jun 2022,all,all,all,all,country_name,Canada,0.0,,20230120.0
,LIGR,GRFCR,Accounts actioned due to (local) law violations,half-year,Jan-Jun 2022,all,all,all,all,country_name,Croatia,0.0,,20230120.0
,LIGR,GRFCR,Accounts actioned due to (local) law violations,half-year,Jan-Jun 2022,all,all,all,all,country_name,Cyprus,0.0,,20230120.0
,LIGR,GRFCR,Accounts actioned due to (local) law violations,half-year,Jan-Jun 2022,all,all,all,all,country_name,Egypt,0.0,,20230120.0
,LIGR,GRFCR,Accounts actioned due to (local) law violations,half-year,Jan-Jun 2022,all,all,all,all,country_name,Estonia,0.0,,20230120.0
,LIGR,GRFCR,Accounts actioned due to (local) law violations,half-year,Jan-Jun 2022,all,all,all,all,country_name,Fiji,0.0,,20230120.0
,LIGR,GRFCR,Accounts actioned due to (local) law violations,half-year,Jan-Jun 2022,all,all,all,all,country_name,Finland,0.0,,20230120.0
,LIGR,GRFCR,Accounts actioned due to (local) law violations,half-year,Jan-Jun 2022,all,all,all,all,country_name,France,0.0,,20230120.0
,LIGR,GRFCR,Accounts actioned due to (local) law violations,half-year,Jan-Jun 2022,all,all,all,all,country_name,Germany,0.0,,20230120.0
,LIGR,GRFCR,Accounts actioned due to (local) law violations,half-year,Jan-Jun 2022,all,all,all,all,country_name,Greece,0.0,,20230120.0
,LIGR,GRFCR,Accounts actioned due to (local) law violations,half-year,Jan-Jun 2022,all,all,all,all,country_name,Hungary,0.0,,20230120.0
,LIGR,GRFCR,Accounts actioned due to (local) law violations,half-year,Jan-Jun 2022,all,all,all,all,country_name,Indonesia,0.0,,20230120.0
,LIGR,GRFCR,Accounts actioned due to (local) law violations,half-year,Jan-Jun 2022,all,all,all,all,country_name,Iraq,0.0,,20230120.0
,LIGR,GRFCR,Accounts actioned due to (local) law violations,half-year,Jan-Jun 2022,all,all,all,all,country_name,Ireland,0.0,,20230120.0
,LIGR,GRFCR,Accounts actioned due to (local) law violations,half-year,Jan-Jun 2022,all,all,all,all,country_name,Isle of Man,0.0,,20230120.0
,LIGR,GRFCR,Accounts actioned due to (local) law violations,half-year,Jan-Jun 2022,all,all,all,all,country_name,Italy,0.0,,20230120.0
,LIGR,GRFCR,Accounts actioned due to (local) law violations,half-year,Jan-Jun 2022,all,all,all,all,country_name,Jordan,0.0,,20230120.0
,LIGR,GRFCR,Accounts actioned due to (local) law violations,half-year,Jan-Jun 2022,all,all,all,all,country_name,Kazakhstan,0.0,,20230120.0
,LIGR,GRFCR,Accounts actioned due to (local) law violations,half-year,Jan-Jun 2022,all,all,all,all,country_name,Kosovo,0.0,,20230120.0
,LIGR,GRFCR,Accounts actioned due to (local) law violations,half-year,Jan-Jun 2022,all,all,all,all,country_name,Kuwait,0.0,,20230120.0
,LIGR,GRFCR,Accounts actioned due to (local) law violations,half-year,Jan-Jun 2022,all,all,all,all,country_name,Luxembourg,0.0,,20230120.0
,LIGR,GRFCR,Accounts actioned due to (local) law violations,half-year,Jan-Jun 2022,all,all,all,all,country_name,Macedonia,0.0,,20230120.0
,LIGR,GRFCR,Accounts actioned due to (local) law violations,half-year,Jan-Jun 2022,all,all,all,all,country_name,Malaysia,0.0,,20230120.0
,LIGR,GRFCR,Accounts actioned due to (local) law violations,half-year,Jan-Jun 2022,all,all,all,all,country_name,Moldova,0.0,,20230120.0
,LIGR,GRFCR,Accounts actioned due to (local) law violations,half-year,Jan-Jun 2022,all,all,all,all,country_name,Monaco,0.0,,20230120.0
,LIGR,GRFCR,Accounts actioned due to (local) law violations,half-year,Jan-Jun 2022,all,all,all,all,country_name,Nepal,0.0,,20230120.0
,LIGR,GRFCR,Accounts actioned due to (local) law violations,half-year,Jan-Jun 2022,all,all,all,all,country_name,Netherlands,0.0,,20230120.0
,LIGR,GRFCR,Accounts actioned due to (local) law violations,half-year,Jan-Jun 2022,all,all,all,all,country_name,New Zealand,0.0,,20230120.0
,LIGR,GRFCR,Accounts actioned due to (local) law violations,half-year,Jan-Jun 2022,all,all,all,all,country_name,Norway,0.0,,20230120.0
,LIGR,GRFCR,Accounts actioned due to (local) law violations,half-year,Jan-Jun 2022,all,all,all,all,country_name,Poland,0.0,,20230120.0
,LIGR,GRFCR,Accounts actioned due to (local) law violations,half-year,Jan-Jun 2022,all,all,all,all,country_name,Qatar,0.0,,20230120.0
,LIGR,GRFCR,Accounts actioned due to (local) law violations,half-year,Jan-Jun 2022,all,all,all,all,country_name,Singapore,0.0,,20230120.0
,LIGR,GRFCR,Accounts actioned due to (local) law violations,half-year,Jan-Jun 2022,all,all,all,all,country_name,Slovenia,0.0,,20230120.0
,LIGR,GRFCR,Accounts actioned due to (local) law violations,half-year,Jan-Jun 2022,all,all,all,all,country_name,Spain,0.0,,20230120.0
,LIGR,GRFCR,Accounts actioned due to (local) law violations,half-year,Jan-Jun 2022,all,all,all,all,country_name,Sri Lanka,0.0,,20230120.0
,LIGR,GRFCR,Accounts actioned due to (local) law violations,half-year,Jan-Jun 2022,all,all,all,all,country_name,Sweden,0.0,,20230120.0
,LIGR,GRFCR,Accounts actioned due to (local) law violations,half-year,Jan-Jun 2022,all,all,all,all,country_name,Thailand,0.0,,20230120.0
,LIGR,GRFCR,Accounts actioned due to (local) law violations,half-year,Jan-Jun 2022,all,all,all,all,country_name,United Arab Emirates,0.0,,20230120.0
,LIGR,GRFCR,Accounts actioned due to (local) law violations,half-year,Jan-Jun 2022,all,all,all,all,country_name,United Kingdom,0.0,,20230120.0
,LIGR,GRFCR,Accounts actioned due to (local) law violations,half-year,Jan-Jun 2022,all,all,all,all,country_name,United States,0.0,,20230120.0
,LIGR,GRFCR,Accounts actioned due to (local) law violations,half-year,Jan-Jun 2022,all,all,all,all,country_name,Vietnam,0.0,,20230120.0
,LIGR,GRFCR,Accounts actioned due to community guidelines violations,half-year,Jan-Jun 2022,all,all,all,all,country_name,Belarus,0.0,,20230120.0
,LIGR,GRFCR,Accounts actioned due to community guidelines violations,half-year,Jan-Jun 2022,all,all,all,all,country_name,Egypt,0.0,,20230120.0
,LIGR,GRFCR,Accounts actioned due to community guidelines violations,half-year,Jan-Jun 2022,all,all,all,all,country_name,Hungary,0.0,,20230120.0
,LIGR,GRFCR,Accounts actioned due to community guidelines violations,half-year,Jan-Jun 2022,all,all,all,all,country_name,Kuwait,0.0,,20230120.0
,LIGR,GRFCR,Accounts actioned due to community guidelines violations,half-year,Jan-Jun 2022,all,all,all,all,country_name,Luxembourg,0.0,,20230120.0
,LIGR,GRFCR,Accounts actioned due to community guidelines violations,half-year,Jan-Jun 2022,all,all,all,all,country_name,Monaco,0.0,,20230120.0
,LIGR,GRFCR,Accounts actioned due to community guidelines violations,half-year,Jan-Jun 2022,all,all,all,all,country_name,Vietnam,0.0,,20230120.0
,LIGR,GRFCR,Accounts not actioned,half-year,Jan-Jun 2022,all,all,all,all,country_name,Albania,0.0,,20230120.0
,LIGR,GRFCR,Accounts not actioned,half-year,Jan-Jun 2022,all,all,all,all,country_name,Croatia,0.0,,20230120.0
,LIGR,GRFCR,Accounts not actioned,half-year,Jan-Jun 2022,all,all,all,all,country_name,Estonia,0.0,,20230120.0
,LIGR,GRFCR,Accounts not actioned,half-year,Jan-Jun 2022,all,all,all,all,country_name,Iraq,0.0,,20230120.0
,LIGR,GRFCR,Accounts not actioned,half-year,Jan-Jun 2022,all,all,all,all,country_name,Isle of Man,0.0,,20230120.0
,LIGR,GRFCR,Accounts not actioned,half-year,Jan-Jun 2022,all,all,all,all,country_name,Kazakhstan,0.0,,20230120.0
,LIGR,GRFCR,Accounts not actioned,half-year,Jan-Jun 2022,all,all,all,all,country_name,Kuwait,0.0,,20230120.0
,LIGR,GRFCR,Accounts not actioned,half-year,Jan-Jun 2022,all,all,all,all,country_name,Monaco,0.0,,20230120.0
,LIGR,GRFCR,Accounts not actioned,half-year,Jan-Jun 2022,all,all,all,all,country_name,Poland,0.0,,20230120.0
,LIGR,GRFCR,Accounts not actioned,half-year,Jan-Jun 2022,all,all,all,all,country_name,Slovenia,0.0,,20230120.0
,LIGR,GRFCR,Accounts not actioned,half-year,Jan-Jun 2022,all,all,all,all,country_name,Sri Lanka,0.0,,20230120.0
,LIGR,GRFCR,Accounts not actioned,half-year,Jan-Jun 2022,all,all,all,all,country_name,Thailand,0.0,,20230120.0
,LIGR,GRFCR,Accounts not actioned,half-year,Jan-Jun 2022,all,all,all,all,country_name,Uzbekistan,0.0,,20230120.0
,LIGR,GRFCR,Accounts not actioned,half-year,Jan-Jun 2022,all,all,all,all,country_name,Vietnam,0.0,,20230120.0
,LIGR,GRFCR,Content actioned due to (local) law violations,half-year,Jan-Jun 2022,all,all,all,all,country_name,Albania,0.0,,20230120.0
,LIGR,GRFCR,Content actioned due to (local) law violations,half-year,Jan-Jun 2022,all,all,all,all,country_name,Austria,0.0,,20230120.0
,LIGR,GRFCR,Content actioned due to (local) law violations,half-year,Jan-Jun 2022,all,all,all,all,country_name,Belarus,0.0,,20230120.0
,LIGR,GRFCR,Content actioned due to (local) law violations,half-year,Jan-Jun 2022,all,all,all,all,country_name,Canada,0.0,,20230120.0
,LIGR,GRFCR,Content actioned due to (local) law violations,half-year,Jan-Jun 2022,all,all,all,all,country_name,Croatia,0.0,,20230120.0
,LIGR,GRFCR,Content actioned due to (local) law violations,half-year,Jan-Jun 2022,all,all,all,all,country_name,Cyprus,0.0,,20230120.0
,LIGR,GRFCR,Content actioned due to (local) law violations,half-year,Jan-Jun 2022,all,all,all,all,country_name,Egypt,0.0,,20230120.0
,LIGR,GRFCR,Content actioned due to (local) law violations,half-year,Jan-Jun 2022,all,all,all,all,country_name,Estonia,0.0,,20230120.0
,LIGR,GRFCR,Content actioned due to (local) law violations,half-year,Jan-Jun 2022,all,all,all,all,country_name,Fiji,0.0,,20230120.0
,LIGR,GRFCR,Content actioned due to (local) law violations,half-year,Jan-Jun 2022,all,all,all,all,country_name,Finland,0.0,,20230120.0
,LIGR,GRFCR,Content actioned due to (local) law violations,half-year,Jan-Jun 2022,all,all,all,all,country_name,France,0.0,,20230120.0
,LIGR,GRFCR,Content actioned due to (local) law violations,half-year,Jan-Jun 2022,all,all,all,all,country_name,Germany,0.0,,20230120.0
,LIGR,GRFCR,Content actioned due to (local) law violations,half-year,Jan-Jun 2022,all,all,all,all,country_name,Greece,0.0,,20230120.0
,LIGR,GRFCR,Content actioned due to (local) law violations,half-year,Jan-Jun 2022,all,all,all,all,country_name,Hungary,0.0,,20230120.0
,LIGR,GRFCR,Content actioned due to (local) law violations,half-year,Jan-Jun 2022,all,all,all,all,country_name,Indonesia,0.0,,20230120.0
,LIGR,GRFCR,Content actioned due to (local) law violations,half-year,Jan-Jun 2022,all,all,all,all,country_name,Iraq,0.0,,20230120.0
,LIGR,GRFCR,Content actioned due to (local) law violations,half-year,Jan-Jun 2022,all,all,all,all,country_name,Ireland,0.0,,20230120.0
,LIGR,GRFCR,Content actioned due to (local) law violations,half-year,Jan-Jun 2022,all,all,all,all,country_name,Isle of Man,0.0,,20230120.0
,LIGR,GRFCR,Content actioned due to (local) law violations,half-year,Jan-Jun 2022,all,all,all,all,country_name,Italy,0.0,,20230120.0
,LIGR,GRFCR,Content actioned due to (local) law violations,half-year,Jan-Jun 2022,all,all,all,all,country_name,Kazakhstan,0.0,,20230120.0
,LIGR,GRFCR,Content actioned due to (local) law violations,half-year,Jan-Jun 2022,all,all,all,all,country_name,Kosovo,0.0,,20230120.0
,LIGR,GRFCR,Content actioned due to (local) law violations,half-year,Jan-Jun 2022,all,all,all,all,country_name,Kuwait,0.0,,20230120.0
,LIGR,GRFCR,Content actioned due to (local) law violations,half-year,Jan-Jun 2022,all,all,all,all,country_name,Luxembourg,0.0,,20230120.0
,LIGR,GRFCR,Content actioned due to (local) law violations,half-year,Jan-Jun 2022,all,all,all,all,country_name,Macedonia,0.0,,20230120.0
,LIGR,GRFCR,Content actioned due to (local) law violations,half-year,Jan-Jun 2022,all,all,all,all,country_name,Malaysia,0.0,,20230120.0
,LIGR,GRFCR,Content actioned due to (local) law violations,half-year,Jan-Jun 2022,all,all,all,all,country_name,Moldova,0.0,,20230120.0
,LIGR,GRFCR,Content actioned due to (local) law violations,half-year,Jan-Jun 2022,all,all,all,all,country_name,Monaco,0.0,,20230120.0
,LIGR,GRFCR,Content actioned due to (local) law violations,half-year,Jan-Jun 2022,all,all,all,all,country_name,Nepal,0.0,,20230120.0
,LIGR,GRFCR,Content actioned due to (local) law violations,half-year,Jan-Jun 2022,all,all,all,all,country_name,Netherlands,0.0,,20230120.0
,LIGR,GRFCR,Content actioned due to (local) law violations,half-year,Jan-Jun 2022,all,all,all,all,country_name,New Zealand,0.0,,20230120.0
,LIGR,GRFCR,Content actioned due to (local) law violations,half-year,Jan-Jun 2022,all,all,all,all,country_name,Norway,0.0,,20230120.0
,LIGR,GRFCR,Content actioned due to (local) law violations,half-year,Jan-Jun 2022,all,all,all,all,country_name,Poland,0.0,,20230120.0
,LIGR,GRFCR,Content actioned due to (local) law violations,half-year,Jan-Jun 2022,all,all,all,all,country_name,Qatar,0.0,,20230120.0
,LIGR,GRFCR,Content actioned due to (local) law violations,half-year,Jan-Jun 2022,all,all,all,all,country_name,Singapore,0.0,,20230120.0
,LIGR,GRFCR,Content actioned due to (local) law violations,half-year,Jan-Jun 2022,all,all,all,all,country_name,Slovenia,0.0,,20230120.0
,LIGR,GRFCR,Content actioned due to (local) law violations,half-year,Jan-Jun 2022,all,all,all,all,country_name,Spain,0.0,,20230120.0
,LIGR,GRFCR,Content actioned due to (local) law violations,half-year,Jan-Jun 2022,all,all,all,all,country_name,Sri Lanka,0.0,,20230120.0
,LIGR,GRFCR,Content actioned due to (local) law violations,half-year,Jan-Jun 2022,all,all,all,all,country_name,Sweden,0.0,,20230120.0
,LIGR,GRFCR,Content actioned due to (local) law violations,half-year,Jan-Jun 2022,all,all,all,all,country_name,Ukraine,0.0,,20230120.0
,LIGR,GRFCR,Content actioned due to (local) law violations,half-year,Jan-Jun 2022,all,all,all,all,country_name,United Kingdom,0.0,,20230120.0
,LIGR,GRFCR,Content actioned due to (local) law violations,half-year,Jan-Jun 2022,all,all,all,all,country_name,United States,0.0,,20230120.0
,LIGR,GRFCR,Content actioned due to community guidelines violations,half-year,Jan-Jun 2022,all,all,all,all,country_name,Austria,0.0,,20230120.0
,LIGR,GRFCR,Content actioned due to community guidelines violations,half-year,Jan-Jun 2022,all,all,all,all,country_name,Belarus,0.0,,20230120.0
,LIGR,GRFCR,Content actioned due to community guidelines violations,half-year,Jan-Jun 2022,all,all,all,all,country_name,Belgium,0.0,,20230120.0
,LIGR,GRFCR,Content actioned due to community guidelines violations,half-year,Jan-Jun 2022,all,all,all,all,country_name,Canada,0.0,,20230120.0
,LIGR,GRFCR,Content actioned due to community guidelines violations,half-year,Jan-Jun 2022,all,all,all,all,country_name,Croatia,0.0,,20230120.0
,LIGR,GRFCR,Content actioned due to community guidelines violations,half-year,Jan-Jun 2022,all,all,all,all,country_name,Cyprus,0.0,,20230120.0
,LIGR,GRFCR,Content actioned due to community guidelines violations,half-year,Jan-Jun 2022,all,all,all,all,country_name,Egypt,0.0,,20230120.0
,LIGR,GRFCR,Content actioned due to community guidelines violations,half-year,Jan-Jun 2022,all,all,all,all,country_name,Estonia,0.0,,20230120.0
,LIGR,GRFCR,Content actioned due to community guidelines violations,half-year,Jan-Jun 2022,all,all,all,all,country_name,Finland,0.0,,20230120.0
,LIGR,GRFCR,Content actioned due to community guidelines violations,half-year,Jan-Jun 2022,all,all,all,all,country_name,Greece,0.0,,20230120.0
,LIGR,GRFCR,Content actioned due to community guidelines violations,half-year,Jan-Jun 2022,all,all,all,all,country_name,Hungary,0.0,,20230120.0
,LIGR,GRFCR,Content actioned due to community guidelines violations,half-year,Jan-Jun 2022,all,all,all,all,country_name,Iraq,0.0,,20230120.0
,LIGR,GRFCR,Content actioned due to community guidelines violations,half-year,Jan-Jun 2022,all,all,all,all,country_name,Ireland,0.0,,20230120.0
,LIGR,GRFCR,Content actioned due to community guidelines violations,half-year,Jan-Jun 2022,all,all,all,all,country_name,Isle of Man,0.0,,20230120.0
,LIGR,GRFCR,Content actioned due to community guidelines violations,half-year,Jan-Jun 2022,all,all,all,all,country_name,Luxembourg,0.0,,20230120.0
,LIGR,GRFCR,Content actioned due to community guidelines violations,half-year,Jan-Jun 2022,all,all,all,all,country_name,Netherlands,0.0,,20230120.0
,LIGR,GRFCR,Content actioned due to community guidelines violations,half-year,Jan-Jun 2022,all,all,all,all,country_name,Poland,0.0,,20230120.0
,LIGR,GRFCR,Content actioned due to community guidelines violations,half-year,Jan-Jun 2022,all,all,all,all,country_name,Qatar,0.0,,20230120.0
,LIGR,GRFCR,Content actioned due to community guidelines violations,half-year,Jan-Jun 2022,all,all,all,all,country_name,Slovenia,0.0,,20230120.0
,LIGR,GRFCR,Content actioned due to community guidelines violations,half-year,Jan-Jun 2022,all,all,all,all,country_name,Spain,0.0,,20230120.0
,LIGR,GRFCR,Content actioned due to community guidelines violations,half-year,Jan-Jun 2022,all,all,all,all,country_name,Sri Lanka,0.0,,20230120.0
,LIGR,GRFCR,Content actioned due to community guidelines violations,half-year,Jan-Jun 2022,all,all,all,all,country_name,Ukraine,0.0,,20230120.0
,LIGR,GRFCR,Content not actioned,half-year,Jan-Jun 2022,all,all,all,all,country_name,Albania,0.0,,20230120.0
,LIGR,GRFCR,Content not actioned,half-year,Jan-Jun 2022,all,all,all,all,country_name,Austria,0.0,,20230120.0
,LIGR,GRFCR,Content not actioned,half-year,Jan-Jun 2022,all,all,all,all,country_name,Belarus,0.0,,20230120.0
,LIGR,GRFCR,Content not actioned,half-year,Jan-Jun 2022,all,all,all,all,country_name,Canada,0.0,,20230120.0
,LIGR,GRFCR,Content not actioned,half-year,Jan-Jun 2022,all,all,all,all,country_name,Croatia,0.0,,20230120.0
,LIGR,GRFCR,Content not actioned,half-year,Jan-Jun 2022,all,all,all,all,country_name,Cyprus,0.0,,20230120.0
,LIGR,GRFCR,Content not actioned,half-year,Jan-Jun 2022,all,all,all,all,country_name,Egypt,0.0,,20230120.0
,LIGR,GRFCR,Content not actioned,half-year,Jan-Jun 2022,all,all,all,all,country_name,Estonia,0.0,,20230120.0
,LIGR,GRFCR,Content not actioned,half-year,Jan-Jun 2022,all,all,all,all,country_name,Fiji,0.0,,20230120.0
,LIGR,GRFCR,Content not actioned,half-year,Jan-Jun 2022,all,all,all,all,country_name,Finland,0.0,,20230120.0
,LIGR,GRFCR,Content not actioned,half-year,Jan-Jun 2022,all,all,all,all,country_name,France,0.0,,20230120.0
,LIGR,GRFCR,Content not actioned,half-year,Jan-Jun 2022,all,all,all,all,country_name,Greece,0.0,,20230120.0
,LIGR,GRFCR,Content not actioned,half-year,Jan-Jun 2022,all,all,all,all,country_name,Hungary,0.0,,20230120.0
,LIGR,GRFCR,Content not actioned,half-year,Jan-Jun 2022,all,all,all,all,country_name,Iraq,0.0,,20230120.0
,LIGR,GRFCR,Content not actioned,half-year,Jan-Jun 2022,all,all,all,all,country_name,Ireland,0.0,,20230120.0
,LIGR,GRFCR,Content not actioned,half-year,Jan-Jun 2022,all,all,all,all,country_name,Isle of Man,0.0,,20230120.0
,LIGR,GRFCR,Content not actioned,half-year,Jan-Jun 2022,all,all,all,all,country_name,Kosovo,0.0,,20230120.0
,LIGR,GRFCR,Content not actioned,half-year,Jan-Jun 2022,all,all,all,all,country_name,Kuwait,0.0,,20230120.0
,LIGR,GRFCR,Content not actioned,half-year,Jan-Jun 2022,all,all,all,all,country_name,Luxembourg,0.0,,20230120.0
,LIGR,GRFCR,Content not actioned,half-year,Jan-Jun 2022,all,all,all,all,country_name,Moldova,0.0,,20230120.0
,LIGR,GRFCR,Content not actioned,half-year,Jan-Jun 2022,all,all,all,all,country_name,Monaco,0.0,,20230120.0
,LIGR,GRFCR,Content not actioned,half-year,Jan-Jun 2022,all,all,all,all,country_name,Netherlands,0.0,,20230120.0
,LIGR,GRFCR,Content not actioned,half-year,Jan-Jun 2022,all,all,all,all,country_name,Poland,0.0,,20230120.0
,LIGR,GRFCR,Content not actioned,half-year,Jan-Jun 2022,all,all,all,all,country_name,Qatar,0.0,,20230120.0
,LIGR,GRFCR,Content not actioned,half-year,Jan-Jun 2022,all,all,all,all,country_name,Slovenia,0.0,,20230120.0
,LIGR,GRFCR,Content not actioned,half-year,Jan-Jun 2022,all,all,all,all,country_name,Spain,0.0,,20230120.0
,LIGR,GRFCR,Content not actioned,half-year,Jan-Jun 2022,all,all,all,all,country_name,Sri Lanka,0.0,,20230120.0
,LIGR,GRFCR,Content not actioned,half-year,Jan-Jun 2022,all,all,all,all,country_name,Sweden,0.0,,20230120.0
,LIGR,GRFCR,Content not actioned,half-year,Jan-Jun 2022,all,all,all,all,country_name,Ukraine,0.0,,20230120.0
,LIGR,GRFCR,Removal rate,half-year,Jan-Jun 2022,all,all,all,all,country_name,Belarus,0.0,,20230120.0
,LIGR,GRFCR,Removal rate,half-year,Jan-Jun 2022,all,all,all,all,country_name,Egypt,0.0,,20230120.0
,LIGR,GRFCR,Removal rate,half-year,Jan-Jun 2022,all,all,all,all,country_name,Hungary,0.0,,20230120.0
,LIGR,GRFCR,Removal rate,half-year,Jan-Jun 2022,all,all,all,all,country_name,Luxembourg,0.0,,20230120.0
,LIGR,GRFCR,Total accounts received,half-year,Jan-Jun 2022,all,all,all,all,country_name,Kuwait,0.0,,20230120.0
,LIGR,GRFCR,Total accounts received,half-year,Jan-Jun 2022,all,all,all,all,country_name,Monaco,0.0,,20230120.0
,LIGR,GRFCR,Total accounts received,half-year,Jan-Jun 2022,all,all,all,all,country_name,Vietnam,0.0,,20230120.0
,LIGR,GRFCR,Total content received,half-year,Jan-Jun 2022,all,all,all,all,country_name,Austria,0.0,,20230120.0
,LIGR,GRFCR,Total content received,half-year,Jan-Jun 2022,all,all,all,all,country_name,Belarus,0.0,,20230120.0
,LIGR,GRFCR,Total content received,half-year,Jan-Jun 2022,all,all,all,all,country_name,Canada,0.0,,20230120.0
,LIGR,GRFCR,Total content received,half-year,Jan-Jun 2022,all,all,all,all,country_name,Croatia,0.0,,20230120.0
,LIGR,GRFCR,Total content received,half-year,Jan-Jun 2022,all,all,all,all,country_name,Cyprus,0.0,,20230120.0
,LIGR,GRFCR,Total content received,half-year,Jan-Jun 2022,all,all,all,all,country_name,Egypt,0.0,,20230120.0
,LIGR,GRFCR,Total content received,half-year,Jan-Jun 2022,all,all,all,all,country_name,Estonia,0.0,,20230120.0
,LIGR,GRFCR,Total content received,half-year,Jan-Jun 2022,all,all,all,all,country_name,Finland,0.0,,20230120.0
,LIGR,GRFCR,Total content received,half-year,Jan-Jun 2022,all,all,all,all,country_name,Greece,0.0,,20230120.0
,LIGR,GRFCR,Total content received,half-year,Jan-Jun 2022,all,all,all,all,country_name,Hungary,0.0,,20230120.0
,LIGR,GRFCR,Total content received,half-year,Jan-Jun 2022,all,all,all,all,country_name,Iraq,0.0,,20230120.0
,LIGR,GRFCR,Total content received,half-year,Jan-Jun 2022,all,all,all,all,country_name,Ireland,0.0,,20230120.0
,LIGR,GRFCR,Total content received,half-year,Jan-Jun 2022,all,all,all,all,country_name,Isle of Man,0.0,,20230120.0
,LIGR,GRFCR,Total content received,half-year,Jan-Jun 2022,all,all,all,all,country_name,Luxembourg,0.0,,20230120.0
,LIGR,GRFCR,Total content received,half-year,Jan-Jun 2022,all,all,all,all,country_name,Netherlands,0.0,,20230120.0
,LIGR,GRFCR,Total content received,half-year,Jan-Jun 2022,all,all,all,all,country_name,Poland,0.0,,20230120.0
,LIGR,GRFCR,Total content received,half-year,Jan-Jun 2022,all,all,all,all,country_name,Qatar,0.0,,20230120.0
,LIGR,GRFCR,Total content received,half-year,Jan-Jun 2022,all,all,all,all,country_name,Slovenia,0.0,,20230120.0
,LIGR,GRFCR,Total content received,half-year,Jan-Jun 2022,all,all,all,all,country_name,Spain,0.0,,20230120.0
,LIGR,GRFCR,Total content received,half-year,Jan-Jun 2022,all,all,all,all,country_name,Sri Lanka,0.0,,20230120.0
,LIGR,GRFCR,Total content received,half-year,Jan-Jun 2022,all,all,all,all,country_name,Ukraine,0.0,,20230120.0
,LIGR,GRFCR,Total Government Requests,half-year,Jan-Jun 2022,all,all,all,all,all,All,2713.0,,20230120.0
,LIGR,GRFCR,Accounts actioned due to (local) law violations,half-year,Jan-Jun 2022,all,all,all,all,country_name,Australia,12.0,,20230120.0
,LIGR,GRFCR,Accounts actioned due to (local) law violations,half-year,Jan-Jun 2022,all,all,all,all,country_name,Bangladesh,1.0,,20230120.0
,LIGR,GRFCR,Accounts actioned due to (local) law violations,half-year,Jan-Jun 2022,all,all,all,all,country_name,Israel,18.0,,20230120.0
,LIGR,GRFCR,Accounts actioned due to (local) law violations,half-year,Jan-Jun 2022,all,all,all,all,country_name,Pakistan,2.0,,20230120.0
,LIGR,GRFCR,Accounts actioned due to (local) law violations,half-year,Jan-Jun 2022,all,all,all,all,country_name,Russia,1.0,,20230120.0
,LIGR,GRFCR,Accounts actioned due to (local) law violations,half-year,Jan-Jun 2022,all,all,all,all,country_name,Turkey,28.0,,20230120.0
,LIGR,GRFCR,Accounts actioned due to (local) law violations,half-year,Jan-Jun 2022,all,all,all,all,country_name,Ukraine,17.0,,20230120.0
,LIGR,GRFCR,Accounts actioned due to (local) law violations,half-year,Jan-Jun 2022,all,all,all,all,country_name,Uzbekistan,1.0,,20230120.0
,LIGR,GRFCR,Accounts actioned due to community guidelines violations,half-year,Jan-Jun 2022,all,all,all,all,country_name,Albania,2.0,,20230120.0
,LIGR,GRFCR,Accounts actioned due to community guidelines violations,half-year,Jan-Jun 2022,all,all,all,all,country_name,Australia,292.0,,20230120.0
,LIGR,GRFCR,Accounts actioned due to community guidelines violations,half-year,Jan-Jun 2022,all,all,all,all,country_name,Austria,5.0,,20230120.0
,LIGR,GRFCR,Accounts actioned due to community guidelines violations,half-year,Jan-Jun 2022,all,all,all,all,country_name,Azerbaijan,49.0,,20230120.0
,LIGR,GRFCR,Accounts actioned due to community guidelines violations,half-year,Jan-Jun 2022,all,all,all,all,country_name,Bangladesh,5.0,,20230120.0
,LIGR,GRFCR,Accounts actioned due to community guidelines violations,half-year,Jan-Jun 2022,all,all,all,all,country_name,Belgium,4.0,,20230120.0
,LIGR,GRFCR,Accounts actioned due to community guidelines violations,half-year,Jan-Jun 2022,all,all,all,all,country_name,Canada,3.0,,20230120.0
,LIGR,GRFCR,Accounts actioned due to community guidelines violations,half-year,Jan-Jun 2022,all,all,all,all,country_name,Croatia,1.0,,20230120.0
,LIGR,GRFCR,Accounts actioned due to community guidelines violations,half-year,Jan-Jun 2022,all,all,all,all,country_name,Cyprus,2.0,,20230120.0
,LIGR,GRFCR,Accounts actioned due to community guidelines violations,half-year,Jan-Jun 2022,all,all,all,all,country_name,Estonia,2.0,,20230120.0
,LIGR,GRFCR,Accounts actioned due to community guidelines violations,half-year,Jan-Jun 2022,all,all,all,all,country_name,Fiji,10.0,,20230120.0
,LIGR,GRFCR,Accounts actioned due to community guidelines violations,half-year,Jan-Jun 2022,all,all,all,all,country_name,Finland,1.0,,20230120.0
,LIGR,GRFCR,Accounts actioned due to community guidelines violations,half-year,Jan-Jun 2022,all,all,all,all,country_name,France,16.0,,20230120.0
,LIGR,GRFCR,Accounts actioned due to community guidelines violations,half-year,Jan-Jun 2022,all,all,all,all,country_name,Germany,83.0,,20230120.0
,LIGR,GRFCR,Accounts actioned due to community guidelines violations,half-year,Jan-Jun 2022,all,all,all,all,country_name,Greece,6.0,,20230120.0
,LIGR,GRFCR,Accounts actioned due to community guidelines violations,half-year,Jan-Jun 2022,all,all,all,all,country_name,Indonesia,20.0,,20230120.0
,LIGR,GRFCR,Accounts actioned due to community guidelines violations,half-year,Jan-Jun 2022,all,all,all,all,country_name,Iraq,1.0,,20230120.0
,LIGR,GRFCR,Accounts actioned due to community guidelines violations,half-year,Jan-Jun 2022,all,all,all,all,country_name,Ireland,10.0,,20230120.0
,LIGR,GRFCR,Accounts actioned due to community guidelines violations,half-year,Jan-Jun 2022,all,all,all,all,country_name,Isle of Man,1.0,,20230120.0
,LIGR,GRFCR,Accounts actioned due to community guidelines violations,half-year,Jan-Jun 2022,all,all,all,all,country_name,Israel,140.0,,20230120.0
,LIGR,GRFCR,Accounts actioned due to community guidelines violations,half-year,Jan-Jun 2022,all,all,all,all,country_name,Italy,6.0,,20230120.0
,LIGR,GRFCR,Accounts actioned due to community guidelines violations,half-year,Jan-Jun 2022,all,all,all,all,country_name,Jordan,5.0,,20230120.0
,LIGR,GRFCR,Accounts actioned due to community guidelines violations,half-year,Jan-Jun 2022,all,all,all,all,country_name,Kazakhstan,5.0,,20230120.0
,LIGR,GRFCR,Accounts actioned due to community guidelines violations,half-year,Jan-Jun 2022,all,all,all,all,country_name,Kosovo,1.0,,20230120.0
,LIGR,GRFCR,Accounts actioned due to community guidelines violations,half-year,Jan-Jun 2022,all,all,all,all,country_name,Macedonia,2.0,,20230120.0
,LIGR,GRFCR,Accounts actioned due to community guidelines violations,half-year,Jan-Jun 2022,all,all,all,all,country_name,Malaysia,10.0,,20230120.0
,LIGR,GRFCR,Accounts actioned due to community guidelines violations,half-year,Jan-Jun 2022,all,all,all,all,country_name,Moldova,14.0,,20230120.0
,LIGR,GRFCR,Accounts actioned due to community guidelines violations,half-year,Jan-Jun 2022,all,all,all,all,country_name,Nepal,35.0,,20230120.0
,LIGR,GRFCR,Accounts actioned due to community guidelines violations,half-year,Jan-Jun 2022,all,all,all,all,country_name,Netherlands,1.0,,20230120.0
,LIGR,GRFCR,Accounts actioned due to community guidelines violations,half-year,Jan-Jun 2022,all,all,all,all,country_name,New Zealand,113.0,,20230120.0
,LIGR,GRFCR,Accounts actioned due to community guidelines violations,half-year,Jan-Jun 2022,all,all,all,all,country_name,Norway,30.0,,20230120.0
,LIGR,GRFCR,Accounts actioned due to community guidelines violations,half-year,Jan-Jun 2022,all,all,all,all,country_name,Pakistan,11.0,,20230120.0
,LIGR,GRFCR,Accounts actioned due to community guidelines violations,half-year,Jan-Jun 2022,all,all,all,all,country_name,Poland,1.0,,20230120.0
,LIGR,GRFCR,Accounts actioned due to community guidelines violations,half-year,Jan-Jun 2022,all,all,all,all,country_name,Qatar,1.0,,20230120.0
,LIGR,GRFCR,Accounts actioned due to community guidelines violations,half-year,Jan-Jun 2022,all,all,all,all,country_name,Russia,85.0,,20230120.0
,LIGR,GRFCR,Accounts actioned due to community guidelines violations,half-year,Jan-Jun 2022,all,all,all,all,country_name,Singapore,17.0,,20230120.0
,LIGR,GRFCR,Accounts actioned due to community guidelines violations,half-year,Jan-Jun 2022,all,all,all,all,country_name,Slovenia,1.0,,20230120.0
,LIGR,GRFCR,Accounts actioned due to community guidelines violations,half-year,Jan-Jun 2022,all,all,all,all,country_name,Spain,5.0,,20230120.0
,LIGR,GRFCR,Accounts actioned due to community guidelines violations,half-year,Jan-Jun 2022,all,all,all,all,country_name,Sri Lanka,1.0,,20230120.0
,LIGR,GRFCR,Accounts actioned due to community guidelines violations,half-year,Jan-Jun 2022,all,all,all,all,country_name,Sweden,101.0,,20230120.0
,LIGR,GRFCR,Accounts actioned due to community guidelines violations,half-year,Jan-Jun 2022,all,all,all,all,country_name,Thailand,4.0,,20230120.0
,LIGR,GRFCR,Accounts actioned due to community guidelines violations,half-year,Jan-Jun 2022,all,all,all,all,country_name,Turkey,16.0,,20230120.0
,LIGR,GRFCR,Accounts actioned due to community guidelines violations,half-year,Jan-Jun 2022,all,all,all,all,country_name,Ukraine,23.0,,20230120.0
,LIGR,GRFCR,Accounts actioned due to community guidelines violations,half-year,Jan-Jun 2022,all,all,all,all,country_name,United Arab Emirates,2.0,,20230120.0
,LIGR,GRFCR,Accounts actioned due to community guidelines violations,half-year,Jan-Jun 2022,all,all,all,all,country_name,United Kingdom,65.0,,20230120.0
,LIGR,GRFCR,Accounts actioned due to community guidelines violations,half-year,Jan-Jun 2022,all,all,all,all,country_name,United States,9.0,,20230120.0
,LIGR,GRFCR,Accounts actioned due to community guidelines violations,half-year,Jan-Jun 2022,all,all,all,all,country_name,Uzbekistan,43.0,,20230120.0
,LIGR,GRFCR,Accounts not actioned,half-year,Jan-Jun 2022,all,all,all,all,country_name,Australia,82.0,,20230120.0
,LIGR,GRFCR,Accounts not actioned,half-year,Jan-Jun 2022,all,all,all,all,country_name,Austria,1.0,,20230120.0
,LIGR,GRFCR,Accounts not actioned,half-year,Jan-Jun 2022,all,all,all,all,country_name,Azerbaijan,9.0,,20230120.0
,LIGR,GRFCR,Accounts not actioned,half-year,Jan-Jun 2022,all,all,all,all,country_name,Bangladesh,74.0,,20230120.0
,LIGR,GRFCR,Accounts not actioned,half-year,Jan-Jun 2022,all,all,all,all,country_name,Belarus,1.0,,20230120.0
,LIGR,GRFCR,Accounts not actioned,half-year,Jan-Jun 2022,all,all,all,all,country_name,Belgium,1.0,,20230120.0
,LIGR,GRFCR,Accounts not actioned,half-year,Jan-Jun 2022,all,all,all,all,country_name,Canada,15.0,,20230120.0
,LIGR,GRFCR,Accounts not actioned,half-year,Jan-Jun 2022,all,all,all,all,country_name,Cyprus,1.0,,20230120.0
,LIGR,GRFCR,Accounts not actioned,half-year,Jan-Jun 2022,all,all,all,all,country_name,Egypt,2.0,,20230120.0
,LIGR,GRFCR,Accounts not actioned,half-year,Jan-Jun 2022,all,all,all,all,country_name,Fiji,3.0,,20230120.0
,LIGR,GRFCR,Accounts not actioned,half-year,Jan-Jun 2022,all,all,all,all,country_name,Finland,1.0,,20230120.0
,LIGR,GRFCR,Accounts not actioned,half-year,Jan-Jun 2022,all,all,all,all,country_name,France,14.0,,20230120.0
,LIGR,GRFCR,Accounts not actioned,half-year,Jan-Jun 2022,all,all,all,all,country_name,Germany,100.0,,20230120.0
,LIGR,GRFCR,Accounts not actioned,half-year,Jan-Jun 2022,all,all,all,all,country_name,Greece,6.0,,20230120.0
,LIGR,GRFCR,Accounts not actioned,half-year,Jan-Jun 2022,all,all,all,all,country_name,Hungary,1.0,,20230120.0
,LIGR,GRFCR,Accounts not actioned,half-year,Jan-Jun 2022,all,all,all,all,country_name,Indonesia,20.0,,20230120.0
,LIGR,GRFCR,Accounts not actioned,half-year,Jan-Jun 2022,all,all,all,all,country_name,Ireland,4.0,,20230120.0
,LIGR,GRFCR,Accounts not actioned,half-year,Jan-Jun 2022,all,all,all,all,country_name,Israel,33.0,,20230120.0
,LIGR,GRFCR,Accounts not actioned,half-year,Jan-Jun 2022,all,all,all,all,country_name,Italy,7.0,,20230120.0
,LIGR,GRFCR,Accounts not actioned,half-year,Jan-Jun 2022,all,all,all,all,country_name,Jordan,2.0,,20230120.0
,LIGR,GRFCR,Accounts not actioned,half-year,Jan-Jun 2022,all,all,all,all,country_name,Kosovo,1.0,,20230120.0
,LIGR,GRFCR,Accounts not actioned,half-year,Jan-Jun 2022,all,all,all,all,country_name,Luxembourg,1.0,,20230120.0
,LIGR,GRFCR,Accounts not actioned,half-year,Jan-Jun 2022,all,all,all,all,country_name,Macedonia,3.0,,20230120.0
,LIGR,GRFCR,Accounts not actioned,half-year,Jan-Jun 2022,all,all,all,all,country_name,Malaysia,1.0,,20230120.0
,LIGR,GRFCR,Accounts not actioned,half-year,Jan-Jun 2022,all,all,all,all,country_name,Moldova,24.0,,20230120.0
,LIGR,GRFCR,Accounts not actioned,half-year,Jan-Jun 2022,all,all,all,all,country_name,Nepal,13.0,,20230120.0
,LIGR,GRFCR,Accounts not actioned,half-year,Jan-Jun 2022,all,all,all,all,country_name,Netherlands,8.0,,20230120.0
,LIGR,GRFCR,Accounts not actioned,half-year,Jan-Jun 2022,all,all,all,all,country_name,New Zealand,66.0,,20230120.0
,LIGR,GRFCR,Accounts not actioned,half-year,Jan-Jun 2022,all,all,all,all,country_name,Norway,7.0,,20230120.0
,LIGR,GRFCR,Accounts not actioned,half-year,Jan-Jun 2022,all,all,all,all,country_name,Pakistan,11.0,,20230120.0
,LIGR,GRFCR,Accounts not actioned,half-year,Jan-Jun 2022,all,all,all,all,country_name,Qatar,3.0,,20230120.0
,LIGR,GRFCR,Accounts not actioned,half-year,Jan-Jun 2022,all,all,all,all,country_name,Russia,58.0,,20230120.0
,LIGR,GRFCR,Accounts not actioned,half-year,Jan-Jun 2022,all,all,all,all,country_name,Singapore,2.0,,20230120.0
,LIGR,GRFCR,Accounts not actioned,half-year,Jan-Jun 2022,all,all,all,all,country_name,Spain,17.0,,20230120.0
,LIGR,GRFCR,Accounts not actioned,half-year,Jan-Jun 2022,all,all,all,all,country_name,Sweden,8.0,,20230120.0
,LIGR,GRFCR,Accounts not actioned,half-year,Jan-Jun 2022,all,all,all,all,country_name,Turkey,5.0,,20230120.0
,LIGR,GRFCR,Accounts not actioned,half-year,Jan-Jun 2022,all,all,all,all,country_name,Ukraine,175.0,,20230120.0
,LIGR,GRFCR,Accounts not actioned,half-year,Jan-Jun 2022,all,all,all,all,country_name,United Arab Emirates,1.0,,20230120.0
,LIGR,GRFCR,Accounts not actioned,half-year,Jan-Jun 2022,all,all,all,all,country_name,United Kingdom,35.0,,20230120.0
,LIGR,GRFCR,Accounts not actioned,half-year,Jan-Jun 2022,all,all,all,all,country_name,United States,6.0,,20230120.0
,LIGR,GRFCR,Content actioned due to (local) law violations,half-year,Jan-Jun 2022,all,all,all,all,country_name,Australia,4.0,,20230120.0
,LIGR,GRFCR,Content actioned due to (local) law violations,half-year,Jan-Jun 2022,all,all,all,all,country_name,Azerbaijan,16.0,,20230120.0
,LIGR,GRFCR,Content actioned due to (local) law violations,half-year,Jan-Jun 2022,all,all,all,all,country_name,Bangladesh,513.0,,20230120.0
,LIGR,GRFCR,Content actioned due to (local) law violations,half-year,Jan-Jun 2022,all,all,all,all,country_name,Belgium,1.0,,20230120.0
,LIGR,GRFCR,Content actioned due to (local) law violations,half-year,Jan-Jun 2022,all,all,all,all,country_name,Israel,267.0,,20230120.0
,LIGR,GRFCR,Content actioned due to (local) law violations,half-year,Jan-Jun 2022,all,all,all,all,country_name,Jordan,1.0,,20230120.0
,LIGR,GRFCR,Content actioned due to (local) law violations,half-year,Jan-Jun 2022,all,all,all,all,country_name,Pakistan,1123.0,,20230120.0
,LIGR,GRFCR,Content actioned due to (local) law violations,half-year,Jan-Jun 2022,all,all,all,all,country_name,Russia,205.0,,20230120.0
,LIGR,GRFCR,Content actioned due to (local) law violations,half-year,Jan-Jun 2022,all,all,all,all,country_name,Thailand,4.0,,20230120.0
,LIGR,GRFCR,Content actioned due to (local) law violations,half-year,Jan-Jun 2022,all,all,all,all,country_name,Turkey,76.0,,20230120.0
,LIGR,GRFCR,Content actioned due to (local) law violations,half-year,Jan-Jun 2022,all,all,all,all,country_name,United Arab Emirates,4.0,,20230120.0
,LIGR,GRFCR,Content actioned due to (local) law violations,half-year,Jan-Jun 2022,all,all,all,all,country_name,Uzbekistan,4.0,,20230120.0
,LIGR,GRFCR,Content actioned due to (local) law violations,half-year,Jan-Jun 2022,all,all,all,all,country_name,Vietnam,184.0,,20230120.0
,LIGR,GRFCR,Content actioned due to community guidelines violations,half-year,Jan-Jun 2022,all,all,all,all,country_name,Albania,1.0,,20230120.0
,LIGR,GRFCR,Content actioned due to community guidelines violations,half-year,Jan-Jun 2022,all,all,all,all,country_name,Australia,194.0,,20230120.0
,LIGR,GRFCR,Content actioned due to community guidelines violations,half-year,Jan-Jun 2022,all,all,all,all,country_name,Azerbaijan,45.0,,20230120.0
,LIGR,GRFCR,Content actioned due to community guidelines violations,half-year,Jan-Jun 2022,all,all,all,all,country_name,Bangladesh,146.0,,20230120.0
,LIGR,GRFCR,Content actioned due to community guidelines violations,half-year,Jan-Jun 2022,all,all,all,all,country_name,Fiji,86.0,,20230120.0
,LIGR,GRFCR,Content actioned due to community guidelines violations,half-year,Jan-Jun 2022,all,all,all,all,country_name,France,1.0,,20230120.0
,LIGR,GRFCR,Content actioned due to community guidelines violations,half-year,Jan-Jun 2022,all,all,all,all,country_name,Germany,16.0,,20230120.0
,LIGR,GRFCR,Content actioned due to community guidelines violations,half-year,Jan-Jun 2022,all,all,all,all,country_name,Indonesia,59.0,,20230120.0
,LIGR,GRFCR,Content actioned due to community guidelines violations,half-year,Jan-Jun 2022,all,all,all,all,country_name,Israel,1781.0,,20230120.0
,LIGR,GRFCR,Content actioned due to community guidelines violations,half-year,Jan-Jun 2022,all,all,all,all,country_name,Italy,3.0,,20230120.0
,LIGR,GRFCR,Content actioned due to community guidelines violations,half-year,Jan-Jun 2022,all,all,all,all,country_name,Jordan,4.0,,20230120.0
,LIGR,GRFCR,Content actioned due to community guidelines violations,half-year,Jan-Jun 2022,all,all,all,all,country_name,Kazakhstan,716.0,,20230120.0
,LIGR,GRFCR,Content actioned due to community guidelines violations,half-year,Jan-Jun 2022,all,all,all,all,country_name,Kosovo,1.0,,20230120.0
,LIGR,GRFCR,Content actioned due to community guidelines violations,half-year,Jan-Jun 2022,all,all,all,all,country_name,Kuwait,1.0,,20230120.0
,LIGR,GRFCR,Content actioned due to community guidelines violations,half-year,Jan-Jun 2022,all,all,all,all,country_name,Macedonia,1.0,,20230120.0
,LIGR,GRFCR,Content actioned due to community guidelines violations,half-year,Jan-Jun 2022,all,all,all,all,country_name,Malaysia,10.0,,20230120.0
,LIGR,GRFCR,Content actioned due to community guidelines violations,half-year,Jan-Jun 2022,all,all,all,all,country_name,Moldova,1.0,,20230120.0
,LIGR,GRFCR,Content actioned due to community guidelines violations,half-year,Jan-Jun 2022,all,all,all,all,country_name,Monaco,1.0,,20230120.0
,LIGR,GRFCR,Content actioned due to community guidelines violations,half-year,Jan-Jun 2022,all,all,all,all,country_name,Nepal,11.0,,20230120.0
,LIGR,GRFCR,Content actioned due to community guidelines violations,half-year,Jan-Jun 2022,all,all,all,all,country_name,New Zealand,254.0,,20230120.0
,LIGR,GRFCR,Content actioned due to community guidelines violations,half-year,Jan-Jun 2022,all,all,all,all,country_name,Norway,3.0,,20230120.0
,LIGR,GRFCR,Content actioned due to community guidelines violations,half-year,Jan-Jun 2022,all,all,all,all,country_name,Pakistan,14606.0,,20230120.0
,LIGR,GRFCR,Content actioned due to community guidelines violations,half-year,Jan-Jun 2022,all,all,all,all,country_name,Russia,1303.0,,20230120.0
,LIGR,GRFCR,Content actioned due to community guidelines violations,half-year,Jan-Jun 2022,all,all,all,all,country_name,Singapore,30.0,,20230120.0
,LIGR,GRFCR,Content actioned due to community guidelines violations,half-year,Jan-Jun 2022,all,all,all,all,country_name,Sweden,7.0,,20230120.0
,LIGR,GRFCR,Content actioned due to community guidelines violations,half-year,Jan-Jun 2022,all,all,all,all,country_name,Thailand,57.0,,20230120.0
,LIGR,GRFCR,Content actioned due to community guidelines violations,half-year,Jan-Jun 2022,all,all,all,all,country_name,Turkey,1.0,,20230120.0
,LIGR,GRFCR,Content actioned due to community guidelines violations,half-year,Jan-Jun 2022,all,all,all,all,country_name,United Arab Emirates,5.0,,20230120.0
,LIGR,GRFCR,Content actioned due to community guidelines violations,half-year,Jan-Jun 2022,all,all,all,all,country_name,United Kingdom,33.0,,20230120.0
,LIGR,GRFCR,Content actioned due to community guidelines violations,half-year,Jan-Jun 2022,all,all,all,all,country_name,United States,1.0,,20230120.0
,LIGR,GRFCR,Content actioned due to community guidelines violations,half-year,Jan-Jun 2022,all,all,all,all,country_name,Uzbekistan,222.0,,20230120.0
,LIGR,GRFCR,Content actioned due to community guidelines violations,half-year,Jan-Jun 2022,all,all,all,all,country_name,Vietnam,13.0,,20230120.0
,LIGR,GRFCR,Content not actioned,half-year,Jan-Jun 2022,all,all,all,all,country_name,Australia,13.0,,20230120.0
,LIGR,GRFCR,Content not actioned,half-year,Jan-Jun 2022,all,all,all,all,country_name,Azerbaijan,16.0,,20230120.0
,LIGR,GRFCR,Content not actioned,half-year,Jan-Jun 2022,all,all,all,all,country_name,Bangladesh,1264.0,,20230120.0
,LIGR,GRFCR,Content not actioned,half-year,Jan-Jun 2022,all,all,all,all,country_name,Belgium,8.0,,20230120.0
,LIGR,GRFCR,Content not actioned,half-year,Jan-Jun 2022,all,all,all,all,country_name,Germany,10.0,,20230120.0
,LIGR,GRFCR,Content not actioned,half-year,Jan-Jun 2022,all,all,all,all,country_name,Indonesia,9.0,,20230120.0
,LIGR,GRFCR,Content not actioned,half-year,Jan-Jun 2022,all,all,all,all,country_name,Israel,109.0,,20230120.0
,LIGR,GRFCR,Content not actioned,half-year,Jan-Jun 2022,all,all,all,all,country_name,Italy,2.0,,20230120.0
,LIGR,GRFCR,Content not actioned,half-year,Jan-Jun 2022,all,all,all,all,country_name,Jordan,2.0,,20230120.0
,LIGR,GRFCR,Content not actioned,half-year,Jan-Jun 2022,all,all,all,all,country_name,Kazakhstan,145.0,,20230120.0
,LIGR,GRFCR,Content not actioned,half-year,Jan-Jun 2022,all,all,all,all,country_name,Macedonia,1.0,,20230120.0
,LIGR,GRFCR,Content not actioned,half-year,Jan-Jun 2022,all,all,all,all,country_name,Malaysia,5.0,,20230120.0
,LIGR,GRFCR,Content not actioned,half-year,Jan-Jun 2022,all,all,all,all,country_name,Nepal,15.0,,20230120.0
,LIGR,GRFCR,Content not actioned,half-year,Jan-Jun 2022,all,all,all,all,country_name,New Zealand,30.0,,20230120.0
,LIGR,GRFCR,Content not actioned,half-year,Jan-Jun 2022,all,all,all,all,country_name,Norway,2.0,,20230120.0
,LIGR,GRFCR,Content not actioned,half-year,Jan-Jun 2022,all,all,all,all,country_name,Pakistan,199.0,,20230120.0
,LIGR,GRFCR,Content not actioned,half-year,Jan-Jun 2022,all,all,all,all,country_name,Russia,348.0,,20230120.0
,LIGR,GRFCR,Content not actioned,half-year,Jan-Jun 2022,all,all,all,all,country_name,Singapore,4.0,,20230120.0
,LIGR,GRFCR,Content not actioned,half-year,Jan-Jun 2022,all,all,all,all,country_name,Thailand,6.0,,20230120.0
,LIGR,GRFCR,Content not actioned,half-year,Jan-Jun 2022,all,all,all,all,country_name,Turkey,7.0,,20230120.0
,LIGR,GRFCR,Content not actioned,half-year,Jan-Jun 2022,all,all,all,all,country_name,United Arab Emirates,2.0,,20230120.0
,LIGR,GRFCR,Content not actioned,half-year,Jan-Jun 2022,all,all,all,all,country_name,United Kingdom,2.0,,20230120.0
,LIGR,GRFCR,Content not actioned,half-year,Jan-Jun 2022,all,all,all,all,country_name,United States,28.0,,20230120.0
,LIGR,GRFCR,Content not actioned,half-year,Jan-Jun 2022,all,all,all,all,country_name,Uzbekistan,35.0,,20230120.0
,LIGR,GRFCR,Content not actioned,half-year,Jan-Jun 2022,all,all,all,all,country_name,Vietnam,95.0,,20230120.0
,LIGR,GRFCR,Removal rate,half-year,Jan-Jun 2022,all,all,all,all,country_name,Albania,1.0,,20230120.0
,LIGR,GRFCR,Removal rate,half-year,Jan-Jun 2022,all,all,all,all,country_name,Croatia,1.0,,20230120.0
,LIGR,GRFCR,Removal rate,half-year,Jan-Jun 2022,all,all,all,all,country_name,Estonia,1.0,,20230120.0
,LIGR,GRFCR,Removal rate,half-year,Jan-Jun 2022,all,all,all,all,country_name,Iraq,1.0,,20230120.0
,LIGR,GRFCR,Removal rate,half-year,Jan-Jun 2022,all,all,all,all,country_name,Isle of Man,1.0,,20230120.0
,LIGR,GRFCR,Removal rate,half-year,Jan-Jun 2022,all,all,all,all,country_name,Kuwait,1.0,,20230120.0
,LIGR,GRFCR,Removal rate,half-year,Jan-Jun 2022,all,all,all,all,country_name,Monaco,1.0,,20230120.0
,LIGR,GRFCR,Removal rate,half-year,Jan-Jun 2022,all,all,all,all,country_name,Poland,1.0,,20230120.0
,LIGR,GRFCR,Removal rate,half-year,Jan-Jun 2022,all,all,all,all,country_name,Slovenia,1.0,,20230120.0
,LIGR,GRFCR,Removal rate,half-year,Jan-Jun 2022,all,all,all,all,country_name,Sri Lanka,1.0,,20230120.0
,LIGR,GRFCR,Total accounts received,half-year,Jan-Jun 2022,all,all,all,all,country_name,Albania,2.0,,20230120.0
,LIGR,GRFCR,Total accounts received,half-year,Jan-Jun 2022,all,all,all,all,country_name,Australia,386.0,,20230120.0
,LIGR,GRFCR,Total accounts received,half-year,Jan-Jun 2022,all,all,all,all,country_name,Austria,6.0,,20230120.0
,LIGR,GRFCR,Total accounts received,half-year,Jan-Jun 2022,all,all,all,all,country_name,Azerbaijan,58.0,,20230120.0
,LIGR,GRFCR,Total accounts received,half-year,Jan-Jun 2022,all,all,all,all,country_name,Bangladesh,80.0,,20230120.0
,LIGR,GRFCR,Total accounts received,half-year,Jan-Jun 2022,all,all,all,all,country_name,Belarus,1.0,,20230120.0
,LIGR,GRFCR,Total accounts received,half-year,Jan-Jun 2022,all,all,all,all,country_name,Belgium,5.0,,20230120.0
,LIGR,GRFCR,Total accounts received,half-year,Jan-Jun 2022,all,all,all,all,country_name,Canada,18.0,,20230120.0
,LIGR,GRFCR,Total accounts received,half-year,Jan-Jun 2022,all,all,all,all,country_name,Croatia,1.0,,20230120.0
,LIGR,GRFCR,Total accounts received,half-year,Jan-Jun 2022,all,all,all,all,country_name,Cyprus,3.0,,20230120.0
,LIGR,GRFCR,Total accounts received,half-year,Jan-Jun 2022,all,all,all,all,country_name,Egypt,2.0,,20230120.0
,LIGR,GRFCR,Total accounts received,half-year,Jan-Jun 2022,all,all,all,all,country_name,Estonia,2.0,,20230120.0
,LIGR,GRFCR,Total accounts received,half-year,Jan-Jun 2022,all,all,all,all,country_name,Fiji,13.0,,20230120.0
,LIGR,GRFCR,Total accounts received,half-year,Jan-Jun 2022,all,all,all,all,country_name,Finland,2.0,,20230120.0
,LIGR,GRFCR,Total accounts received,half-year,Jan-Jun 2022,all,all,all,all,country_name,France,30.0,,20230120.0
,LIGR,GRFCR,Total accounts received,half-year,Jan-Jun 2022,all,all,all,all,country_name,Germany,183.0,,20230120.0
,LIGR,GRFCR,Total accounts received,half-year,Jan-Jun 2022,all,all,all,all,country_name,Greece,12.0,,20230120.0
,LIGR,GRFCR,Total accounts received,half-year,Jan-Jun 2022,all,all,all,all,country_name,Hungary,1.0,,20230120.0
,LIGR,GRFCR,Total accounts received,half-year,Jan-Jun 2022,all,all,all,all,country_name,Indonesia,40.0,,20230120.0
,LIGR,GRFCR,Total accounts received,half-year,Jan-Jun 2022,all,all,all,all,country_name,Iraq,1.0,,20230120.0
,LIGR,GRFCR,Total accounts received,half-year,Jan-Jun 2022,all,all,all,all,country_name,Ireland,14.0,,20230120.0
,LIGR,GRFCR,Total accounts received,half-year,Jan-Jun 2022,all,all,all,all,country_name,Isle of Man,1.0,,20230120.0
,LIGR,GRFCR,Total accounts received,half-year,Jan-Jun 2022,all,all,all,all,country_name,Israel,191.0,,20230120.0
,LIGR,GRFCR,Total accounts received,half-year,Jan-Jun 2022,all,all,all,all,country_name,Italy,13.0,,20230120.0
,LIGR,GRFCR,Total accounts received,half-year,Jan-Jun 2022,all,all,all,all,country_name,Jordan,7.0,,20230120.0
,LIGR,GRFCR,Total accounts received,half-year,Jan-Jun 2022,all,all,all,all,country_name,Kazakhstan,5.0,,20230120.0
,LIGR,GRFCR,Total accounts received,half-year,Jan-Jun 2022,all,all,all,all,country_name,Kosovo,2.0,,20230120.0
,LIGR,GRFCR,Total accounts received,half-year,Jan-Jun 2022,all,all,all,all,country_name,Luxembourg,1.0,,20230120.0
,LIGR,GRFCR,Total accounts received,half-year,Jan-Jun 2022,all,all,all,all,country_name,Macedonia,5.0,,20230120.0
,LIGR,GRFCR,Total accounts received,half-year,Jan-Jun 2022,all,all,all,all,country_name,Malaysia,11.0,,20230120.0
,LIGR,GRFCR,Total accounts received,half-year,Jan-Jun 2022,all,all,all,all,country_name,Moldova,38.0,,20230120.0
,LIGR,GRFCR,Total accounts received,half-year,Jan-Jun 2022,all,all,all,all,country_name,Nepal,48.0,,20230120.0
,LIGR,GRFCR,Total accounts received,half-year,Jan-Jun 2022,all,all,all,all,country_name,Netherlands,9.0,,20230120.0
,LIGR,GRFCR,Total accounts received,half-year,Jan-Jun 2022,all,all,all,all,country_name,New Zealand,179.0,,20230120.0
,LIGR,GRFCR,Total accounts received,half-year,Jan-Jun 2022,all,all,all,all,country_name,Norway,37.0,,20230120.0
,LIGR,GRFCR,Total accounts received,half-year,Jan-Jun 2022,all,all,all,all,country_name,Pakistan,24.0,,20230120.0
,LIGR,GRFCR,Total accounts received,half-year,Jan-Jun 2022,all,all,all,all,country_name,Poland,1.0,,20230120.0
,LIGR,GRFCR,Total accounts received,half-year,Jan-Jun 2022,all,all,all,all,country_name,Qatar,4.0,,20230120.0
,LIGR,GRFCR,Total accounts received,half-year,Jan-Jun 2022,all,all,all,all,country_name,Russia,144.0,,20230120.0
,LIGR,GRFCR,Total accounts received,half-year,Jan-Jun 2022,all,all,all,all,country_name,Singapore,19.0,,20230120.0
,LIGR,GRFCR,Total accounts received,half-year,Jan-Jun 2022,all,all,all,all,country_name,Slovenia,1.0,,20230120.0
,LIGR,GRFCR,Total accounts received,half-year,Jan-Jun 2022,all,all,all,all,country_name,Spain,22.0,,20230120.0
,LIGR,GRFCR,Total accounts received,half-year,Jan-Jun 2022,all,all,all,all,country_name,Sri Lanka,1.0,,20230120.0
,LIGR,GRFCR,Total accounts received,half-year,Jan-Jun 2022,all,all,all,all,country_name,Sweden,109.0,,20230120.0
,LIGR,GRFCR,Total accounts received,half-year,Jan-Jun 2022,all,all,all,all,country_name,Thailand,4.0,,20230120.0
,LIGR,GRFCR,Total accounts received,half-year,Jan-Jun 2022,all,all,all,all,country_name,Turkey,49.0,,20230120.0
,LIGR,GRFCR,Total accounts received,half-year,Jan-Jun 2022,all,all,all,all,country_name,Ukraine,215.0,,20230120.0
,LIGR,GRFCR,Total accounts received,half-year,Jan-Jun 2022,all,all,all,all,country_name,United Arab Emirates,3.0,,20230120.0
,LIGR,GRFCR,Total accounts received,half-year,Jan-Jun 2022,all,all,all,all,country_name,United Kingdom,100.0,,20230120.0
,LIGR,GRFCR,Total accounts received,half-year,Jan-Jun 2022,all,all,all,all,country_name,United States,15.0,,20230120.0
,LIGR,GRFCR,Total accounts received,half-year,Jan-Jun 2022,all,all,all,all,country_name,Uzbekistan,44.0,,20230120.0
,LIGR,GRFCR,Total content received,half-year,Jan-Jun 2022,all,all,all,all,country_name,Albania,1.0,,20230120.0
,LIGR,GRFCR,Total content received,half-year,Jan-Jun 2022,all,all,all,all,country_name,Australia,211.0,,20230120.0
,LIGR,GRFCR,Total content received,half-year,Jan-Jun 2022,all,all,all,all,country_name,Azerbaijan,77.0,,20230120.0
,LIGR,GRFCR,Total content received,half-year,Jan-Jun 2022,all,all,all,all,country_name,Bangladesh,1923.0,,20230120.0
,LIGR,GRFCR,Total content received,half-year,Jan-Jun 2022,all,all,all,all,country_name,Belgium,9.0,,20230120.0
,LIGR,GRFCR,Total content received,half-year,Jan-Jun 2022,all,all,all,all,country_name,Fiji,86.0,,20230120.0
,LIGR,GRFCR,Total content received,half-year,Jan-Jun 2022,all,all,all,all,country_name,France,1.0,,20230120.0
,LIGR,GRFCR,Total content received,half-year,Jan-Jun 2022,all,all,all,all,country_name,Germany,26.0,,20230120.0
,LIGR,GRFCR,Total content received,half-year,Jan-Jun 2022,all,all,all,all,country_name,Indonesia,68.0,,20230120.0
,LIGR,GRFCR,Total content received,half-year,Jan-Jun 2022,all,all,all,all,country_name,Israel,2157.0,,20230120.0
,LIGR,GRFCR,Total content received,half-year,Jan-Jun 2022,all,all,all,all,country_name,Italy,5.0,,20230120.0
,LIGR,GRFCR,Total content received,half-year,Jan-Jun 2022,all,all,all,all,country_name,Jordan,7.0,,20230120.0
,LIGR,GRFCR,Total content received,half-year,Jan-Jun 2022,all,all,all,all,country_name,Kazakhstan,861.0,,20230120.0
,LIGR,GRFCR,Total content received,half-year,Jan-Jun 2022,all,all,all,all,country_name,Kosovo,1.0,,20230120.0
,LIGR,GRFCR,Total content received,half-year,Jan-Jun 2022,all,all,all,all,country_name,Kuwait,1.0,,20230120.0
,LIGR,GRFCR,Total content received,half-year,Jan-Jun 2022,all,all,all,all,country_name,Macedonia,2.0,,20230120.0
,LIGR,GRFCR,Total content received,half-year,Jan-Jun 2022,all,all,all,all,country_name,Malaysia,15.0,,20230120.0
,LIGR,GRFCR,Total content received,half-year,Jan-Jun 2022,all,all,all,all,country_name,Moldova,1.0,,20230120.0
,LIGR,GRFCR,Total content received,half-year,Jan-Jun 2022,all,all,all,all,country_name,Monaco,1.0,,20230120.0
,LIGR,GRFCR,Total content received,half-year,Jan-Jun 2022,all,all,all,all,country_name,Nepal,26.0,,20230120.0
,LIGR,GRFCR,Total content received,half-year,Jan-Jun 2022,all,all,all,all,country_name,New Zealand,284.0,,20230120.0
,LIGR,GRFCR,Total content received,half-year,Jan-Jun 2022,all,all,all,all,country_name,Norway,5.0,,20230120.0
,LIGR,GRFCR,Total content received,half-year,Jan-Jun 2022,all,all,all,all,country_name,Pakistan,15928.0,,20230120.0
,LIGR,GRFCR,Total content received,half-year,Jan-Jun 2022,all,all,all,all,country_name,Russia,1856.0,,20230120.0
,LIGR,GRFCR,Total content received,half-year,Jan-Jun 2022,all,all,all,all,country_name,Singapore,34.0,,20230120.0
,LIGR,GRFCR,Total content received,half-year,Jan-Jun 2022,all,all,all,all,country_name,Sweden,7.0,,20230120.0
,LIGR,GRFCR,Total content received,half-year,Jan-Jun 2022,all,all,all,all,country_name,Thailand,67.0,,20230120.0
,LIGR,GRFCR,Total content received,half-year,Jan-Jun 2022,all,all,all,all,country_name,Turkey,84.0,,20230120.0
,LIGR,GRFCR,Total content received,half-year,Jan-Jun 2022,all,all,all,all,country_name,United Arab Emirates,11.0,,20230120.0
,LIGR,GRFCR,Total content received,half-year,Jan-Jun 2022,all,all,all,all,country_name,United Kingdom,35.0,,20230120.0
,LIGR,GRFCR,Total content received,half-year,Jan-Jun 2022,all,all,all,all,country_name,United States,29.0,,20230120.0
,LIGR,GRFCR,Total content received,half-year,Jan-Jun 2022,all,all,all,all,country_name,Uzbekistan,261.0,,20230120.0
,LIGR,GRFCR,Total content received,half-year,Jan-Jun 2022,all,all,all,all,country_name,Vietnam,292.0,,20230120.0
,LIGR,GRFCR,Total requests received,half-year,Jan-Jun 2022,all,all,all,all,country_name,Albania,3.0,,20230120.0
,LIGR,GRFCR,Total requests received,half-year,Jan-Jun 2022,all,all,all,all,country_name,Australia,231.0,,20230120.0
,LIGR,GRFCR,Total requests received,half-year,Jan-Jun 2022,all,all,all,all,country_name,Austria,6.0,,20230120.0
,LIGR,GRFCR,Total requests received,half-year,Jan-Jun 2022,all,all,all,all,country_name,Azerbaijan,11.0,,20230120.0
,LIGR,GRFCR,Total requests received,half-year,Jan-Jun 2022,all,all,all,all,country_name,Bangladesh,86.0,,20230120.0
,LIGR,GRFCR,Total requests received,half-year,Jan-Jun 2022,all,all,all,all,country_name,Belarus,1.0,,20230120.0
,LIGR,GRFCR,Total requests received,half-year,Jan-Jun 2022,all,all,all,all,country_name,Belgium,8.0,,20230120.0
,LIGR,GRFCR,Total requests received,half-year,Jan-Jun 2022,all,all,all,all,country_name,Canada,5.0,,20230120.0
,LIGR,GRFCR,Total requests received,half-year,Jan-Jun 2022,all,all,all,all,country_name,Croatia,1.0,,20230120.0
,LIGR,GRFCR,Total requests received,half-year,Jan-Jun 2022,all,all,all,all,country_name,Cyprus,4.0,,20230120.0
,LIGR,GRFCR,Total requests received,half-year,Jan-Jun 2022,all,all,all,all,country_name,Egypt,2.0,,20230120.0
,LIGR,GRFCR,Total requests received,half-year,Jan-Jun 2022,all,all,all,all,country_name,Estonia,2.0,,20230120.0
,LIGR,GRFCR,Total requests received,half-year,Jan-Jun 2022,all,all,all,all,country_name,Fiji,15.0,,20230120.0
,LIGR,GRFCR,Total requests received,half-year,Jan-Jun 2022,all,all,all,all,country_name,Finland,2.0,,20230120.0
,LIGR,GRFCR,Total requests received,half-year,Jan-Jun 2022,all,all,all,all,country_name,France,27.0,,20230120.0
,LIGR,GRFCR,Total requests received,half-year,Jan-Jun 2022,all,all,all,all,country_name,Germany,167.0,,20230120.0
,LIGR,GRFCR,Total requests received,half-year,Jan-Jun 2022,all,all,all,all,country_name,Greece,6.0,,20230120.0
,LIGR,GRFCR,Total requests received,half-year,Jan-Jun 2022,all,all,all,all,country_name,Hungary,1.0,,20230120.0
,LIGR,GRFCR,Total requests received,half-year,Jan-Jun 2022,all,all,all,all,country_name,Indonesia,43.0,,20230120.0
,LIGR,GRFCR,Total requests received,half-year,Jan-Jun 2022,all,all,all,all,country_name,Iraq,1.0,,20230120.0
,LIGR,GRFCR,Total requests received,half-year,Jan-Jun 2022,all,all,all,all,country_name,Ireland,6.0,,20230120.0
,LIGR,GRFCR,Total requests received,half-year,Jan-Jun 2022,all,all,all,all,country_name,Isle of Man,1.0,,20230120.0
,LIGR,GRFCR,Total requests received,half-year,Jan-Jun 2022,all,all,all,all,country_name,Israel,252.0,,20230120.0
,LIGR,GRFCR,Total requests received,half-year,Jan-Jun 2022,all,all,all,all,country_name,Italy,13.0,,20230120.0
,LIGR,GRFCR,Total requests received,half-year,Jan-Jun 2022,all,all,all,all,country_name,Jordan,11.0,,20230120.0
,LIGR,GRFCR,Total requests received,half-year,Jan-Jun 2022,all,all,all,all,country_name,Kazakhstan,14.0,,20230120.0
,LIGR,GRFCR,Total requests received,half-year,Jan-Jun 2022,all,all,all,all,country_name,Kosovo,3.0,,20230120.0
,LIGR,GRFCR,Total requests received,half-year,Jan-Jun 2022,all,all,all,all,country_name,Kuwait,1.0,,20230120.0
,LIGR,GRFCR,Total requests received,half-year,Jan-Jun 2022,all,all,all,all,country_name,Luxembourg,1.0,,20230120.0
,LIGR,GRFCR,Total requests received,half-year,Jan-Jun 2022,all,all,all,all,country_name,Macedonia,6.0,,20230120.0
,LIGR,GRFCR,Total requests received,half-year,Jan-Jun 2022,all,all,all,all,country_name,Malaysia,20.0,,20230120.0
,LIGR,GRFCR,Total requests received,half-year,Jan-Jun 2022,all,all,all,all,country_name,Moldova,3.0,,20230120.0
,LIGR,GRFCR,Total requests received,half-year,Jan-Jun 2022,all,all,all,all,country_name,Monaco,1.0,,20230120.0
,LIGR,GRFCR,Total requests received,half-year,Jan-Jun 2022,all,all,all,all,country_name,Nepal,48.0,,20230120.0
,LIGR,GRFCR,Total requests received,half-year,Jan-Jun 2022,all,all,all,all,country_name,Netherlands,4.0,,20230120.0
,LIGR,GRFCR,Total requests received,half-year,Jan-Jun 2022,all,all,all,all,country_name,New Zealand,169.0,,20230120.0
,LIGR,GRFCR,Total requests received,half-year,Jan-Jun 2022,all,all,all,all,country_name,Norway,34.0,,20230120.0
,LIGR,GRFCR,Total requests received,half-year,Jan-Jun 2022,all,all,all,all,country_name,Pakistan,68.0,,20230120.0
,LIGR,GRFCR,Total requests received,half-year,Jan-Jun 2022,all,all,all,all,country_name,Poland,1.0,,20230120.0
,LIGR,GRFCR,Total requests received,half-year,Jan-Jun 2022,all,all,all,all,country_name,Qatar,3.0,,20230120.0
,LIGR,GRFCR,Total requests received,half-year,Jan-Jun 2022,all,all,all,all,country_name,Russia,1169.0,,20230120.0
,LIGR,GRFCR,Total requests received,half-year,Jan-Jun 2022,all,all,all,all,country_name,Singapore,15.0,,20230120.0
,LIGR,GRFCR,Total requests received,half-year,Jan-Jun 2022,all,all,all,all,country_name,Slovenia,1.0,,20230120.0
,LIGR,GRFCR,Total requests received,half-year,Jan-Jun 2022,all,all,all,all,country_name,Spain,14.0,,20230120.0
,LIGR,GRFCR,Total requests received,half-year,Jan-Jun 2022,all,all,all,all,country_name,Sri Lanka,1.0,,20230120.0
,LIGR,GRFCR,Total requests received,half-year,Jan-Jun 2022,all,all,all,all,country_name,Sweden,15.0,,20230120.0
,LIGR,GRFCR,Total requests received,half-year,Jan-Jun 2022,all,all,all,all,country_name,Thailand,16.0,,20230120.0
,LIGR,GRFCR,Total requests received,half-year,Jan-Jun 2022,all,all,all,all,country_name,Turkey,64.0,,20230120.0
,LIGR,GRFCR,Total requests received,half-year,Jan-Jun 2022,all,all,all,all,country_name,Ukraine,13.0,,20230120.0
,LIGR,GRFCR,Total requests received,half-year,Jan-Jun 2022,all,all,all,all,country_name,United Arab Emirates,5.0,,20230120.0
,LIGR,GRFCR,Total requests received,half-year,Jan-Jun 2022,all,all,all,all,country_name,United Kingdom,71.0,,20230120.0
,LIGR,GRFCR,Total requests received,half-year,Jan-Jun 2022,all,all,all,all,country_name,United States,13.0,,20230120.0
,LIGR,GRFCR,Total requests received,half-year,Jan-Jun 2022,all,all,all,all,country_name,Uzbekistan,19.0,,20230120.0
,LIGR,GRFCR,Total requests received,half-year,Jan-Jun 2022,all,all,all,all,country_name,Vietnam,16.0,,20230120.0
,LIGR,GRFCR,Total Government Requests,half-year,Jul-Dec 2021,all,all,all,all,all,All,1722.0,,20230120.0
,LIGR,GRFCR,Total Government Requests,half-year,Jan-Jun 2021,all,all,all,all,all,All,2434.0,,20230120.0
,LIGR,GRFCR,Total Government Requests,half-year,Jul-Dec 2020,all,all,all,all,all,All,412.0,,20230120.0
,LIGR,GRFCR,Total Government Requests,half-year,Jan-Jun 2020,all,all,all,all,all,All,135.0,,20230120.0
,LIGR,GRFCR,Total Government Requests,half-year,Jul-Dec 2019,all,all,all,all,all,All,45.0,,20230120.0
,LIGR,GRFCR,Total Government Requests,half-year,Jan-Jun 2019,all,all,all,all,all,All,28.0,,20230120.0
