Applicability,Service,Reporting period,Category of illegal content,"Description of the sub-category ""Other""",Scope,Number of orders to act against illegal content received,Number of specific items of information included in the total number of orders to act against illegal content,Median time to inform the authority of the receipt of the order to act against illegal content,Median time to give effect to the order to act against illegal content,Number of orders to provide information,Median time to inform the authority of the receipt of the order to provide information,Median time to give effect to the order to provide information,Contextual information on number of orders to act against illegal content received,Contextual information on number of specific items of information included in the total number of orders to act against illegal content,Contextual information on Median time to inform the authority of the receipt of the order to act against illegal content,Contextual information on Median time to give effect to the order to act against illegal content,Contextual information on Number of orders to provide information,Contextual information on Median time to inform the authority of the receipt of the order to provide information,Contextual information on Median time to give effect to the order to provide information
All,Instagram,2025-07-01/2025-12-31,TOTAL,,TOTAL,492,966,0,58.50,2049,0,118.87,,,Automated responses are sent to inform the authority of the receipt of Authority Orders to act against allegedly illegal content as well as Authority Orders to provide information.,The median time taken to give effect to the Member States’ Authorities’ Orders to act against alleged illegal content considers the time between submission and actions taken on the basis of the law or the terms and conditions of the service. Member States’ Authorities’ Orders not resulting in an action taken are not included in the calculation. ,"Metrics relating to ‘orders to provide information’ solely concern Article 10 orders for the Facebook service, categorised by the type of reported illegality under investigation or prosecution, as typically self-selected by Member States’ Authorities at the time of submission via the Article 11 DSA Point of Contact. 

Meta does not take responsibility for any misleading, inaccurate, or incomplete reporting by the Member States’ Authorities. Furthermore, the submission of Article 10 orders does not of itself reflect the existence of illegality.  

Please note that Article 10 orders are a small subset of the user data requests Meta receives from Member States’ authorities and, accordingly, the associated metrics may not be representative of the nature and extent of all requests Meta receives. For a more comprehensive record of government requests for user data, we recommend referring to global transparency reports from Meta.",,"Please note that the ‘median time to give effect’ to orders to provide information is calculated based on the interval between valid receipt of an Article 10 order and Meta giving effect to it. This metric excludes orders where no data was produced, and – where applicable – the time passed for Meta to respond to the requesting authority to seek clarification, further context or resolution of formal defects with respect to the order. 

Please note that Article 10 orders are a small subset of the user data requests Meta receives from Member States’ authorities and, accordingly, the associated metrics may not be representative of the nature and extent of all requests Meta receives. For a more comprehensive record of government requests for user data, we recommend referring to global transparency reports from Meta."
All,Instagram,2025-07-01/2025-12-31,STATEMENT_CATEGORY_ANIMAL_WELFARE,,TOTAL,0,0,0,0.00,0,0,0.00,,,,,,,
All,Instagram,2025-07-01/2025-12-31,KEYWORD_ANIMAL_HARM,,TOTAL,0,0,0,0.00,0,0,0.00,,,,,,,
All,Instagram,2025-07-01/2025-12-31,KEYWORD_UNLAWFUL_SALE_ANIMALS,,TOTAL,0,0,0,0.00,0,0,0.00,,,,,,,
All,Instagram,2025-07-01/2025-12-31,STATEMENT_CATEGORY_CONSUMER_INFORMATION,,TOTAL,0,0,0,0.00,5,0,"1,179.65",,,,,,,
All,Instagram,2025-07-01/2025-12-31,KEYWORD_HIDDEN_ADVERTISEMENT,,TOTAL,0,0,0,0.00,0,0,0.00,,,,,,,
All,Instagram,2025-07-01/2025-12-31,KEYWORD_INSUFFICIENT_INFORMATION_ON_TRADERS,,TOTAL,0,0,0,0.00,4,0,674.02,,,,,,,
All,Instagram,2025-07-01/2025-12-31,KEYWORD_MISLEADING_INFO_GOODS_SERVICES,,TOTAL,0,0,0,0.00,1,0,"1,479.90",,,,,,,
All,Instagram,2025-07-01/2025-12-31,KEYWORD_MISLEADING_INFO_CONSUMER_RIGHTS,,TOTAL,0,0,0,0.00,0,0,0.00,,,,,,,
All,Instagram,2025-07-01/2025-12-31,KEYWORD_NONCOMPLIANCE_PRICING,,TOTAL,0,0,0,0.00,0,0,0.00,,,,,,,
All,Instagram,2025-07-01/2025-12-31,KEYWORD_OTHER_ADVERTISING,Added category to capture Article 10 data requests alleging advertisement(s) as the reason for the request.,TOTAL,0,0,0,0.00,0,0,0.00,,,,,,,
All,Instagram,2025-07-01/2025-12-31,KEYWORD_OTHER_DISCRIMINATORY_PRACTICES,Added category to record Article 9 member state order submissions alleging discriminatory practices.,TOTAL,0,0,0,0.00,0,0,0.00,,,,,,,
All,Instagram,2025-07-01/2025-12-31,KEYWORD_OTHER_LEAD_ADS,This row was added for use in other parts of our report. We have included it here for consistency across the report.,TOTAL,0,0,0,0.00,0,0,0.00,,,,,,,
All,Instagram,2025-07-01/2025-12-31,KEYWORD_OTHER_CRYPTOCURRENCY,This row was added for use in other parts of our report. We have included it here for consistency across the report.,TOTAL,0,0,0,0.00,0,0,0.00,,,,,,,
All,Instagram,2025-07-01/2025-12-31,KEYWORD_OTHER_PAYER_BENEFICIARY,Added category to record Article 9 member state order submissions alleging payer and beneficiary violations.,TOTAL,0,0,0,0.00,0,0,0.00,,,,,,,
All,Instagram,2025-07-01/2025-12-31,KEYWORD_OTHER_CONSUMER_INFRINGEMENTS,This row was added for use in other parts of our report. We have included it here for consistency across the report.,TOTAL,0,0,0,0.00,0,0,0.00,,,,,,,
All,Instagram,2025-07-01/2025-12-31,STATEMENT_CATEGORY_CYBER_VIOLENCE,,TOTAL,5,4,0,132.66,240,0,107.11,,,,,,,
All,Instagram,2025-07-01/2025-12-31,KEYWORD_CYBER_BULLYING_INTIMIDATION,,TOTAL,0,0,0,0.00,95,0,89.26,,,,,,,
All,Instagram,2025-07-01/2025-12-31,KEYWORD_CYBER_HARASSMENT,Category is inclusive of Article 9 member state orders and Article 10 data requests related to bullying and harassment.,TOTAL,5,4,0,132.66,145,0,120.66,,,,,,,
All,Instagram,2025-07-01/2025-12-31,KEYWORD_CYBER_INCITEMENT,,TOTAL,0,0,0,0.00,0,0,0.00,,,,,,,
All,Instagram,2025-07-01/2025-12-31,KEYWORD_CYBER_STALKING,,TOTAL,0,0,0,0.00,0,0,0.00,,,,,,,
All,Instagram,2025-07-01/2025-12-31,KEYWORD_NON_CONSENSUAL_IMAGE_SHARING,,TOTAL,0,0,0,0.00,0,0,0.00,,,,,,,
All,Instagram,2025-07-01/2025-12-31,KEYWORD_NON_CONSENSUAL_MATERIAL_DEEPFAKE,,TOTAL,0,0,0,0.00,0,0,0.00,,,,,,,
All,Instagram,2025-07-01/2025-12-31,STATEMENT_CATEGORY_CYBER_VIOLENCE_AGAINST_WOMEN,,TOTAL,0,0,0,0.00,0,0,0.00,,,,,,,
All,Instagram,2025-07-01/2025-12-31,KEYWORD_BULLYING_AGAINST_GIRLS,,TOTAL,0,0,0,0.00,0,0,0.00,,,,,,,
All,Instagram,2025-07-01/2025-12-31,KEYWORD_CYBER_HARASSMENT_AGAINST_WOMEN,,TOTAL,0,0,0,0.00,0,0,0.00,,,,,,,
All,Instagram,2025-07-01/2025-12-31,KEYWORD_CYBER_STALKING_AGAINST_WOMEN,,TOTAL,0,0,0,0.00,0,0,0.00,,,,,,,
All,Instagram,2025-07-01/2025-12-31,KEYWORD_FEMALE_GENDERED_DISINFORMATION,,TOTAL,0,0,0,0.00,0,0,0.00,,,,,,,
All,Instagram,2025-07-01/2025-12-31,KEYWORD_INCITEMENT_AGAINST_WOMEN,,TOTAL,0,0,0,0.00,0,0,0.00,,,,,,,
All,Instagram,2025-07-01/2025-12-31,KEYWORD_NON_CONSENSUAL_IMAGE_SHARING_AGAINST_WOMEN,,TOTAL,0,0,0,0.00,0,0,0.00,,,,,,,
All,Instagram,2025-07-01/2025-12-31,KEYWORD_NON_CONSENSUAL_MATERIAL_DEEPFAKE_AGAINST_WOMEN,,TOTAL,0,0,0,0.00,0,0,0.00,,,,,,,
All,Instagram,2025-07-01/2025-12-31,STATEMENT_CATEGORY_DATA_PROTECTION_AND_PRIVACY_VIOLATIONS,,TOTAL,0,0,0,0.00,0,0,0.00,,,,,,,
All,Instagram,2025-07-01/2025-12-31,KEYWORD_BIOMETRIC_DATA_BREACH,,TOTAL,0,0,0,0.00,0,0,0.00,,,,,,,
All,Instagram,2025-07-01/2025-12-31,KEYWORD_DATA_FALSIFICATION,,TOTAL,0,0,0,0.00,0,0,0.00,,,,,,,
All,Instagram,2025-07-01/2025-12-31,KEYWORD_MISSING_PROCESSING_GROUND,,TOTAL,0,0,0,0.00,0,0,0.00,,,,,,,
All,Instagram,2025-07-01/2025-12-31,KEYWORD_RIGHT_TO_BE_FORGOTTEN,,TOTAL,0,0,0,0.00,0,0,0.00,,,,,,,
All,Instagram,2025-07-01/2025-12-31,KEYWORD_OTHER_PRIVACY,Added category to record Article 9 member state order submissions alleging privacy violations.,TOTAL,0,0,0,0.00,0,0,0.00,,,,,,,
All,Instagram,2025-07-01/2025-12-31,KEYWORD_OTHER_DATA_PROTECTION,Added category to record Article 9 member state order submissions alleging data protection violations.,TOTAL,0,0,0,0.00,0,0,0.00,,,,,,,
All,Instagram,2025-07-01/2025-12-31,STATEMENT_CATEGORY_ILLEGAL_OR_HARMFUL_SPEECH,,TOTAL,37,52,0,14.05,483,0,153.87,,,,,,,
All,Instagram,2025-07-01/2025-12-31,KEYWORD_DEFAMATION,,TOTAL,0,0,0,0.00,127,0,144.43,,,,,,,
All,Instagram,2025-07-01/2025-12-31,KEYWORD_DISCRIMINATION,,TOTAL,0,0,0,0.00,0,0,0.00,,,,,,,
All,Instagram,2025-07-01/2025-12-31,KEYWORD_HATE_SPEECH,,TOTAL,37,52,0,14.05,356,0,158.28,,,,,,,
All,Instagram,2025-07-01/2025-12-31,KEYWORD_OTHER_PROFANITY,This row was added for use in other parts of our report. We have included it here for consistency across the report.,TOTAL,0,0,0,0.00,0,0,0.00,,,,,,,
All,Instagram,2025-07-01/2025-12-31,KEYWORD_OTHER_ILLEGALITY,This row was added for use in other parts of our report. We have included it here for consistency across the report.,TOTAL,0,0,0,0.00,0,0,0.00,,,,,,,
All,Instagram,2025-07-01/2025-12-31,STATEMENT_CATEGORY_INTELLECTUAL_PROPERTY_INFRINGEMENTS,,TOTAL,0,0,0,0.00,24,0,83.99,,,,,,,
All,Instagram,2025-07-01/2025-12-31,KEYWORD_COPYRIGHT_INFRINGEMENT,,TOTAL,0,0,0,0.00,0,0,0.00,,,,,,,
All,Instagram,2025-07-01/2025-12-31,KEYWORD_DESIGN_INFRINGEMENT,,TOTAL,0,0,0,0.00,0,0,0.00,,,,,,,
All,Instagram,2025-07-01/2025-12-31,KEYWORD_GEOGRAPHIC_INDICATIONS_INFRINGEMENT,,TOTAL,0,0,0,0.00,0,0,0.00,,,,,,,
All,Instagram,2025-07-01/2025-12-31,KEYWORD_PATENT_INFRINGEMENT,,TOTAL,0,0,0,0.00,0,0,0.00,,,,,,,
All,Instagram,2025-07-01/2025-12-31,KEYWORD_TRADE_SECRET_INFRINGEMENT,,TOTAL,0,0,0,0.00,0,0,0.00,,,,,,,
All,Instagram,2025-07-01/2025-12-31,KEYWORD_TRADEMARK_INFRINGEMENT,,TOTAL,0,0,0,0.00,0,0,0.00,,,,,,,
All,Instagram,2025-07-01/2025-12-31,KEYWORD_OTHER_INTELLECTUAL_PROPERTY_INFRINGEMENTS_THIRD_PARTY_VIOLATION_OR_DATA_VIOLATION,"Added category to capture Article 9 member state order submissions alleging intellectual property content violations, Article 10 member state order submissions alleging intellectual property or data violations.",TOTAL,0,0,0,0.00,24,0,83.99,,,,,,,
All,Instagram,2025-07-01/2025-12-31,STATEMENT_CATEGORY_NEGATIVE_EFFECTS_ON_CIVIC_DISCOURSE_OR_ELECTIONS,,TOTAL,0,0,0,0.00,0,0,0.00,,,,,,,
All,Instagram,2025-07-01/2025-12-31,KEYWORD_MISINFORMATION_DISINFORMATION,,TOTAL,0,0,0,0.00,0,0,0.00,,,,,,,
All,Instagram,2025-07-01/2025-12-31,KEYWORD_VIOLATION_EU_LAW,,TOTAL,0,0,0,0.00,0,0,0.00,,,,,,,
All,Instagram,2025-07-01/2025-12-31,KEYWORD_VIOLATION_NATIONAL_LAW,,TOTAL,0,0,0,0.00,0,0,0.00,,,,,,,
All,Instagram,2025-07-01/2025-12-31,KEYWORD_OTHER_POLITICAL_ADVERTISING,Added category to record Article 9 member state order submissions alleging political advertising content violations.,TOTAL,0,0,0,0.00,0,0,0.00,,,,,,,
All,Instagram,2025-07-01/2025-12-31,KEYWORD_OTHER_INELIGIBLE_USER,This row was added for use in other parts of our report. We have included it here for consistency across the report.,TOTAL,0,0,0,0.00,0,0,0.00,,,,,,,
All,Instagram,2025-07-01/2025-12-31,KEYWORD_OTHER_CIVIC_DISCOURSE,This row was added for use in other parts of our report. We have included it here for consistency across the report.,TOTAL,0,0,0,0.00,0,0,0.00,,,,,,,
All,Instagram,2025-07-01/2025-12-31,STATEMENT_CATEGORY_PROTECTION_OF_MINORS,,TOTAL,10,19,0,216.76,231,0,77.68,,,,,,,
All,Instagram,2025-07-01/2025-12-31,KEYWORD_AGE_SPECIFIC_RESTRICTIONS_MINORS,,TOTAL,0,0,0,0.00,0,0,0.00,,,,,,,
All,Instagram,2025-07-01/2025-12-31,KEYWORD_CHILD_SEXUAL_ABUSE_MATERIAL,,TOTAL,10,19,0,216.76,231,0,77.68,,,,,,,
All,Instagram,2025-07-01/2025-12-31,KEYWORD_CHILD_SEXUAL_ABUSE_MATERIAL_DEEPFAKE,,TOTAL,0,0,0,0.00,0,0,0.00,,,,,,,
All,Instagram,2025-07-01/2025-12-31,KEYWORD_GROOMING_SEXUAL_ENTICEMENT_MINORS,,TOTAL,0,0,0,0.00,0,0,0.00,,,,,,,
All,Instagram,2025-07-01/2025-12-31,KEYWORD_UNSAFE_CHALLENGES,,TOTAL,0,0,0,0.00,0,0,0.00,,,,,,,
All,Instagram,2025-07-01/2025-12-31,STATEMENT_CATEGORY_RISK_FOR_PUBLIC_SECURITY,,TOTAL,124,465,0,130.97,193,0,120.95,,,,,,,
All,Instagram,2025-07-01/2025-12-31,KEYWORD_ILLEGAL_ORGANIZATIONS,,TOTAL,0,0,0,0.00,0,0,0.00,,,,,,,
All,Instagram,2025-07-01/2025-12-31,KEYWORD_RISK_ENVIRONMENTAL_DAMAGE,,TOTAL,0,0,0,0.00,0,0,0.00,,,,,,,
All,Instagram,2025-07-01/2025-12-31,KEYWORD_RISK_PUBLIC_HEALTH,,TOTAL,0,0,0,0.00,0,0,0.00,,,,,,,
All,Instagram,2025-07-01/2025-12-31,KEYWORD_TERRORIST_CONTENT,,TOTAL,124,465,0,130.97,53,0,141.26,,,,,,,
All,Instagram,2025-07-01/2025-12-31,KEYWORD_OTHER_FUGITIVE,Added category to record Article 10 member state order submissions to provide information alleging a fugitive as the reason for the request.,TOTAL,0,0,0,0.00,28,0,94.10,,,,,,,
All,Instagram,2025-07-01/2025-12-31,KEYWORD_OTHER_TRESPASS_PROPERTY_AND_ENVIRONMENTAL_DAMAGE,Added category to record Article 10 member state order submissions to provide information alleging and property or environmental damage as the reason for the request.,TOTAL,0,0,0,0.00,112,0,117.37,,,,,,,
All,Instagram,2025-07-01/2025-12-31,KEYWORD_OTHER_PUBLIC_SECURITY,This row was added for use in other parts of our report. We have included it here for consistency across the report.,TOTAL,0,0,0,0.00,0,0,0.00,,,,,,,
All,Instagram,2025-07-01/2025-12-31,STATEMENT_CATEGORY_SCAMS_AND_FRAUD,,TOTAL,206,156,0,63.83,254,0,97.83,,,,,,,
All,Instagram,2025-07-01/2025-12-31,KEYWORD_IMPERSONATION_ACCOUNT_HIJACKING,,TOTAL,101,59,0,111.20,100,0,121.57,,,,,,,
All,Instagram,2025-07-01/2025-12-31,KEYWORD_INAUTHENTIC_ACCOUNTS,,TOTAL,72,63,0,41.04,0,0,0.00,,,,,,,
All,Instagram,2025-07-01/2025-12-31,KEYWORD_INAUTHENTIC_LISTINGS,,TOTAL,0,0,0,0.00,0,0,0.00,,,,,,,
All,Instagram,2025-07-01/2025-12-31,KEYWORD_INAUTHENTIC_USER_REVIEWS,,TOTAL,0,0,0,0.00,0,0,0.00,,,,,,,
All,Instagram,2025-07-01/2025-12-31,KEYWORD_PHISHING,,TOTAL,0,0,0,0.00,0,0,0.00,,,,,,,
All,Instagram,2025-07-01/2025-12-31,KEYWORD_PYRAMID_SCHEMES,,TOTAL,0,0,0,0.00,0,0,0.00,,,,,,,
All,Instagram,2025-07-01/2025-12-31,KEYWORD_OTHER_FINANCIAL_FRAUDS_SCAMS,Added category to record Article 10 member state order submissions to provide information alleging financial fraud and scams as the reason for the request.,TOTAL,0,0,0,0.00,154,0,93.06,,,,,,,
All,Instagram,2025-07-01/2025-12-31,KEYWORD_OTHER_FRAUD_AND_DECEPTION,Added category to record Article 9 member state order submissions alleging fraud.,TOTAL,33,35,0,105.29,0,0,0.00,,,,,,,
All,Instagram,2025-07-01/2025-12-31,KEYWORD_OTHER_SPAM,Added category to record Article 9 member state order submissions alleging spam.,TOTAL,0,0,0,0.00,0,0,0.00,,,,,,,
All,Instagram,2025-07-01/2025-12-31,KEYWORD_OTHER_GAMBLING,This row was added for use in other parts of our report. We have included it here for consistency across the report.,TOTAL,0,0,0,0.00,0,0,0.00,,,,,,,
All,Instagram,2025-07-01/2025-12-31,KEYWORD_OTHER_FAKE_ENGAGEMENT,This row was added for use in other parts of our report. We have included it here for consistency across the report.,TOTAL,0,0,0,0.00,0,0,0.00,,,,,,,
All,Instagram,2025-07-01/2025-12-31,STATEMENT_CATEGORY_SELF_HARM,,TOTAL,3,35,0,26.71,5,0,69.57,,,,,,,
All,Instagram,2025-07-01/2025-12-31,KEYWORD_CONTENT_PROMOTING_EATING_DISORDERS,,TOTAL,0,0,0,0.00,0,0,0.00,,,,,,,
All,Instagram,2025-07-01/2025-12-31,KEYWORD_SELF_MUTILATION,,TOTAL,0,0,0,0.00,0,0,0.00,,,,,,,
All,Instagram,2025-07-01/2025-12-31,KEYWORD_SUICIDE,,TOTAL,3,35,0,26.71,5,0,69.57,,,,,,,
All,Instagram,2025-07-01/2025-12-31,STATEMENT_CATEGORY_UNSAFE_AND_PROHIBITED_PRODUCTS,,TOTAL,0,0,0,0.00,196,0,99.96,,,,,,,
All,Instagram,2025-07-01/2025-12-31,KEYWORD_PROHIBITED_PRODUCTS,"Category is inclusive of Article 9 member state orders and Article 10 data requests related to drugs, firearms and other prohibited products.",TOTAL,0,0,0,0.00,196,0,99.96,,,,,,,
All,Instagram,2025-07-01/2025-12-31,KEYWORD_UNSAFE_PRODUCTS,,TOTAL,0,0,0,0.00,0,0,0.00,,,,,,,
All,Instagram,2025-07-01/2025-12-31,KEYWORD_OTHER_GOODS_SERVICES_NOT_PERMITTED,"Added category to record Article 9 member state order submissions alleging unsafe substances, tobacco, alcohol, unsafe medical products, or unsafe financial services.",TOTAL,0,0,0,0.00,0,0,0.00,,,,,,,
All,Instagram,2025-07-01/2025-12-31,KEYWORD_OTHER_STOLEN_GOODS,This row was added for use in other parts of our report. We have included it here for consistency across the report.,TOTAL,0,0,0,0.00,0,0,0.00,,,,,,,
All,Instagram,2025-07-01/2025-12-31,KEYWORD_OTHER_VEHICLE_ACCESSORIES,This row was added for use in other parts of our report. We have included it here for consistency across the report.,TOTAL,0,0,0,0.00,0,0,0.00,,,,,,,
All,Instagram,2025-07-01/2025-12-31,KEYWORD_OTHER_NUDITY_SEXUAL_ACTIVITY,Added category to capture Article 9 member state order submissions alleging nudity or sexual activity,TOTAL,0,0,0,0.00,0,0,0.00,,,,,,,
All,Instagram,2025-07-01/2025-12-31,STATEMENT_CATEGORY_VIOLENCE,,TOTAL,44,57,0,47.78,418,0,109.22,,,,,,,
All,Instagram,2025-07-01/2025-12-31,KEYWORD_COORDINATED_HARM,,TOTAL,0,0,0,0.00,23,0,75.88,,,,,,,
All,Instagram,2025-07-01/2025-12-31,KEYWORD_INCITEMENT_VIOLENCE_HATRED,Category is inclusive of Article 10 data requests alleging the threat of violence as the reason for the request.,TOTAL,37,44,0,49.31,0,0,0.00,,,,,,,
All,Instagram,2025-07-01/2025-12-31,KEYWORD_HUMAN_EXPLOITATION,,TOTAL,7,13,0,15.47,15,0,98.66,,,,,,,
All,Instagram,2025-07-01/2025-12-31,KEYWORD_HUMAN_TRAFFICKING,,TOTAL,0,0,0,0.00,8,0,144.19,,,,,,,
All,Instagram,2025-07-01/2025-12-31,KEYWORD_TRAFFICKING_WOMEN_GIRLS,,TOTAL,0,0,0,0.00,0,0,0.00,,,,,,,
All,Instagram,2025-07-01/2025-12-31,KEYWORD_OTHER_MURDER,Added category to record Article 10 member state order submissions to provide information alleging murder as the reason for the request.,TOTAL,0,0,0,0.00,36,0,97.54,,,,,,,
All,Instagram,2025-07-01/2025-12-31,KEYWORD_OTHER_KIDNAPPED_OR_MISSING_PERSON,Added category to record Article 10 member state order submissions to provide information alleging kidnapping or missing person as the reason for the request.,TOTAL,0,0,0,0.00,19,0,89.78,,,,,,,
All,Instagram,2025-07-01/2025-12-31,KEYWORD_OTHER_PHYSICAL_ASSAULT,Added category to record Article 10 member state order submissions to provide information alleging physical assault as the reason for the request.,TOTAL,0,0,0,0.00,82,0,121.53,,,,,,,
All,Instagram,2025-07-01/2025-12-31,KEYWORD_OTHER_SEX_CRIME_SEXUAL_ASSAULT,Added category to record Article 10 member state order submissions to provide information alleging a sex crime or sexual assault as the reason for the request.,TOTAL,0,0,0,0.00,73,0,94.41,,,,,,,
All,Instagram,2025-07-01/2025-12-31,KEYWORD_OTHER_GRAPHIC_VIOLENCE,Added category to record Article 9 member state order submissions alleging graphic violence.,TOTAL,0,0,0,0.00,0,0,0.00,,,,,,,
All,Instagram,2025-07-01/2025-12-31,KEYWORD_OTHER_THREATS_OF_VIOLENCE,Added category to record Article 10 member state order submissions alleging threats of violence.,TOTAL,0,0,0,0.00,162,0,124.88,,,,,,,
All,Instagram,2025-07-01/2025-12-31,STATEMENT_CATEGORY_NOT_SPECIFIED_ORDER,,TOTAL,63,187,0,27.86,0,0,0.00,,,,,,,
All,Instagram,2025-07-01/2025-12-31,TOTAL,,AT,0,0,0,0.00,4,0,173.38,,,,,,,
,,,,,BE,1,2,0,,1,0,"1,479.90",,,,,,,
,,,,,BG,31,63,0,,0,0,0.00,,,,,,,
,,,,,CY,18,16,0,69.17,0,0,0.00,,,,,,,
,,,,,CZ,0,0,0,0.00,0,0,0.00,,,,,,,
,,,,,DE,198,594,0,27.86,1314,0,120.85,,,,,,,
,,,,,DK,11,27,0,12.26,0,0,0.00,,,,,,,
,,,,,EE,1,1,0,23.51,1,0,,,,,,,,
,,,,,EL,3,5,0,3.60,1,0,,,,,,,,
,,,,,ES,8,7,0,,63,0,87.78,,,,,,,
,,,,,FI,1,1,0,,0,0,0.00,,,,,,,
,,,,,FR,20,18,0,,268,0,112.43,,,,,,,
,,,,,HR,0,0,0,0.00,0,0,0.00,,,,,,,
,,,,,HU,0,0,0,0.00,21,0,164.03,,,,,,,
,,,,,IE,4,3,0,194.09,69,0,120.76,,,,,,,
,,,,,IT,168,147,0,427.59,148,0,120.79,,,,,,,
,,,,,LT,7,36,0,23.04,0,0,0.00,,,,,,,
,,,,,LU,0,0,0,0.00,1,0,,,,,,,,
,,,,,LV,0,0,0,0.00,0,0,0.00,,,,,,,
,,,,,MT,1,1,0,120.26,6,0,94.94,,,,,,,
,,,,,NL,6,3,0,,0,0,0.00,,,,,,,
,,,,,PL,2,2,0,,102,0,88.35,,,,,,,
,,,,,PT,0,0,0,0.00,22,0,144.71,,,,,,,
,,,,,RO,3,15,0,25.80,25,0,115.08,,,,,,,
,,,,,SE,9,25,0,98.72,0,0,0.00,,,,,,,
,,,,,SI,0,0,0,0.00,3,0,56.94,,,,,,,
,,,,,SK,0,0,0,0.00,0,0,0.00,,,,,,,
All,Instagram,2025-07-01/2025-12-31,STATEMENT_CATEGORY_ANIMAL_WELFARE,,AT,0,0,0,0.00,0,0,0.00,,,,,,,
,,,,,BE,0,0,0,0.00,0,0,0.00,,,,,,,
,,,,,BG,0,0,0,0.00,0,0,0.00,,,,,,,
,,,,,CY,0,0,0,0.00,0,0,0.00,,,,,,,
,,,,,CZ,0,0,0,0.00,0,0,0.00,,,,,,,
,,,,,DE,0,0,0,0.00,0,0,0.00,,,,,,,
,,,,,DK,0,0,0,0.00,0,0,0.00,,,,,,,
,,,,,EE,0,0,0,0.00,0,0,0.00,,,,,,,
,,,,,EL,0,0,0,0.00,0,0,0.00,,,,,,,
,,,,,ES,0,0,0,0.00,0,0,0.00,,,,,,,
,,,,,FI,0,0,0,0.00,0,0,0.00,,,,,,,
,,,,,FR,0,0,0,0.00,0,0,0.00,,,,,,,
,,,,,HR,0,0,0,0.00,0,0,0.00,,,,,,,
,,,,,HU,0,0,0,0.00,0,0,0.00,,,,,,,
,,,,,IE,0,0,0,0.00,0,0,0.00,,,,,,,
,,,,,IT,0,0,0,0.00,0,0,0.00,,,,,,,
,,,,,LT,0,0,0,0.00,0,0,0.00,,,,,,,
,,,,,LU,0,0,0,0.00,0,0,0.00,,,,,,,
,,,,,LV,0,0,0,0.00,0,0,0.00,,,,,,,
,,,,,MT,0,0,0,0.00,0,0,0.00,,,,,,,
,,,,,NL,0,0,0,0.00,0,0,0.00,,,,,,,
,,,,,PL,0,0,0,0.00,0,0,0.00,,,,,,,
,,,,,PT,0,0,0,0.00,0,0,0.00,,,,,,,
,,,,,RO,0,0,0,0.00,0,0,0.00,,,,,,,
,,,,,SE,0,0,0,0.00,0,0,0.00,,,,,,,
,,,,,SI,0,0,0,0.00,0,0,0.00,,,,,,,
,,,,,SK,0,0,0,0.00,0,0,0.00,,,,,,,
All,Instagram,2025-07-01/2025-12-31,KEYWORD_ANIMAL_HARM,,AT,0,0,0,0.00,0,0,0.00,,,,,,,
,,,,,BE,0,0,0,0.00,0,0,0.00,,,,,,,
,,,,,BG,0,0,0,0.00,0,0,0.00,,,,,,,
,,,,,CY,0,0,0,0.00,0,0,0.00,,,,,,,
,,,,,CZ,0,0,0,0.00,0,0,0.00,,,,,,,
,,,,,DE,0,0,0,0.00,0,0,0.00,,,,,,,
,,,,,DK,0,0,0,0.00,0,0,0.00,,,,,,,
,,,,,EE,0,0,0,0.00,0,0,0.00,,,,,,,
,,,,,EL,0,0,0,0.00,0,0,0.00,,,,,,,
,,,,,ES,0,0,0,0.00,0,0,0.00,,,,,,,
,,,,,FI,0,0,0,0.00,0,0,0.00,,,,,,,
,,,,,FR,0,0,0,0.00,0,0,0.00,,,,,,,
,,,,,HR,0,0,0,0.00,0,0,0.00,,,,,,,
,,,,,HU,0,0,0,0.00,0,0,0.00,,,,,,,
,,,,,IE,0,0,0,0.00,0,0,0.00,,,,,,,
,,,,,IT,0,0,0,0.00,0,0,0.00,,,,,,,
,,,,,LT,0,0,0,0.00,0,0,0.00,,,,,,,
,,,,,LU,0,0,0,0.00,0,0,0.00,,,,,,,
,,,,,LV,0,0,0,0.00,0,0,0.00,,,,,,,
,,,,,MT,0,0,0,0.00,0,0,0.00,,,,,,,
,,,,,NL,0,0,0,0.00,0,0,0.00,,,,,,,
,,,,,PL,0,0,0,0.00,0,0,0.00,,,,,,,
,,,,,PT,0,0,0,0.00,0,0,0.00,,,,,,,
,,,,,RO,0,0,0,0.00,0,0,0.00,,,,,,,
,,,,,SE,0,0,0,0.00,0,0,0.00,,,,,,,
,,,,,SI,0,0,0,0.00,0,0,0.00,,,,,,,
,,,,,SK,0,0,0,0.00,0,0,0.00,,,,,,,
All,Instagram,2025-07-01/2025-12-31,KEYWORD_UNLAWFUL_SALE_ANIMALS,,AT,0,0,0,0.00,0,0,0.00,,,,,,,
,,,,,BE,0,0,0,0.00,0,0,0.00,,,,,,,
,,,,,BG,0,0,0,0.00,0,0,0.00,,,,,,,
,,,,,CY,0,0,0,0.00,0,0,0.00,,,,,,,
,,,,,CZ,0,0,0,0.00,0,0,0.00,,,,,,,
,,,,,DE,0,0,0,0.00,0,0,0.00,,,,,,,
,,,,,DK,0,0,0,0.00,0,0,0.00,,,,,,,
,,,,,EE,0,0,0,0.00,0,0,0.00,,,,,,,
,,,,,EL,0,0,0,0.00,0,0,0.00,,,,,,,
,,,,,ES,0,0,0,0.00,0,0,0.00,,,,,,,
,,,,,FI,0,0,0,0.00,0,0,0.00,,,,,,,
,,,,,FR,0,0,0,0.00,0,0,0.00,,,,,,,
,,,,,HR,0,0,0,0.00,0,0,0.00,,,,,,,
,,,,,HU,0,0,0,0.00,0,0,0.00,,,,,,,
,,,,,IE,0,0,0,0.00,0,0,0.00,,,,,,,
,,,,,IT,0,0,0,0.00,0,0,0.00,,,,,,,
,,,,,LT,0,0,0,0.00,0,0,0.00,,,,,,,
,,,,,LU,0,0,0,0.00,0,0,0.00,,,,,,,
,,,,,LV,0,0,0,0.00,0,0,0.00,,,,,,,
,,,,,MT,0,0,0,0.00,0,0,0.00,,,,,,,
,,,,,NL,0,0,0,0.00,0,0,0.00,,,,,,,
,,,,,PL,0,0,0,0.00,0,0,0.00,,,,,,,
,,,,,PT,0,0,0,0.00,0,0,0.00,,,,,,,
,,,,,RO,0,0,0,0.00,0,0,0.00,,,,,,,
,,,,,SE,0,0,0,0.00,0,0,0.00,,,,,,,
,,,,,SI,0,0,0,0.00,0,0,0.00,,,,,,,
,,,,,SK,0,0,0,0.00,0,0,0.00,,,,,,,
All,"Instagram

























",2025-07-01/2025-12-31,STATEMENT_CATEGORY_CONSUMER_INFORMATION,,AT,0,0,0,0.00,0,0,0.00,,,,,,,
,,,,,BE,0,0,0,0.00,1,0,"1,479.90",,,,,,,
,,,,,BG,0,0,0,0.00,0,0,0.00,,,,,,,
,,,,,CY,0,0,0,0.00,0,0,0.00,,,,,,,
,,,,,CZ,0,0,0,0.00,0,0,0.00,,,,,,,
,,,,,DE,0,0,0,0.00,4,0,674.02,,,,,,,
,,,,,DK,0,0,0,0.00,0,0,0.00,,,,,,,
,,,,,EE,0,0,0,0.00,0,0,0.00,,,,,,,
,,,,,EL,0,0,0,0.00,0,0,0.00,,,,,,,
,,,,,ES,0,0,0,0.00,0,0,0.00,,,,,,,
,,,,,FI,0,0,0,0.00,0,0,0.00,,,,,,,
,,,,,FR,0,0,0,0.00,0,0,0.00,,,,,,,
,,,,,HR,0,0,0,0.00,0,0,0.00,,,,,,,
,,,,,HU,0,0,0,0.00,0,0,0.00,,,,,,,
,,,,,IE,0,0,0,0.00,0,0,0.00,,,,,,,
,,,,,IT,0,0,0,0.00,0,0,0.00,,,,,,,
,,,,,LT,0,0,0,0.00,0,0,0.00,,,,,,,
,,,,,LU,0,0,0,0.00,0,0,0.00,,,,,,,
,,,,,LV,0,0,0,0.00,0,0,0.00,,,,,,,
,,,,,MT,0,0,0,0.00,0,0,0.00,,,,,,,
,,,,,NL,0,0,0,0.00,0,0,0.00,,,,,,,
,,,,,PL,0,0,0,0.00,0,0,0.00,,,,,,,
,,,,,PT,0,0,0,0.00,0,0,0.00,,,,,,,
,,,,,RO,0,0,0,0.00,0,0,0.00,,,,,,,
,,,,,SE,0,0,0,0.00,0,0,0.00,,,,,,,
,,,,,SI,0,0,0,0.00,0,0,0.00,,,,,,,
,,,,,SK,0,0,0,0.00,0,0,0.00,,,,,,,
All,Instagram,2025-07-01/2025-12-31,KEYWORD_HIDDEN_ADVERTISEMENT,,AT,0,0,0,0.00,0,0,0.00,,,,,,,
,,,,,BE,0,0,0,0.00,0,0,0.00,,,,,,,
,,,,,BG,0,0,0,0.00,0,0,0.00,,,,,,,
,,,,,CY,0,0,0,0.00,0,0,0.00,,,,,,,
,,,,,CZ,0,0,0,0.00,0,0,0.00,,,,,,,
,,,,,DE,0,0,0,0.00,0,0,0.00,,,,,,,
,,,,,DK,0,0,0,0.00,0,0,0.00,,,,,,,
,,,,,EE,0,0,0,0.00,0,0,0.00,,,,,,,
,,,,,EL,0,0,0,0.00,0,0,0.00,,,,,,,
,,,,,ES,0,0,0,0.00,0,0,0.00,,,,,,,
,,,,,FI,0,0,0,0.00,0,0,0.00,,,,,,,
,,,,,FR,0,0,0,0.00,0,0,0.00,,,,,,,
,,,,,HR,0,0,0,0.00,0,0,0.00,,,,,,,
,,,,,HU,0,0,0,0.00,0,0,0.00,,,,,,,
,,,,,IE,0,0,0,0.00,0,0,0.00,,,,,,,
,,,,,IT,0,0,0,0.00,0,0,0.00,,,,,,,
,,,,,LT,0,0,0,0.00,0,0,0.00,,,,,,,
,,,,,LU,0,0,0,0.00,0,0,0.00,,,,,,,
,,,,,LV,0,0,0,0.00,0,0,0.00,,,,,,,
,,,,,MT,0,0,0,0.00,0,0,0.00,,,,,,,
,,,,,NL,0,0,0,0.00,0,0,0.00,,,,,,,
,,,,,PL,0,0,0,0.00,0,0,0.00,,,,,,,
,,,,,PT,0,0,0,0.00,0,0,0.00,,,,,,,
,,,,,RO,0,0,0,0.00,0,0,0.00,,,,,,,
,,,,,SE,0,0,0,0.00,0,0,0.00,,,,,,,
,,,,,SI,0,0,0,0.00,0,0,0.00,,,,,,,
,,,,,SK,0,0,0,0.00,0,0,0.00,,,,,,,
All,Instagram,2025-07-01/2025-12-31,KEYWORD_INSUFFICIENT_INFORMATION_ON_TRADERS,,AT,0,0,0,0.00,0,0,0.00,,,,,,,
,,,,,BE,0,0,0,0.00,0,0,0.00,,,,,,,
,,,,,BG,0,0,0,0.00,0,0,0.00,,,,,,,
,,,,,CY,0,0,0,0.00,0,0,0.00,,,,,,,
,,,,,CZ,0,0,0,0.00,0,0,0.00,,,,,,,
,,,,,DE,0,0,0,0.00,4,0,674.02,,,,,,,
,,,,,DK,0,0,0,0.00,0,0,0.00,,,,,,,
,,,,,EE,0,0,0,0.00,0,0,0.00,,,,,,,
,,,,,EL,0,0,0,0.00,0,0,0.00,,,,,,,
,,,,,ES,0,0,0,0.00,0,0,0.00,,,,,,,
,,,,,FI,0,0,0,0.00,0,0,0.00,,,,,,,
,,,,,FR,0,0,0,0.00,0,0,0.00,,,,,,,
,,,,,HR,0,0,0,0.00,0,0,0.00,,,,,,,
,,,,,HU,0,0,0,0.00,0,0,0.00,,,,,,,
,,,,,IE,0,0,0,0.00,0,0,0.00,,,,,,,
,,,,,IT,0,0,0,0.00,0,0,0.00,,,,,,,
,,,,,LT,0,0,0,0.00,0,0,0.00,,,,,,,
,,,,,LU,0,0,0,0.00,0,0,0.00,,,,,,,
,,,,,LV,0,0,0,0.00,0,0,0.00,,,,,,,
,,,,,MT,0,0,0,0.00,0,0,0.00,,,,,,,
,,,,,NL,0,0,0,0.00,0,0,0.00,,,,,,,
,,,,,PL,0,0,0,0.00,0,0,0.00,,,,,,,
,,,,,PT,0,0,0,0.00,0,0,0.00,,,,,,,
,,,,,RO,0,0,0,0.00,0,0,0.00,,,,,,,
,,,,,SE,0,0,0,0.00,0,0,0.00,,,,,,,
,,,,,SI,0,0,0,0.00,0,0,0.00,,,,,,,
,,,,,SK,0,0,0,0.00,0,0,0.00,,,,,,,
All,Instagram,2025-07-01/2025-12-31,KEYWORD_MISLEADING_INFO_GOODS_SERVICES,,AT,0,0,0,0.00,0,0,0.00,,,,,,,
,,,,,BE,0,0,0,0.00,1,0,"1,479.90",,,,,,,
,,,,,BG,0,0,0,0.00,0,0,0.00,,,,,,,
,,,,,CY,0,0,0,0.00,0,0,0.00,,,,,,,
,,,,,CZ,0,0,0,0.00,0,0,0.00,,,,,,,
,,,,,DE,0,0,0,0.00,0,0,0.00,,,,,,,
,,,,,DK,0,0,0,0.00,0,0,0.00,,,,,,,
,,,,,EE,0,0,0,0.00,0,0,0.00,,,,,,,
,,,,,EL,0,0,0,0.00,0,0,0.00,,,,,,,
,,,,,ES,0,0,0,0.00,0,0,0.00,,,,,,,
,,,,,FI,0,0,0,0.00,0,0,0.00,,,,,,,
,,,,,FR,0,0,0,0.00,0,0,0.00,,,,,,,
,,,,,HR,0,0,0,0.00,0,0,0.00,,,,,,,
,,,,,HU,0,0,0,0.00,0,0,0.00,,,,,,,
,,,,,IE,0,0,0,0.00,0,0,0.00,,,,,,,
,,,,,IT,0,0,0,0.00,0,0,0.00,,,,,,,
,,,,,LT,0,0,0,0.00,0,0,0.00,,,,,,,
,,,,,LU,0,0,0,0.00,0,0,0.00,,,,,,,
,,,,,LV,0,0,0,0.00,0,0,0.00,,,,,,,
,,,,,MT,0,0,0,0.00,0,0,0.00,,,,,,,
,,,,,NL,0,0,0,0.00,0,0,0.00,,,,,,,
,,,,,PL,0,0,0,0.00,0,0,0.00,,,,,,,
,,,,,PT,0,0,0,0.00,0,0,0.00,,,,,,,
,,,,,RO,0,0,0,0.00,0,0,0.00,,,,,,,
,,,,,SE,0,0,0,0.00,0,0,0.00,,,,,,,
,,,,,SI,0,0,0,0.00,0,0,0.00,,,,,,,
,,,,,SK,0,0,0,0.00,0,0,0.00,,,,,,,
All,Instagram,2025-07-01/2025-12-31,KEYWORD_MISLEADING_INFO_CONSUMER_RIGHTS,,AT,0,0,0,0.00,0,0,0.00,,,,,,,
,,,,,BE,0,0,0,0.00,0,0,0.00,,,,,,,
,,,,,BG,0,0,0,0.00,0,0,0.00,,,,,,,
,,,,,CY,0,0,0,0.00,0,0,0.00,,,,,,,
,,,,,CZ,0,0,0,0.00,0,0,0.00,,,,,,,
,,,,,DE,0,0,0,0.00,0,0,0.00,,,,,,,
,,,,,DK,0,0,0,0.00,0,0,0.00,,,,,,,
,,,,,EE,0,0,0,0.00,0,0,0.00,,,,,,,
,,,,,EL,0,0,0,0.00,0,0,0.00,,,,,,,
,,,,,ES,0,0,0,0.00,0,0,0.00,,,,,,,
,,,,,FI,0,0,0,0.00,0,0,0.00,,,,,,,
,,,,,FR,0,0,0,0.00,0,0,0.00,,,,,,,
,,,,,HR,0,0,0,0.00,0,0,0.00,,,,,,,
,,,,,HU,0,0,0,0.00,0,0,0.00,,,,,,,
,,,,,IE,0,0,0,0.00,0,0,0.00,,,,,,,
,,,,,IT,0,0,0,0.00,0,0,0.00,,,,,,,
,,,,,LT,0,0,0,0.00,0,0,0.00,,,,,,,
,,,,,LU,0,0,0,0.00,0,0,0.00,,,,,,,
,,,,,LV,0,0,0,0.00,0,0,0.00,,,,,,,
,,,,,MT,0,0,0,0.00,0,0,0.00,,,,,,,
,,,,,NL,0,0,0,0.00,0,0,0.00,,,,,,,
,,,,,PL,0,0,0,0.00,0,0,0.00,,,,,,,
,,,,,PT,0,0,0,0.00,0,0,0.00,,,,,,,
,,,,,RO,0,0,0,0.00,0,0,0.00,,,,,,,
,,,,,SE,0,0,0,0.00,0,0,0.00,,,,,,,
,,,,,SI,0,0,0,0.00,0,0,0.00,,,,,,,
,,,,,SK,0,0,0,0.00,0,0,0.00,,,,,,,
All,Instagram,2025-07-01/2025-12-31,KEYWORD_NONCOMPLIANCE_PRICING,,AT,0,0,0,0.00,0,0,0.00,,,,,,,
,,,,,BE,0,0,0,0.00,0,0,0.00,,,,,,,
,,,,,BG,0,0,0,0.00,0,0,0.00,,,,,,,
,,,,,CY,0,0,0,0.00,0,0,0.00,,,,,,,
,,,,,CZ,0,0,0,0.00,0,0,0.00,,,,,,,
,,,,,DE,0,0,0,0.00,0,0,0.00,,,,,,,
,,,,,DK,0,0,0,0.00,0,0,0.00,,,,,,,
,,,,,EE,0,0,0,0.00,0,0,0.00,,,,,,,
,,,,,EL,0,0,0,0.00,0,0,0.00,,,,,,,
,,,,,ES,0,0,0,0.00,0,0,0.00,,,,,,,
,,,,,FI,0,0,0,0.00,0,0,0.00,,,,,,,
,,,,,FR,0,0,0,0.00,0,0,0.00,,,,,,,
,,,,,HR,0,0,0,0.00,0,0,0.00,,,,,,,
,,,,,HU,0,0,0,0.00,0,0,0.00,,,,,,,
,,,,,IE,0,0,0,0.00,0,0,0.00,,,,,,,
,,,,,IT,0,0,0,0.00,0,0,0.00,,,,,,,
,,,,,LT,0,0,0,0.00,0,0,0.00,,,,,,,
,,,,,LU,0,0,0,0.00,0,0,0.00,,,,,,,
,,,,,LV,0,0,0,0.00,0,0,0.00,,,,,,,
,,,,,MT,0,0,0,0.00,0,0,0.00,,,,,,,
,,,,,NL,0,0,0,0.00,0,0,0.00,,,,,,,
,,,,,PL,0,0,0,0.00,0,0,0.00,,,,,,,
,,,,,PT,0,0,0,0.00,0,0,0.00,,,,,,,
,,,,,RO,0,0,0,0.00,0,0,0.00,,,,,,,
,,,,,SE,0,0,0,0.00,0,0,0.00,,,,,,,
,,,,,SI,0,0,0,0.00,0,0,0.00,,,,,,,
,,,,,SK,0,0,0,0.00,0,0,0.00,,,,,,,
All,Instagram,2025-07-01/2025-12-31,KEYWORD_OTHER_ADVERTISING,Added category to capture Article 10 data requests alleging advertisement(s) as the reason for the request.,AT,0,0,0,0.00,0,0,0.00,,,,,,,
,,,,,BE,0,0,0,0.00,0,0,0.00,,,,,,,
,,,,,BG,0,0,0,0.00,0,0,0.00,,,,,,,
,,,,,CY,0,0,0,0.00,0,0,0.00,,,,,,,
,,,,,CZ,0,0,0,0.00,0,0,0.00,,,,,,,
,,,,,DE,0,0,0,0.00,0,0,0.00,,,,,,,
,,,,,DK,0,0,0,0.00,0,0,0.00,,,,,,,
,,,,,EE,0,0,0,0.00,0,0,0.00,,,,,,,
,,,,,EL,0,0,0,0.00,0,0,0.00,,,,,,,
,,,,,ES,0,0,0,0.00,0,0,0.00,,,,,,,
,,,,,FI,0,0,0,0.00,0,0,0.00,,,,,,,
,,,,,FR,0,0,0,0.00,0,0,0.00,,,,,,,
,,,,,HR,0,0,0,0.00,0,0,0.00,,,,,,,
,,,,,HU,0,0,0,0.00,0,0,0.00,,,,,,,
,,,,,IE,0,0,0,0.00,0,0,0.00,,,,,,,
,,,,,IT,0,0,0,0.00,0,0,0.00,,,,,,,
,,,,,LT,0,0,0,0.00,0,0,0.00,,,,,,,
,,,,,LU,0,0,0,0.00,0,0,0.00,,,,,,,
,,,,,LV,0,0,0,0.00,0,0,0.00,,,,,,,
,,,,,MT,0,0,0,0.00,0,0,0.00,,,,,,,
,,,,,NL,0,0,0,0.00,0,0,0.00,,,,,,,
,,,,,PL,0,0,0,0.00,0,0,0.00,,,,,,,
,,,,,PT,0,0,0,0.00,0,0,0.00,,,,,,,
,,,,,RO,0,0,0,0.00,0,0,0.00,,,,,,,
,,,,,SE,0,0,0,0.00,0,0,0.00,,,,,,,
,,,,,SI,0,0,0,0.00,0,0,0.00,,,,,,,
,,,,,SK,0,0,0,0.00,0,0,0.00,,,,,,,
All,Instagram,2025-07-01/2025-12-31,KEYWORD_OTHER_DISCRIMINATORY_PRACTICES,Added category to record Article 9 member state order submissions alleging discriminatory practices.,AT,0,0,0,0.00,0,0,0.00,,,,,,,
,,,,,BE,0,0,0,0.00,0,0,0.00,,,,,,,
,,,,,BG,0,0,0,0.00,0,0,0.00,,,,,,,
,,,,,CY,0,0,0,0.00,0,0,0.00,,,,,,,
,,,,,CZ,0,0,0,0.00,0,0,0.00,,,,,,,
,,,,,DE,0,0,0,0.00,0,0,0.00,,,,,,,
,,,,,DK,0,0,0,0.00,0,0,0.00,,,,,,,
,,,,,EE,0,0,0,0.00,0,0,0.00,,,,,,,
,,,,,EL,0,0,0,0.00,0,0,0.00,,,,,,,
,,,,,ES,0,0,0,0.00,0,0,0.00,,,,,,,
,,,,,FI,0,0,0,0.00,0,0,0.00,,,,,,,
,,,,,FR,0,0,0,0.00,0,0,0.00,,,,,,,
,,,,,HR,0,0,0,0.00,0,0,0.00,,,,,,,
,,,,,HU,0,0,0,0.00,0,0,0.00,,,,,,,
,,,,,IE,0,0,0,0.00,0,0,0.00,,,,,,,
,,,,,IT,0,0,0,0.00,0,0,0.00,,,,,,,
,,,,,LT,0,0,0,0.00,0,0,0.00,,,,,,,
,,,,,LU,0,0,0,0.00,0,0,0.00,,,,,,,
,,,,,LV,0,0,0,0.00,0,0,0.00,,,,,,,
,,,,,MT,0,0,0,0.00,0,0,0.00,,,,,,,
,,,,,NL,0,0,0,0.00,0,0,0.00,,,,,,,
,,,,,PL,0,0,0,0.00,0,0,0.00,,,,,,,
,,,,,PT,0,0,0,0.00,0,0,0.00,,,,,,,
,,,,,RO,0,0,0,0.00,0,0,0.00,,,,,,,
,,,,,SE,0,0,0,0.00,0,0,0.00,,,,,,,
,,,,,SI,0,0,0,0.00,0,0,0.00,,,,,,,
,,,,,SK,0,0,0,0.00,0,0,0.00,,,,,,,
All,Instagram,2025-07-01/2025-12-31,KEYWORD_OTHER_LEAD_ADS,This row was added for use in other parts of our report. We have included it here for consistency across the report.,AT,0,0,0,0.00,0,0,0.00,,,,,,,
,,,,,BE,0,0,0,0.00,0,0,0.00,,,,,,,
,,,,,BG,0,0,0,0.00,0,0,0.00,,,,,,,
,,,,,CY,0,0,0,0.00,0,0,0.00,,,,,,,
,,,,,CZ,0,0,0,0.00,0,0,0.00,,,,,,,
,,,,,DE,0,0,0,0.00,0,0,0.00,,,,,,,
,,,,,DK,0,0,0,0.00,0,0,0.00,,,,,,,
,,,,,EE,0,0,0,0.00,0,0,0.00,,,,,,,
,,,,,EL,0,0,0,0.00,0,0,0.00,,,,,,,
,,,,,ES,0,0,0,0.00,0,0,0.00,,,,,,,
,,,,,FI,0,0,0,0.00,0,0,0.00,,,,,,,
,,,,,FR,0,0,0,0.00,0,0,0.00,,,,,,,
,,,,,HR,0,0,0,0.00,0,0,0.00,,,,,,,
,,,,,HU,0,0,0,0.00,0,0,0.00,,,,,,,
,,,,,IE,0,0,0,0.00,0,0,0.00,,,,,,,
,,,,,IT,0,0,0,0.00,0,0,0.00,,,,,,,
,,,,,LT,0,0,0,0.00,0,0,0.00,,,,,,,
,,,,,LU,0,0,0,0.00,0,0,0.00,,,,,,,
,,,,,LV,0,0,0,0.00,0,0,0.00,,,,,,,
,,,,,MT,0,0,0,0.00,0,0,0.00,,,,,,,
,,,,,NL,0,0,0,0.00,0,0,0.00,,,,,,,
,,,,,PL,0,0,0,0.00,0,0,0.00,,,,,,,
,,,,,PT,0,0,0,0.00,0,0,0.00,,,,,,,
,,,,,RO,0,0,0,0.00,0,0,0.00,,,,,,,
,,,,,SE,0,0,0,0.00,0,0,0.00,,,,,,,
,,,,,SI,0,0,0,0.00,0,0,0.00,,,,,,,
,,,,,SK,0,0,0,0.00,0,0,0.00,,,,,,,
All,Instagram,2025-07-01/2025-12-31,KEYWORD_OTHER_CRYPTOCURRENCY,This row was added for use in other parts of our report. We have included it here for consistency across the report.,AT,0,0,0,0.00,0,0,0.00,,,,,,,
,,,,,BE,0,0,0,0.00,0,0,0.00,,,,,,,
,,,,,BG,0,0,0,0.00,0,0,0.00,,,,,,,
,,,,,CY,0,0,0,0.00,0,0,0.00,,,,,,,
,,,,,CZ,0,0,0,0.00,0,0,0.00,,,,,,,
,,,,,DE,0,0,0,0.00,0,0,0.00,,,,,,,
,,,,,DK,0,0,0,0.00,0,0,0.00,,,,,,,
,,,,,EE,0,0,0,0.00,0,0,0.00,,,,,,,
,,,,,EL,0,0,0,0.00,0,0,0.00,,,,,,,
,,,,,ES,0,0,0,0.00,0,0,0.00,,,,,,,
,,,,,FI,0,0,0,0.00,0,0,0.00,,,,,,,
,,,,,FR,0,0,0,0.00,0,0,0.00,,,,,,,
,,,,,HR,0,0,0,0.00,0,0,0.00,,,,,,,
,,,,,HU,0,0,0,0.00,0,0,0.00,,,,,,,
,,,,,IE,0,0,0,0.00,0,0,0.00,,,,,,,
,,,,,IT,0,0,0,0.00,0,0,0.00,,,,,,,
,,,,,LT,0,0,0,0.00,0,0,0.00,,,,,,,
,,,,,LU,0,0,0,0.00,0,0,0.00,,,,,,,
,,,,,LV,0,0,0,0.00,0,0,0.00,,,,,,,
,,,,,MT,0,0,0,0.00,0,0,0.00,,,,,,,
,,,,,NL,0,0,0,0.00,0,0,0.00,,,,,,,
,,,,,PL,0,0,0,0.00,0,0,0.00,,,,,,,
,,,,,PT,0,0,0,0.00,0,0,0.00,,,,,,,
,,,,,RO,0,0,0,0.00,0,0,0.00,,,,,,,
,,,,,SE,0,0,0,0.00,0,0,0.00,,,,,,,
,,,,,SI,0,0,0,0.00,0,0,0.00,,,,,,,
,,,,,SK,0,0,0,0.00,0,0,0.00,,,,,,,
All,Instagram,2025-07-01/2025-12-31,KEYWORD_OTHER_PAYER_BENEFICIARY,Added category to record Article 9 member state order submissions alleging payer and beneficiary violations.,AT,0,0,0,0.00,0,0,0.00,,,,,,,
,,,,,BE,0,0,0,0.00,0,0,0.00,,,,,,,
,,,,,BG,0,0,0,0.00,0,0,0.00,,,,,,,
,,,,,CY,0,0,0,0.00,0,0,0.00,,,,,,,
,,,,,CZ,0,0,0,0.00,0,0,0.00,,,,,,,
,,,,,DE,0,0,0,0.00,0,0,0.00,,,,,,,
,,,,,DK,0,0,0,0.00,0,0,0.00,,,,,,,
,,,,,EE,0,0,0,0.00,0,0,0.00,,,,,,,
,,,,,EL,0,0,0,0.00,0,0,0.00,,,,,,,
,,,,,ES,0,0,0,0.00,0,0,0.00,,,,,,,
,,,,,FI,0,0,0,0.00,0,0,0.00,,,,,,,
,,,,,FR,0,0,0,0.00,0,0,0.00,,,,,,,
,,,,,HR,0,0,0,0.00,0,0,0.00,,,,,,,
,,,,,HU,0,0,0,0.00,0,0,0.00,,,,,,,
,,,,,IE,0,0,0,0.00,0,0,0.00,,,,,,,
,,,,,IT,0,0,0,0.00,0,0,0.00,,,,,,,
,,,,,LT,0,0,0,0.00,0,0,0.00,,,,,,,
,,,,,LU,0,0,0,0.00,0,0,0.00,,,,,,,
,,,,,LV,0,0,0,0.00,0,0,0.00,,,,,,,
,,,,,MT,0,0,0,0.00,0,0,0.00,,,,,,,
,,,,,NL,0,0,0,0.00,0,0,0.00,,,,,,,
,,,,,PL,0,0,0,0.00,0,0,0.00,,,,,,,
,,,,,PT,0,0,0,0.00,0,0,0.00,,,,,,,
,,,,,RO,0,0,0,0.00,0,0,0.00,,,,,,,
,,,,,SE,0,0,0,0.00,0,0,0.00,,,,,,,
,,,,,SI,0,0,0,0.00,0,0,0.00,,,,,,,
,,,,,SK,0,0,0,0.00,0,0,0.00,,,,,,,
All,Instagram,2025-07-01/2025-12-31,KEYWORD_OTHER_CONSUMER_INFRINGEMENTS,This row was added for use in other parts of our report. We have included it here for consistency across the report.,AT,0,0,0,0.00,0,0,0.00,,,,,,,
,,,,,BE,0,0,0,0.00,0,0,0.00,,,,,,,
,,,,,BG,0,0,0,0.00,0,0,0.00,,,,,,,
,,,,,CY,0,0,0,0.00,0,0,0.00,,,,,,,
,,,,,CZ,0,0,0,0.00,0,0,0.00,,,,,,,
,,,,,DE,0,0,0,0.00,0,0,0.00,,,,,,,
,,,,,DK,0,0,0,0.00,0,0,0.00,,,,,,,
,,,,,EE,0,0,0,0.00,0,0,0.00,,,,,,,
,,,,,EL,0,0,0,0.00,0,0,0.00,,,,,,,
,,,,,ES,0,0,0,0.00,0,0,0.00,,,,,,,
,,,,,FI,0,0,0,0.00,0,0,0.00,,,,,,,
,,,,,FR,0,0,0,0.00,0,0,0.00,,,,,,,
,,,,,HR,0,0,0,0.00,0,0,0.00,,,,,,,
,,,,,HU,0,0,0,0.00,0,0,0.00,,,,,,,
,,,,,IE,0,0,0,0.00,0,0,0.00,,,,,,,
,,,,,IT,0,0,0,0.00,0,0,0.00,,,,,,,
,,,,,LT,0,0,0,0.00,0,0,0.00,,,,,,,
,,,,,LU,0,0,0,0.00,0,0,0.00,,,,,,,
,,,,,LV,0,0,0,0.00,0,0,0.00,,,,,,,
,,,,,MT,0,0,0,0.00,0,0,0.00,,,,,,,
,,,,,NL,0,0,0,0.00,0,0,0.00,,,,,,,
,,,,,PL,0,0,0,0.00,0,0,0.00,,,,,,,
,,,,,PT,0,0,0,0.00,0,0,0.00,,,,,,,
,,,,,RO,0,0,0,0.00,0,0,0.00,,,,,,,
,,,,,SE,0,0,0,0.00,0,0,0.00,,,,,,,
,,,,,SI,0,0,0,0.00,0,0,0.00,,,,,,,
,,,,,SK,0,0,0,0.00,0,0,0.00,,,,,,,
All,Instagram,2025-07-01/2025-12-31,STATEMENT_CATEGORY_CYBER_VIOLENCE,,AT,0,0,0,0.00,0,0,0.00,,,,,,,
,,,,,BE,0,0,0,0.00,0,0,0.00,,,,,,,
,,,,,BG,0,0,0,0.00,0,0,0.00,,,,,,,
,,,,,CY,0,0,0,0.00,0,0,0.00,,,,,,,
,,,,,CZ,0,0,0,0.00,0,0,0.00,,,,,,,
,,,,,DE,0,0,0,0.00,104,0,101.23,,,,,,,
,,,,,DK,0,0,0,0.00,0,0,0.00,,,,,,,
,,,,,EE,0,0,0,0.00,0,0,0.00,,,,,,,
,,,,,EL,0,0,0,0.00,0,0,0.00,,,,,,,
,,,,,ES,2,1,0,40.89,13,0,120.66,,,,,,,
,,,,,FI,0,0,0,0.00,0,0,0.00,,,,,,,
,,,,,FR,1,1,0,864.50,38,0,96.68,,,,,,,
,,,,,HR,0,0,0,0.00,0,0,0.00,,,,,,,
,,,,,HU,0,0,0,0.00,1,0,171.74,,,,,,,
,,,,,IE,0,0,0,0.00,11,0,124.34,,,,,,,
,,,,,IT,0,0,0,0.00,49,0,120.79,,,,,,,
,,,,,LT,1,1,0,23.03,0,0,0.00,,,,,,,
,,,,,LU,0,0,0,0.00,1,0,,,,,,,,
,,,,,LV,0,0,0,0.00,0,0,0.00,,,,,,,
,,,,,MT,0,0,0,0.00,5,0,48.87,,,,,,,
,,,,,NL,1,1,0,132.66,0,0,0.00,,,,,,,
,,,,,PL,0,0,0,0.00,11,0,94.67,,,,,,,
,,,,,PT,0,0,0,0.00,2,0,175.94,,,,,,,
,,,,,RO,0,0,0,0.00,4,0,95.78,,,,,,,
,,,,,SE,0,0,0,0.00,0,0,0.00,,,,,,,
,,,,,SI,0,0,0,0.00,1,0,168.65,,,,,,,
,,,,,SK,0,0,0,0.00,0,0,0.00,,,,,,,
All,Instagram,2025-07-01/2025-12-31,KEYWORD_CYBER_BULLYING_INTIMIDATION,,AT,0,0,0,0.00,0,0,0.00,,,,,,,
,,,,,BE,0,0,0,0.00,0,0,0.00,,,,,,,
,,,,,BG,0,0,0,0.00,0,0,0.00,,,,,,,
,,,,,CY,0,0,0,0.00,0,0,0.00,,,,,,,
,,,,,CZ,0,0,0,0.00,0,0,0.00,,,,,,,
,,,,,DE,0,0,0,0.00,42,0,71.50,,,,,,,
,,,,,DK,0,0,0,0.00,0,0,0.00,,,,,,,
,,,,,EE,0,0,0,0.00,0,0,0.00,,,,,,,
,,,,,EL,0,0,0,0.00,0,0,0.00,,,,,,,
,,,,,ES,0,0,0,0.00,6,0,170.85,,,,,,,
,,,,,FI,0,0,0,0.00,0,0,0.00,,,,,,,
,,,,,FR,0,0,0,0.00,9,0,85.69,,,,,,,
,,,,,HR,0,0,0,0.00,0,0,0.00,,,,,,,
,,,,,HU,0,0,0,0.00,0,0,0.00,,,,,,,
,,,,,IE,0,0,0,0.00,0,0,0.00,,,,,,,
,,,,,IT,0,0,0,0.00,26,0,118.57,,,,,,,
,,,,,LT,0,0,0,0.00,0,0,0.00,,,,,,,
,,,,,LU,0,0,0,0.00,0,0,0.00,,,,,,,
,,,,,LV,0,0,0,0.00,0,0,0.00,,,,,,,
,,,,,MT,0,0,0,0.00,3,0,48.87,,,,,,,
,,,,,NL,0,0,0,0.00,0,0,0.00,,,,,,,
,,,,,PL,0,0,0,0.00,3,0,73.17,,,,,,,
,,,,,PT,0,0,0,0.00,2,0,175.94,,,,,,,
,,,,,RO,0,0,0,0.00,4,0,95.78,,,,,,,
,,,,,SE,0,0,0,0.00,0,0,0.00,,,,,,,
,,,,,SI,0,0,0,0.00,0,0,0.00,,,,,,,
,,,,,SK,0,0,0,0.00,0,0,0.00,,,,,,,
All,Instagram,2025-07-01/2025-12-31,KEYWORD_CYBER_HARASSMENT,Category is inclusive of Article 9 member state orders and Article 10 data requests related to bullying and harassment.,AT,0,0,0,0.00,0,0,0.00,,,,,,,
,,,,,BE,0,0,0,0.00,0,0,0.00,,,,,,,
,,,,,BG,0,0,0,0.00,0,0,0.00,,,,,,,
,,,,,CY,0,0,0,0.00,0,0,0.00,,,,,,,
,,,,,CZ,0,0,0,0.00,0,0,0.00,,,,,,,
,,,,,DE,0,0,0,0.00,62,0,120.12,,,,,,,
,,,,,DK,0,0,0,0.00,0,0,0.00,,,,,,,
,,,,,EE,0,0,0,0.00,0,0,0.00,,,,,,,
,,,,,EL,0,0,0,0.00,0,0,0.00,,,,,,,
,,,,,ES,2,1,0,40.89,7,0,75.48,,,,,,,
,,,,,FI,0,0,0,0.00,0,0,0.00,,,,,,,
,,,,,FR,1,1,0,864.50,29,0,112.43,,,,,,,
,,,,,HR,0,0,0,0.00,0,0,0.00,,,,,,,
,,,,,HU,0,0,0,0.00,1,0,171.74,,,,,,,
,,,,,IE,0,0,0,0.00,11,0,124.34,,,,,,,
,,,,,IT,0,0,0,0.00,23,0,141.31,,,,,,,
,,,,,LT,1,1,0,23.03,0,0,0.00,,,,,,,
,,,,,LU,0,0,0,0.00,1,0,,,,,,,,
,,,,,LV,0,0,0,0.00,0,0,0.00,,,,,,,
,,,,,MT,0,0,0,0.00,2,0,165.41,,,,,,,
,,,,,NL,1,1,0,132.66,0,0,0.00,,,,,,,
,,,,,PL,0,0,0,0.00,8,0,129.13,,,,,,,
,,,,,PT,0,0,0,0.00,0,0,0.00,,,,,,,
,,,,,RO,0,0,0,0.00,0,0,0.00,,,,,,,
,,,,,SE,0,0,0,0.00,0,0,0.00,,,,,,,
,,,,,SI,0,0,0,0.00,1,0,168.65,,,,,,,
,,,,,SK,0,0,0,0.00,0,0,0.00,,,,,,,
All,Instagram,2025-07-01/2025-12-31,KEYWORD_CYBER_INCITEMENT,,AT,0,0,0,0.00,0,0,0.00,,,,,,,
,,,,,BE,0,0,0,0.00,0,0,0.00,,,,,,,
,,,,,BG,0,0,0,0.00,0,0,0.00,,,,,,,
,,,,,CY,0,0,0,0.00,0,0,0.00,,,,,,,
,,,,,CZ,0,0,0,0.00,0,0,0.00,,,,,,,
,,,,,DE,0,0,0,0.00,0,0,0.00,,,,,,,
,,,,,DK,0,0,0,0.00,0,0,0.00,,,,,,,
,,,,,EE,0,0,0,0.00,0,0,0.00,,,,,,,
,,,,,EL,0,0,0,0.00,0,0,0.00,,,,,,,
,,,,,ES,0,0,0,0.00,0,0,0.00,,,,,,,
,,,,,FI,0,0,0,0.00,0,0,0.00,,,,,,,
,,,,,FR,0,0,0,0.00,0,0,0.00,,,,,,,
,,,,,HR,0,0,0,0.00,0,0,0.00,,,,,,,
,,,,,HU,0,0,0,0.00,0,0,0.00,,,,,,,
,,,,,IE,0,0,0,0.00,0,0,0.00,,,,,,,
,,,,,IT,0,0,0,0.00,0,0,0.00,,,,,,,
,,,,,LT,0,0,0,0.00,0,0,0.00,,,,,,,
,,,,,LU,0,0,0,0.00,0,0,0.00,,,,,,,
,,,,,LV,0,0,0,0.00,0,0,0.00,,,,,,,
,,,,,MT,0,0,0,0.00,0,0,0.00,,,,,,,
,,,,,NL,0,0,0,0.00,0,0,0.00,,,,,,,
,,,,,PL,0,0,0,0.00,0,0,0.00,,,,,,,
,,,,,PT,0,0,0,0.00,0,0,0.00,,,,,,,
,,,,,RO,0,0,0,0.00,0,0,0.00,,,,,,,
,,,,,SE,0,0,0,0.00,0,0,0.00,,,,,,,
,,,,,SI,0,0,0,0.00,0,0,0.00,,,,,,,
,,,,,SK,0,0,0,0.00,0,0,0.00,,,,,,,
All,Instagram,2025-07-01/2025-12-31,KEYWORD_CYBER_STALKING,,AT,0,0,0,0.00,0,0,0.00,,,,,,,
,,,,,BE,0,0,0,0.00,0,0,0.00,,,,,,,
,,,,,BG,0,0,0,0.00,0,0,0.00,,,,,,,
,,,,,CY,0,0,0,0.00,0,0,0.00,,,,,,,
,,,,,CZ,0,0,0,0.00,0,0,0.00,,,,,,,
,,,,,DE,0,0,0,0.00,0,0,0.00,,,,,,,
,,,,,DK,0,0,0,0.00,0,0,0.00,,,,,,,
,,,,,EE,0,0,0,0.00,0,0,0.00,,,,,,,
,,,,,EL,0,0,0,0.00,0,0,0.00,,,,,,,
,,,,,ES,0,0,0,0.00,0,0,0.00,,,,,,,
,,,,,FI,0,0,0,0.00,0,0,0.00,,,,,,,
,,,,,FR,0,0,0,0.00,0,0,0.00,,,,,,,
,,,,,HR,0,0,0,0.00,0,0,0.00,,,,,,,
,,,,,HU,0,0,0,0.00,0,0,0.00,,,,,,,
,,,,,IE,0,0,0,0.00,0,0,0.00,,,,,,,
,,,,,IT,0,0,0,0.00,0,0,0.00,,,,,,,
,,,,,LT,0,0,0,0.00,0,0,0.00,,,,,,,
,,,,,LU,0,0,0,0.00,0,0,0.00,,,,,,,
,,,,,LV,0,0,0,0.00,0,0,0.00,,,,,,,
,,,,,MT,0,0,0,0.00,0,0,0.00,,,,,,,
,,,,,NL,0,0,0,0.00,0,0,0.00,,,,,,,
,,,,,PL,0,0,0,0.00,0,0,0.00,,,,,,,
,,,,,PT,0,0,0,0.00,0,0,0.00,,,,,,,
,,,,,RO,0,0,0,0.00,0,0,0.00,,,,,,,
,,,,,SE,0,0,0,0.00,0,0,0.00,,,,,,,
,,,,,SI,0,0,0,0.00,0,0,0.00,,,,,,,
,,,,,SK,0,0,0,0.00,0,0,0.00,,,,,,,
All,Instagram,2025-07-01/2025-12-31,KEYWORD_NON_CONSENSUAL_IMAGE_SHARING,,AT,0,0,0,0.00,0,0,0.00,,,,,,,
,,,,,BE,0,0,0,0.00,0,0,0.00,,,,,,,
,,,,,BG,0,0,0,0.00,0,0,0.00,,,,,,,
,,,,,CY,0,0,0,0.00,0,0,0.00,,,,,,,
,,,,,CZ,0,0,0,0.00,0,0,0.00,,,,,,,
,,,,,DE,0,0,0,0.00,0,0,0.00,,,,,,,
,,,,,DK,0,0,0,0.00,0,0,0.00,,,,,,,
,,,,,EE,0,0,0,0.00,0,0,0.00,,,,,,,
,,,,,EL,0,0,0,0.00,0,0,0.00,,,,,,,
,,,,,ES,0,0,0,0.00,0,0,0.00,,,,,,,
,,,,,FI,0,0,0,0.00,0,0,0.00,,,,,,,
,,,,,FR,0,0,0,0.00,0,0,0.00,,,,,,,
,,,,,HR,0,0,0,0.00,0,0,0.00,,,,,,,
,,,,,HU,0,0,0,0.00,0,0,0.00,,,,,,,
,,,,,IE,0,0,0,0.00,0,0,0.00,,,,,,,
,,,,,IT,0,0,0,0.00,0,0,0.00,,,,,,,
,,,,,LT,0,0,0,0.00,0,0,0.00,,,,,,,
,,,,,LU,0,0,0,0.00,0,0,0.00,,,,,,,
,,,,,LV,0,0,0,0.00,0,0,0.00,,,,,,,
,,,,,MT,0,0,0,0.00,0,0,0.00,,,,,,,
,,,,,NL,0,0,0,0.00,0,0,0.00,,,,,,,
,,,,,PL,0,0,0,0.00,0,0,0.00,,,,,,,
,,,,,PT,0,0,0,0.00,0,0,0.00,,,,,,,
,,,,,RO,0,0,0,0.00,0,0,0.00,,,,,,,
,,,,,SE,0,0,0,0.00,0,0,0.00,,,,,,,
,,,,,SI,0,0,0,0.00,0,0,0.00,,,,,,,
,,,,,SK,0,0,0,0.00,0,0,0.00,,,,,,,
All,Instagram,2025-07-01/2025-12-31,KEYWORD_NON_CONSENSUAL_MATERIAL_DEEPFAKE,,AT,0,0,0,0.00,0,0,0.00,,,,,,,
,,,,,BE,0,0,0,0.00,0,0,0.00,,,,,,,
,,,,,BG,0,0,0,0.00,0,0,0.00,,,,,,,
,,,,,CY,0,0,0,0.00,0,0,0.00,,,,,,,
,,,,,CZ,0,0,0,0.00,0,0,0.00,,,,,,,
,,,,,DE,0,0,0,0.00,0,0,0.00,,,,,,,
,,,,,DK,0,0,0,0.00,0,0,0.00,,,,,,,
,,,,,EE,0,0,0,0.00,0,0,0.00,,,,,,,
,,,,,EL,0,0,0,0.00,0,0,0.00,,,,,,,
,,,,,ES,0,0,0,0.00,0,0,0.00,,,,,,,
,,,,,FI,0,0,0,0.00,0,0,0.00,,,,,,,
,,,,,FR,0,0,0,0.00,0,0,0.00,,,,,,,
,,,,,HR,0,0,0,0.00,0,0,0.00,,,,,,,
,,,,,HU,0,0,0,0.00,0,0,0.00,,,,,,,
,,,,,IE,0,0,0,0.00,0,0,0.00,,,,,,,
,,,,,IT,0,0,0,0.00,0,0,0.00,,,,,,,
,,,,,LT,0,0,0,0.00,0,0,0.00,,,,,,,
,,,,,LU,0,0,0,0.00,0,0,0.00,,,,,,,
,,,,,LV,0,0,0,0.00,0,0,0.00,,,,,,,
,,,,,MT,0,0,0,0.00,0,0,0.00,,,,,,,
,,,,,NL,0,0,0,0.00,0,0,0.00,,,,,,,
,,,,,PL,0,0,0,0.00,0,0,0.00,,,,,,,
,,,,,PT,0,0,0,0.00,0,0,0.00,,,,,,,
,,,,,RO,0,0,0,0.00,0,0,0.00,,,,,,,
,,,,,SE,0,0,0,0.00,0,0,0.00,,,,,,,
,,,,,SI,0,0,0,0.00,0,0,0.00,,,,,,,
,,,,,SK,0,0,0,0.00,0,0,0.00,,,,,,,
All,Instagram,2025-07-01/2025-12-31,STATEMENT_CATEGORY_CYBER_VIOLENCE_AGAINST_WOMEN,,AT,0,0,0,0.00,0,0,0.00,,,,,,,
,,,,,BE,0,0,0,0.00,0,0,0.00,,,,,,,
,,,,,BG,0,0,0,0.00,0,0,0.00,,,,,,,
,,,,,CY,0,0,0,0.00,0,0,0.00,,,,,,,
,,,,,CZ,0,0,0,0.00,0,0,0.00,,,,,,,
,,,,,DE,0,0,0,0.00,0,0,0.00,,,,,,,
,,,,,DK,0,0,0,0.00,0,0,0.00,,,,,,,
,,,,,EE,0,0,0,0.00,0,0,0.00,,,,,,,
,,,,,EL,0,0,0,0.00,0,0,0.00,,,,,,,
,,,,,ES,0,0,0,0.00,0,0,0.00,,,,,,,
,,,,,FI,0,0,0,0.00,0,0,0.00,,,,,,,
,,,,,FR,0,0,0,0.00,0,0,0.00,,,,,,,
,,,,,HR,0,0,0,0.00,0,0,0.00,,,,,,,
,,,,,HU,0,0,0,0.00,0,0,0.00,,,,,,,
,,,,,IE,0,0,0,0.00,0,0,0.00,,,,,,,
,,,,,IT,0,0,0,0.00,0,0,0.00,,,,,,,
,,,,,LT,0,0,0,0.00,0,0,0.00,,,,,,,
,,,,,LU,0,0,0,0.00,0,0,0.00,,,,,,,
,,,,,LV,0,0,0,0.00,0,0,0.00,,,,,,,
,,,,,MT,0,0,0,0.00,0,0,0.00,,,,,,,
,,,,,NL,0,0,0,0.00,0,0,0.00,,,,,,,
,,,,,PL,0,0,0,0.00,0,0,0.00,,,,,,,
,,,,,PT,0,0,0,0.00,0,0,0.00,,,,,,,
,,,,,RO,0,0,0,0.00,0,0,0.00,,,,,,,
,,,,,SE,0,0,0,0.00,0,0,0.00,,,,,,,
,,,,,SI,0,0,0,0.00,0,0,0.00,,,,,,,
,,,,,SK,0,0,0,0.00,0,0,0.00,,,,,,,
All,Instagram,2025-07-01/2025-12-31,KEYWORD_BULLYING_AGAINST_GIRLS,,AT,0,0,0,0.00,0,0,0.00,,,,,,,
,,,,,BE,0,0,0,0.00,0,0,0.00,,,,,,,
,,,,,BG,0,0,0,0.00,0,0,0.00,,,,,,,
,,,,,CY,0,0,0,0.00,0,0,0.00,,,,,,,
,,,,,CZ,0,0,0,0.00,0,0,0.00,,,,,,,
,,,,,DE,0,0,0,0.00,0,0,0.00,,,,,,,
,,,,,DK,0,0,0,0.00,0,0,0.00,,,,,,,
,,,,,EE,0,0,0,0.00,0,0,0.00,,,,,,,
,,,,,EL,0,0,0,0.00,0,0,0.00,,,,,,,
,,,,,ES,0,0,0,0.00,0,0,0.00,,,,,,,
,,,,,FI,0,0,0,0.00,0,0,0.00,,,,,,,
,,,,,FR,0,0,0,0.00,0,0,0.00,,,,,,,
,,,,,HR,0,0,0,0.00,0,0,0.00,,,,,,,
,,,,,HU,0,0,0,0.00,0,0,0.00,,,,,,,
,,,,,IE,0,0,0,0.00,0,0,0.00,,,,,,,
,,,,,IT,0,0,0,0.00,0,0,0.00,,,,,,,
,,,,,LT,0,0,0,0.00,0,0,0.00,,,,,,,
,,,,,LU,0,0,0,0.00,0,0,0.00,,,,,,,
,,,,,LV,0,0,0,0.00,0,0,0.00,,,,,,,
,,,,,MT,0,0,0,0.00,0,0,0.00,,,,,,,
,,,,,NL,0,0,0,0.00,0,0,0.00,,,,,,,
,,,,,PL,0,0,0,0.00,0,0,0.00,,,,,,,
,,,,,PT,0,0,0,0.00,0,0,0.00,,,,,,,
,,,,,RO,0,0,0,0.00,0,0,0.00,,,,,,,
,,,,,SE,0,0,0,0.00,0,0,0.00,,,,,,,
,,,,,SI,0,0,0,0.00,0,0,0.00,,,,,,,
,,,,,SK,0,0,0,0.00,0,0,0.00,,,,,,,
All,Instagram,2025-07-01/2025-12-31,KEYWORD_CYBER_HARASSMENT_AGAINST_WOMEN,,AT,0,0,0,0.00,0,0,0.00,,,,,,,
,,,,,BE,0,0,0,0.00,0,0,0.00,,,,,,,
,,,,,BG,0,0,0,0.00,0,0,0.00,,,,,,,
,,,,,CY,0,0,0,0.00,0,0,0.00,,,,,,,
,,,,,CZ,0,0,0,0.00,0,0,0.00,,,,,,,
,,,,,DE,0,0,0,0.00,0,0,0.00,,,,,,,
,,,,,DK,0,0,0,0.00,0,0,0.00,,,,,,,
,,,,,EE,0,0,0,0.00,0,0,0.00,,,,,,,
,,,,,EL,0,0,0,0.00,0,0,0.00,,,,,,,
,,,,,ES,0,0,0,0.00,0,0,0.00,,,,,,,
,,,,,FI,0,0,0,0.00,0,0,0.00,,,,,,,
,,,,,FR,0,0,0,0.00,0,0,0.00,,,,,,,
,,,,,HR,0,0,0,0.00,0,0,0.00,,,,,,,
,,,,,HU,0,0,0,0.00,0,0,0.00,,,,,,,
,,,,,IE,0,0,0,0.00,0,0,0.00,,,,,,,
,,,,,IT,0,0,0,0.00,0,0,0.00,,,,,,,
,,,,,LT,0,0,0,0.00,0,0,0.00,,,,,,,
,,,,,LU,0,0,0,0.00,0,0,0.00,,,,,,,
,,,,,LV,0,0,0,0.00,0,0,0.00,,,,,,,
,,,,,MT,0,0,0,0.00,0,0,0.00,,,,,,,
,,,,,NL,0,0,0,0.00,0,0,0.00,,,,,,,
,,,,,PL,0,0,0,0.00,0,0,0.00,,,,,,,
,,,,,PT,0,0,0,0.00,0,0,0.00,,,,,,,
,,,,,RO,0,0,0,0.00,0,0,0.00,,,,,,,
,,,,,SE,0,0,0,0.00,0,0,0.00,,,,,,,
,,,,,SI,0,0,0,0.00,0,0,0.00,,,,,,,
,,,,,SK,0,0,0,0.00,0,0,0.00,,,,,,,
All,Instagram,2025-07-01/2025-12-31,KEYWORD_CYBER_STALKING_AGAINST_WOMEN,,AT,0,0,0,0.00,0,0,0.00,,,,,,,
,,,,,BE,0,0,0,0.00,0,0,0.00,,,,,,,
,,,,,BG,0,0,0,0.00,0,0,0.00,,,,,,,
,,,,,CY,0,0,0,0.00,0,0,0.00,,,,,,,
,,,,,CZ,0,0,0,0.00,0,0,0.00,,,,,,,
,,,,,DE,0,0,0,0.00,0,0,0.00,,,,,,,
,,,,,DK,0,0,0,0.00,0,0,0.00,,,,,,,
,,,,,EE,0,0,0,0.00,0,0,0.00,,,,,,,
,,,,,EL,0,0,0,0.00,0,0,0.00,,,,,,,
,,,,,ES,0,0,0,0.00,0,0,0.00,,,,,,,
,,,,,FI,0,0,0,0.00,0,0,0.00,,,,,,,
,,,,,FR,0,0,0,0.00,0,0,0.00,,,,,,,
,,,,,HR,0,0,0,0.00,0,0,0.00,,,,,,,
,,,,,HU,0,0,0,0.00,0,0,0.00,,,,,,,
,,,,,IE,0,0,0,0.00,0,0,0.00,,,,,,,
,,,,,IT,0,0,0,0.00,0,0,0.00,,,,,,,
,,,,,LT,0,0,0,0.00,0,0,0.00,,,,,,,
,,,,,LU,0,0,0,0.00,0,0,0.00,,,,,,,
,,,,,LV,0,0,0,0.00,0,0,0.00,,,,,,,
,,,,,MT,0,0,0,0.00,0,0,0.00,,,,,,,
,,,,,NL,0,0,0,0.00,0,0,0.00,,,,,,,
,,,,,PL,0,0,0,0.00,0,0,0.00,,,,,,,
,,,,,PT,0,0,0,0.00,0,0,0.00,,,,,,,
,,,,,RO,0,0,0,0.00,0,0,0.00,,,,,,,
,,,,,SE,0,0,0,0.00,0,0,0.00,,,,,,,
,,,,,SI,0,0,0,0.00,0,0,0.00,,,,,,,
,,,,,SK,0,0,0,0.00,0,0,0.00,,,,,,,
All,Instagram,2025-07-01/2025-12-31,KEYWORD_FEMALE_GENDERED_DISINFORMATION,,AT,0,0,0,0.00,0,0,0.00,,,,,,,
,,,,,BE,0,0,0,0.00,0,0,0.00,,,,,,,
,,,,,BG,0,0,0,0.00,0,0,0.00,,,,,,,
,,,,,CY,0,0,0,0.00,0,0,0.00,,,,,,,
,,,,,CZ,0,0,0,0.00,0,0,0.00,,,,,,,
,,,,,DE,0,0,0,0.00,0,0,0.00,,,,,,,
,,,,,DK,0,0,0,0.00,0,0,0.00,,,,,,,
,,,,,EE,0,0,0,0.00,0,0,0.00,,,,,,,
,,,,,EL,0,0,0,0.00,0,0,0.00,,,,,,,
,,,,,ES,0,0,0,0.00,0,0,0.00,,,,,,,
,,,,,FI,0,0,0,0.00,0,0,0.00,,,,,,,
,,,,,FR,0,0,0,0.00,0,0,0.00,,,,,,,
,,,,,HR,0,0,0,0.00,0,0,0.00,,,,,,,
,,,,,HU,0,0,0,0.00,0,0,0.00,,,,,,,
,,,,,IE,0,0,0,0.00,0,0,0.00,,,,,,,
,,,,,IT,0,0,0,0.00,0,0,0.00,,,,,,,
,,,,,LT,0,0,0,0.00,0,0,0.00,,,,,,,
,,,,,LU,0,0,0,0.00,0,0,0.00,,,,,,,
,,,,,LV,0,0,0,0.00,0,0,0.00,,,,,,,
,,,,,MT,0,0,0,0.00,0,0,0.00,,,,,,,
,,,,,NL,0,0,0,0.00,0,0,0.00,,,,,,,
,,,,,PL,0,0,0,0.00,0,0,0.00,,,,,,,
,,,,,PT,0,0,0,0.00,0,0,0.00,,,,,,,
,,,,,RO,0,0,0,0.00,0,0,0.00,,,,,,,
,,,,,SE,0,0,0,0.00,0,0,0.00,,,,,,,
,,,,,SI,0,0,0,0.00,0,0,0.00,,,,,,,
,,,,,SK,0,0,0,0.00,0,0,0.00,,,,,,,
All,Instagram,2025-07-01/2025-12-31,KEYWORD_INCITEMENT_AGAINST_WOMEN,,AT,0,0,0,0.00,0,0,0.00,,,,,,,
,,,,,BE,0,0,0,0.00,0,0,0.00,,,,,,,
,,,,,BG,0,0,0,0.00,0,0,0.00,,,,,,,
,,,,,CY,0,0,0,0.00,0,0,0.00,,,,,,,
,,,,,CZ,0,0,0,0.00,0,0,0.00,,,,,,,
,,,,,DE,0,0,0,0.00,0,0,0.00,,,,,,,
,,,,,DK,0,0,0,0.00,0,0,0.00,,,,,,,
,,,,,EE,0,0,0,0.00,0,0,0.00,,,,,,,
,,,,,EL,0,0,0,0.00,0,0,0.00,,,,,,,
,,,,,ES,0,0,0,0.00,0,0,0.00,,,,,,,
,,,,,FI,0,0,0,0.00,0,0,0.00,,,,,,,
,,,,,FR,0,0,0,0.00,0,0,0.00,,,,,,,
,,,,,HR,0,0,0,0.00,0,0,0.00,,,,,,,
,,,,,HU,0,0,0,0.00,0,0,0.00,,,,,,,
,,,,,IE,0,0,0,0.00,0,0,0.00,,,,,,,
,,,,,IT,0,0,0,0.00,0,0,0.00,,,,,,,
,,,,,LT,0,0,0,0.00,0,0,0.00,,,,,,,
,,,,,LU,0,0,0,0.00,0,0,0.00,,,,,,,
,,,,,LV,0,0,0,0.00,0,0,0.00,,,,,,,
,,,,,MT,0,0,0,0.00,0,0,0.00,,,,,,,
,,,,,NL,0,0,0,0.00,0,0,0.00,,,,,,,
,,,,,PL,0,0,0,0.00,0,0,0.00,,,,,,,
,,,,,PT,0,0,0,0.00,0,0,0.00,,,,,,,
,,,,,RO,0,0,0,0.00,0,0,0.00,,,,,,,
,,,,,SE,0,0,0,0.00,0,0,0.00,,,,,,,
,,,,,SI,0,0,0,0.00,0,0,0.00,,,,,,,
,,,,,SK,0,0,0,0.00,0,0,0.00,,,,,,,
All,Instagram,2025-07-01/2025-12-31,KEYWORD_NON_CONSENSUAL_IMAGE_SHARING_AGAINST_WOMEN,,AT,0,0,0,0.00,0,0,0.00,,,,,,,
,,,,,BE,0,0,0,0.00,0,0,0.00,,,,,,,
,,,,,BG,0,0,0,0.00,0,0,0.00,,,,,,,
,,,,,CY,0,0,0,0.00,0,0,0.00,,,,,,,
,,,,,CZ,0,0,0,0.00,0,0,0.00,,,,,,,
,,,,,DE,0,0,0,0.00,0,0,0.00,,,,,,,
,,,,,DK,0,0,0,0.00,0,0,0.00,,,,,,,
,,,,,EE,0,0,0,0.00,0,0,0.00,,,,,,,
,,,,,EL,0,0,0,0.00,0,0,0.00,,,,,,,
,,,,,ES,0,0,0,0.00,0,0,0.00,,,,,,,
,,,,,FI,0,0,0,0.00,0,0,0.00,,,,,,,
,,,,,FR,0,0,0,0.00,0,0,0.00,,,,,,,
,,,,,HR,0,0,0,0.00,0,0,0.00,,,,,,,
,,,,,HU,0,0,0,0.00,0,0,0.00,,,,,,,
,,,,,IE,0,0,0,0.00,0,0,0.00,,,,,,,
,,,,,IT,0,0,0,0.00,0,0,0.00,,,,,,,
,,,,,LT,0,0,0,0.00,0,0,0.00,,,,,,,
,,,,,LU,0,0,0,0.00,0,0,0.00,,,,,,,
,,,,,LV,0,0,0,0.00,0,0,0.00,,,,,,,
,,,,,MT,0,0,0,0.00,0,0,0.00,,,,,,,
,,,,,NL,0,0,0,0.00,0,0,0.00,,,,,,,
,,,,,PL,0,0,0,0.00,0,0,0.00,,,,,,,
,,,,,PT,0,0,0,0.00,0,0,0.00,,,,,,,
,,,,,RO,0,0,0,0.00,0,0,0.00,,,,,,,
,,,,,SE,0,0,0,0.00,0,0,0.00,,,,,,,
,,,,,SI,0,0,0,0.00,0,0,0.00,,,,,,,
,,,,,SK,0,0,0,0.00,0,0,0.00,,,,,,,
All,Instagram,2025-07-01/2025-12-31,KEYWORD_NON_CONSENSUAL_MATERIAL_DEEPFAKE_AGAINST_WOMEN,,AT,0,0,0,0.00,0,0,0.00,,,,,,,
,,,,,BE,0,0,0,0.00,0,0,0.00,,,,,,,
,,,,,BG,0,0,0,0.00,0,0,0.00,,,,,,,
,,,,,CY,0,0,0,0.00,0,0,0.00,,,,,,,
,,,,,CZ,0,0,0,0.00,0,0,0.00,,,,,,,
,,,,,DE,0,0,0,0.00,0,0,0.00,,,,,,,
,,,,,DK,0,0,0,0.00,0,0,0.00,,,,,,,
,,,,,EE,0,0,0,0.00,0,0,0.00,,,,,,,
,,,,,EL,0,0,0,0.00,0,0,0.00,,,,,,,
,,,,,ES,0,0,0,0.00,0,0,0.00,,,,,,,
,,,,,FI,0,0,0,0.00,0,0,0.00,,,,,,,
,,,,,FR,0,0,0,0.00,0,0,0.00,,,,,,,
,,,,,HR,0,0,0,0.00,0,0,0.00,,,,,,,
,,,,,HU,0,0,0,0.00,0,0,0.00,,,,,,,
,,,,,IE,0,0,0,0.00,0,0,0.00,,,,,,,
,,,,,IT,0,0,0,0.00,0,0,0.00,,,,,,,
,,,,,LT,0,0,0,0.00,0,0,0.00,,,,,,,
,,,,,LU,0,0,0,0.00,0,0,0.00,,,,,,,
,,,,,LV,0,0,0,0.00,0,0,0.00,,,,,,,
,,,,,MT,0,0,0,0.00,0,0,0.00,,,,,,,
,,,,,NL,0,0,0,0.00,0,0,0.00,,,,,,,
,,,,,PL,0,0,0,0.00,0,0,0.00,,,,,,,
,,,,,PT,0,0,0,0.00,0,0,0.00,,,,,,,
,,,,,RO,0,0,0,0.00,0,0,0.00,,,,,,,
,,,,,SE,0,0,0,0.00,0,0,0.00,,,,,,,
,,,,,SI,0,0,0,0.00,0,0,0.00,,,,,,,
,,,,,SK,0,0,0,0.00,0,0,0.00,,,,,,,
All,Instagram,2025-07-01/2025-12-31,STATEMENT_CATEGORY_DATA_PROTECTION_AND_PRIVACY_VIOLATIONS,,AT,0,0,0,0.00,0,0,0.00,,,,,,,
,,,,,BE,0,0,0,0.00,0,0,0.00,,,,,,,
,,,,,BG,0,0,0,0.00,0,0,0.00,,,,,,,
,,,,,CY,0,0,0,0.00,0,0,0.00,,,,,,,
,,,,,CZ,0,0,0,0.00,0,0,0.00,,,,,,,
,,,,,DE,0,0,0,0.00,0,0,0.00,,,,,,,
,,,,,DK,0,0,0,0.00,0,0,0.00,,,,,,,
,,,,,EE,0,0,0,0.00,0,0,0.00,,,,,,,
,,,,,EL,0,0,0,0.00,0,0,0.00,,,,,,,
,,,,,ES,0,0,0,0.00,0,0,0.00,,,,,,,
,,,,,FI,0,0,0,0.00,0,0,0.00,,,,,,,
,,,,,FR,0,0,0,0.00,0,0,0.00,,,,,,,
,,,,,HR,0,0,0,0.00,0,0,0.00,,,,,,,
,,,,,HU,0,0,0,0.00,0,0,0.00,,,,,,,
,,,,,IE,0,0,0,0.00,0,0,0.00,,,,,,,
,,,,,IT,0,0,0,0.00,0,0,0.00,,,,,,,
,,,,,LT,0,0,0,0.00,0,0,0.00,,,,,,,
,,,,,LU,0,0,0,0.00,0,0,0.00,,,,,,,
,,,,,LV,0,0,0,0.00,0,0,0.00,,,,,,,
,,,,,MT,0,0,0,0.00,0,0,0.00,,,,,,,
,,,,,NL,0,0,0,0.00,0,0,0.00,,,,,,,
,,,,,PL,0,0,0,0.00,0,0,0.00,,,,,,,
,,,,,PT,0,0,0,0.00,0,0,0.00,,,,,,,
,,,,,RO,0,0,0,0.00,0,0,0.00,,,,,,,
,,,,,SE,0,0,0,0.00,0,0,0.00,,,,,,,
,,,,,SI,0,0,0,0.00,0,0,0.00,,,,,,,
,,,,,SK,0,0,0,0.00,0,0,0.00,,,,,,,
All,Instagram,2025-07-01/2025-12-31,KEYWORD_BIOMETRIC_DATA_BREACH,,AT,0,0,0,0.00,0,0,0.00,,,,,,,
,,,,,BE,0,0,0,0.00,0,0,0.00,,,,,,,
,,,,,BG,0,0,0,0.00,0,0,0.00,,,,,,,
,,,,,CY,0,0,0,0.00,0,0,0.00,,,,,,,
,,,,,CZ,0,0,0,0.00,0,0,0.00,,,,,,,
,,,,,DE,0,0,0,0.00,0,0,0.00,,,,,,,
,,,,,DK,0,0,0,0.00,0,0,0.00,,,,,,,
,,,,,EE,0,0,0,0.00,0,0,0.00,,,,,,,
,,,,,EL,0,0,0,0.00,0,0,0.00,,,,,,,
,,,,,ES,0,0,0,0.00,0,0,0.00,,,,,,,
,,,,,FI,0,0,0,0.00,0,0,0.00,,,,,,,
,,,,,FR,0,0,0,0.00,0,0,0.00,,,,,,,
,,,,,HR,0,0,0,0.00,0,0,0.00,,,,,,,
,,,,,HU,0,0,0,0.00,0,0,0.00,,,,,,,
,,,,,IE,0,0,0,0.00,0,0,0.00,,,,,,,
,,,,,IT,0,0,0,0.00,0,0,0.00,,,,,,,
,,,,,LT,0,0,0,0.00,0,0,0.00,,,,,,,
,,,,,LU,0,0,0,0.00,0,0,0.00,,,,,,,
,,,,,LV,0,0,0,0.00,0,0,0.00,,,,,,,
,,,,,MT,0,0,0,0.00,0,0,0.00,,,,,,,
,,,,,NL,0,0,0,0.00,0,0,0.00,,,,,,,
,,,,,PL,0,0,0,0.00,0,0,0.00,,,,,,,
,,,,,PT,0,0,0,0.00,0,0,0.00,,,,,,,
,,,,,RO,0,0,0,0.00,0,0,0.00,,,,,,,
,,,,,SE,0,0,0,0.00,0,0,0.00,,,,,,,
,,,,,SI,0,0,0,0.00,0,0,0.00,,,,,,,
,,,,,SK,0,0,0,0.00,0,0,0.00,,,,,,,
All,Instagram,2025-07-01/2025-12-31,KEYWORD_DATA_FALSIFICATION,,AT,0,0,0,0.00,0,0,0.00,,,,,,,
,,,,,BE,0,0,0,0.00,0,0,0.00,,,,,,,
,,,,,BG,0,0,0,0.00,0,0,0.00,,,,,,,
,,,,,CY,0,0,0,0.00,0,0,0.00,,,,,,,
,,,,,CZ,0,0,0,0.00,0,0,0.00,,,,,,,
,,,,,DE,0,0,0,0.00,0,0,0.00,,,,,,,
,,,,,DK,0,0,0,0.00,0,0,0.00,,,,,,,
,,,,,EE,0,0,0,0.00,0,0,0.00,,,,,,,
,,,,,EL,0,0,0,0.00,0,0,0.00,,,,,,,
,,,,,ES,0,0,0,0.00,0,0,0.00,,,,,,,
,,,,,FI,0,0,0,0.00,0,0,0.00,,,,,,,
,,,,,FR,0,0,0,0.00,0,0,0.00,,,,,,,
,,,,,HR,0,0,0,0.00,0,0,0.00,,,,,,,
,,,,,HU,0,0,0,0.00,0,0,0.00,,,,,,,
,,,,,IE,0,0,0,0.00,0,0,0.00,,,,,,,
,,,,,IT,0,0,0,0.00,0,0,0.00,,,,,,,
,,,,,LT,0,0,0,0.00,0,0,0.00,,,,,,,
,,,,,LU,0,0,0,0.00,0,0,0.00,,,,,,,
,,,,,LV,0,0,0,0.00,0,0,0.00,,,,,,,
,,,,,MT,0,0,0,0.00,0,0,0.00,,,,,,,
,,,,,NL,0,0,0,0.00,0,0,0.00,,,,,,,
,,,,,PL,0,0,0,0.00,0,0,0.00,,,,,,,
,,,,,PT,0,0,0,0.00,0,0,0.00,,,,,,,
,,,,,RO,0,0,0,0.00,0,0,0.00,,,,,,,
,,,,,SE,0,0,0,0.00,0,0,0.00,,,,,,,
,,,,,SI,0,0,0,0.00,0,0,0.00,,,,,,,
,,,,,SK,0,0,0,0.00,0,0,0.00,,,,,,,
All,Instagram,2025-07-01/2025-12-31,KEYWORD_MISSING_PROCESSING_GROUND,,AT,0,0,0,0.00,0,0,0.00,,,,,,,
,,,,,BE,0,0,0,0.00,0,0,0.00,,,,,,,
,,,,,BG,0,0,0,0.00,0,0,0.00,,,,,,,
,,,,,CY,0,0,0,0.00,0,0,0.00,,,,,,,
,,,,,CZ,0,0,0,0.00,0,0,0.00,,,,,,,
,,,,,DE,0,0,0,0.00,0,0,0.00,,,,,,,
,,,,,DK,0,0,0,0.00,0,0,0.00,,,,,,,
,,,,,EE,0,0,0,0.00,0,0,0.00,,,,,,,
,,,,,EL,0,0,0,0.00,0,0,0.00,,,,,,,
,,,,,ES,0,0,0,0.00,0,0,0.00,,,,,,,
,,,,,FI,0,0,0,0.00,0,0,0.00,,,,,,,
,,,,,FR,0,0,0,0.00,0,0,0.00,,,,,,,
,,,,,HR,0,0,0,0.00,0,0,0.00,,,,,,,
,,,,,HU,0,0,0,0.00,0,0,0.00,,,,,,,
,,,,,IE,0,0,0,0.00,0,0,0.00,,,,,,,
,,,,,IT,0,0,0,0.00,0,0,0.00,,,,,,,
,,,,,LT,0,0,0,0.00,0,0,0.00,,,,,,,
,,,,,LU,0,0,0,0.00,0,0,0.00,,,,,,,
,,,,,LV,0,0,0,0.00,0,0,0.00,,,,,,,
,,,,,MT,0,0,0,0.00,0,0,0.00,,,,,,,
,,,,,NL,0,0,0,0.00,0,0,0.00,,,,,,,
,,,,,PL,0,0,0,0.00,0,0,0.00,,,,,,,
,,,,,PT,0,0,0,0.00,0,0,0.00,,,,,,,
,,,,,RO,0,0,0,0.00,0,0,0.00,,,,,,,
,,,,,SE,0,0,0,0.00,0,0,0.00,,,,,,,
,,,,,SI,0,0,0,0.00,0,0,0.00,,,,,,,
,,,,,SK,0,0,0,0.00,0,0,0.00,,,,,,,
All,Instagram,2025-07-01/2025-12-31,KEYWORD_RIGHT_TO_BE_FORGOTTEN,,AT,0,0,0,0.00,0,0,0.00,,,,,,,
,,,,,BE,0,0,0,0.00,0,0,0.00,,,,,,,
,,,,,BG,0,0,0,0.00,0,0,0.00,,,,,,,
,,,,,CY,0,0,0,0.00,0,0,0.00,,,,,,,
,,,,,CZ,0,0,0,0.00,0,0,0.00,,,,,,,
,,,,,DE,0,0,0,0.00,0,0,0.00,,,,,,,
,,,,,DK,0,0,0,0.00,0,0,0.00,,,,,,,
,,,,,EE,0,0,0,0.00,0,0,0.00,,,,,,,
,,,,,EL,0,0,0,0.00,0,0,0.00,,,,,,,
,,,,,ES,0,0,0,0.00,0,0,0.00,,,,,,,
,,,,,FI,0,0,0,0.00,0,0,0.00,,,,,,,
,,,,,FR,0,0,0,0.00,0,0,0.00,,,,,,,
,,,,,HR,0,0,0,0.00,0,0,0.00,,,,,,,
,,,,,HU,0,0,0,0.00,0,0,0.00,,,,,,,
,,,,,IE,0,0,0,0.00,0,0,0.00,,,,,,,
,,,,,IT,0,0,0,0.00,0,0,0.00,,,,,,,
,,,,,LT,0,0,0,0.00,0,0,0.00,,,,,,,
,,,,,LU,0,0,0,0.00,0,0,0.00,,,,,,,
,,,,,LV,0,0,0,0.00,0,0,0.00,,,,,,,
,,,,,MT,0,0,0,0.00,0,0,0.00,,,,,,,
,,,,,NL,0,0,0,0.00,0,0,0.00,,,,,,,
,,,,,PL,0,0,0,0.00,0,0,0.00,,,,,,,
,,,,,PT,0,0,0,0.00,0,0,0.00,,,,,,,
,,,,,RO,0,0,0,0.00,0,0,0.00,,,,,,,
,,,,,SE,0,0,0,0.00,0,0,0.00,,,,,,,
,,,,,SI,0,0,0,0.00,0,0,0.00,,,,,,,
,,,,,SK,0,0,0,0.00,0,0,0.00,,,,,,,
All,Instagram,2025-07-01/2025-12-31,KEYWORD_OTHER_PRIVACY,Added category to record Article 9 member state order submissions alleging privacy violations.,AT,0,0,0,0.00,0,0,0.00,,,,,,,
,,,,,BE,0,0,0,0.00,0,0,0.00,,,,,,,
,,,,,BG,0,0,0,0.00,0,0,0.00,,,,,,,
,,,,,CY,0,0,0,0.00,0,0,0.00,,,,,,,
,,,,,CZ,0,0,0,0.00,0,0,0.00,,,,,,,
,,,,,DE,0,0,0,0.00,0,0,0.00,,,,,,,
,,,,,DK,0,0,0,0.00,0,0,0.00,,,,,,,
,,,,,EE,0,0,0,0.00,0,0,0.00,,,,,,,
,,,,,EL,0,0,0,0.00,0,0,0.00,,,,,,,
,,,,,ES,0,0,0,0.00,0,0,0.00,,,,,,,
,,,,,FI,0,0,0,0.00,0,0,0.00,,,,,,,
,,,,,FR,0,0,0,0.00,0,0,0.00,,,,,,,
,,,,,HR,0,0,0,0.00,0,0,0.00,,,,,,,
,,,,,HU,0,0,0,0.00,0,0,0.00,,,,,,,
,,,,,IE,0,0,0,0.00,0,0,0.00,,,,,,,
,,,,,IT,0,0,0,0.00,0,0,0.00,,,,,,,
,,,,,LT,0,0,0,0.00,0,0,0.00,,,,,,,
,,,,,LU,0,0,0,0.00,0,0,0.00,,,,,,,
,,,,,LV,0,0,0,0.00,0,0,0.00,,,,,,,
,,,,,MT,0,0,0,0.00,0,0,0.00,,,,,,,
,,,,,NL,0,0,0,0.00,0,0,0.00,,,,,,,
,,,,,PL,0,0,0,0.00,0,0,0.00,,,,,,,
,,,,,PT,0,0,0,0.00,0,0,0.00,,,,,,,
,,,,,RO,0,0,0,0.00,0,0,0.00,,,,,,,
,,,,,SE,0,0,0,0.00,0,0,0.00,,,,,,,
,,,,,SI,0,0,0,0.00,0,0,0.00,,,,,,,
,,,,,SK,0,0,0,0.00,0,0,0.00,,,,,,,
All,Instagram,2025-07-01/2025-12-31,KEYWORD_OTHER_DATA_PROTECTION,Added category to record Article 9 member state order submissions alleging data protection violations.,AT,0,0,0,0.00,0,0,0.00,,,,,,,
,,,,,BE,0,0,0,0.00,0,0,0.00,,,,,,,
,,,,,BG,0,0,0,0.00,0,0,0.00,,,,,,,
,,,,,CY,0,0,0,0.00,0,0,0.00,,,,,,,
,,,,,CZ,0,0,0,0.00,0,0,0.00,,,,,,,
,,,,,DE,0,0,0,0.00,0,0,0.00,,,,,,,
,,,,,DK,0,0,0,0.00,0,0,0.00,,,,,,,
,,,,,EE,0,0,0,0.00,0,0,0.00,,,,,,,
,,,,,EL,0,0,0,0.00,0,0,0.00,,,,,,,
,,,,,ES,0,0,0,0.00,0,0,0.00,,,,,,,
,,,,,FI,0,0,0,0.00,0,0,0.00,,,,,,,
,,,,,FR,0,0,0,0.00,0,0,0.00,,,,,,,
,,,,,HR,0,0,0,0.00,0,0,0.00,,,,,,,
,,,,,HU,0,0,0,0.00,0,0,0.00,,,,,,,
,,,,,IE,0,0,0,0.00,0,0,0.00,,,,,,,
,,,,,IT,0,0,0,0.00,0,0,0.00,,,,,,,
,,,,,LT,0,0,0,0.00,0,0,0.00,,,,,,,
,,,,,LU,0,0,0,0.00,0,0,0.00,,,,,,,
,,,,,LV,0,0,0,0.00,0,0,0.00,,,,,,,
,,,,,MT,0,0,0,0.00,0,0,0.00,,,,,,,
,,,,,NL,0,0,0,0.00,0,0,0.00,,,,,,,
,,,,,PL,0,0,0,0.00,0,0,0.00,,,,,,,
,,,,,PT,0,0,0,0.00,0,0,0.00,,,,,,,
,,,,,RO,0,0,0,0.00,0,0,0.00,,,,,,,
,,,,,SE,0,0,0,0.00,0,0,0.00,,,,,,,
,,,,,SI,0,0,0,0.00,0,0,0.00,,,,,,,
,,,,,SK,0,0,0,0.00,0,0,0.00,,,,,,,
All,Instagram,2025-07-01/2025-12-31,STATEMENT_CATEGORY_ILLEGAL_OR_HARMFUL_SPEECH,,AT,0,0,0,0.00,0,0,0.00,,,,,,,
,,,,,BE,0,0,0,0.00,0,0,0.00,,,,,,,
,,,,,BG,2,2,0,,0,0,0.00,,,,,,,
,,,,,CY,0,0,0,0.00,0,0,0.00,,,,,,,
,,,,,CZ,0,0,0,0.00,0,0,0.00,,,,,,,
,,,,,DE,31,44,0,20.24,435,0,153.87,,,,,,,
,,,,,DK,0,0,0,0.00,0,0,0.00,,,,,,,
,,,,,EE,0,0,0,0.00,0,0,0.00,,,,,,,
,,,,,EL,3,5,0,3.60,1,0,,,,,,,,
,,,,,ES,0,0,0,0.00,1,0,,,,,,,,
,,,,,FI,0,0,0,0.00,0,0,0.00,,,,,,,
,,,,,FR,1,1,0,9.56,17,0,190.03,,,,,,,
,,,,,HR,0,0,0,0.00,0,0,0.00,,,,,,,
,,,,,HU,0,0,0,0.00,1,0,,,,,,,,
,,,,,IE,0,0,0,0.00,0,0,0.00,,,,,,,
,,,,,IT,0,0,0,0.00,14,0,41.90,,,,,,,
,,,,,LT,0,0,0,0.00,0,0,0.00,,,,,,,
,,,,,LU,0,0,0,0.00,0,0,0.00,,,,,,,
,,,,,LV,0,0,0,0.00,0,0,0.00,,,,,,,
,,,,,MT,0,0,0,0.00,0,0,0.00,,,,,,,
,,,,,NL,0,0,0,0.00,0,0,0.00,,,,,,,
,,,,,PL,0,0,0,0.00,9,0,,,,,,,,
,,,,,PT,0,0,0,0.00,3,0,,,,,,,,
,,,,,RO,0,0,0,0.00,2,0,,,,,,,,
,,,,,SE,0,0,0,0.00,0,0,0.00,,,,,,,
,,,,,SI,0,0,0,0.00,0,0,0.00,,,,,,,
,,,,,SK,0,0,0,0.00,0,0,0.00,,,,,,,
All,Instagram,2025-07-01/2025-12-31,KEYWORD_DEFAMATION,,AT,0,0,0,0.00,0,0,0.00,,,,,,,
,,,,,BE,0,0,0,0.00,0,0,0.00,,,,,,,
,,,,,BG,0,0,0,0.00,0,0,0.00,,,,,,,
,,,,,CY,0,0,0,0.00,0,0,0.00,,,,,,,
,,,,,CZ,0,0,0,0.00,0,0,0.00,,,,,,,
,,,,,DE,0,0,0,0.00,94,0,144.43,,,,,,,
,,,,,DK,0,0,0,0.00,0,0,0.00,,,,,,,
,,,,,EE,0,0,0,0.00,0,0,0.00,,,,,,,
,,,,,EL,0,0,0,0.00,0,0,0.00,,,,,,,
,,,,,ES,0,0,0,0.00,1,0,,,,,,,,
,,,,,FI,0,0,0,0.00,0,0,0.00,,,,,,,
,,,,,FR,0,0,0,0.00,10,0,,,,,,,,
,,,,,HR,0,0,0,0.00,0,0,0.00,,,,,,,
,,,,,HU,0,0,0,0.00,1,0,,,,,,,,
,,,,,IE,0,0,0,0.00,0,0,0.00,,,,,,,
,,,,,IT,0,0,0,0.00,11,0,,,,,,,,
,,,,,LT,0,0,0,0.00,0,0,0.00,,,,,,,
,,,,,LU,0,0,0,0.00,0,0,0.00,,,,,,,
,,,,,LV,0,0,0,0.00,0,0,0.00,,,,,,,
,,,,,MT,0,0,0,0.00,0,0,0.00,,,,,,,
,,,,,NL,0,0,0,0.00,0,0,0.00,,,,,,,
,,,,,PL,0,0,0,0.00,7,0,,,,,,,,
,,,,,PT,0,0,0,0.00,3,0,,,,,,,,
,,,,,RO,0,0,0,0.00,0,0,0.00,,,,,,,
,,,,,SE,0,0,0,0.00,0,0,0.00,,,,,,,
,,,,,SI,0,0,0,0.00,0,0,0.00,,,,,,,
,,,,,SK,0,0,0,0.00,0,0,0.00,,,,,,,
All,Instagram,2025-07-01/2025-12-31,KEYWORD_DISCRIMINATION,,AT,0,0,0,0.00,0,0,0.00,,,,,,,
,,,,,BE,0,0,0,0.00,0,0,0.00,,,,,,,
,,,,,BG,0,0,0,0.00,0,0,0.00,,,,,,,
,,,,,CY,0,0,0,0.00,0,0,0.00,,,,,,,
,,,,,CZ,0,0,0,0.00,0,0,0.00,,,,,,,
,,,,,DE,0,0,0,0.00,0,0,0.00,,,,,,,
,,,,,DK,0,0,0,0.00,0,0,0.00,,,,,,,
,,,,,EE,0,0,0,0.00,0,0,0.00,,,,,,,
,,,,,EL,0,0,0,0.00,0,0,0.00,,,,,,,
,,,,,ES,0,0,0,0.00,0,0,0.00,,,,,,,
,,,,,FI,0,0,0,0.00,0,0,0.00,,,,,,,
,,,,,FR,0,0,0,0.00,0,0,0.00,,,,,,,
,,,,,HR,0,0,0,0.00,0,0,0.00,,,,,,,
,,,,,HU,0,0,0,0.00,0,0,0.00,,,,,,,
,,,,,IE,0,0,0,0.00,0,0,0.00,,,,,,,
,,,,,IT,0,0,0,0.00,0,0,0.00,,,,,,,
,,,,,LT,0,0,0,0.00,0,0,0.00,,,,,,,
,,,,,LU,0,0,0,0.00,0,0,0.00,,,,,,,
,,,,,LV,0,0,0,0.00,0,0,0.00,,,,,,,
,,,,,MT,0,0,0,0.00,0,0,0.00,,,,,,,
,,,,,NL,0,0,0,0.00,0,0,0.00,,,,,,,
,,,,,PL,0,0,0,0.00,0,0,0.00,,,,,,,
,,,,,PT,0,0,0,0.00,0,0,0.00,,,,,,,
,,,,,RO,0,0,0,0.00,0,0,0.00,,,,,,,
,,,,,SE,0,0,0,0.00,0,0,0.00,,,,,,,
,,,,,SI,0,0,0,0.00,0,0,0.00,,,,,,,
,,,,,SK,0,0,0,0.00,0,0,0.00,,,,,,,
All,Instagram,2025-07-01/2025-12-31,KEYWORD_HATE_SPEECH,,AT,0,0,0,0.00,0,0,0.00,,,,,,,
,,,,,BE,0,0,0,0.00,0,0,0.00,,,,,,,
,,,,,BG,2,2,0,,0,0,0.00,,,,,,,
,,,,,CY,0,0,0,0.00,0,0,0.00,,,,,,,
,,,,,CZ,0,0,0,0.00,0,0,0.00,,,,,,,
,,,,,DE,31,44,0,20.24,341,0,159.07,,,,,,,
,,,,,DK,0,0,0,0.00,0,0,0.00,,,,,,,
,,,,,EE,0,0,0,0.00,0,0,0.00,,,,,,,
,,,,,EL,3,5,0,3.60,1,0,,,,,,,,
,,,,,ES,0,0,0,0.00,0,0,0.00,,,,,,,
,,,,,FI,0,0,0,0.00,0,0,0.00,,,,,,,
,,,,,FR,1,1,0,9.56,7,0,190.03,,,,,,,
,,,,,HR,0,0,0,0.00,0,0,0.00,,,,,,,
,,,,,HU,0,0,0,0.00,0,0,0.00,,,,,,,
,,,,,IE,0,0,0,0.00,0,0,0.00,,,,,,,
,,,,,IT,0,0,0,0.00,3,0,41.90,,,,,,,
,,,,,LT,0,0,0,0.00,0,0,0.00,,,,,,,
,,,,,LU,0,0,0,0.00,0,0,0.00,,,,,,,
,,,,,LV,0,0,0,0.00,0,0,0.00,,,,,,,
,,,,,MT,0,0,0,0.00,0,0,0.00,,,,,,,
,,,,,NL,0,0,0,0.00,0,0,0.00,,,,,,,
,,,,,PL,0,0,0,0.00,2,0,,,,,,,,
,,,,,PT,0,0,0,0.00,0,0,0.00,,,,,,,
,,,,,RO,0,0,0,0.00,2,0,,,,,,,,
,,,,,SE,0,0,0,0.00,0,0,0.00,,,,,,,
,,,,,SI,0,0,0,0.00,0,0,0.00,,,,,,,
,,,,,SK,0,0,0,0.00,0,0,0.00,,,,,,,
All,Instagram,2025-07-01/2025-12-31,KEYWORD_OTHER_PROFANITY,This row was added for use in other parts of our report. We have included it here for consistency across the report.,AT,0,0,0,0.00,0,0,0.00,,,,,,,
,,,,,BE,0,0,0,0.00,0,0,0.00,,,,,,,
,,,,,BG,0,0,0,0.00,0,0,0.00,,,,,,,
,,,,,CY,0,0,0,0.00,0,0,0.00,,,,,,,
,,,,,CZ,0,0,0,0.00,0,0,0.00,,,,,,,
,,,,,DE,0,0,0,0.00,0,0,0.00,,,,,,,
,,,,,DK,0,0,0,0.00,0,0,0.00,,,,,,,
,,,,,EE,0,0,0,0.00,0,0,0.00,,,,,,,
,,,,,EL,0,0,0,0.00,0,0,0.00,,,,,,,
,,,,,ES,0,0,0,0.00,0,0,0.00,,,,,,,
,,,,,FI,0,0,0,0.00,0,0,0.00,,,,,,,
,,,,,FR,0,0,0,0.00,0,0,0.00,,,,,,,
,,,,,HR,0,0,0,0.00,0,0,0.00,,,,,,,
,,,,,HU,0,0,0,0.00,0,0,0.00,,,,,,,
,,,,,IE,0,0,0,0.00,0,0,0.00,,,,,,,
,,,,,IT,0,0,0,0.00,0,0,0.00,,,,,,,
,,,,,LT,0,0,0,0.00,0,0,0.00,,,,,,,
,,,,,LU,0,0,0,0.00,0,0,0.00,,,,,,,
,,,,,LV,0,0,0,0.00,0,0,0.00,,,,,,,
,,,,,MT,0,0,0,0.00,0,0,0.00,,,,,,,
,,,,,NL,0,0,0,0.00,0,0,0.00,,,,,,,
,,,,,PL,0,0,0,0.00,0,0,0.00,,,,,,,
,,,,,PT,0,0,0,0.00,0,0,0.00,,,,,,,
,,,,,RO,0,0,0,0.00,0,0,0.00,,,,,,,
,,,,,SE,0,0,0,0.00,0,0,0.00,,,,,,,
,,,,,SI,0,0,0,0.00,0,0,0.00,,,,,,,
,,,,,SK,0,0,0,0.00,0,0,0.00,,,,,,,
All,Instagram,2025-07-01/2025-12-31,KEYWORD_OTHER_ILLEGALITY,This row was added for use in other parts of our report. We have included it here for consistency across the report.,AT,0,0,0,0.00,0,0,0.00,,,,,,,
,,,,,BE,0,0,0,0.00,0,0,0.00,,,,,,,
,,,,,BG,0,0,0,0.00,0,0,0.00,,,,,,,
,,,,,CY,0,0,0,0.00,0,0,0.00,,,,,,,
,,,,,CZ,0,0,0,0.00,0,0,0.00,,,,,,,
,,,,,DE,0,0,0,0.00,0,0,0.00,,,,,,,
,,,,,DK,0,0,0,0.00,0,0,0.00,,,,,,,
,,,,,EE,0,0,0,0.00,0,0,0.00,,,,,,,
,,,,,EL,0,0,0,0.00,0,0,0.00,,,,,,,
,,,,,ES,0,0,0,0.00,0,0,0.00,,,,,,,
,,,,,FI,0,0,0,0.00,0,0,0.00,,,,,,,
,,,,,FR,0,0,0,0.00,0,0,0.00,,,,,,,
,,,,,HR,0,0,0,0.00,0,0,0.00,,,,,,,
,,,,,HU,0,0,0,0.00,0,0,0.00,,,,,,,
,,,,,IE,0,0,0,0.00,0,0,0.00,,,,,,,
,,,,,IT,0,0,0,0.00,0,0,0.00,,,,,,,
,,,,,LT,0,0,0,0.00,0,0,0.00,,,,,,,
,,,,,LU,0,0,0,0.00,0,0,0.00,,,,,,,
,,,,,LV,0,0,0,0.00,0,0,0.00,,,,,,,
,,,,,MT,0,0,0,0.00,0,0,0.00,,,,,,,
,,,,,NL,0,0,0,0.00,0,0,0.00,,,,,,,
,,,,,PL,0,0,0,0.00,0,0,0.00,,,,,,,
,,,,,PT,0,0,0,0.00,0,0,0.00,,,,,,,
,,,,,RO,0,0,0,0.00,0,0,0.00,,,,,,,
,,,,,SE,0,0,0,0.00,0,0,0.00,,,,,,,
,,,,,SI,0,0,0,0.00,0,0,0.00,,,,,,,
,,,,,SK,0,0,0,0.00,0,0,0.00,,,,,,,
All,Instagram,2025-07-01/2025-12-31,STATEMENT_CATEGORY_INTELLECTUAL_PROPERTY_INFRINGEMENTS,,AT,0,0,0,0.00,0,0,0.00,,,,,,,
,,,,,BE,0,0,0,0.00,0,0,0.00,,,,,,,
,,,,,BG,0,0,0,0.00,0,0,0.00,,,,,,,
,,,,,CY,0,0,0,0.00,0,0,0.00,,,,,,,
,,,,,CZ,0,0,0,0.00,0,0,0.00,,,,,,,
,,,,,DE,0,0,0,0.00,16,0,53.56,,,,,,,
,,,,,DK,0,0,0,0.00,0,0,0.00,,,,,,,
,,,,,EE,0,0,0,0.00,0,0,0.00,,,,,,,
,,,,,EL,0,0,0,0.00,0,0,0.00,,,,,,,
,,,,,ES,0,0,0,0.00,0,0,0.00,,,,,,,
,,,,,FI,0,0,0,0.00,0,0,0.00,,,,,,,
,,,,,FR,0,0,0,0.00,4,0,139.65,,,,,,,
,,,,,HR,0,0,0,0.00,0,0,0.00,,,,,,,
,,,,,HU,0,0,0,0.00,0,0,0.00,,,,,,,
,,,,,IE,0,0,0,0.00,0,0,0.00,,,,,,,
,,,,,IT,0,0,0,0.00,1,0,6.77,,,,,,,
,,,,,LT,0,0,0,0.00,0,0,0.00,,,,,,,
,,,,,LU,0,0,0,0.00,0,0,0.00,,,,,,,
,,,,,LV,0,0,0,0.00,0,0,0.00,,,,,,,
,,,,,MT,0,0,0,0.00,0,0,0.00,,,,,,,
,,,,,NL,0,0,0,0.00,0,0,0.00,,,,,,,
,,,,,PL,0,0,0,0.00,3,0,89.88,,,,,,,
,,,,,PT,0,0,0,0.00,0,0,0.00,,,,,,,
,,,,,RO,0,0,0,0.00,0,0,0.00,,,,,,,
,,,,,SE,0,0,0,0.00,0,0,0.00,,,,,,,
,,,,,SI,0,0,0,0.00,0,0,0.00,,,,,,,
,,,,,SK,0,0,0,0.00,0,0,0.00,,,,,,,
All,Instagram,2025-07-01/2025-12-31,KEYWORD_COPYRIGHT_INFRINGEMENT,,AT,0,0,0,0.00,0,0,0.00,,,,,,,
,,,,,BE,0,0,0,0.00,0,0,0.00,,,,,,,
,,,,,BG,0,0,0,0.00,0,0,0.00,,,,,,,
,,,,,CY,0,0,0,0.00,0,0,0.00,,,,,,,
,,,,,CZ,0,0,0,0.00,0,0,0.00,,,,,,,
,,,,,DE,0,0,0,0.00,0,0,0.00,,,,,,,
,,,,,DK,0,0,0,0.00,0,0,0.00,,,,,,,
,,,,,EE,0,0,0,0.00,0,0,0.00,,,,,,,
,,,,,EL,0,0,0,0.00,0,0,0.00,,,,,,,
,,,,,ES,0,0,0,0.00,0,0,0.00,,,,,,,
,,,,,FI,0,0,0,0.00,0,0,0.00,,,,,,,
,,,,,FR,0,0,0,0.00,0,0,0.00,,,,,,,
,,,,,HR,0,0,0,0.00,0,0,0.00,,,,,,,
,,,,,HU,0,0,0,0.00,0,0,0.00,,,,,,,
,,,,,IE,0,0,0,0.00,0,0,0.00,,,,,,,
,,,,,IT,0,0,0,0.00,0,0,0.00,,,,,,,
,,,,,LT,0,0,0,0.00,0,0,0.00,,,,,,,
,,,,,LU,0,0,0,0.00,0,0,0.00,,,,,,,
,,,,,LV,0,0,0,0.00,0,0,0.00,,,,,,,
,,,,,MT,0,0,0,0.00,0,0,0.00,,,,,,,
,,,,,NL,0,0,0,0.00,0,0,0.00,,,,,,,
,,,,,PL,0,0,0,0.00,0,0,0.00,,,,,,,
,,,,,PT,0,0,0,0.00,0,0,0.00,,,,,,,
,,,,,RO,0,0,0,0.00,0,0,0.00,,,,,,,
,,,,,SE,0,0,0,0.00,0,0,0.00,,,,,,,
,,,,,SI,0,0,0,0.00,0,0,0.00,,,,,,,
,,,,,SK,0,0,0,0.00,0,0,0.00,,,,,,,
All,Instagram,2025-07-01/2025-12-31,KEYWORD_DESIGN_INFRINGEMENT,,AT,0,0,0,0.00,0,0,0.00,,,,,,,
,,,,,BE,0,0,0,0.00,0,0,0.00,,,,,,,
,,,,,BG,0,0,0,0.00,0,0,0.00,,,,,,,
,,,,,CY,0,0,0,0.00,0,0,0.00,,,,,,,
,,,,,CZ,0,0,0,0.00,0,0,0.00,,,,,,,
,,,,,DE,0,0,0,0.00,0,0,0.00,,,,,,,
,,,,,DK,0,0,0,0.00,0,0,0.00,,,,,,,
,,,,,EE,0,0,0,0.00,0,0,0.00,,,,,,,
,,,,,EL,0,0,0,0.00,0,0,0.00,,,,,,,
,,,,,ES,0,0,0,0.00,0,0,0.00,,,,,,,
,,,,,FI,0,0,0,0.00,0,0,0.00,,,,,,,
,,,,,FR,0,0,0,0.00,0,0,0.00,,,,,,,
,,,,,HR,0,0,0,0.00,0,0,0.00,,,,,,,
,,,,,HU,0,0,0,0.00,0,0,0.00,,,,,,,
,,,,,IE,0,0,0,0.00,0,0,0.00,,,,,,,
,,,,,IT,0,0,0,0.00,0,0,0.00,,,,,,,
,,,,,LT,0,0,0,0.00,0,0,0.00,,,,,,,
,,,,,LU,0,0,0,0.00,0,0,0.00,,,,,,,
,,,,,LV,0,0,0,0.00,0,0,0.00,,,,,,,
,,,,,MT,0,0,0,0.00,0,0,0.00,,,,,,,
,,,,,NL,0,0,0,0.00,0,0,0.00,,,,,,,
,,,,,PL,0,0,0,0.00,0,0,0.00,,,,,,,
,,,,,PT,0,0,0,0.00,0,0,0.00,,,,,,,
,,,,,RO,0,0,0,0.00,0,0,0.00,,,,,,,
,,,,,SE,0,0,0,0.00,0,0,0.00,,,,,,,
,,,,,SI,0,0,0,0.00,0,0,0.00,,,,,,,
,,,,,SK,0,0,0,0.00,0,0,0.00,,,,,,,
All,Instagram,2025-07-01/2025-12-31,KEYWORD_GEOGRAPHIC_INDICATIONS_INFRINGEMENT,,AT,0,0,0,0.00,0,0,0.00,,,,,,,
,,,,,BE,0,0,0,0.00,0,0,0.00,,,,,,,
,,,,,BG,0,0,0,0.00,0,0,0.00,,,,,,,
,,,,,CY,0,0,0,0.00,0,0,0.00,,,,,,,
,,,,,CZ,0,0,0,0.00,0,0,0.00,,,,,,,
,,,,,DE,0,0,0,0.00,0,0,0.00,,,,,,,
,,,,,DK,0,0,0,0.00,0,0,0.00,,,,,,,
,,,,,EE,0,0,0,0.00,0,0,0.00,,,,,,,
,,,,,EL,0,0,0,0.00,0,0,0.00,,,,,,,
,,,,,ES,0,0,0,0.00,0,0,0.00,,,,,,,
,,,,,FI,0,0,0,0.00,0,0,0.00,,,,,,,
,,,,,FR,0,0,0,0.00,0,0,0.00,,,,,,,
,,,,,HR,0,0,0,0.00,0,0,0.00,,,,,,,
,,,,,HU,0,0,0,0.00,0,0,0.00,,,,,,,
,,,,,IE,0,0,0,0.00,0,0,0.00,,,,,,,
,,,,,IT,0,0,0,0.00,0,0,0.00,,,,,,,
,,,,,LT,0,0,0,0.00,0,0,0.00,,,,,,,
,,,,,LU,0,0,0,0.00,0,0,0.00,,,,,,,
,,,,,LV,0,0,0,0.00,0,0,0.00,,,,,,,
,,,,,MT,0,0,0,0.00,0,0,0.00,,,,,,,
,,,,,NL,0,0,0,0.00,0,0,0.00,,,,,,,
,,,,,PL,0,0,0,0.00,0,0,0.00,,,,,,,
,,,,,PT,0,0,0,0.00,0,0,0.00,,,,,,,
,,,,,RO,0,0,0,0.00,0,0,0.00,,,,,,,
,,,,,SE,0,0,0,0.00,0,0,0.00,,,,,,,
,,,,,SI,0,0,0,0.00,0,0,0.00,,,,,,,
,,,,,SK,0,0,0,0.00,0,0,0.00,,,,,,,
All,Instagram,2025-07-01/2025-12-31,KEYWORD_PATENT_INFRINGEMENT,,AT,0,0,0,0.00,0,0,0.00,,,,,,,
,,,,,BE,0,0,0,0.00,0,0,0.00,,,,,,,
,,,,,BG,0,0,0,0.00,0,0,0.00,,,,,,,
,,,,,CY,0,0,0,0.00,0,0,0.00,,,,,,,
,,,,,CZ,0,0,0,0.00,0,0,0.00,,,,,,,
,,,,,DE,0,0,0,0.00,0,0,0.00,,,,,,,
,,,,,DK,0,0,0,0.00,0,0,0.00,,,,,,,
,,,,,EE,0,0,0,0.00,0,0,0.00,,,,,,,
,,,,,EL,0,0,0,0.00,0,0,0.00,,,,,,,
,,,,,ES,0,0,0,0.00,0,0,0.00,,,,,,,
,,,,,FI,0,0,0,0.00,0,0,0.00,,,,,,,
,,,,,FR,0,0,0,0.00,0,0,0.00,,,,,,,
,,,,,HR,0,0,0,0.00,0,0,0.00,,,,,,,
,,,,,HU,0,0,0,0.00,0,0,0.00,,,,,,,
,,,,,IE,0,0,0,0.00,0,0,0.00,,,,,,,
,,,,,IT,0,0,0,0.00,0,0,0.00,,,,,,,
,,,,,LT,0,0,0,0.00,0,0,0.00,,,,,,,
,,,,,LU,0,0,0,0.00,0,0,0.00,,,,,,,
,,,,,LV,0,0,0,0.00,0,0,0.00,,,,,,,
,,,,,MT,0,0,0,0.00,0,0,0.00,,,,,,,
,,,,,NL,0,0,0,0.00,0,0,0.00,,,,,,,
,,,,,PL,0,0,0,0.00,0,0,0.00,,,,,,,
,,,,,PT,0,0,0,0.00,0,0,0.00,,,,,,,
,,,,,RO,0,0,0,0.00,0,0,0.00,,,,,,,
,,,,,SE,0,0,0,0.00,0,0,0.00,,,,,,,
,,,,,SI,0,0,0,0.00,0,0,0.00,,,,,,,
,,,,,SK,0,0,0,0.00,0,0,0.00,,,,,,,
All,Instagram,2025-07-01/2025-12-31,KEYWORD_TRADE_SECRET_INFRINGEMENT,,AT,0,0,0,0.00,0,0,0.00,,,,,,,
,,,,,BE,0,0,0,0.00,0,0,0.00,,,,,,,
,,,,,BG,0,0,0,0.00,0,0,0.00,,,,,,,
,,,,,CY,0,0,0,0.00,0,0,0.00,,,,,,,
,,,,,CZ,0,0,0,0.00,0,0,0.00,,,,,,,
,,,,,DE,0,0,0,0.00,0,0,0.00,,,,,,,
,,,,,DK,0,0,0,0.00,0,0,0.00,,,,,,,
,,,,,EE,0,0,0,0.00,0,0,0.00,,,,,,,
,,,,,EL,0,0,0,0.00,0,0,0.00,,,,,,,
,,,,,ES,0,0,0,0.00,0,0,0.00,,,,,,,
,,,,,FI,0,0,0,0.00,0,0,0.00,,,,,,,
,,,,,FR,0,0,0,0.00,0,0,0.00,,,,,,,
,,,,,HR,0,0,0,0.00,0,0,0.00,,,,,,,
,,,,,HU,0,0,0,0.00,0,0,0.00,,,,,,,
,,,,,IE,0,0,0,0.00,0,0,0.00,,,,,,,
,,,,,IT,0,0,0,0.00,0,0,0.00,,,,,,,
,,,,,LT,0,0,0,0.00,0,0,0.00,,,,,,,
,,,,,LU,0,0,0,0.00,0,0,0.00,,,,,,,
,,,,,LV,0,0,0,0.00,0,0,0.00,,,,,,,
,,,,,MT,0,0,0,0.00,0,0,0.00,,,,,,,
,,,,,NL,0,0,0,0.00,0,0,0.00,,,,,,,
,,,,,PL,0,0,0,0.00,0,0,0.00,,,,,,,
,,,,,PT,0,0,0,0.00,0,0,0.00,,,,,,,
,,,,,RO,0,0,0,0.00,0,0,0.00,,,,,,,
,,,,,SE,0,0,0,0.00,0,0,0.00,,,,,,,
,,,,,SI,0,0,0,0.00,0,0,0.00,,,,,,,
,,,,,SK,0,0,0,0.00,0,0,0.00,,,,,,,
All,Instagram,2025-07-01/2025-12-31,KEYWORD_TRADEMARK_INFRINGEMENT,,AT,0,0,0,0.00,0,0,0.00,,,,,,,
,,,,,BE,0,0,0,0.00,0,0,0.00,,,,,,,
,,,,,BG,0,0,0,0.00,0,0,0.00,,,,,,,
,,,,,CY,0,0,0,0.00,0,0,0.00,,,,,,,
,,,,,CZ,0,0,0,0.00,0,0,0.00,,,,,,,
,,,,,DE,0,0,0,0.00,0,0,0.00,,,,,,,
,,,,,DK,0,0,0,0.00,0,0,0.00,,,,,,,
,,,,,EE,0,0,0,0.00,0,0,0.00,,,,,,,
,,,,,EL,0,0,0,0.00,0,0,0.00,,,,,,,
,,,,,ES,0,0,0,0.00,0,0,0.00,,,,,,,
,,,,,FI,0,0,0,0.00,0,0,0.00,,,,,,,
,,,,,FR,0,0,0,0.00,0,0,0.00,,,,,,,
,,,,,HR,0,0,0,0.00,0,0,0.00,,,,,,,
,,,,,HU,0,0,0,0.00,0,0,0.00,,,,,,,
,,,,,IE,0,0,0,0.00,0,0,0.00,,,,,,,
,,,,,IT,0,0,0,0.00,0,0,0.00,,,,,,,
,,,,,LT,0,0,0,0.00,0,0,0.00,,,,,,,
,,,,,LU,0,0,0,0.00,0,0,0.00,,,,,,,
,,,,,LV,0,0,0,0.00,0,0,0.00,,,,,,,
,,,,,MT,0,0,0,0.00,0,0,0.00,,,,,,,
,,,,,NL,0,0,0,0.00,0,0,0.00,,,,,,,
,,,,,PL,0,0,0,0.00,0,0,0.00,,,,,,,
,,,,,PT,0,0,0,0.00,0,0,0.00,,,,,,,
,,,,,RO,0,0,0,0.00,0,0,0.00,,,,,,,
,,,,,SE,0,0,0,0.00,0,0,0.00,,,,,,,
,,,,,SI,0,0,0,0.00,0,0,0.00,,,,,,,
,,,,,SK,0,0,0,0.00,0,0,0.00,,,,,,,
All,Instagram,2025-07-01/2025-12-31,KEYWORD_OTHER_INTELLECTUAL_PROPERTY_INFRINGEMENTS_THIRD_PARTY_VIOLATION_OR_DATA_VIOLATION,"Added category to capture Article 9 member state order submissions alleging intellectual property content violations, Article 10 member state order submissions alleging intellectual property or data violations.",AT,0,0,0,0.00,0,0,0.00,,,,,,,
,,,,,BE,0,0,0,0.00,0,0,0.00,,,,,,,
,,,,,BG,0,0,0,0.00,0,0,0.00,,,,,,,
,,,,,CY,0,0,0,0.00,0,0,0.00,,,,,,,
,,,,,CZ,0,0,0,0.00,0,0,0.00,,,,,,,
,,,,,DE,0,0,0,0.00,16,0,53.56,,,,,,,
,,,,,DK,0,0,0,0.00,0,0,0.00,,,,,,,
,,,,,EE,0,0,0,0.00,0,0,0.00,,,,,,,
,,,,,EL,0,0,0,0.00,0,0,0.00,,,,,,,
,,,,,ES,0,0,0,0.00,0,0,0.00,,,,,,,
,,,,,FI,0,0,0,0.00,0,0,0.00,,,,,,,
,,,,,FR,0,0,0,0.00,4,0,139.65,,,,,,,
,,,,,HR,0,0,0,0.00,0,0,0.00,,,,,,,
,,,,,HU,0,0,0,0.00,0,0,0.00,,,,,,,
,,,,,IE,0,0,0,0.00,0,0,0.00,,,,,,,
,,,,,IT,0,0,0,0.00,1,0,6.77,,,,,,,
,,,,,LT,0,0,0,0.00,0,0,0.00,,,,,,,
,,,,,LU,0,0,0,0.00,0,0,0.00,,,,,,,
,,,,,LV,0,0,0,0.00,0,0,0.00,,,,,,,
,,,,,MT,0,0,0,0.00,0,0,0.00,,,,,,,
,,,,,NL,0,0,0,0.00,0,0,0.00,,,,,,,
,,,,,PL,0,0,0,0.00,3,0,89.88,,,,,,,
,,,,,PT,0,0,0,0.00,0,0,0.00,,,,,,,
,,,,,RO,0,0,0,0.00,0,0,0.00,,,,,,,
,,,,,SE,0,0,0,0.00,0,0,0.00,,,,,,,
,,,,,SI,0,0,0,0.00,0,0,0.00,,,,,,,
,,,,,SK,0,0,0,0.00,0,0,0.00,,,,,,,
All,Instagram,2025-07-01/2025-12-31,STATEMENT_CATEGORY_NEGATIVE_EFFECTS_ON_CIVIC_DISCOURSE_OR_ELECTIONS,,AT,0,0,0,0.00,0,0,0.00,,,,,,,
,,,,,BE,0,0,0,0.00,0,0,0.00,,,,,,,
,,,,,BG,0,0,0,0.00,0,0,0.00,,,,,,,
,,,,,CY,0,0,0,0.00,0,0,0.00,,,,,,,
,,,,,CZ,0,0,0,0.00,0,0,0.00,,,,,,,
,,,,,DE,0,0,0,0.00,0,0,0.00,,,,,,,
,,,,,DK,0,0,0,0.00,0,0,0.00,,,,,,,
,,,,,EE,0,0,0,0.00,0,0,0.00,,,,,,,
,,,,,EL,0,0,0,0.00,0,0,0.00,,,,,,,
,,,,,ES,0,0,0,0.00,0,0,0.00,,,,,,,
,,,,,FI,0,0,0,0.00,0,0,0.00,,,,,,,
,,,,,FR,0,0,0,0.00,0,0,0.00,,,,,,,
,,,,,HR,0,0,0,0.00,0,0,0.00,,,,,,,
,,,,,HU,0,0,0,0.00,0,0,0.00,,,,,,,
,,,,,IE,0,0,0,0.00,0,0,0.00,,,,,,,
,,,,,IT,0,0,0,0.00,0,0,0.00,,,,,,,
,,,,,LT,0,0,0,0.00,0,0,0.00,,,,,,,
,,,,,LU,0,0,0,0.00,0,0,0.00,,,,,,,
,,,,,LV,0,0,0,0.00,0,0,0.00,,,,,,,
,,,,,MT,0,0,0,0.00,0,0,0.00,,,,,,,
,,,,,NL,0,0,0,0.00,0,0,0.00,,,,,,,
,,,,,PL,0,0,0,0.00,0,0,0.00,,,,,,,
,,,,,PT,0,0,0,0.00,0,0,0.00,,,,,,,
,,,,,RO,0,0,0,0.00,0,0,0.00,,,,,,,
,,,,,SE,0,0,0,0.00,0,0,0.00,,,,,,,
,,,,,SI,0,0,0,0.00,0,0,0.00,,,,,,,
,,,,,SK,0,0,0,0.00,0,0,0.00,,,,,,,
All,Instagram,2025-07-01/2025-12-31,KEYWORD_MISINFORMATION_DISINFORMATION,,AT,0,0,0,0.00,0,0,0.00,,,,,,,
,,,,,BE,0,0,0,0.00,0,0,0.00,,,,,,,
,,,,,BG,0,0,0,0.00,0,0,0.00,,,,,,,
,,,,,CY,0,0,0,0.00,0,0,0.00,,,,,,,
,,,,,CZ,0,0,0,0.00,0,0,0.00,,,,,,,
,,,,,DE,0,0,0,0.00,0,0,0.00,,,,,,,
,,,,,DK,0,0,0,0.00,0,0,0.00,,,,,,,
,,,,,EE,0,0,0,0.00,0,0,0.00,,,,,,,
,,,,,EL,0,0,0,0.00,0,0,0.00,,,,,,,
,,,,,ES,0,0,0,0.00,0,0,0.00,,,,,,,
,,,,,FI,0,0,0,0.00,0,0,0.00,,,,,,,
,,,,,FR,0,0,0,0.00,0,0,0.00,,,,,,,
,,,,,HR,0,0,0,0.00,0,0,0.00,,,,,,,
,,,,,HU,0,0,0,0.00,0,0,0.00,,,,,,,
,,,,,IE,0,0,0,0.00,0,0,0.00,,,,,,,
,,,,,IT,0,0,0,0.00,0,0,0.00,,,,,,,
,,,,,LT,0,0,0,0.00,0,0,0.00,,,,,,,
,,,,,LU,0,0,0,0.00,0,0,0.00,,,,,,,
,,,,,LV,0,0,0,0.00,0,0,0.00,,,,,,,
,,,,,MT,0,0,0,0.00,0,0,0.00,,,,,,,
,,,,,NL,0,0,0,0.00,0,0,0.00,,,,,,,
,,,,,PL,0,0,0,0.00,0,0,0.00,,,,,,,
,,,,,PT,0,0,0,0.00,0,0,0.00,,,,,,,
,,,,,RO,0,0,0,0.00,0,0,0.00,,,,,,,
,,,,,SE,0,0,0,0.00,0,0,0.00,,,,,,,
,,,,,SI,0,0,0,0.00,0,0,0.00,,,,,,,
,,,,,SK,0,0,0,0.00,0,0,0.00,,,,,,,
All,Instagram,2025-07-01/2025-12-31,KEYWORD_VIOLATION_EU_LAW,,AT,0,0,0,0.00,0,0,0.00,,,,,,,
,,,,,BE,0,0,0,0.00,0,0,0.00,,,,,,,
,,,,,BG,0,0,0,0.00,0,0,0.00,,,,,,,
,,,,,CY,0,0,0,0.00,0,0,0.00,,,,,,,
,,,,,CZ,0,0,0,0.00,0,0,0.00,,,,,,,
,,,,,DE,0,0,0,0.00,0,0,0.00,,,,,,,
,,,,,DK,0,0,0,0.00,0,0,0.00,,,,,,,
,,,,,EE,0,0,0,0.00,0,0,0.00,,,,,,,
,,,,,EL,0,0,0,0.00,0,0,0.00,,,,,,,
,,,,,ES,0,0,0,0.00,0,0,0.00,,,,,,,
,,,,,FI,0,0,0,0.00,0,0,0.00,,,,,,,
,,,,,FR,0,0,0,0.00,0,0,0.00,,,,,,,
,,,,,HR,0,0,0,0.00,0,0,0.00,,,,,,,
,,,,,HU,0,0,0,0.00,0,0,0.00,,,,,,,
,,,,,IE,0,0,0,0.00,0,0,0.00,,,,,,,
,,,,,IT,0,0,0,0.00,0,0,0.00,,,,,,,
,,,,,LT,0,0,0,0.00,0,0,0.00,,,,,,,
,,,,,LU,0,0,0,0.00,0,0,0.00,,,,,,,
,,,,,LV,0,0,0,0.00,0,0,0.00,,,,,,,
,,,,,MT,0,0,0,0.00,0,0,0.00,,,,,,,
,,,,,NL,0,0,0,0.00,0,0,0.00,,,,,,,
,,,,,PL,0,0,0,0.00,0,0,0.00,,,,,,,
,,,,,PT,0,0,0,0.00,0,0,0.00,,,,,,,
,,,,,RO,0,0,0,0.00,0,0,0.00,,,,,,,
,,,,,SE,0,0,0,0.00,0,0,0.00,,,,,,,
,,,,,SI,0,0,0,0.00,0,0,0.00,,,,,,,
,,,,,SK,0,0,0,0.00,0,0,0.00,,,,,,,
All,Instagram,2025-07-01/2025-12-31,KEYWORD_VIOLATION_NATIONAL_LAW,,AT,0,0,0,0.00,0,0,0.00,,,,,,,
,,,,,BE,0,0,0,0.00,0,0,0.00,,,,,,,
,,,,,BG,0,0,0,0.00,0,0,0.00,,,,,,,
,,,,,CY,0,0,0,0.00,0,0,0.00,,,,,,,
,,,,,CZ,0,0,0,0.00,0,0,0.00,,,,,,,
,,,,,DE,0,0,0,0.00,0,0,0.00,,,,,,,
,,,,,DK,0,0,0,0.00,0,0,0.00,,,,,,,
,,,,,EE,0,0,0,0.00,0,0,0.00,,,,,,,
,,,,,EL,0,0,0,0.00,0,0,0.00,,,,,,,
,,,,,ES,0,0,0,0.00,0,0,0.00,,,,,,,
,,,,,FI,0,0,0,0.00,0,0,0.00,,,,,,,
,,,,,FR,0,0,0,0.00,0,0,0.00,,,,,,,
,,,,,HR,0,0,0,0.00,0,0,0.00,,,,,,,
,,,,,HU,0,0,0,0.00,0,0,0.00,,,,,,,
,,,,,IE,0,0,0,0.00,0,0,0.00,,,,,,,
,,,,,IT,0,0,0,0.00,0,0,0.00,,,,,,,
,,,,,LT,0,0,0,0.00,0,0,0.00,,,,,,,
,,,,,LU,0,0,0,0.00,0,0,0.00,,,,,,,
,,,,,LV,0,0,0,0.00,0,0,0.00,,,,,,,
,,,,,MT,0,0,0,0.00,0,0,0.00,,,,,,,
,,,,,NL,0,0,0,0.00,0,0,0.00,,,,,,,
,,,,,PL,0,0,0,0.00,0,0,0.00,,,,,,,
,,,,,PT,0,0,0,0.00,0,0,0.00,,,,,,,
,,,,,RO,0,0,0,0.00,0,0,0.00,,,,,,,
,,,,,SE,0,0,0,0.00,0,0,0.00,,,,,,,
,,,,,SI,0,0,0,0.00,0,0,0.00,,,,,,,
,,,,,SK,0,0,0,0.00,0,0,0.00,,,,,,,
All,Instagram,2025-07-01/2025-12-31,KEYWORD_OTHER_POLITICAL_ADVERTISING,Added category to record Article 9 member state order submissions alleging political advertising content violations.,AT,0,0,0,0.00,0,0,0.00,,,,,,,
,,,,,BE,0,0,0,0.00,0,0,0.00,,,,,,,
,,,,,BG,0,0,0,0.00,0,0,0.00,,,,,,,
,,,,,CY,0,0,0,0.00,0,0,0.00,,,,,,,
,,,,,CZ,0,0,0,0.00,0,0,0.00,,,,,,,
,,,,,DE,0,0,0,0.00,0,0,0.00,,,,,,,
,,,,,DK,0,0,0,0.00,0,0,0.00,,,,,,,
,,,,,EE,0,0,0,0.00,0,0,0.00,,,,,,,
,,,,,EL,0,0,0,0.00,0,0,0.00,,,,,,,
,,,,,ES,0,0,0,0.00,0,0,0.00,,,,,,,
,,,,,FI,0,0,0,0.00,0,0,0.00,,,,,,,
,,,,,FR,0,0,0,0.00,0,0,0.00,,,,,,,
,,,,,HR,0,0,0,0.00,0,0,0.00,,,,,,,
,,,,,HU,0,0,0,0.00,0,0,0.00,,,,,,,
,,,,,IE,0,0,0,0.00,0,0,0.00,,,,,,,
,,,,,IT,0,0,0,0.00,0,0,0.00,,,,,,,
,,,,,LT,0,0,0,0.00,0,0,0.00,,,,,,,
,,,,,LU,0,0,0,0.00,0,0,0.00,,,,,,,
,,,,,LV,0,0,0,0.00,0,0,0.00,,,,,,,
,,,,,MT,0,0,0,0.00,0,0,0.00,,,,,,,
,,,,,NL,0,0,0,0.00,0,0,0.00,,,,,,,
,,,,,PL,0,0,0,0.00,0,0,0.00,,,,,,,
,,,,,PT,0,0,0,0.00,0,0,0.00,,,,,,,
,,,,,RO,0,0,0,0.00,0,0,0.00,,,,,,,
,,,,,SE,0,0,0,0.00,0,0,0.00,,,,,,,
,,,,,SI,0,0,0,0.00,0,0,0.00,,,,,,,
,,,,,SK,0,0,0,0.00,0,0,0.00,,,,,,,
All,Instagram,2025-07-01/2025-12-31,KEYWORD_OTHER_INELIGIBLE_USER,This row was added for use in other parts of our report. We have included it here for consistency across the report.,AT,0,0,0,0.00,0,0,0.00,,,,,,,
,,,,,BE,0,0,0,0.00,0,0,0.00,,,,,,,
,,,,,BG,0,0,0,0.00,0,0,0.00,,,,,,,
,,,,,CY,0,0,0,0.00,0,0,0.00,,,,,,,
,,,,,CZ,0,0,0,0.00,0,0,0.00,,,,,,,
,,,,,DE,0,0,0,0.00,0,0,0.00,,,,,,,
,,,,,DK,0,0,0,0.00,0,0,0.00,,,,,,,
,,,,,EE,0,0,0,0.00,0,0,0.00,,,,,,,
,,,,,EL,0,0,0,0.00,0,0,0.00,,,,,,,
,,,,,ES,0,0,0,0.00,0,0,0.00,,,,,,,
,,,,,FI,0,0,0,0.00,0,0,0.00,,,,,,,
,,,,,FR,0,0,0,0.00,0,0,0.00,,,,,,,
,,,,,HR,0,0,0,0.00,0,0,0.00,,,,,,,
,,,,,HU,0,0,0,0.00,0,0,0.00,,,,,,,
,,,,,IE,0,0,0,0.00,0,0,0.00,,,,,,,
,,,,,IT,0,0,0,0.00,0,0,0.00,,,,,,,
,,,,,LT,0,0,0,0.00,0,0,0.00,,,,,,,
,,,,,LU,0,0,0,0.00,0,0,0.00,,,,,,,
,,,,,LV,0,0,0,0.00,0,0,0.00,,,,,,,
,,,,,MT,0,0,0,0.00,0,0,0.00,,,,,,,
,,,,,NL,0,0,0,0.00,0,0,0.00,,,,,,,
,,,,,PL,0,0,0,0.00,0,0,0.00,,,,,,,
,,,,,PT,0,0,0,0.00,0,0,0.00,,,,,,,
,,,,,RO,0,0,0,0.00,0,0,0.00,,,,,,,
,,,,,SE,0,0,0,0.00,0,0,0.00,,,,,,,
,,,,,SI,0,0,0,0.00,0,0,0.00,,,,,,,
,,,,,SK,0,0,0,0.00,0,0,0.00,,,,,,,
All,Instagram,2025-07-01/2025-12-31,KEYWORD_OTHER_CIVIC_DISCOURSE,This row was added for use in other parts of our report. We have included it here for consistency across the report.,AT,0,0,0,0.00,0,0,0.00,,,,,,,
,,,,,BE,0,0,0,0.00,0,0,0.00,,,,,,,
,,,,,BG,0,0,0,0.00,0,0,0.00,,,,,,,
,,,,,CY,0,0,0,0.00,0,0,0.00,,,,,,,
,,,,,CZ,0,0,0,0.00,0,0,0.00,,,,,,,
,,,,,DE,0,0,0,0.00,0,0,0.00,,,,,,,
,,,,,DK,0,0,0,0.00,0,0,0.00,,,,,,,
,,,,,EE,0,0,0,0.00,0,0,0.00,,,,,,,
,,,,,EL,0,0,0,0.00,0,0,0.00,,,,,,,
,,,,,ES,0,0,0,0.00,0,0,0.00,,,,,,,
,,,,,FI,0,0,0,0.00,0,0,0.00,,,,,,,
,,,,,FR,0,0,0,0.00,0,0,0.00,,,,,,,
,,,,,HR,0,0,0,0.00,0,0,0.00,,,,,,,
,,,,,HU,0,0,0,0.00,0,0,0.00,,,,,,,
,,,,,IE,0,0,0,0.00,0,0,0.00,,,,,,,
,,,,,IT,0,0,0,0.00,0,0,0.00,,,,,,,
,,,,,LT,0,0,0,0.00,0,0,0.00,,,,,,,
,,,,,LU,0,0,0,0.00,0,0,0.00,,,,,,,
,,,,,LV,0,0,0,0.00,0,0,0.00,,,,,,,
,,,,,MT,0,0,0,0.00,0,0,0.00,,,,,,,
,,,,,NL,0,0,0,0.00,0,0,0.00,,,,,,,
,,,,,PL,0,0,0,0.00,0,0,0.00,,,,,,,
,,,,,PT,0,0,0,0.00,0,0,0.00,,,,,,,
,,,,,RO,0,0,0,0.00,0,0,0.00,,,,,,,
,,,,,SE,0,0,0,0.00,0,0,0.00,,,,,,,
,,,,,SI,0,0,0,0.00,0,0,0.00,,,,,,,
,,,,,SK,0,0,0,0.00,0,0,0.00,,,,,,,
All,Instagram,2025-07-01/2025-12-31,STATEMENT_CATEGORY_PROTECTION_OF_MINORS,,AT,0,0,0,0.00,1,0,173.38,,,,,,,
,,,,,BE,0,0,0,0.00,0,0,0.00,,,,,,,
,,,,,BG,5,14,0,216.76,0,0,0.00,,,,,,,
,,,,,CY,1,1,0,95.02,0,0,0.00,,,,,,,
,,,,,CZ,0,0,0,0.00,0,0,0.00,,,,,,,
,,,,,DE,0,0,0,0.00,113,0,76.78,,,,,,,
,,,,,DK,0,0,0,0.00,0,0,0.00,,,,,,,
,,,,,EE,0,0,0,0.00,0,0,0.00,,,,,,,
,,,,,EL,0,0,0,0.00,0,0,0.00,,,,,,,
,,,,,ES,0,0,0,0.00,18,0,87.78,,,,,,,
,,,,,FI,0,0,0,0.00,0,0,0.00,,,,,,,
,,,,,FR,3,3,0,,46,0,70.38,,,,,,,
,,,,,HR,0,0,0,0.00,0,0,0.00,,,,,,,
,,,,,HU,0,0,0,0.00,7,0,66.32,,,,,,,
,,,,,IE,0,0,0,0.00,1,0,139.12,,,,,,,
,,,,,IT,1,1,0,,24,0,92.61,,,,,,,
,,,,,LT,0,0,0,0.00,0,0,0.00,,,,,,,
,,,,,LU,0,0,0,0.00,0,0,0.00,,,,,,,
,,,,,LV,0,0,0,0.00,0,0,0.00,,,,,,,
,,,,,MT,0,0,0,0.00,1,0,94.94,,,,,,,
,,,,,NL,0,0,0,0.00,0,0,0.00,,,,,,,
,,,,,PL,0,0,0,0.00,8,0,45.89,,,,,,,
,,,,,PT,0,0,0,0.00,4,0,139.61,,,,,,,
,,,,,RO,0,0,0,0.00,7,0,85.77,,,,,,,
,,,,,SE,0,0,0,0.00,0,0,0.00,,,,,,,
,,,,,SI,0,0,0,0.00,1,0,56.94,,,,,,,
,,,,,SK,0,0,0,0.00,0,0,0.00,,,,,,,
All,Instagram,2025-07-01/2025-12-31,KEYWORD_AGE_SPECIFIC_RESTRICTIONS_MINORS,,AT,0,0,0,0.00,0,0,0.00,,,,,,,
,,,,,BE,0,0,0,0.00,0,0,0.00,,,,,,,
,,,,,BG,0,0,0,0.00,0,0,0.00,,,,,,,
,,,,,CY,0,0,0,0.00,0,0,0.00,,,,,,,
,,,,,CZ,0,0,0,0.00,0,0,0.00,,,,,,,
,,,,,DE,0,0,0,0.00,0,0,0.00,,,,,,,
,,,,,DK,0,0,0,0.00,0,0,0.00,,,,,,,
,,,,,EE,0,0,0,0.00,0,0,0.00,,,,,,,
,,,,,EL,0,0,0,0.00,0,0,0.00,,,,,,,
,,,,,ES,0,0,0,0.00,0,0,0.00,,,,,,,
,,,,,FI,0,0,0,0.00,0,0,0.00,,,,,,,
,,,,,FR,0,0,0,0.00,0,0,0.00,,,,,,,
,,,,,HR,0,0,0,0.00,0,0,0.00,,,,,,,
,,,,,HU,0,0,0,0.00,0,0,0.00,,,,,,,
,,,,,IE,0,0,0,0.00,0,0,0.00,,,,,,,
,,,,,IT,0,0,0,0.00,0,0,0.00,,,,,,,
,,,,,LT,0,0,0,0.00,0,0,0.00,,,,,,,
,,,,,LU,0,0,0,0.00,0,0,0.00,,,,,,,
,,,,,LV,0,0,0,0.00,0,0,0.00,,,,,,,
,,,,,MT,0,0,0,0.00,0,0,0.00,,,,,,,
,,,,,NL,0,0,0,0.00,0,0,0.00,,,,,,,
,,,,,PL,0,0,0,0.00,0,0,0.00,,,,,,,
,,,,,PT,0,0,0,0.00,0,0,0.00,,,,,,,
,,,,,RO,0,0,0,0.00,0,0,0.00,,,,,,,
,,,,,SE,0,0,0,0.00,0,0,0.00,,,,,,,
,,,,,SI,0,0,0,0.00,0,0,0.00,,,,,,,
,,,,,SK,0,0,0,0.00,0,0,0.00,,,,,,,
All,Instagram,2025-07-01/2025-12-31,KEYWORD_CHILD_SEXUAL_ABUSE_MATERIAL,,AT,0,0,0,0.00,1,0,173.38,,,,,,,
,,,,,BE,0,0,0,0.00,0,0,0.00,,,,,,,
,,,,,BG,5,14,0,216.76,0,0,0.00,,,,,,,
,,,,,CY,1,1,0,95.02,0,0,0.00,,,,,,,
,,,,,CZ,0,0,0,0.00,0,0,0.00,,,,,,,
,,,,,DE,0,0,0,0.00,113,0,76.78,,,,,,,
,,,,,DK,0,0,0,0.00,0,0,0.00,,,,,,,
,,,,,EE,0,0,0,0.00,0,0,0.00,,,,,,,
,,,,,EL,0,0,0,0.00,0,0,0.00,,,,,,,
,,,,,ES,0,0,0,0.00,18,0,87.78,,,,,,,
,,,,,FI,0,0,0,0.00,0,0,0.00,,,,,,,
,,,,,FR,3,3,0,,46,0,70.38,,,,,,,
,,,,,HR,0,0,0,0.00,0,0,0.00,,,,,,,
,,,,,HU,0,0,0,0.00,7,0,66.32,,,,,,,
,,,,,IE,0,0,0,0.00,1,0,139.12,,,,,,,
,,,,,IT,1,1,0,,24,0,92.61,,,,,,,
,,,,,LT,0,0,0,0.00,0,0,0.00,,,,,,,
,,,,,LU,0,0,0,0.00,0,0,0.00,,,,,,,
,,,,,LV,0,0,0,0.00,0,0,0.00,,,,,,,
,,,,,MT,0,0,0,0.00,1,0,94.94,,,,,,,
,,,,,NL,0,0,0,0.00,0,0,0.00,,,,,,,
,,,,,PL,0,0,0,0.00,8,0,45.89,,,,,,,
,,,,,PT,0,0,0,0.00,4,0,139.61,,,,,,,
,,,,,RO,0,0,0,0.00,7,0,85.77,,,,,,,
,,,,,SE,0,0,0,0.00,0,0,0.00,,,,,,,
,,,,,SI,0,0,0,0.00,1,0,56.94,,,,,,,
,,,,,SK,0,0,0,0.00,0,0,0.00,,,,,,,
All,Instagram,2025-07-01/2025-12-31,KEYWORD_GROOMING_SEXUAL_ENTICEMENT_MINORS,,AT,0,0,0,0.00,0,0,0.00,,,,,,,
,,,,,BE,0,0,0,0.00,0,0,0.00,,,,,,,
,,,,,BG,0,0,0,0.00,0,0,0.00,,,,,,,
,,,,,CY,0,0,0,0.00,0,0,0.00,,,,,,,
,,,,,CZ,0,0,0,0.00,0,0,0.00,,,,,,,
,,,,,DE,0,0,0,0.00,0,0,0.00,,,,,,,
,,,,,DK,0,0,0,0.00,0,0,0.00,,,,,,,
,,,,,EE,0,0,0,0.00,0,0,0.00,,,,,,,
,,,,,EL,0,0,0,0.00,0,0,0.00,,,,,,,
,,,,,ES,0,0,0,0.00,0,0,0.00,,,,,,,
,,,,,FI,0,0,0,0.00,0,0,0.00,,,,,,,
,,,,,FR,0,0,0,0.00,0,0,0.00,,,,,,,
,,,,,HR,0,0,0,0.00,0,0,0.00,,,,,,,
,,,,,HU,0,0,0,0.00,0,0,0.00,,,,,,,
,,,,,IE,0,0,0,0.00,0,0,0.00,,,,,,,
,,,,,IT,0,0,0,0.00,0,0,0.00,,,,,,,
,,,,,LT,0,0,0,0.00,0,0,0.00,,,,,,,
,,,,,LU,0,0,0,0.00,0,0,0.00,,,,,,,
,,,,,LV,0,0,0,0.00,0,0,0.00,,,,,,,
,,,,,MT,0,0,0,0.00,0,0,0.00,,,,,,,
,,,,,NL,0,0,0,0.00,0,0,0.00,,,,,,,
,,,,,PL,0,0,0,0.00,0,0,0.00,,,,,,,
,,,,,PT,0,0,0,0.00,0,0,0.00,,,,,,,
,,,,,RO,0,0,0,0.00,0,0,0.00,,,,,,,
,,,,,SE,0,0,0,0.00,0,0,0.00,,,,,,,
,,,,,SI,0,0,0,0.00,0,0,0.00,,,,,,,
,,,,,SK,0,0,0,0.00,0,0,0.00,,,,,,,
All,Instagram,2025-07-01/2025-12-31,KEYWORD_UNSAFE_CHALLENGES,,AT,0,0,0,0.00,0,0,0.00,,,,,,,
,,,,,BE,0,0,0,0.00,0,0,0.00,,,,,,,
,,,,,BG,0,0,0,0.00,0,0,0.00,,,,,,,
,,,,,CY,0,0,0,0.00,0,0,0.00,,,,,,,
,,,,,CZ,0,0,0,0.00,0,0,0.00,,,,,,,
,,,,,DE,0,0,0,0.00,0,0,0.00,,,,,,,
,,,,,DK,0,0,0,0.00,0,0,0.00,,,,,,,
,,,,,EE,0,0,0,0.00,0,0,0.00,,,,,,,
,,,,,EL,0,0,0,0.00,0,0,0.00,,,,,,,
,,,,,ES,0,0,0,0.00,0,0,0.00,,,,,,,
,,,,,FI,0,0,0,0.00,0,0,0.00,,,,,,,
,,,,,FR,0,0,0,0.00,0,0,0.00,,,,,,,
,,,,,HR,0,0,0,0.00,0,0,0.00,,,,,,,
,,,,,HU,0,0,0,0.00,0,0,0.00,,,,,,,
,,,,,IE,0,0,0,0.00,0,0,0.00,,,,,,,
,,,,,IT,0,0,0,0.00,0,0,0.00,,,,,,,
,,,,,LT,0,0,0,0.00,0,0,0.00,,,,,,,
,,,,,LU,0,0,0,0.00,0,0,0.00,,,,,,,
,,,,,LV,0,0,0,0.00,0,0,0.00,,,,,,,
,,,,,MT,0,0,0,0.00,0,0,0.00,,,,,,,
,,,,,NL,0,0,0,0.00,0,0,0.00,,,,,,,
,,,,,PL,0,0,0,0.00,0,0,0.00,,,,,,,
,,,,,PT,0,0,0,0.00,0,0,0.00,,,,,,,
,,,,,RO,0,0,0,0.00,0,0,0.00,,,,,,,
,,,,,SE,0,0,0,0.00,0,0,0.00,,,,,,,
,,,,,SI,0,0,0,0.00,0,0,0.00,,,,,,,
,,,,,SK,0,0,0,0.00,0,0,0.00,,,,,,,
All,Instagram,2025-07-01/2025-12-31,STATEMENT_CATEGORY_RISK_FOR_PUBLIC_SECURITY,,AT,0,0,0,0.00,0,0,0.00,,,,,,,
,,,,,BE,1,2,0,,0,0,0.00,,,,,,,
,,,,,BG,0,0,0,0.00,0,0,0.00,,,,,,,
,,,,,CY,0,0,0,0.00,0,0,0.00,,,,,,,
,,,,,CZ,0,0,0,0.00,0,0,0.00,,,,,,,
,,,,,DE,112,443,0,160.76,130,0,118.57,,,,,,,
,,,,,DK,0,0,0,0.00,0,0,0.00,,,,,,,
,,,,,EE,1,1,0,23.51,0,0,0.00,,,,,,,
,,,,,EL,0,0,0,0.00,0,0,0.00,,,,,,,
,,,,,ES,0,0,0,0.00,10,0,173.45,,,,,,,
,,,,,FI,0,0,0,0.00,0,0,0.00,,,,,,,
,,,,,FR,4,3,0,,23,0,143.63,,,,,,,
,,,,,HR,0,0,0,0.00,0,0,0.00,,,,,,,
,,,,,HU,0,0,0,0.00,8,0,164.03,,,,,,,
,,,,,IE,0,0,0,0.00,2,0,92.32,,,,,,,
,,,,,IT,0,0,0,0.00,13,0,126.90,,,,,,,
,,,,,LT,0,0,0,0.00,0,0,0.00,,,,,,,
,,,,,LU,0,0,0,0.00,0,0,0.00,,,,,,,
,,,,,LV,0,0,0,0.00,0,0,0.00,,,,,,,
,,,,,MT,0,0,0,0.00,0,0,0.00,,,,,,,
,,,,,NL,0,0,0,0.00,0,0,0.00,,,,,,,
,,,,,PL,0,0,0,0.00,6,0,166.16,,,,,,,
,,,,,PT,0,0,0,0.00,0,0,0.00,,,,,,,
,,,,,RO,0,0,0,0.00,0,0,0.00,,,,,,,
,,,,,SE,6,16,0,98.72,0,0,0.00,,,,,,,
,,,,,SI,0,0,0,0.00,1,0,44.73,,,,,,,
,,,,,SK,0,0,0,0.00,0,0,0.00,,,,,,,
All,Instagram,2025-07-01/2025-12-31,KEYWORD_ILLEGAL_ORGANIZATIONS,,AT,0,0,0,0.00,0,0,0.00,,,,,,,
,,,,,BE,0,0,0,0.00,0,0,0.00,,,,,,,
,,,,,BG,0,0,0,0.00,0,0,0.00,,,,,,,
,,,,,CY,0,0,0,0.00,0,0,0.00,,,,,,,
,,,,,CZ,0,0,0,0.00,0,0,0.00,,,,,,,
,,,,,DE,0,0,0,0.00,0,0,0.00,,,,,,,
,,,,,DK,0,0,0,0.00,0,0,0.00,,,,,,,
,,,,,EE,0,0,0,0.00,0,0,0.00,,,,,,,
,,,,,EL,0,0,0,0.00,0,0,0.00,,,,,,,
,,,,,ES,0,0,0,0.00,0,0,0.00,,,,,,,
,,,,,FI,0,0,0,0.00,0,0,0.00,,,,,,,
,,,,,FR,0,0,0,0.00,0,0,0.00,,,,,,,
,,,,,HR,0,0,0,0.00,0,0,0.00,,,,,,,
,,,,,HU,0,0,0,0.00,0,0,0.00,,,,,,,
,,,,,IE,0,0,0,0.00,0,0,0.00,,,,,,,
,,,,,IT,0,0,0,0.00,0,0,0.00,,,,,,,
,,,,,LT,0,0,0,0.00,0,0,0.00,,,,,,,
,,,,,LU,0,0,0,0.00,0,0,0.00,,,,,,,
,,,,,LV,0,0,0,0.00,0,0,0.00,,,,,,,
,,,,,MT,0,0,0,0.00,0,0,0.00,,,,,,,
,,,,,NL,0,0,0,0.00,0,0,0.00,,,,,,,
,,,,,PL,0,0,0,0.00,0,0,0.00,,,,,,,
,,,,,PT,0,0,0,0.00,0,0,0.00,,,,,,,
,,,,,RO,0,0,0,0.00,0,0,0.00,,,,,,,
,,,,,SE,0,0,0,0.00,0,0,0.00,,,,,,,
,,,,,SI,0,0,0,0.00,0,0,0.00,,,,,,,
,,,,,SK,0,0,0,0.00,0,0,0.00,,,,,,,
All,Instagram,2025-07-01/2025-12-31,KEYWORD_RISK_ENVIRONMENTAL_DAMAGE,,AT,0,0,0,0.00,0,0,0.00,,,,,,,
,,,,,BE,0,0,0,0.00,0,0,0.00,,,,,,,
,,,,,BG,0,0,0,0.00,0,0,0.00,,,,,,,
,,,,,CY,0,0,0,0.00,0,0,0.00,,,,,,,
,,,,,CZ,0,0,0,0.00,0,0,0.00,,,,,,,
,,,,,DE,0,0,0,0.00,0,0,0.00,,,,,,,
,,,,,DK,0,0,0,0.00,0,0,0.00,,,,,,,
,,,,,EE,0,0,0,0.00,0,0,0.00,,,,,,,
,,,,,EL,0,0,0,0.00,0,0,0.00,,,,,,,
,,,,,ES,0,0,0,0.00,0,0,0.00,,,,,,,
,,,,,FI,0,0,0,0.00,0,0,0.00,,,,,,,
,,,,,FR,0,0,0,0.00,0,0,0.00,,,,,,,
,,,,,HR,0,0,0,0.00,0,0,0.00,,,,,,,
,,,,,HU,0,0,0,0.00,0,0,0.00,,,,,,,
,,,,,IE,0,0,0,0.00,0,0,0.00,,,,,,,
,,,,,IT,0,0,0,0.00,0,0,0.00,,,,,,,
,,,,,LT,0,0,0,0.00,0,0,0.00,,,,,,,
,,,,,LU,0,0,0,0.00,0,0,0.00,,,,,,,
,,,,,LV,0,0,0,0.00,0,0,0.00,,,,,,,
,,,,,MT,0,0,0,0.00,0,0,0.00,,,,,,,
,,,,,NL,0,0,0,0.00,0,0,0.00,,,,,,,
,,,,,PL,0,0,0,0.00,0,0,0.00,,,,,,,
,,,,,PT,0,0,0,0.00,0,0,0.00,,,,,,,
,,,,,RO,0,0,0,0.00,0,0,0.00,,,,,,,
,,,,,SE,0,0,0,0.00,0,0,0.00,,,,,,,
,,,,,SI,0,0,0,0.00,0,0,0.00,,,,,,,
,,,,,SK,0,0,0,0.00,0,0,0.00,,,,,,,
All,Instagram,2025-07-01/2025-12-31,KEYWORD_RISK_PUBLIC_HEALTH,,AT,0,0,0,0.00,0,0,0.00,,,,,,,
,,,,,BE,0,0,0,0.00,0,0,0.00,,,,,,,
,,,,,BG,0,0,0,0.00,0,0,0.00,,,,,,,
,,,,,CY,0,0,0,0.00,0,0,0.00,,,,,,,
,,,,,CZ,0,0,0,0.00,0,0,0.00,,,,,,,
,,,,,DE,0,0,0,0.00,0,0,0.00,,,,,,,
,,,,,DK,0,0,0,0.00,0,0,0.00,,,,,,,
,,,,,EE,0,0,0,0.00,0,0,0.00,,,,,,,
,,,,,EL,0,0,0,0.00,0,0,0.00,,,,,,,
,,,,,ES,0,0,0,0.00,0,0,0.00,,,,,,,
,,,,,FI,0,0,0,0.00,0,0,0.00,,,,,,,
,,,,,FR,0,0,0,0.00,0,0,0.00,,,,,,,
,,,,,HR,0,0,0,0.00,0,0,0.00,,,,,,,
,,,,,HU,0,0,0,0.00,0,0,0.00,,,,,,,
,,,,,IE,0,0,0,0.00,0,0,0.00,,,,,,,
,,,,,IT,0,0,0,0.00,0,0,0.00,,,,,,,
,,,,,LT,0,0,0,0.00,0,0,0.00,,,,,,,
,,,,,LU,0,0,0,0.00,0,0,0.00,,,,,,,
,,,,,LV,0,0,0,0.00,0,0,0.00,,,,,,,
,,,,,MT,0,0,0,0.00,0,0,0.00,,,,,,,
,,,,,NL,0,0,0,0.00,0,0,0.00,,,,,,,
,,,,,PL,0,0,0,0.00,0,0,0.00,,,,,,,
,,,,,PT,0,0,0,0.00,0,0,0.00,,,,,,,
,,,,,RO,0,0,0,0.00,0,0,0.00,,,,,,,
,,,,,SE,0,0,0,0.00,0,0,0.00,,,,,,,
,,,,,SI,0,0,0,0.00,0,0,0.00,,,,,,,
,,,,,SK,0,0,0,0.00,0,0,0.00,,,,,,,
All,Instagram,2025-07-01/2025-12-31,KEYWORD_TERRORIST_CONTENT,,AT,0,0,0,0.00,0,0,0.00,,,,,,,
,,,,,BE,1,2,0,,0,0,0.00,,,,,,,
,,,,,BG,0,0,0,0.00,0,0,0.00,,,,,,,
,,,,,CY,0,0,0,0.00,0,0,0.00,,,,,,,
,,,,,CZ,0,0,0,0.00,0,0,0.00,,,,,,,
,,,,,DE,112,443,0,160.76,43,0,132.57,,,,,,,
,,,,,DK,0,0,0,0.00,0,0,0.00,,,,,,,
,,,,,EE,1,1,0,23.51,0,0,0.00,,,,,,,
,,,,,EL,0,0,0,0.00,0,0,0.00,,,,,,,
,,,,,ES,0,0,0,0.00,1,0,819.40,,,,,,,
,,,,,FI,0,0,0,0.00,0,0,0.00,,,,,,,
,,,,,FR,4,3,0,,6,0,555.11,,,,,,,
,,,,,HR,0,0,0,0.00,0,0,0.00,,,,,,,
,,,,,HU,0,0,0,0.00,0,0,0.00,,,,,,,
,,,,,IE,0,0,0,0.00,0,0,0.00,,,,,,,
,,,,,IT,0,0,0,0.00,3,0,126.90,,,,,,,
,,,,,LT,0,0,0,0.00,0,0,0.00,,,,,,,
,,,,,LU,0,0,0,0.00,0,0,0.00,,,,,,,
,,,,,LV,0,0,0,0.00,0,0,0.00,,,,,,,
,,,,,MT,0,0,0,0.00,0,0,0.00,,,,,,,
,,,,,NL,0,0,0,0.00,0,0,0.00,,,,,,,
,,,,,PL,0,0,0,0.00,0,0,0.00,,,,,,,
,,,,,PT,0,0,0,0.00,0,0,0.00,,,,,,,
,,,,,RO,0,0,0,0.00,0,0,0.00,,,,,,,
,,,,,SE,6,16,0,98.72,0,0,0.00,,,,,,,
,,,,,SI,0,0,0,0.00,0,0,0.00,,,,,,,
,,,,,SK,0,0,0,0.00,0,0,0.00,,,,,,,
All,Instagram,2025-07-01/2025-12-31,KEYWORD_OTHER_FUGITIVE,Added category to record Article 10 member state order submissions to provide information alleging a fugitive as the reason for the request.,AT,0,0,0,0.00,0,0,0.00,,,,,,,
,,,,,BE,0,0,0,0.00,0,0,0.00,,,,,,,
,,,,,BG,0,0,0,0.00,0,0,0.00,,,,,,,
,,,,,CY,0,0,0,0.00,0,0,0.00,,,,,,,
,,,,,CZ,0,0,0,0.00,0,0,0.00,,,,,,,
,,,,,DE,0,0,0,0.00,12,0,44.71,,,,,,,
,,,,,DK,0,0,0,0.00,0,0,0.00,,,,,,,
,,,,,EE,0,0,0,0.00,0,0,0.00,,,,,,,
,,,,,EL,0,0,0,0.00,0,0,0.00,,,,,,,
,,,,,ES,0,0,0,0.00,1,0,173.45,,,,,,,
,,,,,FI,0,0,0,0.00,0,0,0.00,,,,,,,
,,,,,FR,0,0,0,0.00,0,0,0.00,,,,,,,
,,,,,HR,0,0,0,0.00,0,0,0.00,,,,,,,
,,,,,HU,0,0,0,0.00,8,0,164.03,,,,,,,
,,,,,IE,0,0,0,0.00,0,0,0.00,,,,,,,
,,,,,IT,0,0,0,0.00,1,0,122.61,,,,,,,
,,,,,LT,0,0,0,0.00,0,0,0.00,,,,,,,
,,,,,LU,0,0,0,0.00,0,0,0.00,,,,,,,
,,,,,LV,0,0,0,0.00,0,0,0.00,,,,,,,
,,,,,MT,0,0,0,0.00,0,0,0.00,,,,,,,
,,,,,NL,0,0,0,0.00,0,0,0.00,,,,,,,
,,,,,PL,0,0,0,0.00,6,0,166.16,,,,,,,
,,,,,PT,0,0,0,0.00,0,0,0.00,,,,,,,
,,,,,RO,0,0,0,0.00,0,0,0.00,,,,,,,
,,,,,SE,0,0,0,0.00,0,0,0.00,,,,,,,
,,,,,SI,0,0,0,0.00,0,0,0.00,,,,,,,
,,,,,SK,0,0,0,0.00,0,0,0.00,,,,,,,
All,Instagram,2025-07-01/2025-12-31,KEYWORD_OTHER_TRESPASS_PROPERTY_AND_ENVIRONMENTAL_DAMAGE,Added category to record Article 10 member state order submissions to provide information alleging and property or environmental damage as the reason for the request.,AT,0,0,0,0.00,0,0,0.00,,,,,,,
,,,,,BE,0,0,0,0.00,0,0,0.00,,,,,,,
,,,,,BG,0,0,0,0.00,0,0,0.00,,,,,,,
,,,,,CY,0,0,0,0.00,0,0,0.00,,,,,,,
,,,,,CZ,0,0,0,0.00,0,0,0.00,,,,,,,
,,,,,DE,0,0,0,0.00,75,0,118.57,,,,,,,
,,,,,DK,0,0,0,0.00,0,0,0.00,,,,,,,
,,,,,EE,0,0,0,0.00,0,0,0.00,,,,,,,
,,,,,EL,0,0,0,0.00,0,0,0.00,,,,,,,
,,,,,ES,0,0,0,0.00,8,0,98.42,,,,,,,
,,,,,FI,0,0,0,0.00,0,0,0.00,,,,,,,
,,,,,FR,0,0,0,0.00,17,0,143.63,,,,,,,
,,,,,HR,0,0,0,0.00,0,0,0.00,,,,,,,
,,,,,HU,0,0,0,0.00,0,0,0.00,,,,,,,
,,,,,IE,0,0,0,0.00,2,0,92.32,,,,,,,
,,,,,IT,0,0,0,0.00,9,0,142.15,,,,,,,
,,,,,LT,0,0,0,0.00,0,0,0.00,,,,,,,
,,,,,LU,0,0,0,0.00,0,0,0.00,,,,,,,
,,,,,LV,0,0,0,0.00,0,0,0.00,,,,,,,
,,,,,MT,0,0,0,0.00,0,0,0.00,,,,,,,
,,,,,NL,0,0,0,0.00,0,0,0.00,,,,,,,
,,,,,PL,0,0,0,0.00,0,0,0.00,,,,,,,
,,,,,PT,0,0,0,0.00,0,0,0.00,,,,,,,
,,,,,RO,0,0,0,0.00,0,0,0.00,,,,,,,
,,,,,SE,0,0,0,0.00,0,0,0.00,,,,,,,
,,,,,SI,0,0,0,0.00,1,0,44.73,,,,,,,
,,,,,SK,0,0,0,0.00,0,0,0.00,,,,,,,
All,Instagram,2025-07-01/2025-12-31,KEYWORD_OTHER_PUBLIC_SECURITY,This row was added for use in other parts of our report. We have included it here for consistency across the report.,AT,0,0,0,0.00,0,0,0.00,,,,,,,
,,,,,BE,0,0,0,0.00,0,0,0.00,,,,,,,
,,,,,BG,0,0,0,0.00,0,0,0.00,,,,,,,
,,,,,CY,0,0,0,0.00,0,0,0.00,,,,,,,
,,,,,CZ,0,0,0,0.00,0,0,0.00,,,,,,,
,,,,,DE,0,0,0,0.00,0,0,0.00,,,,,,,
,,,,,DK,0,0,0,0.00,0,0,0.00,,,,,,,
,,,,,EE,0,0,0,0.00,0,0,0.00,,,,,,,
,,,,,EL,0,0,0,0.00,0,0,0.00,,,,,,,
,,,,,ES,0,0,0,0.00,0,0,0.00,,,,,,,
,,,,,FI,0,0,0,0.00,0,0,0.00,,,,,,,
,,,,,FR,0,0,0,0.00,0,0,0.00,,,,,,,
,,,,,HR,0,0,0,0.00,0,0,0.00,,,,,,,
,,,,,HU,0,0,0,0.00,0,0,0.00,,,,,,,
,,,,,IE,0,0,0,0.00,0,0,0.00,,,,,,,
,,,,,IT,0,0,0,0.00,0,0,0.00,,,,,,,
,,,,,LT,0,0,0,0.00,0,0,0.00,,,,,,,
,,,,,LU,0,0,0,0.00,0,0,0.00,,,,,,,
,,,,,LV,0,0,0,0.00,0,0,0.00,,,,,,,
,,,,,MT,0,0,0,0.00,0,0,0.00,,,,,,,
,,,,,NL,0,0,0,0.00,0,0,0.00,,,,,,,
,,,,,PL,0,0,0,0.00,0,0,0.00,,,,,,,
,,,,,PT,0,0,0,0.00,0,0,0.00,,,,,,,
,,,,,RO,0,0,0,0.00,0,0,0.00,,,,,,,
,,,,,SE,0,0,0,0.00,0,0,0.00,,,,,,,
,,,,,SI,0,0,0,0.00,0,0,0.00,,,,,,,
,,,,,SK,0,0,0,0.00,0,0,0.00,,,,,,,
All,Instagram,2025-07-01/2025-12-31,STATEMENT_CATEGORY_SCAMS_AND_FRAUD,,AT,0,0,0,0.00,2,0,30.29,,,,,,,
,,,,,BE,0,0,0,0.00,0,0,0.00,,,,,,,
,,,,,BG,19,11,0,88.65,0,0,0.00,,,,,,,
,,,,,CY,16,14,0,69.17,0,0,0.00,,,,,,,
,,,,,CZ,0,0,0,0.00,0,0,0.00,,,,,,,
,,,,,DE,2,2,0,103.29,126,0,90.44,,,,,,,
,,,,,DK,6,6,0,28.51,0,0,0.00,,,,,,,
,,,,,EE,0,0,0,0.00,1,0,,,,,,,,
,,,,,EL,0,0,0,0.00,0,0,0.00,,,,,,,
,,,,,ES,5,5,0,167.10,11,0,80.29,,,,,,,
,,,,,FI,0,0,0,0.00,0,0,0.00,,,,,,,
,,,,,FR,4,2,0,95.25,37,0,123.33,,,,,,,
,,,,,HR,0,0,0,0.00,0,0,0.00,,,,,,,
,,,,,HU,0,0,0,0.00,4,0,174.22,,,,,,,
,,,,,IE,4,3,0,194.09,1,0,,,,,,,,
,,,,,IT,142,107,0,53.12,21,0,150.11,,,,,,,
,,,,,LT,4,5,0,83.92,0,0,0.00,,,,,,,
,,,,,LU,0,0,0,0.00,0,0,0.00,,,,,,,
,,,,,LV,0,0,0,0.00,0,0,0.00,,,,,,,
,,,,,MT,0,0,0,0.00,0,0,0.00,,,,,,,
,,,,,NL,4,1,0,,0,0,0.00,,,,,,,
,,,,,PL,0,0,0,0.00,40,0,93.06,,,,,,,
,,,,,PT,0,0,0,0.00,6,0,126.95,,,,,,,
,,,,,RO,0,0,0,0.00,5,0,168.47,,,,,,,
,,,,,SE,0,0,0,0.00,0,0,0.00,,,,,,,
,,,,,SI,0,0,0,0.00,0,0,0.00,,,,,,,
,,,,,SK,0,0,0,0.00,0,0,0.00,,,,,,,
All,Instagram,2025-07-01/2025-12-31,KEYWORD_IMPERSONATION_ACCOUNT_HIJACKING,,AT,0,0,0,0.00,1,0,30.29,,,,,,,
,,,,,BE,0,0,0,0.00,0,0,0.00,,,,,,,
,,,,,BG,11,5,0,,0,0,0.00,,,,,,,
,,,,,CY,6,5,0,,0,0,0.00,,,,,,,
,,,,,CZ,0,0,0,0.00,0,0,0.00,,,,,,,
,,,,,DE,0,0,0,0.00,34,0,126.31,,,,,,,
,,,,,DK,0,0,0,0.00,0,0,0.00,,,,,,,
,,,,,EE,0,0,0,0.00,1,0,,,,,,,,
,,,,,EL,0,0,0,0.00,0,0,0.00,,,,,,,
,,,,,ES,1,1,0,,8,0,80.29,,,,,,,
,,,,,FI,0,0,0,0.00,0,0,0.00,,,,,,,
,,,,,FR,0,0,0,0.00,20,0,116.39,,,,,,,
,,,,,HR,0,0,0,0.00,0,0,0.00,,,,,,,
,,,,,HU,0,0,0,0.00,2,0,174.22,,,,,,,
,,,,,IE,2,1,0,,0,0,0.00,,,,,,,
,,,,,IT,77,46,0,111.20,17,0,121.64,,,,,,,
,,,,,LT,0,0,0,0.00,0,0,0.00,,,,,,,
,,,,,LU,0,0,0,0.00,0,0,0.00,,,,,,,
,,,,,LV,0,0,0,0.00,0,0,0.00,,,,,,,
,,,,,MT,0,0,0,0.00,0,0,0.00,,,,,,,
,,,,,NL,4,1,0,,0,0,0.00,,,,,,,
,,,,,PL,0,0,0,0.00,13,0,150.70,,,,,,,
,,,,,PT,0,0,0,0.00,2,0,44.17,,,,,,,
,,,,,RO,0,0,0,0.00,2,0,168.47,,,,,,,
,,,,,SE,0,0,0,0.00,0,0,0.00,,,,,,,
,,,,,SI,0,0,0,0.00,0,0,0.00,,,,,,,
,,,,,SK,0,0,0,0.00,0,0,0.00,,,,,,,
All,Instagram,2025-07-01/2025-12-31,KEYWORD_INAUTHENTIC_ACCOUNTS,,AT,0,0,0,0.00,0,0,0.00,,,,,,,
,,,,,BE,0,0,0,0.00,0,0,0.00,,,,,,,
,,,,,BG,7,5,0,88.65,0,0,0.00,,,,,,,
,,,,,CY,7,6,0,11.87,0,0,0.00,,,,,,,
,,,,,CZ,0,0,0,0.00,0,0,0.00,,,,,,,
,,,,,DE,0,0,0,0.00,0,0,0.00,,,,,,,
,,,,,DK,6,6,0,28.51,0,0,0.00,,,,,,,
,,,,,EE,0,0,0,0.00,0,0,0.00,,,,,,,
,,,,,EL,0,0,0,0.00,0,0,0.00,,,,,,,
,,,,,ES,4,4,0,167.10,0,0,0.00,,,,,,,
,,,,,FI,0,0,0,0.00,0,0,0.00,,,,,,,
,,,,,FR,4,2,0,95.25,0,0,0.00,,,,,,,
,,,,,HR,0,0,0,0.00,0,0,0.00,,,,,,,
,,,,,HU,0,0,0,0.00,0,0,0.00,,,,,,,
,,,,,IE,1,1,0,41.04,0,0,0.00,,,,,,,
,,,,,IT,42,36,0,22.75,0,0,0.00,,,,,,,
,,,,,LT,1,3,0,83.92,0,0,0.00,,,,,,,
,,,,,LU,0,0,0,0.00,0,0,0.00,,,,,,,
,,,,,LV,0,0,0,0.00,0,0,0.00,,,,,,,
,,,,,MT,0,0,0,0.00,0,0,0.00,,,,,,,
,,,,,NL,0,0,0,0.00,0,0,0.00,,,,,,,
,,,,,PL,0,0,0,0.00,0,0,0.00,,,,,,,
,,,,,PT,0,0,0,0.00,0,0,0.00,,,,,,,
,,,,,RO,0,0,0,0.00,0,0,0.00,,,,,,,
,,,,,SE,0,0,0,0.00,0,0,0.00,,,,,,,
,,,,,SI,0,0,0,0.00,0,0,0.00,,,,,,,
,,,,,SK,0,0,0,0.00,0,0,0.00,,,,,,,
All,Instagram,2025-07-01/2025-12-31,KEYWORD_INAUTHENTIC_LISTINGS,,AT,0,0,0,0.00,0,0,0.00,,,,,,,
,,,,,BE,0,0,0,0.00,0,0,0.00,,,,,,,
,,,,,BG,0,0,0,0.00,0,0,0.00,,,,,,,
,,,,,CY,0,0,0,0.00,0,0,0.00,,,,,,,
,,,,,CZ,0,0,0,0.00,0,0,0.00,,,,,,,
,,,,,DE,0,0,0,0.00,0,0,0.00,,,,,,,
,,,,,DK,0,0,0,0.00,0,0,0.00,,,,,,,
,,,,,EE,0,0,0,0.00,0,0,0.00,,,,,,,
,,,,,EL,0,0,0,0.00,0,0,0.00,,,,,,,
,,,,,ES,0,0,0,0.00,0,0,0.00,,,,,,,
,,,,,FI,0,0,0,0.00,0,0,0.00,,,,,,,
,,,,,FR,0,0,0,0.00,0,0,0.00,,,,,,,
,,,,,HR,0,0,0,0.00,0,0,0.00,,,,,,,
,,,,,HU,0,0,0,0.00,0,0,0.00,,,,,,,
,,,,,IE,0,0,0,0.00,0,0,0.00,,,,,,,
,,,,,IT,0,0,0,0.00,0,0,0.00,,,,,,,
,,,,,LT,0,0,0,0.00,0,0,0.00,,,,,,,
,,,,,LU,0,0,0,0.00,0,0,0.00,,,,,,,
,,,,,LV,0,0,0,0.00,0,0,0.00,,,,,,,
,,,,,MT,0,0,0,0.00,0,0,0.00,,,,,,,
,,,,,NL,0,0,0,0.00,0,0,0.00,,,,,,,
,,,,,PL,0,0,0,0.00,0,0,0.00,,,,,,,
,,,,,PT,0,0,0,0.00,0,0,0.00,,,,,,,
,,,,,RO,0,0,0,0.00,0,0,0.00,,,,,,,
,,,,,SE,0,0,0,0.00,0,0,0.00,,,,,,,
,,,,,SI,0,0,0,0.00,0,0,0.00,,,,,,,
,,,,,SK,0,0,0,0.00,0,0,0.00,,,,,,,
All,Instagram,2025-07-01/2025-12-31,KEYWORD_INAUTHENTIC_USER_REVIEWS,,AT,0,0,0,0.00,0,0,0.00,,,,,,,
,,,,,BE,0,0,0,0.00,0,0,0.00,,,,,,,
,,,,,BG,0,0,0,0.00,0,0,0.00,,,,,,,
,,,,,CY,0,0,0,0.00,0,0,0.00,,,,,,,
,,,,,CZ,0,0,0,0.00,0,0,0.00,,,,,,,
,,,,,DE,0,0,0,0.00,0,0,0.00,,,,,,,
,,,,,DK,0,0,0,0.00,0,0,0.00,,,,,,,
,,,,,EE,0,0,0,0.00,0,0,0.00,,,,,,,
,,,,,EL,0,0,0,0.00,0,0,0.00,,,,,,,
,,,,,ES,0,0,0,0.00,0,0,0.00,,,,,,,
,,,,,FI,0,0,0,0.00,0,0,0.00,,,,,,,
,,,,,FR,0,0,0,0.00,0,0,0.00,,,,,,,
,,,,,HR,0,0,0,0.00,0,0,0.00,,,,,,,
,,,,,HU,0,0,0,0.00,0,0,0.00,,,,,,,
,,,,,IE,0,0,0,0.00,0,0,0.00,,,,,,,
,,,,,IT,0,0,0,0.00,0,0,0.00,,,,,,,
,,,,,LT,0,0,0,0.00,0,0,0.00,,,,,,,
,,,,,LU,0,0,0,0.00,0,0,0.00,,,,,,,
,,,,,LV,0,0,0,0.00,0,0,0.00,,,,,,,
,,,,,MT,0,0,0,0.00,0,0,0.00,,,,,,,
,,,,,NL,0,0,0,0.00,0,0,0.00,,,,,,,
,,,,,PL,0,0,0,0.00,0,0,0.00,,,,,,,
,,,,,PT,0,0,0,0.00,0,0,0.00,,,,,,,
,,,,,RO,0,0,0,0.00,0,0,0.00,,,,,,,
,,,,,SE,0,0,0,0.00,0,0,0.00,,,,,,,
,,,,,SI,0,0,0,0.00,0,0,0.00,,,,,,,
,,,,,SK,0,0,0,0.00,0,0,0.00,,,,,,,
All,Instagram,2025-07-01/2025-12-31,KEYWORD_PHISHING,,AT,0,0,0,0.00,0,0,0.00,,,,,,,
,,,,,BE,0,0,0,0.00,0,0,0.00,,,,,,,
,,,,,BG,0,0,0,0.00,0,0,0.00,,,,,,,
,,,,,CY,0,0,0,0.00,0,0,0.00,,,,,,,
,,,,,CZ,0,0,0,0.00,0,0,0.00,,,,,,,
,,,,,DE,0,0,0,0.00,0,0,0.00,,,,,,,
,,,,,DK,0,0,0,0.00,0,0,0.00,,,,,,,
,,,,,EE,0,0,0,0.00,0,0,0.00,,,,,,,
,,,,,EL,0,0,0,0.00,0,0,0.00,,,,,,,
,,,,,ES,0,0,0,0.00,0,0,0.00,,,,,,,
,,,,,FI,0,0,0,0.00,0,0,0.00,,,,,,,
,,,,,FR,0,0,0,0.00,0,0,0.00,,,,,,,
,,,,,HR,0,0,0,0.00,0,0,0.00,,,,,,,
,,,,,HU,0,0,0,0.00,0,0,0.00,,,,,,,
,,,,,IE,0,0,0,0.00,0,0,0.00,,,,,,,
,,,,,IT,0,0,0,0.00,0,0,0.00,,,,,,,
,,,,,LT,0,0,0,0.00,0,0,0.00,,,,,,,
,,,,,LU,0,0,0,0.00,0,0,0.00,,,,,,,
,,,,,LV,0,0,0,0.00,0,0,0.00,,,,,,,
,,,,,MT,0,0,0,0.00,0,0,0.00,,,,,,,
,,,,,NL,0,0,0,0.00,0,0,0.00,,,,,,,
,,,,,PL,0,0,0,0.00,0,0,0.00,,,,,,,
,,,,,PT,0,0,0,0.00,0,0,0.00,,,,,,,
,,,,,RO,0,0,0,0.00,0,0,0.00,,,,,,,
,,,,,SE,0,0,0,0.00,0,0,0.00,,,,,,,
,,,,,SI,0,0,0,0.00,0,0,0.00,,,,,,,
,,,,,SK,0,0,0,0.00,0,0,0.00,,,,,,,
All,Instagram,2025-07-01/2025-12-31,KEYWORD_PYRAMID_SCHEMES,,AT,0,0,0,0.00,0,0,0.00,,,,,,,
,,,,,BE,0,0,0,0.00,0,0,0.00,,,,,,,
,,,,,BG,0,0,0,0.00,0,0,0.00,,,,,,,
,,,,,CY,0,0,0,0.00,0,0,0.00,,,,,,,
,,,,,CZ,0,0,0,0.00,0,0,0.00,,,,,,,
,,,,,DE,0,0,0,0.00,0,0,0.00,,,,,,,
,,,,,DK,0,0,0,0.00,0,0,0.00,,,,,,,
,,,,,EE,0,0,0,0.00,0,0,0.00,,,,,,,
,,,,,EL,0,0,0,0.00,0,0,0.00,,,,,,,
,,,,,ES,0,0,0,0.00,0,0,0.00,,,,,,,
,,,,,FI,0,0,0,0.00,0,0,0.00,,,,,,,
,,,,,FR,0,0,0,0.00,0,0,0.00,,,,,,,
,,,,,HR,0,0,0,0.00,0,0,0.00,,,,,,,
,,,,,HU,0,0,0,0.00,0,0,0.00,,,,,,,
,,,,,IE,0,0,0,0.00,0,0,0.00,,,,,,,
,,,,,IT,0,0,0,0.00,0,0,0.00,,,,,,,
,,,,,LT,0,0,0,0.00,0,0,0.00,,,,,,,
,,,,,LU,0,0,0,0.00,0,0,0.00,,,,,,,
,,,,,LV,0,0,0,0.00,0,0,0.00,,,,,,,
,,,,,MT,0,0,0,0.00,0,0,0.00,,,,,,,
,,,,,NL,0,0,0,0.00,0,0,0.00,,,,,,,
,,,,,PL,0,0,0,0.00,0,0,0.00,,,,,,,
,,,,,PT,0,0,0,0.00,0,0,0.00,,,,,,,
,,,,,RO,0,0,0,0.00,0,0,0.00,,,,,,,
,,,,,SE,0,0,0,0.00,0,0,0.00,,,,,,,
,,,,,SI,0,0,0,0.00,0,0,0.00,,,,,,,
,,,,,SK,0,0,0,0.00,0,0,0.00,,,,,,,
All,Instagram,2025-07-01/2025-12-31,KEYWORD_OTHER_FINANCIAL_FRAUDS_SCAMS,Added category to record Article 10 member state order submissions to provide information alleging financial fraud and scams as the reason for the request.,AT,0,0,0,0.00,1,0,,,,,,,,
,,,,,BE,0,0,0,0.00,0,0,0.00,,,,,,,
,,,,,BG,0,0,0,0.00,0,0,0.00,,,,,,,
,,,,,CY,0,0,0,0.00,0,0,0.00,,,,,,,
,,,,,CZ,0,0,0,0.00,0,0,0.00,,,,,,,
,,,,,DE,0,0,0,0.00,92,0,80.79,,,,,,,
,,,,,DK,0,0,0,0.00,0,0,0.00,,,,,,,
,,,,,EE,0,0,0,0.00,0,0,0.00,,,,,,,
,,,,,EL,0,0,0,0.00,0,0,0.00,,,,,,,
,,,,,ES,0,0,0,0.00,3,0,72.79,,,,,,,
,,,,,FI,0,0,0,0.00,0,0,0.00,,,,,,,
,,,,,FR,0,0,0,0.00,17,0,123.33,,,,,,,
,,,,,HR,0,0,0,0.00,0,0,0.00,,,,,,,
,,,,,HU,0,0,0,0.00,2,0,175.37,,,,,,,
,,,,,IE,0,0,0,0.00,1,0,,,,,,,,
,,,,,IT,0,0,0,0.00,4,0,169.97,,,,,,,
,,,,,LT,0,0,0,0.00,0,0,0.00,,,,,,,
,,,,,LU,0,0,0,0.00,0,0,0.00,,,,,,,
,,,,,LV,0,0,0,0.00,0,0,0.00,,,,,,,
,,,,,MT,0,0,0,0.00,0,0,0.00,,,,,,,
,,,,,NL,0,0,0,0.00,0,0,0.00,,,,,,,
,,,,,PL,0,0,0,0.00,27,0,78.32,,,,,,,
,,,,,PT,0,0,0,0.00,4,0,147.11,,,,,,,
,,,,,RO,0,0,0,0.00,3,0,141.80,,,,,,,
,,,,,SE,0,0,0,0.00,0,0,0.00,,,,,,,
,,,,,SI,0,0,0,0.00,0,0,0.00,,,,,,,
,,,,,SK,0,0,0,0.00,0,0,0.00,,,,,,,
All,Instagram,2025-07-01/2025-12-31,KEYWORD_OTHER_FRAUD_AND_DECEPTION,Added category to record Article 9 member state order submissions alleging fraud.,AT,0,0,0,0.00,0,0,0.00,,,,,,,
,,,,,BE,0,0,0,0.00,0,0,0.00,,,,,,,
,,,,,BG,1,1,0,,0,0,0.00,,,,,,,
,,,,,CY,3,4,0,144.02,0,0,0.00,,,,,,,
,,,,,CZ,0,0,0,0.00,0,0,0.00,,,,,,,
,,,,,DE,2,2,0,103.29,0,0,0.00,,,,,,,
,,,,,DK,0,0,0,0.00,0,0,0.00,,,,,,,
,,,,,EE,0,0,0,0.00,0,0,0.00,,,,,,,
,,,,,EL,0,0,0,0.00,0,0,0.00,,,,,,,
,,,,,ES,0,0,0,0.00,0,0,0.00,,,,,,,
,,,,,FI,0,0,0,0.00,0,0,0.00,,,,,,,
,,,,,FR,0,0,0,0.00,0,0,0.00,,,,,,,
,,,,,HR,0,0,0,0.00,0,0,0.00,,,,,,,
,,,,,HU,0,0,0,0.00,0,0,0.00,,,,,,,
,,,,,IE,1,1,0,194.09,0,0,0.00,,,,,,,
,,,,,IT,23,25,0,105.29,0,0,0.00,,,,,,,
,,,,,LT,3,2,0,,0,0,0.00,,,,,,,
,,,,,LU,0,0,0,0.00,0,0,0.00,,,,,,,
,,,,,LV,0,0,0,0.00,0,0,0.00,,,,,,,
,,,,,MT,0,0,0,0.00,0,0,0.00,,,,,,,
,,,,,NL,0,0,0,0.00,0,0,0.00,,,,,,,
,,,,,PL,0,0,0,0.00,0,0,0.00,,,,,,,
,,,,,PT,0,0,0,0.00,0,0,0.00,,,,,,,
,,,,,RO,0,0,0,0.00,0,0,0.00,,,,,,,
,,,,,SE,0,0,0,0.00,0,0,0.00,,,,,,,
,,,,,SI,0,0,0,0.00,0,0,0.00,,,,,,,
,,,,,SK,0,0,0,0.00,0,0,0.00,,,,,,,
All,Instagram,2025-07-01/2025-12-31,KEYWORD_OTHER_SPAM,Added category to record Article 9 member state order submissions alleging spam.,AT,0,0,0,0.00,0,0,0.00,,,,,,,
,,,,,BE,0,0,0,0.00,0,0,0.00,,,,,,,
,,,,,BG,0,0,0,0.00,0,0,0.00,,,,,,,
,,,,,CY,0,0,0,0.00,0,0,0.00,,,,,,,
,,,,,CZ,0,0,0,0.00,0,0,0.00,,,,,,,
,,,,,DE,0,0,0,0.00,0,0,0.00,,,,,,,
,,,,,DK,0,0,0,0.00,0,0,0.00,,,,,,,
,,,,,EE,0,0,0,0.00,0,0,0.00,,,,,,,
,,,,,EL,0,0,0,0.00,0,0,0.00,,,,,,,
,,,,,ES,0,0,0,0.00,0,0,0.00,,,,,,,
,,,,,FI,0,0,0,0.00,0,0,0.00,,,,,,,
,,,,,FR,0,0,0,0.00,0,0,0.00,,,,,,,
,,,,,HR,0,0,0,0.00,0,0,0.00,,,,,,,
,,,,,HU,0,0,0,0.00,0,0,0.00,,,,,,,
,,,,,IE,0,0,0,0.00,0,0,0.00,,,,,,,
,,,,,IT,0,0,0,0.00,0,0,0.00,,,,,,,
,,,,,LT,0,0,0,0.00,0,0,0.00,,,,,,,
,,,,,LU,0,0,0,0.00,0,0,0.00,,,,,,,
,,,,,LV,0,0,0,0.00,0,0,0.00,,,,,,,
,,,,,MT,0,0,0,0.00,0,0,0.00,,,,,,,
,,,,,NL,0,0,0,0.00,0,0,0.00,,,,,,,
,,,,,PL,0,0,0,0.00,0,0,0.00,,,,,,,
,,,,,PT,0,0,0,0.00,0,0,0.00,,,,,,,
,,,,,RO,0,0,0,0.00,0,0,0.00,,,,,,,
,,,,,SE,0,0,0,0.00,0,0,0.00,,,,,,,
,,,,,SI,0,0,0,0.00,0,0,0.00,,,,,,,
,,,,,SK,0,0,0,0.00,0,0,0.00,,,,,,,
All,Instagram,2025-07-01/2025-12-31,KEYWORD_OTHER_GAMBLING,This row was added for use in other parts of our report. We have included it here for consistency across the report.,AT,0,0,0,0.00,0,0,0.00,,,,,,,
,,,,,BE,0,0,0,0.00,0,0,0.00,,,,,,,
,,,,,BG,0,0,0,0.00,0,0,0.00,,,,,,,
,,,,,CY,0,0,0,0.00,0,0,0.00,,,,,,,
,,,,,CZ,0,0,0,0.00,0,0,0.00,,,,,,,
,,,,,DE,0,0,0,0.00,0,0,0.00,,,,,,,
,,,,,DK,0,0,0,0.00,0,0,0.00,,,,,,,
,,,,,EE,0,0,0,0.00,0,0,0.00,,,,,,,
,,,,,EL,0,0,0,0.00,0,0,0.00,,,,,,,
,,,,,ES,0,0,0,0.00,0,0,0.00,,,,,,,
,,,,,FI,0,0,0,0.00,0,0,0.00,,,,,,,
,,,,,FR,0,0,0,0.00,0,0,0.00,,,,,,,
,,,,,HR,0,0,0,0.00,0,0,0.00,,,,,,,
,,,,,HU,0,0,0,0.00,0,0,0.00,,,,,,,
,,,,,IE,0,0,0,0.00,0,0,0.00,,,,,,,
,,,,,IT,0,0,0,0.00,0,0,0.00,,,,,,,
,,,,,LT,0,0,0,0.00,0,0,0.00,,,,,,,
,,,,,LU,0,0,0,0.00,0,0,0.00,,,,,,,
,,,,,LV,0,0,0,0.00,0,0,0.00,,,,,,,
,,,,,MT,0,0,0,0.00,0,0,0.00,,,,,,,
,,,,,NL,0,0,0,0.00,0,0,0.00,,,,,,,
,,,,,PL,0,0,0,0.00,0,0,0.00,,,,,,,
,,,,,PT,0,0,0,0.00,0,0,0.00,,,,,,,
,,,,,RO,0,0,0,0.00,0,0,0.00,,,,,,,
,,,,,SE,0,0,0,0.00,0,0,0.00,,,,,,,
,,,,,SI,0,0,0,0.00,0,0,0.00,,,,,,,
,,,,,SK,0,0,0,0.00,0,0,0.00,,,,,,,
All,Instagram,2025-07-01/2025-12-31,KEYWORD_OTHER_FAKE_ENGAGEMENT,This row was added for use in other parts of our report. We have included it here for consistency across the report.,AT,0,0,0,0.00,0,0,0.00,,,,,,,
,,,,,BE,0,0,0,0.00,0,0,0.00,,,,,,,
,,,,,BG,0,0,0,0.00,0,0,0.00,,,,,,,
,,,,,CY,0,0,0,0.00,0,0,0.00,,,,,,,
,,,,,CZ,0,0,0,0.00,0,0,0.00,,,,,,,
,,,,,DE,0,0,0,0.00,0,0,0.00,,,,,,,
,,,,,DK,0,0,0,0.00,0,0,0.00,,,,,,,
,,,,,EE,0,0,0,0.00,0,0,0.00,,,,,,,
,,,,,EL,0,0,0,0.00,0,0,0.00,,,,,,,
,,,,,ES,0,0,0,0.00,0,0,0.00,,,,,,,
,,,,,FI,0,0,0,0.00,0,0,0.00,,,,,,,
,,,,,FR,0,0,0,0.00,0,0,0.00,,,,,,,
,,,,,HR,0,0,0,0.00,0,0,0.00,,,,,,,
,,,,,HU,0,0,0,0.00,0,0,0.00,,,,,,,
,,,,,IE,0,0,0,0.00,0,0,0.00,,,,,,,
,,,,,IT,0,0,0,0.00,0,0,0.00,,,,,,,
,,,,,LT,0,0,0,0.00,0,0,0.00,,,,,,,
,,,,,LU,0,0,0,0.00,0,0,0.00,,,,,,,
,,,,,LV,0,0,0,0.00,0,0,0.00,,,,,,,
,,,,,MT,0,0,0,0.00,0,0,0.00,,,,,,,
,,,,,NL,0,0,0,0.00,0,0,0.00,,,,,,,
,,,,,PL,0,0,0,0.00,0,0,0.00,,,,,,,
,,,,,PT,0,0,0,0.00,0,0,0.00,,,,,,,
,,,,,RO,0,0,0,0.00,0,0,0.00,,,,,,,
,,,,,SE,0,0,0,0.00,0,0,0.00,,,,,,,
,,,,,SI,0,0,0,0.00,0,0,0.00,,,,,,,
,,,,,SK,0,0,0,0.00,0,0,0.00,,,,,,,
All,Instagram,2025-07-01/2025-12-31,STATEMENT_CATEGORY_SELF_HARM,,AT,0,0,0,0.00,0,0,0.00,,,,,,,
,,,,,BE,0,0,0,0.00,0,0,0.00,,,,,,,
,,,,,BG,1,34,0,26.71,0,0,0.00,,,,,,,
,,,,,CY,0,0,0,0.00,0,0,0.00,,,,,,,
,,,,,CZ,0,0,0,0.00,0,0,0.00,,,,,,,
,,,,,DE,0,0,0,0.00,2,0,144.93,,,,,,,
,,,,,DK,0,0,0,0.00,0,0,0.00,,,,,,,
,,,,,EE,0,0,0,0.00,0,0,0.00,,,,,,,
,,,,,EL,0,0,0,0.00,0,0,0.00,,,,,,,
,,,,,ES,0,0,0,0.00,1,0,169.47,,,,,,,
,,,,,FI,0,0,0,0.00,0,0,0.00,,,,,,,
,,,,,FR,2,1,0,,1,0,69.57,,,,,,,
,,,,,HR,0,0,0,0.00,0,0,0.00,,,,,,,
,,,,,HU,0,0,0,0.00,0,0,0.00,,,,,,,
,,,,,IE,0,0,0,0.00,0,0,0.00,,,,,,,
,,,,,IT,0,0,0,0.00,0,0,0.00,,,,,,,
,,,,,LT,0,0,0,0.00,0,0,0.00,,,,,,,
,,,,,LU,0,0,0,0.00,0,0,0.00,,,,,,,
,,,,,LV,0,0,0,0.00,0,0,0.00,,,,,,,
,,,,,MT,0,0,0,0.00,0,0,0.00,,,,,,,
,,,,,NL,0,0,0,0.00,0,0,0.00,,,,,,,
,,,,,PL,0,0,0,0.00,1,0,55.96,,,,,,,
,,,,,PT,0,0,0,0.00,0,0,0.00,,,,,,,
,,,,,RO,0,0,0,0.00,0,0,0.00,,,,,,,
,,,,,SE,0,0,0,0.00,0,0,0.00,,,,,,,
,,,,,SI,0,0,0,0.00,0,0,0.00,,,,,,,
,,,,,SK,0,0,0,0.00,0,0,0.00,,,,,,,
All,Instagram,2025-07-01/2025-12-31,KEYWORD_CONTENT_PROMOTING_EATING_DISORDERS,,AT,0,0,0,0.00,0,0,0.00,,,,,,,
,,,,,BE,0,0,0,0.00,0,0,0.00,,,,,,,
,,,,,BG,0,0,0,0.00,0,0,0.00,,,,,,,
,,,,,CY,0,0,0,0.00,0,0,0.00,,,,,,,
,,,,,CZ,0,0,0,0.00,0,0,0.00,,,,,,,
,,,,,DE,0,0,0,0.00,0,0,0.00,,,,,,,
,,,,,DK,0,0,0,0.00,0,0,0.00,,,,,,,
,,,,,EE,0,0,0,0.00,0,0,0.00,,,,,,,
,,,,,EL,0,0,0,0.00,0,0,0.00,,,,,,,
,,,,,ES,0,0,0,0.00,0,0,0.00,,,,,,,
,,,,,FI,0,0,0,0.00,0,0,0.00,,,,,,,
,,,,,FR,0,0,0,0.00,0,0,0.00,,,,,,,
,,,,,HR,0,0,0,0.00,0,0,0.00,,,,,,,
,,,,,HU,0,0,0,0.00,0,0,0.00,,,,,,,
,,,,,IE,0,0,0,0.00,0,0,0.00,,,,,,,
,,,,,IT,0,0,0,0.00,0,0,0.00,,,,,,,
,,,,,LT,0,0,0,0.00,0,0,0.00,,,,,,,
,,,,,LU,0,0,0,0.00,0,0,0.00,,,,,,,
,,,,,LV,0,0,0,0.00,0,0,0.00,,,,,,,
,,,,,MT,0,0,0,0.00,0,0,0.00,,,,,,,
,,,,,NL,0,0,0,0.00,0,0,0.00,,,,,,,
,,,,,PL,0,0,0,0.00,0,0,0.00,,,,,,,
,,,,,PT,0,0,0,0.00,0,0,0.00,,,,,,,
,,,,,RO,0,0,0,0.00,0,0,0.00,,,,,,,
,,,,,SE,0,0,0,0.00,0,0,0.00,,,,,,,
,,,,,SI,0,0,0,0.00,0,0,0.00,,,,,,,
,,,,,SK,0,0,0,0.00,0,0,0.00,,,,,,,
All,Instagram,2025-07-01/2025-12-31,KEYWORD_SELF_MUTILATION,,AT,0,0,0,0.00,0,0,0.00,,,,,,,
,,,,,BE,0,0,0,0.00,0,0,0.00,,,,,,,
,,,,,BG,0,0,0,0.00,0,0,0.00,,,,,,,
,,,,,CY,0,0,0,0.00,0,0,0.00,,,,,,,
,,,,,CZ,0,0,0,0.00,0,0,0.00,,,,,,,
,,,,,DE,0,0,0,0.00,0,0,0.00,,,,,,,
,,,,,DK,0,0,0,0.00,0,0,0.00,,,,,,,
,,,,,EE,0,0,0,0.00,0,0,0.00,,,,,,,
,,,,,EL,0,0,0,0.00,0,0,0.00,,,,,,,
,,,,,ES,0,0,0,0.00,0,0,0.00,,,,,,,
,,,,,FI,0,0,0,0.00,0,0,0.00,,,,,,,
,,,,,FR,0,0,0,0.00,0,0,0.00,,,,,,,
,,,,,HR,0,0,0,0.00,0,0,0.00,,,,,,,
,,,,,HU,0,0,0,0.00,0,0,0.00,,,,,,,
,,,,,IE,0,0,0,0.00,0,0,0.00,,,,,,,
,,,,,IT,0,0,0,0.00,0,0,0.00,,,,,,,
,,,,,LT,0,0,0,0.00,0,0,0.00,,,,,,,
,,,,,LU,0,0,0,0.00,0,0,0.00,,,,,,,
,,,,,LV,0,0,0,0.00,0,0,0.00,,,,,,,
,,,,,MT,0,0,0,0.00,0,0,0.00,,,,,,,
,,,,,NL,0,0,0,0.00,0,0,0.00,,,,,,,
,,,,,PL,0,0,0,0.00,0,0,0.00,,,,,,,
,,,,,PT,0,0,0,0.00,0,0,0.00,,,,,,,
,,,,,RO,0,0,0,0.00,0,0,0.00,,,,,,,
,,,,,SE,0,0,0,0.00,0,0,0.00,,,,,,,
,,,,,SI,0,0,0,0.00,0,0,0.00,,,,,,,
,,,,,SK,0,0,0,0.00,0,0,0.00,,,,,,,
All,Instagram,2025-07-01/2025-12-31,KEYWORD_SUICIDE,,AT,0,0,0,0.00,0,0,0.00,,,,,,,
,,,,,BE,0,0,0,0.00,0,0,0.00,,,,,,,
,,,,,BG,1,34,0,26.71,0,0,0.00,,,,,,,
,,,,,CY,0,0,0,0.00,0,0,0.00,,,,,,,
,,,,,CZ,0,0,0,0.00,0,0,0.00,,,,,,,
,,,,,DE,0,0,0,0.00,2,0,144.93,,,,,,,
,,,,,DK,0,0,0,0.00,0,0,0.00,,,,,,,
,,,,,EE,0,0,0,0.00,0,0,0.00,,,,,,,
,,,,,EL,0,0,0,0.00,0,0,0.00,,,,,,,
,,,,,ES,0,0,0,0.00,1,0,169.47,,,,,,,
,,,,,FI,0,0,0,0.00,0,0,0.00,,,,,,,
,,,,,FR,2,1,0,,1,0,69.57,,,,,,,
,,,,,HR,0,0,0,0.00,0,0,0.00,,,,,,,
,,,,,HU,0,0,0,0.00,0,0,0.00,,,,,,,
,,,,,IE,0,0,0,0.00,0,0,0.00,,,,,,,
,,,,,IT,0,0,0,0.00,0,0,0.00,,,,,,,
,,,,,LT,0,0,0,0.00,0,0,0.00,,,,,,,
,,,,,LU,0,0,0,0.00,0,0,0.00,,,,,,,
,,,,,LV,0,0,0,0.00,0,0,0.00,,,,,,,
,,,,,MT,0,0,0,0.00,0,0,0.00,,,,,,,
,,,,,NL,0,0,0,0.00,0,0,0.00,,,,,,,
,,,,,PL,0,0,0,0.00,1,0,55.96,,,,,,,
,,,,,PT,0,0,0,0.00,0,0,0.00,,,,,,,
,,,,,RO,0,0,0,0.00,0,0,0.00,,,,,,,
,,,,,SE,0,0,0,0.00,0,0,0.00,,,,,,,
,,,,,SI,0,0,0,0.00,0,0,0.00,,,,,,,
,,,,,SK,0,0,0,0.00,0,0,0.00,,,,,,,
All,Instagram,2025-07-01/2025-12-31,STATEMENT_CATEGORY_UNSAFE_AND_PROHIBITED_PRODUCTS,,AT,0,0,0,0.00,0,0,0.00,,,,,,,
,,,,,BE,0,0,0,0.00,0,0,0.00,,,,,,,
,,,,,BG,0,0,0,0.00,0,0,0.00,,,,,,,
,,,,,CY,0,0,0,0.00,0,0,0.00,,,,,,,
,,,,,CZ,0,0,0,0.00,0,0,0.00,,,,,,,
,,,,,DE,0,0,0,0.00,154,0,96.97,,,,,,,
,,,,,DK,0,0,0,0.00,0,0,0.00,,,,,,,
,,,,,EE,0,0,0,0.00,0,0,0.00,,,,,,,
,,,,,EL,0,0,0,0.00,0,0,0.00,,,,,,,
,,,,,ES,0,0,0,0.00,1,0,52.96,,,,,,,
,,,,,FI,0,0,0,0.00,0,0,0.00,,,,,,,
,,,,,FR,0,0,0,0.00,5,0,144.79,,,,,,,
,,,,,HR,0,0,0,0.00,0,0,0.00,,,,,,,
,,,,,HU,0,0,0,0.00,0,0,0.00,,,,,,,
,,,,,IE,0,0,0,0.00,24,0,122.36,,,,,,,
,,,,,IT,0,0,0,0.00,6,0,101.96,,,,,,,
,,,,,LT,0,0,0,0.00,0,0,0.00,,,,,,,
,,,,,LU,0,0,0,0.00,0,0,0.00,,,,,,,
,,,,,LV,0,0,0,0.00,0,0,0.00,,,,,,,
,,,,,MT,0,0,0,0.00,0,0,0.00,,,,,,,
,,,,,NL,0,0,0,0.00,0,0,0.00,,,,,,,
,,,,,PL,0,0,0,0.00,5,0,67.58,,,,,,,
,,,,,PT,0,0,0,0.00,0,0,0.00,,,,,,,
,,,,,RO,0,0,0,0.00,1,0,142.20,,,,,,,
,,,,,SE,0,0,0,0.00,0,0,0.00,,,,,,,
,,,,,SI,0,0,0,0.00,0,0,0.00,,,,,,,
,,,,,SK,0,0,0,0.00,0,0,0.00,,,,,,,
All,Instagram,2025-07-01/2025-12-31,KEYWORD_PROHIBITED_PRODUCTS,"Category is inclusive of Article 9 member state orders and Article 10 data requests related to drugs, firearms and other prohibited products.",AT,0,0,0,0.00,0,0,0.00,,,,,,,
,,,,,BE,0,0,0,0.00,0,0,0.00,,,,,,,
,,,,,BG,0,0,0,0.00,0,0,0.00,,,,,,,
,,,,,CY,0,0,0,0.00,0,0,0.00,,,,,,,
,,,,,CZ,0,0,0,0.00,0,0,0.00,,,,,,,
,,,,,DE,0,0,0,0.00,154,0,96.97,,,,,,,
,,,,,DK,0,0,0,0.00,0,0,0.00,,,,,,,
,,,,,EE,0,0,0,0.00,0,0,0.00,,,,,,,
,,,,,EL,0,0,0,0.00,0,0,0.00,,,,,,,
,,,,,ES,0,0,0,0.00,1,0,52.96,,,,,,,
,,,,,FI,0,0,0,0.00,0,0,0.00,,,,,,,
,,,,,FR,0,0,0,0.00,5,0,144.79,,,,,,,
,,,,,HR,0,0,0,0.00,0,0,0.00,,,,,,,
,,,,,HU,0,0,0,0.00,0,0,0.00,,,,,,,
,,,,,IE,0,0,0,0.00,24,0,122.36,,,,,,,
,,,,,IT,0,0,0,0.00,6,0,101.96,,,,,,,
,,,,,LT,0,0,0,0.00,0,0,0.00,,,,,,,
,,,,,LU,0,0,0,0.00,0,0,0.00,,,,,,,
,,,,,LV,0,0,0,0.00,0,0,0.00,,,,,,,
,,,,,MT,0,0,0,0.00,0,0,0.00,,,,,,,
,,,,,NL,0,0,0,0.00,0,0,0.00,,,,,,,
,,,,,PL,0,0,0,0.00,5,0,67.58,,,,,,,
,,,,,PT,0,0,0,0.00,0,0,0.00,,,,,,,
,,,,,RO,0,0,0,0.00,1,0,142.20,,,,,,,
,,,,,SE,0,0,0,0.00,0,0,0.00,,,,,,,
,,,,,SI,0,0,0,0.00,0,0,0.00,,,,,,,
,,,,,SK,0,0,0,0.00,0,0,0.00,,,,,,,
All,Instagram,2025-07-01/2025-12-31,KEYWORD_UNSAFE_PRODUCTS,,AT,0,0,0,0.00,0,0,0.00,,,,,,,
,,,,,BE,0,0,0,0.00,0,0,0.00,,,,,,,
,,,,,BG,0,0,0,0.00,0,0,0.00,,,,,,,
,,,,,CY,0,0,0,0.00,0,0,0.00,,,,,,,
,,,,,CZ,0,0,0,0.00,0,0,0.00,,,,,,,
,,,,,DE,0,0,0,0.00,0,0,0.00,,,,,,,
,,,,,DK,0,0,0,0.00,0,0,0.00,,,,,,,
,,,,,EE,0,0,0,0.00,0,0,0.00,,,,,,,
,,,,,EL,0,0,0,0.00,0,0,0.00,,,,,,,
,,,,,ES,0,0,0,0.00,0,0,0.00,,,,,,,
,,,,,FI,0,0,0,0.00,0,0,0.00,,,,,,,
,,,,,FR,0,0,0,0.00,0,0,0.00,,,,,,,
,,,,,HR,0,0,0,0.00,0,0,0.00,,,,,,,
,,,,,HU,0,0,0,0.00,0,0,0.00,,,,,,,
,,,,,IE,0,0,0,0.00,0,0,0.00,,,,,,,
,,,,,IT,0,0,0,0.00,0,0,0.00,,,,,,,
,,,,,LT,0,0,0,0.00,0,0,0.00,,,,,,,
,,,,,LU,0,0,0,0.00,0,0,0.00,,,,,,,
,,,,,LV,0,0,0,0.00,0,0,0.00,,,,,,,
,,,,,MT,0,0,0,0.00,0,0,0.00,,,,,,,
,,,,,NL,0,0,0,0.00,0,0,0.00,,,,,,,
,,,,,PL,0,0,0,0.00,0,0,0.00,,,,,,,
,,,,,PT,0,0,0,0.00,0,0,0.00,,,,,,,
,,,,,RO,0,0,0,0.00,0,0,0.00,,,,,,,
,,,,,SE,0,0,0,0.00,0,0,0.00,,,,,,,
,,,,,SI,0,0,0,0.00,0,0,0.00,,,,,,,
,,,,,SK,0,0,0,0.00,0,0,0.00,,,,,,,
All,Instagram,2025-07-01/2025-12-31,KEYWORD_OTHER_GOODS_SERVICES_NOT_PERMITTED,"Added category to record Article 9 member state order submissions alleging unsafe substances, tobacco, alcohol, unsafe medical products, or unsafe financial services.",AT,0,0,0,0.00,0,0,0.00,,,,,,,
,,,,,BE,0,0,0,0.00,0,0,0.00,,,,,,,
,,,,,BG,0,0,0,0.00,0,0,0.00,,,,,,,
,,,,,CY,0,0,0,0.00,0,0,0.00,,,,,,,
,,,,,CZ,0,0,0,0.00,0,0,0.00,,,,,,,
,,,,,DE,0,0,0,0.00,0,0,0.00,,,,,,,
,,,,,DK,0,0,0,0.00,0,0,0.00,,,,,,,
,,,,,EE,0,0,0,0.00,0,0,0.00,,,,,,,
,,,,,EL,0,0,0,0.00,0,0,0.00,,,,,,,
,,,,,ES,0,0,0,0.00,0,0,0.00,,,,,,,
,,,,,FI,0,0,0,0.00,0,0,0.00,,,,,,,
,,,,,FR,0,0,0,0.00,0,0,0.00,,,,,,,
,,,,,HR,0,0,0,0.00,0,0,0.00,,,,,,,
,,,,,HU,0,0,0,0.00,0,0,0.00,,,,,,,
,,,,,IE,0,0,0,0.00,0,0,0.00,,,,,,,
,,,,,IT,0,0,0,0.00,0,0,0.00,,,,,,,
,,,,,LT,0,0,0,0.00,0,0,0.00,,,,,,,
,,,,,LU,0,0,0,0.00,0,0,0.00,,,,,,,
,,,,,LV,0,0,0,0.00,0,0,0.00,,,,,,,
,,,,,MT,0,0,0,0.00,0,0,0.00,,,,,,,
,,,,,NL,0,0,0,0.00,0,0,0.00,,,,,,,
,,,,,PL,0,0,0,0.00,0,0,0.00,,,,,,,
,,,,,PT,0,0,0,0.00,0,0,0.00,,,,,,,
,,,,,RO,0,0,0,0.00,0,0,0.00,,,,,,,
,,,,,SE,0,0,0,0.00,0,0,0.00,,,,,,,
,,,,,SI,0,0,0,0.00,0,0,0.00,,,,,,,
,,,,,SK,0,0,0,0.00,0,0,0.00,,,,,,,
All,Instagram,2025-07-01/2025-12-31,KEYWORD_OTHER_STOLEN_GOODS,This row was added for use in other parts of our report. We have included it here for consistency across the report.,AT,0,0,0,0.00,0,0,0.00,,,,,,,
,,,,,BE,0,0,0,0.00,0,0,0.00,,,,,,,
,,,,,BG,0,0,0,0.00,0,0,0.00,,,,,,,
,,,,,CY,0,0,0,0.00,0,0,0.00,,,,,,,
,,,,,CZ,0,0,0,0.00,0,0,0.00,,,,,,,
,,,,,DE,0,0,0,0.00,0,0,0.00,,,,,,,
,,,,,DK,0,0,0,0.00,0,0,0.00,,,,,,,
,,,,,EE,0,0,0,0.00,0,0,0.00,,,,,,,
,,,,,EL,0,0,0,0.00,0,0,0.00,,,,,,,
,,,,,ES,0,0,0,0.00,0,0,0.00,,,,,,,
,,,,,FI,0,0,0,0.00,0,0,0.00,,,,,,,
,,,,,FR,0,0,0,0.00,0,0,0.00,,,,,,,
,,,,,HR,0,0,0,0.00,0,0,0.00,,,,,,,
,,,,,HU,0,0,0,0.00,0,0,0.00,,,,,,,
,,,,,IE,0,0,0,0.00,0,0,0.00,,,,,,,
,,,,,IT,0,0,0,0.00,0,0,0.00,,,,,,,
,,,,,LT,0,0,0,0.00,0,0,0.00,,,,,,,
,,,,,LU,0,0,0,0.00,0,0,0.00,,,,,,,
,,,,,LV,0,0,0,0.00,0,0,0.00,,,,,,,
,,,,,MT,0,0,0,0.00,0,0,0.00,,,,,,,
,,,,,NL,0,0,0,0.00,0,0,0.00,,,,,,,
,,,,,PL,0,0,0,0.00,0,0,0.00,,,,,,,
,,,,,PT,0,0,0,0.00,0,0,0.00,,,,,,,
,,,,,RO,0,0,0,0.00,0,0,0.00,,,,,,,
,,,,,SE,0,0,0,0.00,0,0,0.00,,,,,,,
,,,,,SI,0,0,0,0.00,0,0,0.00,,,,,,,
,,,,,SK,0,0,0,0.00,0,0,0.00,,,,,,,
All,Instagram,2025-07-01/2025-12-31,KEYWORD_OTHER_VEHICLE_ACCESSORIES,This row was added for use in other parts of our report. We have included it here for consistency across the report.,AT,0,0,0,0.00,0,0,0.00,,,,,,,
,,,,,BE,0,0,0,0.00,0,0,0.00,,,,,,,
,,,,,BG,0,0,0,0.00,0,0,0.00,,,,,,,
,,,,,CY,0,0,0,0.00,0,0,0.00,,,,,,,
,,,,,CZ,0,0,0,0.00,0,0,0.00,,,,,,,
,,,,,DE,0,0,0,0.00,0,0,0.00,,,,,,,
,,,,,DK,0,0,0,0.00,0,0,0.00,,,,,,,
,,,,,EE,0,0,0,0.00,0,0,0.00,,,,,,,
,,,,,EL,0,0,0,0.00,0,0,0.00,,,,,,,
,,,,,ES,0,0,0,0.00,0,0,0.00,,,,,,,
,,,,,FI,0,0,0,0.00,0,0,0.00,,,,,,,
,,,,,FR,0,0,0,0.00,0,0,0.00,,,,,,,
,,,,,HR,0,0,0,0.00,0,0,0.00,,,,,,,
,,,,,HU,0,0,0,0.00,0,0,0.00,,,,,,,
,,,,,IE,0,0,0,0.00,0,0,0.00,,,,,,,
,,,,,IT,0,0,0,0.00,0,0,0.00,,,,,,,
,,,,,LT,0,0,0,0.00,0,0,0.00,,,,,,,
,,,,,LU,0,0,0,0.00,0,0,0.00,,,,,,,
,,,,,LV,0,0,0,0.00,0,0,0.00,,,,,,,
,,,,,MT,0,0,0,0.00,0,0,0.00,,,,,,,
,,,,,NL,0,0,0,0.00,0,0,0.00,,,,,,,
,,,,,PL,0,0,0,0.00,0,0,0.00,,,,,,,
,,,,,PT,0,0,0,0.00,0,0,0.00,,,,,,,
,,,,,RO,0,0,0,0.00,0,0,0.00,,,,,,,
,,,,,SE,0,0,0,0.00,0,0,0.00,,,,,,,
,,,,,SI,0,0,0,0.00,0,0,0.00,,,,,,,
,,,,,SK,0,0,0,0.00,0,0,0.00,,,,,,,
All,Instagram,2025-07-01/2025-12-31,KEYWORD_OTHER_NUDITY_SEXUAL_ACTIVITY,Added category to capture Article 9 member state order submissions alleging nudity or sexual activity,AT,0,0,0,0.00,0,0,0.00,,,,,,,
,,,,,BE,0,0,0,0.00,0,0,0.00,,,,,,,
,,,,,BG,0,0,0,0.00,0,0,0.00,,,,,,,
,,,,,CY,0,0,0,0.00,0,0,0.00,,,,,,,
,,,,,CZ,0,0,0,0.00,0,0,0.00,,,,,,,
,,,,,DE,0,0,0,0.00,0,0,0.00,,,,,,,
,,,,,DK,0,0,0,0.00,0,0,0.00,,,,,,,
,,,,,EE,0,0,0,0.00,0,0,0.00,,,,,,,
,,,,,EL,0,0,0,0.00,0,0,0.00,,,,,,,
,,,,,ES,0,0,0,0.00,0,0,0.00,,,,,,,
,,,,,FI,0,0,0,0.00,0,0,0.00,,,,,,,
,,,,,FR,0,0,0,0.00,0,0,0.00,,,,,,,
,,,,,HR,0,0,0,0.00,0,0,0.00,,,,,,,
,,,,,HU,0,0,0,0.00,0,0,0.00,,,,,,,
,,,,,IE,0,0,0,0.00,0,0,0.00,,,,,,,
,,,,,IT,0,0,0,0.00,0,0,0.00,,,,,,,
,,,,,LT,0,0,0,0.00,0,0,0.00,,,,,,,
,,,,,LU,0,0,0,0.00,0,0,0.00,,,,,,,
,,,,,LV,0,0,0,0.00,0,0,0.00,,,,,,,
,,,,,MT,0,0,0,0.00,0,0,0.00,,,,,,,
,,,,,NL,0,0,0,0.00,0,0,0.00,,,,,,,
,,,,,PL,0,0,0,0.00,0,0,0.00,,,,,,,
,,,,,PT,0,0,0,0.00,0,0,0.00,,,,,,,
,,,,,RO,0,0,0,0.00,0,0,0.00,,,,,,,
,,,,,SE,0,0,0,0.00,0,0,0.00,,,,,,,
,,,,,SI,0,0,0,0.00,0,0,0.00,,,,,,,
,,,,,SK,0,0,0,0.00,0,0,0.00,,,,,,,
All,Instagram,2025-07-01/2025-12-31,STATEMENT_CATEGORY_VIOLENCE,,AT,0,0,0,0.00,1,0,220.18,,,,,,,
,,,,,BE,0,0,0,0.00,0,0,0.00,,,,,,,
,,,,,BG,0,0,0,0.00,0,0,0.00,,,,,,,
,,,,,CY,1,2,0,15.47,0,0,0.00,,,,,,,
,,,,,CZ,0,0,0,0.00,0,0,0.00,,,,,,,
,,,,,DE,31,30,0,49.31,230,0,118.87,,,,,,,
,,,,,DK,1,1,0,,0,0,0.00,,,,,,,
,,,,,EE,0,0,0,0.00,0,0,0.00,,,,,,,
,,,,,EL,0,0,0,0.00,0,0,0.00,,,,,,,
,,,,,ES,0,0,0,0.00,8,0,89.50,,,,,,,
,,,,,FI,0,0,0,0.00,0,0,0.00,,,,,,,
,,,,,FR,3,6,0,1.92,97,0,95.41,,,,,,,
,,,,,HR,0,0,0,0.00,0,0,0.00,,,,,,,
,,,,,HU,0,0,0,0.00,0,0,0.00,,,,,,,
,,,,,IE,0,0,0,0.00,30,0,99.82,,,,,,,
,,,,,IT,4,8,0,,20,0,139.04,,,,,,,
,,,,,LT,1,1,0,,0,0,0.00,,,,,,,
,,,,,LU,0,0,0,0.00,0,0,0.00,,,,,,,
,,,,,LV,0,0,0,0.00,0,0,0.00,,,,,,,
,,,,,MT,0,0,0,0.00,0,0,0.00,,,,,,,
,,,,,NL,0,0,0,0.00,0,0,0.00,,,,,,,
,,,,,PL,0,0,0,0.00,19,0,98.66,,,,,,,
,,,,,PT,0,0,0,0.00,7,0,161.86,,,,,,,
,,,,,RO,0,0,0,0.00,6,0,76.62,,,,,,,
,,,,,SE,3,9,0,"1,132.68",0,0,0.00,,,,,,,
,,,,,SI,0,0,0,0.00,0,0,0.00,,,,,,,
,,,,,SK,0,0,0,0.00,0,0,0.00,,,,,,,
All,Instagram,2025-07-01/2025-12-31,KEYWORD_COORDINATED_HARM,,AT,0,0,0,0.00,0,0,0.00,,,,,,,
,,,,,BE,0,0,0,0.00,0,0,0.00,,,,,,,
,,,,,BG,0,0,0,0.00,0,0,0.00,,,,,,,
,,,,,CY,0,0,0,0.00,0,0,0.00,,,,,,,
,,,,,CZ,0,0,0,0.00,0,0,0.00,,,,,,,
,,,,,DE,0,0,0,0.00,17,0,103.54,,,,,,,
,,,,,DK,0,0,0,0.00,0,0,0.00,,,,,,,
,,,,,EE,0,0,0,0.00,0,0,0.00,,,,,,,
,,,,,EL,0,0,0,0.00,0,0,0.00,,,,,,,
,,,,,ES,0,0,0,0.00,0,0,0.00,,,,,,,
,,,,,FI,0,0,0,0.00,0,0,0.00,,,,,,,
,,,,,FR,0,0,0,0.00,2,0,74.02,,,,,,,
,,,,,HR,0,0,0,0.00,0,0,0.00,,,,,,,
,,,,,HU,0,0,0,0.00,0,0,0.00,,,,,,,
,,,,,IE,0,0,0,0.00,3,0,72.80,,,,,,,
,,,,,IT,0,0,0,0.00,1,0,196.33,,,,,,,
,,,,,LT,0,0,0,0.00,0,0,0.00,,,,,,,
,,,,,LU,0,0,0,0.00,0,0,0.00,,,,,,,
,,,,,LV,0,0,0,0.00,0,0,0.00,,,,,,,
,,,,,MT,0,0,0,0.00,0,0,0.00,,,,,,,
,,,,,NL,0,0,0,0.00,0,0,0.00,,,,,,,
,,,,,PL,0,0,0,0.00,0,0,0.00,,,,,,,
,,,,,PT,0,0,0,0.00,0,0,0.00,,,,,,,
,,,,,RO,0,0,0,0.00,0,0,0.00,,,,,,,
,,,,,SE,0,0,0,0.00,0,0,0.00,,,,,,,
,,,,,SI,0,0,0,0.00,0,0,0.00,,,,,,,
,,,,,SK,0,0,0,0.00,0,0,0.00,,,,,,,
All,Instagram,2025-07-01/2025-12-31,KEYWORD_INCITEMENT_VIOLENCE_HATRED,Category is inclusive of Article 10 data requests alleging the threat of violence as the reason for the request.,AT,0,0,0,0.00,0,0,0.00,,,,,,,
,,,,,BE,0,0,0,0.00,0,0,0.00,,,,,,,
,,,,,BG,0,0,0,0.00,0,0,0.00,,,,,,,
,,,,,CY,0,0,0,0.00,0,0,0.00,,,,,,,
,,,,,CZ,0,0,0,0.00,0,0,0.00,,,,,,,
,,,,,DE,31,30,0,49.31,0,0,0.00,,,,,,,
,,,,,DK,0,0,0,0.00,0,0,0.00,,,,,,,
,,,,,EE,0,0,0,0.00,0,0,0.00,,,,,,,
,,,,,EL,0,0,0,0.00,0,0,0.00,,,,,,,
,,,,,ES,0,0,0,0.00,0,0,0.00,,,,,,,
,,,,,FI,0,0,0,0.00,0,0,0.00,,,,,,,
,,,,,FR,1,3,0,,0,0,0.00,,,,,,,
,,,,,HR,0,0,0,0.00,0,0,0.00,,,,,,,
,,,,,HU,0,0,0,0.00,0,0,0.00,,,,,,,
,,,,,IE,0,0,0,0.00,0,0,0.00,,,,,,,
,,,,,IT,1,1,0,,0,0,0.00,,,,,,,
,,,,,LT,1,1,0,,0,0,0.00,,,,,,,
,,,,,LU,0,0,0,0.00,0,0,0.00,,,,,,,
,,,,,LV,0,0,0,0.00,0,0,0.00,,,,,,,
,,,,,MT,0,0,0,0.00,0,0,0.00,,,,,,,
,,,,,NL,0,0,0,0.00,0,0,0.00,,,,,,,
,,,,,PL,0,0,0,0.00,0,0,0.00,,,,,,,
,,,,,PT,0,0,0,0.00,0,0,0.00,,,,,,,
,,,,,RO,0,0,0,0.00,0,0,0.00,,,,,,,
,,,,,SE,3,9,0,"1,132.68",0,0,0.00,,,,,,,
,,,,,SI,0,0,0,0.00,0,0,0.00,,,,,,,
,,,,,SK,0,0,0,,0,0,0.00,,,,,,,
All,Instagram,2025-07-01/2025-12-31,KEYWORD_HUMAN_EXPLOITATION,,AT,0,0,0,0.00,0,0,0.00,,,,,,,
,,,,,BE,0,0,0,0.00,0,0,0.00,,,,,,,
,,,,,BG,0,0,0,0.00,0,0,0.00,,,,,,,
,,,,,CY,1,2,0,15.47,0,0,0.00,,,,,,,
,,,,,CZ,0,0,0,0.00,0,0,0.00,,,,,,,
,,,,,DE,0,0,0,0.00,9,0,88.17,,,,,,,
,,,,,DK,1,1,0,,0,0,0.00,,,,,,,
,,,,,EE,0,0,0,0.00,0,0,0.00,,,,,,,
,,,,,EL,0,0,0,0.00,0,0,0.00,,,,,,,
,,,,,ES,0,0,0,0.00,0,0,0.00,,,,,,,
,,,,,FI,0,0,0,0.00,0,0,0.00,,,,,,,
,,,,,FR,2,3,0,1.92,0,0,0.00,,,,,,,
,,,,,HR,0,0,0,0.00,0,0,0.00,,,,,,,
,,,,,HU,0,0,0,0.00,0,0,0.00,,,,,,,
,,,,,IE,0,0,0,0.00,0,0,0.00,,,,,,,
,,,,,IT,3,7,0,,0,0,0.00,,,,,,,
,,,,,LT,0,0,0,0.00,0,0,0.00,,,,,,,
,,,,,LU,0,0,0,0.00,0,0,0.00,,,,,,,
,,,,,LV,0,0,0,0.00,0,0,0.00,,,,,,,
,,,,,MT,0,0,0,0.00,0,0,0.00,,,,,,,
,,,,,NL,0,0,0,0.00,0,0,0.00,,,,,,,
,,,,,PL,0,0,0,0.00,6,0,100.92,,,,,,,
,,,,,PT,0,0,0,0.00,0,0,0.00,,,,,,,
,,,,,RO,0,0,0,0.00,0,0,0.00,,,,,,,
,,,,,SE,0,0,0,0.00,0,0,0.00,,,,,,,
,,,,,SI,0,0,0,0.00,0,0,0.00,,,,,,,
,,,,,SK,0,0,0,0.00,0,0,0.00,,,,,,,
All,Instagram,2025-07-01/2025-12-31,KEYWORD_HUMAN_TRAFFICKING,,AT,0,0,0,0.00,0,0,0.00,,,,,,,
,,,,,BE,0,0,0,0.00,0,0,0.00,,,,,,,
,,,,,BG,0,0,0,0.00,0,0,0.00,,,,,,,
,,,,,CY,0,0,0,0.00,0,0,0.00,,,,,,,
,,,,,CZ,0,0,0,0.00,0,0,0.00,,,,,,,
,,,,,DE,0,0,0,0.00,3,0,83.45,,,,,,,
,,,,,DK,0,0,0,0.00,0,0,0.00,,,,,,,
,,,,,EE,0,0,0,0.00,0,0,0.00,,,,,,,
,,,,,EL,0,0,0,0.00,0,0,0.00,,,,,,,
,,,,,ES,0,0,0,0.00,0,0,0.00,,,,,,,
,,,,,FI,0,0,0,0.00,0,0,0.00,,,,,,,
,,,,,FR,0,0,0,0.00,0,0,0.00,,,,,,,
,,,,,HR,0,0,0,0.00,0,0,0.00,,,,,,,
,,,,,HU,0,0,0,0.00,0,0,0.00,,,,,,,
,,,,,IE,0,0,0,0.00,0,0,0.00,,,,,,,
,,,,,IT,0,0,0,0.00,0,0,0.00,,,,,,,
,,,,,LT,0,0,0,0.00,0,0,0.00,,,,,,,
,,,,,LU,0,0,0,0.00,0,0,0.00,,,,,,,
,,,,,LV,0,0,0,0.00,0,0,0.00,,,,,,,
,,,,,MT,0,0,0,0.00,0,0,0.00,,,,,,,
,,,,,NL,0,0,0,0.00,0,0,0.00,,,,,,,
,,,,,PL,0,0,0,0.00,2,0,164.92,,,,,,,
,,,,,PT,0,0,0,0.00,0,0,0.00,,,,,,,
,,,,,RO,0,0,0,0.00,3,0,76.32,,,,,,,
,,,,,SE,0,0,0,0.00,0,0,0.00,,,,,,,
,,,,,SI,0,0,0,0.00,0,0,0.00,,,,,,,
,,,,,SK,0,0,0,0.00,0,0,0.00,,,,,,,
All,Instagram,2025-07-01/2025-12-31,KEYWORD_TRAFFICKING_WOMEN_GIRLS,,AT,0,0,0,0.00,0,0,0.00,,,,,,,
,,,,,BE,0,0,0,0.00,0,0,0.00,,,,,,,
,,,,,BG,0,0,0,0.00,0,0,0.00,,,,,,,
,,,,,CY,0,0,0,0.00,0,0,0.00,,,,,,,
,,,,,CZ,0,0,0,0.00,0,0,0.00,,,,,,,
,,,,,DE,0,0,0,0.00,0,0,0.00,,,,,,,
,,,,,DK,0,0,0,0.00,0,0,0.00,,,,,,,
,,,,,EE,0,0,0,0.00,0,0,0.00,,,,,,,
,,,,,EL,0,0,0,0.00,0,0,0.00,,,,,,,
,,,,,ES,0,0,0,0.00,0,0,0.00,,,,,,,
,,,,,FI,0,0,0,0.00,0,0,0.00,,,,,,,
,,,,,FR,0,0,0,0.00,0,0,0.00,,,,,,,
,,,,,HR,0,0,0,0.00,0,0,0.00,,,,,,,
,,,,,HU,0,0,0,0.00,0,0,0.00,,,,,,,
,,,,,IE,0,0,0,0.00,0,0,0.00,,,,,,,
,,,,,IT,0,0,0,0.00,0,0,0.00,,,,,,,
,,,,,LT,0,0,0,0.00,0,0,0.00,,,,,,,
,,,,,LU,0,0,0,0.00,0,0,0.00,,,,,,,
,,,,,LV,0,0,0,0.00,0,0,0.00,,,,,,,
,,,,,MT,0,0,0,0.00,0,0,0.00,,,,,,,
,,,,,NL,0,0,0,0.00,0,0,0.00,,,,,,,
,,,,,PL,0,0,0,0.00,0,0,0.00,,,,,,,
,,,,,PT,0,0,0,0.00,0,0,0.00,,,,,,,
,,,,,RO,0,0,0,0.00,0,0,0.00,,,,,,,
,,,,,SE,0,0,0,0.00,0,0,0.00,,,,,,,
,,,,,SI,0,0,0,0.00,0,0,0.00,,,,,,,
,,,,,SK,0,0,0,0.00,0,0,0.00,,,,,,,
All,Instagram,2025-07-01/2025-12-31,KEYWORD_OTHER_MURDER,Added category to record Article 10 member state order submissions to provide information alleging murder as the reason for the request.,AT,0,0,0,0.00,0,0,0.00,,,,,,,
,,,,,BE,0,0,0,0.00,0,0,0.00,,,,,,,
,,,,,BG,0,0,0,0.00,0,0,0.00,,,,,,,
,,,,,CY,0,0,0,0.00,0,0,0.00,,,,,,,
,,,,,CZ,0,0,0,0.00,0,0,0.00,,,,,,,
,,,,,DE,0,0,0,0.00,15,0,97.54,,,,,,,
,,,,,DK,0,0,0,0.00,0,0,0.00,,,,,,,
,,,,,EE,0,0,0,0.00,0,0,0.00,,,,,,,
,,,,,EL,0,0,0,0.00,0,0,0.00,,,,,,,
,,,,,ES,0,0,0,0.00,0,0,0.00,,,,,,,
,,,,,FI,0,0,0,0.00,0,0,0.00,,,,,,,
,,,,,FR,0,0,0,0.00,11,0,68.61,,,,,,,
,,,,,HR,0,0,0,0.00,0,0,0.00,,,,,,,
,,,,,HU,0,0,0,0.00,0,0,0.00,,,,,,,
,,,,,IE,0,0,0,0.00,9,0,138.41,,,,,,,
,,,,,IT,0,0,0,0.00,1,0,23.19,,,,,,,
,,,,,LT,0,0,0,0.00,0,0,0.00,,,,,,,
,,,,,LU,0,0,0,0.00,0,0,0.00,,,,,,,
,,,,,LV,0,0,0,0.00,0,0,0.00,,,,,,,
,,,,,MT,0,0,0,0.00,0,0,0.00,,,,,,,
,,,,,NL,0,0,0,0.00,0,0,0.00,,,,,,,
,,,,,PL,0,0,0,0.00,0,0,0.00,,,,,,,
,,,,,PT,0,0,0,0.00,0,0,0.00,,,,,,,
,,,,,RO,0,0,0,0.00,0,0,0.00,,,,,,,
,,,,,SE,0,0,0,0.00,0,0,0.00,,,,,,,
,,,,,SI,0,0,0,0.00,0,0,0.00,,,,,,,
,,,,,SK,0,0,0,0.00,0,0,0.00,,,,,,,
All,Instagram,2025-07-01/2025-12-31,KEYWORD_OTHER_KIDNAPPED_OR_MISSING_PERSON,Added category to record Article 10 member state order submissions to provide information alleging kidnapping or missing person as the reason for the request.,AT,0,0,0,0.00,0,0,0.00,,,,,,,
,,,,,BE,0,0,0,0.00,0,0,0.00,,,,,,,
,,,,,BG,0,0,0,0.00,0,0,0.00,,,,,,,
,,,,,CY,0,0,0,0.00,0,0,0.00,,,,,,,
,,,,,CZ,0,0,0,0.00,0,0,0.00,,,,,,,
,,,,,DE,0,0,0,0.00,7,0,92.62,,,,,,,
,,,,,DK,0,0,0,0.00,0,0,0.00,,,,,,,
,,,,,EE,0,0,0,0.00,0,0,0.00,,,,,,,
,,,,,EL,0,0,0,0.00,0,0,0.00,,,,,,,
,,,,,ES,0,0,0,0.00,4,0,89.50,,,,,,,
,,,,,FI,0,0,0,0.00,0,0,0.00,,,,,,,
,,,,,FR,0,0,0,0.00,3,0,111.85,,,,,,,
,,,,,HR,0,0,0,0.00,0,0,0.00,,,,,,,
,,,,,HU,0,0,0,0.00,0,0,0.00,,,,,,,
,,,,,IE,0,0,0,0.00,0,0,0.00,,,,,,,
,,,,,IT,0,0,0,0.00,1,0,124.68,,,,,,,
,,,,,LT,0,0,0,0.00,0,0,0.00,,,,,,,
,,,,,LU,0,0,0,0.00,0,0,0.00,,,,,,,
,,,,,LV,0,0,0,0.00,0,0,0.00,,,,,,,
,,,,,MT,0,0,0,0.00,0,0,0.00,,,,,,,
,,,,,NL,0,0,0,0.00,0,0,0.00,,,,,,,
,,,,,PL,0,0,0,0.00,3,0,28.08,,,,,,,
,,,,,PT,0,0,0,0.00,0,0,0.00,,,,,,,
,,,,,RO,0,0,0,0.00,1,0,76.62,,,,,,,
,,,,,SE,0,0,0,0.00,0,0,0.00,,,,,,,
,,,,,SI,0,0,0,0.00,0,0,0.00,,,,,,,
,,,,,SK,0,0,0,0.00,0,0,0.00,,,,,,,
All,Instagram,2025-07-01/2025-12-31,KEYWORD_OTHER_PHYSICAL_ASSAULT,Added category to record Article 10 member state order submissions to provide information alleging physical assault as the reason for the request.,AT,0,0,0,0.00,0,0,0.00,,,,,,,
,,,,,BE,0,0,0,0.00,0,0,0.00,,,,,,,
,,,,,BG,0,0,0,0.00,0,0,0.00,,,,,,,
,,,,,CY,0,0,0,0.00,0,0,0.00,,,,,,,
,,,,,CZ,0,0,0,0.00,0,0,0.00,,,,,,,
,,,,,DE,0,0,0,0.00,58,0,122.09,,,,,,,
,,,,,DK,0,0,0,0.00,0,0,0.00,,,,,,,
,,,,,EE,0,0,0,0.00,0,0,0.00,,,,,,,
,,,,,EL,0,0,0,0.00,0,0,0.00,,,,,,,
,,,,,ES,0,0,0,0.00,0,0,0.00,,,,,,,
,,,,,FI,0,0,0,0.00,0,0,0.00,,,,,,,
,,,,,FR,0,0,0,0.00,18,0,74.31,,,,,,,
,,,,,HR,0,0,0,0.00,0,0,0.00,,,,,,,
,,,,,HU,0,0,0,0.00,0,0,0.00,,,,,,,
,,,,,IE,0,0,0,0.00,2,0,177.72,,,,,,,
,,,,,IT,0,0,0,0.00,1,0,163.66,,,,,,,
,,,,,LT,0,0,0,0.00,0,0,0.00,,,,,,,
,,,,,LU,0,0,0,0.00,0,0,0.00,,,,,,,
,,,,,LV,0,0,0,0.00,0,0,0.00,,,,,,,
,,,,,MT,0,0,0,0.00,0,0,0.00,,,,,,,
,,,,,NL,0,0,0,0.00,0,0,0.00,,,,,,,
,,,,,PL,0,0,0,0.00,0,0,0.00,,,,,,,
,,,,,PT,0,0,0,0.00,3,0,161.86,,,,,,,
,,,,,RO,0,0,0,0.00,0,0,0.00,,,,,,,
,,,,,SE,0,0,0,0.00,0,0,0.00,,,,,,,
,,,,,SI,0,0,0,0.00,0,0,0.00,,,,,,,
,,,,,SK,0,0,0,0.00,0,0,0.00,,,,,,,
All,Instagram,2025-07-01/2025-12-31,KEYWORD_OTHER_SEX_CRIME_SEXUAL_ASSAULT,Added category to record Article 10 member state order submissions to provide information alleging a sex crime or sexual assault as the reason for the request.,AT,0,0,0,0.00,0,0,0.00,,,,,,,
,,,,,BE,0,0,0,0.00,0,0,0.00,,,,,,,
,,,,,BG,0,0,0,0.00,0,0,0.00,,,,,,,
,,,,,CY,0,0,0,0.00,0,0,0.00,,,,,,,
,,,,,CZ,0,0,0,0.00,0,0,0.00,,,,,,,
,,,,,DE,0,0,0,0.00,23,0,93.08,,,,,,,
,,,,,DK,0,0,0,0.00,0,0,0.00,,,,,,,
,,,,,EE,0,0,0,0.00,0,0,0.00,,,,,,,
,,,,,EL,0,0,0,0.00,0,0,0.00,,,,,,,
,,,,,ES,0,0,0,0.00,0,0,0.00,,,,,,,
,,,,,FI,0,0,0,0.00,0,0,0.00,,,,,,,
,,,,,FR,0,0,0,0.00,30,0,130.52,,,,,,,
,,,,,HR,0,0,0,0.00,0,0,0.00,,,,,,,
,,,,,HU,0,0,0,0.00,0,0,0.00,,,,,,,
,,,,,IE,0,0,0,0.00,15,0,75.47,,,,,,,
,,,,,IT,0,0,0,0.00,4,0,99.43,,,,,,,
,,,,,LT,0,0,0,0.00,0,0,0.00,,,,,,,
,,,,,LU,0,0,0,0.00,0,0,0.00,,,,,,,
,,,,,LV,0,0,0,0.00,0,0,0.00,,,,,,,
,,,,,MT,0,0,0,0.00,0,0,0.00,,,,,,,
,,,,,NL,0,0,0,0.00,0,0,0.00,,,,,,,
,,,,,PL,0,0,0,0.00,1,0,64.06,,,,,,,
,,,,,PT,0,0,0,0.00,0,0,0.00,,,,,,,
,,,,,RO,0,0,0,0.00,0,0,0.00,,,,,,,
,,,,,SE,0,0,0,0.00,0,0,0.00,,,,,,,
,,,,,SI,0,0,0,0.00,0,0,0.00,,,,,,,
,,,,,SK,0,0,0,0.00,0,0,0.00,,,,,,,
All,Instagram,2025-07-01/2025-12-31,KEYWORD_OTHER_GRAPHIC_VIOLENCE,Added category to record Article 9 member state order submissions alleging graphic violence.,AT,0,0,0,0.00,0,0,0.00,,,,,,,
,,,,,BE,0,0,0,0.00,0,0,0.00,,,,,,,
,,,,,BG,0,0,0,0.00,0,0,0.00,,,,,,,
,,,,,CY,0,0,0,0.00,0,0,0.00,,,,,,,
,,,,,CZ,0,0,0,0.00,0,0,0.00,,,,,,,
,,,,,DE,0,0,0,0.00,0,0,0.00,,,,,,,
,,,,,DK,0,0,0,0.00,0,0,0.00,,,,,,,
,,,,,EE,0,0,0,0.00,0,0,0.00,,,,,,,
,,,,,EL,0,0,0,0.00,0,0,0.00,,,,,,,
,,,,,ES,0,0,0,0.00,0,0,0.00,,,,,,,
,,,,,FI,0,0,0,0.00,0,0,0.00,,,,,,,
,,,,,FR,0,0,0,0.00,0,0,0.00,,,,,,,
,,,,,HR,0,0,0,0.00,0,0,0.00,,,,,,,
,,,,,HU,0,0,0,0.00,0,0,0.00,,,,,,,
,,,,,IE,0,0,0,0.00,0,0,0.00,,,,,,,
,,,,,IT,0,0,0,0.00,0,0,0.00,,,,,,,
,,,,,LT,0,0,0,0.00,0,0,0.00,,,,,,,
,,,,,LU,0,0,0,0.00,0,0,0.00,,,,,,,
,,,,,LV,0,0,0,0.00,0,0,0.00,,,,,,,
,,,,,MT,0,0,0,0.00,0,0,0.00,,,,,,,
,,,,,NL,0,0,0,0.00,0,0,0.00,,,,,,,
,,,,,PL,0,0,0,0.00,0,0,0.00,,,,,,,
,,,,,PT,0,0,0,0.00,0,0,0.00,,,,,,,
,,,,,RO,0,0,0,0.00,0,0,0.00,,,,,,,
,,,,,SE,0,0,0,0.00,0,0,0.00,,,,,,,
,,,,,SI,0,0,0,0.00,0,0,0.00,,,,,,,
,,,,,SK,0,0,0,0.00,0,0,0.00,,,,,,,
All,Instagram,2025-07-01/2025-12-31,KEYWORD_OTHER_THREATS_OF_VIOLENCE,Added category to record Article 10 member state order submissions alleging threats of violence.,AT,0,0,0,0.00,1,0,220.18,,,,,,,
,,,,,BE,0,0,0,0.00,0,0,0.00,,,,,,,
,,,,,BG,0,0,0,0.00,0,0,0.00,,,,,,,
,,,,,CY,0,0,0,0.00,0,0,0.00,,,,,,,
,,,,,CZ,0,0,0,0.00,0,0,0.00,,,,,,,
,,,,,DE,0,0,0,0.00,98,0,124.38,,,,,,,
,,,,,DK,0,0,0,0.00,0,0,0.00,,,,,,,
,,,,,EE,0,0,0,0.00,0,0,0.00,,,,,,,
,,,,,EL,0,0,0,0.00,0,0,0.00,,,,,,,
,,,,,ES,0,0,0,0.00,4,0,149.00,,,,,,,
,,,,,FI,0,0,0,0.00,0,0,0.00,,,,,,,
,,,,,FR,0,0,0,0.00,33,0,97.55,,,,,,,
,,,,,HR,0,0,0,0.00,0,0,0.00,,,,,,,
,,,,,HU,0,0,0,0.00,0,0,0.00,,,,,,,
,,,,,IE,0,0,0,0.00,1,0,305.70,,,,,,,
,,,,,IT,0,0,0,0.00,12,0,139.04,,,,,,,
,,,,,LT,0,0,0,0.00,0,0,0.00,,,,,,,
,,,,,LU,0,0,0,0.00,0,0,0.00,,,,,,,
,,,,,LV,0,0,0,0.00,0,0,0.00,,,,,,,
,,,,,MT,0,0,0,0.00,0,0,0.00,,,,,,,
,,,,,NL,0,0,0,0.00,0,0,0.00,,,,,,,
,,,,,PL,0,0,0,0.00,7,0,81.17,,,,,,,
,,,,,PT,0,0,0,0.00,4,0,892.70,,,,,,,
,,,,,RO,0,0,0,0.00,2,0,172.22,,,,,,,
,,,,,SE,0,0,0,0.00,0,0,0.00,,,,,,,
,,,,,SI,0,0,0,0.00,0,0,0.00,,,,,,,
,,,,,SK,0,0,0,0.00,0,0,0.00,,,,,,,
All,Instagram,2025-07-01/2025-12-31,STATEMENT_CATEGORY_NOT_SPECIFIED_ORDER,,AT,0,0,0,0.00,0,0,0.00,,,,,,,
,,,,,BE,0,0,0,0.00,0,0,0.00,,,,,,,
,,,,,BG,4,5,0,,0,0,0.00,,,,,,,
,,,,,CY,0,0,0,0.00,0,0,0.00,,,,,,,
,,,,,CZ,0,0,0,0.00,0,0,0.00,,,,,,,
,,,,,DE,22,76,0,27.86,0,0,0.00,,,,,,,
,,,,,DK,4,20,0,12.26,0,0,0.00,,,,,,,
,,,,,EE,0,0,0,0.00,0,0,0.00,,,,,,,
,,,,,EL,0,0,0,0.00,0,0,0.00,,,,,,,
,,,,,ES,1,1,0,,0,0,0.00,,,,,,,
,,,,,FI,1,1,0,,0,0,0.00,,,,,,,
,,,,,FR,2,1,0,,0,0,0.00,,,,,,,
,,,,,HR,0,0,0,0.00,0,0,0.00,,,,,,,
,,,,,HU,0,0,0,0.00,0,0,0.00,,,,,,,
,,,,,IE,0,0,0,0.00,0,0,0.00,,,,,,,
,,,,,IT,21,35,0,427.59,0,0,0.00,,,,,,,
,,,,,LT,1,29,0,23.04,0,0,0.00,,,,,,,
,,,,,LU,0,0,0,0.00,0,0,0.00,,,,,,,
,,,,,LV,0,0,0,0.00,0,0,0.00,,,,,,,
,,,,,MT,1,1,0,120.26,0,0,0.00,,,,,,,
,,,,,NL,1,1,0,,0,0,0.00,,,,,,,
,,,,,PL,2,2,0,,0,0,0.00,,,,,,,
,,,,,PT,0,0,0,0.00,0,0,0.00,,,,,,,
,,,,,RO,3,15,0,25.80,0,0,0.00,,,,,,,
,,,,,SE,0,0,0,0.00,0,0,0.00,,,,,,,
,,,,,SI,0,0,0,0.00,0,0,0.00,,,,,,,
,,,,,SK,0,0,0,0.00,0,0,0.00,,,,,,,