Applicability,Service,Reporting period,Category of illegal content,"Description of the sub-category ""Other""",Scope,Number of orders to act against illegal content received,Number of specific items of information included in the total number of orders to act against illegal content,Median time to inform the authority of the receipt of the order to act against illegal content,Median time to give effect to the order to act against illegal content,Number of orders to provide information,Median time to inform the authority of the receipt of the order to provide information,Median time to give effect to the order to provide information,Contextual information on number of orders to act against illegal content received,Contextual information on number of specific items of information included in the total number of orders to act against illegal content,Contextual information on Median time to inform the authority of the receipt of the order to act against illegal content,Contextual information on Median time to give effect to the order to act against illegal content,Contextual information on Number of orders to provide information,Contextual information on Median time to inform the authority of the receipt of the order to provide information,Contextual information on Median time to give effect to the order to provide information
All,WhatsApp Channels,2026-01-01/2026-06-30,TOTAL,,TOTAL,1,1,0,0.38,160,0,170.88,This metric includes Article 9 submissions that could be identified as related to WhatsApp Channels.,,Automated responses are sent to inform the authority of the receipt of Authority Orders to act against allegedly illegal content as well as Authority Orders to provide information.,The median time taken to give effect to the Member States’ Authorities’ Orders to act against alleged illegal content considers the time between submission and actions taken on the basis of the law or the terms and conditions of the service. Member States’ Authorities’ Orders not resulting in an action taken are not included in the calculation. ,"Metrics relating to ‘orders to provide information’ solely concern Article 10 orders for the WhatsApp Channels service, categorised by the type of reported illegality under investigation or prosecution, as typically self-selected by Member States’ Authorities at the time of submission via the Article 11 DSA Point of Contact. 

WhatsApp does not take responsibility for any misleading, inaccurate, or incomplete reporting by the Member States’ Authorities. Furthermore, the submission of Article 10 orders does not of itself reflect the existence of illegality.  

Please note that Article 10 orders are a small subset of the user data requests WhatsApp receives from Member States’ authorities and, accordingly, the associated metrics may not be representative of the nature and extent of all requests WhatsApp receives. For a more comprehensive record of government requests for user data, we recommend referring to global transparency reports from WhatsApp..",,"Please note that the ‘median time to give effect’ to orders to provide information is calculated based on the interval between valid receipt of an Article 10 order and WhatsApp giving effect to it. This metric excludes orders where no data was produced, and – where applicable – the time passed for WhatsApp to respond to the requesting authority to seek clarification, further context or resolution of formal defects with respect to the order. 

Please note that Article 10 orders are a small subset of the user data requests WhatsApp receives from Member States’ authorities and, accordingly, the associated metrics may not be representative of the nature and extent of all requests WhatsApp receives. For a more comprehensive record of government requests for user data, we recommend referring to global transparency reports from WhatsApp."
All,WhatsApp Channels,2026-01-01/2026-06-30,STATEMENT_CATEGORY_ANIMAL_WELFARE,,TOTAL,0,0,0,0,0,0,0.00,,,,,,,
All,WhatsApp Channels,2026-01-01/2026-06-30,KEYWORD_ANIMAL_HARM,,TOTAL,0,0,0,0,0,0,0.00,,,,,,,
All,WhatsApp Channels,2026-01-01/2026-06-30,KEYWORD_UNLAWFUL_SALE_ANIMALS,,TOTAL,0,0,0,0,0,0,0.00,,,,,,,
All,WhatsApp Channels,2026-01-01/2026-06-30,STATEMENT_CATEGORY_CONSUMER_INFORMATION,,TOTAL,0,0,0,0,0,0,0.00,,,,,,,
All,WhatsApp Channels,2026-01-01/2026-06-30,KEYWORD_HIDDEN_ADVERTISEMENT,,TOTAL,0,0,0,0,0,0,0.00,,,,,,,
All,WhatsApp Channels,2026-01-01/2026-06-30,KEYWORD_INSUFFICIENT_INFORMATION_ON_TRADERS,,TOTAL,0,0,0,0,0,0,0.00,,,,,,,
All,WhatsApp Channels,2026-01-01/2026-06-30,KEYWORD_MISLEADING_INFO_GOODS_SERVICES,,TOTAL,0,0,0,0,0,0,0.00,,,,,,,
All,WhatsApp Channels,2026-01-01/2026-06-30,KEYWORD_MISLEADING_INFO_CONSUMER_RIGHTS,,TOTAL,0,0,0,0,0,0,0.00,,,,,,,
All,WhatsApp Channels,2026-01-01/2026-06-30,KEYWORD_NONCOMPLIANCE_PRICING,,TOTAL,0,0,0,0,0,0,0.00,,,,,,,
All,WhatsApp Channels,2026-01-01/2026-06-30,KEYWORD_OTHER_ADVERTISING,Added category to capture Article 10 data requests alleging advertisement(s) as the reason for the request.,TOTAL,0,0,0,0,0,0,0.00,,,,,,,
All,WhatsApp Channels,2026-01-01/2026-06-30,KEYWORD_OTHER_DISCRIMINATORY_PRACTICES,Added category to record Article 9 member state order submissions alleging discriminatory practices.,TOTAL,0,0,0,0,0,0,0.00,,,,,,,
All,WhatsApp Channels,2026-01-01/2026-06-30,KEYWORD_OTHER_PAYER_BENEFICIARY,Added category to record Article 9 member state order submissions alleging payer and beneficiary violations.,TOTAL,0,0,0,0,0,0,0.00,,,,,,,
All,WhatsApp Channels,2026-01-01/2026-06-30,STATEMENT_CATEGORY_CYBER_VIOLENCE,,TOTAL,0,0,0,0,1,0,98.39,,,,,,,
All,WhatsApp Channels,2026-01-01/2026-06-30,KEYWORD_CYBER_BULLYING_INTIMIDATION,,TOTAL,0,0,0,0,1,0,98.39,,,,,,,
All,WhatsApp Channels,2026-01-01/2026-06-30,KEYWORD_CYBER_HARASSMENT,Category is inclusive of Article 9 member state orders and Article 10 data requests related to bullying and harassment.,TOTAL,0,0,0,0,0,0,0.00,,,,,,,
All,WhatsApp Channels,2026-01-01/2026-06-30,KEYWORD_CYBER_INCITEMENT,,TOTAL,0,0,0,0,0,0,0.00,,,,,,,
All,WhatsApp Channels,2026-01-01/2026-06-30,KEYWORD_CYBER_STALKING,,TOTAL,0,0,0,0,0,0,0.00,,,,,,,
All,WhatsApp Channels,2026-01-01/2026-06-30,KEYWORD_NON_CONSENSUAL_IMAGE_SHARING,,TOTAL,0,0,0,0,0,0,0.00,,,,,,,
All,WhatsApp Channels,2026-01-01/2026-06-30,KEYWORD_NON_CONSENSUAL_MATERIAL_DEEPFAKE,,TOTAL,0,0,0,0,0,0,0.00,,,,,,,
All,WhatsApp Channels,2026-01-01/2026-06-30,STATEMENT_CATEGORY_CYBER_VIOLENCE_AGAINST_WOMEN,,TOTAL,0,0,0,0,0,0,0.00,,,,,,,
All,WhatsApp Channels,2026-01-01/2026-06-30,KEYWORD_BULLYING_AGAINST_GIRLS,,TOTAL,0,0,0,0,0,0,0.00,,,,,,,
All,WhatsApp Channels,2026-01-01/2026-06-30,KEYWORD_CYBER_HARASSMENT_AGAINST_WOMEN,,TOTAL,0,0,0,0,0,0,0.00,,,,,,,
All,WhatsApp Channels,2026-01-01/2026-06-30,KEYWORD_CYBER_STALKING_AGAINST_WOMEN,,TOTAL,0,0,0,0,0,0,0.00,,,,,,,
All,WhatsApp Channels,2026-01-01/2026-06-30,KEYWORD_FEMALE_GENDERED_DISINFORMATION,,TOTAL,0,0,0,0,0,0,0.00,,,,,,,
All,WhatsApp Channels,2026-01-01/2026-06-30,KEYWORD_INCITEMENT_AGAINST_WOMEN,,TOTAL,0,0,0,0,0,0,0.00,,,,,,,
All,WhatsApp Channels,2026-01-01/2026-06-30,KEYWORD_NON_CONSENSUAL_IMAGE_SHARING_AGAINST_WOMEN,,TOTAL,0,0,0,0,0,0,0.00,,,,,,,
All,WhatsApp Channels,2026-01-01/2026-06-30,KEYWORD_NON_CONSENSUAL_MATERIAL_DEEPFAKE_AGAINST_WOMEN,,TOTAL,0,0,0,0,0,0,0.00,,,,,,,
All,WhatsApp Channels,2026-01-01/2026-06-30,STATEMENT_CATEGORY_DATA_PROTECTION_AND_PRIVACY_VIOLATIONS,,TOTAL,0,0,0,0,0,0,0.00,,,,,,,
All,WhatsApp Channels,2026-01-01/2026-06-30,KEYWORD_BIOMETRIC_DATA_BREACH,,TOTAL,0,0,0,0,0,0,0.00,,,,,,,
All,WhatsApp Channels,2026-01-01/2026-06-30,KEYWORD_DATA_FALSIFICATION,,TOTAL,0,0,0,0,0,0,0.00,,,,,,,
All,WhatsApp Channels,2026-01-01/2026-06-30,KEYWORD_MISSING_PROCESSING_GROUND,,TOTAL,0,0,0,0,0,0,0.00,,,,,,,
All,WhatsApp Channels,2026-01-01/2026-06-30,KEYWORD_RIGHT_TO_BE_FORGOTTEN,,TOTAL,0,0,0,0,0,0,0.00,,,,,,,
All,WhatsApp Channels,2026-01-01/2026-06-30,KEYWORD_OTHER_PRIVACY,Added category to record Article 9 member state order submissions alleging privacy violations.,TOTAL,0,0,0,0,0,0,0.00,,,,,,,
All,WhatsApp Channels,2026-01-01/2026-06-30,KEYWORD_OTHER_DATA_PROTECTION,Added category to record Article 9 member state order submissions alleging data protection violations.,TOTAL,0,0,0,0,0,0,0.00,,,,,,,
All,WhatsApp Channels,2026-01-01/2026-06-30,STATEMENT_CATEGORY_ILLEGAL_OR_HARMFUL_SPEECH,,TOTAL,0,0,0,0,0,0,0.00,,,,,,,
All,WhatsApp Channels,2026-01-01/2026-06-30,KEYWORD_DEFAMATION,,TOTAL,0,0,0,0,0,0,0.00,,,,,,,
All,WhatsApp Channels,2026-01-01/2026-06-30,KEYWORD_DISCRIMINATION,,TOTAL,0,0,0,0,0,0,0.00,,,,,,,
All,WhatsApp Channels,2026-01-01/2026-06-30,KEYWORD_HATE_SPEECH,,TOTAL,0,0,0,0,0,0,0.00,,,,,,,
All,WhatsApp Channels,2026-01-01/2026-06-30,STATEMENT_CATEGORY_INTELLECTUAL_PROPERTY_INFRINGEMENTS,,TOTAL,0,0,0,0,0,0,0.00,,,,,,,
All,WhatsApp Channels,2026-01-01/2026-06-30,KEYWORD_COPYRIGHT_INFRINGEMENT,,TOTAL,0,0,0,0,0,0,0.00,,,,,,,
All,WhatsApp Channels,2026-01-01/2026-06-30,KEYWORD_DESIGN_INFRINGEMENT,,TOTAL,0,0,0,0,0,0,0.00,,,,,,,
All,WhatsApp Channels,2026-01-01/2026-06-30,KEYWORD_GEOGRAPHIC_INDICATIONS_INFRINGEMENT,,TOTAL,0,0,0,0,0,0,0.00,,,,,,,
All,WhatsApp Channels,2026-01-01/2026-06-30,KEYWORD_PATENT_INFRINGEMENT,,TOTAL,0,0,0,0,0,0,0.00,,,,,,,
All,WhatsApp Channels,2026-01-01/2026-06-30,KEYWORD_TRADE_SECRET_INFRINGEMENT,,TOTAL,0,0,0,0,0,0,0.00,,,,,,,
All,WhatsApp Channels,2026-01-01/2026-06-30,KEYWORD_TRADEMARK_INFRINGEMENT,,TOTAL,0,0,0,0,0,0,0.00,,,,,,,
All,WhatsApp Channels,2026-01-01/2026-06-30,KEYWORD_OTHER_INTELLECTUAL_PROPERTY_INFRINGEMENTS_THIRD_PARTY_VIOLATION_OR_DATA_VIOLATION,"Added category to capture Article 9 member state order submissions alleging intellectual property content violations. Also, Article 10 member state order submissions alleging intellectual property or data violations.",TOTAL,0,0,0,0,0,0,0.00,,,,,,,
All,WhatsApp Channels,2026-01-01/2026-06-30,STATEMENT_CATEGORY_NEGATIVE_EFFECTS_ON_CIVIC_DISCOURSE_OR_ELECTIONS,,TOTAL,0,0,0,0,0,0,0.00,,,,,,,
All,WhatsApp Channels,2026-01-01/2026-06-30,KEYWORD_MISINFORMATION_DISINFORMATION,,TOTAL,0,0,0,0,0,0,0.00,,,,,,,
All,WhatsApp Channels,2026-01-01/2026-06-30,KEYWORD_VIOLATION_EU_LAW,,TOTAL,0,0,0,0,0,0,0.00,,,,,,,
All,WhatsApp Channels,2026-01-01/2026-06-30,KEYWORD_VIOLATION_NATIONAL_LAW,,TOTAL,0,0,0,0,0,0,0.00,,,,,,,
All,WhatsApp Channels,2026-01-01/2026-06-30,STATEMENT_CATEGORY_PROTECTION_OF_MINORS,,TOTAL,0,0,0,0,5,0,144.77,,,,,,,
All,WhatsApp Channels,2026-01-01/2026-06-30,KEYWORD_AGE_SPECIFIC_RESTRICTIONS_MINORS,,TOTAL,0,0,0,0,0,0,0.00,,,,,,,
All,WhatsApp Channels,2026-01-01/2026-06-30,KEYWORD_CHILD_SEXUAL_ABUSE_MATERIAL,,TOTAL,0,0,0,0,5,0,144.77,,,,,,,
All,WhatsApp Channels,2026-01-01/2026-06-30,KEYWORD_CHILD_SEXUAL_ABUSE_MATERIAL_DEEPFAKE,,TOTAL,0,0,0,0,0,0,0.00,,,,,,,
All,WhatsApp Channels,2026-01-01/2026-06-30,KEYWORD_GROOMING_SEXUAL_ENTICEMENT_MINORS,,TOTAL,0,0,0,0,0,0,0.00,,,,,,,
All,WhatsApp Channels,2026-01-01/2026-06-30,KEYWORD_UNSAFE_CHALLENGES,,TOTAL,0,0,0,0,0,0,0.00,,,,,,,
All,WhatsApp Channels,2026-01-01/2026-06-30,STATEMENT_CATEGORY_RISK_FOR_PUBLIC_SECURITY,,TOTAL,0,0,0,0,8,0,189.45,,,,,,,
All,WhatsApp Channels,2026-01-01/2026-06-30,KEYWORD_ILLEGAL_ORGANIZATIONS,,TOTAL,0,0,0,0,0,0,0.00,,,,,,,
All,WhatsApp Channels,2026-01-01/2026-06-30,KEYWORD_RISK_ENVIRONMENTAL_DAMAGE,,TOTAL,0,0,0,0,0,0,0.00,,,,,,,
All,WhatsApp Channels,2026-01-01/2026-06-30,KEYWORD_RISK_PUBLIC_HEALTH,,TOTAL,0,0,0,0,0,0,0.00,,,,,,,
All,WhatsApp Channels,2026-01-01/2026-06-30,KEYWORD_TERRORIST_CONTENT,,TOTAL,0,0,0,0,1,0,97.59,,,,,,,
All,WhatsApp Channels,2026-01-01/2026-06-30,KEYWORD_OTHER_FUGITIVE,"Added category to record Article 10 member state order submissions to provide information alleging a fugitive as the reason for the request.
",TOTAL,0,0,0,0,3,0,0.40,,,,,,,
All,WhatsApp Channels,2026-01-01/2026-06-30,KEYWORD_OTHER_TRESPASS_PROPERTY_AND_ENVIRONMENTAL_DAMAGE,Added category to record Article 10 member state order submissions to provide information alleging property or environmental damage as the reason for the request.,TOTAL,0,0,0,0,4,0,215.07,,,,,,,
All,WhatsApp Channels,2026-01-01/2026-06-30,STATEMENT_CATEGORY_SCAMS_AND_FRAUD,,TOTAL,0,0,0,0,117,0,199.46,,,,,,,
All,WhatsApp Channels,2026-01-01/2026-06-30,KEYWORD_IMPERSONATION_ACCOUNT_HIJACKING,,TOTAL,0,0,0,0,4,0,390.56,,,,,,,
All,WhatsApp Channels,2026-01-01/2026-06-30,KEYWORD_INAUTHENTIC_ACCOUNTS,,TOTAL,0,0,0,0,0,0,0.00,,,,,,,
All,WhatsApp Channels,2026-01-01/2026-06-30,KEYWORD_INAUTHENTIC_LISTINGS,,TOTAL,0,0,0,0,0,0,0.00,,,,,,,
All,WhatsApp Channels,2026-01-01/2026-06-30,KEYWORD_INAUTHENTIC_USER_REVIEWS,,TOTAL,0,0,0,0,0,0,0.00,,,,,,,
All,WhatsApp Channels,2026-01-01/2026-06-30,KEYWORD_PHISHING,,TOTAL,0,0,0,0,0,0,0.00,,,,,,,
All,WhatsApp Channels,2026-01-01/2026-06-30,KEYWORD_PYRAMID_SCHEMES,,TOTAL,0,0,0,0,0,0,0.00,,,,,,,
All,WhatsApp Channels,2026-01-01/2026-06-30,KEYWORD_OTHER_FINANCIAL_FRAUDS_SCAMS,"Added category to record Article 10 member state order submissions to provide information alleging financial fraud and scams as the reason for the request.
",TOTAL,0,0,0,0,113,0,199.46,,,,,,,
All,WhatsApp Channels,2026-01-01/2026-06-30,KEYWORD_OTHER_FRAUD_AND_DECEPTION,Added category to record Article 9 member state order submissions alleging fraud.,TOTAL,0,0,0,0,0,0,0.00,,,,,,,
All,WhatsApp Channels,2026-01-01/2026-06-30,KEYWORD_OTHER_SPAM,Added category to record Article 9 member state order submissions alleging spam.,TOTAL,0,0,0,0,0,0,0.00,,,,,,,
All,WhatsApp Channels,2026-01-01/2026-06-30,KEYWORD_OTHER_GAMBLING ,This row was added for use in other parts of our report. We have included it here for consistency across the report.,TOTAL,0,0,0,0,0,0,0.00,,,,,,,
All,WhatsApp Channels,2026-01-01/2026-06-30,STATEMENT_CATEGORY_SELF_HARM,,TOTAL,0,0,0,0,1,0,46.95,,,,,,,
All,WhatsApp Channels,2026-01-01/2026-06-30,KEYWORD_CONTENT_PROMOTING_EATING_DISORDERS,,TOTAL,0,0,0,0,0,0,0.00,,,,,,,
All,WhatsApp Channels,2026-01-01/2026-06-30,KEYWORD_SELF_MUTILATION,,TOTAL,0,0,0,0,0,0,0.00,,,,,,,
All,WhatsApp Channels,2026-01-01/2026-06-30,KEYWORD_SUICIDE,,TOTAL,0,0,0,0,1,0,46.95,,,,,,,
All,WhatsApp Channels,2026-01-01/2026-06-30,STATEMENT_CATEGORY_UNSAFE_AND_PROHIBITED_PRODUCTS,,TOTAL,0,0,0,0,12,0,116.42,,,,,,,
All,WhatsApp Channels,2026-01-01/2026-06-30,KEYWORD_PROHIBITED_PRODUCTS,,TOTAL,0,0,0,0,12,0,116.42,,,,,,,
All,WhatsApp Channels,2026-01-01/2026-06-30,KEYWORD_UNSAFE_PRODUCTS,,TOTAL,0,0,0,0,0,0,0.00,,,,,,,
All,WhatsApp Channels,2026-01-01/2026-06-30,KEYWORD_OTHER_GOODS_SERVICES_NOT_PERMITTED,"Added category to record Article 9 member state order submissions alleging unsafe substances, tobacco, alcohol, unsafe medical products, or unsafe financial services.",TOTAL,0,0,0,0,0,0,0.00,,,,,,,
All,WhatsApp Channels,2026-01-01/2026-06-30,KEYWORD_OTHER_NUDITY_SEXUAL_ACTIVITY,Added category to capture Article 9 member state order submissions alleging nudity or sexual activity.,TOTAL,0,0,0,0,0,0,0.00,,,,,,,
All,WhatsApp Channels,2026-01-01/2026-06-30,STATEMENT_CATEGORY_VIOLENCE,,TOTAL,0,0,0,0,16,0,117.54,,,,,,,
All,WhatsApp Channels,2026-01-01/2026-06-30,KEYWORD_COORDINATED_HARM,,TOTAL,0,0,0,0,1,0,,,,,,,,
All,WhatsApp Channels,2026-01-01/2026-06-30,KEYWORD_INCITEMENT_VIOLENCE_HATRED,,TOTAL,0,0,0,0,0,0,0.00,,,,,,,
All,WhatsApp Channels,2026-01-01/2026-06-30,KEYWORD_HUMAN_EXPLOITATION,,TOTAL,0,0,0,0,4,0,25.66,,,,,,,
All,WhatsApp Channels,2026-01-01/2026-06-30,KEYWORD_HUMAN_TRAFFICKING,,TOTAL,0,0,0,0,1,0,176.49,,,,,,,
All,WhatsApp Channels,2026-01-01/2026-06-30,KEYWORD_TRAFFICKING_WOMEN_GIRLS,,TOTAL,0,0,0,0,0,0,0.00,,,,,,,
All,WhatsApp Channels,2026-01-01/2026-06-30,KEYWORD_OTHER_MURDER,Added category to record Article 10 member state order submissions to provide information alleging murder as the reason for the request.,TOTAL,0,0,0,0,2,0,166.12,,,,,,,
All,WhatsApp Channels,2026-01-01/2026-06-30,KEYWORD_OTHER_KIDNAPPED_OR_MISSING_PERSON,Added category to record Article 10 member state order submissions to provide information alleging kidnapping or missing person as the reason for the request.,TOTAL,0,0,0,0,2,0,94.72,,,,,,,
All,WhatsApp Channels,2026-01-01/2026-06-30,KEYWORD_OTHER_PHYSICAL_ASSAULT,Added category to record Article 10 member state order submissions to provide information alleging physical assault as the reason for the request.,TOTAL,0,0,0,0,0,0,0.00,,,,,,,
All,WhatsApp Channels,2026-01-01/2026-06-30,KEYWORD_OTHER_SEX_CRIME_SEXUAL_ASSAULT,Added category to record Article 10 member state order submissions to provide information alleging a sex crime or sexual assault as the reason for the request.,TOTAL,0,0,0,0,1,0,,,,,,,,
All,WhatsApp Channels,2026-01-01/2026-06-30,KEYWORD_OTHER_GRAPHIC_VIOLENCE,Added category to record Article 9 member state order submissions alleging graphic violence.,TOTAL,0,0,0,0,0,0,0.00,,,,,,,
All,WhatsApp Channels,2026-01-01/2026-06-30,KEYWORD_OTHER_THREATS_OF_VIOLENCE,Added category to record Article 10 member state order submissions alleging threats of violence.,TOTAL,0,0,0,0,5,0,422.26,,,,,,,
All,WhatsApp Channels,2026-01-01/2026-06-30,STATEMENT_CATEGORY_NOT_SPECIFIED_ORDER,,TOTAL,1,1,0,0.38,0,0,0.00,,,,,,,
All,WhatsApp Channels,2026-01-01/2026-06-30,TOTAL,,AT,0,0,0,0,0,0,0.00,,,,,,,
,,,,,BE,0,0,0,0,0,0,0.00,,,,,,,
,,,,,BG,0,0,0,0,0,0,0.00,,,,,,,
,,,,,HR,0,0,0,0,0,0,0.00,,,,,,,
,,,,,CY,0,0,0,0,0,0,0.00,,,,,,,
,,,,,CZ,0,0,0,0,0,0,0.00,,,,,,,
,,,,,DK,0,0,0,0,0,0,0.00,,,,,,,
,,,,,EE,0,0,0,0,0,0,0.00,,,,,,,
,,,,,FI,0,0,0,0,0,0,0.00,,,,,,,
,,,,,FR,0,0,0,0,29,0,114.61,,,,,,,
,,,,,DE,1,1,0,0.38,83,0,224.57,,,,,,,
,,,,,EL,0,0,0,0,0,0,0.00,,,,,,,
,,,,,HU,0,0,0,0,5,0,,,,,,,,
,,,,,IE,0,0,0,0,1,0,,,,,,,,
,,,,,IT,0,0,0,0,18,0,215.07,,,,,,,
,,,,,LV,0,0,0,0,1,0,,,,,,,,
,,,,,LT,0,0,0,0,1,0,,,,,,,,
,,,,,LU,0,0,0,0,0,0,0.00,,,,,,,
,,,,,MT,0,0,0,0,0,0,0.00,,,,,,,
,,,,,NL,0,0,0,0,0,0,0.00,,,,,,,
,,,,,PL,0,0,0,0,16,0,135.38,,,,,,,
,,,,,PT,0,0,0,0,4,0,477.40,,,,,,,
,,,,,RO,0,0,0,0,2,0,,,,,,,,
,,,,,SK,0,0,0,0,0,0,0.00,,,,,,,
,,,,,SI,0,0,0,0,0,0,0.00,,,,,,,
,,,,,ES,0,0,0,0,0,0,0.00,,,,,,,
,,,,,SE,0,0,0,0,0,0,0.00,,,,,,,
All,WhatsApp Channels,2026-01-01/2026-06-30,STATEMENT_CATEGORY_ANIMAL_WELFARE,,AT,0,0,0,0,0,0,0.00,,,,,,,
,,,,,BE,0,0,0,0,0,0,0.00,,,,,,,
,,,,,BG,0,0,0,0,0,0,0.00,,,,,,,
,,,,,HR,0,0,0,0,0,0,0.00,,,,,,,
,,,,,CY,0,0,0,0,0,0,0.00,,,,,,,
,,,,,CZ,0,0,0,0,0,0,0.00,,,,,,,
,,,,,DK,0,0,0,0,0,0,0.00,,,,,,,
,,,,,EE,0,0,0,0,0,0,0.00,,,,,,,
,,,,,FI,0,0,0,0,0,0,0.00,,,,,,,
,,,,,FR,0,0,0,0,0,0,0.00,,,,,,,
,,,,,DE,0,0,0,0,0,0,0.00,,,,,,,
,,,,,EL,0,0,0,0,0,0,0.00,,,,,,,
,,,,,HU,0,0,0,0,0,0,0.00,,,,,,,
,,,,,IE,0,0,0,0,0,0,0.00,,,,,,,
,,,,,IT,0,0,0,0,0,0,0.00,,,,,,,
,,,,,LV,0,0,0,0,0,0,0.00,,,,,,,
,,,,,LT,0,0,0,0,0,0,0.00,,,,,,,
,,,,,LU,0,0,0,0,0,0,0.00,,,,,,,
,,,,,MT,0,0,0,0,0,0,0.00,,,,,,,
,,,,,NL,0,0,0,0,0,0,0.00,,,,,,,
,,,,,PL,0,0,0,0,0,0,0.00,,,,,,,
,,,,,PT,0,0,0,0,0,0,0.00,,,,,,,
,,,,,RO,0,0,0,0,0,0,0.00,,,,,,,
,,,,,SK,0,0,0,0,0,0,0.00,,,,,,,
,,,,,SI,0,0,0,0,0,0,0.00,,,,,,,
,,,,,ES,0,0,0,0,0,0,0.00,,,,,,,
,,,,,SE,0,0,0,0,0,0,0.00,,,,,,,
All,WhatsApp Channels,2026-01-01/2026-06-30,KEYWORD_ANIMAL_HARM,,AT,0,0,0,0,0,0,0.00,,,,,,,
,,,,,BE,0,0,0,0,0,0,0.00,,,,,,,
,,,,,BG,0,0,0,0,0,0,0.00,,,,,,,
,,,,,HR,0,0,0,0,0,0,0.00,,,,,,,
,,,,,CY,0,0,0,0,0,0,0.00,,,,,,,
,,,,,CZ,0,0,0,0,0,0,0.00,,,,,,,
,,,,,DK,0,0,0,0,0,0,0.00,,,,,,,
,,,,,EE,0,0,0,0,0,0,0.00,,,,,,,
,,,,,FI,0,0,0,0,0,0,0.00,,,,,,,
,,,,,FR,0,0,0,0,0,0,0.00,,,,,,,
,,,,,DE,0,0,0,0,0,0,0.00,,,,,,,
,,,,,EL,0,0,0,0,0,0,0.00,,,,,,,
,,,,,HU,0,0,0,0,0,0,0.00,,,,,,,
,,,,,IE,0,0,0,0,0,0,0.00,,,,,,,
,,,,,IT,0,0,0,0,0,0,0.00,,,,,,,
,,,,,LV,0,0,0,0,0,0,0.00,,,,,,,
,,,,,LT,0,0,0,0,0,0,0.00,,,,,,,
,,,,,LU,0,0,0,0,0,0,0.00,,,,,,,
,,,,,MT,0,0,0,0,0,0,0.00,,,,,,,
,,,,,NL,0,0,0,0,0,0,0.00,,,,,,,
,,,,,PL,0,0,0,0,0,0,0.00,,,,,,,
,,,,,PT,0,0,0,0,0,0,0.00,,,,,,,
,,,,,RO,0,0,0,0,0,0,0.00,,,,,,,
,,,,,SK,0,0,0,0,0,0,0.00,,,,,,,
,,,,,SI,0,0,0,0,0,0,0.00,,,,,,,
,,,,,ES,0,0,0,0,0,0,0.00,,,,,,,
,,,,,SE,0,0,0,0,0,0,0.00,,,,,,,
All,WhatsApp Channels,2026-01-01/2026-06-30,KEYWORD_UNLAWFUL_SALE_ANIMALS,,AT,0,0,0,0,0,0,0.00,,,,,,,
,,,,,BE,0,0,0,0,0,0,0.00,,,,,,,
,,,,,BG,0,0,0,0,0,0,0.00,,,,,,,
,,,,,HR,0,0,0,0,0,0,0.00,,,,,,,
,,,,,CY,0,0,0,0,0,0,0.00,,,,,,,
,,,,,CZ,0,0,0,0,0,0,0.00,,,,,,,
,,,,,DK,0,0,0,0,0,0,0.00,,,,,,,
,,,,,EE,0,0,0,0,0,0,0.00,,,,,,,
,,,,,FI,0,0,0,0,0,0,0.00,,,,,,,
,,,,,FR,0,0,0,0,0,0,0.00,,,,,,,
,,,,,DE,0,0,0,0,0,0,0.00,,,,,,,
,,,,,EL,0,0,0,0,0,0,0.00,,,,,,,
,,,,,HU,0,0,0,0,0,0,0.00,,,,,,,
,,,,,IE,0,0,0,0,0,0,0.00,,,,,,,
,,,,,IT,0,0,0,0,0,0,0.00,,,,,,,
,,,,,LV,0,0,0,0,0,0,0.00,,,,,,,
,,,,,LT,0,0,0,0,0,0,0.00,,,,,,,
,,,,,LU,0,0,0,0,0,0,0.00,,,,,,,
,,,,,MT,0,0,0,0,0,0,0.00,,,,,,,
,,,,,NL,0,0,0,0,0,0,0.00,,,,,,,
,,,,,PL,0,0,0,0,0,0,0.00,,,,,,,
,,,,,PT,0,0,0,0,0,0,0.00,,,,,,,
,,,,,RO,0,0,0,0,0,0,0.00,,,,,,,
,,,,,SK,0,0,0,0,0,0,0.00,,,,,,,
,,,,,SI,0,0,0,0,0,0,0.00,,,,,,,
,,,,,ES,0,0,0,0,0,0,0.00,,,,,,,
,,,,,SE,0,0,0,0,0,0,0.00,,,,,,,
All,WhatsApp Channels,2026-01-01/2026-06-30,STATEMENT_CATEGORY_CONSUMER_INFORMATION,,AT,0,0,0,0,0,0,0.00,,,,,,,
,,,,,BE,0,0,0,0,0,0,0.00,,,,,,,
,,,,,BG,0,0,0,0,0,0,0.00,,,,,,,
,,,,,HR,0,0,0,0,0,0,0.00,,,,,,,
,,,,,CY,0,0,0,0,0,0,0.00,,,,,,,
,,,,,CZ,0,0,0,0,0,0,0.00,,,,,,,
,,,,,DK,0,0,0,0,0,0,0.00,,,,,,,
,,,,,EE,0,0,0,0,0,0,0.00,,,,,,,
,,,,,FI,0,0,0,0,0,0,0.00,,,,,,,
,,,,,FR,0,0,0,0,0,0,0.00,,,,,,,
,,,,,DE,0,0,0,0,0,0,0.00,,,,,,,
,,,,,EL,0,0,0,0,0,0,0.00,,,,,,,
,,,,,HU,0,0,0,0,0,0,0.00,,,,,,,
,,,,,IE,0,0,0,0,0,0,0.00,,,,,,,
,,,,,IT,0,0,0,0,0,0,0.00,,,,,,,
,,,,,LV,0,0,0,0,0,0,0.00,,,,,,,
,,,,,LT,0,0,0,0,0,0,0.00,,,,,,,
,,,,,LU,0,0,0,0,0,0,0.00,,,,,,,
,,,,,MT,0,0,0,0,0,0,0.00,,,,,,,
,,,,,NL,0,0,0,0,0,0,0.00,,,,,,,
,,,,,PL,0,0,0,0,0,0,0.00,,,,,,,
,,,,,PT,0,0,0,0,0,0,0.00,,,,,,,
,,,,,RO,0,0,0,0,0,0,0.00,,,,,,,
,,,,,SK,0,0,0,0,0,0,0.00,,,,,,,
,,,,,SI,0,0,0,0,0,0,0.00,,,,,,,
,,,,,ES,0,0,0,0,0,0,0.00,,,,,,,
,,,,,SE,0,0,0,0,0,0,0.00,,,,,,,
All,WhatsApp Channels,2026-01-01/2026-06-30,KEYWORD_HIDDEN_ADVERTISEMENT,,AT,0,0,0,0,0,0,0.00,,,,,,,
,,,,,BE,0,0,0,0,0,0,0.00,,,,,,,
,,,,,BG,0,0,0,0,0,0,0.00,,,,,,,
,,,,,HR,0,0,0,0,0,0,0.00,,,,,,,
,,,,,CY,0,0,0,0,0,0,0.00,,,,,,,
,,,,,CZ,0,0,0,0,0,0,0.00,,,,,,,
,,,,,DK,0,0,0,0,0,0,0.00,,,,,,,
,,,,,EE,0,0,0,0,0,0,0.00,,,,,,,
,,,,,FI,0,0,0,0,0,0,0.00,,,,,,,
,,,,,FR,0,0,0,0,0,0,0.00,,,,,,,
,,,,,DE,0,0,0,0,0,0,0.00,,,,,,,
,,,,,EL,0,0,0,0,0,0,0.00,,,,,,,
,,,,,HU,0,0,0,0,0,0,0.00,,,,,,,
,,,,,IE,0,0,0,0,0,0,0.00,,,,,,,
,,,,,IT,0,0,0,0,0,0,0.00,,,,,,,
,,,,,LV,0,0,0,0,0,0,0.00,,,,,,,
,,,,,LT,0,0,0,0,0,0,0.00,,,,,,,
,,,,,LU,0,0,0,0,0,0,0.00,,,,,,,
,,,,,MT,0,0,0,0,0,0,0.00,,,,,,,
,,,,,NL,0,0,0,0,0,0,0.00,,,,,,,
,,,,,PL,0,0,0,0,0,0,0.00,,,,,,,
,,,,,PT,0,0,0,0,0,0,0.00,,,,,,,
,,,,,RO,0,0,0,0,0,0,0.00,,,,,,,
,,,,,SK,0,0,0,0,0,0,0.00,,,,,,,
,,,,,SI,0,0,0,0,0,0,0.00,,,,,,,
,,,,,ES,0,0,0,0,0,0,0.00,,,,,,,
,,,,,SE,0,0,0,0,0,0,0.00,,,,,,,
All,WhatsApp Channels,2026-01-01/2026-06-30,KEYWORD_INSUFFICIENT_INFORMATION_ON_TRADERS,,AT,0,0,0,0,0,0,0.00,,,,,,,
,,,,,BE,0,0,0,0,0,0,0.00,,,,,,,
,,,,,BG,0,0,0,0,0,0,0.00,,,,,,,
,,,,,HR,0,0,0,0,0,0,0.00,,,,,,,
,,,,,CY,0,0,0,0,0,0,0.00,,,,,,,
,,,,,CZ,0,0,0,0,0,0,0.00,,,,,,,
,,,,,DK,0,0,0,0,0,0,0.00,,,,,,,
,,,,,EE,0,0,0,0,0,0,0.00,,,,,,,
,,,,,FI,0,0,0,0,0,0,0.00,,,,,,,
,,,,,FR,0,0,0,0,0,0,0.00,,,,,,,
,,,,,DE,0,0,0,0,0,0,0.00,,,,,,,
,,,,,EL,0,0,0,0,0,0,0.00,,,,,,,
,,,,,HU,0,0,0,0,0,0,0.00,,,,,,,
,,,,,IE,0,0,0,0,0,0,0.00,,,,,,,
,,,,,IT,0,0,0,0,0,0,0.00,,,,,,,
,,,,,LV,0,0,0,0,0,0,0.00,,,,,,,
,,,,,LT,0,0,0,0,0,0,0.00,,,,,,,
,,,,,LU,0,0,0,0,0,0,0.00,,,,,,,
,,,,,MT,0,0,0,0,0,0,0.00,,,,,,,
,,,,,NL,0,0,0,0,0,0,0.00,,,,,,,
,,,,,PL,0,0,0,0,0,0,0.00,,,,,,,
,,,,,PT,0,0,0,0,0,0,0.00,,,,,,,
,,,,,RO,0,0,0,0,0,0,0.00,,,,,,,
,,,,,SK,0,0,0,0,0,0,0.00,,,,,,,
,,,,,SI,0,0,0,0,0,0,0.00,,,,,,,
,,,,,ES,0,0,0,0,0,0,0.00,,,,,,,
,,,,,SE,0,0,0,0,0,0,0.00,,,,,,,
All,WhatsApp Channels,2026-01-01/2026-06-30,KEYWORD_MISLEADING_INFO_GOODS_SERVICES,,AT,0,0,0,0,0,0,0.00,,,,,,,
,,,,,BE,0,0,0,0,0,0,0.00,,,,,,,
,,,,,BG,0,0,0,0,0,0,0.00,,,,,,,
,,,,,HR,0,0,0,0,0,0,0.00,,,,,,,
,,,,,CY,0,0,0,0,0,0,0.00,,,,,,,
,,,,,CZ,0,0,0,0,0,0,0.00,,,,,,,
,,,,,DK,0,0,0,0,0,0,0.00,,,,,,,
,,,,,EE,0,0,0,0,0,0,0.00,,,,,,,
,,,,,FI,0,0,0,0,0,0,0.00,,,,,,,
,,,,,FR,0,0,0,0,0,0,0.00,,,,,,,
,,,,,DE,0,0,0,0,0,0,0.00,,,,,,,
,,,,,EL,0,0,0,0,0,0,0.00,,,,,,,
,,,,,HU,0,0,0,0,0,0,0.00,,,,,,,
,,,,,IE,0,0,0,0,0,0,0.00,,,,,,,
,,,,,IT,0,0,0,0,0,0,0.00,,,,,,,
,,,,,LV,0,0,0,0,0,0,0.00,,,,,,,
,,,,,LT,0,0,0,0,0,0,0.00,,,,,,,
,,,,,LU,0,0,0,0,0,0,0.00,,,,,,,
,,,,,MT,0,0,0,0,0,0,0.00,,,,,,,
,,,,,NL,0,0,0,0,0,0,0.00,,,,,,,
,,,,,PL,0,0,0,0,0,0,0.00,,,,,,,
,,,,,PT,0,0,0,0,0,0,0.00,,,,,,,
,,,,,RO,0,0,0,0,0,0,0.00,,,,,,,
,,,,,SK,0,0,0,0,0,0,0.00,,,,,,,
,,,,,SI,0,0,0,0,0,0,0.00,,,,,,,
,,,,,ES,0,0,0,0,0,0,0.00,,,,,,,
,,,,,SE,0,0,0,0,0,0,0.00,,,,,,,
All,WhatsApp Channels,2026-01-01/2026-06-30,KEYWORD_MISLEADING_INFO_CONSUMER_RIGHTS,,AT,0,0,0,0,0,0,0.00,,,,,,,
,,,,,BE,0,0,0,0,0,0,0.00,,,,,,,
,,,,,BG,0,0,0,0,0,0,0.00,,,,,,,
,,,,,HR,0,0,0,0,0,0,0.00,,,,,,,
,,,,,CY,0,0,0,0,0,0,0.00,,,,,,,
,,,,,CZ,0,0,0,0,0,0,0.00,,,,,,,
,,,,,DK,0,0,0,0,0,0,0.00,,,,,,,
,,,,,EE,0,0,0,0,0,0,0.00,,,,,,,
,,,,,FI,0,0,0,0,0,0,0.00,,,,,,,
,,,,,FR,0,0,0,0,0,0,0.00,,,,,,,
,,,,,DE,0,0,0,0,0,0,0.00,,,,,,,
,,,,,EL,0,0,0,0,0,0,0.00,,,,,,,
,,,,,HU,0,0,0,0,0,0,0.00,,,,,,,
,,,,,IE,0,0,0,0,0,0,0.00,,,,,,,
,,,,,IT,0,0,0,0,0,0,0.00,,,,,,,
,,,,,LV,0,0,0,0,0,0,0.00,,,,,,,
,,,,,LT,0,0,0,0,0,0,0.00,,,,,,,
,,,,,LU,0,0,0,0,0,0,0.00,,,,,,,
,,,,,MT,0,0,0,0,0,0,0.00,,,,,,,
,,,,,NL,0,0,0,0,0,0,0.00,,,,,,,
,,,,,PL,0,0,0,0,0,0,0.00,,,,,,,
,,,,,PT,0,0,0,0,0,0,0.00,,,,,,,
,,,,,RO,0,0,0,0,0,0,0.00,,,,,,,
,,,,,SK,0,0,0,0,0,0,0.00,,,,,,,
,,,,,SI,0,0,0,0,0,0,0.00,,,,,,,
,,,,,ES,0,0,0,0,0,0,0.00,,,,,,,
,,,,,SE,0,0,0,0,0,0,0.00,,,,,,,
All,WhatsApp Channels,2026-01-01/2026-06-30,KEYWORD_NONCOMPLIANCE_PRICING,,AT,0,0,0,0,0,0,0.00,,,,,,,
,,,,,BE,0,0,0,0,0,0,0.00,,,,,,,
,,,,,BG,0,0,0,0,0,0,0.00,,,,,,,
,,,,,HR,0,0,0,0,0,0,0.00,,,,,,,
,,,,,CY,0,0,0,0,0,0,0.00,,,,,,,
,,,,,CZ,0,0,0,0,0,0,0.00,,,,,,,
,,,,,DK,0,0,0,0,0,0,0.00,,,,,,,
,,,,,EE,0,0,0,0,0,0,0.00,,,,,,,
,,,,,FI,0,0,0,0,0,0,0.00,,,,,,,
,,,,,FR,0,0,0,0,0,0,0.00,,,,,,,
,,,,,DE,0,0,0,0,0,0,0.00,,,,,,,
,,,,,EL,0,0,0,0,0,0,0.00,,,,,,,
,,,,,HU,0,0,0,0,0,0,0.00,,,,,,,
,,,,,IE,0,0,0,0,0,0,0.00,,,,,,,
,,,,,IT,0,0,0,0,0,0,0.00,,,,,,,
,,,,,LV,0,0,0,0,0,0,0.00,,,,,,,
,,,,,LT,0,0,0,0,0,0,0.00,,,,,,,
,,,,,LU,0,0,0,0,0,0,0.00,,,,,,,
,,,,,MT,0,0,0,0,0,0,0.00,,,,,,,
,,,,,NL,0,0,0,0,0,0,0.00,,,,,,,
,,,,,PL,0,0,0,0,0,0,0.00,,,,,,,
,,,,,PT,0,0,0,0,0,0,0.00,,,,,,,
,,,,,RO,0,0,0,0,0,0,0.00,,,,,,,
,,,,,SK,0,0,0,0,0,0,0.00,,,,,,,
,,,,,SI,0,0,0,0,0,0,0.00,,,,,,,
,,,,,ES,0,0,0,0,0,0,0.00,,,,,,,
,,,,,SE,0,0,0,0,0,0,0.00,,,,,,,
All,WhatsApp Channels,2026-01-01/2026-06-30,KEYWORD_OTHER_ADVERTISING,Added category to capture Article 10 data requests alleging advertisement(s) as the reason for the request.,AT,0,0,0,0,0,0,0.00,,,,,,,
,,,,,BE,0,0,0,0,0,0,0.00,,,,,,,
,,,,,BG,0,0,0,0,0,0,0.00,,,,,,,
,,,,,HR,0,0,0,0,0,0,0.00,,,,,,,
,,,,,CY,0,0,0,0,0,0,0.00,,,,,,,
,,,,,CZ,0,0,0,0,0,0,0.00,,,,,,,
,,,,,DK,0,0,0,0,0,0,0.00,,,,,,,
,,,,,EE,0,0,0,0,0,0,0.00,,,,,,,
,,,,,FI,0,0,0,0,0,0,0.00,,,,,,,
,,,,,FR,0,0,0,0,0,0,0.00,,,,,,,
,,,,,DE,0,0,0,0,0,0,0.00,,,,,,,
,,,,,EL,0,0,0,0,0,0,0.00,,,,,,,
,,,,,HU,0,0,0,0,0,0,0.00,,,,,,,
,,,,,IE,0,0,0,0,0,0,0.00,,,,,,,
,,,,,IT,0,0,0,0,0,0,0.00,,,,,,,
,,,,,LV,0,0,0,0,0,0,0.00,,,,,,,
,,,,,LT,0,0,0,0,0,0,0.00,,,,,,,
,,,,,LU,0,0,0,0,0,0,0.00,,,,,,,
,,,,,MT,0,0,0,0,0,0,0.00,,,,,,,
,,,,,NL,0,0,0,0,0,0,0.00,,,,,,,
,,,,,PL,0,0,0,0,0,0,0.00,,,,,,,
,,,,,PT,0,0,0,0,0,0,0.00,,,,,,,
,,,,,RO,0,0,0,0,0,0,0.00,,,,,,,
,,,,,SK,0,0,0,0,0,0,0.00,,,,,,,
,,,,,SI,0,0,0,0,0,0,0.00,,,,,,,
,,,,,ES,0,0,0,0,0,0,0.00,,,,,,,
,,,,,SE,0,0,0,0,0,0,0.00,,,,,,,
All,WhatsApp Channels,2026-01-01/2026-06-30,KEYWORD_OTHER_DISCRIMINATORY_PRACTICES,Added category to record Article 9 member state order submissions alleging discriminatory practices.,AT,0,0,0,0,0,0,0.00,,,,,,,
,,,,,BE,0,0,0,0,0,0,0.00,,,,,,,
,,,,,BG,0,0,0,0,0,0,0.00,,,,,,,
,,,,,HR,0,0,0,0,0,0,0.00,,,,,,,
,,,,,CY,0,0,0,0,0,0,0.00,,,,,,,
,,,,,CZ,0,0,0,0,0,0,0.00,,,,,,,
,,,,,DK,0,0,0,0,0,0,0.00,,,,,,,
,,,,,EE,0,0,0,0,0,0,0.00,,,,,,,
,,,,,FI,0,0,0,0,0,0,0.00,,,,,,,
,,,,,FR,0,0,0,0,0,0,0.00,,,,,,,
,,,,,DE,0,0,0,0,0,0,0.00,,,,,,,
,,,,,EL,0,0,0,0,0,0,0.00,,,,,,,
,,,,,HU,0,0,0,0,0,0,0.00,,,,,,,
,,,,,IE,0,0,0,0,0,0,0.00,,,,,,,
,,,,,IT,0,0,0,0,0,0,0.00,,,,,,,
,,,,,LV,0,0,0,0,0,0,0.00,,,,,,,
,,,,,LT,0,0,0,0,0,0,0.00,,,,,,,
,,,,,LU,0,0,0,0,0,0,0.00,,,,,,,
,,,,,MT,0,0,0,0,0,0,0.00,,,,,,,
,,,,,NL,0,0,0,0,0,0,0.00,,,,,,,
,,,,,PL,0,0,0,0,0,0,0.00,,,,,,,
,,,,,PT,0,0,0,0,0,0,0.00,,,,,,,
,,,,,RO,0,0,0,0,0,0,0.00,,,,,,,
,,,,,SK,0,0,0,0,0,0,0.00,,,,,,,
,,,,,SI,0,0,0,0,0,0,0.00,,,,,,,
,,,,,ES,0,0,0,0,0,0,0.00,,,,,,,
,,,,,SE,0,0,0,0,0,0,0.00,,,,,,,
All,WhatsApp Channels,2026-01-01/2026-06-30,KEYWORD_OTHER_PAYER_BENEFICIARY,Added category to record Article 9 member state order submissions alleging payer and beneficiary violations.,AT,0,0,0,0,0,0,0.00,,,,,,,
,,,,,BE,0,0,0,0,0,0,0.00,,,,,,,
,,,,,BG,0,0,0,0,0,0,0.00,,,,,,,
,,,,,HR,0,0,0,0,0,0,0.00,,,,,,,
,,,,,CY,0,0,0,0,0,0,0.00,,,,,,,
,,,,,CZ,0,0,0,0,0,0,0.00,,,,,,,
,,,,,DK,0,0,0,0,0,0,0.00,,,,,,,
,,,,,EE,0,0,0,0,0,0,0.00,,,,,,,
,,,,,FI,0,0,0,0,0,0,0.00,,,,,,,
,,,,,FR,0,0,0,0,0,0,0.00,,,,,,,
,,,,,DE,0,0,0,0,0,0,0.00,,,,,,,
,,,,,EL,0,0,0,0,0,0,0.00,,,,,,,
,,,,,HU,0,0,0,0,0,0,0.00,,,,,,,
,,,,,IE,0,0,0,0,0,0,0.00,,,,,,,
,,,,,IT,0,0,0,0,0,0,0.00,,,,,,,
,,,,,LV,0,0,0,0,0,0,0.00,,,,,,,
,,,,,LT,0,0,0,0,0,0,0.00,,,,,,,
,,,,,LU,0,0,0,0,0,0,0.00,,,,,,,
,,,,,MT,0,0,0,0,0,0,0.00,,,,,,,
,,,,,NL,0,0,0,0,0,0,0.00,,,,,,,
,,,,,PL,0,0,0,0,0,0,0.00,,,,,,,
,,,,,PT,0,0,0,0,0,0,0.00,,,,,,,
,,,,,RO,0,0,0,0,0,0,0.00,,,,,,,
,,,,,SK,0,0,0,0,0,0,0.00,,,,,,,
,,,,,SI,0,0,0,0,0,0,0.00,,,,,,,
,,,,,ES,0,0,0,0,0,0,0.00,,,,,,,
,,,,,SE,0,0,0,0,0,0,0.00,,,,,,,
All,WhatsApp Channels,2026-01-01/2026-06-30,STATEMENT_CATEGORY_CYBER_VIOLENCE,,AT,0,0,0,0,0,0,0.00,,,,,,,
,,,,,BE,0,0,0,0,0,0,0.00,,,,,,,
,,,,,BG,0,0,0,0,0,0,0.00,,,,,,,
,,,,,HR,0,0,0,0,0,0,0.00,,,,,,,
,,,,,CY,0,0,0,0,0,0,0.00,,,,,,,
,,,,,CZ,0,0,0,0,0,0,0.00,,,,,,,
,,,,,DK,0,0,0,0,0,0,0.00,,,,,,,
,,,,,EE,0,0,0,0,0,0,0.00,,,,,,,
,,,,,FI,0,0,0,0,0,0,0.00,,,,,,,
,,,,,FR,0,0,0,0,1,0,98.39,,,,,,,
,,,,,DE,0,0,0,0,0,0,0.00,,,,,,,
,,,,,EL,0,0,0,0,0,0,0.00,,,,,,,
,,,,,HU,0,0,0,0,0,0,0.00,,,,,,,
,,,,,IE,0,0,0,0,0,0,0.00,,,,,,,
,,,,,IT,0,0,0,0,0,0,0.00,,,,,,,
,,,,,LV,0,0,0,0,0,0,0.00,,,,,,,
,,,,,LT,0,0,0,0,0,0,0.00,,,,,,,
,,,,,LU,0,0,0,0,0,0,0.00,,,,,,,
,,,,,MT,0,0,0,0,0,0,0.00,,,,,,,
,,,,,NL,0,0,0,0,0,0,0.00,,,,,,,
,,,,,PL,0,0,0,0,0,0,0.00,,,,,,,
,,,,,PT,0,0,0,0,0,0,0.00,,,,,,,
,,,,,RO,0,0,0,0,0,0,0.00,,,,,,,
,,,,,SK,0,0,0,0,0,0,0.00,,,,,,,
,,,,,SI,0,0,0,0,0,0,0.00,,,,,,,
,,,,,ES,0,0,0,0,0,0,0.00,,,,,,,
,,,,,SE,0,0,0,0,0,0,0.00,,,,,,,
All,WhatsApp Channels,2026-01-01/2026-06-30,KEYWORD_CYBER_BULLYING_INTIMIDATION,,AT,0,0,0,0,0,0,0.00,,,,,,,
,,,,,BE,0,0,0,0,0,0,0.00,,,,,,,
,,,,,BG,0,0,0,0,0,0,0.00,,,,,,,
,,,,,HR,0,0,0,0,0,0,0.00,,,,,,,
,,,,,CY,0,0,0,0,0,0,0.00,,,,,,,
,,,,,CZ,0,0,0,0,0,0,0.00,,,,,,,
,,,,,DK,0,0,0,0,0,0,0.00,,,,,,,
,,,,,EE,0,0,0,0,0,0,0.00,,,,,,,
,,,,,FI,0,0,0,0,0,0,0.00,,,,,,,
,,,,,FR,0,0,0,0,1,0,98.39,,,,,,,
,,,,,DE,0,0,0,0,0,0,0.00,,,,,,,
,,,,,EL,0,0,0,0,0,0,0.00,,,,,,,
,,,,,HU,0,0,0,0,0,0,0.00,,,,,,,
,,,,,IE,0,0,0,0,0,0,0.00,,,,,,,
,,,,,IT,0,0,0,0,0,0,0.00,,,,,,,
,,,,,LV,0,0,0,0,0,0,0.00,,,,,,,
,,,,,LT,0,0,0,0,0,0,0.00,,,,,,,
,,,,,LU,0,0,0,0,0,0,0.00,,,,,,,
,,,,,MT,0,0,0,0,0,0,0.00,,,,,,,
,,,,,NL,0,0,0,0,0,0,0.00,,,,,,,
,,,,,PL,0,0,0,0,0,0,0.00,,,,,,,
,,,,,PT,0,0,0,0,0,0,0.00,,,,,,,
,,,,,RO,0,0,0,0,0,0,0.00,,,,,,,
,,,,,SK,0,0,0,0,0,0,0.00,,,,,,,
,,,,,SI,0,0,0,0,0,0,0.00,,,,,,,
,,,,,ES,0,0,0,0,0,0,0.00,,,,,,,
,,,,,SE,0,0,0,0,0,0,0.00,,,,,,,
All,WhatsApp Channels,2026-01-01/2026-06-30,KEYWORD_CYBER_HARASSMENT,"Category is inclusive of Article 9 member state orders and Article 10 data requests related to bullying and harassment.
",AT,0,0,0,0,0,0,0.00,,,,,,,
,,,,,BE,0,0,0,0,0,0,0.00,,,,,,,
,,,,,BG,0,0,0,0,0,0,0.00,,,,,,,
,,,,,HR,0,0,0,0,0,0,0.00,,,,,,,
,,,,,CY,0,0,0,0,0,0,0.00,,,,,,,
,,,,,CZ,0,0,0,0,0,0,0.00,,,,,,,
,,,,,DK,0,0,0,0,0,0,0.00,,,,,,,
,,,,,EE,0,0,0,0,0,0,0.00,,,,,,,
,,,,,FI,0,0,0,0,0,0,0.00,,,,,,,
,,,,,FR,0,0,0,0,0,0,0.00,,,,,,,
,,,,,DE,0,0,0,0,0,0,0.00,,,,,,,
,,,,,EL,0,0,0,0,0,0,0.00,,,,,,,
,,,,,HU,0,0,0,0,0,0,0.00,,,,,,,
,,,,,IE,0,0,0,0,0,0,0.00,,,,,,,
,,,,,IT,0,0,0,0,0,0,0.00,,,,,,,
,,,,,LV,0,0,0,0,0,0,0.00,,,,,,,
,,,,,LT,0,0,0,0,0,0,0.00,,,,,,,
,,,,,LU,0,0,0,0,0,0,0.00,,,,,,,
,,,,,MT,0,0,0,0,0,0,0.00,,,,,,,
,,,,,NL,0,0,0,0,0,0,0.00,,,,,,,
,,,,,PL,0,0,0,0,0,0,0.00,,,,,,,
,,,,,PT,0,0,0,0,0,0,0.00,,,,,,,
,,,,,RO,0,0,0,0,0,0,0.00,,,,,,,
,,,,,SK,0,0,0,0,0,0,0.00,,,,,,,
,,,,,SI,0,0,0,0,0,0,0.00,,,,,,,
,,,,,ES,0,0,0,0,0,0,0.00,,,,,,,
,,,,,SE,0,0,0,0,0,0,0.00,,,,,,,
All,WhatsApp Channels,2026-01-01/2026-06-30,KEYWORD_CYBER_INCITEMENT,,AT,0,0,0,0,0,0,0.00,,,,,,,
,,,,,BE,0,0,0,0,0,0,0.00,,,,,,,
,,,,,BG,0,0,0,0,0,0,0.00,,,,,,,
,,,,,HR,0,0,0,0,0,0,0.00,,,,,,,
,,,,,CY,0,0,0,0,0,0,0.00,,,,,,,
,,,,,CZ,0,0,0,0,0,0,0.00,,,,,,,
,,,,,DK,0,0,0,0,0,0,0.00,,,,,,,
,,,,,EE,0,0,0,0,0,0,0.00,,,,,,,
,,,,,FI,0,0,0,0,0,0,0.00,,,,,,,
,,,,,FR,0,0,0,0,0,0,0.00,,,,,,,
,,,,,DE,0,0,0,0,0,0,0.00,,,,,,,
,,,,,EL,0,0,0,0,0,0,0.00,,,,,,,
,,,,,HU,0,0,0,0,0,0,0.00,,,,,,,
,,,,,IE,0,0,0,0,0,0,0.00,,,,,,,
,,,,,IT,0,0,0,0,0,0,0.00,,,,,,,
,,,,,LV,0,0,0,0,0,0,0.00,,,,,,,
,,,,,LT,0,0,0,0,0,0,0.00,,,,,,,
,,,,,LU,0,0,0,0,0,0,0.00,,,,,,,
,,,,,MT,0,0,0,0,0,0,0.00,,,,,,,
,,,,,NL,0,0,0,0,0,0,0.00,,,,,,,
,,,,,PL,0,0,0,0,0,0,0.00,,,,,,,
,,,,,PT,0,0,0,0,0,0,0.00,,,,,,,
,,,,,RO,0,0,0,0,0,0,0.00,,,,,,,
,,,,,SK,0,0,0,0,0,0,0.00,,,,,,,
,,,,,SI,0,0,0,0,0,0,0.00,,,,,,,
,,,,,ES,0,0,0,0,0,0,0.00,,,,,,,
,,,,,SE,0,0,0,0,0,0,0.00,,,,,,,
All,WhatsApp Channels,2026-01-01/2026-06-30,KEYWORD_CYBER_STALKING,,AT,0,0,0,0,0,0,0.00,,,,,,,
,,,,,BE,0,0,0,0,0,0,0.00,,,,,,,
,,,,,BG,0,0,0,0,0,0,0.00,,,,,,,
,,,,,HR,0,0,0,0,0,0,0.00,,,,,,,
,,,,,CY,0,0,0,0,0,0,0.00,,,,,,,
,,,,,CZ,0,0,0,0,0,0,0.00,,,,,,,
,,,,,DK,0,0,0,0,0,0,0.00,,,,,,,
,,,,,EE,0,0,0,0,0,0,0.00,,,,,,,
,,,,,FI,0,0,0,0,0,0,0.00,,,,,,,
,,,,,FR,0,0,0,0,0,0,0.00,,,,,,,
,,,,,DE,0,0,0,0,0,0,0.00,,,,,,,
,,,,,EL,0,0,0,0,0,0,0.00,,,,,,,
,,,,,HU,0,0,0,0,0,0,0.00,,,,,,,
,,,,,IE,0,0,0,0,0,0,0.00,,,,,,,
,,,,,IT,0,0,0,0,0,0,0.00,,,,,,,
,,,,,LV,0,0,0,0,0,0,0.00,,,,,,,
,,,,,LT,0,0,0,0,0,0,0.00,,,,,,,
,,,,,LU,0,0,0,0,0,0,0.00,,,,,,,
,,,,,MT,0,0,0,0,0,0,0.00,,,,,,,
,,,,,NL,0,0,0,0,0,0,0.00,,,,,,,
,,,,,PL,0,0,0,0,0,0,0.00,,,,,,,
,,,,,PT,0,0,0,0,0,0,0.00,,,,,,,
,,,,,RO,0,0,0,0,0,0,0.00,,,,,,,
,,,,,SK,0,0,0,0,0,0,0.00,,,,,,,
,,,,,SI,0,0,0,0,0,0,0.00,,,,,,,
,,,,,ES,0,0,0,0,0,0,0.00,,,,,,,
,,,,,SE,0,0,0,0,0,0,0.00,,,,,,,
All,WhatsApp Channels,2026-01-01/2026-06-30,KEYWORD_NON_CONSENSUAL_IMAGE_SHARING,,AT,0,0,0,0,0,0,0.00,,,,,,,
,,,,,BE,0,0,0,0,0,0,0.00,,,,,,,
,,,,,BG,0,0,0,0,0,0,0.00,,,,,,,
,,,,,HR,0,0,0,0,0,0,0.00,,,,,,,
,,,,,CY,0,0,0,0,0,0,0.00,,,,,,,
,,,,,CZ,0,0,0,0,0,0,0.00,,,,,,,
,,,,,DK,0,0,0,0,0,0,0.00,,,,,,,
,,,,,EE,0,0,0,0,0,0,0.00,,,,,,,
,,,,,FI,0,0,0,0,0,0,0.00,,,,,,,
,,,,,FR,0,0,0,0,0,0,0.00,,,,,,,
,,,,,DE,0,0,0,0,0,0,0.00,,,,,,,
,,,,,EL,0,0,0,0,0,0,0.00,,,,,,,
,,,,,HU,0,0,0,0,0,0,0.00,,,,,,,
,,,,,IE,0,0,0,0,0,0,0.00,,,,,,,
,,,,,IT,0,0,0,0,0,0,0.00,,,,,,,
,,,,,LV,0,0,0,0,0,0,0.00,,,,,,,
,,,,,LT,0,0,0,0,0,0,0.00,,,,,,,
,,,,,LU,0,0,0,0,0,0,0.00,,,,,,,
,,,,,MT,0,0,0,0,0,0,0.00,,,,,,,
,,,,,NL,0,0,0,0,0,0,0.00,,,,,,,
,,,,,PL,0,0,0,0,0,0,0.00,,,,,,,
,,,,,PT,0,0,0,0,0,0,0.00,,,,,,,
,,,,,RO,0,0,0,0,0,0,0.00,,,,,,,
,,,,,SK,0,0,0,0,0,0,0.00,,,,,,,
,,,,,SI,0,0,0,0,0,0,0.00,,,,,,,
,,,,,ES,0,0,0,0,0,0,0.00,,,,,,,
,,,,,SE,0,0,0,0,0,0,0.00,,,,,,,
All,WhatsApp Channels,2026-01-01/2026-06-30,KEYWORD_NON_CONSENSUAL_MATERIAL_DEEPFAKE,,AT,0,0,0,0,0,0,0.00,,,,,,,
,,,,,BE,0,0,0,0,0,0,0.00,,,,,,,
,,,,,BG,0,0,0,0,0,0,0.00,,,,,,,
,,,,,HR,0,0,0,0,0,0,0.00,,,,,,,
,,,,,CY,0,0,0,0,0,0,0.00,,,,,,,
,,,,,CZ,0,0,0,0,0,0,0.00,,,,,,,
,,,,,DK,0,0,0,0,0,0,0.00,,,,,,,
,,,,,EE,0,0,0,0,0,0,0.00,,,,,,,
,,,,,FI,0,0,0,0,0,0,0.00,,,,,,,
,,,,,FR,0,0,0,0,0,0,0.00,,,,,,,
,,,,,DE,0,0,0,0,0,0,0.00,,,,,,,
,,,,,EL,0,0,0,0,0,0,0.00,,,,,,,
,,,,,HU,0,0,0,0,0,0,0.00,,,,,,,
,,,,,IE,0,0,0,0,0,0,0.00,,,,,,,
,,,,,IT,0,0,0,0,0,0,0.00,,,,,,,
,,,,,LV,0,0,0,0,0,0,0.00,,,,,,,
,,,,,LT,0,0,0,0,0,0,0.00,,,,,,,
,,,,,LU,0,0,0,0,0,0,0.00,,,,,,,
,,,,,MT,0,0,0,0,0,0,0.00,,,,,,,
,,,,,NL,0,0,0,0,0,0,0.00,,,,,,,
,,,,,PL,0,0,0,0,0,0,0.00,,,,,,,
,,,,,PT,0,0,0,0,0,0,0.00,,,,,,,
,,,,,RO,0,0,0,0,0,0,0.00,,,,,,,
,,,,,SK,0,0,0,0,0,0,0.00,,,,,,,
,,,,,SI,0,0,0,0,0,0,0.00,,,,,,,
,,,,,ES,0,0,0,0,0,0,0.00,,,,,,,
,,,,,SE,0,0,0,0,0,0,0.00,,,,,,,
All,WhatsApp Channels,2026-01-01/2026-06-30,STATEMENT_CATEGORY_CYBER_VIOLENCE_AGAINST_WOMEN,,AT,0,0,0,0,0,0,0.00,,,,,,,
,,,,,BE,0,0,0,0,0,0,0.00,,,,,,,
,,,,,BG,0,0,0,0,0,0,0.00,,,,,,,
,,,,,HR,0,0,0,0,0,0,0.00,,,,,,,
,,,,,CY,0,0,0,0,0,0,0.00,,,,,,,
,,,,,CZ,0,0,0,0,0,0,0.00,,,,,,,
,,,,,DK,0,0,0,0,0,0,0.00,,,,,,,
,,,,,EE,0,0,0,0,0,0,0.00,,,,,,,
,,,,,FI,0,0,0,0,0,0,0.00,,,,,,,
,,,,,FR,0,0,0,0,0,0,0.00,,,,,,,
,,,,,DE,0,0,0,0,0,0,0.00,,,,,,,
,,,,,EL,0,0,0,0,0,0,0.00,,,,,,,
,,,,,HU,0,0,0,0,0,0,0.00,,,,,,,
,,,,,IE,0,0,0,0,0,0,0.00,,,,,,,
,,,,,IT,0,0,0,0,0,0,0.00,,,,,,,
,,,,,LV,0,0,0,0,0,0,0.00,,,,,,,
,,,,,LT,0,0,0,0,0,0,0.00,,,,,,,
,,,,,LU,0,0,0,0,0,0,0.00,,,,,,,
,,,,,MT,0,0,0,0,0,0,0.00,,,,,,,
,,,,,NL,0,0,0,0,0,0,0.00,,,,,,,
,,,,,PL,0,0,0,0,0,0,0.00,,,,,,,
,,,,,PT,0,0,0,0,0,0,0.00,,,,,,,
,,,,,RO,0,0,0,0,0,0,0.00,,,,,,,
,,,,,SK,0,0,0,0,0,0,0.00,,,,,,,
,,,,,SI,0,0,0,0,0,0,0.00,,,,,,,
,,,,,ES,0,0,0,0,0,0,0.00,,,,,,,
,,,,,SE,0,0,0,0,0,0,0.00,,,,,,,
All,WhatsApp Channels,2026-01-01/2026-06-30,KEYWORD_BULLYING_AGAINST_GIRLS,,AT,0,0,0,0,0,0,0.00,,,,,,,
,,,,,BE,0,0,0,0,0,0,0.00,,,,,,,
,,,,,BG,0,0,0,0,0,0,0.00,,,,,,,
,,,,,HR,0,0,0,0,0,0,0.00,,,,,,,
,,,,,CY,0,0,0,0,0,0,0.00,,,,,,,
,,,,,CZ,0,0,0,0,0,0,0.00,,,,,,,
,,,,,DK,0,0,0,0,0,0,0.00,,,,,,,
,,,,,EE,0,0,0,0,0,0,0.00,,,,,,,
,,,,,FI,0,0,0,0,0,0,0.00,,,,,,,
,,,,,FR,0,0,0,0,0,0,0.00,,,,,,,
,,,,,DE,0,0,0,0,0,0,0.00,,,,,,,
,,,,,EL,0,0,0,0,0,0,0.00,,,,,,,
,,,,,HU,0,0,0,0,0,0,0.00,,,,,,,
,,,,,IE,0,0,0,0,0,0,0.00,,,,,,,
,,,,,IT,0,0,0,0,0,0,0.00,,,,,,,
,,,,,LV,0,0,0,0,0,0,0.00,,,,,,,
,,,,,LT,0,0,0,0,0,0,0.00,,,,,,,
,,,,,LU,0,0,0,0,0,0,0.00,,,,,,,
,,,,,MT,0,0,0,0,0,0,0.00,,,,,,,
,,,,,NL,0,0,0,0,0,0,0.00,,,,,,,
,,,,,PL,0,0,0,0,0,0,0.00,,,,,,,
,,,,,PT,0,0,0,0,0,0,0.00,,,,,,,
,,,,,RO,0,0,0,0,0,0,0.00,,,,,,,
,,,,,SK,0,0,0,0,0,0,0.00,,,,,,,
,,,,,SI,0,0,0,0,0,0,0.00,,,,,,,
,,,,,ES,0,0,0,0,0,0,0.00,,,,,,,
,,,,,SE,0,0,0,0,0,0,0.00,,,,,,,
All,WhatsApp Channels,2026-01-01/2026-06-30,KEYWORD_CYBER_HARASSMENT_AGAINST_WOMEN,,AT,0,0,0,0,0,0,0.00,,,,,,,
,,,,,BE,0,0,0,0,0,0,0.00,,,,,,,
,,,,,BG,0,0,0,0,0,0,0.00,,,,,,,
,,,,,HR,0,0,0,0,0,0,0.00,,,,,,,
,,,,,CY,0,0,0,0,0,0,0.00,,,,,,,
,,,,,CZ,0,0,0,0,0,0,0.00,,,,,,,
,,,,,DK,0,0,0,0,0,0,0.00,,,,,,,
,,,,,EE,0,0,0,0,0,0,0.00,,,,,,,
,,,,,FI,0,0,0,0,0,0,0.00,,,,,,,
,,,,,FR,0,0,0,0,0,0,0.00,,,,,,,
,,,,,DE,0,0,0,0,0,0,0.00,,,,,,,
,,,,,EL,0,0,0,0,0,0,0.00,,,,,,,
,,,,,HU,0,0,0,0,0,0,0.00,,,,,,,
,,,,,IE,0,0,0,0,0,0,0.00,,,,,,,
,,,,,IT,0,0,0,0,0,0,0.00,,,,,,,
,,,,,LV,0,0,0,0,0,0,0.00,,,,,,,
,,,,,LT,0,0,0,0,0,0,0.00,,,,,,,
,,,,,LU,0,0,0,0,0,0,0.00,,,,,,,
,,,,,MT,0,0,0,0,0,0,0.00,,,,,,,
,,,,,NL,0,0,0,0,0,0,0.00,,,,,,,
,,,,,PL,0,0,0,0,0,0,0.00,,,,,,,
,,,,,PT,0,0,0,0,0,0,0.00,,,,,,,
,,,,,RO,0,0,0,0,0,0,0.00,,,,,,,
,,,,,SK,0,0,0,0,0,0,0.00,,,,,,,
,,,,,SI,0,0,0,0,0,0,0.00,,,,,,,
,,,,,ES,0,0,0,0,0,0,0.00,,,,,,,
,,,,,SE,0,0,0,0,0,0,0.00,,,,,,,
All,WhatsApp Channels,2026-01-01/2026-06-30,KEYWORD_CYBER_STALKING_AGAINST_WOMEN,,AT,0,0,0,0,0,0,0.00,,,,,,,
,,,,,BE,0,0,0,0,0,0,0.00,,,,,,,
,,,,,BG,0,0,0,0,0,0,0.00,,,,,,,
,,,,,HR,0,0,0,0,0,0,0.00,,,,,,,
,,,,,CY,0,0,0,0,0,0,0.00,,,,,,,
,,,,,CZ,0,0,0,0,0,0,0.00,,,,,,,
,,,,,DK,0,0,0,0,0,0,0.00,,,,,,,
,,,,,EE,0,0,0,0,0,0,0.00,,,,,,,
,,,,,FI,0,0,0,0,0,0,0.00,,,,,,,
,,,,,FR,0,0,0,0,0,0,0.00,,,,,,,
,,,,,DE,0,0,0,0,0,0,0.00,,,,,,,
,,,,,EL,0,0,0,0,0,0,0.00,,,,,,,
,,,,,HU,0,0,0,0,0,0,0.00,,,,,,,
,,,,,IE,0,0,0,0,0,0,0.00,,,,,,,
,,,,,IT,0,0,0,0,0,0,0.00,,,,,,,
,,,,,LV,0,0,0,0,0,0,0.00,,,,,,,
,,,,,LT,0,0,0,0,0,0,0.00,,,,,,,
,,,,,LU,0,0,0,0,0,0,0.00,,,,,,,
,,,,,MT,0,0,0,0,0,0,0.00,,,,,,,
,,,,,NL,0,0,0,0,0,0,0.00,,,,,,,
,,,,,PL,0,0,0,0,0,0,0.00,,,,,,,
,,,,,PT,0,0,0,0,0,0,0.00,,,,,,,
,,,,,RO,0,0,0,0,0,0,0.00,,,,,,,
,,,,,SK,0,0,0,0,0,0,0.00,,,,,,,
,,,,,SI,0,0,0,0,0,0,0.00,,,,,,,
,,,,,ES,0,0,0,0,0,0,0.00,,,,,,,
,,,,,SE,0,0,0,0,0,0,0.00,,,,,,,
All,WhatsApp Channels,2026-01-01/2026-06-30,KEYWORD_FEMALE_GENDERED_DISINFORMATION,,AT,0,0,0,0,0,0,0.00,,,,,,,
,,,,,BE,0,0,0,0,0,0,0.00,,,,,,,
,,,,,BG,0,0,0,0,0,0,0.00,,,,,,,
,,,,,HR,0,0,0,0,0,0,0.00,,,,,,,
,,,,,CY,0,0,0,0,0,0,0.00,,,,,,,
,,,,,CZ,0,0,0,0,0,0,0.00,,,,,,,
,,,,,DK,0,0,0,0,0,0,0.00,,,,,,,
,,,,,EE,0,0,0,0,0,0,0.00,,,,,,,
,,,,,FI,0,0,0,0,0,0,0.00,,,,,,,
,,,,,FR,0,0,0,0,0,0,0.00,,,,,,,
,,,,,DE,0,0,0,0,0,0,0.00,,,,,,,
,,,,,EL,0,0,0,0,0,0,0.00,,,,,,,
,,,,,HU,0,0,0,0,0,0,0.00,,,,,,,
,,,,,IE,0,0,0,0,0,0,0.00,,,,,,,
,,,,,IT,0,0,0,0,0,0,0.00,,,,,,,
,,,,,LV,0,0,0,0,0,0,0.00,,,,,,,
,,,,,LT,0,0,0,0,0,0,0.00,,,,,,,
,,,,,LU,0,0,0,0,0,0,0.00,,,,,,,
,,,,,MT,0,0,0,0,0,0,0.00,,,,,,,
,,,,,NL,0,0,0,0,0,0,0.00,,,,,,,
,,,,,PL,0,0,0,0,0,0,0.00,,,,,,,
,,,,,PT,0,0,0,0,0,0,0.00,,,,,,,
,,,,,RO,0,0,0,0,0,0,0.00,,,,,,,
,,,,,SK,0,0,0,0,0,0,0.00,,,,,,,
,,,,,SI,0,0,0,0,0,0,0.00,,,,,,,
,,,,,ES,0,0,0,0,0,0,0.00,,,,,,,
,,,,,SE,0,0,0,0,0,0,0.00,,,,,,,
All,WhatsApp Channels,2026-01-01/2026-06-30,KEYWORD_INCITEMENT_AGAINST_WOMEN,,AT,0,0,0,0,0,0,0.00,,,,,,,
,,,,,BE,0,0,0,0,0,0,0.00,,,,,,,
,,,,,BG,0,0,0,0,0,0,0.00,,,,,,,
,,,,,HR,0,0,0,0,0,0,0.00,,,,,,,
,,,,,CY,0,0,0,0,0,0,0.00,,,,,,,
,,,,,CZ,0,0,0,0,0,0,0.00,,,,,,,
,,,,,DK,0,0,0,0,0,0,0.00,,,,,,,
,,,,,EE,0,0,0,0,0,0,0.00,,,,,,,
,,,,,FI,0,0,0,0,0,0,0.00,,,,,,,
,,,,,FR,0,0,0,0,0,0,0.00,,,,,,,
,,,,,DE,0,0,0,0,0,0,0.00,,,,,,,
,,,,,EL,0,0,0,0,0,0,0.00,,,,,,,
,,,,,HU,0,0,0,0,0,0,0.00,,,,,,,
,,,,,IE,0,0,0,0,0,0,0.00,,,,,,,
,,,,,IT,0,0,0,0,0,0,0.00,,,,,,,
,,,,,LV,0,0,0,0,0,0,0.00,,,,,,,
,,,,,LT,0,0,0,0,0,0,0.00,,,,,,,
,,,,,LU,0,0,0,0,0,0,0.00,,,,,,,
,,,,,MT,0,0,0,0,0,0,0.00,,,,,,,
,,,,,NL,0,0,0,0,0,0,0.00,,,,,,,
,,,,,PL,0,0,0,0,0,0,0.00,,,,,,,
,,,,,PT,0,0,0,0,0,0,0.00,,,,,,,
,,,,,RO,0,0,0,0,0,0,0.00,,,,,,,
,,,,,SK,0,0,0,0,0,0,0.00,,,,,,,
,,,,,SI,0,0,0,0,0,0,0.00,,,,,,,
,,,,,ES,0,0,0,0,0,0,0.00,,,,,,,
,,,,,SE,0,0,0,0,0,0,0.00,,,,,,,
All,WhatsApp Channels,2026-01-01/2026-06-30,KEYWORD_NON_CONSENSUAL_IMAGE_SHARING_AGAINST_WOMEN,,AT,0,0,0,0,0,0,0.00,,,,,,,
,,,,,BE,0,0,0,0,0,0,0.00,,,,,,,
,,,,,BG,0,0,0,0,0,0,0.00,,,,,,,
,,,,,HR,0,0,0,0,0,0,0.00,,,,,,,
,,,,,CY,0,0,0,0,0,0,0.00,,,,,,,
,,,,,CZ,0,0,0,0,0,0,0.00,,,,,,,
,,,,,DK,0,0,0,0,0,0,0.00,,,,,,,
,,,,,EE,0,0,0,0,0,0,0.00,,,,,,,
,,,,,FI,0,0,0,0,0,0,0.00,,,,,,,
,,,,,FR,0,0,0,0,0,0,0.00,,,,,,,
,,,,,DE,0,0,0,0,0,0,0.00,,,,,,,
,,,,,EL,0,0,0,0,0,0,0.00,,,,,,,
,,,,,HU,0,0,0,0,0,0,0.00,,,,,,,
,,,,,IE,0,0,0,0,0,0,0.00,,,,,,,
,,,,,IT,0,0,0,0,0,0,0.00,,,,,,,
,,,,,LV,0,0,0,0,0,0,0.00,,,,,,,
,,,,,LT,0,0,0,0,0,0,0.00,,,,,,,
,,,,,LU,0,0,0,0,0,0,0.00,,,,,,,
,,,,,MT,0,0,0,0,0,0,0.00,,,,,,,
,,,,,NL,0,0,0,0,0,0,0.00,,,,,,,
,,,,,PL,0,0,0,0,0,0,0.00,,,,,,,
,,,,,PT,0,0,0,0,0,0,0.00,,,,,,,
,,,,,RO,0,0,0,0,0,0,0.00,,,,,,,
,,,,,SK,0,0,0,0,0,0,0.00,,,,,,,
,,,,,SI,0,0,0,0,0,0,0.00,,,,,,,
,,,,,ES,0,0,0,0,0,0,0.00,,,,,,,
,,,,,SE,0,0,0,0,0,0,0.00,,,,,,,
All,WhatsApp Channels,2026-01-01/2026-06-30,KEYWORD_NON_CONSENSUAL_MATERIAL_DEEPFAKE_AGAINST_WOMEN,,AT,0,0,0,0,0,0,0.00,,,,,,,
,,,,,BE,0,0,0,0,0,0,0.00,,,,,,,
,,,,,BG,0,0,0,0,0,0,0.00,,,,,,,
,,,,,HR,0,0,0,0,0,0,0.00,,,,,,,
,,,,,CY,0,0,0,0,0,0,0.00,,,,,,,
,,,,,CZ,0,0,0,0,0,0,0.00,,,,,,,
,,,,,DK,0,0,0,0,0,0,0.00,,,,,,,
,,,,,EE,0,0,0,0,0,0,0.00,,,,,,,
,,,,,FI,0,0,0,0,0,0,0.00,,,,,,,
,,,,,FR,0,0,0,0,0,0,0.00,,,,,,,
,,,,,DE,0,0,0,0,0,0,0.00,,,,,,,
,,,,,EL,0,0,0,0,0,0,0.00,,,,,,,
,,,,,HU,0,0,0,0,0,0,0.00,,,,,,,
,,,,,IE,0,0,0,0,0,0,0.00,,,,,,,
,,,,,IT,0,0,0,0,0,0,0.00,,,,,,,
,,,,,LV,0,0,0,0,0,0,0.00,,,,,,,
,,,,,LT,0,0,0,0,0,0,0.00,,,,,,,
,,,,,LU,0,0,0,0,0,0,0.00,,,,,,,
,,,,,MT,0,0,0,0,0,0,0.00,,,,,,,
,,,,,NL,0,0,0,0,0,0,0.00,,,,,,,
,,,,,PL,0,0,0,0,0,0,0.00,,,,,,,
,,,,,PT,0,0,0,0,0,0,0.00,,,,,,,
,,,,,RO,0,0,0,0,0,0,0.00,,,,,,,
,,,,,SK,0,0,0,0,0,0,0.00,,,,,,,
,,,,,SI,0,0,0,0,0,0,0.00,,,,,,,
,,,,,ES,0,0,0,0,0,0,0.00,,,,,,,
,,,,,SE,0,0,0,0,0,0,0.00,,,,,,,
All,WhatsApp Channels,2026-01-01/2026-06-30,STATEMENT_CATEGORY_DATA_PROTECTION_AND_PRIVACY_VIOLATIONS,,AT,0,0,0,0,0,0,0.00,,,,,,,
,,,,,BE,0,0,0,0,0,0,0.00,,,,,,,
,,,,,BG,0,0,0,0,0,0,0.00,,,,,,,
,,,,,HR,0,0,0,0,0,0,0.00,,,,,,,
,,,,,CY,0,0,0,0,0,0,0.00,,,,,,,
,,,,,CZ,0,0,0,0,0,0,0.00,,,,,,,
,,,,,DK,0,0,0,0,0,0,0.00,,,,,,,
,,,,,EE,0,0,0,0,0,0,0.00,,,,,,,
,,,,,FI,0,0,0,0,0,0,0.00,,,,,,,
,,,,,FR,0,0,0,0,0,0,0.00,,,,,,,
,,,,,DE,0,0,0,0,0,0,0.00,,,,,,,
,,,,,EL,0,0,0,0,0,0,0.00,,,,,,,
,,,,,HU,0,0,0,0,0,0,0.00,,,,,,,
,,,,,IE,0,0,0,0,0,0,0.00,,,,,,,
,,,,,IT,0,0,0,0,0,0,0.00,,,,,,,
,,,,,LV,0,0,0,0,0,0,0.00,,,,,,,
,,,,,LT,0,0,0,0,0,0,0.00,,,,,,,
,,,,,LU,0,0,0,0,0,0,0.00,,,,,,,
,,,,,MT,0,0,0,0,0,0,0.00,,,,,,,
,,,,,NL,0,0,0,0,0,0,0.00,,,,,,,
,,,,,PL,0,0,0,0,0,0,0.00,,,,,,,
,,,,,PT,0,0,0,0,0,0,0.00,,,,,,,
,,,,,RO,0,0,0,0,0,0,0.00,,,,,,,
,,,,,SK,0,0,0,0,0,0,0.00,,,,,,,
,,,,,SI,0,0,0,0,0,0,0.00,,,,,,,
,,,,,ES,0,0,0,0,0,0,0.00,,,,,,,
,,,,,SE,0,0,0,0,0,0,0.00,,,,,,,
All,WhatsApp Channels,2026-01-01/2026-06-30,KEYWORD_BIOMETRIC_DATA_BREACH,,AT,0,0,0,0,0,0,0.00,,,,,,,
,,,,,BE,0,0,0,0,0,0,0.00,,,,,,,
,,,,,BG,0,0,0,0,0,0,0.00,,,,,,,
,,,,,HR,0,0,0,0,0,0,0.00,,,,,,,
,,,,,CY,0,0,0,0,0,0,0.00,,,,,,,
,,,,,CZ,0,0,0,0,0,0,0.00,,,,,,,
,,,,,DK,0,0,0,0,0,0,0.00,,,,,,,
,,,,,EE,0,0,0,0,0,0,0.00,,,,,,,
,,,,,FI,0,0,0,0,0,0,0.00,,,,,,,
,,,,,FR,0,0,0,0,0,0,0.00,,,,,,,
,,,,,DE,0,0,0,0,0,0,0.00,,,,,,,
,,,,,EL,0,0,0,0,0,0,0.00,,,,,,,
,,,,,HU,0,0,0,0,0,0,0.00,,,,,,,
,,,,,IE,0,0,0,0,0,0,0.00,,,,,,,
,,,,,IT,0,0,0,0,0,0,0.00,,,,,,,
,,,,,LV,0,0,0,0,0,0,0.00,,,,,,,
,,,,,LT,0,0,0,0,0,0,0.00,,,,,,,
,,,,,LU,0,0,0,0,0,0,0.00,,,,,,,
,,,,,MT,0,0,0,0,0,0,0.00,,,,,,,
,,,,,NL,0,0,0,0,0,0,0.00,,,,,,,
,,,,,PL,0,0,0,0,0,0,0.00,,,,,,,
,,,,,PT,0,0,0,0,0,0,0.00,,,,,,,
,,,,,RO,0,0,0,0,0,0,0.00,,,,,,,
,,,,,SK,0,0,0,0,0,0,0.00,,,,,,,
,,,,,SI,0,0,0,0,0,0,0.00,,,,,,,
,,,,,ES,0,0,0,0,0,0,0.00,,,,,,,
,,,,,SE,0,0,0,0,0,0,0.00,,,,,,,
All,WhatsApp Channels,2026-01-01/2026-06-30,KEYWORD_DATA_FALSIFICATION,,AT,0,0,0,0,0,0,0.00,,,,,,,
,,,,,BE,0,0,0,0,0,0,0.00,,,,,,,
,,,,,BG,0,0,0,0,0,0,0.00,,,,,,,
,,,,,HR,0,0,0,0,0,0,0.00,,,,,,,
,,,,,CY,0,0,0,0,0,0,0.00,,,,,,,
,,,,,CZ,0,0,0,0,0,0,0.00,,,,,,,
,,,,,DK,0,0,0,0,0,0,0.00,,,,,,,
,,,,,EE,0,0,0,0,0,0,0.00,,,,,,,
,,,,,FI,0,0,0,0,0,0,0.00,,,,,,,
,,,,,FR,0,0,0,0,0,0,0.00,,,,,,,
,,,,,DE,0,0,0,0,0,0,0.00,,,,,,,
,,,,,EL,0,0,0,0,0,0,0.00,,,,,,,
,,,,,HU,0,0,0,0,0,0,0.00,,,,,,,
,,,,,IE,0,0,0,0,0,0,0.00,,,,,,,
,,,,,IT,0,0,0,0,0,0,0.00,,,,,,,
,,,,,LV,0,0,0,0,0,0,0.00,,,,,,,
,,,,,LT,0,0,0,0,0,0,0.00,,,,,,,
,,,,,LU,0,0,0,0,0,0,0.00,,,,,,,
,,,,,MT,0,0,0,0,0,0,0.00,,,,,,,
,,,,,NL,0,0,0,0,0,0,0.00,,,,,,,
,,,,,PL,0,0,0,0,0,0,0.00,,,,,,,
,,,,,PT,0,0,0,0,0,0,0.00,,,,,,,
,,,,,RO,0,0,0,0,0,0,0.00,,,,,,,
,,,,,SK,0,0,0,0,0,0,0.00,,,,,,,
,,,,,SI,0,0,0,0,0,0,0.00,,,,,,,
,,,,,ES,0,0,0,0,0,0,0.00,,,,,,,
,,,,,SE,0,0,0,0,0,0,0.00,,,,,,,
All,WhatsApp Channels,2026-01-01/2026-06-30,KEYWORD_MISSING_PROCESSING_GROUND,,AT,0,0,0,0,0,0,0.00,,,,,,,
,,,,,BE,0,0,0,0,0,0,0.00,,,,,,,
,,,,,BG,0,0,0,0,0,0,0.00,,,,,,,
,,,,,HR,0,0,0,0,0,0,0.00,,,,,,,
,,,,,CY,0,0,0,0,0,0,0.00,,,,,,,
,,,,,CZ,0,0,0,0,0,0,0.00,,,,,,,
,,,,,DK,0,0,0,0,0,0,0.00,,,,,,,
,,,,,EE,0,0,0,0,0,0,0.00,,,,,,,
,,,,,FI,0,0,0,0,0,0,0.00,,,,,,,
,,,,,FR,0,0,0,0,0,0,0.00,,,,,,,
,,,,,DE,0,0,0,0,0,0,0.00,,,,,,,
,,,,,EL,0,0,0,0,0,0,0.00,,,,,,,
,,,,,HU,0,0,0,0,0,0,0.00,,,,,,,
,,,,,IE,0,0,0,0,0,0,0.00,,,,,,,
,,,,,IT,0,0,0,0,0,0,0.00,,,,,,,
,,,,,LV,0,0,0,0,0,0,0.00,,,,,,,
,,,,,LT,0,0,0,0,0,0,0.00,,,,,,,
,,,,,LU,0,0,0,0,0,0,0.00,,,,,,,
,,,,,MT,0,0,0,0,0,0,0.00,,,,,,,
,,,,,NL,0,0,0,0,0,0,0.00,,,,,,,
,,,,,PL,0,0,0,0,0,0,0.00,,,,,,,
,,,,,PT,0,0,0,0,0,0,0.00,,,,,,,
,,,,,RO,0,0,0,0,0,0,0.00,,,,,,,
,,,,,SK,0,0,0,0,0,0,0.00,,,,,,,
,,,,,SI,0,0,0,0,0,0,0.00,,,,,,,
,,,,,ES,0,0,0,0,0,0,0.00,,,,,,,
,,,,,SE,0,0,0,0,0,0,0.00,,,,,,,
All,WhatsApp Channels,2026-01-01/2026-06-30,KEYWORD_RIGHT_TO_BE_FORGOTTEN,,AT,0,0,0,0,0,0,0.00,,,,,,,
,,,,,BE,0,0,0,0,0,0,0.00,,,,,,,
,,,,,BG,0,0,0,0,0,0,0.00,,,,,,,
,,,,,HR,0,0,0,0,0,0,0.00,,,,,,,
,,,,,CY,0,0,0,0,0,0,0.00,,,,,,,
,,,,,CZ,0,0,0,0,0,0,0.00,,,,,,,
,,,,,DK,0,0,0,0,0,0,0.00,,,,,,,
,,,,,EE,0,0,0,0,0,0,0.00,,,,,,,
,,,,,FI,0,0,0,0,0,0,0.00,,,,,,,
,,,,,FR,0,0,0,0,0,0,0.00,,,,,,,
,,,,,DE,0,0,0,0,0,0,0.00,,,,,,,
,,,,,EL,0,0,0,0,0,0,0.00,,,,,,,
,,,,,HU,0,0,0,0,0,0,0.00,,,,,,,
,,,,,IE,0,0,0,0,0,0,0.00,,,,,,,
,,,,,IT,0,0,0,0,0,0,0.00,,,,,,,
,,,,,LV,0,0,0,0,0,0,0.00,,,,,,,
,,,,,LT,0,0,0,0,0,0,0.00,,,,,,,
,,,,,LU,0,0,0,0,0,0,0.00,,,,,,,
,,,,,MT,0,0,0,0,0,0,0.00,,,,,,,
,,,,,NL,0,0,0,0,0,0,0.00,,,,,,,
,,,,,PL,0,0,0,0,0,0,0.00,,,,,,,
,,,,,PT,0,0,0,0,0,0,0.00,,,,,,,
,,,,,RO,0,0,0,0,0,0,0.00,,,,,,,
,,,,,SK,0,0,0,0,0,0,0.00,,,,,,,
,,,,,SI,0,0,0,0,0,0,0.00,,,,,,,
,,,,,ES,0,0,0,0,0,0,0.00,,,,,,,
,,,,,SE,0,0,0,0,0,0,0.00,,,,,,,
All,WhatsApp Channels,2026-01-01/2026-06-30,KEYWORD_OTHER_PRIVACY,Added category to record Article 9 member state order submissions alleging privacy violations.,AT,0,0,0,0,0,0,0.00,,,,,,,
,,,,,BE,0,0,0,0,0,0,0.00,,,,,,,
,,,,,BG,0,0,0,0,0,0,0.00,,,,,,,
,,,,,HR,0,0,0,0,0,0,0.00,,,,,,,
,,,,,CY,0,0,0,0,0,0,0.00,,,,,,,
,,,,,CZ,0,0,0,0,0,0,0.00,,,,,,,
,,,,,DK,0,0,0,0,0,0,0.00,,,,,,,
,,,,,EE,0,0,0,0,0,0,0.00,,,,,,,
,,,,,FI,0,0,0,0,0,0,0.00,,,,,,,
,,,,,FR,0,0,0,0,0,0,0.00,,,,,,,
,,,,,DE,0,0,0,0,0,0,0.00,,,,,,,
,,,,,EL,0,0,0,0,0,0,0.00,,,,,,,
,,,,,HU,0,0,0,0,0,0,0.00,,,,,,,
,,,,,IE,0,0,0,0,0,0,0.00,,,,,,,
,,,,,IT,0,0,0,0,0,0,0.00,,,,,,,
,,,,,LV,0,0,0,0,0,0,0.00,,,,,,,
,,,,,LT,0,0,0,0,0,0,0.00,,,,,,,
,,,,,LU,0,0,0,0,0,0,0.00,,,,,,,
,,,,,MT,0,0,0,0,0,0,0.00,,,,,,,
,,,,,NL,0,0,0,0,0,0,0.00,,,,,,,
,,,,,PL,0,0,0,0,0,0,0.00,,,,,,,
,,,,,PT,0,0,0,0,0,0,0.00,,,,,,,
,,,,,RO,0,0,0,0,0,0,0.00,,,,,,,
,,,,,SK,0,0,0,0,0,0,0.00,,,,,,,
,,,,,SI,0,0,0,0,0,0,0.00,,,,,,,
,,,,,ES,0,0,0,0,0,0,0.00,,,,,,,
,,,,,SE,0,0,0,0,0,0,0.00,,,,,,,
All,WhatsApp Channels,2026-01-01/2026-06-30,KEYWORD_OTHER_DATA_PROTECTION,Added category to record Article 9 member state order submissions alleging data protection violations.,AT,0,0,0,0,0,0,0.00,,,,,,,
,,,,,BE,0,0,0,0,0,0,0.00,,,,,,,
,,,,,BG,0,0,0,0,0,0,0.00,,,,,,,
,,,,,HR,0,0,0,0,0,0,0.00,,,,,,,
,,,,,CY,0,0,0,0,0,0,0.00,,,,,,,
,,,,,CZ,0,0,0,0,0,0,0.00,,,,,,,
,,,,,DK,0,0,0,0,0,0,0.00,,,,,,,
,,,,,EE,0,0,0,0,0,0,0.00,,,,,,,
,,,,,FI,0,0,0,0,0,0,0.00,,,,,,,
,,,,,FR,0,0,0,0,0,0,0.00,,,,,,,
,,,,,DE,0,0,0,0,0,0,0.00,,,,,,,
,,,,,EL,0,0,0,0,0,0,0.00,,,,,,,
,,,,,HU,0,0,0,0,0,0,0.00,,,,,,,
,,,,,IE,0,0,0,0,0,0,0.00,,,,,,,
,,,,,IT,0,0,0,0,0,0,0.00,,,,,,,
,,,,,LV,0,0,0,0,0,0,0.00,,,,,,,
,,,,,LT,0,0,0,0,0,0,0.00,,,,,,,
,,,,,LU,0,0,0,0,0,0,0.00,,,,,,,
,,,,,MT,0,0,0,0,0,0,0.00,,,,,,,
,,,,,NL,0,0,0,0,0,0,0.00,,,,,,,
,,,,,PL,0,0,0,0,0,0,0.00,,,,,,,
,,,,,PT,0,0,0,0,0,0,0.00,,,,,,,
,,,,,RO,0,0,0,0,0,0,0.00,,,,,,,
,,,,,SK,0,0,0,0,0,0,0.00,,,,,,,
,,,,,SI,0,0,0,0,0,0,0.00,,,,,,,
,,,,,ES,0,0,0,0,0,0,0.00,,,,,,,
,,,,,SE,0,0,0,0,0,0,0.00,,,,,,,
All,WhatsApp Channels,2026-01-01/2026-06-30,STATEMENT_CATEGORY_ILLEGAL_OR_HARMFUL_SPEECH,,AT,0,0,0,0,0,0,0.00,,,,,,,
,,,,,BE,0,0,0,0,0,0,0.00,,,,,,,
,,,,,BG,0,0,0,0,0,0,0.00,,,,,,,
,,,,,HR,0,0,0,0,0,0,0.00,,,,,,,
,,,,,CY,0,0,0,0,0,0,0.00,,,,,,,
,,,,,CZ,0,0,0,0,0,0,0.00,,,,,,,
,,,,,DK,0,0,0,0,0,0,0.00,,,,,,,
,,,,,EE,0,0,0,0,0,0,0.00,,,,,,,
,,,,,FI,0,0,0,0,0,0,0.00,,,,,,,
,,,,,FR,0,0,0,0,0,0,0.00,,,,,,,
,,,,,DE,0,0,0,0,0,0,0.00,,,,,,,
,,,,,EL,0,0,0,0,0,0,0.00,,,,,,,
,,,,,HU,0,0,0,0,0,0,0.00,,,,,,,
,,,,,IE,0,0,0,0,0,0,0.00,,,,,,,
,,,,,IT,0,0,0,0,0,0,0.00,,,,,,,
,,,,,LV,0,0,0,0,0,0,0.00,,,,,,,
,,,,,LT,0,0,0,0,0,0,0.00,,,,,,,
,,,,,LU,0,0,0,0,0,0,0.00,,,,,,,
,,,,,MT,0,0,0,0,0,0,0.00,,,,,,,
,,,,,NL,0,0,0,0,0,0,0.00,,,,,,,
,,,,,PL,0,0,0,0,0,0,0.00,,,,,,,
,,,,,PT,0,0,0,0,0,0,0.00,,,,,,,
,,,,,RO,0,0,0,0,0,0,0.00,,,,,,,
,,,,,SK,0,0,0,0,0,0,0.00,,,,,,,
,,,,,SI,0,0,0,0,0,0,0.00,,,,,,,
,,,,,ES,0,0,0,0,0,0,0.00,,,,,,,
,,,,,SE,0,0,0,0,0,0,0.00,,,,,,,
All,WhatsApp Channels,2026-01-01/2026-06-30,KEYWORD_DEFAMATION,,AT,0,0,0,0,0,0,0.00,,,,,,,
,,,,,BE,0,0,0,0,0,0,0.00,,,,,,,
,,,,,BG,0,0,0,0,0,0,0.00,,,,,,,
,,,,,HR,0,0,0,0,0,0,0.00,,,,,,,
,,,,,CY,0,0,0,0,0,0,0.00,,,,,,,
,,,,,CZ,0,0,0,0,0,0,0.00,,,,,,,
,,,,,DK,0,0,0,0,0,0,0.00,,,,,,,
,,,,,EE,0,0,0,0,0,0,0.00,,,,,,,
,,,,,FI,0,0,0,0,0,0,0.00,,,,,,,
,,,,,FR,0,0,0,0,0,0,0.00,,,,,,,
,,,,,DE,0,0,0,0,0,0,0.00,,,,,,,
,,,,,EL,0,0,0,0,0,0,0.00,,,,,,,
,,,,,HU,0,0,0,0,0,0,0.00,,,,,,,
,,,,,IE,0,0,0,0,0,0,0.00,,,,,,,
,,,,,IT,0,0,0,0,0,0,0.00,,,,,,,
,,,,,LV,0,0,0,0,0,0,0.00,,,,,,,
,,,,,LT,0,0,0,0,0,0,0.00,,,,,,,
,,,,,LU,0,0,0,0,0,0,0.00,,,,,,,
,,,,,MT,0,0,0,0,0,0,0.00,,,,,,,
,,,,,NL,0,0,0,0,0,0,0.00,,,,,,,
,,,,,PL,0,0,0,0,0,0,0.00,,,,,,,
,,,,,PT,0,0,0,0,0,0,0.00,,,,,,,
,,,,,RO,0,0,0,0,0,0,0.00,,,,,,,
,,,,,SK,0,0,0,0,0,0,0.00,,,,,,,
,,,,,SI,0,0,0,0,0,0,0.00,,,,,,,
,,,,,ES,0,0,0,0,0,0,0.00,,,,,,,
,,,,,SE,0,0,0,0,0,0,0.00,,,,,,,
All,WhatsApp Channels,2026-01-01/2026-06-30,KEYWORD_DISCRIMINATION,,AT,0,0,0,0,0,0,0.00,,,,,,,
,,,,,BE,0,0,0,0,0,0,0.00,,,,,,,
,,,,,BG,0,0,0,0,0,0,0.00,,,,,,,
,,,,,HR,0,0,0,0,0,0,0.00,,,,,,,
,,,,,CY,0,0,0,0,0,0,0.00,,,,,,,
,,,,,CZ,0,0,0,0,0,0,0.00,,,,,,,
,,,,,DK,0,0,0,0,0,0,0.00,,,,,,,
,,,,,EE,0,0,0,0,0,0,0.00,,,,,,,
,,,,,FI,0,0,0,0,0,0,0.00,,,,,,,
,,,,,FR,0,0,0,0,0,0,0.00,,,,,,,
,,,,,DE,0,0,0,0,0,0,0.00,,,,,,,
,,,,,EL,0,0,0,0,0,0,0.00,,,,,,,
,,,,,HU,0,0,0,0,0,0,0.00,,,,,,,
,,,,,IE,0,0,0,0,0,0,0.00,,,,,,,
,,,,,IT,0,0,0,0,0,0,0.00,,,,,,,
,,,,,LV,0,0,0,0,0,0,0.00,,,,,,,
,,,,,LT,0,0,0,0,0,0,0.00,,,,,,,
,,,,,LU,0,0,0,0,0,0,0.00,,,,,,,
,,,,,MT,0,0,0,0,0,0,0.00,,,,,,,
,,,,,NL,0,0,0,0,0,0,0.00,,,,,,,
,,,,,PL,0,0,0,0,0,0,0.00,,,,,,,
,,,,,PT,0,0,0,0,0,0,0.00,,,,,,,
,,,,,RO,0,0,0,0,0,0,0.00,,,,,,,
,,,,,SK,0,0,0,0,0,0,0.00,,,,,,,
,,,,,SI,0,0,0,0,0,0,0.00,,,,,,,
,,,,,ES,0,0,0,0,0,0,0.00,,,,,,,
,,,,,SE,0,0,0,0,0,0,0.00,,,,,,,
All,WhatsApp Channels,2026-01-01/2026-06-30,KEYWORD_HATE_SPEECH,,AT,0,0,0,0,0,0,0.00,,,,,,,
,,,,,BE,0,0,0,0,0,0,0.00,,,,,,,
,,,,,BG,0,0,0,0,0,0,0.00,,,,,,,
,,,,,HR,0,0,0,0,0,0,0.00,,,,,,,
,,,,,CY,0,0,0,0,0,0,0.00,,,,,,,
,,,,,CZ,0,0,0,0,0,0,0.00,,,,,,,
,,,,,DK,0,0,0,0,0,0,0.00,,,,,,,
,,,,,EE,0,0,0,0,0,0,0.00,,,,,,,
,,,,,FI,0,0,0,0,0,0,0.00,,,,,,,
,,,,,FR,0,0,0,0,0,0,0.00,,,,,,,
,,,,,DE,0,0,0,0,0,0,0.00,,,,,,,
,,,,,EL,0,0,0,0,0,0,0.00,,,,,,,
,,,,,HU,0,0,0,0,0,0,0.00,,,,,,,
,,,,,IE,0,0,0,0,0,0,0.00,,,,,,,
,,,,,IT,0,0,0,0,0,0,0.00,,,,,,,
,,,,,LV,0,0,0,0,0,0,0.00,,,,,,,
,,,,,LT,0,0,0,0,0,0,0.00,,,,,,,
,,,,,LU,0,0,0,0,0,0,0.00,,,,,,,
,,,,,MT,0,0,0,0,0,0,0.00,,,,,,,
,,,,,NL,0,0,0,0,0,0,0.00,,,,,,,
,,,,,PL,0,0,0,0,0,0,0.00,,,,,,,
,,,,,PT,0,0,0,0,0,0,0.00,,,,,,,
,,,,,RO,0,0,0,0,0,0,0.00,,,,,,,
,,,,,SK,0,0,0,0,0,0,0.00,,,,,,,
,,,,,SI,0,0,0,0,0,0,0.00,,,,,,,
,,,,,ES,0,0,0,0,0,0,0.00,,,,,,,
,,,,,SE,0,0,0,0,0,0,0.00,,,,,,,
All,WhatsApp Channels,2026-01-01/2026-06-30,STATEMENT_CATEGORY_INTELLECTUAL_PROPERTY_INFRINGEMENTS,,AT,0,0,0,0,0,0,0.00,,,,,,,
,,,,,BE,0,0,0,0,0,0,0.00,,,,,,,
,,,,,BG,0,0,0,0,0,0,0.00,,,,,,,
,,,,,HR,0,0,0,0,0,0,0.00,,,,,,,
,,,,,CY,0,0,0,0,0,0,0.00,,,,,,,
,,,,,CZ,0,0,0,0,0,0,0.00,,,,,,,
,,,,,DK,0,0,0,0,0,0,0.00,,,,,,,
,,,,,EE,0,0,0,0,0,0,0.00,,,,,,,
,,,,,FI,0,0,0,0,0,0,0.00,,,,,,,
,,,,,FR,0,0,0,0,0,0,0.00,,,,,,,
,,,,,DE,0,0,0,0,0,0,0.00,,,,,,,
,,,,,EL,0,0,0,0,0,0,0.00,,,,,,,
,,,,,HU,0,0,0,0,0,0,0.00,,,,,,,
,,,,,IE,0,0,0,0,0,0,0.00,,,,,,,
,,,,,IT,0,0,0,0,0,0,0.00,,,,,,,
,,,,,LV,0,0,0,0,0,0,0.00,,,,,,,
,,,,,LT,0,0,0,0,0,0,0.00,,,,,,,
,,,,,LU,0,0,0,0,0,0,0.00,,,,,,,
,,,,,MT,0,0,0,0,0,0,0.00,,,,,,,
,,,,,NL,0,0,0,0,0,0,0.00,,,,,,,
,,,,,PL,0,0,0,0,0,0,0.00,,,,,,,
,,,,,PT,0,0,0,0,0,0,0.00,,,,,,,
,,,,,RO,0,0,0,0,0,0,0.00,,,,,,,
,,,,,SK,0,0,0,0,0,0,0.00,,,,,,,
,,,,,SI,0,0,0,0,0,0,0.00,,,,,,,
,,,,,ES,0,0,0,0,0,0,0.00,,,,,,,
,,,,,SE,0,0,0,0,0,0,0.00,,,,,,,
All,WhatsApp Channels,2026-01-01/2026-06-30,KEYWORD_COPYRIGHT_INFRINGEMENT,,AT,0,0,0,0,0,0,0.00,,,,,,,
,,,,,BE,0,0,0,0,0,0,0.00,,,,,,,
,,,,,BG,0,0,0,0,0,0,0.00,,,,,,,
,,,,,HR,0,0,0,0,0,0,0.00,,,,,,,
,,,,,CY,0,0,0,0,0,0,0.00,,,,,,,
,,,,,CZ,0,0,0,0,0,0,0.00,,,,,,,
,,,,,DK,0,0,0,0,0,0,0.00,,,,,,,
,,,,,EE,0,0,0,0,0,0,0.00,,,,,,,
,,,,,FI,0,0,0,0,0,0,0.00,,,,,,,
,,,,,FR,0,0,0,0,0,0,0.00,,,,,,,
,,,,,DE,0,0,0,0,0,0,0.00,,,,,,,
,,,,,EL,0,0,0,0,0,0,0.00,,,,,,,
,,,,,HU,0,0,0,0,0,0,0.00,,,,,,,
,,,,,IE,0,0,0,0,0,0,0.00,,,,,,,
,,,,,IT,0,0,0,0,0,0,0.00,,,,,,,
,,,,,LV,0,0,0,0,0,0,0.00,,,,,,,
,,,,,LT,0,0,0,0,0,0,0.00,,,,,,,
,,,,,LU,0,0,0,0,0,0,0.00,,,,,,,
,,,,,MT,0,0,0,0,0,0,0.00,,,,,,,
,,,,,NL,0,0,0,0,0,0,0.00,,,,,,,
,,,,,PL,0,0,0,0,0,0,0.00,,,,,,,
,,,,,PT,0,0,0,0,0,0,0.00,,,,,,,
,,,,,RO,0,0,0,0,0,0,0.00,,,,,,,
,,,,,SK,0,0,0,0,0,0,0.00,,,,,,,
,,,,,SI,0,0,0,0,0,0,0.00,,,,,,,
,,,,,ES,0,0,0,0,0,0,0.00,,,,,,,
,,,,,SE,0,0,0,0,0,0,0.00,,,,,,,
All,WhatsApp Channels,2026-01-01/2026-06-30,KEYWORD_DESIGN_INFRINGEMENT,,AT,0,0,0,0,0,0,0.00,,,,,,,
,,,,,BE,0,0,0,0,0,0,0.00,,,,,,,
,,,,,BG,0,0,0,0,0,0,0.00,,,,,,,
,,,,,HR,0,0,0,0,0,0,0.00,,,,,,,
,,,,,CY,0,0,0,0,0,0,0.00,,,,,,,
,,,,,CZ,0,0,0,0,0,0,0.00,,,,,,,
,,,,,DK,0,0,0,0,0,0,0.00,,,,,,,
,,,,,EE,0,0,0,0,0,0,0.00,,,,,,,
,,,,,FI,0,0,0,0,0,0,0.00,,,,,,,
,,,,,FR,0,0,0,0,0,0,0.00,,,,,,,
,,,,,DE,0,0,0,0,0,0,0.00,,,,,,,
,,,,,EL,0,0,0,0,0,0,0.00,,,,,,,
,,,,,HU,0,0,0,0,0,0,0.00,,,,,,,
,,,,,IE,0,0,0,0,0,0,0.00,,,,,,,
,,,,,IT,0,0,0,0,0,0,0.00,,,,,,,
,,,,,LV,0,0,0,0,0,0,0.00,,,,,,,
,,,,,LT,0,0,0,0,0,0,0.00,,,,,,,
,,,,,LU,0,0,0,0,0,0,0.00,,,,,,,
,,,,,MT,0,0,0,0,0,0,0.00,,,,,,,
,,,,,NL,0,0,0,0,0,0,0.00,,,,,,,
,,,,,PL,0,0,0,0,0,0,0.00,,,,,,,
,,,,,PT,0,0,0,0,0,0,0.00,,,,,,,
,,,,,RO,0,0,0,0,0,0,0.00,,,,,,,
,,,,,SK,0,0,0,0,0,0,0.00,,,,,,,
,,,,,SI,0,0,0,0,0,0,0.00,,,,,,,
,,,,,ES,0,0,0,0,0,0,0.00,,,,,,,
,,,,,SE,0,0,0,0,0,0,0.00,,,,,,,
All,WhatsApp Channels,2026-01-01/2026-06-30,KEYWORD_GEOGRAPHIC_INDICATIONS_INFRINGEMENT,,AT,0,0,0,0,0,0,0.00,,,,,,,
,,,,,BE,0,0,0,0,0,0,0.00,,,,,,,
,,,,,BG,0,0,0,0,0,0,0.00,,,,,,,
,,,,,HR,0,0,0,0,0,0,0.00,,,,,,,
,,,,,CY,0,0,0,0,0,0,0.00,,,,,,,
,,,,,CZ,0,0,0,0,0,0,0.00,,,,,,,
,,,,,DK,0,0,0,0,0,0,0.00,,,,,,,
,,,,,EE,0,0,0,0,0,0,0.00,,,,,,,
,,,,,FI,0,0,0,0,0,0,0.00,,,,,,,
,,,,,FR,0,0,0,0,0,0,0.00,,,,,,,
,,,,,DE,0,0,0,0,0,0,0.00,,,,,,,
,,,,,EL,0,0,0,0,0,0,0.00,,,,,,,
,,,,,HU,0,0,0,0,0,0,0.00,,,,,,,
,,,,,IE,0,0,0,0,0,0,0.00,,,,,,,
,,,,,IT,0,0,0,0,0,0,0.00,,,,,,,
,,,,,LV,0,0,0,0,0,0,0.00,,,,,,,
,,,,,LT,0,0,0,0,0,0,0.00,,,,,,,
,,,,,LU,0,0,0,0,0,0,0.00,,,,,,,
,,,,,MT,0,0,0,0,0,0,0.00,,,,,,,
,,,,,NL,0,0,0,0,0,0,0.00,,,,,,,
,,,,,PL,0,0,0,0,0,0,0.00,,,,,,,
,,,,,PT,0,0,0,0,0,0,0.00,,,,,,,
,,,,,RO,0,0,0,0,0,0,0.00,,,,,,,
,,,,,SK,0,0,0,0,0,0,0.00,,,,,,,
,,,,,SI,0,0,0,0,0,0,0.00,,,,,,,
,,,,,ES,0,0,0,0,0,0,0.00,,,,,,,
,,,,,SE,0,0,0,0,0,0,0.00,,,,,,,
All,WhatsApp Channels,2026-01-01/2026-06-30,KEYWORD_PATENT_INFRINGEMENT,,AT,0,0,0,0,0,0,0.00,,,,,,,
,,,,,BE,0,0,0,0,0,0,0.00,,,,,,,
,,,,,BG,0,0,0,0,0,0,0.00,,,,,,,
,,,,,HR,0,0,0,0,0,0,0.00,,,,,,,
,,,,,CY,0,0,0,0,0,0,0.00,,,,,,,
,,,,,CZ,0,0,0,0,0,0,0.00,,,,,,,
,,,,,DK,0,0,0,0,0,0,0.00,,,,,,,
,,,,,EE,0,0,0,0,0,0,0.00,,,,,,,
,,,,,FI,0,0,0,0,0,0,0.00,,,,,,,
,,,,,FR,0,0,0,0,0,0,0.00,,,,,,,
,,,,,DE,0,0,0,0,0,0,0.00,,,,,,,
,,,,,EL,0,0,0,0,0,0,0.00,,,,,,,
,,,,,HU,0,0,0,0,0,0,0.00,,,,,,,
,,,,,IE,0,0,0,0,0,0,0.00,,,,,,,
,,,,,IT,0,0,0,0,0,0,0.00,,,,,,,
,,,,,LV,0,0,0,0,0,0,0.00,,,,,,,
,,,,,LT,0,0,0,0,0,0,0.00,,,,,,,
,,,,,LU,0,0,0,0,0,0,0.00,,,,,,,
,,,,,MT,0,0,0,0,0,0,0.00,,,,,,,
,,,,,NL,0,0,0,0,0,0,0.00,,,,,,,
,,,,,PL,0,0,0,0,0,0,0.00,,,,,,,
,,,,,PT,0,0,0,0,0,0,0.00,,,,,,,
,,,,,RO,0,0,0,0,0,0,0.00,,,,,,,
,,,,,SK,0,0,0,0,0,0,0.00,,,,,,,
,,,,,SI,0,0,0,0,0,0,0.00,,,,,,,
,,,,,ES,0,0,0,0,0,0,0.00,,,,,,,
,,,,,SE,0,0,0,0,0,0,0.00,,,,,,,
All,WhatsApp Channels,2026-01-01/2026-06-30,KEYWORD_TRADE_SECRET_INFRINGEMENT,,AT,0,0,0,0,0,0,0.00,,,,,,,
,,,,,BE,0,0,0,0,0,0,0.00,,,,,,,
,,,,,BG,0,0,0,0,0,0,0.00,,,,,,,
,,,,,HR,0,0,0,0,0,0,0.00,,,,,,,
,,,,,CY,0,0,0,0,0,0,0.00,,,,,,,
,,,,,CZ,0,0,0,0,0,0,0.00,,,,,,,
,,,,,DK,0,0,0,0,0,0,0.00,,,,,,,
,,,,,EE,0,0,0,0,0,0,0.00,,,,,,,
,,,,,FI,0,0,0,0,0,0,0.00,,,,,,,
,,,,,FR,0,0,0,0,0,0,0.00,,,,,,,
,,,,,DE,0,0,0,0,0,0,0.00,,,,,,,
,,,,,EL,0,0,0,0,0,0,0.00,,,,,,,
,,,,,HU,0,0,0,0,0,0,0.00,,,,,,,
,,,,,IE,0,0,0,0,0,0,0.00,,,,,,,
,,,,,IT,0,0,0,0,0,0,0.00,,,,,,,
,,,,,LV,0,0,0,0,0,0,0.00,,,,,,,
,,,,,LT,0,0,0,0,0,0,0.00,,,,,,,
,,,,,LU,0,0,0,0,0,0,0.00,,,,,,,
,,,,,MT,0,0,0,0,0,0,0.00,,,,,,,
,,,,,NL,0,0,0,0,0,0,0.00,,,,,,,
,,,,,PL,0,0,0,0,0,0,0.00,,,,,,,
,,,,,PT,0,0,0,0,0,0,0.00,,,,,,,
,,,,,RO,0,0,0,0,0,0,0.00,,,,,,,
,,,,,SK,0,0,0,0,0,0,0.00,,,,,,,
,,,,,SI,0,0,0,0,0,0,0.00,,,,,,,
,,,,,ES,0,0,0,0,0,0,0.00,,,,,,,
,,,,,SE,0,0,0,0,0,0,0.00,,,,,,,
All,WhatsApp Channels,2026-01-01/2026-06-30,KEYWORD_TRADEMARK_INFRINGEMENT,,AT,0,0,0,0,0,0,0.00,,,,,,,
,,,,,BE,0,0,0,0,0,0,0.00,,,,,,,
,,,,,BG,0,0,0,0,0,0,0.00,,,,,,,
,,,,,HR,0,0,0,0,0,0,0.00,,,,,,,
,,,,,CY,0,0,0,0,0,0,0.00,,,,,,,
,,,,,CZ,0,0,0,0,0,0,0.00,,,,,,,
,,,,,DK,0,0,0,0,0,0,0.00,,,,,,,
,,,,,EE,0,0,0,0,0,0,0.00,,,,,,,
,,,,,FI,0,0,0,0,0,0,0.00,,,,,,,
,,,,,FR,0,0,0,0,0,0,0.00,,,,,,,
,,,,,DE,0,0,0,0,0,0,0.00,,,,,,,
,,,,,EL,0,0,0,0,0,0,0.00,,,,,,,
,,,,,HU,0,0,0,0,0,0,0.00,,,,,,,
,,,,,IE,0,0,0,0,0,0,0.00,,,,,,,
,,,,,IT,0,0,0,0,0,0,0.00,,,,,,,
,,,,,LV,0,0,0,0,0,0,0.00,,,,,,,
,,,,,LT,0,0,0,0,0,0,0.00,,,,,,,
,,,,,LU,0,0,0,0,0,0,0.00,,,,,,,
,,,,,MT,0,0,0,0,0,0,0.00,,,,,,,
,,,,,NL,0,0,0,0,0,0,0.00,,,,,,,
,,,,,PL,0,0,0,0,0,0,0.00,,,,,,,
,,,,,PT,0,0,0,0,0,0,0.00,,,,,,,
,,,,,RO,0,0,0,0,0,0,0.00,,,,,,,
,,,,,SK,0,0,0,0,0,0,0.00,,,,,,,
,,,,,SI,0,0,0,0,0,0,0.00,,,,,,,
,,,,,ES,0,0,0,0,0,0,0.00,,,,,,,
,,,,,SE,0,0,0,0,0,0,0.00,,,,,,,
All,WhatsApp Channels,2026-01-01/2026-06-30,KEYWORD_OTHER_INTELLECTUAL_PROPERTY_INFRINGEMENTS_THIRD_PARTY_VIOLATION_OR_DATA_VIOLATION,"Added category to capture Article 9 member state order submissions alleging intellectual property content violations. Also, Article 10 member state order submissions alleging intellectual property or data violations.",AT,0,0,0,0,0,0,0.00,,,,,,,
,,,,,BE,0,0,0,0,0,0,0.00,,,,,,,
,,,,,BG,0,0,0,0,0,0,0.00,,,,,,,
,,,,,HR,0,0,0,0,0,0,0.00,,,,,,,
,,,,,CY,0,0,0,0,0,0,0.00,,,,,,,
,,,,,CZ,0,0,0,0,0,0,0.00,,,,,,,
,,,,,DK,0,0,0,0,0,0,0.00,,,,,,,
,,,,,EE,0,0,0,0,0,0,0.00,,,,,,,
,,,,,FI,0,0,0,0,0,0,0.00,,,,,,,
,,,,,FR,0,0,0,0,0,0,0.00,,,,,,,
,,,,,DE,0,0,0,0,0,0,0.00,,,,,,,
,,,,,EL,0,0,0,0,0,0,0.00,,,,,,,
,,,,,HU,0,0,0,0,0,0,0.00,,,,,,,
,,,,,IE,0,0,0,0,0,0,0.00,,,,,,,
,,,,,IT,0,0,0,0,0,0,0.00,,,,,,,
,,,,,LV,0,0,0,0,0,0,0.00,,,,,,,
,,,,,LT,0,0,0,0,0,0,0.00,,,,,,,
,,,,,LU,0,0,0,0,0,0,0.00,,,,,,,
,,,,,MT,0,0,0,0,0,0,0.00,,,,,,,
,,,,,NL,0,0,0,0,0,0,0.00,,,,,,,
,,,,,PL,0,0,0,0,0,0,0.00,,,,,,,
,,,,,PT,0,0,0,0,0,0,0.00,,,,,,,
,,,,,RO,0,0,0,0,0,0,0.00,,,,,,,
,,,,,SK,0,0,0,0,0,0,0.00,,,,,,,
,,,,,SI,0,0,0,0,0,0,0.00,,,,,,,
,,,,,ES,0,0,0,0,0,0,0.00,,,,,,,
,,,,,SE,0,0,0,0,0,0,0.00,,,,,,,
All,WhatsApp Channels,2026-01-01/2026-06-30,STATEMENT_CATEGORY_NEGATIVE_EFFECTS_ON_CIVIC_DISCOURSE_OR_ELECTIONS,,AT,0,0,0,0,0,0,0.00,,,,,,,
,,,,,BE,0,0,0,0,0,0,0.00,,,,,,,
,,,,,BG,0,0,0,0,0,0,0.00,,,,,,,
,,,,,HR,0,0,0,0,0,0,0.00,,,,,,,
,,,,,CY,0,0,0,0,0,0,0.00,,,,,,,
,,,,,CZ,0,0,0,0,0,0,0.00,,,,,,,
,,,,,DK,0,0,0,0,0,0,0.00,,,,,,,
,,,,,EE,0,0,0,0,0,0,0.00,,,,,,,
,,,,,FI,0,0,0,0,0,0,0.00,,,,,,,
,,,,,FR,0,0,0,0,0,0,0.00,,,,,,,
,,,,,DE,0,0,0,0,0,0,0.00,,,,,,,
,,,,,EL,0,0,0,0,0,0,0.00,,,,,,,
,,,,,HU,0,0,0,0,0,0,0.00,,,,,,,
,,,,,IE,0,0,0,0,0,0,0.00,,,,,,,
,,,,,IT,0,0,0,0,0,0,0.00,,,,,,,
,,,,,LV,0,0,0,0,0,0,0.00,,,,,,,
,,,,,LT,0,0,0,0,0,0,0.00,,,,,,,
,,,,,LU,0,0,0,0,0,0,0.00,,,,,,,
,,,,,MT,0,0,0,0,0,0,0.00,,,,,,,
,,,,,NL,0,0,0,0,0,0,0.00,,,,,,,
,,,,,PL,0,0,0,0,0,0,0.00,,,,,,,
,,,,,PT,0,0,0,0,0,0,0.00,,,,,,,
,,,,,RO,0,0,0,0,0,0,0.00,,,,,,,
,,,,,SK,0,0,0,0,0,0,0.00,,,,,,,
,,,,,SI,0,0,0,0,0,0,0.00,,,,,,,
,,,,,ES,0,0,0,0,0,0,0.00,,,,,,,
,,,,,SE,0,0,0,0,0,0,0.00,,,,,,,
All,WhatsApp Channels,2026-01-01/2026-06-30,KEYWORD_MISINFORMATION_DISINFORMATION,,AT,0,0,0,0,0,0,0.00,,,,,,,
,,,,,BE,0,0,0,0,0,0,0.00,,,,,,,
,,,,,BG,0,0,0,0,0,0,0.00,,,,,,,
,,,,,HR,0,0,0,0,0,0,0.00,,,,,,,
,,,,,CY,0,0,0,0,0,0,0.00,,,,,,,
,,,,,CZ,0,0,0,0,0,0,0.00,,,,,,,
,,,,,DK,0,0,0,0,0,0,0.00,,,,,,,
,,,,,EE,0,0,0,0,0,0,0.00,,,,,,,
,,,,,FI,0,0,0,0,0,0,0.00,,,,,,,
,,,,,FR,0,0,0,0,0,0,0.00,,,,,,,
,,,,,DE,0,0,0,0,0,0,0.00,,,,,,,
,,,,,EL,0,0,0,0,0,0,0.00,,,,,,,
,,,,,HU,0,0,0,0,0,0,0.00,,,,,,,
,,,,,IE,0,0,0,0,0,0,0.00,,,,,,,
,,,,,IT,0,0,0,0,0,0,0.00,,,,,,,
,,,,,LV,0,0,0,0,0,0,0.00,,,,,,,
,,,,,LT,0,0,0,0,0,0,0.00,,,,,,,
,,,,,LU,0,0,0,0,0,0,0.00,,,,,,,
,,,,,MT,0,0,0,0,0,0,0.00,,,,,,,
,,,,,NL,0,0,0,0,0,0,0.00,,,,,,,
,,,,,PL,0,0,0,0,0,0,0.00,,,,,,,
,,,,,PT,0,0,0,0,0,0,0.00,,,,,,,
,,,,,RO,0,0,0,0,0,0,0.00,,,,,,,
,,,,,SK,0,0,0,0,0,0,0.00,,,,,,,
,,,,,SI,0,0,0,0,0,0,0.00,,,,,,,
,,,,,ES,0,0,0,0,0,0,0.00,,,,,,,
,,,,,SE,0,0,0,0,0,0,0.00,,,,,,,
All,WhatsApp Channels,2026-01-01/2026-06-30,KEYWORD_VIOLATION_EU_LAW,,AT,0,0,0,0,0,0,0.00,,,,,,,
,,,,,BE,0,0,0,0,0,0,0.00,,,,,,,
,,,,,BG,0,0,0,0,0,0,0.00,,,,,,,
,,,,,HR,0,0,0,0,0,0,0.00,,,,,,,
,,,,,CY,0,0,0,0,0,0,0.00,,,,,,,
,,,,,CZ,0,0,0,0,0,0,0.00,,,,,,,
,,,,,DK,0,0,0,0,0,0,0.00,,,,,,,
,,,,,EE,0,0,0,0,0,0,0.00,,,,,,,
,,,,,FI,0,0,0,0,0,0,0.00,,,,,,,
,,,,,FR,0,0,0,0,0,0,0.00,,,,,,,
,,,,,DE,0,0,0,0,0,0,0.00,,,,,,,
,,,,,EL,0,0,0,0,0,0,0.00,,,,,,,
,,,,,HU,0,0,0,0,0,0,0.00,,,,,,,
,,,,,IE,0,0,0,0,0,0,0.00,,,,,,,
,,,,,IT,0,0,0,0,0,0,0.00,,,,,,,
,,,,,LV,0,0,0,0,0,0,0.00,,,,,,,
,,,,,LT,0,0,0,0,0,0,0.00,,,,,,,
,,,,,LU,0,0,0,0,0,0,0.00,,,,,,,
,,,,,MT,0,0,0,0,0,0,0.00,,,,,,,
,,,,,NL,0,0,0,0,0,0,0.00,,,,,,,
,,,,,PL,0,0,0,0,0,0,0.00,,,,,,,
,,,,,PT,0,0,0,0,0,0,0.00,,,,,,,
,,,,,RO,0,0,0,0,0,0,0.00,,,,,,,
,,,,,SK,0,0,0,0,0,0,0.00,,,,,,,
,,,,,SI,0,0,0,0,0,0,0.00,,,,,,,
,,,,,ES,0,0,0,0,0,0,0.00,,,,,,,
,,,,,SE,0,0,0,0,0,0,0.00,,,,,,,
All,WhatsApp Channels,2026-01-01/2026-06-30,KEYWORD_VIOLATION_NATIONAL_LAW,,AT,0,0,0,0,0,0,0.00,,,,,,,
,,,,,BE,0,0,0,0,0,0,0.00,,,,,,,
,,,,,BG,0,0,0,0,0,0,0.00,,,,,,,
,,,,,HR,0,0,0,0,0,0,0.00,,,,,,,
,,,,,CY,0,0,0,0,0,0,0.00,,,,,,,
,,,,,CZ,0,0,0,0,0,0,0.00,,,,,,,
,,,,,DK,0,0,0,0,0,0,0.00,,,,,,,
,,,,,EE,0,0,0,0,0,0,0.00,,,,,,,
,,,,,FI,0,0,0,0,0,0,0.00,,,,,,,
,,,,,FR,0,0,0,0,0,0,0.00,,,,,,,
,,,,,DE,0,0,0,0,0,0,0.00,,,,,,,
,,,,,EL,0,0,0,0,0,0,0.00,,,,,,,
,,,,,HU,0,0,0,0,0,0,0.00,,,,,,,
,,,,,IE,0,0,0,0,0,0,0.00,,,,,,,
,,,,,IT,0,0,0,0,0,0,0.00,,,,,,,
,,,,,LV,0,0,0,0,0,0,0.00,,,,,,,
,,,,,LT,0,0,0,0,0,0,0.00,,,,,,,
,,,,,LU,0,0,0,0,0,0,0.00,,,,,,,
,,,,,MT,0,0,0,0,0,0,0.00,,,,,,,
,,,,,NL,0,0,0,0,0,0,0.00,,,,,,,
,,,,,PL,0,0,0,0,0,0,0.00,,,,,,,
,,,,,PT,0,0,0,0,0,0,0.00,,,,,,,
,,,,,RO,0,0,0,0,0,0,0.00,,,,,,,
,,,,,SK,0,0,0,0,0,0,0.00,,,,,,,
,,,,,SI,0,0,0,0,0,0,0.00,,,,,,,
,,,,,ES,0,0,0,0,0,0,0.00,,,,,,,
,,,,,SE,0,0,0,0,0,0,0.00,,,,,,,
All,WhatsApp Channels,2026-01-01/2026-06-30,STATEMENT_CATEGORY_PROTECTION_OF_MINORS,,AT,0,0,0,0,0,0,0.00,,,,,,,
,,,,,BE,0,0,0,0,0,0,0.00,,,,,,,
,,,,,BG,0,0,0,0,0,0,0.00,,,,,,,
,,,,,HR,0,0,0,0,0,0,0.00,,,,,,,
,,,,,CY,0,0,0,0,0,0,0.00,,,,,,,
,,,,,CZ,0,0,0,0,0,0,0.00,,,,,,,
,,,,,DK,0,0,0,0,0,0,0.00,,,,,,,
,,,,,EE,0,0,0,0,0,0,0.00,,,,,,,
,,,,,FI,0,0,0,0,0,0,0.00,,,,,,,
,,,,,FR,0,0,0,0,0,0,0.00,,,,,,,
,,,,,DE,0,0,0,0,3,0,144.77,,,,,,,
,,,,,EL,0,0,0,0,0,0,0.00,,,,,,,
,,,,,HU,0,0,0,0,0,0,0.00,,,,,,,
,,,,,IE,0,0,0,0,0,0,0.00,,,,,,,
,,,,,IT,0,0,0,0,0,0,0.00,,,,,,,
,,,,,LV,0,0,0,0,0,0,0.00,,,,,,,
,,,,,LT,0,0,0,0,0,0,0.00,,,,,,,
,,,,,LU,0,0,0,0,0,0,0.00,,,,,,,
,,,,,MT,0,0,0,0,0,0,0.00,,,,,,,
,,,,,NL,0,0,0,0,0,0,0.00,,,,,,,
,,,,,PL,0,0,0,0,2,0,167.91,,,,,,,
,,,,,PT,0,0,0,0,0,0,0.00,,,,,,,
,,,,,RO,0,0,0,0,0,0,0.00,,,,,,,
,,,,,SK,0,0,0,0,0,0,0.00,,,,,,,
,,,,,SI,0,0,0,0,0,0,0.00,,,,,,,
,,,,,ES,0,0,0,0,0,0,0.00,,,,,,,
,,,,,SE,0,0,0,0,0,0,0.00,,,,,,,
All,WhatsApp Channels,2026-01-01/2026-06-30,KEYWORD_AGE_SPECIFIC_RESTRICTIONS_MINORS,,AT,0,0,0,0,0,0,0.00,,,,,,,
,,,,,BE,0,0,0,0,0,0,0.00,,,,,,,
,,,,,BG,0,0,0,0,0,0,0.00,,,,,,,
,,,,,HR,0,0,0,0,0,0,0.00,,,,,,,
,,,,,CY,0,0,0,0,0,0,0.00,,,,,,,
,,,,,CZ,0,0,0,0,0,0,0.00,,,,,,,
,,,,,DK,0,0,0,0,0,0,0.00,,,,,,,
,,,,,EE,0,0,0,0,0,0,0.00,,,,,,,
,,,,,FI,0,0,0,0,0,0,0.00,,,,,,,
,,,,,FR,0,0,0,0,0,0,0.00,,,,,,,
,,,,,DE,0,0,0,0,0,0,0.00,,,,,,,
,,,,,EL,0,0,0,0,0,0,0.00,,,,,,,
,,,,,HU,0,0,0,0,0,0,0.00,,,,,,,
,,,,,IE,0,0,0,0,0,0,0.00,,,,,,,
,,,,,IT,0,0,0,0,0,0,0.00,,,,,,,
,,,,,LV,0,0,0,0,0,0,0.00,,,,,,,
,,,,,LT,0,0,0,0,0,0,0.00,,,,,,,
,,,,,LU,0,0,0,0,0,0,0.00,,,,,,,
,,,,,MT,0,0,0,0,0,0,0.00,,,,,,,
,,,,,NL,0,0,0,0,0,0,0.00,,,,,,,
,,,,,PL,0,0,0,0,0,0,0.00,,,,,,,
,,,,,PT,0,0,0,0,0,0,0.00,,,,,,,
,,,,,RO,0,0,0,0,0,0,0.00,,,,,,,
,,,,,SK,0,0,0,0,0,0,0.00,,,,,,,
,,,,,SI,0,0,0,0,0,0,0.00,,,,,,,
,,,,,ES,0,0,0,0,0,0,0.00,,,,,,,
,,,,,SE,0,0,0,0,0,0,0.00,,,,,,,
All,WhatsApp Channels,2026-01-01/2026-06-30,KEYWORD_CHILD_SEXUAL_ABUSE_MATERIAL,,AT,0,0,0,0,0,0,0.00,,,,,,,
,,,,,BE,0,0,0,0,0,0,0.00,,,,,,,
,,,,,BG,0,0,0,0,0,0,0.00,,,,,,,
,,,,,HR,0,0,0,0,0,0,0.00,,,,,,,
,,,,,CY,0,0,0,0,0,0,0.00,,,,,,,
,,,,,CZ,0,0,0,0,0,0,0.00,,,,,,,
,,,,,DK,0,0,0,0,0,0,0.00,,,,,,,
,,,,,EE,0,0,0,0,0,0,0.00,,,,,,,
,,,,,FI,0,0,0,0,0,0,0.00,,,,,,,
,,,,,FR,0,0,0,0,0,0,0.00,,,,,,,
,,,,,DE,0,0,0,0,3,0,144.77,,,,,,,
,,,,,EL,0,0,0,0,0,0,0.00,,,,,,,
,,,,,HU,0,0,0,0,0,0,0.00,,,,,,,
,,,,,IE,0,0,0,0,0,0,0.00,,,,,,,
,,,,,IT,0,0,0,0,0,0,0.00,,,,,,,
,,,,,LV,0,0,0,0,0,0,0.00,,,,,,,
,,,,,LT,0,0,0,0,0,0,0.00,,,,,,,
,,,,,LU,0,0,0,0,0,0,0.00,,,,,,,
,,,,,MT,0,0,0,0,0,0,0.00,,,,,,,
,,,,,NL,0,0,0,0,0,0,0.00,,,,,,,
,,,,,PL,0,0,0,0,2,0,167.91,,,,,,,
,,,,,PT,0,0,0,0,0,0,0.00,,,,,,,
,,,,,RO,0,0,0,0,0,0,0.00,,,,,,,
,,,,,SK,0,0,0,0,0,0,0.00,,,,,,,
,,,,,SI,0,0,0,0,0,0,0.00,,,,,,,
,,,,,ES,0,0,0,0,0,0,0.00,,,,,,,
,,,,,SE,0,0,0,0,0,0,0.00,,,,,,,
All,WhatsApp Channels,2026-01-01/2026-06-30,KEYWORD_CHILD_SEXUAL_ABUSE_MATERIAL_DEEPFAKE,,AT,0,0,0,0,0,0,0.00,,,,,,,
,,,,,BE,0,0,0,0,0,0,0.00,,,,,,,
,,,,,BG,0,0,0,0,0,0,0.00,,,,,,,
,,,,,HR,0,0,0,0,0,0,0.00,,,,,,,
,,,,,CY,0,0,0,0,0,0,0.00,,,,,,,
,,,,,CZ,0,0,0,0,0,0,0.00,,,,,,,
,,,,,DK,0,0,0,0,0,0,0.00,,,,,,,
,,,,,EE,0,0,0,0,0,0,0.00,,,,,,,
,,,,,FI,0,0,0,0,0,0,0.00,,,,,,,
,,,,,FR,0,0,0,0,0,0,0.00,,,,,,,
,,,,,DE,0,0,0,0,0,0,0.00,,,,,,,
,,,,,EL,0,0,0,0,0,0,0.00,,,,,,,
,,,,,HU,0,0,0,0,0,0,0.00,,,,,,,
,,,,,IE,0,0,0,0,0,0,0.00,,,,,,,
,,,,,IT,0,0,0,0,0,0,0.00,,,,,,,
,,,,,LV,0,0,0,0,0,0,0.00,,,,,,,
,,,,,LT,0,0,0,0,0,0,0.00,,,,,,,
,,,,,LU,0,0,0,0,0,0,0.00,,,,,,,
,,,,,MT,0,0,0,0,0,0,0.00,,,,,,,
,,,,,NL,0,0,0,0,0,0,0.00,,,,,,,
,,,,,PL,0,0,0,0,0,0,0.00,,,,,,,
,,,,,PT,0,0,0,0,0,0,0.00,,,,,,,
,,,,,RO,0,0,0,0,0,0,0.00,,,,,,,
,,,,,SK,0,0,0,0,0,0,0.00,,,,,,,
,,,,,SI,0,0,0,0,0,0,0.00,,,,,,,
,,,,,ES,0,0,0,0,0,0,0.00,,,,,,,
,,,,,SE,0,0,0,0,0,0,0.00,,,,,,,
All,WhatsApp Channels,2026-01-01/2026-06-30,KEYWORD_GROOMING_SEXUAL_ENTICEMENT_MINORS,,AT,0,0,0,0,0,0,0.00,,,,,,,
,,,,,BE,0,0,0,0,0,0,0.00,,,,,,,
,,,,,BG,0,0,0,0,0,0,0.00,,,,,,,
,,,,,HR,0,0,0,0,0,0,0.00,,,,,,,
,,,,,CY,0,0,0,0,0,0,0.00,,,,,,,
,,,,,CZ,0,0,0,0,0,0,0.00,,,,,,,
,,,,,DK,0,0,0,0,0,0,0.00,,,,,,,
,,,,,EE,0,0,0,0,0,0,0.00,,,,,,,
,,,,,FI,0,0,0,0,0,0,0.00,,,,,,,
,,,,,FR,0,0,0,0,0,0,0.00,,,,,,,
,,,,,DE,0,0,0,0,0,0,0.00,,,,,,,
,,,,,EL,0,0,0,0,0,0,0.00,,,,,,,
,,,,,HU,0,0,0,0,0,0,0.00,,,,,,,
,,,,,IE,0,0,0,0,0,0,0.00,,,,,,,
,,,,,IT,0,0,0,0,0,0,0.00,,,,,,,
,,,,,LV,0,0,0,0,0,0,0.00,,,,,,,
,,,,,LT,0,0,0,0,0,0,0.00,,,,,,,
,,,,,LU,0,0,0,0,0,0,0.00,,,,,,,
,,,,,MT,0,0,0,0,0,0,0.00,,,,,,,
,,,,,NL,0,0,0,0,0,0,0.00,,,,,,,
,,,,,PL,0,0,0,0,0,0,0.00,,,,,,,
,,,,,PT,0,0,0,0,0,0,0.00,,,,,,,
,,,,,RO,0,0,0,0,0,0,0.00,,,,,,,
,,,,,SK,0,0,0,0,0,0,0.00,,,,,,,
,,,,,SI,0,0,0,0,0,0,0.00,,,,,,,
,,,,,ES,0,0,0,0,0,0,0.00,,,,,,,
,,,,,SE,0,0,0,0,0,0,0.00,,,,,,,
All,WhatsApp Channels,2026-01-01/2026-06-30,KEYWORD_UNSAFE_CHALLENGES,,AT,0,0,0,0,0,0,0.00,,,,,,,
,,,,,BE,0,0,0,0,0,0,0.00,,,,,,,
,,,,,BG,0,0,0,0,0,0,0.00,,,,,,,
,,,,,HR,0,0,0,0,0,0,0.00,,,,,,,
,,,,,CY,0,0,0,0,0,0,0.00,,,,,,,
,,,,,CZ,0,0,0,0,0,0,0.00,,,,,,,
,,,,,DK,0,0,0,0,0,0,0.00,,,,,,,
,,,,,EE,0,0,0,0,0,0,0.00,,,,,,,
,,,,,FI,0,0,0,0,0,0,0.00,,,,,,,
,,,,,FR,0,0,0,0,0,0,0.00,,,,,,,
,,,,,DE,0,0,0,0,0,0,0.00,,,,,,,
,,,,,EL,0,0,0,0,0,0,0.00,,,,,,,
,,,,,HU,0,0,0,0,0,0,0.00,,,,,,,
,,,,,IE,0,0,0,0,0,0,0.00,,,,,,,
,,,,,IT,0,0,0,0,0,0,0.00,,,,,,,
,,,,,LV,0,0,0,0,0,0,0.00,,,,,,,
,,,,,LT,0,0,0,0,0,0,0.00,,,,,,,
,,,,,LU,0,0,0,0,0,0,0.00,,,,,,,
,,,,,MT,0,0,0,0,0,0,0.00,,,,,,,
,,,,,NL,0,0,0,0,0,0,0.00,,,,,,,
,,,,,PL,0,0,0,0,0,0,0.00,,,,,,,
,,,,,PT,0,0,0,0,0,0,0.00,,,,,,,
,,,,,RO,0,0,0,0,0,0,0.00,,,,,,,
,,,,,SK,0,0,0,0,0,0,0.00,,,,,,,
,,,,,SI,0,0,0,0,0,0,0.00,,,,,,,
,,,,,ES,0,0,0,0,0,0,0.00,,,,,,,
,,,,,SE,0,0,0,0,0,0,0.00,,,,,,,
All,WhatsApp Channels,2026-01-01/2026-06-30,STATEMENT_CATEGORY_RISK_FOR_PUBLIC_SECURITY,,AT,0,0,0,0,0,0,0.00,,,,,,,
,,,,,BE,0,0,0,0,0,0,0.00,,,,,,,
,,,,,BG,0,0,0,0,0,0,0.00,,,,,,,
,,,,,HR,0,0,0,0,0,0,0.00,,,,,,,
,,,,,CY,0,0,0,0,0,0,0.00,,,,,,,
,,,,,CZ,0,0,0,0,0,0,0.00,,,,,,,
,,,,,DK,0,0,0,0,0,0,0.00,,,,,,,
,,,,,EE,0,0,0,0,0,0,0.00,,,,,,,
,,,,,FI,0,0,0,0,0,0,0.00,,,,,,,
,,,,,FR,0,0,0,0,5,0,144.55,,,,,,,
,,,,,DE,0,0,0,0,0,0,0.00,,,,,,,
,,,,,EL,0,0,0,0,0,0,0.00,,,,,,,
,,,,,HU,0,0,0,0,0,0,0.00,,,,,,,
,,,,,IE,0,0,0,0,0,0,0.00,,,,,,,
,,,,,IT,0,0,0,0,2,0,215.07,,,,,,,
,,,,,LV,0,0,0,0,0,0,0.00,,,,,,,
,,,,,LT,0,0,0,0,0,0,0.00,,,,,,,
,,,,,LU,0,0,0,0,0,0,0.00,,,,,,,
,,,,,MT,0,0,0,0,0,0,0.00,,,,,,,
,,,,,NL,0,0,0,0,0,0,0.00,,,,,,,
,,,,,PL,0,0,0,0,0,0,0.00,,,,,,,
,,,,,PT,0,0,0,0,0,0,0.00,,,,,,,
,,,,,RO,0,0,0,0,1,0,,,,,,,,
,,,,,SK,0,0,0,0,0,0,0.00,,,,,,,
,,,,,SI,0,0,0,0,0,0,0.00,,,,,,,
,,,,,ES,0,0,0,0,0,0,0.00,,,,,,,
,,,,,SE,0,0,0,0,0,0,0.00,,,,,,,
All,WhatsApp Channels,2026-01-01/2026-06-30,KEYWORD_ILLEGAL_ORGANIZATIONS,,AT,0,0,0,0,0,0,0.00,,,,,,,
,,,,,BE,0,0,0,0,0,0,0.00,,,,,,,
,,,,,BG,0,0,0,0,0,0,0.00,,,,,,,
,,,,,HR,0,0,0,0,0,0,0.00,,,,,,,
,,,,,CY,0,0,0,0,0,0,0.00,,,,,,,
,,,,,CZ,0,0,0,0,0,0,0.00,,,,,,,
,,,,,DK,0,0,0,0,0,0,0.00,,,,,,,
,,,,,EE,0,0,0,0,0,0,0.00,,,,,,,
,,,,,FI,0,0,0,0,0,0,0.00,,,,,,,
,,,,,FR,0,0,0,0,0,0,0.00,,,,,,,
,,,,,DE,0,0,0,0,0,0,0.00,,,,,,,
,,,,,EL,0,0,0,0,0,0,0.00,,,,,,,
,,,,,HU,0,0,0,0,0,0,0.00,,,,,,,
,,,,,IE,0,0,0,0,0,0,0.00,,,,,,,
,,,,,IT,0,0,0,0,0,0,0.00,,,,,,,
,,,,,LV,0,0,0,0,0,0,0.00,,,,,,,
,,,,,LT,0,0,0,0,0,0,0.00,,,,,,,
,,,,,LU,0,0,0,0,0,0,0.00,,,,,,,
,,,,,MT,0,0,0,0,0,0,0.00,,,,,,,
,,,,,NL,0,0,0,0,0,0,0.00,,,,,,,
,,,,,PL,0,0,0,0,0,0,0.00,,,,,,,
,,,,,PT,0,0,0,0,0,0,0.00,,,,,,,
,,,,,RO,0,0,0,0,0,0,0.00,,,,,,,
,,,,,SK,0,0,0,0,0,0,0.00,,,,,,,
,,,,,SI,0,0,0,0,0,0,0.00,,,,,,,
,,,,,ES,0,0,0,0,0,0,0.00,,,,,,,
,,,,,SE,0,0,0,0,0,0,0.00,,,,,,,
All,WhatsApp Channels,2026-01-01/2026-06-30,KEYWORD_RISK_ENVIRONMENTAL_DAMAGE,,AT,0,0,0,0,0,0,0.00,,,,,,,
,,,,,BE,0,0,0,0,0,0,0.00,,,,,,,
,,,,,BG,0,0,0,0,0,0,0.00,,,,,,,
,,,,,HR,0,0,0,0,0,0,0.00,,,,,,,
,,,,,CY,0,0,0,0,0,0,0.00,,,,,,,
,,,,,CZ,0,0,0,0,0,0,0.00,,,,,,,
,,,,,DK,0,0,0,0,0,0,0.00,,,,,,,
,,,,,EE,0,0,0,0,0,0,0.00,,,,,,,
,,,,,FI,0,0,0,0,0,0,0.00,,,,,,,
,,,,,FR,0,0,0,0,0,0,0.00,,,,,,,
,,,,,DE,0,0,0,0,0,0,0.00,,,,,,,
,,,,,EL,0,0,0,0,0,0,0.00,,,,,,,
,,,,,HU,0,0,0,0,0,0,0.00,,,,,,,
,,,,,IE,0,0,0,0,0,0,0.00,,,,,,,
,,,,,IT,0,0,0,0,0,0,0.00,,,,,,,
,,,,,LV,0,0,0,0,0,0,0.00,,,,,,,
,,,,,LT,0,0,0,0,0,0,0.00,,,,,,,
,,,,,LU,0,0,0,0,0,0,0.00,,,,,,,
,,,,,MT,0,0,0,0,0,0,0.00,,,,,,,
,,,,,NL,0,0,0,0,0,0,0.00,,,,,,,
,,,,,PL,0,0,0,0,0,0,0.00,,,,,,,
,,,,,PT,0,0,0,0,0,0,0.00,,,,,,,
,,,,,RO,0,0,0,0,0,0,0.00,,,,,,,
,,,,,SK,0,0,0,0,0,0,0.00,,,,,,,
,,,,,SI,0,0,0,0,0,0,0.00,,,,,,,
,,,,,ES,0,0,0,0,0,0,0.00,,,,,,,
,,,,,SE,0,0,0,0,0,0,0.00,,,,,,,
All,WhatsApp Channels,2026-01-01/2026-06-30,KEYWORD_RISK_PUBLIC_HEALTH,,AT,0,0,0,0,0,0,0.00,,,,,,,
,,,,,BE,0,0,0,0,0,0,0.00,,,,,,,
,,,,,BG,0,0,0,0,0,0,0.00,,,,,,,
,,,,,HR,0,0,0,0,0,0,0.00,,,,,,,
,,,,,CY,0,0,0,0,0,0,0.00,,,,,,,
,,,,,CZ,0,0,0,0,0,0,0.00,,,,,,,
,,,,,DK,0,0,0,0,0,0,0.00,,,,,,,
,,,,,EE,0,0,0,0,0,0,0.00,,,,,,,
,,,,,FI,0,0,0,0,0,0,0.00,,,,,,,
,,,,,FR,0,0,0,0,0,0,0.00,,,,,,,
,,,,,DE,0,0,0,0,0,0,0.00,,,,,,,
,,,,,EL,0,0,0,0,0,0,0.00,,,,,,,
,,,,,HU,0,0,0,0,0,0,0.00,,,,,,,
,,,,,IE,0,0,0,0,0,0,0.00,,,,,,,
,,,,,IT,0,0,0,0,0,0,0.00,,,,,,,
,,,,,LV,0,0,0,0,0,0,0.00,,,,,,,
,,,,,LT,0,0,0,0,0,0,0.00,,,,,,,
,,,,,LU,0,0,0,0,0,0,0.00,,,,,,,
,,,,,MT,0,0,0,0,0,0,0.00,,,,,,,
,,,,,NL,0,0,0,0,0,0,0.00,,,,,,,
,,,,,PL,0,0,0,0,0,0,0.00,,,,,,,
,,,,,PT,0,0,0,0,0,0,0.00,,,,,,,
,,,,,RO,0,0,0,0,0,0,0.00,,,,,,,
,,,,,SK,0,0,0,0,0,0,0.00,,,,,,,
,,,,,SI,0,0,0,0,0,0,0.00,,,,,,,
,,,,,ES,0,0,0,0,0,0,0.00,,,,,,,
,,,,,SE,0,0,0,0,0,0,0.00,,,,,,,
All,WhatsApp Channels,2026-01-01/2026-06-30,KEYWORD_TERRORIST_CONTENT,,AT,0,0,0,0,0,0,0.00,,,,,,,
,,,,,BE,0,0,0,0,0,0,0.00,,,,,,,
,,,,,BG,0,0,0,0,0,0,0.00,,,,,,,
,,,,,HR,0,0,0,0,0,0,0.00,,,,,,,
,,,,,CY,0,0,0,0,0,0,0.00,,,,,,,
,,,,,CZ,0,0,0,0,0,0,0.00,,,,,,,
,,,,,DK,0,0,0,0,0,0,0.00,,,,,,,
,,,,,EE,0,0,0,0,0,0,0.00,,,,,,,
,,,,,FI,0,0,0,0,0,0,0.00,,,,,,,
,,,,,FR,0,0,0,0,1,0,97.59,,,,,,,
,,,,,DE,0,0,0,0,0,0,0.00,,,,,,,
,,,,,EL,0,0,0,0,0,0,0.00,,,,,,,
,,,,,HU,0,0,0,0,0,0,0.00,,,,,,,
,,,,,IE,0,0,0,0,0,0,0.00,,,,,,,
,,,,,IT,0,0,0,0,0,0,0.00,,,,,,,
,,,,,LV,0,0,0,0,0,0,0.00,,,,,,,
,,,,,LT,0,0,0,0,0,0,0.00,,,,,,,
,,,,,LU,0,0,0,0,0,0,0.00,,,,,,,
,,,,,MT,0,0,0,0,0,0,0.00,,,,,,,
,,,,,NL,0,0,0,0,0,0,0.00,,,,,,,
,,,,,PL,0,0,0,0,0,0,0.00,,,,,,,
,,,,,PT,0,0,0,0,0,0,0.00,,,,,,,
,,,,,RO,0,0,0,0,0,0,0.00,,,,,,,
,,,,,SK,0,0,0,0,0,0,0.00,,,,,,,
,,,,,SI,0,0,0,0,0,0,0.00,,,,,,,
,,,,,ES,0,0,0,0,0,0,0.00,,,,,,,
,,,,,SE,0,0,0,0,0,0,0.00,,,,,,,
All,WhatsApp Channels,2026-01-01/2026-06-30,KEYWORD_OTHER_FUGITIVE,Added category to record Article 10 member state order submissions to provide information alleging a fugitive as the reason for the request.,AT,0,0,0,0,0,0,0.00,,,,,,,
,,,,,BE,0,0,0,0,0,0,0.00,,,,,,,
,,,,,BG,0,0,0,0,0,0,0.00,,,,,,,
,,,,,HR,0,0,0,0,0,0,0.00,,,,,,,
,,,,,CY,0,0,0,0,0,0,0.00,,,,,,,
,,,,,CZ,0,0,0,0,0,0,0.00,,,,,,,
,,,,,DK,0,0,0,0,0,0,0.00,,,,,,,
,,,,,EE,0,0,0,0,0,0,0.00,,,,,,,
,,,,,FI,0,0,0,0,0,0,0.00,,,,,,,
,,,,,FR,0,0,0,0,2,0,0.40,,,,,,,
,,,,,DE,0,0,0,0,0,0,0.00,,,,,,,
,,,,,EL,0,0,0,0,0,0,0.00,,,,,,,
,,,,,HU,0,0,0,0,0,0,0.00,,,,,,,
,,,,,IE,0,0,0,0,0,0,0.00,,,,,,,
,,,,,IT,0,0,0,0,0,0,0.00,,,,,,,
,,,,,LV,0,0,0,0,0,0,0.00,,,,,,,
,,,,,LT,0,0,0,0,0,0,0.00,,,,,,,
,,,,,LU,0,0,0,0,0,0,0.00,,,,,,,
,,,,,MT,0,0,0,0,0,0,0.00,,,,,,,
,,,,,NL,0,0,0,0,0,0,0.00,,,,,,,
,,,,,PL,0,0,0,0,0,0,0.00,,,,,,,
,,,,,PT,0,0,0,0,0,0,0.00,,,,,,,
,,,,,RO,0,0,0,0,1,0,,,,,,,,
,,,,,SK,0,0,0,0,0,0,0.00,,,,,,,
,,,,,SI,0,0,0,0,0,0,0.00,,,,,,,
,,,,,ES,0,0,0,0,0,0,0.00,,,,,,,
,,,,,SE,0,0,0,0,0,0,0.00,,,,,,,
All,WhatsApp Channels,2026-01-01/2026-06-30,KEYWORD_OTHER_TRESPASS_PROPERTY_AND_ENVIRONMENTAL_DAMAGE,Added category to record Article 10 member state order submissions to provide information alleging property or environmental damage as the reason for the request.,AT,0,0,0,0,0,0,0.00,,,,,,,
,,,,,BE,0,0,0,0,0,0,0.00,,,,,,,
,,,,,BG,0,0,0,0,0,0,0.00,,,,,,,
,,,,,HR,0,0,0,0,0,0,0.00,,,,,,,
,,,,,CY,0,0,0,0,0,0,0.00,,,,,,,
,,,,,CZ,0,0,0,0,0,0,0.00,,,,,,,
,,,,,DK,0,0,0,0,0,0,0.00,,,,,,,
,,,,,EE,0,0,0,0,0,0,0.00,,,,,,,
,,,,,FI,0,0,0,0,0,0,0.00,,,,,,,
,,,,,FR,0,0,0,0,2,0,744.71,,,,,,,
,,,,,DE,0,0,0,0,0,0,0.00,,,,,,,
,,,,,EL,0,0,0,0,0,0,0.00,,,,,,,
,,,,,HU,0,0,0,0,0,0,0.00,,,,,,,
,,,,,IE,0,0,0,0,0,0,0.00,,,,,,,
,,,,,IT,0,0,0,0,2,0,215.07,,,,,,,
,,,,,LV,0,0,0,0,0,0,0.00,,,,,,,
,,,,,LT,0,0,0,0,0,0,0.00,,,,,,,
,,,,,LU,0,0,0,0,0,0,0.00,,,,,,,
,,,,,MT,0,0,0,0,0,0,0.00,,,,,,,
,,,,,NL,0,0,0,0,0,0,0.00,,,,,,,
,,,,,PL,0,0,0,0,0,0,0.00,,,,,,,
,,,,,PT,0,0,0,0,0,0,0.00,,,,,,,
,,,,,RO,0,0,0,0,0,0,0.00,,,,,,,
,,,,,SK,0,0,0,0,0,0,0.00,,,,,,,
,,,,,SI,0,0,0,0,0,0,0.00,,,,,,,
,,,,,ES,0,0,0,0,0,0,0.00,,,,,,,
,,,,,SE,0,0,0,0,0,0,0.00,,,,,,,
All,WhatsApp Channels,2026-01-01/2026-06-30,STATEMENT_CATEGORY_SCAMS_AND_FRAUD,,AT,0,0,0,0,0,0,0.00,,,,,,,
,,,,,BE,0,0,0,0,0,0,0.00,,,,,,,
,,,,,BG,0,0,0,0,0,0,0.00,,,,,,,
,,,,,HR,0,0,0,0,0,0,0.00,,,,,,,
,,,,,CY,0,0,0,0,0,0,0.00,,,,,,,
,,,,,CZ,0,0,0,0,0,0,0.00,,,,,,,
,,,,,DK,0,0,0,0,0,0,0.00,,,,,,,
,,,,,EE,0,0,0,0,0,0,0.00,,,,,,,
,,,,,FI,0,0,0,0,0,0,0.00,,,,,,,
,,,,,FR,0,0,0,0,12,0,118.46,,,,,,,
,,,,,DE,0,0,0,0,73,0,247.52,,,,,,,
,,,,,EL,0,0,0,0,0,0,0.00,,,,,,,
,,,,,HU,0,0,0,0,4,0,,,,,,,,
,,,,,IE,0,0,0,0,1,0,,,,,,,,
,,,,,IT,0,0,0,0,9,0,268.60,,,,,,,
,,,,,LV,0,0,0,0,0,0,0.00,,,,,,,
,,,,,LT,0,0,0,0,1,0,,,,,,,,
,,,,,LU,0,0,0,0,0,0,0.00,,,,,,,
,,,,,MT,0,0,0,0,0,0,0.00,,,,,,,
,,,,,NL,0,0,0,0,0,0,0.00,,,,,,,
,,,,,PL,0,0,0,0,12,0,135.38,,,,,,,
,,,,,PT,0,0,0,0,4,0,477.40,,,,,,,
,,,,,RO,0,0,0,0,1,0,,,,,,,,
,,,,,SK,0,0,0,0,0,0,0.00,,,,,,,
,,,,,SI,0,0,0,0,0,0,0.00,,,,,,,
,,,,,ES,0,0,0,0,0,0,0.00,,,,,,,
,,,,,SE,0,0,0,0,0,0,0.00,,,,,,,
All,WhatsApp Channels,2026-01-01/2026-06-30,KEYWORD_IMPERSONATION_ACCOUNT_HIJACKING,,AT,0,0,0,0,0,0,0.00,,,,,,,
,,,,,BE,0,0,0,0,0,0,0.00,,,,,,,
,,,,,BG,0,0,0,0,0,0,0.00,,,,,,,
,,,,,HR,0,0,0,0,0,0,0.00,,,,,,,
,,,,,CY,0,0,0,0,0,0,0.00,,,,,,,
,,,,,CZ,0,0,0,0,0,0,0.00,,,,,,,
,,,,,DK,0,0,0,0,0,0,0.00,,,,,,,
,,,,,EE,0,0,0,0,0,0,0.00,,,,,,,
,,,,,FI,0,0,0,0,0,0,0.00,,,,,,,
,,,,,FR,0,0,0,0,0,0,0.00,,,,,,,
,,,,,DE,0,0,0,0,1,0,74.83,,,,,,,
,,,,,EL,0,0,0,0,0,0,0.00,,,,,,,
,,,,,HU,0,0,0,0,0,0,0.00,,,,,,,
,,,,,IE,0,0,0,0,0,0,0.00,,,,,,,
,,,,,IT,0,0,0,0,3,0,390.56,,,,,,,
,,,,,LV,0,0,0,0,0,0,0.00,,,,,,,
,,,,,LT,0,0,0,0,0,0,0.00,,,,,,,
,,,,,LU,0,0,0,0,0,0,0.00,,,,,,,
,,,,,MT,0,0,0,0,0,0,0.00,,,,,,,
,,,,,NL,0,0,0,0,0,0,0.00,,,,,,,
,,,,,PL,0,0,0,0,0,0,0.00,,,,,,,
,,,,,PT,0,0,0,0,0,0,0.00,,,,,,,
,,,,,RO,0,0,0,0,0,0,0.00,,,,,,,
,,,,,SK,0,0,0,0,0,0,0.00,,,,,,,
,,,,,SI,0,0,0,0,0,0,0.00,,,,,,,
,,,,,ES,0,0,0,0,0,0,0.00,,,,,,,
,,,,,SE,0,0,0,0,0,0,0.00,,,,,,,
All,WhatsApp Channels,2026-01-01/2026-06-30,KEYWORD_INAUTHENTIC_ACCOUNTS,,AT,0,0,0,0,0,0,0.00,,,,,,,
,,,,,BE,0,0,0,0,0,0,0.00,,,,,,,
,,,,,BG,0,0,0,0,0,0,0.00,,,,,,,
,,,,,HR,0,0,0,0,0,0,0.00,,,,,,,
,,,,,CY,0,0,0,0,0,0,0.00,,,,,,,
,,,,,CZ,0,0,0,0,0,0,0.00,,,,,,,
,,,,,DK,0,0,0,0,0,0,0.00,,,,,,,
,,,,,EE,0,0,0,0,0,0,0.00,,,,,,,
,,,,,FI,0,0,0,0,0,0,0.00,,,,,,,
,,,,,FR,0,0,0,0,0,0,0.00,,,,,,,
,,,,,DE,0,0,0,0,0,0,0.00,,,,,,,
,,,,,EL,0,0,0,0,0,0,0.00,,,,,,,
,,,,,HU,0,0,0,0,0,0,0.00,,,,,,,
,,,,,IE,0,0,0,0,0,0,0.00,,,,,,,
,,,,,IT,0,0,0,0,0,0,0.00,,,,,,,
,,,,,LV,0,0,0,0,0,0,0.00,,,,,,,
,,,,,LT,0,0,0,0,0,0,0.00,,,,,,,
,,,,,LU,0,0,0,0,0,0,0.00,,,,,,,
,,,,,MT,0,0,0,0,0,0,0.00,,,,,,,
,,,,,NL,0,0,0,0,0,0,0.00,,,,,,,
,,,,,PL,0,0,0,0,0,0,0.00,,,,,,,
,,,,,PT,0,0,0,0,0,0,0.00,,,,,,,
,,,,,RO,0,0,0,0,0,0,0.00,,,,,,,
,,,,,SK,0,0,0,0,0,0,0.00,,,,,,,
,,,,,SI,0,0,0,0,0,0,0.00,,,,,,,
,,,,,ES,0,0,0,0,0,0,0.00,,,,,,,
,,,,,SE,0,0,0,0,0,0,0.00,,,,,,,
All,WhatsApp Channels,2026-01-01/2026-06-30,KEYWORD_INAUTHENTIC_LISTINGS,,AT,0,0,0,0,0,0,0.00,,,,,,,
,,,,,BE,0,0,0,0,0,0,0.00,,,,,,,
,,,,,BG,0,0,0,0,0,0,0.00,,,,,,,
,,,,,HR,0,0,0,0,0,0,0.00,,,,,,,
,,,,,CY,0,0,0,0,0,0,0.00,,,,,,,
,,,,,CZ,0,0,0,0,0,0,0.00,,,,,,,
,,,,,DK,0,0,0,0,0,0,0.00,,,,,,,
,,,,,EE,0,0,0,0,0,0,0.00,,,,,,,
,,,,,FI,0,0,0,0,0,0,0.00,,,,,,,
,,,,,FR,0,0,0,0,0,0,0.00,,,,,,,
,,,,,DE,0,0,0,0,0,0,0.00,,,,,,,
,,,,,EL,0,0,0,0,0,0,0.00,,,,,,,
,,,,,HU,0,0,0,0,0,0,0.00,,,,,,,
,,,,,IE,0,0,0,0,0,0,0.00,,,,,,,
,,,,,IT,0,0,0,0,0,0,0.00,,,,,,,
,,,,,LV,0,0,0,0,0,0,0.00,,,,,,,
,,,,,LT,0,0,0,0,0,0,0.00,,,,,,,
,,,,,LU,0,0,0,0,0,0,0.00,,,,,,,
,,,,,MT,0,0,0,0,0,0,0.00,,,,,,,
,,,,,NL,0,0,0,0,0,0,0.00,,,,,,,
,,,,,PL,0,0,0,0,0,0,0.00,,,,,,,
,,,,,PT,0,0,0,0,0,0,0.00,,,,,,,
,,,,,RO,0,0,0,0,0,0,0.00,,,,,,,
,,,,,SK,0,0,0,0,0,0,0.00,,,,,,,
,,,,,SI,0,0,0,0,0,0,0.00,,,,,,,
,,,,,ES,0,0,0,0,0,0,0.00,,,,,,,
,,,,,SE,0,0,0,0,0,0,0.00,,,,,,,
All,WhatsApp Channels,2026-01-01/2026-06-30,KEYWORD_INAUTHENTIC_USER_REVIEWS,,AT,0,0,0,0,0,0,0.00,,,,,,,
,,,,,BE,0,0,0,0,0,0,0.00,,,,,,,
,,,,,BG,0,0,0,0,0,0,0.00,,,,,,,
,,,,,HR,0,0,0,0,0,0,0.00,,,,,,,
,,,,,CY,0,0,0,0,0,0,0.00,,,,,,,
,,,,,CZ,0,0,0,0,0,0,0.00,,,,,,,
,,,,,DK,0,0,0,0,0,0,0.00,,,,,,,
,,,,,EE,0,0,0,0,0,0,0.00,,,,,,,
,,,,,FI,0,0,0,0,0,0,0.00,,,,,,,
,,,,,FR,0,0,0,0,0,0,0.00,,,,,,,
,,,,,DE,0,0,0,0,0,0,0.00,,,,,,,
,,,,,EL,0,0,0,0,0,0,0.00,,,,,,,
,,,,,HU,0,0,0,0,0,0,0.00,,,,,,,
,,,,,IE,0,0,0,0,0,0,0.00,,,,,,,
,,,,,IT,0,0,0,0,0,0,0.00,,,,,,,
,,,,,LV,0,0,0,0,0,0,0.00,,,,,,,
,,,,,LT,0,0,0,0,0,0,0.00,,,,,,,
,,,,,LU,0,0,0,0,0,0,0.00,,,,,,,
,,,,,MT,0,0,0,0,0,0,0.00,,,,,,,
,,,,,NL,0,0,0,0,0,0,0.00,,,,,,,
,,,,,PL,0,0,0,0,0,0,0.00,,,,,,,
,,,,,PT,0,0,0,0,0,0,0.00,,,,,,,
,,,,,RO,0,0,0,0,0,0,0.00,,,,,,,
,,,,,SK,0,0,0,0,0,0,0.00,,,,,,,
,,,,,SI,0,0,0,0,0,0,0.00,,,,,,,
,,,,,ES,0,0,0,0,0,0,0.00,,,,,,,
,,,,,SE,0,0,0,0,0,0,0.00,,,,,,,
All,WhatsApp Channels,2026-01-01/2026-06-30,KEYWORD_PHISHING,,AT,0,0,0,0,0,0,0.00,,,,,,,
,,,,,BE,0,0,0,0,0,0,0.00,,,,,,,
,,,,,BG,0,0,0,0,0,0,0.00,,,,,,,
,,,,,HR,0,0,0,0,0,0,0.00,,,,,,,
,,,,,CY,0,0,0,0,0,0,0.00,,,,,,,
,,,,,CZ,0,0,0,0,0,0,0.00,,,,,,,
,,,,,DK,0,0,0,0,0,0,0.00,,,,,,,
,,,,,EE,0,0,0,0,0,0,0.00,,,,,,,
,,,,,FI,0,0,0,0,0,0,0.00,,,,,,,
,,,,,FR,0,0,0,0,0,0,0.00,,,,,,,
,,,,,DE,0,0,0,0,0,0,0.00,,,,,,,
,,,,,EL,0,0,0,0,0,0,0.00,,,,,,,
,,,,,HU,0,0,0,0,0,0,0.00,,,,,,,
,,,,,IE,0,0,0,0,0,0,0.00,,,,,,,
,,,,,IT,0,0,0,0,0,0,0.00,,,,,,,
,,,,,LV,0,0,0,0,0,0,0.00,,,,,,,
,,,,,LT,0,0,0,0,0,0,0.00,,,,,,,
,,,,,LU,0,0,0,0,0,0,0.00,,,,,,,
,,,,,MT,0,0,0,0,0,0,0.00,,,,,,,
,,,,,NL,0,0,0,0,0,0,0.00,,,,,,,
,,,,,PL,0,0,0,0,0,0,0.00,,,,,,,
,,,,,PT,0,0,0,0,0,0,0.00,,,,,,,
,,,,,RO,0,0,0,0,0,0,0.00,,,,,,,
,,,,,SK,0,0,0,0,0,0,0.00,,,,,,,
,,,,,SI,0,0,0,0,0,0,0.00,,,,,,,
,,,,,ES,0,0,0,0,0,0,0.00,,,,,,,
,,,,,SE,0,0,0,0,0,0,0.00,,,,,,,
All,WhatsApp Channels,2026-01-01/2026-06-30,KEYWORD_PYRAMID_SCHEMES,,AT,0,0,0,0,0,0,0.00,,,,,,,
,,,,,BE,0,0,0,0,0,0,0.00,,,,,,,
,,,,,BG,0,0,0,0,0,0,0.00,,,,,,,
,,,,,HR,0,0,0,0,0,0,0.00,,,,,,,
,,,,,CY,0,0,0,0,0,0,0.00,,,,,,,
,,,,,CZ,0,0,0,0,0,0,0.00,,,,,,,
,,,,,DK,0,0,0,0,0,0,0.00,,,,,,,
,,,,,EE,0,0,0,0,0,0,0.00,,,,,,,
,,,,,FI,0,0,0,0,0,0,0.00,,,,,,,
,,,,,FR,0,0,0,0,0,0,0.00,,,,,,,
,,,,,DE,0,0,0,0,0,0,0.00,,,,,,,
,,,,,EL,0,0,0,0,0,0,0.00,,,,,,,
,,,,,HU,0,0,0,0,0,0,0.00,,,,,,,
,,,,,IE,0,0,0,0,0,0,0.00,,,,,,,
,,,,,IT,0,0,0,0,0,0,0.00,,,,,,,
,,,,,LV,0,0,0,0,0,0,0.00,,,,,,,
,,,,,LT,0,0,0,0,0,0,0.00,,,,,,,
,,,,,LU,0,0,0,0,0,0,0.00,,,,,,,
,,,,,MT,0,0,0,0,0,0,0.00,,,,,,,
,,,,,NL,0,0,0,0,0,0,0.00,,,,,,,
,,,,,PL,0,0,0,0,0,0,0.00,,,,,,,
,,,,,PT,0,0,0,0,0,0,0.00,,,,,,,
,,,,,RO,0,0,0,0,0,0,0.00,,,,,,,
,,,,,SK,0,0,0,0,0,0,0.00,,,,,,,
,,,,,SI,0,0,0,0,0,0,0.00,,,,,,,
,,,,,ES,0,0,0,0,0,0,0.00,,,,,,,
,,,,,SE,0,0,0,0,0,0,0.00,,,,,,,
All,WhatsApp Channels,2026-01-01/2026-06-30,KEYWORD_OTHER_FINANCIAL_FRAUDS_SCAMS,Added category to record Article 10 member state order submissions to provide information alleging financial fraud and scams as the reason for the request.,AT,0,0,0,0,0,0,0.00,,,,,,,
,,,,,BE,0,0,0,0,0,0,0.00,,,,,,,
,,,,,BG,0,0,0,0,0,0,0.00,,,,,,,
,,,,,HR,0,0,0,0,0,0,0.00,,,,,,,
,,,,,CY,0,0,0,0,0,0,0.00,,,,,,,
,,,,,CZ,0,0,0,0,0,0,0.00,,,,,,,
,,,,,DK,0,0,0,0,0,0,0.00,,,,,,,
,,,,,EE,0,0,0,0,0,0,0.00,,,,,,,
,,,,,FI,0,0,0,0,0,0,0.00,,,,,,,
,,,,,FR,0,0,0,0,12,0,118.46,,,,,,,
,,,,,DE,0,0,0,0,72,0,247.52,,,,,,,
,,,,,EL,0,0,0,0,0,0,0.00,,,,,,,
,,,,,HU,0,0,0,0,4,0,,,,,,,,
,,,,,IE,0,0,0,0,1,0,,,,,,,,
,,,,,IT,0,0,0,0,6,0,196.50,,,,,,,
,,,,,LV,0,0,0,0,0,0,0.00,,,,,,,
,,,,,LT,0,0,0,0,1,0,,,,,,,,
,,,,,LU,0,0,0,0,0,0,0.00,,,,,,,
,,,,,MT,0,0,0,0,0,0,0.00,,,,,,,
,,,,,NL,0,0,0,0,0,0,0.00,,,,,,,
,,,,,PL,0,0,0,0,12,0,135.38,,,,,,,
,,,,,PT,0,0,0,0,4,0,477.40,,,,,,,
,,,,,RO,0,0,0,0,1,0,,,,,,,,
,,,,,SK,0,0,0,0,0,0,0.00,,,,,,,
,,,,,SI,0,0,0,0,0,0,0.00,,,,,,,
,,,,,ES,0,0,0,0,0,0,0.00,,,,,,,
,,,,,SE,0,0,0,0,0,0,0.00,,,,,,,
All,WhatsApp Channels,2026-01-01/2026-06-30,KEYWORD_OTHER_FRAUD_AND_DECEPTION,Added category to record Article 9 member state order submissions alleging fraud.,AT,0,0,0,0,0,0,0.00,,,,,,,
,,,,,BE,0,0,0,0,0,0,0.00,,,,,,,
,,,,,BG,0,0,0,0,0,0,0.00,,,,,,,
,,,,,HR,0,0,0,0,0,0,0.00,,,,,,,
,,,,,CY,0,0,0,0,0,0,0.00,,,,,,,
,,,,,CZ,0,0,0,0,0,0,0.00,,,,,,,
,,,,,DK,0,0,0,0,0,0,0.00,,,,,,,
,,,,,EE,0,0,0,0,0,0,0.00,,,,,,,
,,,,,FI,0,0,0,0,0,0,0.00,,,,,,,
,,,,,FR,0,0,0,0,0,0,0.00,,,,,,,
,,,,,DE,0,0,0,0,0,0,0.00,,,,,,,
,,,,,EL,0,0,0,0,0,0,0.00,,,,,,,
,,,,,HU,0,0,0,0,0,0,0.00,,,,,,,
,,,,,IE,0,0,0,0,0,0,0.00,,,,,,,
,,,,,IT,0,0,0,0,0,0,0.00,,,,,,,
,,,,,LV,0,0,0,0,0,0,0.00,,,,,,,
,,,,,LT,0,0,0,0,0,0,0.00,,,,,,,
,,,,,LU,0,0,0,0,0,0,0.00,,,,,,,
,,,,,MT,0,0,0,0,0,0,0.00,,,,,,,
,,,,,NL,0,0,0,0,0,0,0.00,,,,,,,
,,,,,PL,0,0,0,0,0,0,0.00,,,,,,,
,,,,,PT,0,0,0,0,0,0,0.00,,,,,,,
,,,,,RO,0,0,0,0,0,0,0.00,,,,,,,
,,,,,SK,0,0,0,0,0,0,0.00,,,,,,,
,,,,,SI,0,0,0,0,0,0,0.00,,,,,,,
,,,,,ES,0,0,0,0,0,0,0.00,,,,,,,
,,,,,SE,0,0,0,0,0,0,0.00,,,,,,,
All,WhatsApp Channels,2026-01-01/2026-06-30,KEYWORD_OTHER_SPAM,Added category to record Article 9 member state order submissions alleging spam.,AT,0,0,0,0,0,0,0.00,,,,,,,
,,,,,BE,0,0,0,0,0,0,0.00,,,,,,,
,,,,,BG,0,0,0,0,0,0,0.00,,,,,,,
,,,,,HR,0,0,0,0,0,0,0.00,,,,,,,
,,,,,CY,0,0,0,0,0,0,0.00,,,,,,,
,,,,,CZ,0,0,0,0,0,0,0.00,,,,,,,
,,,,,DK,0,0,0,0,0,0,0.00,,,,,,,
,,,,,EE,0,0,0,0,0,0,0.00,,,,,,,
,,,,,FI,0,0,0,0,0,0,0.00,,,,,,,
,,,,,FR,0,0,0,0,0,0,0.00,,,,,,,
,,,,,DE,0,0,0,0,0,0,0.00,,,,,,,
,,,,,EL,0,0,0,0,0,0,0.00,,,,,,,
,,,,,HU,0,0,0,0,0,0,0.00,,,,,,,
,,,,,IE,0,0,0,0,0,0,0.00,,,,,,,
,,,,,IT,0,0,0,0,0,0,0.00,,,,,,,
,,,,,LV,0,0,0,0,0,0,0.00,,,,,,,
,,,,,LT,0,0,0,0,0,0,0.00,,,,,,,
,,,,,LU,0,0,0,0,0,0,0.00,,,,,,,
,,,,,MT,0,0,0,0,0,0,0.00,,,,,,,
,,,,,NL,0,0,0,0,0,0,0.00,,,,,,,
,,,,,PL,0,0,0,0,0,0,0.00,,,,,,,
,,,,,PT,0,0,0,0,0,0,0.00,,,,,,,
,,,,,RO,0,0,0,0,0,0,0.00,,,,,,,
,,,,,SK,0,0,0,0,0,0,0.00,,,,,,,
,,,,,SI,0,0,0,0,0,0,0.00,,,,,,,
,,,,,ES,0,0,0,0,0,0,0.00,,,,,,,
,,,,,SE,0,0,0,0,0,0,0.00,,,,,,,
All,WhatsApp Channels,2026-01-01/2026-06-30,KEYWORD_OTHER_GAMBLING,This row was added for use in other parts of our report. We have included it here for consistency across the report.,AT,0,0,0,0,0,0,0.00,,,,,,,
,,,,,BE,0,0,0,0,0,0,0.00,,,,,,,
,,,,,BG,0,0,0,0,0,0,0.00,,,,,,,
,,,,,HR,0,0,0,0,0,0,0.00,,,,,,,
,,,,,CY,0,0,0,0,0,0,0.00,,,,,,,
,,,,,CZ,0,0,0,0,0,0,0.00,,,,,,,
,,,,,DK,0,0,0,0,0,0,0.00,,,,,,,
,,,,,EE,0,0,0,0,0,0,0.00,,,,,,,
,,,,,FI,0,0,0,0,0,0,0.00,,,,,,,
,,,,,FR,0,0,0,0,0,0,0.00,,,,,,,
,,,,,DE,0,0,0,0,0,0,0.00,,,,,,,
,,,,,EL,0,0,0,0,0,0,0.00,,,,,,,
,,,,,HU,0,0,0,0,0,0,0.00,,,,,,,
,,,,,IE,0,0,0,0,0,0,0.00,,,,,,,
,,,,,IT,0,0,0,0,0,0,0.00,,,,,,,
,,,,,LV,0,0,0,0,0,0,0.00,,,,,,,
,,,,,LT,0,0,0,0,0,0,0.00,,,,,,,
,,,,,LU,0,0,0,0,0,0,0.00,,,,,,,
,,,,,MT,0,0,0,0,0,0,0.00,,,,,,,
,,,,,NL,0,0,0,0,0,0,0.00,,,,,,,
,,,,,PL,0,0,0,0,0,0,0.00,,,,,,,
,,,,,PT,0,0,0,0,0,0,0.00,,,,,,,
,,,,,RO,0,0,0,0,0,0,0.00,,,,,,,
,,,,,SK,0,0,0,0,0,0,0.00,,,,,,,
,,,,,SI,0,0,0,0,0,0,0.00,,,,,,,
,,,,,ES,0,0,0,0,0,0,0.00,,,,,,,
,,,,,SE,0,0,0,0,0,0,0.00,,,,,,,
All,WhatsApp Channels,2026-01-01/2026-06-30,STATEMENT_CATEGORY_SELF_HARM,,AT,0,0,0,0,0,0,0.00,,,,,,,
,,,,,BE,0,0,0,0,0,0,0.00,,,,,,,
,,,,,BG,0,0,0,0,0,0,0.00,,,,,,,
,,,,,HR,0,0,0,0,0,0,0.00,,,,,,,
,,,,,CY,0,0,0,0,0,0,0.00,,,,,,,
,,,,,CZ,0,0,0,0,0,0,0.00,,,,,,,
,,,,,DK,0,0,0,0,0,0,0.00,,,,,,,
,,,,,EE,0,0,0,0,0,0,0.00,,,,,,,
,,,,,FI,0,0,0,0,0,0,0.00,,,,,,,
,,,,,FR,0,0,0,0,0,0,0.00,,,,,,,
,,,,,DE,0,0,0,0,1,0,46.95,,,,,,,
,,,,,EL,0,0,0,0,0,0,0.00,,,,,,,
,,,,,HU,0,0,0,0,0,0,0.00,,,,,,,
,,,,,IE,0,0,0,0,0,0,0.00,,,,,,,
,,,,,IT,0,0,0,0,0,0,0.00,,,,,,,
,,,,,LV,0,0,0,0,0,0,0.00,,,,,,,
,,,,,LT,0,0,0,0,0,0,0.00,,,,,,,
,,,,,LU,0,0,0,0,0,0,0.00,,,,,,,
,,,,,MT,0,0,0,0,0,0,0.00,,,,,,,
,,,,,NL,0,0,0,0,0,0,0.00,,,,,,,
,,,,,PL,0,0,0,0,0,0,0.00,,,,,,,
,,,,,PT,0,0,0,0,0,0,0.00,,,,,,,
,,,,,RO,0,0,0,0,0,0,0.00,,,,,,,
,,,,,SK,0,0,0,0,0,0,0.00,,,,,,,
,,,,,SI,0,0,0,0,0,0,0.00,,,,,,,
,,,,,ES,0,0,0,0,0,0,0.00,,,,,,,
,,,,,SE,0,0,0,0,0,0,0.00,,,,,,,
All,WhatsApp Channels,2026-01-01/2026-06-30,KEYWORD_CONTENT_PROMOTING_EATING_DISORDERS,,AT,0,0,0,0,0,0,0.00,,,,,,,
,,,,,BE,0,0,0,0,0,0,0.00,,,,,,,
,,,,,BG,0,0,0,0,0,0,0.00,,,,,,,
,,,,,HR,0,0,0,0,0,0,0.00,,,,,,,
,,,,,CY,0,0,0,0,0,0,0.00,,,,,,,
,,,,,CZ,0,0,0,0,0,0,0.00,,,,,,,
,,,,,DK,0,0,0,0,0,0,0.00,,,,,,,
,,,,,EE,0,0,0,0,0,0,0.00,,,,,,,
,,,,,FI,0,0,0,0,0,0,0.00,,,,,,,
,,,,,FR,0,0,0,0,0,0,0.00,,,,,,,
,,,,,DE,0,0,0,0,0,0,0.00,,,,,,,
,,,,,EL,0,0,0,0,0,0,0.00,,,,,,,
,,,,,HU,0,0,0,0,0,0,0.00,,,,,,,
,,,,,IE,0,0,0,0,0,0,0.00,,,,,,,
,,,,,IT,0,0,0,0,0,0,0.00,,,,,,,
,,,,,LV,0,0,0,0,0,0,0.00,,,,,,,
,,,,,LT,0,0,0,0,0,0,0.00,,,,,,,
,,,,,LU,0,0,0,0,0,0,0.00,,,,,,,
,,,,,MT,0,0,0,0,0,0,0.00,,,,,,,
,,,,,NL,0,0,0,0,0,0,0.00,,,,,,,
,,,,,PL,0,0,0,0,0,0,0.00,,,,,,,
,,,,,PT,0,0,0,0,0,0,0.00,,,,,,,
,,,,,RO,0,0,0,0,0,0,0.00,,,,,,,
,,,,,SK,0,0,0,0,0,0,0.00,,,,,,,
,,,,,SI,0,0,0,0,0,0,0.00,,,,,,,
,,,,,ES,0,0,0,0,0,0,0.00,,,,,,,
,,,,,SE,0,0,0,0,0,0,0.00,,,,,,,
All,WhatsApp Channels,2026-01-01/2026-06-30,KEYWORD_SELF_MUTILATION,,AT,0,0,0,0,0,0,0.00,,,,,,,
,,,,,BE,0,0,0,0,0,0,0.00,,,,,,,
,,,,,BG,0,0,0,0,0,0,0.00,,,,,,,
,,,,,HR,0,0,0,0,0,0,0.00,,,,,,,
,,,,,CY,0,0,0,0,0,0,0.00,,,,,,,
,,,,,CZ,0,0,0,0,0,0,0.00,,,,,,,
,,,,,DK,0,0,0,0,0,0,0.00,,,,,,,
,,,,,EE,0,0,0,0,0,0,0.00,,,,,,,
,,,,,FI,0,0,0,0,0,0,0.00,,,,,,,
,,,,,FR,0,0,0,0,0,0,0.00,,,,,,,
,,,,,DE,0,0,0,0,0,0,0.00,,,,,,,
,,,,,EL,0,0,0,0,0,0,0.00,,,,,,,
,,,,,HU,0,0,0,0,0,0,0.00,,,,,,,
,,,,,IE,0,0,0,0,0,0,0.00,,,,,,,
,,,,,IT,0,0,0,0,0,0,0.00,,,,,,,
,,,,,LV,0,0,0,0,0,0,0.00,,,,,,,
,,,,,LT,0,0,0,0,0,0,0.00,,,,,,,
,,,,,LU,0,0,0,0,0,0,0.00,,,,,,,
,,,,,MT,0,0,0,0,0,0,0.00,,,,,,,
,,,,,NL,0,0,0,0,0,0,0.00,,,,,,,
,,,,,PL,0,0,0,0,0,0,0.00,,,,,,,
,,,,,PT,0,0,0,0,0,0,0.00,,,,,,,
,,,,,RO,0,0,0,0,0,0,0.00,,,,,,,
,,,,,SK,0,0,0,0,0,0,0.00,,,,,,,
,,,,,SI,0,0,0,0,0,0,0.00,,,,,,,
,,,,,ES,0,0,0,0,0,0,0.00,,,,,,,
,,,,,SE,0,0,0,0,0,0,0.00,,,,,,,
All,WhatsApp Channels,2026-01-01/2026-06-30,KEYWORD_SUICIDE,,AT,0,0,0,0,0,0,0.00,,,,,,,
,,,,,BE,0,0,0,0,0,0,0.00,,,,,,,
,,,,,BG,0,0,0,0,0,0,0.00,,,,,,,
,,,,,HR,0,0,0,0,0,0,0.00,,,,,,,
,,,,,CY,0,0,0,0,0,0,0.00,,,,,,,
,,,,,CZ,0,0,0,0,0,0,0.00,,,,,,,
,,,,,DK,0,0,0,0,0,0,0.00,,,,,,,
,,,,,EE,0,0,0,0,0,0,0.00,,,,,,,
,,,,,FI,0,0,0,0,0,0,0.00,,,,,,,
,,,,,FR,0,0,0,0,0,0,0.00,,,,,,,
,,,,,DE,0,0,0,0,1,0,46.95,,,,,,,
,,,,,EL,0,0,0,0,0,0,0.00,,,,,,,
,,,,,HU,0,0,0,0,0,0,0.00,,,,,,,
,,,,,IE,0,0,0,0,0,0,0.00,,,,,,,
,,,,,IT,0,0,0,0,0,0,0.00,,,,,,,
,,,,,LV,0,0,0,0,0,0,0.00,,,,,,,
,,,,,LT,0,0,0,0,0,0,0.00,,,,,,,
,,,,,LU,0,0,0,0,0,0,0.00,,,,,,,
,,,,,MT,0,0,0,0,0,0,0.00,,,,,,,
,,,,,NL,0,0,0,0,0,0,0.00,,,,,,,
,,,,,PL,0,0,0,0,0,0,0.00,,,,,,,
,,,,,PT,0,0,0,0,0,0,0.00,,,,,,,
,,,,,RO,0,0,0,0,0,0,0.00,,,,,,,
,,,,,SK,0,0,0,0,0,0,0.00,,,,,,,
,,,,,SI,0,0,0,0,0,0,0.00,,,,,,,
,,,,,ES,0,0,0,0,0,0,0.00,,,,,,,
,,,,,SE,0,0,0,0,0,0,0.00,,,,,,,
All,WhatsApp Channels,2026-01-01/2026-06-30,STATEMENT_CATEGORY_UNSAFE_AND_PROHIBITED_PRODUCTS,,AT,0,0,0,0,0,0,0.00,,,,,,,
,,,,,BE,0,0,0,0,0,0,0.00,,,,,,,
,,,,,BG,0,0,0,0,0,0,0.00,,,,,,,
,,,,,HR,0,0,0,0,0,0,0.00,,,,,,,
,,,,,CY,0,0,0,0,0,0,0.00,,,,,,,
,,,,,CZ,0,0,0,0,0,0,0.00,,,,,,,
,,,,,DK,0,0,0,0,0,0,0.00,,,,,,,
,,,,,EE,0,0,0,0,0,0,0.00,,,,,,,
,,,,,FI,0,0,0,0,0,0,0.00,,,,,,,
,,,,,FR,0,0,0,0,6,0,143.22,,,,,,,
,,,,,DE,0,0,0,0,2,0,100.46,,,,,,,
,,,,,EL,0,0,0,0,0,0,0.00,,,,,,,
,,,,,HU,0,0,0,0,1,0,,,,,,,,
,,,,,IE,0,0,0,0,0,0,0.00,,,,,,,
,,,,,IT,0,0,0,0,3,0,500.57,,,,,,,
,,,,,LV,0,0,0,0,0,0,0.00,,,,,,,
,,,,,LT,0,0,0,0,0,0,0.00,,,,,,,
,,,,,LU,0,0,0,0,0,0,0.00,,,,,,,
,,,,,MT,0,0,0,0,0,0,0.00,,,,,,,
,,,,,NL,0,0,0,0,0,0,0.00,,,,,,,
,,,,,PL,0,0,0,0,0,0,0.00,,,,,,,
,,,,,PT,0,0,0,0,0,0,0.00,,,,,,,
,,,,,RO,0,0,0,0,0,0,0.00,,,,,,,
,,,,,SK,0,0,0,0,0,0,0.00,,,,,,,
,,,,,SI,0,0,0,0,0,0,0.00,,,,,,,
,,,,,ES,0,0,0,0,0,0,0.00,,,,,,,
,,,,,SE,0,0,0,0,0,0,0.00,,,,,,,
All,WhatsApp Channels,2026-01-01/2026-06-30,KEYWORD_PROHIBITED_PRODUCTS,,AT,0,0,0,0,0,0,0.00,,,,,,,
,,,,,BE,0,0,0,0,0,0,0.00,,,,,,,
,,,,,BG,0,0,0,0,0,0,0.00,,,,,,,
,,,,,HR,0,0,0,0,0,0,0.00,,,,,,,
,,,,,CY,0,0,0,0,0,0,0.00,,,,,,,
,,,,,CZ,0,0,0,0,0,0,0.00,,,,,,,
,,,,,DK,0,0,0,0,0,0,0.00,,,,,,,
,,,,,EE,0,0,0,0,0,0,0.00,,,,,,,
,,,,,FI,0,0,0,0,0,0,0.00,,,,,,,
,,,,,FR,0,0,0,0,6,0,143.22,,,,,,,
,,,,,DE,0,0,0,0,2,0,100.46,,,,,,,
,,,,,EL,0,0,0,0,0,0,0.00,,,,,,,
,,,,,HU,0,0,0,0,1,0,,,,,,,,
,,,,,IE,0,0,0,0,0,0,0.00,,,,,,,
,,,,,IT,0,0,0,0,3,0,500.57,,,,,,,
,,,,,LV,0,0,0,0,0,0,0.00,,,,,,,
,,,,,LT,0,0,0,0,0,0,0.00,,,,,,,
,,,,,LU,0,0,0,0,0,0,0.00,,,,,,,
,,,,,MT,0,0,0,0,0,0,0.00,,,,,,,
,,,,,NL,0,0,0,0,0,0,0.00,,,,,,,
,,,,,PL,0,0,0,0,0,0,0.00,,,,,,,
,,,,,PT,0,0,0,0,0,0,0.00,,,,,,,
,,,,,RO,0,0,0,0,0,0,0.00,,,,,,,
,,,,,SK,0,0,0,0,0,0,0.00,,,,,,,
,,,,,SI,0,0,0,0,0,0,0.00,,,,,,,
,,,,,ES,0,0,0,0,0,0,0.00,,,,,,,
,,,,,SE,0,0,0,0,0,0,0.00,,,,,,,
All,WhatsApp Channels,2026-01-01/2026-06-30,KEYWORD_UNSAFE_PRODUCTS,,AT,0,0,0,0,0,0,0.00,,,,,,,
,,,,,BE,0,0,0,0,0,0,0.00,,,,,,,
,,,,,BG,0,0,0,0,0,0,0.00,,,,,,,
,,,,,HR,0,0,0,0,0,0,0.00,,,,,,,
,,,,,CY,0,0,0,0,0,0,0.00,,,,,,,
,,,,,CZ,0,0,0,0,0,0,0.00,,,,,,,
,,,,,DK,0,0,0,0,0,0,0.00,,,,,,,
,,,,,EE,0,0,0,0,0,0,0.00,,,,,,,
,,,,,FI,0,0,0,0,0,0,0.00,,,,,,,
,,,,,FR,0,0,0,0,0,0,0.00,,,,,,,
,,,,,DE,0,0,0,0,0,0,0.00,,,,,,,
,,,,,EL,0,0,0,0,0,0,0.00,,,,,,,
,,,,,HU,0,0,0,0,0,0,0.00,,,,,,,
,,,,,IE,0,0,0,0,0,0,0.00,,,,,,,
,,,,,IT,0,0,0,0,0,0,0.00,,,,,,,
,,,,,LV,0,0,0,0,0,0,0.00,,,,,,,
,,,,,LT,0,0,0,0,0,0,0.00,,,,,,,
,,,,,LU,0,0,0,0,0,0,0.00,,,,,,,
,,,,,MT,0,0,0,0,0,0,0.00,,,,,,,
,,,,,NL,0,0,0,0,0,0,0.00,,,,,,,
,,,,,PL,0,0,0,0,0,0,0.00,,,,,,,
,,,,,PT,0,0,0,0,0,0,0.00,,,,,,,
,,,,,RO,0,0,0,0,0,0,0.00,,,,,,,
,,,,,SK,0,0,0,0,0,0,0.00,,,,,,,
,,,,,SI,0,0,0,0,0,0,0.00,,,,,,,
,,,,,ES,0,0,0,0,0,0,0.00,,,,,,,
,,,,,SE,0,0,0,0,0,0,0.00,,,,,,,
All,WhatsApp Channels,2026-01-01/2026-06-30,KEYWORD_OTHER_GOODS_SERVICES_NOT_PERMITTED,"Added category to record Article 9 member state order submissions alleging unsafe substances, tobacco, alcohol, unsafe medical products, or unsafe financial services.",AT,0,0,0,0,0,0,0.00,,,,,,,
,,,,,BE,0,0,0,0,0,0,0.00,,,,,,,
,,,,,BG,0,0,0,0,0,0,0.00,,,,,,,
,,,,,HR,0,0,0,0,0,0,0.00,,,,,,,
,,,,,CY,0,0,0,0,0,0,0.00,,,,,,,
,,,,,CZ,0,0,0,0,0,0,0.00,,,,,,,
,,,,,DK,0,0,0,0,0,0,0.00,,,,,,,
,,,,,EE,0,0,0,0,0,0,0.00,,,,,,,
,,,,,FI,0,0,0,0,0,0,0.00,,,,,,,
,,,,,FR,0,0,0,0,0,0,0.00,,,,,,,
,,,,,DE,0,0,0,0,0,0,0.00,,,,,,,
,,,,,EL,0,0,0,0,0,0,0.00,,,,,,,
,,,,,HU,0,0,0,0,0,0,0.00,,,,,,,
,,,,,IE,0,0,0,0,0,0,0.00,,,,,,,
,,,,,IT,0,0,0,0,0,0,0.00,,,,,,,
,,,,,LV,0,0,0,0,0,0,0.00,,,,,,,
,,,,,LT,0,0,0,0,0,0,0.00,,,,,,,
,,,,,LU,0,0,0,0,0,0,0.00,,,,,,,
,,,,,MT,0,0,0,0,0,0,0.00,,,,,,,
,,,,,NL,0,0,0,0,0,0,0.00,,,,,,,
,,,,,PL,0,0,0,0,0,0,0.00,,,,,,,
,,,,,PT,0,0,0,0,0,0,0.00,,,,,,,
,,,,,RO,0,0,0,0,0,0,0.00,,,,,,,
,,,,,SK,0,0,0,0,0,0,0.00,,,,,,,
,,,,,SI,0,0,0,0,0,0,0.00,,,,,,,
,,,,,ES,0,0,0,0,0,0,0.00,,,,,,,
,,,,,SE,0,0,0,0,0,0,0.00,,,,,,,
All,WhatsApp Channels,2026-01-01/2026-06-30,KEYWORD_OTHER_NUDITY_SEXUAL_ACTIVITY,Added category to capture Article 9 member state order submissions alleging nudity or sexual activity,AT,0,0,0,0,0,0,0.00,,,,,,,
,,,,,BE,0,0,0,0,0,0,0.00,,,,,,,
,,,,,BG,0,0,0,0,0,0,0.00,,,,,,,
,,,,,HR,0,0,0,0,0,0,0.00,,,,,,,
,,,,,CY,0,0,0,0,0,0,0.00,,,,,,,
,,,,,CZ,0,0,0,0,0,0,0.00,,,,,,,
,,,,,DK,0,0,0,0,0,0,0.00,,,,,,,
,,,,,EE,0,0,0,0,0,0,0.00,,,,,,,
,,,,,FI,0,0,0,0,0,0,0.00,,,,,,,
,,,,,FR,0,0,0,0,0,0,0.00,,,,,,,
,,,,,DE,0,0,0,0,0,0,0.00,,,,,,,
,,,,,EL,0,0,0,0,0,0,0.00,,,,,,,
,,,,,HU,0,0,0,0,0,0,0.00,,,,,,,
,,,,,IE,0,0,0,0,0,0,0.00,,,,,,,
,,,,,IT,0,0,0,0,0,0,0.00,,,,,,,
,,,,,LV,0,0,0,0,0,0,0.00,,,,,,,
,,,,,LT,0,0,0,0,0,0,0.00,,,,,,,
,,,,,LU,0,0,0,0,0,0,0.00,,,,,,,
,,,,,MT,0,0,0,0,0,0,0.00,,,,,,,
,,,,,NL,0,0,0,0,0,0,0.00,,,,,,,
,,,,,PL,0,0,0,0,0,0,0.00,,,,,,,
,,,,,PT,0,0,0,0,0,0,0.00,,,,,,,
,,,,,RO,0,0,0,0,0,0,0.00,,,,,,,
,,,,,SK,0,0,0,0,0,0,0.00,,,,,,,
,,,,,SI,0,0,0,0,0,0,0.00,,,,,,,
,,,,,ES,0,0,0,0,0,0,0.00,,,,,,,
,,,,,SE,0,0,0,0,0,0,0.00,,,,,,,
All,WhatsApp Channels,2026-01-01/2026-06-30,STATEMENT_CATEGORY_VIOLENCE,,AT,0,0,0,0,0,0,0.00,,,,,,,
,,,,,BE,0,0,0,0,0,0,0.00,,,,,,,
,,,,,BG,0,0,0,0,0,0,0.00,,,,,,,
,,,,,HR,0,0,0,0,0,0,0.00,,,,,,,
,,,,,CY,0,0,0,0,0,0,0.00,,,,,,,
,,,,,CZ,0,0,0,0,0,0,0.00,,,,,,,
,,,,,DK,0,0,0,0,0,0,0.00,,,,,,,
,,,,,EE,0,0,0,0,0,0,0.00,,,,,,,
,,,,,FI,0,0,0,0,0,0,0.00,,,,,,,
,,,,,FR,0,0,0,0,5,0,43.78,,,,,,,
,,,,,DE,0,0,0,0,4,0,117.54,,,,,,,
,,,,,EL,0,0,0,0,0,0,0.00,,,,,,,
,,,,,HU,0,0,0,0,0,0,0.00,,,,,,,
,,,,,IE,0,0,0,0,0,0,0.00,,,,,,,
,,,,,IT,0,0,0,0,4,0,422.26,,,,,,,
,,,,,LV,0,0,0,0,1,0,,,,,,,,
,,,,,LT,0,0,0,0,0,0,0.00,,,,,,,
,,,,,LU,0,0,0,0,0,0,0.00,,,,,,,
,,,,,MT,0,0,0,0,0,0,0.00,,,,,,,
,,,,,NL,0,0,0,0,0,0,0.00,,,,,,,
,,,,,PL,0,0,0,0,2,0,,,,,,,,
,,,,,PT,0,0,0,0,0,0,0.00,,,,,,,
,,,,,RO,0,0,0,0,0,0,0.00,,,,,,,
,,,,,SK,0,0,0,0,0,0,0.00,,,,,,,
,,,,,SI,0,0,0,0,0,0,0.00,,,,,,,
,,,,,ES,0,0,0,0,0,0,0.00,,,,,,,
,,,,,SE,0,0,0,0,0,0,0.00,,,,,,,
All,WhatsApp Channels,2026-01-01/2026-06-30,KEYWORD_COORDINATED_HARM,,AT,0,0,0,0,0,0,0.00,,,,,,,
,,,,,BE,0,0,0,0,0,0,0.00,,,,,,,
,,,,,BG,0,0,0,0,0,0,0.00,,,,,,,
,,,,,HR,0,0,0,0,0,0,0.00,,,,,,,
,,,,,CY,0,0,0,0,0,0,0.00,,,,,,,
,,,,,CZ,0,0,0,0,0,0,0.00,,,,,,,
,,,,,DK,0,0,0,0,0,0,0.00,,,,,,,
,,,,,EE,0,0,0,0,0,0,0.00,,,,,,,
,,,,,FI,0,0,0,0,0,0,0.00,,,,,,,
,,,,,FR,0,0,0,0,1,0,,,,,,,,
,,,,,DE,0,0,0,0,0,0,0.00,,,,,,,
,,,,,EL,0,0,0,0,0,0,0.00,,,,,,,
,,,,,HU,0,0,0,0,0,0,0.00,,,,,,,
,,,,,IE,0,0,0,0,0,0,0.00,,,,,,,
,,,,,IT,0,0,0,0,0,0,0.00,,,,,,,
,,,,,LV,0,0,0,0,0,0,0.00,,,,,,,
,,,,,LT,0,0,0,0,0,0,0.00,,,,,,,
,,,,,LU,0,0,0,0,0,0,0.00,,,,,,,
,,,,,MT,0,0,0,0,0,0,0.00,,,,,,,
,,,,,NL,0,0,0,0,0,0,0.00,,,,,,,
,,,,,PL,0,0,0,0,0,0,0.00,,,,,,,
,,,,,PT,0,0,0,0,0,0,0.00,,,,,,,
,,,,,RO,0,0,0,0,0,0,0.00,,,,,,,
,,,,,SK,0,0,0,0,0,0,0.00,,,,,,,
,,,,,SI,0,0,0,0,0,0,0.00,,,,,,,
,,,,,ES,0,0,0,0,0,0,0.00,,,,,,,
,,,,,SE,0,0,0,0,0,0,0.00,,,,,,,
All,WhatsApp Channels,2026-01-01/2026-06-30,KEYWORD_INCITEMENT_VIOLENCE_HATRED,,AT,0,0,0,0,0,0,0.00,,,,,,,
,,,,,BE,0,0,0,0,0,0,0.00,,,,,,,
,,,,,BG,0,0,0,0,0,0,0.00,,,,,,,
,,,,,HR,0,0,0,0,0,0,0.00,,,,,,,
,,,,,CY,0,0,0,0,0,0,0.00,,,,,,,
,,,,,CZ,0,0,0,0,0,0,0.00,,,,,,,
,,,,,DK,0,0,0,0,0,0,0.00,,,,,,,
,,,,,EE,0,0,0,0,0,0,0.00,,,,,,,
,,,,,FI,0,0,0,0,0,0,0.00,,,,,,,
,,,,,FR,0,0,0,0,0,0,0.00,,,,,,,
,,,,,DE,0,0,0,0,0,0,0.00,,,,,,,
,,,,,EL,0,0,0,0,0,0,0.00,,,,,,,
,,,,,HU,0,0,0,0,0,0,0.00,,,,,,,
,,,,,IE,0,0,0,0,0,0,0.00,,,,,,,
,,,,,IT,0,0,0,0,0,0,0.00,,,,,,,
,,,,,LV,0,0,0,0,0,0,0.00,,,,,,,
,,,,,LT,0,0,0,0,0,0,0.00,,,,,,,
,,,,,LU,0,0,0,0,0,0,0.00,,,,,,,
,,,,,MT,0,0,0,0,0,0,0.00,,,,,,,
,,,,,NL,0,0,0,0,0,0,0.00,,,,,,,
,,,,,PL,0,0,0,0,0,0,0.00,,,,,,,
,,,,,PT,0,0,0,0,0,0,0.00,,,,,,,
,,,,,RO,0,0,0,0,0,0,0.00,,,,,,,
,,,,,SK,0,0,0,0,0,0,0.00,,,,,,,
,,,,,SI,0,0,0,0,0,0,0.00,,,,,,,
,,,,,ES,0,0,0,0,0,0,0.00,,,,,,,
,,,,,SE,0,0,0,0,0,0,0.00,,,,,,,
All,WhatsApp Channels,2026-01-01/2026-06-30,KEYWORD_HUMAN_EXPLOITATION,,AT,0,0,0,0,0,0,0.00,,,,,,,
,,,,,BE,0,0,0,0,0,0,0.00,,,,,,,
,,,,,BG,0,0,0,0,0,0,0.00,,,,,,,
,,,,,HR,0,0,0,0,0,0,0.00,,,,,,,
,,,,,CY,0,0,0,0,0,0,0.00,,,,,,,
,,,,,CZ,0,0,0,0,0,0,0.00,,,,,,,
,,,,,DK,0,0,0,0,0,0,0.00,,,,,,,
,,,,,EE,0,0,0,0,0,0,0.00,,,,,,,
,,,,,FI,0,0,0,0,0,0,0.00,,,,,,,
,,,,,FR,0,0,0,0,0,0,0.00,,,,,,,
,,,,,DE,0,0,0,0,1,0,25.66,,,,,,,
,,,,,EL,0,0,0,0,0,0,0.00,,,,,,,
,,,,,HU,0,0,0,0,0,0,0.00,,,,,,,
,,,,,IE,0,0,0,0,0,0,0.00,,,,,,,
,,,,,IT,0,0,0,0,0,0,0.00,,,,,,,
,,,,,LV,0,0,0,0,1,0,,,,,,,,
,,,,,LT,0,0,0,0,0,0,0.00,,,,,,,
,,,,,LU,0,0,0,0,0,0,0.00,,,,,,,
,,,,,MT,0,0,0,0,0,0,0.00,,,,,,,
,,,,,NL,0,0,0,0,0,0,0.00,,,,,,,
,,,,,PL,0,0,0,0,2,0,,,,,,,,
,,,,,PT,0,0,0,0,0,0,0.00,,,,,,,
,,,,,RO,0,0,0,0,0,0,0.00,,,,,,,
,,,,,SK,0,0,0,0,0,0,0.00,,,,,,,
,,,,,SI,0,0,0,0,0,0,0.00,,,,,,,
,,,,,ES,0,0,0,0,0,0,0.00,,,,,,,
,,,,,SE,0,0,0,0,0,0,0.00,,,,,,,
All,WhatsApp Channels,2026-01-01/2026-06-30,KEYWORD_HUMAN_TRAFFICKING,,AT,0,0,0,0,0,0,0.00,,,,,,,
,,,,,BE,0,0,0,0,0,0,0.00,,,,,,,
,,,,,BG,0,0,0,0,0,0,0.00,,,,,,,
,,,,,HR,0,0,0,0,0,0,0.00,,,,,,,
,,,,,CY,0,0,0,0,0,0,0.00,,,,,,,
,,,,,CZ,0,0,0,0,0,0,0.00,,,,,,,
,,,,,DK,0,0,0,0,0,0,0.00,,,,,,,
,,,,,EE,0,0,0,0,0,0,0.00,,,,,,,
,,,,,FI,0,0,0,0,0,0,0.00,,,,,,,
,,,,,FR,0,0,0,0,0,0,0.00,,,,,,,
,,,,,DE,0,0,0,0,0,0,0.00,,,,,,,
,,,,,EL,0,0,0,0,0,0,0.00,,,,,,,
,,,,,HU,0,0,0,0,0,0,0.00,,,,,,,
,,,,,IE,0,0,0,0,0,0,0.00,,,,,,,
,,,,,IT,0,0,0,0,1,0,176.49,,,,,,,
,,,,,LV,0,0,0,0,0,0,0.00,,,,,,,
,,,,,LT,0,0,0,0,0,0,0.00,,,,,,,
,,,,,LU,0,0,0,0,0,0,0.00,,,,,,,
,,,,,MT,0,0,0,0,0,0,0.00,,,,,,,
,,,,,NL,0,0,0,0,0,0,0.00,,,,,,,
,,,,,PL,0,0,0,0,0,0,0.00,,,,,,,
,,,,,PT,0,0,0,0,0,0,0.00,,,,,,,
,,,,,RO,0,0,0,0,0,0,0.00,,,,,,,
,,,,,SK,0,0,0,0,0,0,0.00,,,,,,,
,,,,,SI,0,0,0,0,0,0,0.00,,,,,,,
,,,,,ES,0,0,0,0,0,0,0.00,,,,,,,
,,,,,SE,0,0,0,0,0,0,0.00,,,,,,,
All,WhatsApp Channels,2026-01-01/2026-06-30,KEYWORD_TRAFFICKING_WOMEN_GIRLS,,AT,0,0,0,0,0,0,0.00,,,,,,,
,,,,,BE,0,0,0,0,0,0,0.00,,,,,,,
,,,,,BG,0,0,0,0,0,0,0.00,,,,,,,
,,,,,HR,0,0,0,0,0,0,0.00,,,,,,,
,,,,,CY,0,0,0,0,0,0,0.00,,,,,,,
,,,,,CZ,0,0,0,0,0,0,0.00,,,,,,,
,,,,,DK,0,0,0,0,0,0,0.00,,,,,,,
,,,,,EE,0,0,0,0,0,0,0.00,,,,,,,
,,,,,FI,0,0,0,0,0,0,0.00,,,,,,,
,,,,,FR,0,0,0,0,0,0,0.00,,,,,,,
,,,,,DE,0,0,0,0,0,0,0.00,,,,,,,
,,,,,EL,0,0,0,0,0,0,0.00,,,,,,,
,,,,,HU,0,0,0,0,0,0,0.00,,,,,,,
,,,,,IE,0,0,0,0,0,0,0.00,,,,,,,
,,,,,IT,0,0,0,0,0,0,0.00,,,,,,,
,,,,,LV,0,0,0,0,0,0,0.00,,,,,,,
,,,,,LT,0,0,0,0,0,0,0.00,,,,,,,
,,,,,LU,0,0,0,0,0,0,0.00,,,,,,,
,,,,,MT,0,0,0,0,0,0,0.00,,,,,,,
,,,,,NL,0,0,0,0,0,0,0.00,,,,,,,
,,,,,PL,0,0,0,0,0,0,0.00,,,,,,,
,,,,,PT,0,0,0,0,0,0,0.00,,,,,,,
,,,,,RO,0,0,0,0,0,0,0.00,,,,,,,
,,,,,SK,0,0,0,0,0,0,0.00,,,,,,,
,,,,,SI,0,0,0,0,0,0,0.00,,,,,,,
,,,,,ES,0,0,0,0,0,0,0.00,,,,,,,
,,,,,SE,0,0,0,0,0,0,0.00,,,,,,,
All,WhatsApp Channels,2026-01-01/2026-06-30,KEYWORD_OTHER_MURDER,Added category to record Article 10 member state order submissions to provide information alleging murder as the reason for the request.,AT,0,0,0,0,0,0,0.00,,,,,,,
,,,,,BE,0,0,0,0,0,0,0.00,,,,,,,
,,,,,BG,0,0,0,0,0,0,0.00,,,,,,,
,,,,,HR,0,0,0,0,0,0,0.00,,,,,,,
,,,,,CY,0,0,0,0,0,0,0.00,,,,,,,
,,,,,CZ,0,0,0,0,0,0,0.00,,,,,,,
,,,,,DK,0,0,0,0,0,0,0.00,,,,,,,
,,,,,EE,0,0,0,0,0,0,0.00,,,,,,,
,,,,,FI,0,0,0,0,0,0,0.00,,,,,,,
,,,,,FR,0,0,0,0,1,0,0.68,,,,,,,
,,,,,DE,0,0,0,0,1,0,166.12,,,,,,,
,,,,,EL,0,0,0,0,0,0,0.00,,,,,,,
,,,,,HU,0,0,0,0,0,0,0.00,,,,,,,
,,,,,IE,0,0,0,0,0,0,0.00,,,,,,,
,,,,,IT,0,0,0,0,0,0,0.00,,,,,,,
,,,,,LV,0,0,0,0,0,0,0.00,,,,,,,
,,,,,LT,0,0,0,0,0,0,0.00,,,,,,,
,,,,,LU,0,0,0,0,0,0,0.00,,,,,,,
,,,,,MT,0,0,0,0,0,0,0.00,,,,,,,
,,,,,NL,0,0,0,0,0,0,0.00,,,,,,,
,,,,,PL,0,0,0,0,0,0,0.00,,,,,,,
,,,,,PT,0,0,0,0,0,0,0.00,,,,,,,
,,,,,RO,0,0,0,0,0,0,0.00,,,,,,,
,,,,,SK,0,0,0,0,0,0,0.00,,,,,,,
,,,,,SI,0,0,0,0,0,0,0.00,,,,,,,
,,,,,ES,0,0,0,0,0,0,0.00,,,,,,,
,,,,,SE,0,0,0,0,0,0,0.00,,,,,,,
All,WhatsApp Channels,2026-01-01/2026-06-30,KEYWORD_OTHER_KIDNAPPED_OR_MISSING_PERSON,Added category to record Article 10 member state order submissions to provide information alleging kidnapping or missing person as the reason for the request.,AT,0,0,0,0,0,0,0.00,,,,,,,
,,,,,BE,0,0,0,0,0,0,0.00,,,,,,,
,,,,,BG,0,0,0,0,0,0,0.00,,,,,,,
,,,,,HR,0,0,0,0,0,0,0.00,,,,,,,
,,,,,CY,0,0,0,0,0,0,0.00,,,,,,,
,,,,,CZ,0,0,0,0,0,0,0.00,,,,,,,
,,,,,DK,0,0,0,0,0,0,0.00,,,,,,,
,,,,,EE,0,0,0,0,0,0,0.00,,,,,,,
,,,,,FI,0,0,0,0,0,0,0.00,,,,,,,
,,,,,FR,0,0,0,0,2,0,94.72,,,,,,,
,,,,,DE,0,0,0,0,0,0,0.00,,,,,,,
,,,,,EL,0,0,0,0,0,0,0.00,,,,,,,
,,,,,HU,0,0,0,0,0,0,0.00,,,,,,,
,,,,,IE,0,0,0,0,0,0,0.00,,,,,,,
,,,,,IT,0,0,0,0,0,0,0.00,,,,,,,
,,,,,LV,0,0,0,0,0,0,0.00,,,,,,,
,,,,,LT,0,0,0,0,0,0,0.00,,,,,,,
,,,,,LU,0,0,0,0,0,0,0.00,,,,,,,
,,,,,MT,0,0,0,0,0,0,0.00,,,,,,,
,,,,,NL,0,0,0,0,0,0,0.00,,,,,,,
,,,,,PL,0,0,0,0,0,0,0.00,,,,,,,
,,,,,PT,0,0,0,0,0,0,0.00,,,,,,,
,,,,,RO,0,0,0,0,0,0,0.00,,,,,,,
,,,,,SK,0,0,0,0,0,0,0.00,,,,,,,
,,,,,SI,0,0,0,0,0,0,0.00,,,,,,,
,,,,,ES,0,0,0,0,0,0,0.00,,,,,,,
,,,,,SE,0,0,0,0,0,0,0.00,,,,,,,
All,WhatsApp Channels,2026-01-01/2026-06-30,KEYWORD_OTHER_PHYSICAL_ASSAULT,Added category to record Article 10 member state order submissions to provide information alleging physical assault as the reason for the request.,AT,0,0,0,0,0,0,0.00,,,,,,,
,,,,,BE,0,0,0,0,0,0,0.00,,,,,,,
,,,,,BG,0,0,0,0,0,0,0.00,,,,,,,
,,,,,HR,0,0,0,0,0,0,0.00,,,,,,,
,,,,,CY,0,0,0,0,0,0,0.00,,,,,,,
,,,,,CZ,0,0,0,0,0,0,0.00,,,,,,,
,,,,,DK,0,0,0,0,0,0,0.00,,,,,,,
,,,,,EE,0,0,0,0,0,0,0.00,,,,,,,
,,,,,FI,0,0,0,0,0,0,0.00,,,,,,,
,,,,,FR,0,0,0,0,0,0,0.00,,,,,,,
,,,,,DE,0,0,0,0,0,0,0.00,,,,,,,
,,,,,EL,0,0,0,0,0,0,0.00,,,,,,,
,,,,,HU,0,0,0,0,0,0,0.00,,,,,,,
,,,,,IE,0,0,0,0,0,0,0.00,,,,,,,
,,,,,IT,0,0,0,0,0,0,0.00,,,,,,,
,,,,,LV,0,0,0,0,0,0,0.00,,,,,,,
,,,,,LT,0,0,0,0,0,0,0.00,,,,,,,
,,,,,LU,0,0,0,0,0,0,0.00,,,,,,,
,,,,,MT,0,0,0,0,0,0,0.00,,,,,,,
,,,,,NL,0,0,0,0,0,0,0.00,,,,,,,
,,,,,PL,0,0,0,0,0,0,0.00,,,,,,,
,,,,,PT,0,0,0,0,0,0,0.00,,,,,,,
,,,,,RO,0,0,0,0,0,0,0.00,,,,,,,
,,,,,SK,0,0,0,0,0,0,0.00,,,,,,,
,,,,,SI,0,0,0,0,0,0,0.00,,,,,,,
,,,,,ES,0,0,0,0,0,0,0.00,,,,,,,
,,,,,SE,0,0,0,0,0,0,0.00,,,,,,,
All,WhatsApp Channels,2026-01-01/2026-06-30,KEYWORD_OTHER_SEX_CRIME_SEXUAL_ASSAULT,Added category to record Article 10 member state order submissions to provide information alleging a sex crime or sexual assault as the reason for the request.,AT,0,0,0,0,0,0,0.00,,,,,,,
,,,,,BE,0,0,0,0,0,0,0.00,,,,,,,
,,,,,BG,0,0,0,0,0,0,0.00,,,,,,,
,,,,,HR,0,0,0,0,0,0,0.00,,,,,,,
,,,,,CY,0,0,0,0,0,0,0.00,,,,,,,
,,,,,CZ,0,0,0,0,0,0,0.00,,,,,,,
,,,,,DK,0,0,0,0,0,0,0.00,,,,,,,
,,,,,EE,0,0,0,0,0,0,0.00,,,,,,,
,,,,,FI,0,0,0,0,0,0,0.00,,,,,,,
,,,,,FR,0,0,0,0,0,0,0.00,,,,,,,
,,,,,DE,0,0,0,0,1,0,,,,,,,,
,,,,,EL,0,0,0,0,0,0,0.00,,,,,,,
,,,,,HU,0,0,0,0,0,0,0.00,,,,,,,
,,,,,IE,0,0,0,0,0,0,0.00,,,,,,,
,,,,,IT,0,0,0,0,0,0,0.00,,,,,,,
,,,,,LV,0,0,0,0,0,0,0.00,,,,,,,
,,,,,LT,0,0,0,0,0,0,0.00,,,,,,,
,,,,,LU,0,0,0,0,0,0,0.00,,,,,,,
,,,,,MT,0,0,0,0,0,0,0.00,,,,,,,
,,,,,NL,0,0,0,0,0,0,0.00,,,,,,,
,,,,,PL,0,0,0,0,0,0,0.00,,,,,,,
,,,,,PT,0,0,0,0,0,0,0.00,,,,,,,
,,,,,RO,0,0,0,0,0,0,0.00,,,,,,,
,,,,,SK,0,0,0,0,0,0,0.00,,,,,,,
,,,,,SI,0,0,0,0,0,0,0.00,,,,,,,
,,,,,ES,0,0,0,0,0,0,0.00,,,,,,,
,,,,,SE,0,0,0,0,0,0,0.00,,,,,,,
All,WhatsApp Channels,2026-01-01/2026-06-30,KEYWORD_OTHER_GRAPHIC_VIOLENCE,Added category to record Article 9 member state order submissions alleging graphic violence.,AT,0,0,0,0,0,0,0.00,,,,,,,
,,,,,BE,0,0,0,0,0,0,0.00,,,,,,,
,,,,,BG,0,0,0,0,0,0,0.00,,,,,,,
,,,,,HR,0,0,0,0,0,0,0.00,,,,,,,
,,,,,CY,0,0,0,0,0,0,0.00,,,,,,,
,,,,,CZ,0,0,0,0,0,0,0.00,,,,,,,
,,,,,DK,0,0,0,0,0,0,0.00,,,,,,,
,,,,,EE,0,0,0,0,0,0,0.00,,,,,,,
,,,,,FI,0,0,0,0,0,0,0.00,,,,,,,
,,,,,FR,0,0,0,0,0,0,0.00,,,,,,,
,,,,,DE,0,0,0,0,0,0,0.00,,,,,,,
,,,,,EL,0,0,0,0,0,0,0.00,,,,,,,
,,,,,HU,0,0,0,0,0,0,0.00,,,,,,,
,,,,,IE,0,0,0,0,0,0,0.00,,,,,,,
,,,,,IT,0,0,0,0,0,0,0.00,,,,,,,
,,,,,LV,0,0,0,0,0,0,0.00,,,,,,,
,,,,,LT,0,0,0,0,0,0,0.00,,,,,,,
,,,,,LU,0,0,0,0,0,0,0.00,,,,,,,
,,,,,MT,0,0,0,0,0,0,0.00,,,,,,,
,,,,,NL,0,0,0,0,0,0,0.00,,,,,,,
,,,,,PL,0,0,0,0,0,0,0.00,,,,,,,
,,,,,PT,0,0,0,0,0,0,0.00,,,,,,,
,,,,,RO,0,0,0,0,0,0,0.00,,,,,,,
,,,,,SK,0,0,0,0,0,0,0.00,,,,,,,
,,,,,SI,0,0,0,0,0,0,0.00,,,,,,,
,,,,,ES,0,0,0,0,0,0,0.00,,,,,,,
,,,,,SE,0,0,0,0,0,0,0.00,,,,,,,
All,WhatsApp Channels,2026-01-01/2026-06-30,KEYWORD_OTHER_THREATS_OF_VIOLENCE,Added category to record Article 10 member state order submissions alleging threats of violence.,AT,0,0,0,0,0,0,0.00,,,,,,,
,,,,,BE,0,0,0,0,0,0,0.00,,,,,,,
,,,,,BG,0,0,0,0,0,0,0.00,,,,,,,
,,,,,HR,0,0,0,0,0,0,0.00,,,,,,,
,,,,,CY,0,0,0,0,0,0,0.00,,,,,,,
,,,,,CZ,0,0,0,0,0,0,0.00,,,,,,,
,,,,,DK,0,0,0,0,0,0,0.00,,,,,,,
,,,,,EE,0,0,0,0,0,0,0.00,,,,,,,
,,,,,FI,0,0,0,0,0,0,0.00,,,,,,,
,,,,,FR,0,0,0,0,1,0,,,,,,,,
,,,,,DE,0,0,0,0,1,0,117.54,,,,,,,
,,,,,EL,0,0,0,0,0,0,0.00,,,,,,,
,,,,,HU,0,0,0,0,0,0,0.00,,,,,,,
,,,,,IE,0,0,0,0,0,0,0.00,,,,,,,
,,,,,IT,0,0,0,0,3,0,422.26,,,,,,,
,,,,,LV,0,0,0,0,0,0,0.00,,,,,,,
,,,,,LT,0,0,0,0,0,0,0.00,,,,,,,
,,,,,LU,0,0,0,0,0,0,0.00,,,,,,,
,,,,,MT,0,0,0,0,0,0,0.00,,,,,,,
,,,,,NL,0,0,0,0,0,0,0.00,,,,,,,
,,,,,PL,0,0,0,0,0,0,0.00,,,,,,,
,,,,,PT,0,0,0,0,0,0,0.00,,,,,,,
,,,,,RO,0,0,0,0,0,0,0.00,,,,,,,
,,,,,SK,0,0,0,0,0,0,0.00,,,,,,,
,,,,,SI,0,0,0,0,0,0,0.00,,,,,,,
,,,,,ES,0,0,0,0,0,0,0.00,,,,,,,
,,,,,SE,0,0,0,0,0,0,0.00,,,,,,,
All,WhatsApp Channels,2026-01-01/2026-06-30,STATEMENT_CATEGORY_NOT_SPECIFIED_ORDER,,AT,0,0,0,0,0,0,0.00,,,,,,,
,,,,,BE,0,0,0,0,0,0,0.00,,,,,,,
,,,,,BG,0,0,0,0,0,0,0.00,,,,,,,
,,,,,HR,0,0,0,0,0,0,0.00,,,,,,,
,,,,,CY,0,0,0,0,0,0,0.00,,,,,,,
,,,,,CZ,0,0,0,0,0,0,0.00,,,,,,,
,,,,,DK,0,0,0,0,0,0,0.00,,,,,,,
,,,,,EE,0,0,0,0,0,0,0.00,,,,,,,
,,,,,FI,0,0,0,0,0,0,0.00,,,,,,,
,,,,,FR,0,0,0,0,0,0,0.00,,,,,,,
,,,,,DE,1,1,0,0.38,0,0,0.00,,,,,,,
,,,,,EL,0,0,0,0,0,0,0.00,,,,,,,
,,,,,HU,0,0,0,0,0,0,0.00,,,,,,,
,,,,,IE,0,0,0,0,0,0,0.00,,,,,,,
,,,,,IT,0,0,0,0,0,0,0.00,,,,,,,
,,,,,LV,0,0,0,0,0,0,0.00,,,,,,,
,,,,,LT,0,0,0,0,0,0,0.00,,,,,,,
,,,,,LU,0,0,0,0,0,0,0.00,,,,,,,
,,,,,MT,0,0,0,0,0,0,0.00,,,,,,,
,,,,,NL,0,0,0,0,0,0,0.00,,,,,,,
,,,,,PL,0,0,0,0,0,0,0.00,,,,,,,
,,,,,PT,0,0,0,0,0,0,0.00,,,,,,,
,,,,,RO,0,0,0,0,0,0,0.00,,,,,,,
,,,,,SK,0,0,0,0,0,0,0.00,,,,,,,
,,,,,SI,0,0,0,0,0,0,0.00,,,,,,,
,,,,,ES,0,0,0,0,0,0,0.00,,,,,,,
,,,,,SE,0,0,0,0,0,0,0.00,,,,,,,